comparison_id,architecture,family,seed,eval_split,train_epsilon,rob_lam,robust_config_id,eval_epsilon,subset,score,rho_pessimistic_standard,rho_pessimistic_robust,delta_rho_pessimistic,inverse_alignment_gain_pessimistic,rho_optimistic_standard,rho_optimistic_robust,delta_rho_optimistic,inverse_alignment_gain_optimistic
/home/user/thesis/UncertaintyAndRobustnessInBNNs/runs/mlp512x1/bbb/seed0_eps0p08_lam0p25.json,mlp512x1,bbb,0,val,0.08,0.25,robust_eps0p08_lam0p25,0.01,all,expected_entropy,-0.7035007042993536,-0.3401971933847318,0.3633035109146218,-0.3633035109146218,-0.3394791575920026,-0.25460936819400193,0.08486978939800066,-0.08486978939800066
/home/user/thesis/UncertaintyAndRobustnessInBNNs/runs/mlp512x1/bbb/seed0_eps0p08_lam0p25.json,mlp512x1,bbb,0,val,0.08,0.25,robust_eps0p08_lam0p25,0.01,clean_correct,expected_entropy,-0.6565983854615804,-0.23690664541215647,0.419691740049424,-0.419691740049424,,,,
/home/user/thesis/UncertaintyAndRobustnessInBNNs/runs/mlp512x1/bbb/seed0_eps0p08_lam0p25.json,mlp512x1,bbb,0,val,0.08,0.25,robust_eps0p08_lam0p25,0.01,all,mutual_information,-0.7001642777462396,-0.3573470518989827,0.3428172258472569,-0.3428172258472569,-0.3394791575920026,-0.26168185064383537,0.07779730694816722,-0.07779730694816722
/home/user/thesis/UncertaintyAndRobustnessInBNNs/runs/mlp512x1/bbb/seed0_eps0p08_lam0p25.json,mlp512x1,bbb,0,val,0.08,0.25,robust_eps0p08_lam0p25,0.01,clean_correct,mutual_information,-0.6526717886147404,-0.24743582965269678,0.4052359589620436,-0.4052359589620436,,,,
/home/user/thesis/UncertaintyAndRobustnessInBNNs/runs/mlp512x1/bbb/seed0_eps0p08_lam0p25.json,mlp512x1,bbb,0,val,0.08,0.25,robust_eps0p08_lam0p25,0.01,all,one_minus_confidence,-0.7062252851997675,-0.3531436640429381,0.35308162115682934,-0.35308162115682934,-0.33959332580023843,-0.2669711106164332,0.07262221518380524,-0.07262221518380524
/home/user/thesis/UncertaintyAndRobustnessInBNNs/runs/mlp512x1/bbb/seed0_eps0p08_lam0p25.json,mlp512x1,bbb,0,val,0.08,0.25,robust_eps0p08_lam0p25,0.01,clean_correct,one_minus_confidence,-0.6597762074187715,-0.24234079236944003,0.41743541504933146,-0.41743541504933146,,,,
/home/user/thesis/UncertaintyAndRobustnessInBNNs/runs/mlp512x1/bbb/seed0_eps0p08_lam0p25.json,mlp512x1,bbb,0,val,0.08,0.25,robust_eps0p08_lam0p25,0.01,all,predictive_entropy,-0.7030760681925936,-0.3401971933847318,0.3628788748078618,-0.3628788748078618,-0.3394791575920026,-0.25460936819400193,0.08486978939800066,-0.08486978939800066
/home/user/thesis/UncertaintyAndRobustnessInBNNs/runs/mlp512x1/bbb/seed0_eps0p08_lam0p25.json,mlp512x1,bbb,0,val,0.08,0.25,robust_eps0p08_lam0p25,0.01,clean_correct,predictive_entropy,-0.6560986367719827,-0.23690664541215647,0.4191919913598262,-0.4191919913598262,,,,
/home/user/thesis/UncertaintyAndRobustnessInBNNs/runs/mlp512x1/bbb/seed0_eps0p08_lam0p25.json,mlp512x1,bbb,0,val,0.08,0.25,robust_eps0p08_lam0p25,0.05,all,expected_entropy,,-0.3832834299609366,,,-0.8430085757660263,-0.34139236540736795,0.5016162103586583,-0.5016162103586583
/home/user/thesis/UncertaintyAndRobustnessInBNNs/runs/mlp512x1/bbb/seed0_eps0p08_lam0p25.json,mlp512x1,bbb,0,val,0.08,0.25,robust_eps0p08_lam0p25,0.05,clean_correct,expected_entropy,,-0.2978102572702736,,,-0.8259188134619738,-0.23690664541215647,0.5890121680498174,-0.5890121680498174
/home/user/thesis/UncertaintyAndRobustnessInBNNs/runs/mlp512x1/bbb/seed0_eps0p08_lam0p25.json,mlp512x1,bbb,0,val,0.08,0.25,robust_eps0p08_lam0p25,0.05,all,mutual_information,,-0.4196366117897505,,,-0.8116576141651305,-0.35889966619748936,0.45275794796764113,-0.45275794796764113
/home/user/thesis/UncertaintyAndRobustnessInBNNs/runs/mlp512x1/bbb/seed0_eps0p08_lam0p25.json,mlp512x1,bbb,0,val,0.08,0.25,robust_eps0p08_lam0p25,0.05,clean_correct,mutual_information,,-0.3343854333532767,,,-0.7908300481686676,-0.24743582965269678,0.5433942185159708,-0.5433942185159708
/home/user/thesis/UncertaintyAndRobustnessInBNNs/runs/mlp512x1/bbb/seed0_eps0p08_lam0p25.json,mlp512x1,bbb,0,val,0.08,0.25,robust_eps0p08_lam0p25,0.05,all,one_minus_confidence,,-0.39554713719052637,,,-0.8415578061687153,-0.35424650161756094,0.4873113045511544,-0.4873113045511544
/home/user/thesis/UncertaintyAndRobustnessInBNNs/runs/mlp512x1/bbb/seed0_eps0p08_lam0p25.json,mlp512x1,bbb,0,val,0.08,0.25,robust_eps0p08_lam0p25,0.05,clean_correct,one_minus_confidence,,-0.30464140673244927,,,-0.8242736041258083,-0.24234079236944003,0.5819328117563682,-0.5819328117563682
/home/user/thesis/UncertaintyAndRobustnessInBNNs/runs/mlp512x1/bbb/seed0_eps0p08_lam0p25.json,mlp512x1,bbb,0,val,0.08,0.25,robust_eps0p08_lam0p25,0.05,all,predictive_entropy,,-0.3832834299609366,,,-0.8414675146735092,-0.34139236540736795,0.5000751492661413,-0.5000751492661413
/home/user/thesis/UncertaintyAndRobustnessInBNNs/runs/mlp512x1/bbb/seed0_eps0p08_lam0p25.json,mlp512x1,bbb,0,val,0.08,0.25,robust_eps0p08_lam0p25,0.05,clean_correct,predictive_entropy,,-0.2978102572702736,,,-0.8241779754939339,-0.23690664541215647,0.5872713300817775,-0.5872713300817775
/home/user/thesis/UncertaintyAndRobustnessInBNNs/runs/mlp512x1/bbb/seed0_eps0p08_lam0p25.json,mlp512x1,bbb,0,val,0.08,0.25,robust_eps0p08_lam0p25,0.07,all,expected_entropy,,-0.3990920266819655,,,-0.7906883587249055,-0.3016090478899211,0.4890793108349844,-0.4890793108349844
/home/user/thesis/UncertaintyAndRobustnessInBNNs/runs/mlp512x1/bbb/seed0_eps0p08_lam0p25.json,mlp512x1,bbb,0,val,0.08,0.25,robust_eps0p08_lam0p25,0.07,clean_correct,expected_entropy,,-0.33080463352720013,,,-0.7962863708870431,-0.18704060893013158,0.6092457619569116,-0.6092457619569116
/home/user/thesis/UncertaintyAndRobustnessInBNNs/runs/mlp512x1/bbb/seed0_eps0p08_lam0p25.json,mlp512x1,bbb,0,val,0.08,0.25,robust_eps0p08_lam0p25,0.07,all,mutual_information,,-0.43047644555186276,,,-0.7704376352928144,-0.3462645324964435,0.4241731027963709,-0.4241731027963709
/home/user/thesis/UncertaintyAndRobustnessInBNNs/runs/mlp512x1/bbb/seed0_eps0p08_lam0p25.json,mlp512x1,bbb,0,val,0.08,0.25,robust_eps0p08_lam0p25,0.07,clean_correct,mutual_information,,-0.35885092099126076,,,-0.7749521694184166,-0.23593504196995846,0.5390171274484581,-0.5390171274484581
/home/user/thesis/UncertaintyAndRobustnessInBNNs/runs/mlp512x1/bbb/seed0_eps0p08_lam0p25.json,mlp512x1,bbb,0,val,0.08,0.25,robust_eps0p08_lam0p25,0.07,all,one_minus_confidence,,-0.41104198233685096,,,-0.7852070487280624,-0.3126000091350448,0.47260703959301753,-0.47260703959301753
/home/user/thesis/UncertaintyAndRobustnessInBNNs/runs/mlp512x1/bbb/seed0_eps0p08_lam0p25.json,mlp512x1,bbb,0,val,0.08,0.25,robust_eps0p08_lam0p25,0.07,clean_correct,one_minus_confidence,,-0.33839260553030587,,,-0.7904277616773522,-0.19133093246300614,0.599096829214346,-0.599096829214346
/home/user/thesis/UncertaintyAndRobustnessInBNNs/runs/mlp512x1/bbb/seed0_eps0p08_lam0p25.json,mlp512x1,bbb,0,val,0.08,0.25,robust_eps0p08_lam0p25,0.07,all,predictive_entropy,,-0.3990920266819655,,,-0.7862514024673126,-0.3016090478899211,0.4846423545773915,-0.4846423545773915
/home/user/thesis/UncertaintyAndRobustnessInBNNs/runs/mlp512x1/bbb/seed0_eps0p08_lam0p25.json,mlp512x1,bbb,0,val,0.08,0.25,robust_eps0p08_lam0p25,0.07,clean_correct,predictive_entropy,,-0.33080463352720013,,,-0.7915877669921672,-0.18704060893013158,0.6045471580620356,-0.6045471580620356
/home/user/thesis/UncertaintyAndRobustnessInBNNs/runs/mlp512x1/bbb/seed0_eps0p08_lam0p25.json,mlp512x1,bbb,0,val,0.08,0.25,robust_eps0p08_lam0p25,0.08,all,expected_entropy,,-0.42858602603015633,,,-0.635859298902046,-0.29595389006944356,0.3399054088326024,-0.3399054088326024
/home/user/thesis/UncertaintyAndRobustnessInBNNs/runs/mlp512x1/bbb/seed0_eps0p08_lam0p25.json,mlp512x1,bbb,0,val,0.08,0.25,robust_eps0p08_lam0p25,0.08,clean_correct,expected_entropy,,-0.3811413249189637,,,-0.639486838589109,-0.1840939275485865,0.45539291104052254,-0.45539291104052254
/home/user/thesis/UncertaintyAndRobustnessInBNNs/runs/mlp512x1/bbb/seed0_eps0p08_lam0p25.json,mlp512x1,bbb,0,val,0.08,0.25,robust_eps0p08_lam0p25,0.08,all,mutual_information,,-0.44736228892015073,,,-0.6345130900829167,-0.3411870173726336,0.29332607271028305,-0.29332607271028305
/home/user/thesis/UncertaintyAndRobustnessInBNNs/runs/mlp512x1/bbb/seed0_eps0p08_lam0p25.json,mlp512x1,bbb,0,val,0.08,0.25,robust_eps0p08_lam0p25,0.08,clean_correct,mutual_information,,-0.3911439403350983,,,-0.6382733910775548,-0.23325463905137142,0.4050187520261833,-0.4050187520261833
/home/user/thesis/UncertaintyAndRobustnessInBNNs/runs/mlp512x1/bbb/seed0_eps0p08_lam0p25.json,mlp512x1,bbb,0,val,0.08,0.25,robust_eps0p08_lam0p25,0.08,all,one_minus_confidence,,-0.444401954006718,,,-0.6355601270201708,-0.30673897288898616,0.3288211541311847,-0.3288211541311847
/home/user/thesis/UncertaintyAndRobustnessInBNNs/runs/mlp512x1/bbb/seed0_eps0p08_lam0p25.json,mlp512x1,bbb,0,val,0.08,0.25,robust_eps0p08_lam0p25,0.08,clean_correct,one_minus_confidence,,-0.39421832823811825,,,-0.6391586920644073,-0.18831666032377778,0.45084203174062953,-0.45084203174062953
/home/user/thesis/UncertaintyAndRobustnessInBNNs/runs/mlp512x1/bbb/seed0_eps0p08_lam0p25.json,mlp512x1,bbb,0,val,0.08,0.25,robust_eps0p08_lam0p25,0.08,all,predictive_entropy,,-0.42858602603015633,,,-0.6361798248113624,-0.29595389006944356,0.3402259347419188,-0.3402259347419188
/home/user/thesis/UncertaintyAndRobustnessInBNNs/runs/mlp512x1/bbb/seed0_eps0p08_lam0p25.json,mlp512x1,bbb,0,val,0.08,0.25,robust_eps0p08_lam0p25,0.08,clean_correct,predictive_entropy,,-0.3811413249189637,,,-0.6398437349160367,-0.1840939275485865,0.45574980736745024,-0.45574980736745024
/home/user/thesis/UncertaintyAndRobustnessInBNNs/runs/mlp512x1/bbb/seed0_eps0p08_lam0p25.json,mlp512x1,bbb,0,val,0.08,0.25,robust_eps0p08_lam0p25,0.1,all,expected_entropy,,-0.3549142294437192,,,-0.4892838826871187,-0.36380856205450174,0.12547532063261696,-0.12547532063261696
/home/user/thesis/UncertaintyAndRobustnessInBNNs/runs/mlp512x1/bbb/seed0_eps0p08_lam0p25.json,mlp512x1,bbb,0,val,0.08,0.25,robust_eps0p08_lam0p25,0.1,clean_correct,expected_entropy,,-0.321246500502565,,,-0.49687017610406314,-0.29580958128637597,0.20106059481768718,-0.20106059481768718
/home/user/thesis/UncertaintyAndRobustnessInBNNs/runs/mlp512x1/bbb/seed0_eps0p08_lam0p25.json,mlp512x1,bbb,0,val,0.08,0.25,robust_eps0p08_lam0p25,0.1,all,mutual_information,,-0.36789117659638787,,,-0.5114192515551504,-0.4417577112238948,0.06966154033125566,-0.06966154033125566
/home/user/thesis/UncertaintyAndRobustnessInBNNs/runs/mlp512x1/bbb/seed0_eps0p08_lam0p25.json,mlp512x1,bbb,0,val,0.08,0.25,robust_eps0p08_lam0p25,0.1,clean_correct,mutual_information,,-0.32657466646319266,,,-0.5204136743537406,-0.3762644348904172,0.14414923946332342,-0.14414923946332342
/home/user/thesis/UncertaintyAndRobustnessInBNNs/runs/mlp512x1/bbb/seed0_eps0p08_lam0p25.json,mlp512x1,bbb,0,val,0.08,0.25,robust_eps0p08_lam0p25,0.1,all,one_minus_confidence,,-0.327778936740191,,,-0.492862114511305,-0.3779002560434248,0.1149618584678802,-0.1149618584678802
/home/user/thesis/UncertaintyAndRobustnessInBNNs/runs/mlp512x1/bbb/seed0_eps0p08_lam0p25.json,mlp512x1,bbb,0,val,0.08,0.25,robust_eps0p08_lam0p25,0.1,clean_correct,one_minus_confidence,,-0.28712495342107974,,,-0.5006431324641579,-0.3061024414319857,0.19454069103217225,-0.19454069103217225
/home/user/thesis/UncertaintyAndRobustnessInBNNs/runs/mlp512x1/bbb/seed0_eps0p08_lam0p25.json,mlp512x1,bbb,0,val,0.08,0.25,robust_eps0p08_lam0p25,0.1,all,predictive_entropy,,-0.3549142294437192,,,-0.4892838826871187,-0.36380856205450174,0.12547532063261696,-0.12547532063261696
/home/user/thesis/UncertaintyAndRobustnessInBNNs/runs/mlp512x1/bbb/seed0_eps0p08_lam0p25.json,mlp512x1,bbb,0,val,0.08,0.25,robust_eps0p08_lam0p25,0.1,clean_correct,predictive_entropy,,-0.321246500502565,,,-0.49687017610406314,-0.29580958128637597,0.20106059481768718,-0.20106059481768718
/home/user/thesis/UncertaintyAndRobustnessInBNNs/runs/mlp512x1/bbb/seed1_eps0p08_lam0p25.json,mlp512x1,bbb,1,val,0.08,0.25,robust_eps0p08_lam0p25,0.01,all,expected_entropy,-0.7490293922310147,-0.2051019910451682,0.5439274011858465,-0.5439274011858465,-0.5401152993527516,-0.2051019910451682,0.33501330830758336,-0.33501330830758336
/home/user/thesis/UncertaintyAndRobustnessInBNNs/runs/mlp512x1/bbb/seed1_eps0p08_lam0p25.json,mlp512x1,bbb,1,val,0.08,0.25,robust_eps0p08_lam0p25,0.01,clean_correct,expected_entropy,-0.7306577702232334,,,,-0.4977864431182063,,,
/home/user/thesis/UncertaintyAndRobustnessInBNNs/runs/mlp512x1/bbb/seed1_eps0p08_lam0p25.json,mlp512x1,bbb,1,val,0.08,0.25,robust_eps0p08_lam0p25,0.01,all,mutual_information,-0.7529116307395008,-0.21924695594483504,0.5336646747946658,-0.5336646747946658,-0.5390941265794361,-0.21924695594483504,0.3198471706346011,-0.3198471706346011
/home/user/thesis/UncertaintyAndRobustnessInBNNs/runs/mlp512x1/bbb/seed1_eps0p08_lam0p25.json,mlp512x1,bbb,1,val,0.08,0.25,robust_eps0p08_lam0p25,0.01,clean_correct,mutual_information,-0.7348614826732772,,,,-0.4966206669048147,,,
/home/user/thesis/UncertaintyAndRobustnessInBNNs/runs/mlp512x1/bbb/seed1_eps0p08_lam0p25.json,mlp512x1,bbb,1,val,0.08,0.25,robust_eps0p08_lam0p25,0.01,all,one_minus_confidence,-0.7546548955487096,-0.21009992040167413,0.5445549751470354,-0.5445549751470354,-0.5405021231850654,-0.21009992040167413,0.3304022027833913,-0.3304022027833913
/home/user/thesis/UncertaintyAndRobustnessInBNNs/runs/mlp512x1/bbb/seed1_eps0p08_lam0p25.json,mlp512x1,bbb,1,val,0.08,0.25,robust_eps0p08_lam0p25,0.01,clean_correct,one_minus_confidence,-0.7367028642343012,,,,-0.49810994568663275,,,
/home/user/thesis/UncertaintyAndRobustnessInBNNs/runs/mlp512x1/bbb/seed1_eps0p08_lam0p25.json,mlp512x1,bbb,1,val,0.08,0.25,robust_eps0p08_lam0p25,0.01,all,predictive_entropy,-0.7483014725106736,-0.2051019910451682,0.5431994814655053,-0.5431994814655053,-0.5401152993527516,-0.2051019910451682,0.33501330830758336,-0.33501330830758336
/home/user/thesis/UncertaintyAndRobustnessInBNNs/runs/mlp512x1/bbb/seed1_eps0p08_lam0p25.json,mlp512x1,bbb,1,val,0.08,0.25,robust_eps0p08_lam0p25,0.01,clean_correct,predictive_entropy,-0.7298695741388502,,,,-0.4977864431182063,,,
/home/user/thesis/UncertaintyAndRobustnessInBNNs/runs/mlp512x1/bbb/seed1_eps0p08_lam0p25.json,mlp512x1,bbb,1,val,0.08,0.25,robust_eps0p08_lam0p25,0.05,all,expected_entropy,,-0.37458206707406094,,,-0.8849840704309466,-0.2051019910451682,0.6798820793857784,-0.6798820793857784
/home/user/thesis/UncertaintyAndRobustnessInBNNs/runs/mlp512x1/bbb/seed1_eps0p08_lam0p25.json,mlp512x1,bbb,1,val,0.08,0.25,robust_eps0p08_lam0p25,0.05,clean_correct,expected_entropy,,-0.32648028834000836,,,-0.882477949744198,,,
/home/user/thesis/UncertaintyAndRobustnessInBNNs/runs/mlp512x1/bbb/seed1_eps0p08_lam0p25.json,mlp512x1,bbb,1,val,0.08,0.25,robust_eps0p08_lam0p25,0.05,all,mutual_information,,-0.38823342041731657,,,-0.8655797165323346,-0.21924695594483504,0.6463327605874996,-0.6463327605874996
/home/user/thesis/UncertaintyAndRobustnessInBNNs/runs/mlp512x1/bbb/seed1_eps0p08_lam0p25.json,mlp512x1,bbb,1,val,0.08,0.25,robust_eps0p08_lam0p25,0.05,clean_correct,mutual_information,,-0.3319130031222114,,,-0.8622496712811203,,,
/home/user/thesis/UncertaintyAndRobustnessInBNNs/runs/mlp512x1/bbb/seed1_eps0p08_lam0p25.json,mlp512x1,bbb,1,val,0.08,0.25,robust_eps0p08_lam0p25,0.05,all,one_minus_confidence,,-0.37917453573392,,,-0.8814158985090575,-0.21009992040167413,0.6713159781073834,-0.6713159781073834
/home/user/thesis/UncertaintyAndRobustnessInBNNs/runs/mlp512x1/bbb/seed1_eps0p08_lam0p25.json,mlp512x1,bbb,1,val,0.08,0.25,robust_eps0p08_lam0p25,0.05,clean_correct,one_minus_confidence,,-0.32913550272472886,,,-0.878793007475987,,,
/home/user/thesis/UncertaintyAndRobustnessInBNNs/runs/mlp512x1/bbb/seed1_eps0p08_lam0p25.json,mlp512x1,bbb,1,val,0.08,0.25,robust_eps0p08_lam0p25,0.05,all,predictive_entropy,,-0.37458206707406094,,,-0.8793568078003491,-0.2051019910451682,0.6742548167551808,-0.6742548167551808
/home/user/thesis/UncertaintyAndRobustnessInBNNs/runs/mlp512x1/bbb/seed1_eps0p08_lam0p25.json,mlp512x1,bbb,1,val,0.08,0.25,robust_eps0p08_lam0p25,0.05,clean_correct,predictive_entropy,,-0.32648028834000836,,,-0.8766616762929822,,,
/home/user/thesis/UncertaintyAndRobustnessInBNNs/runs/mlp512x1/bbb/seed1_eps0p08_lam0p25.json,mlp512x1,bbb,1,val,0.08,0.25,robust_eps0p08_lam0p25,0.07,all,expected_entropy,,-0.472373219944442,,,-0.7257855022057035,-0.3619493101474948,0.36383619205820866,-0.36383619205820866
/home/user/thesis/UncertaintyAndRobustnessInBNNs/runs/mlp512x1/bbb/seed1_eps0p08_lam0p25.json,mlp512x1,bbb,1,val,0.08,0.25,robust_eps0p08_lam0p25,0.07,clean_correct,expected_entropy,,-0.43614559412169934,,,-0.7267315262863395,-0.3070777355464263,0.4196537907399132,-0.4196537907399132
/home/user/thesis/UncertaintyAndRobustnessInBNNs/runs/mlp512x1/bbb/seed1_eps0p08_lam0p25.json,mlp512x1,bbb,1,val,0.08,0.25,robust_eps0p08_lam0p25,0.07,all,mutual_information,,-0.5139965520251858,,,-0.7085581644529788,-0.38003293614517747,0.32852522830780134,-0.32852522830780134
/home/user/thesis/UncertaintyAndRobustnessInBNNs/runs/mlp512x1/bbb/seed1_eps0p08_lam0p25.json,mlp512x1,bbb,1,val,0.08,0.25,robust_eps0p08_lam0p25,0.07,clean_correct,mutual_information,,-0.4777111473869888,,,-0.7087729517463423,-0.31897796792648997,0.3897949838198523,-0.3897949838198523
/home/user/thesis/UncertaintyAndRobustnessInBNNs/runs/mlp512x1/bbb/seed1_eps0p08_lam0p25.json,mlp512x1,bbb,1,val,0.08,0.25,robust_eps0p08_lam0p25,0.07,all,one_minus_confidence,,-0.46178998546403066,,,-0.7195942621213929,-0.3662327377006324,0.35336152442076046,-0.35336152442076046
/home/user/thesis/UncertaintyAndRobustnessInBNNs/runs/mlp512x1/bbb/seed1_eps0p08_lam0p25.json,mlp512x1,bbb,1,val,0.08,0.25,robust_eps0p08_lam0p25,0.07,clean_correct,one_minus_confidence,,-0.4214439581242873,,,-0.7203179314200944,-0.3091959528827622,0.4111219785373322,-0.4111219785373322
/home/user/thesis/UncertaintyAndRobustnessInBNNs/runs/mlp512x1/bbb/seed1_eps0p08_lam0p25.json,mlp512x1,bbb,1,val,0.08,0.25,robust_eps0p08_lam0p25,0.07,all,predictive_entropy,,-0.472373219944442,,,-0.720863405704925,-0.3619493101474948,0.3589140955574302,-0.3589140955574302
/home/user/thesis/UncertaintyAndRobustnessInBNNs/runs/mlp512x1/bbb/seed1_eps0p08_lam0p25.json,mlp512x1,bbb,1,val,0.08,0.25,robust_eps0p08_lam0p25,0.07,clean_correct,predictive_entropy,,-0.43614559412169934,,,-0.7216511400677879,-0.3070777355464263,0.41457340452136154,-0.41457340452136154
/home/user/thesis/UncertaintyAndRobustnessInBNNs/runs/mlp512x1/bbb/seed1_eps0p08_lam0p25.json,mlp512x1,bbb,1,val,0.08,0.25,robust_eps0p08_lam0p25,0.08,all,expected_entropy,,-0.47618028734308515,,,-0.682305699649913,-0.3003098930858453,0.3819958065640676,-0.3819958065640676
/home/user/thesis/UncertaintyAndRobustnessInBNNs/runs/mlp512x1/bbb/seed1_eps0p08_lam0p25.json,mlp512x1,bbb,1,val,0.08,0.25,robust_eps0p08_lam0p25,0.08,clean_correct,expected_entropy,,-0.44233788173573185,,,-0.686497375264354,-0.22599204267638195,0.460505332587972,-0.460505332587972
/home/user/thesis/UncertaintyAndRobustnessInBNNs/runs/mlp512x1/bbb/seed1_eps0p08_lam0p25.json,mlp512x1,bbb,1,val,0.08,0.25,robust_eps0p08_lam0p25,0.08,all,mutual_information,,-0.4386871801165457,,,-0.6574006474153369,-0.3403058267073662,0.3170948207079707,-0.3170948207079707
/home/user/thesis/UncertaintyAndRobustnessInBNNs/runs/mlp512x1/bbb/seed1_eps0p08_lam0p25.json,mlp512x1,bbb,1,val,0.08,0.25,robust_eps0p08_lam0p25,0.08,clean_correct,mutual_information,,-0.3896157629798555,,,-0.6607275348297103,-0.26720502039892857,0.3935225144307817,-0.3935225144307817
/home/user/thesis/UncertaintyAndRobustnessInBNNs/runs/mlp512x1/bbb/seed1_eps0p08_lam0p25.json,mlp512x1,bbb,1,val,0.08,0.25,robust_eps0p08_lam0p25,0.08,all,one_minus_confidence,,-0.45476380019472024,,,-0.6812351574402183,-0.28178153206498774,0.3994536253752306,-0.3994536253752306
/home/user/thesis/UncertaintyAndRobustnessInBNNs/runs/mlp512x1/bbb/seed1_eps0p08_lam0p25.json,mlp512x1,bbb,1,val,0.08,0.25,robust_eps0p08_lam0p25,0.08,clean_correct,one_minus_confidence,,-0.41678188953814377,,,-0.6853820839190293,-0.19774716009560406,0.48763492382342527,-0.48763492382342527
/home/user/thesis/UncertaintyAndRobustnessInBNNs/runs/mlp512x1/bbb/seed1_eps0p08_lam0p25.json,mlp512x1,bbb,1,val,0.08,0.25,robust_eps0p08_lam0p25,0.08,all,predictive_entropy,,-0.47618028734308515,,,-0.6816433312394189,-0.3003098930858453,0.38133343815357357,-0.38133343815357357
/home/user/thesis/UncertaintyAndRobustnessInBNNs/runs/mlp512x1/bbb/seed1_eps0p08_lam0p25.json,mlp512x1,bbb,1,val,0.08,0.25,robust_eps0p08_lam0p25,0.08,clean_correct,predictive_entropy,,-0.44233788173573185,,,-0.6857990056048784,-0.22599204267638195,0.45980696292849643,-0.45980696292849643
/home/user/thesis/UncertaintyAndRobustnessInBNNs/runs/mlp512x1/bbb/seed1_eps0p08_lam0p25.json,mlp512x1,bbb,1,val,0.08,0.25,robust_eps0p08_lam0p25,0.1,all,expected_entropy,,-0.40692689048455377,,,-0.43988008715093807,-0.4102617273007837,0.029618359850154374,-0.029618359850154374
/home/user/thesis/UncertaintyAndRobustnessInBNNs/runs/mlp512x1/bbb/seed1_eps0p08_lam0p25.json,mlp512x1,bbb,1,val,0.08,0.25,robust_eps0p08_lam0p25,0.1,clean_correct,expected_entropy,,-0.37788659212541936,,,-0.44329216284319045,-0.3669934565143527,0.07629870632883773,-0.07629870632883773
/home/user/thesis/UncertaintyAndRobustnessInBNNs/runs/mlp512x1/bbb/seed1_eps0p08_lam0p25.json,mlp512x1,bbb,1,val,0.08,0.25,robust_eps0p08_lam0p25,0.1,all,mutual_information,,-0.39883202235817605,,,-0.41507942330460906,-0.41455732594575206,0.0005220973588569988,-0.0005220973588569988
/home/user/thesis/UncertaintyAndRobustnessInBNNs/runs/mlp512x1/bbb/seed1_eps0p08_lam0p25.json,mlp512x1,bbb,1,val,0.08,0.25,robust_eps0p08_lam0p25,0.1,clean_correct,mutual_information,,-0.36735612014754887,,,-0.41772174724535255,-0.3630941510388877,0.054627596206464846,-0.054627596206464846
/home/user/thesis/UncertaintyAndRobustnessInBNNs/runs/mlp512x1/bbb/seed1_eps0p08_lam0p25.json,mlp512x1,bbb,1,val,0.08,0.25,robust_eps0p08_lam0p25,0.1,all,one_minus_confidence,,-0.38048302015219193,,,-0.4394507395882584,-0.3956962703125614,0.04375446927569704,-0.04375446927569704
/home/user/thesis/UncertaintyAndRobustnessInBNNs/runs/mlp512x1/bbb/seed1_eps0p08_lam0p25.json,mlp512x1,bbb,1,val,0.08,0.25,robust_eps0p08_lam0p25,0.1,clean_correct,one_minus_confidence,,-0.3481361853899793,,,-0.44285087227179826,-0.3477642771991397,0.09508659507265854,-0.09508659507265854
/home/user/thesis/UncertaintyAndRobustnessInBNNs/runs/mlp512x1/bbb/seed1_eps0p08_lam0p25.json,mlp512x1,bbb,1,val,0.08,0.25,robust_eps0p08_lam0p25,0.1,all,predictive_entropy,,-0.40692689048455377,,,-0.43508325093374683,-0.4102617273007837,0.02482152363296314,-0.02482152363296314
/home/user/thesis/UncertaintyAndRobustnessInBNNs/runs/mlp512x1/bbb/seed1_eps0p08_lam0p25.json,mlp512x1,bbb,1,val,0.08,0.25,robust_eps0p08_lam0p25,0.1,clean_correct,predictive_entropy,,-0.37788659212541936,,,-0.4383499816772218,-0.3669934565143527,0.07135652516286906,-0.07135652516286906
/home/user/thesis/UncertaintyAndRobustnessInBNNs/runs/mlp512x1/bbb/seed2_eps0p08_lam0p25.json,mlp512x1,bbb,2,val,0.08,0.25,robust_eps0p08_lam0p25,0.01,all,expected_entropy,-0.7339467527495255,-0.2828992979933355,0.45104745475618996,-0.45104745475618996,-0.465649801158658,-0.2828992979933355,0.1827505031653225,-0.1827505031653225
/home/user/thesis/UncertaintyAndRobustnessInBNNs/runs/mlp512x1/bbb/seed2_eps0p08_lam0p25.json,mlp512x1,bbb,2,val,0.08,0.25,robust_eps0p08_lam0p25,0.01,clean_correct,expected_entropy,-0.6920916244180199,,,,-0.33889555234217494,,,
/home/user/thesis/UncertaintyAndRobustnessInBNNs/runs/mlp512x1/bbb/seed2_eps0p08_lam0p25.json,mlp512x1,bbb,2,val,0.08,0.25,robust_eps0p08_lam0p25,0.01,all,mutual_information,-0.7129643930891428,-0.28997178044316885,0.422992612645974,-0.422992612645974,-0.45605508802649797,-0.28997178044316885,0.16608330758332912,-0.16608330758332912
/home/user/thesis/UncertaintyAndRobustnessInBNNs/runs/mlp512x1/bbb/seed2_eps0p08_lam0p25.json,mlp512x1,bbb,2,val,0.08,0.25,robust_eps0p08_lam0p25,0.01,clean_correct,mutual_information,-0.6672476877511182,,,,-0.3241609631099065,,,
/home/user/thesis/UncertaintyAndRobustnessInBNNs/runs/mlp512x1/bbb/seed2_eps0p08_lam0p25.json,mlp512x1,bbb,2,val,0.08,0.25,robust_eps0p08_lam0p25,0.01,all,one_minus_confidence,-0.7338128237342894,-0.29099783713751354,0.4428149865967758,-0.4428149865967758,-0.46568334498464853,-0.29099783713751354,0.174685507847135,-0.174685507847135
/home/user/thesis/UncertaintyAndRobustnessInBNNs/runs/mlp512x1/bbb/seed2_eps0p08_lam0p25.json,mlp512x1,bbb,2,val,0.08,0.25,robust_eps0p08_lam0p25,0.01,clean_correct,one_minus_confidence,-0.6919267976677618,,,,-0.33892314707825355,,,
/home/user/thesis/UncertaintyAndRobustnessInBNNs/runs/mlp512x1/bbb/seed2_eps0p08_lam0p25.json,mlp512x1,bbb,2,val,0.08,0.25,robust_eps0p08_lam0p25,0.01,all,predictive_entropy,-0.7361881917636911,-0.2828992979933355,0.4532888937703556,-0.4532888937703556,-0.465649801158658,-0.2828992979933355,0.1827505031653225,-0.1827505031653225
/home/user/thesis/UncertaintyAndRobustnessInBNNs/runs/mlp512x1/bbb/seed2_eps0p08_lam0p25.json,mlp512x1,bbb,2,val,0.08,0.25,robust_eps0p08_lam0p25,0.01,clean_correct,predictive_entropy,-0.6947455761094395,,,,-0.33889555234217494,,,
/home/user/thesis/UncertaintyAndRobustnessInBNNs/runs/mlp512x1/bbb/seed2_eps0p08_lam0p25.json,mlp512x1,bbb,2,val,0.08,0.25,robust_eps0p08_lam0p25,0.05,all,expected_entropy,,-0.370213026918556,,,-0.8496101141071065,-0.3583970432365899,0.49121307087051663,-0.49121307087051663
/home/user/thesis/UncertaintyAndRobustnessInBNNs/runs/mlp512x1/bbb/seed2_eps0p08_lam0p25.json,mlp512x1,bbb,2,val,0.08,0.25,robust_eps0p08_lam0p25,0.05,clean_correct,expected_entropy,,-0.2498610131514463,,,-0.8333807378306203,-0.22637746117161622,0.6070032766590041,-0.6070032766590041
/home/user/thesis/UncertaintyAndRobustnessInBNNs/runs/mlp512x1/bbb/seed2_eps0p08_lam0p25.json,mlp512x1,bbb,2,val,0.08,0.25,robust_eps0p08_lam0p25,0.05,all,mutual_information,,-0.404509022795213,,,-0.8009879936865931,-0.36994694795026906,0.43104104573632407,-0.43104104573632407
/home/user/thesis/UncertaintyAndRobustnessInBNNs/runs/mlp512x1/bbb/seed2_eps0p08_lam0p25.json,mlp512x1,bbb,2,val,0.08,0.25,robust_eps0p08_lam0p25,0.05,clean_correct,mutual_information,,-0.2943782827468106,,,-0.7790369155660778,-0.23690664541215647,0.5421302701539213,-0.5421302701539213
/home/user/thesis/UncertaintyAndRobustnessInBNNs/runs/mlp512x1/bbb/seed2_eps0p08_lam0p25.json,mlp512x1,bbb,2,val,0.08,0.25,robust_eps0p08_lam0p25,0.05,all,one_minus_confidence,,-0.38081109029818017,,,-0.8403220893162837,-0.36865685124741626,0.47166523806886745,-0.47166523806886745
/home/user/thesis/UncertaintyAndRobustnessInBNNs/runs/mlp512x1/bbb/seed2_eps0p08_lam0p25.json,mlp512x1,bbb,2,val,0.08,0.25,robust_eps0p08_lam0p25,0.05,clean_correct,one_minus_confidence,,-0.2579918721408254,,,-0.8228944821867179,-0.23374412951232448,0.5891503526743934,-0.5891503526743934
/home/user/thesis/UncertaintyAndRobustnessInBNNs/runs/mlp512x1/bbb/seed2_eps0p08_lam0p25.json,mlp512x1,bbb,2,val,0.08,0.25,robust_eps0p08_lam0p25,0.05,all,predictive_entropy,,-0.370213026918556,,,-0.8433938073338197,-0.3583970432365899,0.48499676409722986,-0.48499676409722986
/home/user/thesis/UncertaintyAndRobustnessInBNNs/runs/mlp512x1/bbb/seed2_eps0p08_lam0p25.json,mlp512x1,bbb,2,val,0.08,0.25,robust_eps0p08_lam0p25,0.05,clean_correct,predictive_entropy,,-0.2498610131514463,,,-0.8263633673880516,-0.22637746117161622,0.5999859062164354,-0.5999859062164354
/home/user/thesis/UncertaintyAndRobustnessInBNNs/runs/mlp512x1/bbb/seed2_eps0p08_lam0p25.json,mlp512x1,bbb,2,val,0.08,0.25,robust_eps0p08_lam0p25,0.07,all,expected_entropy,,-0.39911953828530045,,,-0.6390296876535997,-0.3679674557599654,0.27106223189363426,-0.27106223189363426
/home/user/thesis/UncertaintyAndRobustnessInBNNs/runs/mlp512x1/bbb/seed2_eps0p08_lam0p25.json,mlp512x1,bbb,2,val,0.08,0.25,robust_eps0p08_lam0p25,0.07,clean_correct,expected_entropy,,-0.3084380971960171,,,-0.6351194191663323,-0.24672599416585725,0.388393425000475,-0.388393425000475
/home/user/thesis/UncertaintyAndRobustnessInBNNs/runs/mlp512x1/bbb/seed2_eps0p08_lam0p25.json,mlp512x1,bbb,2,val,0.08,0.25,robust_eps0p08_lam0p25,0.07,all,mutual_information,,-0.3095397098131187,,,-0.5749702035693602,-0.40308002296701895,0.1718901806023413,-0.1718901806023413
/home/user/thesis/UncertaintyAndRobustnessInBNNs/runs/mlp512x1/bbb/seed2_eps0p08_lam0p25.json,mlp512x1,bbb,2,val,0.08,0.25,robust_eps0p08_lam0p25,0.07,clean_correct,mutual_information,,-0.1897862594997851,,,-0.5668256660143796,-0.29249727135545717,0.2743283946589224,-0.2743283946589224
/home/user/thesis/UncertaintyAndRobustnessInBNNs/runs/mlp512x1/bbb/seed2_eps0p08_lam0p25.json,mlp512x1,bbb,2,val,0.08,0.25,robust_eps0p08_lam0p25,0.07,all,one_minus_confidence,,-0.4144167124765965,,,-0.626889007808774,-0.3785012353253211,0.2483877724834529,-0.2483877724834529
/home/user/thesis/UncertaintyAndRobustnessInBNNs/runs/mlp512x1/bbb/seed2_eps0p08_lam0p25.json,mlp512x1,bbb,2,val,0.08,0.25,robust_eps0p08_lam0p25,0.07,clean_correct,one_minus_confidence,,-0.32335225183788596,,,-0.6221855241004242,-0.25475483484922157,0.3674306892512026,-0.3674306892512026
/home/user/thesis/UncertaintyAndRobustnessInBNNs/runs/mlp512x1/bbb/seed2_eps0p08_lam0p25.json,mlp512x1,bbb,2,val,0.08,0.25,robust_eps0p08_lam0p25,0.07,all,predictive_entropy,,-0.39911953828530045,,,-0.6303095484588864,-0.3679674557599654,0.262342092698921,-0.262342092698921
/home/user/thesis/UncertaintyAndRobustnessInBNNs/runs/mlp512x1/bbb/seed2_eps0p08_lam0p25.json,mlp512x1,bbb,2,val,0.08,0.25,robust_eps0p08_lam0p25,0.07,clean_correct,predictive_entropy,,-0.3084380971960171,,,-0.6258804105132345,-0.24672599416585725,0.37915441634737723,-0.37915441634737723
/home/user/thesis/UncertaintyAndRobustnessInBNNs/runs/mlp512x1/bbb/seed2_eps0p08_lam0p25.json,mlp512x1,bbb,2,val,0.08,0.25,robust_eps0p08_lam0p25,0.08,all,expected_entropy,,-0.46790821606236754,,,-0.6655389365433312,-0.39978914075298994,0.26574979579034125,-0.26574979579034125
/home/user/thesis/UncertaintyAndRobustnessInBNNs/runs/mlp512x1/bbb/seed2_eps0p08_lam0p25.json,mlp512x1,bbb,2,val,0.08,0.25,robust_eps0p08_lam0p25,0.08,clean_correct,expected_entropy,,-0.4053992551854565,,,-0.6696302207914462,-0.30570065893097764,0.36392956186046854,-0.36392956186046854
/home/user/thesis/UncertaintyAndRobustnessInBNNs/runs/mlp512x1/bbb/seed2_eps0p08_lam0p25.json,mlp512x1,bbb,2,val,0.08,0.25,robust_eps0p08_lam0p25,0.08,all,mutual_information,,-0.3073148602644512,,,-0.6375798251559851,-0.45067758395654206,0.18690224119944304,-0.18690224119944304
/home/user/thesis/UncertaintyAndRobustnessInBNNs/runs/mlp512x1/bbb/seed2_eps0p08_lam0p25.json,mlp512x1,bbb,2,val,0.08,0.25,robust_eps0p08_lam0p25,0.08,clean_correct,mutual_information,,-0.2124808211213301,,,-0.6398704192044234,-0.36627467838581945,0.273595740818604,-0.273595740818604
/home/user/thesis/UncertaintyAndRobustnessInBNNs/runs/mlp512x1/bbb/seed2_eps0p08_lam0p25.json,mlp512x1,bbb,2,val,0.08,0.25,robust_eps0p08_lam0p25,0.08,all,one_minus_confidence,,-0.48575442069608765,,,-0.6614145068595062,-0.41123387755075197,0.25018062930875423,-0.25018062930875423
/home/user/thesis/UncertaintyAndRobustnessInBNNs/runs/mlp512x1/bbb/seed2_eps0p08_lam0p25.json,mlp512x1,bbb,2,val,0.08,0.25,robust_eps0p08_lam0p25,0.08,clean_correct,one_minus_confidence,,-0.42382037932731603,,,-0.6652446935760077,-0.31564862527985926,0.3495960682961484,-0.3495960682961484
/home/user/thesis/UncertaintyAndRobustnessInBNNs/runs/mlp512x1/bbb/seed2_eps0p08_lam0p25.json,mlp512x1,bbb,2,val,0.08,0.25,robust_eps0p08_lam0p25,0.08,all,predictive_entropy,,-0.46790821606236754,,,-0.6655389365433312,-0.39978914075298994,0.26574979579034125,-0.26574979579034125
/home/user/thesis/UncertaintyAndRobustnessInBNNs/runs/mlp512x1/bbb/seed2_eps0p08_lam0p25.json,mlp512x1,bbb,2,val,0.08,0.25,robust_eps0p08_lam0p25,0.08,clean_correct,predictive_entropy,,-0.4053992551854565,,,-0.6696302207914462,-0.30570065893097764,0.36392956186046854,-0.36392956186046854
/home/user/thesis/UncertaintyAndRobustnessInBNNs/runs/mlp512x1/bbb/seed2_eps0p08_lam0p25.json,mlp512x1,bbb,2,val,0.08,0.25,robust_eps0p08_lam0p25,0.1,all,expected_entropy,,-0.35706281575404286,,,-0.3866920099454956,-0.4096205931746691,-0.022928583229173516,0.022928583229173516
/home/user/thesis/UncertaintyAndRobustnessInBNNs/runs/mlp512x1/bbb/seed2_eps0p08_lam0p25.json,mlp512x1,bbb,2,val,0.08,0.25,robust_eps0p08_lam0p25,0.1,clean_correct,expected_entropy,,-0.3089691810794584,,,-0.3929663692460164,-0.33549318483020407,0.05747318441581234,-0.05747318441581234
/home/user/thesis/UncertaintyAndRobustnessInBNNs/runs/mlp512x1/bbb/seed2_eps0p08_lam0p25.json,mlp512x1,bbb,2,val,0.08,0.25,robust_eps0p08_lam0p25,0.1,all,mutual_information,,-0.24698103181003725,,,-0.3813261479673681,-0.28344539715530004,0.09788075081206804,-0.09788075081206804
/home/user/thesis/UncertaintyAndRobustnessInBNNs/runs/mlp512x1/bbb/seed2_eps0p08_lam0p25.json,mlp512x1,bbb,2,val,0.08,0.25,robust_eps0p08_lam0p25,0.1,clean_correct,mutual_information,,-0.18690509520575035,,,-0.387274953759899,-0.17975033672192567,0.20752461703797334,-0.20752461703797334
/home/user/thesis/UncertaintyAndRobustnessInBNNs/runs/mlp512x1/bbb/seed2_eps0p08_lam0p25.json,mlp512x1,bbb,2,val,0.08,0.25,robust_eps0p08_lam0p25,0.1,all,one_minus_confidence,,-0.3656775260709279,,,-0.38660320834463663,-0.4173238985382965,-0.03072069019365986,0.03072069019365986
/home/user/thesis/UncertaintyAndRobustnessInBNNs/runs/mlp512x1/bbb/seed2_eps0p08_lam0p25.json,mlp512x1,bbb,2,val,0.08,0.25,robust_eps0p08_lam0p25,0.1,clean_correct,one_minus_confidence,,-0.3168893696773202,,,-0.39286900584043066,-0.3415950006769292,0.051274005163501446,-0.051274005163501446
/home/user/thesis/UncertaintyAndRobustnessInBNNs/runs/mlp512x1/bbb/seed2_eps0p08_lam0p25.json,mlp512x1,bbb,2,val,0.08,0.25,robust_eps0p08_lam0p25,0.1,all,predictive_entropy,,-0.35706281575404286,,,-0.3866920099454956,-0.4096205931746691,-0.022928583229173516,0.022928583229173516
/home/user/thesis/UncertaintyAndRobustnessInBNNs/runs/mlp512x1/bbb/seed2_eps0p08_lam0p25.json,mlp512x1,bbb,2,val,0.08,0.25,robust_eps0p08_lam0p25,0.1,clean_correct,predictive_entropy,,-0.3089691810794584,,,-0.3929663692460164,-0.33549318483020407,0.05747318441581234,-0.05747318441581234
/home/user/thesis/UncertaintyAndRobustnessInBNNs/runs/mlp512x1/bbb/seed3_eps0p08_lam0p25.json,mlp512x1,bbb,3,val,0.08,0.25,robust_eps0p08_lam0p25,0.01,all,expected_entropy,-0.7532104012495622,-0.24046440329433522,0.5127459979552269,-0.5127459979552269,-0.46064830175997884,-0.24046440329433522,0.22018389846564362,-0.22018389846564362
/home/user/thesis/UncertaintyAndRobustnessInBNNs/runs/mlp512x1/bbb/seed3_eps0p08_lam0p25.json,mlp512x1,bbb,3,val,0.08,0.25,robust_eps0p08_lam0p25,0.01,clean_correct,expected_entropy,-0.7148986886895772,,,,-0.33113296423722444,,,
/home/user/thesis/UncertaintyAndRobustnessInBNNs/runs/mlp512x1/bbb/seed3_eps0p08_lam0p25.json,mlp512x1,bbb,3,val,0.08,0.25,robust_eps0p08_lam0p25,0.01,all,mutual_information,-0.7320958452234643,-0.2970442628930023,0.435051582330462,-0.435051582330462,-0.46044415892737967,-0.2970442628930023,0.16339989603437738,-0.16339989603437738
/home/user/thesis/UncertaintyAndRobustnessInBNNs/runs/mlp512x1/bbb/seed3_eps0p08_lam0p25.json,mlp512x1,bbb,3,val,0.08,0.25,robust_eps0p08_lam0p25,0.01,clean_correct,mutual_information,-0.6898960418861348,,,,-0.33113296423722444,,,
/home/user/thesis/UncertaintyAndRobustnessInBNNs/runs/mlp512x1/bbb/seed3_eps0p08_lam0p25.json,mlp512x1,bbb,3,val,0.08,0.25,robust_eps0p08_lam0p25,0.01,all,one_minus_confidence,-0.7539133244666867,-0.24005492132578848,0.5138584031408981,-0.5138584031408981,-0.46126891275445464,-0.24005492132578848,0.22121399142866616,-0.22121399142866616
/home/user/thesis/UncertaintyAndRobustnessInBNNs/runs/mlp512x1/bbb/seed3_eps0p08_lam0p25.json,mlp512x1,bbb,3,val,0.08,0.25,robust_eps0p08_lam0p25,0.01,clean_correct,one_minus_confidence,-0.7156183115869809,,,,-0.33163735594501914,,,
/home/user/thesis/UncertaintyAndRobustnessInBNNs/runs/mlp512x1/bbb/seed3_eps0p08_lam0p25.json,mlp512x1,bbb,3,val,0.08,0.25,robust_eps0p08_lam0p25,0.01,all,predictive_entropy,-0.7528989771193837,-0.24046440329433522,0.5124345738250484,-0.5124345738250484,-0.46044415892737967,-0.24046440329433522,0.21997975563304445,-0.21997975563304445
/home/user/thesis/UncertaintyAndRobustnessInBNNs/runs/mlp512x1/bbb/seed3_eps0p08_lam0p25.json,mlp512x1,bbb,3,val,0.08,0.25,robust_eps0p08_lam0p25,0.01,clean_correct,predictive_entropy,-0.7145299180877566,,,,-0.33113296423722444,,,
/home/user/thesis/UncertaintyAndRobustnessInBNNs/runs/mlp512x1/bbb/seed3_eps0p08_lam0p25.json,mlp512x1,bbb,3,val,0.08,0.25,robust_eps0p08_lam0p25,0.05,all,expected_entropy,,-0.36900621120268884,,,-0.8575294429646886,-0.33555659847732744,0.5219728444873611,-0.5219728444873611
/home/user/thesis/UncertaintyAndRobustnessInBNNs/runs/mlp512x1/bbb/seed3_eps0p08_lam0p25.json,mlp512x1,bbb,3,val,0.08,0.25,robust_eps0p08_lam0p25,0.05,clean_correct,expected_entropy,,-0.28732449002923527,,,-0.8467732128697277,-0.24743582965269678,0.599337383217031,-0.599337383217031
/home/user/thesis/UncertaintyAndRobustnessInBNNs/runs/mlp512x1/bbb/seed3_eps0p08_lam0p25.json,mlp512x1,bbb,3,val,0.08,0.25,robust_eps0p08_lam0p25,0.05,all,mutual_information,,-0.43945842086783976,,,-0.8076297877552407,-0.3822427339176513,0.42538705383758946,-0.42538705383758946
/home/user/thesis/UncertaintyAndRobustnessInBNNs/runs/mlp512x1/bbb/seed3_eps0p08_lam0p25.json,mlp512x1,bbb,3,val,0.08,0.25,robust_eps0p08_lam0p25,0.05,clean_correct,mutual_information,,-0.3315282577260407,,,-0.7918927946151894,-0.24743582965269678,0.5444569649624926,-0.5444569649624926
/home/user/thesis/UncertaintyAndRobustnessInBNNs/runs/mlp512x1/bbb/seed3_eps0p08_lam0p25.json,mlp512x1,bbb,3,val,0.08,0.25,robust_eps0p08_lam0p25,0.05,all,one_minus_confidence,,-0.37912072441200273,,,-0.851034785800389,-0.3391338825703922,0.5119009032299968,-0.5119009032299968
/home/user/thesis/UncertaintyAndRobustnessInBNNs/runs/mlp512x1/bbb/seed3_eps0p08_lam0p25.json,mlp512x1,bbb,3,val,0.08,0.25,robust_eps0p08_lam0p25,0.05,clean_correct,one_minus_confidence,,-0.30425509705243775,,,-0.8396490690663382,-0.2554655958795309,0.5841834731868073,-0.5841834731868073
/home/user/thesis/UncertaintyAndRobustnessInBNNs/runs/mlp512x1/bbb/seed3_eps0p08_lam0p25.json,mlp512x1,bbb,3,val,0.08,0.25,robust_eps0p08_lam0p25,0.05,all,predictive_entropy,,-0.36900621120268884,,,-0.8515821003379812,-0.33555659847732744,0.5160255018606538,-0.5160255018606538
/home/user/thesis/UncertaintyAndRobustnessInBNNs/runs/mlp512x1/bbb/seed3_eps0p08_lam0p25.json,mlp512x1,bbb,3,val,0.08,0.25,robust_eps0p08_lam0p25,0.05,clean_correct,predictive_entropy,,-0.28732449002923527,,,-0.8402813940105925,-0.24743582965269678,0.5928455643578958,-0.5928455643578958
/home/user/thesis/UncertaintyAndRobustnessInBNNs/runs/mlp512x1/bbb/seed3_eps0p08_lam0p25.json,mlp512x1,bbb,3,val,0.08,0.25,robust_eps0p08_lam0p25,0.07,all,expected_entropy,,-0.45388907839302167,,,-0.7357640775625982,-0.45067758395654206,0.28508649360605615,-0.28508649360605615
/home/user/thesis/UncertaintyAndRobustnessInBNNs/runs/mlp512x1/bbb/seed3_eps0p08_lam0p25.json,mlp512x1,bbb,3,val,0.08,0.25,robust_eps0p08_lam0p25,0.07,clean_correct,expected_entropy,,-0.39804494416658837,,,-0.7369555992605884,-0.3902778412352147,0.3466777580253737,-0.3466777580253737
/home/user/thesis/UncertaintyAndRobustnessInBNNs/runs/mlp512x1/bbb/seed3_eps0p08_lam0p25.json,mlp512x1,bbb,3,val,0.08,0.25,robust_eps0p08_lam0p25,0.07,all,mutual_information,,-0.524773337945856,,,-0.6750189727443879,-0.5104161911954945,0.1646027815488934,-0.1646027815488934
/home/user/thesis/UncertaintyAndRobustnessInBNNs/runs/mlp512x1/bbb/seed3_eps0p08_lam0p25.json,mlp512x1,bbb,3,val,0.08,0.25,robust_eps0p08_lam0p25,0.07,clean_correct,mutual_information,,-0.45183719267809874,,,-0.6721561330371246,-0.4268486978406613,0.2453074351964633,-0.2453074351964633
/home/user/thesis/UncertaintyAndRobustnessInBNNs/runs/mlp512x1/bbb/seed3_eps0p08_lam0p25.json,mlp512x1,bbb,3,val,0.08,0.25,robust_eps0p08_lam0p25,0.07,all,one_minus_confidence,,-0.4663298752643397,,,-0.725460481560089,-0.46301861175864606,0.26244186980144296,-0.26244186980144296
/home/user/thesis/UncertaintyAndRobustnessInBNNs/runs/mlp512x1/bbb/seed3_eps0p08_lam0p25.json,mlp512x1,bbb,3,val,0.08,0.25,robust_eps0p08_lam0p25,0.07,clean_correct,one_minus_confidence,,-0.4151641457454512,,,-0.725948228483148,-0.4084372514594365,0.3175109770237115,-0.3175109770237115
/home/user/thesis/UncertaintyAndRobustnessInBNNs/runs/mlp512x1/bbb/seed3_eps0p08_lam0p25.json,mlp512x1,bbb,3,val,0.08,0.25,robust_eps0p08_lam0p25,0.07,all,predictive_entropy,,-0.45388907839302167,,,-0.731472303852616,-0.45067758395654206,0.2807947198960739,-0.2807947198960739
/home/user/thesis/UncertaintyAndRobustnessInBNNs/runs/mlp512x1/bbb/seed3_eps0p08_lam0p25.json,mlp512x1,bbb,3,val,0.08,0.25,robust_eps0p08_lam0p25,0.07,clean_correct,predictive_entropy,,-0.39804494416658837,,,-0.732406111119662,-0.3902778412352147,0.34212826988444733,-0.34212826988444733
/home/user/thesis/UncertaintyAndRobustnessInBNNs/runs/mlp512x1/bbb/seed3_eps0p08_lam0p25.json,mlp512x1,bbb,3,val,0.08,0.25,robust_eps0p08_lam0p25,0.08,all,expected_entropy,,-0.4665777931631874,,,-0.6656254941633433,-0.42662137232360553,0.23900412183973774,-0.23900412183973774
/home/user/thesis/UncertaintyAndRobustnessInBNNs/runs/mlp512x1/bbb/seed3_eps0p08_lam0p25.json,mlp512x1,bbb,3,val,0.08,0.25,robust_eps0p08_lam0p25,0.08,clean_correct,expected_entropy,,-0.4125942559571805,,,-0.6746926376022226,-0.36031788625593375,0.3143747513462889,-0.3143747513462889
/home/user/thesis/UncertaintyAndRobustnessInBNNs/runs/mlp512x1/bbb/seed3_eps0p08_lam0p25.json,mlp512x1,bbb,3,val,0.08,0.25,robust_eps0p08_lam0p25,0.08,all,mutual_information,,-0.543709080047796,,,-0.6556589827368992,-0.49365163832406755,0.1620073444128316,-0.1620073444128316
/home/user/thesis/UncertaintyAndRobustnessInBNNs/runs/mlp512x1/bbb/seed3_eps0p08_lam0p25.json,mlp512x1,bbb,3,val,0.08,0.25,robust_eps0p08_lam0p25,0.08,clean_correct,mutual_information,,-0.4738524430108308,,,-0.6640645464160589,-0.4074048827552887,0.25665966366077025,-0.25665966366077025
/home/user/thesis/UncertaintyAndRobustnessInBNNs/runs/mlp512x1/bbb/seed3_eps0p08_lam0p25.json,mlp512x1,bbb,3,val,0.08,0.25,robust_eps0p08_lam0p25,0.08,all,one_minus_confidence,,-0.47442665152301094,,,-0.6612225701509327,-0.4381457443297337,0.22307682582119898,-0.22307682582119898
/home/user/thesis/UncertaintyAndRobustnessInBNNs/runs/mlp512x1/bbb/seed3_eps0p08_lam0p25.json,mlp512x1,bbb,3,val,0.08,0.25,robust_eps0p08_lam0p25,0.08,clean_correct,one_minus_confidence,,-0.42359241520129753,,,-0.669977033092858,-0.3768723972239697,0.29310463586888835,-0.29310463586888835
/home/user/thesis/UncertaintyAndRobustnessInBNNs/runs/mlp512x1/bbb/seed3_eps0p08_lam0p25.json,mlp512x1,bbb,3,val,0.08,0.25,robust_eps0p08_lam0p25,0.08,all,predictive_entropy,,-0.4665777931631874,,,-0.6656254941633433,-0.42662137232360553,0.23900412183973774,-0.23900412183973774
/home/user/thesis/UncertaintyAndRobustnessInBNNs/runs/mlp512x1/bbb/seed3_eps0p08_lam0p25.json,mlp512x1,bbb,3,val,0.08,0.25,robust_eps0p08_lam0p25,0.08,clean_correct,predictive_entropy,,-0.4125942559571805,,,-0.6746926376022226,-0.36031788625593375,0.3143747513462889,-0.3143747513462889
/home/user/thesis/UncertaintyAndRobustnessInBNNs/runs/mlp512x1/bbb/seed3_eps0p08_lam0p25.json,mlp512x1,bbb,3,val,0.08,0.25,robust_eps0p08_lam0p25,0.1,all,expected_entropy,,-0.39800595681659756,,,-0.46503737266086054,-0.5396587795661602,-0.07462140690529961,0.07462140690529961
/home/user/thesis/UncertaintyAndRobustnessInBNNs/runs/mlp512x1/bbb/seed3_eps0p08_lam0p25.json,mlp512x1,bbb,3,val,0.08,0.25,robust_eps0p08_lam0p25,0.1,clean_correct,expected_entropy,,-0.35470956961658,,,-0.47355227981151493,-0.49617905610068325,-0.022626776289168316,0.022626776289168316
/home/user/thesis/UncertaintyAndRobustnessInBNNs/runs/mlp512x1/bbb/seed3_eps0p08_lam0p25.json,mlp512x1,bbb,3,val,0.08,0.25,robust_eps0p08_lam0p25,0.1,all,mutual_information,,-0.47047114292481584,,,-0.4392133043370683,-0.6238457919672695,-0.18463248763020124,0.18463248763020124
/home/user/thesis/UncertaintyAndRobustnessInBNNs/runs/mlp512x1/bbb/seed3_eps0p08_lam0p25.json,mlp512x1,bbb,3,val,0.08,0.25,robust_eps0p08_lam0p25,0.1,clean_correct,mutual_information,,-0.4174709454325814,,,-0.4460359708698128,-0.5684998307524807,-0.12246385988266789,0.12246385988266789
/home/user/thesis/UncertaintyAndRobustnessInBNNs/runs/mlp512x1/bbb/seed3_eps0p08_lam0p25.json,mlp512x1,bbb,3,val,0.08,0.25,robust_eps0p08_lam0p25,0.1,all,one_minus_confidence,,-0.35805530745637437,,,-0.4394984101139276,-0.549321692913758,-0.10982328279983039,0.10982328279983039
/home/user/thesis/UncertaintyAndRobustnessInBNNs/runs/mlp512x1/bbb/seed3_eps0p08_lam0p25.json,mlp512x1,bbb,3,val,0.08,0.25,robust_eps0p08_lam0p25,0.1,clean_correct,one_minus_confidence,,-0.31261374678356624,,,-0.4463751613286854,-0.5098486026248595,-0.06347344129617416,0.06347344129617416
/home/user/thesis/UncertaintyAndRobustnessInBNNs/runs/mlp512x1/bbb/seed3_eps0p08_lam0p25.json,mlp512x1,bbb,3,val,0.08,0.25,robust_eps0p08_lam0p25,0.1,all,predictive_entropy,,-0.39800595681659756,,,-0.46503737266086054,-0.5396587795661602,-0.07462140690529961,0.07462140690529961
/home/user/thesis/UncertaintyAndRobustnessInBNNs/runs/mlp512x1/bbb/seed3_eps0p08_lam0p25.json,mlp512x1,bbb,3,val,0.08,0.25,robust_eps0p08_lam0p25,0.1,clean_correct,predictive_entropy,,-0.35470956961658,,,-0.47355227981151493,-0.49617905610068325,-0.022626776289168316,0.022626776289168316
/home/user/thesis/UncertaintyAndRobustnessInBNNs/runs/mlp512x1/bbb/seed4_eps0p08_lam0p25.json,mlp512x1,bbb,4,val,0.08,0.25,robust_eps0p08_lam0p25,0.01,all,expected_entropy,-0.7439988036882225,-0.19095702614550147,0.553041777542721,-0.553041777542721,-0.5485423547742174,-0.19095702614550147,0.35758532862871595,-0.35758532862871595
/home/user/thesis/UncertaintyAndRobustnessInBNNs/runs/mlp512x1/bbb/seed4_eps0p08_lam0p25.json,mlp512x1,bbb,4,val,0.08,0.25,robust_eps0p08_lam0p25,0.01,clean_correct,expected_entropy,-0.7039927095742261,,,,-0.4582654415105693,,,
/home/user/thesis/UncertaintyAndRobustnessInBNNs/runs/mlp512x1/bbb/seed4_eps0p08_lam0p25.json,mlp512x1,bbb,4,val,0.08,0.25,robust_eps0p08_lam0p25,0.01,all,mutual_information,-0.7349074222571478,-0.19802950859533486,0.5368779136618129,-0.5368779136618129,-0.5484572698735235,-0.19802950859533486,0.35042776127818864,-0.35042776127818864
/home/user/thesis/UncertaintyAndRobustnessInBNNs/runs/mlp512x1/bbb/seed4_eps0p08_lam0p25.json,mlp512x1,bbb,4,val,0.08,0.25,robust_eps0p08_lam0p25,0.01,clean_correct,mutual_information,-0.6932278440947711,,,,-0.45815220567130305,,,
/home/user/thesis/UncertaintyAndRobustnessInBNNs/runs/mlp512x1/bbb/seed4_eps0p08_lam0p25.json,mlp512x1,bbb,4,val,0.08,0.25,robust_eps0p08_lam0p25,0.01,all,one_minus_confidence,-0.7440529298284154,-0.1955807081981831,0.5484722216302323,-0.5484722216302323,-0.5486741050714876,-0.1955807081981831,0.35309339687330454,-0.35309339687330454
/home/user/thesis/UncertaintyAndRobustnessInBNNs/runs/mlp512x1/bbb/seed4_eps0p08_lam0p25.json,mlp512x1,bbb,4,val,0.08,0.25,robust_eps0p08_lam0p25,0.01,clean_correct,one_minus_confidence,-0.7040363366033667,,,,-0.45838985859577935,,,
/home/user/thesis/UncertaintyAndRobustnessInBNNs/runs/mlp512x1/bbb/seed4_eps0p08_lam0p25.json,mlp512x1,bbb,4,val,0.08,0.25,robust_eps0p08_lam0p25,0.01,all,predictive_entropy,-0.7488558430829062,-0.19095702614550147,0.5578988169374047,-0.5578988169374047,-0.5485423547742174,-0.19095702614550147,0.35758532862871595,-0.35758532862871595
/home/user/thesis/UncertaintyAndRobustnessInBNNs/runs/mlp512x1/bbb/seed4_eps0p08_lam0p25.json,mlp512x1,bbb,4,val,0.08,0.25,robust_eps0p08_lam0p25,0.01,clean_correct,predictive_entropy,-0.7097438020906474,,,,-0.4582654415105693,,,
/home/user/thesis/UncertaintyAndRobustnessInBNNs/runs/mlp512x1/bbb/seed4_eps0p08_lam0p25.json,mlp512x1,bbb,4,val,0.08,0.25,robust_eps0p08_lam0p25,0.05,all,expected_entropy,,-0.28895616427880727,,,-0.8611241058812952,-0.2866476351667647,0.5744764707145305,-0.5744764707145305
/home/user/thesis/UncertaintyAndRobustnessInBNNs/runs/mlp512x1/bbb/seed4_eps0p08_lam0p25.json,mlp512x1,bbb,4,val,0.08,0.25,robust_eps0p08_lam0p25,0.05,clean_correct,expected_entropy,,-0.22070533658546826,,,-0.8437713622481885,-0.23690664541215647,0.606864716836032,-0.606864716836032
/home/user/thesis/UncertaintyAndRobustnessInBNNs/runs/mlp512x1/bbb/seed4_eps0p08_lam0p25.json,mlp512x1,bbb,4,val,0.08,0.25,robust_eps0p08_lam0p25,0.05,all,mutual_information,,-0.3089686760097777,,,-0.8426968775567596,-0.29819753988044395,0.5444993376763156,-0.5444993376763156
/home/user/thesis/UncertaintyAndRobustnessInBNNs/runs/mlp512x1/bbb/seed4_eps0p08_lam0p25.json,mlp512x1,bbb,4,val,0.08,0.25,robust_eps0p08_lam0p25,0.05,clean_correct,mutual_information,,-0.24312072233242987,,,-0.8230603141218802,-0.24743582965269678,0.5756244844691834,-0.5756244844691834
/home/user/thesis/UncertaintyAndRobustnessInBNNs/runs/mlp512x1/bbb/seed4_eps0p08_lam0p25.json,mlp512x1,bbb,4,val,0.08,0.25,robust_eps0p08_lam0p25,0.05,all,one_minus_confidence,,-0.2959527197748571,,,-0.8545935135599355,-0.29358829376894846,0.561005219790987,-0.561005219790987
/home/user/thesis/UncertaintyAndRobustnessInBNNs/runs/mlp512x1/bbb/seed4_eps0p08_lam0p25.json,mlp512x1,bbb,4,val,0.08,0.25,robust_eps0p08_lam0p25,0.05,clean_correct,one_minus_confidence,,-0.22677471907121846,,,-0.836388017452351,-0.24342156284309752,0.5929664546092535,-0.5929664546092535
/home/user/thesis/UncertaintyAndRobustnessInBNNs/runs/mlp512x1/bbb/seed4_eps0p08_lam0p25.json,mlp512x1,bbb,4,val,0.08,0.25,robust_eps0p08_lam0p25,0.05,all,predictive_entropy,,-0.28895616427880727,,,-0.8593439297768362,-0.2866476351667647,0.5726962946100714,-0.5726962946100714
/home/user/thesis/UncertaintyAndRobustnessInBNNs/runs/mlp512x1/bbb/seed4_eps0p08_lam0p25.json,mlp512x1,bbb,4,val,0.08,0.25,robust_eps0p08_lam0p25,0.05,clean_correct,predictive_entropy,,-0.22070533658546826,,,-0.8417600531125627,-0.23690664541215647,0.6048534077004063,-0.6048534077004063
/home/user/thesis/UncertaintyAndRobustnessInBNNs/runs/mlp512x1/bbb/seed4_eps0p08_lam0p25.json,mlp512x1,bbb,4,val,0.08,0.25,robust_eps0p08_lam0p25,0.07,all,expected_entropy,,-0.44268809714352125,,,-0.692920149767354,-0.3210737394765924,0.37184641029076165,-0.37184641029076165
/home/user/thesis/UncertaintyAndRobustnessInBNNs/runs/mlp512x1/bbb/seed4_eps0p08_lam0p25.json,mlp512x1,bbb,4,val,0.08,0.25,robust_eps0p08_lam0p25,0.07,clean_correct,expected_entropy,,-0.4096348080618015,,,-0.6891091004241681,-0.26007200502387245,0.4290370954002956,-0.4290370954002956
/home/user/thesis/UncertaintyAndRobustnessInBNNs/runs/mlp512x1/bbb/seed4_eps0p08_lam0p25.json,mlp512x1,bbb,4,val,0.08,0.25,robust_eps0p08_lam0p25,0.07,all,mutual_information,,-0.47210974081815954,,,-0.6662590793366856,-0.35792105704705734,0.30833802228962826,-0.30833802228962826
/home/user/thesis/UncertaintyAndRobustnessInBNNs/runs/mlp512x1/bbb/seed4_eps0p08_lam0p25.json,mlp512x1,bbb,4,val,0.08,0.25,robust_eps0p08_lam0p25,0.07,clean_correct,mutual_information,,-0.4402336084912885,,,-0.6606058042995675,-0.30287009727420927,0.35773570702535823,-0.35773570702535823
/home/user/thesis/UncertaintyAndRobustnessInBNNs/runs/mlp512x1/bbb/seed4_eps0p08_lam0p25.json,mlp512x1,bbb,4,val,0.08,0.25,robust_eps0p08_lam0p25,0.07,all,one_minus_confidence,,-0.44943812275497436,,,-0.682216100759676,-0.32475152813253694,0.35746457262713904,-0.35746457262713904
/home/user/thesis/UncertaintyAndRobustnessInBNNs/runs/mlp512x1/bbb/seed4_eps0p08_lam0p25.json,mlp512x1,bbb,4,val,0.08,0.25,robust_eps0p08_lam0p25,0.07,clean_correct,one_minus_confidence,,-0.4161746121960103,,,-0.677736044163623,-0.26175617273800644,0.41597987142561654,-0.41597987142561654
/home/user/thesis/UncertaintyAndRobustnessInBNNs/runs/mlp512x1/bbb/seed4_eps0p08_lam0p25.json,mlp512x1,bbb,4,val,0.08,0.25,robust_eps0p08_lam0p25,0.07,all,predictive_entropy,,-0.44268809714352125,,,-0.6877806663108398,-0.3210737394765924,0.3667069268342474,-0.3667069268342474
/home/user/thesis/UncertaintyAndRobustnessInBNNs/runs/mlp512x1/bbb/seed4_eps0p08_lam0p25.json,mlp512x1,bbb,4,val,0.08,0.25,robust_eps0p08_lam0p25,0.07,clean_correct,predictive_entropy,,-0.4096348080618015,,,-0.6836000599967242,-0.26007200502387245,0.4235280549728518,-0.4235280549728518
/home/user/thesis/UncertaintyAndRobustnessInBNNs/runs/mlp512x1/bbb/seed4_eps0p08_lam0p25.json,mlp512x1,bbb,4,val,0.08,0.25,robust_eps0p08_lam0p25,0.08,all,expected_entropy,,-0.5018853046595039,,,-0.5877276534093271,-0.3186650107382909,0.2690626426710362,-0.2690626426710362
/home/user/thesis/UncertaintyAndRobustnessInBNNs/runs/mlp512x1/bbb/seed4_eps0p08_lam0p25.json,mlp512x1,bbb,4,val,0.08,0.25,robust_eps0p08_lam0p25,0.08,clean_correct,expected_entropy,,-0.4741719120437051,,,-0.5888904849682843,-0.25829094936634756,0.3305995356019368,-0.3305995356019368
/home/user/thesis/UncertaintyAndRobustnessInBNNs/runs/mlp512x1/bbb/seed4_eps0p08_lam0p25.json,mlp512x1,bbb,4,val,0.08,0.25,robust_eps0p08_lam0p25,0.08,all,mutual_information,,-0.5299451348882149,,,-0.5575302360693257,-0.3558695551392081,0.20166068093011763,-0.20166068093011763
/home/user/thesis/UncertaintyAndRobustnessInBNNs/runs/mlp512x1/bbb/seed4_eps0p08_lam0p25.json,mlp512x1,bbb,4,val,0.08,0.25,robust_eps0p08_lam0p25,0.08,clean_correct,mutual_information,,-0.5025247887113008,,,-0.5568366811434863,-0.3012073324482615,0.2556293486952248,-0.2556293486952248
/home/user/thesis/UncertaintyAndRobustnessInBNNs/runs/mlp512x1/bbb/seed4_eps0p08_lam0p25.json,mlp512x1,bbb,4,val,0.08,0.25,robust_eps0p08_lam0p25,0.08,all,one_minus_confidence,,-0.5077040264495895,,,-0.581584191800918,-0.32228262177581546,0.25930157002510257,-0.25930157002510257
/home/user/thesis/UncertaintyAndRobustnessInBNNs/runs/mlp512x1/bbb/seed4_eps0p08_lam0p25.json,mlp512x1,bbb,4,val,0.08,0.25,robust_eps0p08_lam0p25,0.08,clean_correct,one_minus_confidence,,-0.4797438211242787,,,-0.5823379483890724,-0.25992549234971296,0.3224124560393594,-0.3224124560393594
/home/user/thesis/UncertaintyAndRobustnessInBNNs/runs/mlp512x1/bbb/seed4_eps0p08_lam0p25.json,mlp512x1,bbb,4,val,0.08,0.25,robust_eps0p08_lam0p25,0.08,all,predictive_entropy,,-0.5018853046595039,,,-0.582085673099518,-0.3186650107382909,0.2634206623612271,-0.2634206623612271
/home/user/thesis/UncertaintyAndRobustnessInBNNs/runs/mlp512x1/bbb/seed4_eps0p08_lam0p25.json,mlp512x1,bbb,4,val,0.08,0.25,robust_eps0p08_lam0p25,0.08,clean_correct,predictive_entropy,,-0.4741719120437051,,,-0.5828937822482775,-0.25829094936634756,0.3246028328819299,-0.3246028328819299
/home/user/thesis/UncertaintyAndRobustnessInBNNs/runs/mlp512x1/bbb/seed4_eps0p08_lam0p25.json,mlp512x1,bbb,4,val,0.08,0.25,robust_eps0p08_lam0p25,0.1,all,expected_entropy,,-0.42069538459747247,,,-0.5110503287406832,-0.3028805709140834,0.20816975782659985,-0.20816975782659985
/home/user/thesis/UncertaintyAndRobustnessInBNNs/runs/mlp512x1/bbb/seed4_eps0p08_lam0p25.json,mlp512x1,bbb,4,val,0.08,0.25,robust_eps0p08_lam0p25,0.1,clean_correct,expected_entropy,,-0.39374822012130883,,,-0.520004222210268,-0.24084717582111842,0.27915704638914957,-0.27915704638914957
/home/user/thesis/UncertaintyAndRobustnessInBNNs/runs/mlp512x1/bbb/seed4_eps0p08_lam0p25.json,mlp512x1,bbb,4,val,0.08,0.25,robust_eps0p08_lam0p25,0.1,all,mutual_information,,-0.4264932215567627,,,-0.5108658673334496,-0.3678603950315733,0.14300547230187632,-0.14300547230187632
/home/user/thesis/UncertaintyAndRobustnessInBNNs/runs/mlp512x1/bbb/seed4_eps0p08_lam0p25.json,mlp512x1,bbb,4,val,0.08,0.25,robust_eps0p08_lam0p25,0.1,clean_correct,mutual_information,,-0.3958495290969995,,,-0.5197994961385316,-0.31555931369514373,0.20424018244338787,-0.20424018244338787
/home/user/thesis/UncertaintyAndRobustnessInBNNs/runs/mlp512x1/bbb/seed4_eps0p08_lam0p25.json,mlp512x1,bbb,4,val,0.08,0.25,robust_eps0p08_lam0p25,0.1,all,one_minus_confidence,,-0.4187555884911931,,,-0.5036083399304524,-0.3083043658925076,0.1953039740379448,-0.1953039740379448
/home/user/thesis/UncertaintyAndRobustnessInBNNs/runs/mlp512x1/bbb/seed4_eps0p08_lam0p25.json,mlp512x1,bbb,4,val,0.08,0.25,robust_eps0p08_lam0p25,0.1,clean_correct,one_minus_confidence,,-0.3914629447224821,,,-0.512056525775214,-0.24510840475783233,0.26694812101738163,-0.26694812101738163
/home/user/thesis/UncertaintyAndRobustnessInBNNs/runs/mlp512x1/bbb/seed4_eps0p08_lam0p25.json,mlp512x1,bbb,4,val,0.08,0.25,robust_eps0p08_lam0p25,0.1,all,predictive_entropy,,-0.42069538459747247,,,-0.5110503287406832,-0.3028805709140834,0.20816975782659985,-0.20816975782659985
/home/user/thesis/UncertaintyAndRobustnessInBNNs/runs/mlp512x1/bbb/seed4_eps0p08_lam0p25.json,mlp512x1,bbb,4,val,0.08,0.25,robust_eps0p08_lam0p25,0.1,clean_correct,predictive_entropy,,-0.39374822012130883,,,-0.520004222210268,-0.24084717582111842,0.27915704638914957,-0.27915704638914957
/home/user/thesis/UncertaintyAndRobustnessInBNNs/runs/mlp512x1/deterministic/seed0_eps0p08_lam0p25.json,mlp512x1,deterministic,0,val,0.08,0.25,robust_eps0p08_lam0p25,0.01,all,expected_entropy,-0.41142156856785367,-0.26168185064383537,0.1497397179240183,-0.1497397179240183,-0.3324066751421692,-0.26168185064383537,0.07072482449833384,-0.07072482449833384
/home/user/thesis/UncertaintyAndRobustnessInBNNs/runs/mlp512x1/deterministic/seed0_eps0p08_lam0p25.json,mlp512x1,deterministic,0,val,0.08,0.25,robust_eps0p08_lam0p25,0.01,clean_correct,expected_entropy,-0.24743582965269678,,,,,,,
/home/user/thesis/UncertaintyAndRobustnessInBNNs/runs/mlp512x1/deterministic/seed0_eps0p08_lam0p25.json,mlp512x1,deterministic,0,val,0.08,0.25,robust_eps0p08_lam0p25,0.01,all,mutual_information,0.07298214048943469,0.03536326131725473,-0.03761887917217996,0.03761887917217996,-0.014151762096070452,0.03536326131725473,0.049515023413325185,-0.049515023413325185
/home/user/thesis/UncertaintyAndRobustnessInBNNs/runs/mlp512x1/deterministic/seed0_eps0p08_lam0p25.json,mlp512x1,deterministic,0,val,0.08,0.25,robust_eps0p08_lam0p25,0.01,clean_correct,mutual_information,0.15275610547813645,,,,,,,
/home/user/thesis/UncertaintyAndRobustnessInBNNs/runs/mlp512x1/deterministic/seed0_eps0p08_lam0p25.json,mlp512x1,deterministic,0,val,0.08,0.25,robust_eps0p08_lam0p25,0.01,all,one_minus_confidence,-0.4654207572595179,-0.2776088440044576,0.1878119132550603,-0.1878119132550603,-0.37603513836506997,-0.2776088440044576,0.09842629436061234,-0.09842629436061234
/home/user/thesis/UncertaintyAndRobustnessInBNNs/runs/mlp512x1/deterministic/seed0_eps0p08_lam0p25.json,mlp512x1,deterministic,0,val,0.08,0.25,robust_eps0p08_lam0p25,0.01,clean_correct,one_minus_confidence,-0.28515763867154875,,,,,,,
/home/user/thesis/UncertaintyAndRobustnessInBNNs/runs/mlp512x1/deterministic/seed0_eps0p08_lam0p25.json,mlp512x1,deterministic,0,val,0.08,0.25,robust_eps0p08_lam0p25,0.01,all,predictive_entropy,-0.41142156856785367,-0.26168185064383537,0.1497397179240183,-0.1497397179240183,-0.3324066751421692,-0.26168185064383537,0.07072482449833384,-0.07072482449833384
/home/user/thesis/UncertaintyAndRobustnessInBNNs/runs/mlp512x1/deterministic/seed0_eps0p08_lam0p25.json,mlp512x1,deterministic,0,val,0.08,0.25,robust_eps0p08_lam0p25,0.01,clean_correct,predictive_entropy,-0.24743582965269678,,,,,,,
/home/user/thesis/UncertaintyAndRobustnessInBNNs/runs/mlp512x1/deterministic/seed0_eps0p08_lam0p25.json,mlp512x1,deterministic,0,val,0.08,0.25,robust_eps0p08_lam0p25,0.05,all,expected_entropy,,-0.26168185064383537,,,-0.7439759836603826,-0.26168185064383537,0.4822941330165473,-0.4822941330165473
/home/user/thesis/UncertaintyAndRobustnessInBNNs/runs/mlp512x1/deterministic/seed0_eps0p08_lam0p25.json,mlp512x1,deterministic,0,val,0.08,0.25,robust_eps0p08_lam0p25,0.05,clean_correct,expected_entropy,,,,,-0.7285373086984214,,,
/home/user/thesis/UncertaintyAndRobustnessInBNNs/runs/mlp512x1/deterministic/seed0_eps0p08_lam0p25.json,mlp512x1,deterministic,0,val,0.08,0.25,robust_eps0p08_lam0p25,0.05,all,mutual_information,,0.03536326131725473,,,0.3147927454980006,0.03536326131725473,-0.27942948418074587,0.27942948418074587
/home/user/thesis/UncertaintyAndRobustnessInBNNs/runs/mlp512x1/deterministic/seed0_eps0p08_lam0p25.json,mlp512x1,deterministic,0,val,0.08,0.25,robust_eps0p08_lam0p25,0.05,clean_correct,mutual_information,,,,,0.3445262998604424,,,
/home/user/thesis/UncertaintyAndRobustnessInBNNs/runs/mlp512x1/deterministic/seed0_eps0p08_lam0p25.json,mlp512x1,deterministic,0,val,0.08,0.25,robust_eps0p08_lam0p25,0.05,all,one_minus_confidence,,-0.2776088440044576,,,-0.686013811244782,-0.2776088440044576,0.4084049672403244,-0.4084049672403244
/home/user/thesis/UncertaintyAndRobustnessInBNNs/runs/mlp512x1/deterministic/seed0_eps0p08_lam0p25.json,mlp512x1,deterministic,0,val,0.08,0.25,robust_eps0p08_lam0p25,0.05,clean_correct,one_minus_confidence,,,,,-0.6648495325762445,,,
/home/user/thesis/UncertaintyAndRobustnessInBNNs/runs/mlp512x1/deterministic/seed0_eps0p08_lam0p25.json,mlp512x1,deterministic,0,val,0.08,0.25,robust_eps0p08_lam0p25,0.05,all,predictive_entropy,,-0.26168185064383537,,,-0.7439759836603826,-0.26168185064383537,0.4822941330165473,-0.4822941330165473
/home/user/thesis/UncertaintyAndRobustnessInBNNs/runs/mlp512x1/deterministic/seed0_eps0p08_lam0p25.json,mlp512x1,deterministic,0,val,0.08,0.25,robust_eps0p08_lam0p25,0.05,clean_correct,predictive_entropy,,,,,-0.7285373086984214,,,
/home/user/thesis/UncertaintyAndRobustnessInBNNs/runs/mlp512x1/deterministic/seed0_eps0p08_lam0p25.json,mlp512x1,deterministic,0,val,0.08,0.25,robust_eps0p08_lam0p25,0.07,all,expected_entropy,,-0.26168185064383537,,,-0.5935229390851371,-0.26168185064383537,0.3318410884413017,-0.3318410884413017
/home/user/thesis/UncertaintyAndRobustnessInBNNs/runs/mlp512x1/deterministic/seed0_eps0p08_lam0p25.json,mlp512x1,deterministic,0,val,0.08,0.25,robust_eps0p08_lam0p25,0.07,clean_correct,expected_entropy,,,,,-0.6012497839074199,,,
/home/user/thesis/UncertaintyAndRobustnessInBNNs/runs/mlp512x1/deterministic/seed0_eps0p08_lam0p25.json,mlp512x1,deterministic,0,val,0.08,0.25,robust_eps0p08_lam0p25,0.07,all,mutual_information,,0.03536326131725473,,,0.17209089684354578,0.03536326131725473,-0.13672763552629105,0.13672763552629105
/home/user/thesis/UncertaintyAndRobustnessInBNNs/runs/mlp512x1/deterministic/seed0_eps0p08_lam0p25.json,mlp512x1,deterministic,0,val,0.08,0.25,robust_eps0p08_lam0p25,0.07,clean_correct,mutual_information,,,,,0.18370285746053436,,,
/home/user/thesis/UncertaintyAndRobustnessInBNNs/runs/mlp512x1/deterministic/seed0_eps0p08_lam0p25.json,mlp512x1,deterministic,0,val,0.08,0.25,robust_eps0p08_lam0p25,0.07,all,one_minus_confidence,,-0.2776088440044576,,,-0.3421263594286262,-0.2776088440044576,0.06451751542416856,-0.06451751542416856
/home/user/thesis/UncertaintyAndRobustnessInBNNs/runs/mlp512x1/deterministic/seed0_eps0p08_lam0p25.json,mlp512x1,deterministic,0,val,0.08,0.25,robust_eps0p08_lam0p25,0.07,clean_correct,one_minus_confidence,,,,,-0.33482939931194605,,,
/home/user/thesis/UncertaintyAndRobustnessInBNNs/runs/mlp512x1/deterministic/seed0_eps0p08_lam0p25.json,mlp512x1,deterministic,0,val,0.08,0.25,robust_eps0p08_lam0p25,0.07,all,predictive_entropy,,-0.26168185064383537,,,-0.5935229390851371,-0.26168185064383537,0.3318410884413017,-0.3318410884413017
/home/user/thesis/UncertaintyAndRobustnessInBNNs/runs/mlp512x1/deterministic/seed0_eps0p08_lam0p25.json,mlp512x1,deterministic,0,val,0.08,0.25,robust_eps0p08_lam0p25,0.07,clean_correct,predictive_entropy,,,,,-0.6012497839074199,,,
/home/user/thesis/UncertaintyAndRobustnessInBNNs/runs/mlp512x1/deterministic/seed0_eps0p08_lam0p25.json,mlp512x1,deterministic,0,val,0.08,0.25,robust_eps0p08_lam0p25,0.08,all,expected_entropy,,-0.4086848799155151,,,-0.5104797441240913,-0.26168185064383537,0.24879789348025588,-0.24879789348025588
/home/user/thesis/UncertaintyAndRobustnessInBNNs/runs/mlp512x1/deterministic/seed0_eps0p08_lam0p25.json,mlp512x1,deterministic,0,val,0.08,0.25,robust_eps0p08_lam0p25,0.08,clean_correct,expected_entropy,,-0.3236072150500148,,,-0.5193700281551453,,,
/home/user/thesis/UncertaintyAndRobustnessInBNNs/runs/mlp512x1/deterministic/seed0_eps0p08_lam0p25.json,mlp512x1,deterministic,0,val,0.08,0.25,robust_eps0p08_lam0p25,0.08,all,mutual_information,,0.005108683657887232,,,0.07857308448569997,0.03536326131725473,-0.04320982316844524,0.04320982316844524
/home/user/thesis/UncertaintyAndRobustnessInBNNs/runs/mlp512x1/deterministic/seed0_eps0p08_lam0p25.json,mlp512x1,deterministic,0,val,0.08,0.25,robust_eps0p08_lam0p25,0.08,clean_correct,mutual_information,,-0.02257786029954342,,,0.08373541858262463,,,
/home/user/thesis/UncertaintyAndRobustnessInBNNs/runs/mlp512x1/deterministic/seed0_eps0p08_lam0p25.json,mlp512x1,deterministic,0,val,0.08,0.25,robust_eps0p08_lam0p25,0.08,all,one_minus_confidence,,-0.43897854782920526,,,-0.2613033232202247,-0.2776088440044576,-0.01630552078423292,0.01630552078423292
/home/user/thesis/UncertaintyAndRobustnessInBNNs/runs/mlp512x1/deterministic/seed0_eps0p08_lam0p25.json,mlp512x1,deterministic,0,val,0.08,0.25,robust_eps0p08_lam0p25,0.08,clean_correct,one_minus_confidence,,-0.35419382289514517,,,-0.25530502350198286,,,
/home/user/thesis/UncertaintyAndRobustnessInBNNs/runs/mlp512x1/deterministic/seed0_eps0p08_lam0p25.json,mlp512x1,deterministic,0,val,0.08,0.25,robust_eps0p08_lam0p25,0.08,all,predictive_entropy,,-0.4086848799155151,,,-0.5104797441240913,-0.26168185064383537,0.24879789348025588,-0.24879789348025588
/home/user/thesis/UncertaintyAndRobustnessInBNNs/runs/mlp512x1/deterministic/seed0_eps0p08_lam0p25.json,mlp512x1,deterministic,0,val,0.08,0.25,robust_eps0p08_lam0p25,0.08,clean_correct,predictive_entropy,,-0.3236072150500148,,,-0.5193700281551453,,,
/home/user/thesis/UncertaintyAndRobustnessInBNNs/runs/mlp512x1/deterministic/seed0_eps0p08_lam0p25.json,mlp512x1,deterministic,0,val,0.08,0.25,robust_eps0p08_lam0p25,0.1,all,expected_entropy,,-0.40984056121416823,,,-0.30411674534283567,-0.24218432759667985,0.06193241774615582,-0.06193241774615582
/home/user/thesis/UncertaintyAndRobustnessInBNNs/runs/mlp512x1/deterministic/seed0_eps0p08_lam0p25.json,mlp512x1,deterministic,0,val,0.08,0.25,robust_eps0p08_lam0p25,0.1,clean_correct,expected_entropy,,-0.3486893436317976,,,-0.3085557166755955,-0.057910513322971584,0.2506452033526239,-0.2506452033526239
/home/user/thesis/UncertaintyAndRobustnessInBNNs/runs/mlp512x1/deterministic/seed0_eps0p08_lam0p25.json,mlp512x1,deterministic,0,val,0.08,0.25,robust_eps0p08_lam0p25,0.1,all,mutual_information,,0.15557586675943488,,,0.0849105725764227,0.13714381566416461,0.05223324308774191,-0.05223324308774191
/home/user/thesis/UncertaintyAndRobustnessInBNNs/runs/mlp512x1/deterministic/seed0_eps0p08_lam0p25.json,mlp512x1,deterministic,0,val,0.08,0.25,robust_eps0p08_lam0p25,0.1,clean_correct,mutual_information,,0.16760660885489734,,,0.09035804722783294,0.1947951949740474,0.10443714774621446,-0.10443714774621446
/home/user/thesis/UncertaintyAndRobustnessInBNNs/runs/mlp512x1/deterministic/seed0_eps0p08_lam0p25.json,mlp512x1,deterministic,0,val,0.08,0.25,robust_eps0p08_lam0p25,0.1,all,one_minus_confidence,,-0.4046163195534708,,,-0.16001495249577447,-0.25692462451902565,-0.09690967202325118,0.09690967202325118
/home/user/thesis/UncertaintyAndRobustnessInBNNs/runs/mlp512x1/deterministic/seed0_eps0p08_lam0p25.json,mlp512x1,deterministic,0,val,0.08,0.25,robust_eps0p08_lam0p25,0.1,clean_correct,one_minus_confidence,,-0.3379422678573466,,,-0.15611501239930284,-0.061943534214216806,0.09417147818508603,-0.09417147818508603
/home/user/thesis/UncertaintyAndRobustnessInBNNs/runs/mlp512x1/deterministic/seed0_eps0p08_lam0p25.json,mlp512x1,deterministic,0,val,0.08,0.25,robust_eps0p08_lam0p25,0.1,all,predictive_entropy,,-0.4131861984485697,,,-0.30411674534283567,-0.24218432759667985,0.06193241774615582,-0.06193241774615582
/home/user/thesis/UncertaintyAndRobustnessInBNNs/runs/mlp512x1/deterministic/seed0_eps0p08_lam0p25.json,mlp512x1,deterministic,0,val,0.08,0.25,robust_eps0p08_lam0p25,0.1,clean_correct,predictive_entropy,,-0.35254226455590587,,,-0.3085557166755955,-0.057910513322971584,0.2506452033526239,-0.2506452033526239
/home/user/thesis/UncertaintyAndRobustnessInBNNs/runs/mlp512x1/deterministic/seed1_eps0p08_lam0p25.json,mlp512x1,deterministic,1,val,0.08,0.25,robust_eps0p08_lam0p25,0.01,all,expected_entropy,-0.3394791575920026,-0.3182617102425025,0.021217447349500096,-0.021217447349500096,-0.3394791575920026,-0.3182617102425025,0.021217447349500096,-0.021217447349500096
/home/user/thesis/UncertaintyAndRobustnessInBNNs/runs/mlp512x1/deterministic/seed1_eps0p08_lam0p25.json,mlp512x1,deterministic,1,val,0.08,0.25,robust_eps0p08_lam0p25,0.01,clean_correct,expected_entropy,-0.2449489742783178,,,,-0.2449489742783178,,,
/home/user/thesis/UncertaintyAndRobustnessInBNNs/runs/mlp512x1/deterministic/seed1_eps0p08_lam0p25.json,mlp512x1,deterministic,1,val,0.08,0.25,robust_eps0p08_lam0p25,0.01,all,mutual_information,-0.26876723939343816,0.04243591358070568,0.31120315297414386,-0.31120315297414386,-0.26876723939343816,0.04243591358070568,0.31120315297414386,-0.31120315297414386
/home/user/thesis/UncertaintyAndRobustnessInBNNs/runs/mlp512x1/deterministic/seed1_eps0p08_lam0p25.json,mlp512x1,deterministic,1,val,0.08,0.25,robust_eps0p08_lam0p25,0.01,clean_correct,mutual_information,-0.19392783249992118,,,,-0.19392783249992118,,,
/home/user/thesis/UncertaintyAndRobustnessInBNNs/runs/mlp512x1/deterministic/seed1_eps0p08_lam0p25.json,mlp512x1,deterministic,1,val,0.08,0.25,robust_eps0p08_lam0p25,0.01,all,one_minus_confidence,-0.3578567723340758,-0.3467172578609481,0.01113951447312772,-0.01113951447312772,-0.3578567723340758,-0.3467172578609481,0.01113951447312772,-0.01113951447312772
/home/user/thesis/UncertaintyAndRobustnessInBNNs/runs/mlp512x1/deterministic/seed1_eps0p08_lam0p25.json,mlp512x1,deterministic,1,val,0.08,0.25,robust_eps0p08_lam0p25,0.01,clean_correct,one_minus_confidence,-0.259111204162233,,,,-0.259111204162233,,,
/home/user/thesis/UncertaintyAndRobustnessInBNNs/runs/mlp512x1/deterministic/seed1_eps0p08_lam0p25.json,mlp512x1,deterministic,1,val,0.08,0.25,robust_eps0p08_lam0p25,0.01,all,predictive_entropy,-0.3394791575920026,-0.3182617102425025,0.021217447349500096,-0.021217447349500096,-0.3394791575920026,-0.3182617102425025,0.021217447349500096,-0.021217447349500096
/home/user/thesis/UncertaintyAndRobustnessInBNNs/runs/mlp512x1/deterministic/seed1_eps0p08_lam0p25.json,mlp512x1,deterministic,1,val,0.08,0.25,robust_eps0p08_lam0p25,0.01,clean_correct,predictive_entropy,-0.2449489742783178,,,,-0.2449489742783178,,,
/home/user/thesis/UncertaintyAndRobustnessInBNNs/runs/mlp512x1/deterministic/seed1_eps0p08_lam0p25.json,mlp512x1,deterministic,1,val,0.08,0.25,robust_eps0p08_lam0p25,0.05,all,expected_entropy,,-0.3997500347077727,,,-0.8061041975854041,-0.3182617102425025,0.4878424873429016,-0.4878424873429016
/home/user/thesis/UncertaintyAndRobustnessInBNNs/runs/mlp512x1/deterministic/seed1_eps0p08_lam0p25.json,mlp512x1,deterministic,1,val,0.08,0.25,robust_eps0p08_lam0p25,0.05,clean_correct,expected_entropy,,-0.24743582965269678,,,-0.8047873440121469,,,
/home/user/thesis/UncertaintyAndRobustnessInBNNs/runs/mlp512x1/deterministic/seed1_eps0p08_lam0p25.json,mlp512x1,deterministic,1,val,0.08,0.25,robust_eps0p08_lam0p25,0.05,all,mutual_information,,0.16632335091185924,,,0.13541457499271223,0.04243591358070568,-0.09297866141200656,0.09297866141200656
/home/user/thesis/UncertaintyAndRobustnessInBNNs/runs/mlp512x1/deterministic/seed1_eps0p08_lam0p25.json,mlp512x1,deterministic,1,val,0.08,0.25,robust_eps0p08_lam0p25,0.05,clean_correct,mutual_information,,0.23691307496843608,,,0.17383825513460344,,,
/home/user/thesis/UncertaintyAndRobustnessInBNNs/runs/mlp512x1/deterministic/seed1_eps0p08_lam0p25.json,mlp512x1,deterministic,1,val,0.08,0.25,robust_eps0p08_lam0p25,0.05,all,one_minus_confidence,,-0.4354913940419978,,,-0.7990323754038989,-0.3467172578609481,0.45231511754295084,-0.45231511754295084
/home/user/thesis/UncertaintyAndRobustnessInBNNs/runs/mlp512x1/deterministic/seed1_eps0p08_lam0p25.json,mlp512x1,deterministic,1,val,0.08,0.25,robust_eps0p08_lam0p25,0.05,clean_correct,one_minus_confidence,,-0.27290128057532825,,,-0.7984624298226375,,,
/home/user/thesis/UncertaintyAndRobustnessInBNNs/runs/mlp512x1/deterministic/seed1_eps0p08_lam0p25.json,mlp512x1,deterministic,1,val,0.08,0.25,robust_eps0p08_lam0p25,0.05,all,predictive_entropy,,-0.3997500347077727,,,-0.8061041975854041,-0.3182617102425025,0.4878424873429016,-0.4878424873429016
/home/user/thesis/UncertaintyAndRobustnessInBNNs/runs/mlp512x1/deterministic/seed1_eps0p08_lam0p25.json,mlp512x1,deterministic,1,val,0.08,0.25,robust_eps0p08_lam0p25,0.05,clean_correct,predictive_entropy,,-0.24743582965269678,,,-0.8047873440121469,,,
/home/user/thesis/UncertaintyAndRobustnessInBNNs/runs/mlp512x1/deterministic/seed1_eps0p08_lam0p25.json,mlp512x1,deterministic,1,val,0.08,0.25,robust_eps0p08_lam0p25,0.07,all,expected_entropy,,-0.4365641250653994,,,-0.6975856137380713,-0.3997500347077727,0.29783557903029856,-0.29783557903029856
/home/user/thesis/UncertaintyAndRobustnessInBNNs/runs/mlp512x1/deterministic/seed1_eps0p08_lam0p25.json,mlp512x1,deterministic,1,val,0.08,0.25,robust_eps0p08_lam0p25,0.07,clean_correct,expected_entropy,,-0.31995138821192637,,,-0.7021130759041796,-0.24743582965269678,0.4546772462514828,-0.4546772462514828
/home/user/thesis/UncertaintyAndRobustnessInBNNs/runs/mlp512x1/deterministic/seed1_eps0p08_lam0p25.json,mlp512x1,deterministic,1,val,0.08,0.25,robust_eps0p08_lam0p25,0.07,all,mutual_information,,0.11318600926748942,,,0.028099660050770664,0.16632335091185924,0.13822369086108857,-0.13822369086108857
/home/user/thesis/UncertaintyAndRobustnessInBNNs/runs/mlp512x1/deterministic/seed1_eps0p08_lam0p25.json,mlp512x1,deterministic,1,val,0.08,0.25,robust_eps0p08_lam0p25,0.07,clean_correct,mutual_information,,0.12114993001230155,,,0.048081782555295674,0.23691307496843608,0.1888312924131404,-0.1888312924131404
/home/user/thesis/UncertaintyAndRobustnessInBNNs/runs/mlp512x1/deterministic/seed1_eps0p08_lam0p25.json,mlp512x1,deterministic,1,val,0.08,0.25,robust_eps0p08_lam0p25,0.07,all,one_minus_confidence,,-0.47811339166665917,,,-0.5223849991746992,-0.4354913940419978,0.08689360513270133,-0.08689360513270133
/home/user/thesis/UncertaintyAndRobustnessInBNNs/runs/mlp512x1/deterministic/seed1_eps0p08_lam0p25.json,mlp512x1,deterministic,1,val,0.08,0.25,robust_eps0p08_lam0p25,0.07,clean_correct,one_minus_confidence,,-0.35630597043714624,,,-0.5217715345260885,-0.27290128057532825,0.24887025395076023,-0.24887025395076023
/home/user/thesis/UncertaintyAndRobustnessInBNNs/runs/mlp512x1/deterministic/seed1_eps0p08_lam0p25.json,mlp512x1,deterministic,1,val,0.08,0.25,robust_eps0p08_lam0p25,0.07,all,predictive_entropy,,-0.4365641250653994,,,-0.6975856137380713,-0.3997500347077727,0.29783557903029856,-0.29783557903029856
/home/user/thesis/UncertaintyAndRobustnessInBNNs/runs/mlp512x1/deterministic/seed1_eps0p08_lam0p25.json,mlp512x1,deterministic,1,val,0.08,0.25,robust_eps0p08_lam0p25,0.07,clean_correct,predictive_entropy,,-0.31995138821192637,,,-0.7021130759041796,-0.24743582965269678,0.4546772462514828,-0.4546772462514828
/home/user/thesis/UncertaintyAndRobustnessInBNNs/runs/mlp512x1/deterministic/seed1_eps0p08_lam0p25.json,mlp512x1,deterministic,1,val,0.08,0.25,robust_eps0p08_lam0p25,0.08,all,expected_entropy,,-0.4892832357799738,,,-0.4961797127645849,-0.4315159121998045,0.06466380056478038,-0.06466380056478038
/home/user/thesis/UncertaintyAndRobustnessInBNNs/runs/mlp512x1/deterministic/seed1_eps0p08_lam0p25.json,mlp512x1,deterministic,1,val,0.08,0.25,robust_eps0p08_lam0p25,0.08,clean_correct,expected_entropy,,-0.39629656176767014,,,-0.5001041558182322,-0.3083712390659984,0.1917329167522338,-0.1917329167522338
/home/user/thesis/UncertaintyAndRobustnessInBNNs/runs/mlp512x1/deterministic/seed1_eps0p08_lam0p25.json,mlp512x1,deterministic,1,val,0.08,0.25,robust_eps0p08_lam0p25,0.08,all,mutual_information,,0.09785899673994544,,,0.05954442487650809,0.3016162896644852,0.24207186478797715,-0.24207186478797715
/home/user/thesis/UncertaintyAndRobustnessInBNNs/runs/mlp512x1/deterministic/seed1_eps0p08_lam0p25.json,mlp512x1,deterministic,1,val,0.08,0.25,robust_eps0p08_lam0p25,0.08,clean_correct,mutual_information,,0.10092298137473743,,,0.07339123485585991,0.376678447531814,0.3032872126759541,-0.3032872126759541
/home/user/thesis/UncertaintyAndRobustnessInBNNs/runs/mlp512x1/deterministic/seed1_eps0p08_lam0p25.json,mlp512x1,deterministic,1,val,0.08,0.25,robust_eps0p08_lam0p25,0.08,all,one_minus_confidence,,-0.5352053247872574,,,-0.3284206351344489,-0.4700974354950901,-0.14167680036064118,0.14167680036064118
/home/user/thesis/UncertaintyAndRobustnessInBNNs/runs/mlp512x1/deterministic/seed1_eps0p08_lam0p25.json,mlp512x1,deterministic,1,val,0.08,0.25,robust_eps0p08_lam0p25,0.08,clean_correct,one_minus_confidence,,-0.4397971687381717,,,-0.3274877719272667,-0.3401080035653376,-0.012620231638070911,0.012620231638070911
/home/user/thesis/UncertaintyAndRobustnessInBNNs/runs/mlp512x1/deterministic/seed1_eps0p08_lam0p25.json,mlp512x1,deterministic,1,val,0.08,0.25,robust_eps0p08_lam0p25,0.08,all,predictive_entropy,,-0.4892832357799738,,,-0.4961797127645849,-0.4315159121998045,0.06466380056478038,-0.06466380056478038
/home/user/thesis/UncertaintyAndRobustnessInBNNs/runs/mlp512x1/deterministic/seed1_eps0p08_lam0p25.json,mlp512x1,deterministic,1,val,0.08,0.25,robust_eps0p08_lam0p25,0.08,clean_correct,predictive_entropy,,-0.39629656176767014,,,-0.5001041558182322,-0.3083712390659984,0.1917329167522338,-0.1917329167522338
/home/user/thesis/UncertaintyAndRobustnessInBNNs/runs/mlp512x1/deterministic/seed1_eps0p08_lam0p25.json,mlp512x1,deterministic,1,val,0.08,0.25,robust_eps0p08_lam0p25,0.1,all,expected_entropy,,-0.4321358157014429,,,-0.24253562503633297,-0.42694533423929404,-0.18440970920296107,0.18440970920296107
/home/user/thesis/UncertaintyAndRobustnessInBNNs/runs/mlp512x1/deterministic/seed1_eps0p08_lam0p25.json,mlp512x1,deterministic,1,val,0.08,0.25,robust_eps0p08_lam0p25,0.1,clean_correct,expected_entropy,,-0.3646624787447364,,,-0.2449489742783178,-0.30621948454497844,-0.06127051026666064,0.06127051026666064
/home/user/thesis/UncertaintyAndRobustnessInBNNs/runs/mlp512x1/deterministic/seed1_eps0p08_lam0p25.json,mlp512x1,deterministic,1,val,0.08,0.25,robust_eps0p08_lam0p25,0.1,all,mutual_information,,0.11729682340303418,,,0.024749721657533,0.3045462651295385,0.2797965434720055,-0.2797965434720055
/home/user/thesis/UncertaintyAndRobustnessInBNNs/runs/mlp512x1/deterministic/seed1_eps0p08_lam0p25.json,mlp512x1,deterministic,1,val,0.08,0.25,robust_eps0p08_lam0p25,0.1,clean_correct,mutual_information,,0.12155745851525239,,,0.030620184078934926,0.3763483972583718,0.3457282131794369,-0.3457282131794369
/home/user/thesis/UncertaintyAndRobustnessInBNNs/runs/mlp512x1/deterministic/seed1_eps0p08_lam0p25.json,mlp512x1,deterministic,1,val,0.08,0.25,robust_eps0p08_lam0p25,0.1,all,one_minus_confidence,,-0.408563506001653,,,-0.14087675783857723,-0.4651182054893806,-0.32424144765080337,0.32424144765080337
/home/user/thesis/UncertaintyAndRobustnessInBNNs/runs/mlp512x1/deterministic/seed1_eps0p08_lam0p25.json,mlp512x1,deterministic,1,val,0.08,0.25,robust_eps0p08_lam0p25,0.1,clean_correct,one_minus_confidence,,-0.3313300868479872,,,-0.14035190225454286,-0.33773479607515994,-0.19738289382061708,0.19738289382061708
/home/user/thesis/UncertaintyAndRobustnessInBNNs/runs/mlp512x1/deterministic/seed1_eps0p08_lam0p25.json,mlp512x1,deterministic,1,val,0.08,0.25,robust_eps0p08_lam0p25,0.1,all,predictive_entropy,,-0.4321358157014429,,,-0.24253562503633297,-0.42694533423929404,-0.18440970920296107,0.18440970920296107
/home/user/thesis/UncertaintyAndRobustnessInBNNs/runs/mlp512x1/deterministic/seed1_eps0p08_lam0p25.json,mlp512x1,deterministic,1,val,0.08,0.25,robust_eps0p08_lam0p25,0.1,clean_correct,predictive_entropy,,-0.3646624787447364,,,-0.2449489742783178,-0.30621948454497844,-0.06127051026666064,0.06127051026666064
/home/user/thesis/UncertaintyAndRobustnessInBNNs/runs/mlp512x1/deterministic/seed2_eps0p08_lam0p25.json,mlp512x1,deterministic,2,val,0.08,0.25,robust_eps0p08_lam0p25,0.01,all,expected_entropy,-0.46998761190284244,-0.2687543330936687,0.20123327880917374,-0.20123327880917374,-0.3324066751421692,-0.2687543330936687,0.06365234204850051,-0.06365234204850051
/home/user/thesis/UncertaintyAndRobustnessInBNNs/runs/mlp512x1/deterministic/seed2_eps0p08_lam0p25.json,mlp512x1,deterministic,2,val,0.08,0.25,robust_eps0p08_lam0p25,0.01,clean_correct,expected_entropy,-0.3461844626116437,,,,,,,
/home/user/thesis/UncertaintyAndRobustnessInBNNs/runs/mlp512x1/deterministic/seed2_eps0p08_lam0p25.json,mlp512x1,deterministic,2,val,0.08,0.25,robust_eps0p08_lam0p25,0.01,all,mutual_information,-0.11495090255134581,-0.05658257671440804,0.05836832583693777,-0.05836832583693777,-0.06365692734646529,-0.05658257671440804,0.007074350632057247,-0.007074350632057247
/home/user/thesis/UncertaintyAndRobustnessInBNNs/runs/mlp512x1/deterministic/seed2_eps0p08_lam0p25.json,mlp512x1,deterministic,2,val,0.08,0.25,robust_eps0p08_lam0p25,0.01,clean_correct,mutual_information,-0.0940795246877189,,,,,,,
/home/user/thesis/UncertaintyAndRobustnessInBNNs/runs/mlp512x1/deterministic/seed2_eps0p08_lam0p25.json,mlp512x1,deterministic,2,val,0.08,0.25,robust_eps0p08_lam0p25,0.01,all,one_minus_confidence,-0.48681746232856804,-0.28328816254341227,0.20352929978515577,-0.20352929978515577,-0.3443098710594096,-0.28328816254341227,0.06102170851599731,-0.06102170851599731
/home/user/thesis/UncertaintyAndRobustnessInBNNs/runs/mlp512x1/deterministic/seed2_eps0p08_lam0p25.json,mlp512x1,deterministic,2,val,0.08,0.25,robust_eps0p08_lam0p25,0.01,clean_correct,one_minus_confidence,-0.36029658349650245,,,,,,,
/home/user/thesis/UncertaintyAndRobustnessInBNNs/runs/mlp512x1/deterministic/seed2_eps0p08_lam0p25.json,mlp512x1,deterministic,2,val,0.08,0.25,robust_eps0p08_lam0p25,0.01,all,predictive_entropy,-0.46998761190284244,-0.2687543330936687,0.20123327880917374,-0.20123327880917374,-0.3324066751421692,-0.2687543330936687,0.06365234204850051,-0.06365234204850051
/home/user/thesis/UncertaintyAndRobustnessInBNNs/runs/mlp512x1/deterministic/seed2_eps0p08_lam0p25.json,mlp512x1,deterministic,2,val,0.08,0.25,robust_eps0p08_lam0p25,0.01,clean_correct,predictive_entropy,-0.3461844626116437,,,,,,,
/home/user/thesis/UncertaintyAndRobustnessInBNNs/runs/mlp512x1/deterministic/seed2_eps0p08_lam0p25.json,mlp512x1,deterministic,2,val,0.08,0.25,robust_eps0p08_lam0p25,0.05,all,expected_entropy,-0.24253562503633297,-0.35889966619748936,-0.1163640411611564,0.1163640411611564,-0.7466309434486236,-0.35889966619748936,0.3877312772511342,-0.3877312772511342
/home/user/thesis/UncertaintyAndRobustnessInBNNs/runs/mlp512x1/deterministic/seed2_eps0p08_lam0p25.json,mlp512x1,deterministic,2,val,0.08,0.25,robust_eps0p08_lam0p25,0.05,clean_correct,expected_entropy,-0.24743582965269678,-0.24743582965269678,0.0,-0.0,-0.7320980661911148,-0.24743582965269678,0.48466223653841806,-0.48466223653841806
/home/user/thesis/UncertaintyAndRobustnessInBNNs/runs/mlp512x1/deterministic/seed2_eps0p08_lam0p25.json,mlp512x1,deterministic,2,val,0.08,0.25,robust_eps0p08_lam0p25,0.05,all,mutual_information,0.044550568740645925,0.026262212306088835,-0.01828835643455709,0.01828835643455709,-0.09316178173063577,0.026262212306088835,0.1194239940367246,-0.1194239940367246
/home/user/thesis/UncertaintyAndRobustnessInBNNs/runs/mlp512x1/deterministic/seed2_eps0p08_lam0p25.json,mlp512x1,deterministic,2,val,0.08,0.25,robust_eps0p08_lam0p25,0.05,clean_correct,mutual_information,0.04738518713032258,0.13162194724901732,0.08423676011869474,-0.08423676011869474,-0.0924671187074211,0.13162194724901732,0.2240890659564384,-0.2240890659564384
/home/user/thesis/UncertaintyAndRobustnessInBNNs/runs/mlp512x1/deterministic/seed2_eps0p08_lam0p25.json,mlp512x1,deterministic,2,val,0.08,0.25,robust_eps0p08_lam0p25,0.05,all,one_minus_confidence,-0.15380854057732932,-0.3783084194556785,-0.22449987887834918,0.22449987887834918,-0.7344827706480644,-0.3783084194556785,0.35617435119238594,-0.35617435119238594
/home/user/thesis/UncertaintyAndRobustnessInBNNs/runs/mlp512x1/deterministic/seed2_eps0p08_lam0p25.json,mlp512x1,deterministic,2,val,0.08,0.25,robust_eps0p08_lam0p25,0.05,clean_correct,one_minus_confidence,-0.15341765232192714,-0.26272533032097484,-0.1093076779990477,0.1093076779990477,-0.7193488331911712,-0.26272533032097484,0.4566235028701963,-0.4566235028701963
/home/user/thesis/UncertaintyAndRobustnessInBNNs/runs/mlp512x1/deterministic/seed2_eps0p08_lam0p25.json,mlp512x1,deterministic,2,val,0.08,0.25,robust_eps0p08_lam0p25,0.05,all,predictive_entropy,-0.24253562503633297,-0.35889966619748936,-0.1163640411611564,0.1163640411611564,-0.7466309434486236,-0.35889966619748936,0.3877312772511342,-0.3877312772511342
/home/user/thesis/UncertaintyAndRobustnessInBNNs/runs/mlp512x1/deterministic/seed2_eps0p08_lam0p25.json,mlp512x1,deterministic,2,val,0.08,0.25,robust_eps0p08_lam0p25,0.05,clean_correct,predictive_entropy,-0.24743582965269678,-0.24743582965269678,0.0,-0.0,-0.7320980661911148,-0.24743582965269678,0.48466223653841806,-0.48466223653841806
/home/user/thesis/UncertaintyAndRobustnessInBNNs/runs/mlp512x1/deterministic/seed2_eps0p08_lam0p25.json,mlp512x1,deterministic,2,val,0.08,0.25,robust_eps0p08_lam0p25,0.07,all,expected_entropy,,-0.35889966619748936,,,-0.5987481314257936,-0.35889966619748936,0.23984846522830428,-0.23984846522830428
/home/user/thesis/UncertaintyAndRobustnessInBNNs/runs/mlp512x1/deterministic/seed2_eps0p08_lam0p25.json,mlp512x1,deterministic,2,val,0.08,0.25,robust_eps0p08_lam0p25,0.07,clean_correct,expected_entropy,,-0.24743582965269678,,,-0.5972864540618117,-0.24743582965269678,0.3498506244091149,-0.3498506244091149
/home/user/thesis/UncertaintyAndRobustnessInBNNs/runs/mlp512x1/deterministic/seed2_eps0p08_lam0p25.json,mlp512x1,deterministic,2,val,0.08,0.25,robust_eps0p08_lam0p25,0.07,all,mutual_information,,0.026262212306088835,,,0.10269507152545265,0.026262212306088835,-0.07643285921936382,0.07643285921936382
/home/user/thesis/UncertaintyAndRobustnessInBNNs/runs/mlp512x1/deterministic/seed2_eps0p08_lam0p25.json,mlp512x1,deterministic,2,val,0.08,0.25,robust_eps0p08_lam0p25,0.07,clean_correct,mutual_information,,0.13162194724901732,,,0.10660654552242392,0.13162194724901732,0.025015401726593403,-0.025015401726593403
/home/user/thesis/UncertaintyAndRobustnessInBNNs/runs/mlp512x1/deterministic/seed2_eps0p08_lam0p25.json,mlp512x1,deterministic,2,val,0.08,0.25,robust_eps0p08_lam0p25,0.07,all,one_minus_confidence,,-0.3783084194556785,,,-0.5089148076106743,-0.3783084194556785,0.1306063881549958,-0.1306063881549958
/home/user/thesis/UncertaintyAndRobustnessInBNNs/runs/mlp512x1/deterministic/seed2_eps0p08_lam0p25.json,mlp512x1,deterministic,2,val,0.08,0.25,robust_eps0p08_lam0p25,0.07,clean_correct,one_minus_confidence,,-0.26272533032097484,,,-0.5018863590108209,-0.26272533032097484,0.23916102868984607,-0.23916102868984607
/home/user/thesis/UncertaintyAndRobustnessInBNNs/runs/mlp512x1/deterministic/seed2_eps0p08_lam0p25.json,mlp512x1,deterministic,2,val,0.08,0.25,robust_eps0p08_lam0p25,0.07,all,predictive_entropy,,-0.35889966619748936,,,-0.5987481314257936,-0.35889966619748936,0.23984846522830428,-0.23984846522830428
/home/user/thesis/UncertaintyAndRobustnessInBNNs/runs/mlp512x1/deterministic/seed2_eps0p08_lam0p25.json,mlp512x1,deterministic,2,val,0.08,0.25,robust_eps0p08_lam0p25,0.07,clean_correct,predictive_entropy,,-0.24743582965269678,,,-0.5972864540618117,-0.24743582965269678,0.3498506244091149,-0.3498506244091149
/home/user/thesis/UncertaintyAndRobustnessInBNNs/runs/mlp512x1/deterministic/seed2_eps0p08_lam0p25.json,mlp512x1,deterministic,2,val,0.08,0.25,robust_eps0p08_lam0p25,0.08,all,expected_entropy,,-0.35889966619748936,,,-0.5746209346556741,-0.35889966619748936,0.21572126845818473,-0.21572126845818473
/home/user/thesis/UncertaintyAndRobustnessInBNNs/runs/mlp512x1/deterministic/seed2_eps0p08_lam0p25.json,mlp512x1,deterministic,2,val,0.08,0.25,robust_eps0p08_lam0p25,0.08,clean_correct,expected_entropy,,-0.24743582965269678,,,-0.5810736166622045,-0.24743582965269678,0.3336377870095077,-0.3336377870095077
/home/user/thesis/UncertaintyAndRobustnessInBNNs/runs/mlp512x1/deterministic/seed2_eps0p08_lam0p25.json,mlp512x1,deterministic,2,val,0.08,0.25,robust_eps0p08_lam0p25,0.08,all,mutual_information,,0.026262212306088835,,,0.05103908837683585,0.026262212306088835,-0.024776876070747016,0.024776876070747016
/home/user/thesis/UncertaintyAndRobustnessInBNNs/runs/mlp512x1/deterministic/seed2_eps0p08_lam0p25.json,mlp512x1,deterministic,2,val,0.08,0.25,robust_eps0p08_lam0p25,0.08,clean_correct,mutual_information,,0.13162194724901732,,,0.05448008726865018,0.13162194724901732,0.07714185998036714,-0.07714185998036714
/home/user/thesis/UncertaintyAndRobustnessInBNNs/runs/mlp512x1/deterministic/seed2_eps0p08_lam0p25.json,mlp512x1,deterministic,2,val,0.08,0.25,robust_eps0p08_lam0p25,0.08,all,one_minus_confidence,,-0.3783084194556785,,,-0.4698928531508656,-0.3783084194556785,0.0915844336951871,-0.0915844336951871
/home/user/thesis/UncertaintyAndRobustnessInBNNs/runs/mlp512x1/deterministic/seed2_eps0p08_lam0p25.json,mlp512x1,deterministic,2,val,0.08,0.25,robust_eps0p08_lam0p25,0.08,clean_correct,one_minus_confidence,,-0.26272533032097484,,,-0.4703696151042647,-0.26272533032097484,0.2076442847832899,-0.2076442847832899
/home/user/thesis/UncertaintyAndRobustnessInBNNs/runs/mlp512x1/deterministic/seed2_eps0p08_lam0p25.json,mlp512x1,deterministic,2,val,0.08,0.25,robust_eps0p08_lam0p25,0.08,all,predictive_entropy,,-0.35889966619748936,,,-0.5746209346556741,-0.35889966619748936,0.21572126845818473,-0.21572126845818473
/home/user/thesis/UncertaintyAndRobustnessInBNNs/runs/mlp512x1/deterministic/seed2_eps0p08_lam0p25.json,mlp512x1,deterministic,2,val,0.08,0.25,robust_eps0p08_lam0p25,0.08,clean_correct,predictive_entropy,,-0.24743582965269678,,,-0.5810736166622045,-0.24743582965269678,0.3336377870095077,-0.3336377870095077
/home/user/thesis/UncertaintyAndRobustnessInBNNs/runs/mlp512x1/deterministic/seed2_eps0p08_lam0p25.json,mlp512x1,deterministic,2,val,0.08,0.25,robust_eps0p08_lam0p25,0.1,all,expected_entropy,,-0.4186149978909204,,,-0.24253562503633297,-0.3116222209355803,-0.06908659589924732,0.06908659589924732
/home/user/thesis/UncertaintyAndRobustnessInBNNs/runs/mlp512x1/deterministic/seed2_eps0p08_lam0p25.json,mlp512x1,deterministic,2,val,0.08,0.25,robust_eps0p08_lam0p25,0.1,clean_correct,expected_entropy,,-0.35918946470388796,,,-0.24743582965269678,-0.18061798049303152,0.06681784915966527,-0.06681784915966527
/home/user/thesis/UncertaintyAndRobustnessInBNNs/runs/mlp512x1/deterministic/seed2_eps0p08_lam0p25.json,mlp512x1,deterministic,2,val,0.08,0.25,robust_eps0p08_lam0p25,0.1,all,mutual_information,,0.36022090077394603,,,0.044550568740645925,0.06641448223366116,0.02186391349301523,-0.02186391349301523
/home/user/thesis/UncertaintyAndRobustnessInBNNs/runs/mlp512x1/deterministic/seed2_eps0p08_lam0p25.json,mlp512x1,deterministic,2,val,0.08,0.25,robust_eps0p08_lam0p25,0.1,clean_correct,mutual_information,,0.42216311001302326,,,0.04738518713032258,0.15804931161144317,0.11066412448112059,-0.11066412448112059
/home/user/thesis/UncertaintyAndRobustnessInBNNs/runs/mlp512x1/deterministic/seed2_eps0p08_lam0p25.json,mlp512x1,deterministic,2,val,0.08,0.25,robust_eps0p08_lam0p25,0.1,all,one_minus_confidence,,-0.4002062694572931,,,-0.15380854057732932,-0.3392439297416826,-0.1854353891643533,0.1854353891643533
/home/user/thesis/UncertaintyAndRobustnessInBNNs/runs/mlp512x1/deterministic/seed2_eps0p08_lam0p25.json,mlp512x1,deterministic,2,val,0.08,0.25,robust_eps0p08_lam0p25,0.1,clean_correct,one_minus_confidence,,-0.33420284362382735,,,-0.15341765232192714,-0.20776024451002031,-0.054342592188093175,0.054342592188093175
/home/user/thesis/UncertaintyAndRobustnessInBNNs/runs/mlp512x1/deterministic/seed2_eps0p08_lam0p25.json,mlp512x1,deterministic,2,val,0.08,0.25,robust_eps0p08_lam0p25,0.1,all,predictive_entropy,,-0.4186149978909204,,,-0.24253562503633297,-0.3116222209355803,-0.06908659589924732,0.06908659589924732
/home/user/thesis/UncertaintyAndRobustnessInBNNs/runs/mlp512x1/deterministic/seed2_eps0p08_lam0p25.json,mlp512x1,deterministic,2,val,0.08,0.25,robust_eps0p08_lam0p25,0.1,clean_correct,predictive_entropy,,-0.35918946470388796,,,-0.24743582965269678,-0.18061798049303152,0.06681784915966527,-0.06681784915966527
/home/user/thesis/UncertaintyAndRobustnessInBNNs/runs/mlp512x1/deterministic/seed3_eps0p08_lam0p25.json,mlp512x1,deterministic,3,val,0.08,0.25,robust_eps0p08_lam0p25,0.01,all,expected_entropy,-0.3394791575920026,-0.31118922779266905,0.028289929799333535,-0.028289929799333535,-0.3394791575920026,-0.31118922779266905,0.028289929799333535,-0.028289929799333535
/home/user/thesis/UncertaintyAndRobustnessInBNNs/runs/mlp512x1/deterministic/seed3_eps0p08_lam0p25.json,mlp512x1,deterministic,3,val,0.08,0.25,robust_eps0p08_lam0p25,0.01,clean_correct,expected_entropy,-0.2449489742783178,,,,-0.2449489742783178,,,
/home/user/thesis/UncertaintyAndRobustnessInBNNs/runs/mlp512x1/deterministic/seed3_eps0p08_lam0p25.json,mlp512x1,deterministic,3,val,0.08,0.25,robust_eps0p08_lam0p25,0.01,all,mutual_information,-0.07072991927385033,0.03536495963692517,0.1060948789107755,-0.1060948789107755,-0.07072991927385033,0.03536495963692517,0.1060948789107755,-0.1060948789107755
/home/user/thesis/UncertaintyAndRobustnessInBNNs/runs/mlp512x1/deterministic/seed3_eps0p08_lam0p25.json,mlp512x1,deterministic,3,val,0.08,0.25,robust_eps0p08_lam0p25,0.01,clean_correct,mutual_information,0.13269084970133296,,,,0.13269084970133296,,,
/home/user/thesis/UncertaintyAndRobustnessInBNNs/runs/mlp512x1/deterministic/seed3_eps0p08_lam0p25.json,mlp512x1,deterministic,3,val,0.08,0.25,robust_eps0p08_lam0p25,0.01,all,one_minus_confidence,-0.3721507255161059,-0.33903175181040524,0.03311897370570066,-0.03311897370570066,-0.3721507255161059,-0.33903175181040524,0.03311897370570066,-0.03311897370570066
/home/user/thesis/UncertaintyAndRobustnessInBNNs/runs/mlp512x1/deterministic/seed3_eps0p08_lam0p25.json,mlp512x1,deterministic,3,val,0.08,0.25,robust_eps0p08_lam0p25,0.01,clean_correct,one_minus_confidence,-0.270232002768764,,,,-0.270232002768764,,,
/home/user/thesis/UncertaintyAndRobustnessInBNNs/runs/mlp512x1/deterministic/seed3_eps0p08_lam0p25.json,mlp512x1,deterministic,3,val,0.08,0.25,robust_eps0p08_lam0p25,0.01,all,predictive_entropy,-0.3394791575920026,-0.31118922779266905,0.028289929799333535,-0.028289929799333535,-0.3394791575920026,-0.31118922779266905,0.028289929799333535,-0.028289929799333535
/home/user/thesis/UncertaintyAndRobustnessInBNNs/runs/mlp512x1/deterministic/seed3_eps0p08_lam0p25.json,mlp512x1,deterministic,3,val,0.08,0.25,robust_eps0p08_lam0p25,0.01,clean_correct,predictive_entropy,-0.2449489742783178,,,,-0.2449489742783178,,,
/home/user/thesis/UncertaintyAndRobustnessInBNNs/runs/mlp512x1/deterministic/seed3_eps0p08_lam0p25.json,mlp512x1,deterministic,3,val,0.08,0.25,robust_eps0p08_lam0p25,0.05,all,expected_entropy,-0.24253562503633297,-0.31118922779266905,-0.06865360275633609,0.06865360275633609,-0.7252236400252489,-0.31118922779266905,0.4140344122325798,-0.4140344122325798
/home/user/thesis/UncertaintyAndRobustnessInBNNs/runs/mlp512x1/deterministic/seed3_eps0p08_lam0p25.json,mlp512x1,deterministic,3,val,0.08,0.25,robust_eps0p08_lam0p25,0.05,clean_correct,expected_entropy,-0.2449489742783178,,,,-0.7192092313013998,,,
/home/user/thesis/UncertaintyAndRobustnessInBNNs/runs/mlp512x1/deterministic/seed3_eps0p08_lam0p25.json,mlp512x1,deterministic,3,val,0.08,0.25,robust_eps0p08_lam0p25,0.05,all,mutual_information,0.10395132706150716,0.03536495963692517,-0.06858636742458199,0.06858636742458199,0.6160753759139795,0.03536495963692517,-0.5807104162770543,0.5807104162770543
/home/user/thesis/UncertaintyAndRobustnessInBNNs/runs/mlp512x1/deterministic/seed3_eps0p08_lam0p25.json,mlp512x1,deterministic,3,val,0.08,0.25,robust_eps0p08_lam0p25,0.05,clean_correct,mutual_information,0.11227687282420482,,,,0.6798629328992815,,,
/home/user/thesis/UncertaintyAndRobustnessInBNNs/runs/mlp512x1/deterministic/seed3_eps0p08_lam0p25.json,mlp512x1,deterministic,3,val,0.08,0.25,robust_eps0p08_lam0p25,0.05,all,one_minus_confidence,-0.12479955864990148,-0.33903175181040524,-0.21423219316050374,0.21423219316050374,-0.6752878942953259,-0.33903175181040524,0.33625614248492064,-0.33625614248492064
/home/user/thesis/UncertaintyAndRobustnessInBNNs/runs/mlp512x1/deterministic/seed3_eps0p08_lam0p25.json,mlp512x1,deterministic,3,val,0.08,0.25,robust_eps0p08_lam0p25,0.05,clean_correct,one_minus_confidence,-0.12385633460235017,,,,-0.6678788819307017,,,
/home/user/thesis/UncertaintyAndRobustnessInBNNs/runs/mlp512x1/deterministic/seed3_eps0p08_lam0p25.json,mlp512x1,deterministic,3,val,0.08,0.25,robust_eps0p08_lam0p25,0.05,all,predictive_entropy,-0.24253562503633297,-0.31118922779266905,-0.06865360275633609,0.06865360275633609,-0.7252236400252489,-0.31118922779266905,0.4140344122325798,-0.4140344122325798
/home/user/thesis/UncertaintyAndRobustnessInBNNs/runs/mlp512x1/deterministic/seed3_eps0p08_lam0p25.json,mlp512x1,deterministic,3,val,0.08,0.25,robust_eps0p08_lam0p25,0.05,clean_correct,predictive_entropy,-0.2449489742783178,,,,-0.7192092313013998,,,
/home/user/thesis/UncertaintyAndRobustnessInBNNs/runs/mlp512x1/deterministic/seed3_eps0p08_lam0p25.json,mlp512x1,deterministic,3,val,0.08,0.25,robust_eps0p08_lam0p25,0.07,all,expected_entropy,,-0.4781416607859136,,,-0.6674546282630741,-0.39391426777773225,0.27354036048534186,-0.27354036048534186
/home/user/thesis/UncertaintyAndRobustnessInBNNs/runs/mlp512x1/deterministic/seed3_eps0p08_lam0p25.json,mlp512x1,deterministic,3,val,0.08,0.25,robust_eps0p08_lam0p25,0.07,clean_correct,expected_entropy,,-0.3758652230450786,,,-0.6709630299500923,-0.24743582965269678,0.4235272002973955,-0.4235272002973955
/home/user/thesis/UncertaintyAndRobustnessInBNNs/runs/mlp512x1/deterministic/seed3_eps0p08_lam0p25.json,mlp512x1,deterministic,3,val,0.08,0.25,robust_eps0p08_lam0p25,0.07,all,mutual_information,,-0.2240728605548043,,,0.3496442763636952,-0.11380565271694093,-0.46344992908063615,0.46344992908063615
/home/user/thesis/UncertaintyAndRobustnessInBNNs/runs/mlp512x1/deterministic/seed3_eps0p08_lam0p25.json,mlp512x1,deterministic,3,val,0.08,0.25,robust_eps0p08_lam0p25,0.07,clean_correct,mutual_information,,-0.3261905945928984,,,0.38047207400139177,-0.24745597723612908,-0.6279280512375208,0.6279280512375208
/home/user/thesis/UncertaintyAndRobustnessInBNNs/runs/mlp512x1/deterministic/seed3_eps0p08_lam0p25.json,mlp512x1,deterministic,3,val,0.08,0.25,robust_eps0p08_lam0p25,0.07,all,one_minus_confidence,,-0.520921646355278,,,-0.4639542192085251,-0.4291583137857697,0.0347959054227554,-0.0347959054227554
/home/user/thesis/UncertaintyAndRobustnessInBNNs/runs/mlp512x1/deterministic/seed3_eps0p08_lam0p25.json,mlp512x1,deterministic,3,val,0.08,0.25,robust_eps0p08_lam0p25,0.07,clean_correct,one_minus_confidence,,-0.41457566538880486,,,-0.46168247165170617,-0.27291930040304613,0.18876317124866004,-0.18876317124866004
/home/user/thesis/UncertaintyAndRobustnessInBNNs/runs/mlp512x1/deterministic/seed3_eps0p08_lam0p25.json,mlp512x1,deterministic,3,val,0.08,0.25,robust_eps0p08_lam0p25,0.07,all,predictive_entropy,,-0.4781416607859136,,,-0.6674546282630741,-0.39391426777773225,0.27354036048534186,-0.27354036048534186
/home/user/thesis/UncertaintyAndRobustnessInBNNs/runs/mlp512x1/deterministic/seed3_eps0p08_lam0p25.json,mlp512x1,deterministic,3,val,0.08,0.25,robust_eps0p08_lam0p25,0.07,clean_correct,predictive_entropy,,-0.3758652230450786,,,-0.6709630299500923,-0.24743582965269678,0.4235272002973955,-0.4235272002973955
/home/user/thesis/UncertaintyAndRobustnessInBNNs/runs/mlp512x1/deterministic/seed3_eps0p08_lam0p25.json,mlp512x1,deterministic,3,val,0.08,0.25,robust_eps0p08_lam0p25,0.08,all,expected_entropy,,-0.4781416607859136,,,-0.5245786884661675,-0.39391426777773225,0.13066442068843526,-0.13066442068843526
/home/user/thesis/UncertaintyAndRobustnessInBNNs/runs/mlp512x1/deterministic/seed3_eps0p08_lam0p25.json,mlp512x1,deterministic,3,val,0.08,0.25,robust_eps0p08_lam0p25,0.08,clean_correct,expected_entropy,,-0.3758652230450786,,,-0.5282705437953743,-0.24743582965269678,0.2808347141426775,-0.2808347141426775
/home/user/thesis/UncertaintyAndRobustnessInBNNs/runs/mlp512x1/deterministic/seed3_eps0p08_lam0p25.json,mlp512x1,deterministic,3,val,0.08,0.25,robust_eps0p08_lam0p25,0.08,all,mutual_information,,-0.2240728605548043,,,0.221789079846207,-0.11380565271694093,-0.3355947325631479,0.3355947325631479
/home/user/thesis/UncertaintyAndRobustnessInBNNs/runs/mlp512x1/deterministic/seed3_eps0p08_lam0p25.json,mlp512x1,deterministic,3,val,0.08,0.25,robust_eps0p08_lam0p25,0.08,clean_correct,mutual_information,,-0.3261905945928984,,,0.24214253126487553,-0.24745597723612908,-0.4895985085010046,0.4895985085010046
/home/user/thesis/UncertaintyAndRobustnessInBNNs/runs/mlp512x1/deterministic/seed3_eps0p08_lam0p25.json,mlp512x1,deterministic,3,val,0.08,0.25,robust_eps0p08_lam0p25,0.08,all,one_minus_confidence,,-0.520921646355278,,,-0.3225970387033601,-0.4291583137857697,-0.10656127508240959,0.10656127508240959
/home/user/thesis/UncertaintyAndRobustnessInBNNs/runs/mlp512x1/deterministic/seed3_eps0p08_lam0p25.json,mlp512x1,deterministic,3,val,0.08,0.25,robust_eps0p08_lam0p25,0.08,clean_correct,one_minus_confidence,,-0.41457566538880486,,,-0.3205385289356258,-0.27291930040304613,0.04761922853257966,-0.04761922853257966
/home/user/thesis/UncertaintyAndRobustnessInBNNs/runs/mlp512x1/deterministic/seed3_eps0p08_lam0p25.json,mlp512x1,deterministic,3,val,0.08,0.25,robust_eps0p08_lam0p25,0.08,all,predictive_entropy,,-0.4781416607859136,,,-0.5245786884661675,-0.39391426777773225,0.13066442068843526,-0.13066442068843526
/home/user/thesis/UncertaintyAndRobustnessInBNNs/runs/mlp512x1/deterministic/seed3_eps0p08_lam0p25.json,mlp512x1,deterministic,3,val,0.08,0.25,robust_eps0p08_lam0p25,0.08,clean_correct,predictive_entropy,,-0.3758652230450786,,,-0.5282705437953743,-0.24743582965269678,0.2808347141426775,-0.2808347141426775
/home/user/thesis/UncertaintyAndRobustnessInBNNs/runs/mlp512x1/deterministic/seed3_eps0p08_lam0p25.json,mlp512x1,deterministic,3,val,0.08,0.25,robust_eps0p08_lam0p25,0.1,all,expected_entropy,,-0.503959509036486,,,-0.3394791575920026,-0.2814475140708025,0.058031643521200105,-0.058031643521200105
/home/user/thesis/UncertaintyAndRobustnessInBNNs/runs/mlp512x1/deterministic/seed3_eps0p08_lam0p25.json,mlp512x1,deterministic,3,val,0.08,0.25,robust_eps0p08_lam0p25,0.1,clean_correct,expected_entropy,,-0.43831116969384165,,,-0.34278273002005216,-0.13728208290510693,0.20550064711494523,-0.20550064711494523
/home/user/thesis/UncertaintyAndRobustnessInBNNs/runs/mlp512x1/deterministic/seed3_eps0p08_lam0p25.json,mlp512x1,deterministic,3,val,0.08,0.25,robust_eps0p08_lam0p25,0.1,all,mutual_information,,-0.16431211444072424,,,0.1343868466203156,-0.22109637270216298,-0.3554832193224786,0.3554832193224786
/home/user/thesis/UncertaintyAndRobustnessInBNNs/runs/mlp512x1/deterministic/seed3_eps0p08_lam0p25.json,mlp512x1,deterministic,3,val,0.08,0.25,robust_eps0p08_lam0p25,0.1,clean_correct,mutual_information,,-0.20038713572351086,,,0.14587615591664502,-0.29874849819681387,-0.44462465411345886,0.44462465411345886
/home/user/thesis/UncertaintyAndRobustnessInBNNs/runs/mlp512x1/deterministic/seed3_eps0p08_lam0p25.json,mlp512x1,deterministic,3,val,0.08,0.25,robust_eps0p08_lam0p25,0.1,all,one_minus_confidence,,-0.4802031262989322,,,-0.1783222226431341,-0.21908269420013615,-0.04076047155700205,0.04076047155700205
/home/user/thesis/UncertaintyAndRobustnessInBNNs/runs/mlp512x1/deterministic/seed3_eps0p08_lam0p25.json,mlp512x1,deterministic,3,val,0.08,0.25,robust_eps0p08_lam0p25,0.1,clean_correct,one_minus_confidence,,-0.4045218426310933,,,-0.1770128974522319,-0.04042404518341381,0.1365888522688181,-0.1365888522688181
/home/user/thesis/UncertaintyAndRobustnessInBNNs/runs/mlp512x1/deterministic/seed3_eps0p08_lam0p25.json,mlp512x1,deterministic,3,val,0.08,0.25,robust_eps0p08_lam0p25,0.1,all,predictive_entropy,,-0.503959509036486,,,-0.3394791575920026,-0.2814475140708025,0.058031643521200105,-0.058031643521200105
/home/user/thesis/UncertaintyAndRobustnessInBNNs/runs/mlp512x1/deterministic/seed3_eps0p08_lam0p25.json,mlp512x1,deterministic,3,val,0.08,0.25,robust_eps0p08_lam0p25,0.1,clean_correct,predictive_entropy,,-0.43831116969384165,,,-0.34278273002005216,-0.13728208290510693,0.20550064711494523,-0.20550064711494523
/home/user/thesis/UncertaintyAndRobustnessInBNNs/runs/mlp512x1/deterministic/seed4_eps0p08_lam0p25.json,mlp512x1,deterministic,4,val,0.08,0.25,robust_eps0p08_lam0p25,0.01,all,expected_entropy,-0.3394791575920026,-0.3182617102425025,0.021217447349500096,-0.021217447349500096,-0.3394791575920026,-0.3182617102425025,0.021217447349500096,-0.021217447349500096
/home/user/thesis/UncertaintyAndRobustnessInBNNs/runs/mlp512x1/deterministic/seed4_eps0p08_lam0p25.json,mlp512x1,deterministic,4,val,0.08,0.25,robust_eps0p08_lam0p25,0.01,clean_correct,expected_entropy,,,,,,,,
/home/user/thesis/UncertaintyAndRobustnessInBNNs/runs/mlp512x1/deterministic/seed4_eps0p08_lam0p25.json,mlp512x1,deterministic,4,val,0.08,0.25,robust_eps0p08_lam0p25,0.01,all,mutual_information,0.24048172553109112,-0.014145983854770066,-0.2546277093858612,0.2546277093858612,0.24048172553109112,-0.014145983854770066,-0.2546277093858612,0.2546277093858612
/home/user/thesis/UncertaintyAndRobustnessInBNNs/runs/mlp512x1/deterministic/seed4_eps0p08_lam0p25.json,mlp512x1,deterministic,4,val,0.08,0.25,robust_eps0p08_lam0p25,0.01,clean_correct,mutual_information,,,,,,,,
/home/user/thesis/UncertaintyAndRobustnessInBNNs/runs/mlp512x1/deterministic/seed4_eps0p08_lam0p25.json,mlp512x1,deterministic,4,val,0.08,0.25,robust_eps0p08_lam0p25,0.01,all,one_minus_confidence,-0.3741423555108758,-0.35052342368215594,0.02361893182871988,-0.02361893182871988,-0.3741423555108758,-0.35052342368215594,0.02361893182871988,-0.02361893182871988
/home/user/thesis/UncertaintyAndRobustnessInBNNs/runs/mlp512x1/deterministic/seed4_eps0p08_lam0p25.json,mlp512x1,deterministic,4,val,0.08,0.25,robust_eps0p08_lam0p25,0.01,clean_correct,one_minus_confidence,,,,,,,,
/home/user/thesis/UncertaintyAndRobustnessInBNNs/runs/mlp512x1/deterministic/seed4_eps0p08_lam0p25.json,mlp512x1,deterministic,4,val,0.08,0.25,robust_eps0p08_lam0p25,0.01,all,predictive_entropy,-0.3394791575920026,-0.3182617102425025,0.021217447349500096,-0.021217447349500096,-0.3394791575920026,-0.3182617102425025,0.021217447349500096,-0.021217447349500096
/home/user/thesis/UncertaintyAndRobustnessInBNNs/runs/mlp512x1/deterministic/seed4_eps0p08_lam0p25.json,mlp512x1,deterministic,4,val,0.08,0.25,robust_eps0p08_lam0p25,0.01,clean_correct,predictive_entropy,,,,,,,,
/home/user/thesis/UncertaintyAndRobustnessInBNNs/runs/mlp512x1/deterministic/seed4_eps0p08_lam0p25.json,mlp512x1,deterministic,4,val,0.08,0.25,robust_eps0p08_lam0p25,0.05,all,expected_entropy,,-0.39391426777773225,,,-0.7369244368564076,-0.3182617102425025,0.41866272661390513,-0.41866272661390513
/home/user/thesis/UncertaintyAndRobustnessInBNNs/runs/mlp512x1/deterministic/seed4_eps0p08_lam0p25.json,mlp512x1,deterministic,4,val,0.08,0.25,robust_eps0p08_lam0p25,0.05,clean_correct,expected_entropy,,-0.23690664541215647,,,-0.7203716884569646,,,
/home/user/thesis/UncertaintyAndRobustnessInBNNs/runs/mlp512x1/deterministic/seed4_eps0p08_lam0p25.json,mlp512x1,deterministic,4,val,0.08,0.25,robust_eps0p08_lam0p25,0.05,all,mutual_information,,-0.12547802735457592,,,0.11210797465810927,-0.014145983854770066,-0.12625395851287935,0.12625395851287935
/home/user/thesis/UncertaintyAndRobustnessInBNNs/runs/mlp512x1/deterministic/seed4_eps0p08_lam0p25.json,mlp512x1,deterministic,4,val,0.08,0.25,robust_eps0p08_lam0p25,0.05,clean_correct,mutual_information,,-0.20533581089806457,,,0.042997669803440865,,,
/home/user/thesis/UncertaintyAndRobustnessInBNNs/runs/mlp512x1/deterministic/seed4_eps0p08_lam0p25.json,mlp512x1,deterministic,4,val,0.08,0.25,robust_eps0p08_lam0p25,0.05,all,one_minus_confidence,,-0.44027209768986064,,,-0.7068635671647882,-0.35052342368215594,0.3563401434826322,-0.3563401434826322
/home/user/thesis/UncertaintyAndRobustnessInBNNs/runs/mlp512x1/deterministic/seed4_eps0p08_lam0p25.json,mlp512x1,deterministic,4,val,0.08,0.25,robust_eps0p08_lam0p25,0.05,clean_correct,one_minus_confidence,,-0.27638114543134534,,,-0.6875682253107984,,,
/home/user/thesis/UncertaintyAndRobustnessInBNNs/runs/mlp512x1/deterministic/seed4_eps0p08_lam0p25.json,mlp512x1,deterministic,4,val,0.08,0.25,robust_eps0p08_lam0p25,0.05,all,predictive_entropy,,-0.39391426777773225,,,-0.7369244368564076,-0.3182617102425025,0.41866272661390513,-0.41866272661390513
/home/user/thesis/UncertaintyAndRobustnessInBNNs/runs/mlp512x1/deterministic/seed4_eps0p08_lam0p25.json,mlp512x1,deterministic,4,val,0.08,0.25,robust_eps0p08_lam0p25,0.05,clean_correct,predictive_entropy,,-0.23690664541215647,,,-0.7203716884569646,,,
/home/user/thesis/UncertaintyAndRobustnessInBNNs/runs/mlp512x1/deterministic/seed4_eps0p08_lam0p25.json,mlp512x1,deterministic,4,val,0.08,0.25,robust_eps0p08_lam0p25,0.07,all,expected_entropy,,-0.39391426777773225,,,-0.6402776780155133,-0.39391426777773225,0.24636341023778102,-0.24636341023778102
/home/user/thesis/UncertaintyAndRobustnessInBNNs/runs/mlp512x1/deterministic/seed4_eps0p08_lam0p25.json,mlp512x1,deterministic,4,val,0.08,0.25,robust_eps0p08_lam0p25,0.07,clean_correct,expected_entropy,,-0.23690664541215647,,,-0.6418111692899814,-0.23690664541215647,0.40490452387782494,-0.40490452387782494
/home/user/thesis/UncertaintyAndRobustnessInBNNs/runs/mlp512x1/deterministic/seed4_eps0p08_lam0p25.json,mlp512x1,deterministic,4,val,0.08,0.25,robust_eps0p08_lam0p25,0.07,all,mutual_information,,-0.12547802735457592,,,0.10482034486912392,-0.12547802735457592,-0.23029837222369984,0.23029837222369984
/home/user/thesis/UncertaintyAndRobustnessInBNNs/runs/mlp512x1/deterministic/seed4_eps0p08_lam0p25.json,mlp512x1,deterministic,4,val,0.08,0.25,robust_eps0p08_lam0p25,0.07,clean_correct,mutual_information,,-0.20533581089806457,,,0.06850009231078659,-0.20533581089806457,-0.27383590320885115,0.27383590320885115
/home/user/thesis/UncertaintyAndRobustnessInBNNs/runs/mlp512x1/deterministic/seed4_eps0p08_lam0p25.json,mlp512x1,deterministic,4,val,0.08,0.25,robust_eps0p08_lam0p25,0.07,all,one_minus_confidence,,-0.44027209768986064,,,-0.4963531477706742,-0.44027209768986064,0.056081050080813544,-0.056081050080813544
/home/user/thesis/UncertaintyAndRobustnessInBNNs/runs/mlp512x1/deterministic/seed4_eps0p08_lam0p25.json,mlp512x1,deterministic,4,val,0.08,0.25,robust_eps0p08_lam0p25,0.07,clean_correct,one_minus_confidence,,-0.27638114543134534,,,-0.4900270688534408,-0.27638114543134534,0.21364592342209543,-0.21364592342209543
/home/user/thesis/UncertaintyAndRobustnessInBNNs/runs/mlp512x1/deterministic/seed4_eps0p08_lam0p25.json,mlp512x1,deterministic,4,val,0.08,0.25,robust_eps0p08_lam0p25,0.07,all,predictive_entropy,,-0.39391426777773225,,,-0.6402776780155133,-0.39391426777773225,0.24636341023778102,-0.24636341023778102
/home/user/thesis/UncertaintyAndRobustnessInBNNs/runs/mlp512x1/deterministic/seed4_eps0p08_lam0p25.json,mlp512x1,deterministic,4,val,0.08,0.25,robust_eps0p08_lam0p25,0.07,clean_correct,predictive_entropy,,-0.23690664541215647,,,-0.6418111692899814,-0.23690664541215647,0.40490452387782494,-0.40490452387782494
/home/user/thesis/UncertaintyAndRobustnessInBNNs/runs/mlp512x1/deterministic/seed4_eps0p08_lam0p25.json,mlp512x1,deterministic,4,val,0.08,0.25,robust_eps0p08_lam0p25,0.08,all,expected_entropy,,-0.3838380647313421,,,-0.4589777733703286,-0.39391426777773225,0.06506350559259633,-0.06506350559259633
/home/user/thesis/UncertaintyAndRobustnessInBNNs/runs/mlp512x1/deterministic/seed4_eps0p08_lam0p25.json,mlp512x1,deterministic,4,val,0.08,0.25,robust_eps0p08_lam0p25,0.08,clean_correct,expected_entropy,,-0.2611731682897846,,,-0.46446017880636414,-0.23690664541215647,0.22755353339420767,-0.22755353339420767
/home/user/thesis/UncertaintyAndRobustnessInBNNs/runs/mlp512x1/deterministic/seed4_eps0p08_lam0p25.json,mlp512x1,deterministic,4,val,0.08,0.25,robust_eps0p08_lam0p25,0.08,all,mutual_information,,-0.221789079846207,,,0.16792854217897038,-0.12547802735457592,-0.29340656953354627,0.29340656953354627
/home/user/thesis/UncertaintyAndRobustnessInBNNs/runs/mlp512x1/deterministic/seed4_eps0p08_lam0p25.json,mlp512x1,deterministic,4,val,0.08,0.25,robust_eps0p08_lam0p25,0.08,clean_correct,mutual_information,,-0.2720775358778472,,,0.15432031426021556,-0.20533581089806457,-0.35965612515828016,0.35965612515828016
/home/user/thesis/UncertaintyAndRobustnessInBNNs/runs/mlp512x1/deterministic/seed4_eps0p08_lam0p25.json,mlp512x1,deterministic,4,val,0.08,0.25,robust_eps0p08_lam0p25,0.08,all,one_minus_confidence,,-0.36403227246584957,,,-0.2797802081309433,-0.44027209768986064,-0.16049188955891736,0.16049188955891736
/home/user/thesis/UncertaintyAndRobustnessInBNNs/runs/mlp512x1/deterministic/seed4_eps0p08_lam0p25.json,mlp512x1,deterministic,4,val,0.08,0.25,robust_eps0p08_lam0p25,0.08,clean_correct,one_minus_confidence,,-0.21575531258076916,,,-0.2748895998283149,-0.27638114543134534,-0.001491545603030442,0.001491545603030442
/home/user/thesis/UncertaintyAndRobustnessInBNNs/runs/mlp512x1/deterministic/seed4_eps0p08_lam0p25.json,mlp512x1,deterministic,4,val,0.08,0.25,robust_eps0p08_lam0p25,0.08,all,predictive_entropy,,-0.3838380647313421,,,-0.4589777733703286,-0.39391426777773225,0.06506350559259633,-0.06506350559259633
/home/user/thesis/UncertaintyAndRobustnessInBNNs/runs/mlp512x1/deterministic/seed4_eps0p08_lam0p25.json,mlp512x1,deterministic,4,val,0.08,0.25,robust_eps0p08_lam0p25,0.08,clean_correct,predictive_entropy,,-0.2611731682897846,,,-0.46446017880636414,-0.23690664541215647,0.22755353339420767,-0.22755353339420767
/home/user/thesis/UncertaintyAndRobustnessInBNNs/runs/mlp512x1/deterministic/seed4_eps0p08_lam0p25.json,mlp512x1,deterministic,4,val,0.08,0.25,robust_eps0p08_lam0p25,0.1,all,expected_entropy,,-0.5405079643666849,,,-0.24253562503633297,-0.40422604172722165,-0.16169041669088868,0.16169041669088868
/home/user/thesis/UncertaintyAndRobustnessInBNNs/runs/mlp512x1/deterministic/seed4_eps0p08_lam0p25.json,mlp512x1,deterministic,4,val,0.08,0.25,robust_eps0p08_lam0p25,0.1,clean_correct,expected_entropy,,-0.4761575469870842,,,-0.24743582965269678,-0.27646285000836357,-0.02902702035566679,0.02902702035566679
/home/user/thesis/UncertaintyAndRobustnessInBNNs/runs/mlp512x1/deterministic/seed4_eps0p08_lam0p25.json,mlp512x1,deterministic,4,val,0.08,0.25,robust_eps0p08_lam0p25,0.1,all,mutual_information,,-0.20097256565224716,,,0.044550568740645925,-0.2979938042429872,-0.34254437298363316,0.34254437298363316
/home/user/thesis/UncertaintyAndRobustnessInBNNs/runs/mlp512x1/deterministic/seed4_eps0p08_lam0p25.json,mlp512x1,deterministic,4,val,0.08,0.25,robust_eps0p08_lam0p25,0.1,clean_correct,mutual_information,,-0.22599147311440076,,,0.03685514554580646,-0.3883221364201171,-0.4251772819659235,0.4251772819659235
/home/user/thesis/UncertaintyAndRobustnessInBNNs/runs/mlp512x1/deterministic/seed4_eps0p08_lam0p25.json,mlp512x1,deterministic,4,val,0.08,0.25,robust_eps0p08_lam0p25,0.1,all,one_minus_confidence,,-0.545690244092443,,,-0.12001233909298695,-0.4502898517685893,-0.33027751267560235,0.33027751267560235
/home/user/thesis/UncertaintyAndRobustnessInBNNs/runs/mlp512x1/deterministic/seed4_eps0p08_lam0p25.json,mlp512x1,deterministic,4,val,0.08,0.25,robust_eps0p08_lam0p25,0.1,clean_correct,one_minus_confidence,,-0.4732643475722732,,,-0.1177006947750297,-0.3157431893416141,-0.1980424945665844,0.1980424945665844
/home/user/thesis/UncertaintyAndRobustnessInBNNs/runs/mlp512x1/deterministic/seed4_eps0p08_lam0p25.json,mlp512x1,deterministic,4,val,0.08,0.25,robust_eps0p08_lam0p25,0.1,all,predictive_entropy,,-0.5405079643666849,,,-0.24253562503633297,-0.40422604172722165,-0.16169041669088868,0.16169041669088868
/home/user/thesis/UncertaintyAndRobustnessInBNNs/runs/mlp512x1/deterministic/seed4_eps0p08_lam0p25.json,mlp512x1,deterministic,4,val,0.08,0.25,robust_eps0p08_lam0p25,0.1,clean_correct,predictive_entropy,,-0.4761575469870842,,,-0.24743582965269678,-0.27646285000836357,-0.02902702035566679,0.02902702035566679
/home/user/thesis/UncertaintyAndRobustnessInBNNs/runs/mlp512x1/mc_dropout/seed0_eps0p08_lam0p25.json,mlp512x1,mc_dropout,0,val,0.08,0.25,robust_eps0p08_lam0p25,0.01,all,expected_entropy,-0.6975125898971639,-0.36067138131937637,0.33684120857778754,-0.33684120857778754,-0.5877120295842695,-0.36168611872523093,0.22602591085903856,-0.22602591085903856
/home/user/thesis/UncertaintyAndRobustnessInBNNs/runs/mlp512x1/mc_dropout/seed0_eps0p08_lam0p25.json,mlp512x1,mc_dropout,0,val,0.08,0.25,robust_eps0p08_lam0p25,0.01,clean_correct,expected_entropy,-0.6505877515860401,-0.2709561601914639,0.3796315913945762,-0.3796315913945762,-0.5103289957359867,-0.27205538363519227,0.2382736121007944,-0.2382736121007944
/home/user/thesis/UncertaintyAndRobustnessInBNNs/runs/mlp512x1/mc_dropout/seed0_eps0p08_lam0p25.json,mlp512x1,mc_dropout,0,val,0.08,0.25,robust_eps0p08_lam0p25,0.01,all,mutual_information,-0.6838230904692756,-0.3416931562051195,0.3421299342641561,-0.3421299342641561,-0.5764894678059134,-0.34278444302913835,0.23370502477677502,-0.23370502477677502
/home/user/thesis/UncertaintyAndRobustnessInBNNs/runs/mlp512x1/mc_dropout/seed0_eps0p08_lam0p25.json,mlp512x1,mc_dropout,0,val,0.08,0.25,robust_eps0p08_lam0p25,0.01,clean_correct,mutual_information,-0.634350813246542,-0.27050305624465537,0.3638477570018866,-0.3638477570018866,-0.49589441431195974,-0.27205538363519227,0.22383903067676747,-0.22383903067676747
/home/user/thesis/UncertaintyAndRobustnessInBNNs/runs/mlp512x1/mc_dropout/seed0_eps0p08_lam0p25.json,mlp512x1,mc_dropout,0,val,0.08,0.25,robust_eps0p08_lam0p25,0.01,all,one_minus_confidence,-0.6933289706987834,-0.3564509053203392,0.3368780653784442,-0.3368780653784442,-0.5873049827962584,-0.35771953200108353,0.2295854507951749,-0.2295854507951749
/home/user/thesis/UncertaintyAndRobustnessInBNNs/runs/mlp512x1/mc_dropout/seed0_eps0p08_lam0p25.json,mlp512x1,mc_dropout,0,val,0.08,0.25,robust_eps0p08_lam0p25,0.01,clean_correct,one_minus_confidence,-0.6452630021457082,-0.26527989425739534,0.37998310788831285,-0.37998310788831285,-0.5103982576892834,-0.26671563094655737,0.243682626742726,-0.243682626742726
/home/user/thesis/UncertaintyAndRobustnessInBNNs/runs/mlp512x1/mc_dropout/seed0_eps0p08_lam0p25.json,mlp512x1,mc_dropout,0,val,0.08,0.25,robust_eps0p08_lam0p25,0.01,all,predictive_entropy,-0.692179018691493,-0.3563310697461607,0.3358479489453323,-0.3358479489453323,-0.5841303609316028,-0.35759926992607577,0.22653109100552699,-0.22653109100552699
/home/user/thesis/UncertaintyAndRobustnessInBNNs/runs/mlp512x1/mc_dropout/seed0_eps0p08_lam0p25.json,mlp512x1,mc_dropout,0,val,0.08,0.25,robust_eps0p08_lam0p25,0.01,clean_correct,predictive_entropy,-0.6443427753016177,-0.26517908486965586,0.3791636904319618,-0.3791636904319618,-0.5055174685946443,-0.26661427596248843,0.23890319263215587,-0.23890319263215587
/home/user/thesis/UncertaintyAndRobustnessInBNNs/runs/mlp512x1/mc_dropout/seed0_eps0p08_lam0p25.json,mlp512x1,mc_dropout,0,val,0.08,0.25,robust_eps0p08_lam0p25,0.05,all,expected_entropy,-0.24253562503633297,-0.46208776165079046,-0.2195521366144575,0.2195521366144575,-0.7648583747901425,-0.5443262324330155,0.22053214235712704,-0.22053214235712704
/home/user/thesis/UncertaintyAndRobustnessInBNNs/runs/mlp512x1/mc_dropout/seed0_eps0p08_lam0p25.json,mlp512x1,mc_dropout,0,val,0.08,0.25,robust_eps0p08_lam0p25,0.05,clean_correct,expected_entropy,-0.24743582965269678,-0.4073680109367249,-0.15993218128402814,0.15993218128402814,-0.7351176645614192,-0.5006552168747779,0.23446244768664137,-0.23446244768664137
/home/user/thesis/UncertaintyAndRobustnessInBNNs/runs/mlp512x1/mc_dropout/seed0_eps0p08_lam0p25.json,mlp512x1,mc_dropout,0,val,0.08,0.25,robust_eps0p08_lam0p25,0.05,all,mutual_information,-0.24253562503633297,-0.4370805164386367,-0.19454489140230374,0.19454489140230374,-0.7404229270577111,-0.5209392850074003,0.2194836420503108,-0.2194836420503108
/home/user/thesis/UncertaintyAndRobustnessInBNNs/runs/mlp512x1/mc_dropout/seed0_eps0p08_lam0p25.json,mlp512x1,mc_dropout,0,val,0.08,0.25,robust_eps0p08_lam0p25,0.05,clean_correct,mutual_information,-0.24743582965269678,-0.38943581683901923,-0.14199998718632245,0.14199998718632245,-0.7078246338972797,-0.48439189454317677,0.2234327393541029,-0.2234327393541029
/home/user/thesis/UncertaintyAndRobustnessInBNNs/runs/mlp512x1/mc_dropout/seed0_eps0p08_lam0p25.json,mlp512x1,mc_dropout,0,val,0.08,0.25,robust_eps0p08_lam0p25,0.05,all,one_minus_confidence,-0.23266414431593374,-0.45158722310153004,-0.2189230787855963,0.2189230787855963,-0.7645413011306684,-0.5316520857735567,0.2328892153571117,-0.2328892153571117
/home/user/thesis/UncertaintyAndRobustnessInBNNs/runs/mlp512x1/mc_dropout/seed0_eps0p08_lam0p25.json,mlp512x1,mc_dropout,0,val,0.08,0.25,robust_eps0p08_lam0p25,0.05,clean_correct,one_minus_confidence,-0.23693879842942048,-0.39497986052453027,-0.1580410620951098,0.1580410620951098,-0.7347552391676612,-0.48537356372039697,0.2493816754472642,-0.2493816754472642
/home/user/thesis/UncertaintyAndRobustnessInBNNs/runs/mlp512x1/mc_dropout/seed0_eps0p08_lam0p25.json,mlp512x1,mc_dropout,0,val,0.08,0.25,robust_eps0p08_lam0p25,0.05,all,predictive_entropy,-0.24253562503633297,-0.4499483222274149,-0.2074126971910819,0.2074126971910819,-0.7632710327130358,-0.5314733491452835,0.2317976835677522,-0.2317976835677522
/home/user/thesis/UncertaintyAndRobustnessInBNNs/runs/mlp512x1/mc_dropout/seed0_eps0p08_lam0p25.json,mlp512x1,mc_dropout,0,val,0.08,0.25,robust_eps0p08_lam0p25,0.05,clean_correct,predictive_entropy,-0.24743582965269678,-0.39307941006205904,-0.14564358040936226,0.14564358040936226,-0.7334322383650281,-0.48518911622609834,0.2482431221389298,-0.2482431221389298
/home/user/thesis/UncertaintyAndRobustnessInBNNs/runs/mlp512x1/mc_dropout/seed0_eps0p08_lam0p25.json,mlp512x1,mc_dropout,0,val,0.08,0.25,robust_eps0p08_lam0p25,0.07,all,expected_entropy,,-0.5449624394908341,,,-0.6584565187721679,-0.46687495787510835,0.19158156089705958,-0.19158156089705958
/home/user/thesis/UncertaintyAndRobustnessInBNNs/runs/mlp512x1/mc_dropout/seed0_eps0p08_lam0p25.json,mlp512x1,mc_dropout,0,val,0.08,0.25,robust_eps0p08_lam0p25,0.07,clean_correct,expected_entropy,,-0.502939746641826,,,-0.629084640521884,-0.4125262166294819,0.21655842389240204,-0.21655842389240204
/home/user/thesis/UncertaintyAndRobustnessInBNNs/runs/mlp512x1/mc_dropout/seed0_eps0p08_lam0p25.json,mlp512x1,mc_dropout,0,val,0.08,0.25,robust_eps0p08_lam0p25,0.07,all,mutual_information,,-0.5217570821761721,,,-0.6292380861561097,-0.4472196192119671,0.18201846694414253,-0.18201846694414253
/home/user/thesis/UncertaintyAndRobustnessInBNNs/runs/mlp512x1/mc_dropout/seed0_eps0p08_lam0p25.json,mlp512x1,mc_dropout,0,val,0.08,0.25,robust_eps0p08_lam0p25,0.07,clean_correct,mutual_information,,-0.48714804696603053,,,-0.5970241539802669,-0.4006030809117381,0.1964210730685288,-0.1964210730685288
/home/user/thesis/UncertaintyAndRobustnessInBNNs/runs/mlp512x1/mc_dropout/seed0_eps0p08_lam0p25.json,mlp512x1,mc_dropout,0,val,0.08,0.25,robust_eps0p08_lam0p25,0.07,all,one_minus_confidence,,-0.534713773770267,,,-0.6557248454628759,-0.45592660981532646,0.19979823564754945,-0.19979823564754945
/home/user/thesis/UncertaintyAndRobustnessInBNNs/runs/mlp512x1/mc_dropout/seed0_eps0p08_lam0p25.json,mlp512x1,mc_dropout,0,val,0.08,0.25,robust_eps0p08_lam0p25,0.07,clean_correct,one_minus_confidence,,-0.4910560585099237,,,-0.6260017736909356,-0.399612601905475,0.22638917178546059,-0.22638917178546059
/home/user/thesis/UncertaintyAndRobustnessInBNNs/runs/mlp512x1/mc_dropout/seed0_eps0p08_lam0p25.json,mlp512x1,mc_dropout,0,val,0.08,0.25,robust_eps0p08_lam0p25,0.07,all,predictive_entropy,,-0.5331081364770791,,,-0.6567121347353883,-0.4544387096468864,0.20227342508850188,-0.20227342508850188
/home/user/thesis/UncertaintyAndRobustnessInBNNs/runs/mlp512x1/mc_dropout/seed0_eps0p08_lam0p25.json,mlp512x1,mc_dropout,0,val,0.08,0.25,robust_eps0p08_lam0p25,0.07,clean_correct,predictive_entropy,,-0.4892190895464628,,,-0.6272276447085705,-0.39789003206578444,0.22933761264278607,-0.22933761264278607
/home/user/thesis/UncertaintyAndRobustnessInBNNs/runs/mlp512x1/mc_dropout/seed0_eps0p08_lam0p25.json,mlp512x1,mc_dropout,0,val,0.08,0.25,robust_eps0p08_lam0p25,0.08,all,expected_entropy,,-0.4099019271451603,,,-0.6192528550866617,-0.4703770478908677,0.14887580719579402,-0.14887580719579402
/home/user/thesis/UncertaintyAndRobustnessInBNNs/runs/mlp512x1/mc_dropout/seed0_eps0p08_lam0p25.json,mlp512x1,mc_dropout,0,val,0.08,0.25,robust_eps0p08_lam0p25,0.08,clean_correct,expected_entropy,,-0.3533593487024903,,,-0.6021249618838997,-0.41837147639005623,0.18375348549384352,-0.18375348549384352
/home/user/thesis/UncertaintyAndRobustnessInBNNs/runs/mlp512x1/mc_dropout/seed0_eps0p08_lam0p25.json,mlp512x1,mc_dropout,0,val,0.08,0.25,robust_eps0p08_lam0p25,0.08,all,mutual_information,,-0.39402672277781203,,,-0.5897694735312652,-0.45058791399547155,0.13918155953579364,-0.13918155953579364
/home/user/thesis/UncertaintyAndRobustnessInBNNs/runs/mlp512x1/mc_dropout/seed0_eps0p08_lam0p25.json,mlp512x1,mc_dropout,0,val,0.08,0.25,robust_eps0p08_lam0p25,0.08,clean_correct,mutual_information,,-0.34612615398072794,,,-0.5703199733804069,-0.4061623270210212,0.16415764635938568,-0.16415764635938568
/home/user/thesis/UncertaintyAndRobustnessInBNNs/runs/mlp512x1/mc_dropout/seed0_eps0p08_lam0p25.json,mlp512x1,mc_dropout,0,val,0.08,0.25,robust_eps0p08_lam0p25,0.08,all,one_minus_confidence,,-0.41099987701826407,,,-0.615329413482474,-0.4595112352955449,0.15581817818692917,-0.15581817818692917
/home/user/thesis/UncertaintyAndRobustnessInBNNs/runs/mlp512x1/mc_dropout/seed0_eps0p08_lam0p25.json,mlp512x1,mc_dropout,0,val,0.08,0.25,robust_eps0p08_lam0p25,0.08,clean_correct,one_minus_confidence,,-0.354590934209343,,,-0.5979521164638976,-0.40562276663345087,0.1923293498304467,-0.1923293498304467
/home/user/thesis/UncertaintyAndRobustnessInBNNs/runs/mlp512x1/mc_dropout/seed0_eps0p08_lam0p25.json,mlp512x1,mc_dropout,0,val,0.08,0.25,robust_eps0p08_lam0p25,0.08,all,predictive_entropy,,-0.39776206498189387,,,-0.6174196914666371,-0.4579940269802756,0.15942566448636153,-0.15942566448636153
/home/user/thesis/UncertaintyAndRobustnessInBNNs/runs/mlp512x1/mc_dropout/seed0_eps0p08_lam0p25.json,mlp512x1,mc_dropout,0,val,0.08,0.25,robust_eps0p08_lam0p25,0.08,clean_correct,predictive_entropy,,-0.33948584407222476,,,-0.6002977453091928,-0.40387311151432714,0.19642463379486563,-0.19642463379486563
/home/user/thesis/UncertaintyAndRobustnessInBNNs/runs/mlp512x1/mc_dropout/seed0_eps0p08_lam0p25.json,mlp512x1,mc_dropout,0,val,0.08,0.25,robust_eps0p08_lam0p25,0.1,all,expected_entropy,,-0.4908529447121136,,,-0.4975224418626199,-0.4697248398860313,0.027797601976588593,-0.027797601976588593
/home/user/thesis/UncertaintyAndRobustnessInBNNs/runs/mlp512x1/mc_dropout/seed0_eps0p08_lam0p25.json,mlp512x1,mc_dropout,0,val,0.08,0.25,robust_eps0p08_lam0p25,0.1,clean_correct,expected_entropy,,-0.44662421193647045,,,-0.4872128739068525,-0.4193198653634134,0.06789300854343905,-0.06789300854343905
/home/user/thesis/UncertaintyAndRobustnessInBNNs/runs/mlp512x1/mc_dropout/seed0_eps0p08_lam0p25.json,mlp512x1,mc_dropout,0,val,0.08,0.25,robust_eps0p08_lam0p25,0.1,all,mutual_information,,-0.4874323667001826,,,-0.4776191747515543,-0.45575353695608783,0.021865637795466464,-0.021865637795466464
/home/user/thesis/UncertaintyAndRobustnessInBNNs/runs/mlp512x1/mc_dropout/seed0_eps0p08_lam0p25.json,mlp512x1,mc_dropout,0,val,0.08,0.25,robust_eps0p08_lam0p25,0.1,clean_correct,mutual_information,,-0.45177054469698236,,,-0.46581144072547775,-0.41433967341408257,0.05147176731139519,-0.05147176731139519
/home/user/thesis/UncertaintyAndRobustnessInBNNs/runs/mlp512x1/mc_dropout/seed0_eps0p08_lam0p25.json,mlp512x1,mc_dropout,0,val,0.08,0.25,robust_eps0p08_lam0p25,0.1,all,one_minus_confidence,,-0.4947574808205478,,,-0.4955086732775581,-0.46819605143590004,0.027312621841658058,-0.027312621841658058
/home/user/thesis/UncertaintyAndRobustnessInBNNs/runs/mlp512x1/mc_dropout/seed0_eps0p08_lam0p25.json,mlp512x1,mc_dropout,0,val,0.08,0.25,robust_eps0p08_lam0p25,0.1,clean_correct,one_minus_confidence,,-0.45125031357419854,,,-0.48496680155218524,-0.41754179469761854,0.0674250068545667,-0.0674250068545667
/home/user/thesis/UncertaintyAndRobustnessInBNNs/runs/mlp512x1/mc_dropout/seed0_eps0p08_lam0p25.json,mlp512x1,mc_dropout,0,val,0.08,0.25,robust_eps0p08_lam0p25,0.1,all,predictive_entropy,,-0.481763980280411,,,-0.49965493476737693,-0.45789473280742016,0.04176020195995678,-0.04176020195995678
/home/user/thesis/UncertaintyAndRobustnessInBNNs/runs/mlp512x1/mc_dropout/seed0_eps0p08_lam0p25.json,mlp512x1,mc_dropout,0,val,0.08,0.25,robust_eps0p08_lam0p25,0.1,clean_correct,predictive_entropy,,-0.43655289406106,,,-0.48945870331477453,-0.4057319342423996,0.08372676907237492,-0.08372676907237492
/home/user/thesis/UncertaintyAndRobustnessInBNNs/runs/mlp512x1/mc_dropout/seed1_eps0p08_lam0p25.json,mlp512x1,mc_dropout,1,val,0.08,0.25,robust_eps0p08_lam0p25,0.01,all,expected_entropy,-0.7611464564633285,-0.39275776696424847,0.36838868949908,-0.36838868949908,-0.6064120230502373,-0.39275776696424847,0.21365425608598887,-0.21365425608598887
/home/user/thesis/UncertaintyAndRobustnessInBNNs/runs/mlp512x1/mc_dropout/seed1_eps0p08_lam0p25.json,mlp512x1,mc_dropout,1,val,0.08,0.25,robust_eps0p08_lam0p25,0.01,clean_correct,expected_entropy,-0.7439747457594982,-0.24743582965269678,0.4965389161068014,-0.4965389161068014,-0.5730625148046432,-0.24743582965269678,0.3256266851519464,-0.3256266851519464
/home/user/thesis/UncertaintyAndRobustnessInBNNs/runs/mlp512x1/mc_dropout/seed1_eps0p08_lam0p25.json,mlp512x1,mc_dropout,1,val,0.08,0.25,robust_eps0p08_lam0p25,0.01,all,mutual_information,-0.7522600952810823,-0.39882352398300136,0.3534365712980809,-0.3534365712980809,-0.5885808010325071,-0.39882352398300136,0.18975727704950573,-0.18975727704950573
/home/user/thesis/UncertaintyAndRobustnessInBNNs/runs/mlp512x1/mc_dropout/seed1_eps0p08_lam0p25.json,mlp512x1,mc_dropout,1,val,0.08,0.25,robust_eps0p08_lam0p25,0.01,clean_correct,mutual_information,-0.734375071620666,-0.24743582965269678,0.48693924196796917,-0.48693924196796917,-0.5531918760323388,-0.24743582965269678,0.305756046379642,-0.305756046379642
/home/user/thesis/UncertaintyAndRobustnessInBNNs/runs/mlp512x1/mc_dropout/seed1_eps0p08_lam0p25.json,mlp512x1,mc_dropout,1,val,0.08,0.25,robust_eps0p08_lam0p25,0.01,all,one_minus_confidence,-0.7584301308762633,-0.3930220723555104,0.3654080585207529,-0.3654080585207529,-0.6027139381732709,-0.3930220723555104,0.2096918658177605,-0.2096918658177605
/home/user/thesis/UncertaintyAndRobustnessInBNNs/runs/mlp512x1/mc_dropout/seed1_eps0p08_lam0p25.json,mlp512x1,mc_dropout,1,val,0.08,0.25,robust_eps0p08_lam0p25,0.01,clean_correct,one_minus_confidence,-0.7408969682067778,-0.24762406538144455,0.4932729028253332,-0.4932729028253332,-0.5690769740629484,-0.24762406538144455,0.3214529086815039,-0.3214529086815039
/home/user/thesis/UncertaintyAndRobustnessInBNNs/runs/mlp512x1/mc_dropout/seed1_eps0p08_lam0p25.json,mlp512x1,mc_dropout,1,val,0.08,0.25,robust_eps0p08_lam0p25,0.01,all,predictive_entropy,-0.7609094868318019,-0.39275776696424847,0.36815171986755346,-0.36815171986755346,-0.6025749246413588,-0.39275776696424847,0.2098171576771103,-0.2098171576771103
/home/user/thesis/UncertaintyAndRobustnessInBNNs/runs/mlp512x1/mc_dropout/seed1_eps0p08_lam0p25.json,mlp512x1,mc_dropout,1,val,0.08,0.25,robust_eps0p08_lam0p25,0.01,clean_correct,predictive_entropy,-0.7437187544491293,-0.24743582965269678,0.4962829247964325,-0.4962829247964325,-0.5687865545625017,-0.24743582965269678,0.32135072490980493,-0.32135072490980493
/home/user/thesis/UncertaintyAndRobustnessInBNNs/runs/mlp512x1/mc_dropout/seed1_eps0p08_lam0p25.json,mlp512x1,mc_dropout,1,val,0.08,0.25,robust_eps0p08_lam0p25,0.05,all,expected_entropy,-0.24253562503633297,-0.4697190883232919,-0.22718346328695893,0.22718346328695893,-0.8221498498555193,-0.4822237905046734,0.3399260593508459,-0.3399260593508459
/home/user/thesis/UncertaintyAndRobustnessInBNNs/runs/mlp512x1/mc_dropout/seed1_eps0p08_lam0p25.json,mlp512x1,mc_dropout,1,val,0.08,0.25,robust_eps0p08_lam0p25,0.05,clean_correct,expected_entropy,-0.2449489742783178,-0.3784236095867793,-0.1334746353084615,0.1334746353084615,-0.812289817170591,-0.39062527776585937,0.42166453940473164,-0.42166453940473164
/home/user/thesis/UncertaintyAndRobustnessInBNNs/runs/mlp512x1/mc_dropout/seed1_eps0p08_lam0p25.json,mlp512x1,mc_dropout,1,val,0.08,0.25,robust_eps0p08_lam0p25,0.05,all,mutual_information,-0.24253562503633297,-0.46792681463463465,-0.22539118959830168,0.22539118959830168,-0.8204667917315827,-0.48041799069626145,0.3400488010353212,-0.3400488010353212
/home/user/thesis/UncertaintyAndRobustnessInBNNs/runs/mlp512x1/mc_dropout/seed1_eps0p08_lam0p25.json,mlp512x1,mc_dropout,1,val,0.08,0.25,robust_eps0p08_lam0p25,0.05,clean_correct,mutual_information,-0.2449489742783178,-0.3752406072631521,-0.13029163298483432,0.13029163298483432,-0.8105531729032326,-0.387318896938337,0.4232342759648956,-0.4232342759648956
/home/user/thesis/UncertaintyAndRobustnessInBNNs/runs/mlp512x1/mc_dropout/seed1_eps0p08_lam0p25.json,mlp512x1,mc_dropout,1,val,0.08,0.25,robust_eps0p08_lam0p25,0.05,all,one_minus_confidence,-0.22284383204977934,-0.47347866585622456,-0.25063483380644525,0.25063483380644525,-0.8155689042847968,-0.48616233187459734,0.32940657241019944,-0.32940657241019944
/home/user/thesis/UncertaintyAndRobustnessInBNNs/runs/mlp512x1/mc_dropout/seed1_eps0p08_lam0p25.json,mlp512x1,mc_dropout,1,val,0.08,0.25,robust_eps0p08_lam0p25,0.05,clean_correct,one_minus_confidence,-0.22465120697206925,-0.38295872540311504,-0.1583075184310458,0.1583075184310458,-0.8053456134122393,-0.3954603589525176,0.40988525445972174,-0.40988525445972174
/home/user/thesis/UncertaintyAndRobustnessInBNNs/runs/mlp512x1/mc_dropout/seed1_eps0p08_lam0p25.json,mlp512x1,mc_dropout,1,val,0.08,0.25,robust_eps0p08_lam0p25,0.05,all,predictive_entropy,-0.24253562503633297,-0.4700775430610234,-0.22754191802469043,0.22754191802469043,-0.8245061312290305,-0.48259999879809257,0.3419061324309379,-0.3419061324309379
/home/user/thesis/UncertaintyAndRobustnessInBNNs/runs/mlp512x1/mc_dropout/seed1_eps0p08_lam0p25.json,mlp512x1,mc_dropout,1,val,0.08,0.25,robust_eps0p08_lam0p25,0.05,clean_correct,predictive_entropy,-0.2449489742783178,-0.3788656932428386,-0.1339167189645208,0.1339167189645208,-0.8147926280264899,-0.3910976178840769,0.423695010142413,-0.423695010142413
/home/user/thesis/UncertaintyAndRobustnessInBNNs/runs/mlp512x1/mc_dropout/seed1_eps0p08_lam0p25.json,mlp512x1,mc_dropout,1,val,0.08,0.25,robust_eps0p08_lam0p25,0.07,all,expected_entropy,,-0.51619736246718,,,-0.755638124466374,-0.46563779420460444,0.2900003302617696,-0.2900003302617696
/home/user/thesis/UncertaintyAndRobustnessInBNNs/runs/mlp512x1/mc_dropout/seed1_eps0p08_lam0p25.json,mlp512x1,mc_dropout,1,val,0.08,0.25,robust_eps0p08_lam0p25,0.07,clean_correct,expected_entropy,,-0.449105917147857,,,-0.7494958047598779,-0.385887261684669,0.36360854307520885,-0.36360854307520885
/home/user/thesis/UncertaintyAndRobustnessInBNNs/runs/mlp512x1/mc_dropout/seed1_eps0p08_lam0p25.json,mlp512x1,mc_dropout,1,val,0.08,0.25,robust_eps0p08_lam0p25,0.07,all,mutual_information,,-0.5320689632399743,,,-0.754156384239301,-0.46658601931689586,0.2875703649224051,-0.2875703649224051
/home/user/thesis/UncertaintyAndRobustnessInBNNs/runs/mlp512x1/mc_dropout/seed1_eps0p08_lam0p25.json,mlp512x1,mc_dropout,1,val,0.08,0.25,robust_eps0p08_lam0p25,0.07,clean_correct,mutual_information,,-0.4663908849246483,,,-0.7481875101698068,-0.3861648284976053,0.3620226816722015,-0.3620226816722015
/home/user/thesis/UncertaintyAndRobustnessInBNNs/runs/mlp512x1/mc_dropout/seed1_eps0p08_lam0p25.json,mlp512x1,mc_dropout,1,val,0.08,0.25,robust_eps0p08_lam0p25,0.07,all,one_minus_confidence,,-0.5260211642147913,,,-0.75140563546793,-0.47146641148944357,0.2799392239784865,-0.2799392239784865
/home/user/thesis/UncertaintyAndRobustnessInBNNs/runs/mlp512x1/mc_dropout/seed1_eps0p08_lam0p25.json,mlp512x1,mc_dropout,1,val,0.08,0.25,robust_eps0p08_lam0p25,0.07,clean_correct,one_minus_confidence,,-0.46031200404662426,,,-0.7450091526108312,-0.392639161555068,0.3523699910557632,-0.3523699910557632
/home/user/thesis/UncertaintyAndRobustnessInBNNs/runs/mlp512x1/mc_dropout/seed1_eps0p08_lam0p25.json,mlp512x1,mc_dropout,1,val,0.08,0.25,robust_eps0p08_lam0p25,0.07,all,predictive_entropy,,-0.5236570148303933,,,-0.760280910511203,-0.47079376825268904,0.2894871422585139,-0.2894871422585139
/home/user/thesis/UncertaintyAndRobustnessInBNNs/runs/mlp512x1/mc_dropout/seed1_eps0p08_lam0p25.json,mlp512x1,mc_dropout,1,val,0.08,0.25,robust_eps0p08_lam0p25,0.07,clean_correct,predictive_entropy,,-0.45765742752163796,,,-0.7543103288513391,-0.3919243398660332,0.3623859889853059,-0.3623859889853059
/home/user/thesis/UncertaintyAndRobustnessInBNNs/runs/mlp512x1/mc_dropout/seed1_eps0p08_lam0p25.json,mlp512x1,mc_dropout,1,val,0.08,0.25,robust_eps0p08_lam0p25,0.08,all,expected_entropy,,-0.48899750889715055,,,-0.6731674571977653,-0.5131776433003414,0.15998981389742384,-0.15998981389742384
/home/user/thesis/UncertaintyAndRobustnessInBNNs/runs/mlp512x1/mc_dropout/seed1_eps0p08_lam0p25.json,mlp512x1,mc_dropout,1,val,0.08,0.25,robust_eps0p08_lam0p25,0.08,clean_correct,expected_entropy,,-0.4212615239191632,,,-0.6675964595859839,-0.44369140788061034,0.22390505170537356,-0.22390505170537356
/home/user/thesis/UncertaintyAndRobustnessInBNNs/runs/mlp512x1/mc_dropout/seed1_eps0p08_lam0p25.json,mlp512x1,mc_dropout,1,val,0.08,0.25,robust_eps0p08_lam0p25,0.08,all,mutual_information,,-0.5029673988687948,,,-0.6845753487405325,-0.5188465941004203,0.16572875464011216,-0.16572875464011216
/home/user/thesis/UncertaintyAndRobustnessInBNNs/runs/mlp512x1/mc_dropout/seed1_eps0p08_lam0p25.json,mlp512x1,mc_dropout,1,val,0.08,0.25,robust_eps0p08_lam0p25,0.08,clean_correct,mutual_information,,-0.43637982593211977,,,-0.6793994485784219,-0.4492812208932794,0.23011822768514256,-0.23011822768514256
/home/user/thesis/UncertaintyAndRobustnessInBNNs/runs/mlp512x1/mc_dropout/seed1_eps0p08_lam0p25.json,mlp512x1,mc_dropout,1,val,0.08,0.25,robust_eps0p08_lam0p25,0.08,all,one_minus_confidence,,-0.49868036887544565,,,-0.6688033043638485,-0.5194711276396173,0.14933217672423116,-0.14933217672423116
/home/user/thesis/UncertaintyAndRobustnessInBNNs/runs/mlp512x1/mc_dropout/seed1_eps0p08_lam0p25.json,mlp512x1,mc_dropout,1,val,0.08,0.25,robust_eps0p08_lam0p25,0.08,clean_correct,one_minus_confidence,,-0.43225495873103253,,,-0.6629764659427322,-0.4508943881322593,0.2120820778104729,-0.2120820778104729
/home/user/thesis/UncertaintyAndRobustnessInBNNs/runs/mlp512x1/mc_dropout/seed1_eps0p08_lam0p25.json,mlp512x1,mc_dropout,1,val,0.08,0.25,robust_eps0p08_lam0p25,0.08,all,predictive_entropy,,-0.4973178110126151,,,-0.6774454165263029,-0.5191217858868319,0.15832363063947097,-0.15832363063947097
/home/user/thesis/UncertaintyAndRobustnessInBNNs/runs/mlp512x1/mc_dropout/seed1_eps0p08_lam0p25.json,mlp512x1,mc_dropout,1,val,0.08,0.25,robust_eps0p08_lam0p25,0.08,clean_correct,predictive_entropy,,-0.4307544112296243,,,-0.6720158435922848,-0.45055163294161327,0.22146421065067157,-0.22146421065067157
/home/user/thesis/UncertaintyAndRobustnessInBNNs/runs/mlp512x1/mc_dropout/seed1_eps0p08_lam0p25.json,mlp512x1,mc_dropout,1,val,0.08,0.25,robust_eps0p08_lam0p25,0.1,all,expected_entropy,,-0.4523265732314662,,,-0.6072431862543368,-0.4718998297954544,0.1353433564588824,-0.1353433564588824
/home/user/thesis/UncertaintyAndRobustnessInBNNs/runs/mlp512x1/mc_dropout/seed1_eps0p08_lam0p25.json,mlp512x1,mc_dropout,1,val,0.08,0.25,robust_eps0p08_lam0p25,0.1,clean_correct,expected_entropy,,-0.387381577956829,,,-0.607647800870728,-0.4021153146163625,0.2055324862543655,-0.2055324862543655
/home/user/thesis/UncertaintyAndRobustnessInBNNs/runs/mlp512x1/mc_dropout/seed1_eps0p08_lam0p25.json,mlp512x1,mc_dropout,1,val,0.08,0.25,robust_eps0p08_lam0p25,0.1,all,mutual_information,,-0.46843258163052737,,,-0.6015150643292472,-0.4893738275952861,0.11214123673396109,-0.11214123673396109
/home/user/thesis/UncertaintyAndRobustnessInBNNs/runs/mlp512x1/mc_dropout/seed1_eps0p08_lam0p25.json,mlp512x1,mc_dropout,1,val,0.08,0.25,robust_eps0p08_lam0p25,0.1,clean_correct,mutual_information,,-0.40537890905737284,,,-0.6017368300451372,-0.4207521924667598,0.1809846375783774,-0.1809846375783774
/home/user/thesis/UncertaintyAndRobustnessInBNNs/runs/mlp512x1/mc_dropout/seed1_eps0p08_lam0p25.json,mlp512x1,mc_dropout,1,val,0.08,0.25,robust_eps0p08_lam0p25,0.1,all,one_minus_confidence,,-0.46403897440699027,,,-0.5966338698350541,-0.48414645227942604,0.11248741755562802,-0.11248741755562802
/home/user/thesis/UncertaintyAndRobustnessInBNNs/runs/mlp512x1/mc_dropout/seed1_eps0p08_lam0p25.json,mlp512x1,mc_dropout,1,val,0.08,0.25,robust_eps0p08_lam0p25,0.1,clean_correct,one_minus_confidence,,-0.4005805154789975,,,-0.5966557727559206,-0.41601731882142573,0.1806384539344949,-0.1806384539344949
/home/user/thesis/UncertaintyAndRobustnessInBNNs/runs/mlp512x1/mc_dropout/seed1_eps0p08_lam0p25.json,mlp512x1,mc_dropout,1,val,0.08,0.25,robust_eps0p08_lam0p25,0.1,all,predictive_entropy,,-0.46314476561999224,,,-0.6066828265007954,-0.48091702399536757,0.12576580250542785,-0.12576580250542785
/home/user/thesis/UncertaintyAndRobustnessInBNNs/runs/mlp512x1/mc_dropout/seed1_eps0p08_lam0p25.json,mlp512x1,mc_dropout,1,val,0.08,0.25,robust_eps0p08_lam0p25,0.1,clean_correct,predictive_entropy,,-0.3996175683087232,,,-0.6070567037881689,-0.41239172389835727,0.19466497988981163,-0.19466497988981163
/home/user/thesis/UncertaintyAndRobustnessInBNNs/runs/mlp512x1/mc_dropout/seed2_eps0p08_lam0p25.json,mlp512x1,mc_dropout,2,val,0.08,0.25,robust_eps0p08_lam0p25,0.01,all,expected_entropy,-0.7542435580414169,-0.38480923944939516,0.3694343185920217,-0.3694343185920217,-0.6441458677614339,-0.38480923944939516,0.25933662831203874,-0.25933662831203874
/home/user/thesis/UncertaintyAndRobustnessInBNNs/runs/mlp512x1/mc_dropout/seed2_eps0p08_lam0p25.json,mlp512x1,mc_dropout,2,val,0.08,0.25,robust_eps0p08_lam0p25,0.01,clean_correct,expected_entropy,-0.7169340946868757,-0.24735299796297502,0.4695810967239007,-0.4695810967239007,-0.5837713798442362,-0.24735299796297502,0.33641838188126116,-0.33641838188126116
/home/user/thesis/UncertaintyAndRobustnessInBNNs/runs/mlp512x1/mc_dropout/seed2_eps0p08_lam0p25.json,mlp512x1,mc_dropout,2,val,0.08,0.25,robust_eps0p08_lam0p25,0.01,all,mutual_information,-0.743571394500997,-0.4246170918062291,0.3189543026947679,-0.3189543026947679,-0.6408323602112207,-0.4246170918062291,0.2162152684049916,-0.2162152684049916
/home/user/thesis/UncertaintyAndRobustnessInBNNs/runs/mlp512x1/mc_dropout/seed2_eps0p08_lam0p25.json,mlp512x1,mc_dropout,2,val,0.08,0.25,robust_eps0p08_lam0p25,0.01,clean_correct,mutual_information,-0.7044938953826146,-0.28481647484076406,0.4196774205418506,-0.4196774205418506,-0.5797838704190706,-0.28481647484076406,0.2949673955783066,-0.2949673955783066
/home/user/thesis/UncertaintyAndRobustnessInBNNs/runs/mlp512x1/mc_dropout/seed2_eps0p08_lam0p25.json,mlp512x1,mc_dropout,2,val,0.08,0.25,robust_eps0p08_lam0p25,0.01,all,one_minus_confidence,-0.7511617275254472,-0.4060432609497518,0.3451184665756954,-0.3451184665756954,-0.6409246969510018,-0.4060432609497518,0.23488143600125005,-0.23488143600125005
/home/user/thesis/UncertaintyAndRobustnessInBNNs/runs/mlp512x1/mc_dropout/seed2_eps0p08_lam0p25.json,mlp512x1,mc_dropout,2,val,0.08,0.25,robust_eps0p08_lam0p25,0.01,clean_correct,one_minus_confidence,-0.7133317188907639,-0.2630013211150454,0.4503303977757185,-0.4503303977757185,-0.5798783003233998,-0.2630013211150454,0.31687697920835445,-0.31687697920835445
/home/user/thesis/UncertaintyAndRobustnessInBNNs/runs/mlp512x1/mc_dropout/seed2_eps0p08_lam0p25.json,mlp512x1,mc_dropout,2,val,0.08,0.25,robust_eps0p08_lam0p25,0.01,all,predictive_entropy,-0.750937507379439,-0.3954246667445509,0.3555128406348881,-0.3555128406348881,-0.6406998199092123,-0.3954246667445509,0.24527515316466142,-0.24527515316466142
/home/user/thesis/UncertaintyAndRobustnessInBNNs/runs/mlp512x1/mc_dropout/seed2_eps0p08_lam0p25.json,mlp512x1,mc_dropout,2,val,0.08,0.25,robust_eps0p08_lam0p25,0.01,clean_correct,predictive_entropy,-0.713080337293708,-0.24735299796297502,0.46572733933073296,-0.46572733933073296,-0.5796243700420639,-0.24735299796297502,0.33227137207908886,-0.33227137207908886
/home/user/thesis/UncertaintyAndRobustnessInBNNs/runs/mlp512x1/mc_dropout/seed2_eps0p08_lam0p25.json,mlp512x1,mc_dropout,2,val,0.08,0.25,robust_eps0p08_lam0p25,0.05,all,expected_entropy,-0.24253562503633297,-0.5911785954423584,-0.34864297040602543,0.34864297040602543,-0.7532508643716159,-0.4492679440011554,0.30398292037046054,-0.30398292037046054
/home/user/thesis/UncertaintyAndRobustnessInBNNs/runs/mlp512x1/mc_dropout/seed2_eps0p08_lam0p25.json,mlp512x1,mc_dropout,2,val,0.08,0.25,robust_eps0p08_lam0p25,0.05,clean_correct,expected_entropy,-0.24743582965269678,-0.5280975304373304,-0.28066170078463365,0.28066170078463365,-0.7222661415295849,-0.3543495566867566,0.3679165848428283,-0.3679165848428283
/home/user/thesis/UncertaintyAndRobustnessInBNNs/runs/mlp512x1/mc_dropout/seed2_eps0p08_lam0p25.json,mlp512x1,mc_dropout,2,val,0.08,0.25,robust_eps0p08_lam0p25,0.05,all,mutual_information,-0.24253562503633297,-0.5976706956612458,-0.3551350706249128,0.3551350706249128,-0.7260451985408244,-0.48154661557651895,0.24449858296430543,-0.24449858296430543
/home/user/thesis/UncertaintyAndRobustnessInBNNs/runs/mlp512x1/mc_dropout/seed2_eps0p08_lam0p25.json,mlp512x1,mc_dropout,2,val,0.08,0.25,robust_eps0p08_lam0p25,0.05,clean_correct,mutual_information,-0.24743582965269678,-0.5289743716199432,-0.2815385419672464,0.2815385419672464,-0.6915244784143989,-0.37928911492863976,0.31223536348575914,-0.31223536348575914
/home/user/thesis/UncertaintyAndRobustnessInBNNs/runs/mlp512x1/mc_dropout/seed2_eps0p08_lam0p25.json,mlp512x1,mc_dropout,2,val,0.08,0.25,robust_eps0p08_lam0p25,0.05,all,one_minus_confidence,-0.23266973203269464,-0.5914451884726367,-0.3587754564399421,0.3587754564399421,-0.7439369985965292,-0.45922404502184233,0.28471295357468684,-0.28471295357468684
/home/user/thesis/UncertaintyAndRobustnessInBNNs/runs/mlp512x1/mc_dropout/seed2_eps0p08_lam0p25.json,mlp512x1,mc_dropout,2,val,0.08,0.25,robust_eps0p08_lam0p25,0.05,clean_correct,one_minus_confidence,-0.23694523060398848,-0.5224345474413729,-0.2854893168373844,0.2854893168373844,-0.7117365208837918,-0.35591759008261065,0.35581893080118115,-0.35581893080118115
/home/user/thesis/UncertaintyAndRobustnessInBNNs/runs/mlp512x1/mc_dropout/seed2_eps0p08_lam0p25.json,mlp512x1,mc_dropout,2,val,0.08,0.25,robust_eps0p08_lam0p25,0.05,all,predictive_entropy,-0.24253562503633297,-0.5860776595560898,-0.34354203451975684,0.34354203451975684,-0.747963544157151,-0.45047181054009666,0.2974917336170544,-0.2974917336170544
/home/user/thesis/UncertaintyAndRobustnessInBNNs/runs/mlp512x1/mc_dropout/seed2_eps0p08_lam0p25.json,mlp512x1,mc_dropout,2,val,0.08,0.25,robust_eps0p08_lam0p25,0.05,clean_correct,predictive_entropy,-0.24743582965269678,-0.5162203180546644,-0.2687844884019676,0.2687844884019676,-0.7162916133623226,-0.34528062641698093,0.3710109869453417,-0.3710109869453417
/home/user/thesis/UncertaintyAndRobustnessInBNNs/runs/mlp512x1/mc_dropout/seed2_eps0p08_lam0p25.json,mlp512x1,mc_dropout,2,val,0.08,0.25,robust_eps0p08_lam0p25,0.07,all,expected_entropy,,-0.6405289140163066,,,-0.6194380841734423,-0.5329704820114537,0.08646760216198857,-0.08646760216198857
/home/user/thesis/UncertaintyAndRobustnessInBNNs/runs/mlp512x1/mc_dropout/seed2_eps0p08_lam0p25.json,mlp512x1,mc_dropout,2,val,0.08,0.25,robust_eps0p08_lam0p25,0.07,clean_correct,expected_entropy,,-0.587487188356644,,,-0.5876052709861924,-0.46034741701519116,0.12725785397100126,-0.12725785397100126
/home/user/thesis/UncertaintyAndRobustnessInBNNs/runs/mlp512x1/mc_dropout/seed2_eps0p08_lam0p25.json,mlp512x1,mc_dropout,2,val,0.08,0.25,robust_eps0p08_lam0p25,0.07,all,mutual_information,,-0.6504223961325407,,,-0.5865758759520343,-0.5389963691066036,0.047579506845430664,-0.047579506845430664
/home/user/thesis/UncertaintyAndRobustnessInBNNs/runs/mlp512x1/mc_dropout/seed2_eps0p08_lam0p25.json,mlp512x1,mc_dropout,2,val,0.08,0.25,robust_eps0p08_lam0p25,0.07,clean_correct,mutual_information,,-0.5959492234191599,,,-0.5514365411495714,-0.46088261580594125,0.09055392534363016,-0.09055392534363016
/home/user/thesis/UncertaintyAndRobustnessInBNNs/runs/mlp512x1/mc_dropout/seed2_eps0p08_lam0p25.json,mlp512x1,mc_dropout,2,val,0.08,0.25,robust_eps0p08_lam0p25,0.07,all,one_minus_confidence,,-0.6343450146238233,,,-0.6053964916738565,-0.5238031827256282,0.08159330894822825,-0.08159330894822825
/home/user/thesis/UncertaintyAndRobustnessInBNNs/runs/mlp512x1/mc_dropout/seed2_eps0p08_lam0p25.json,mlp512x1,mc_dropout,2,val,0.08,0.25,robust_eps0p08_lam0p25,0.07,clean_correct,one_minus_confidence,,-0.5772212680699852,,,-0.5721546309918397,-0.4434302716362319,0.12872435935560783,-0.12872435935560783
/home/user/thesis/UncertaintyAndRobustnessInBNNs/runs/mlp512x1/mc_dropout/seed2_eps0p08_lam0p25.json,mlp512x1,mc_dropout,2,val,0.08,0.25,robust_eps0p08_lam0p25,0.07,all,predictive_entropy,,-0.6385146721483308,,,-0.6099380947761032,-0.5277138570986634,0.0822242376774398,-0.0822242376774398
/home/user/thesis/UncertaintyAndRobustnessInBNNs/runs/mlp512x1/mc_dropout/seed2_eps0p08_lam0p25.json,mlp512x1,mc_dropout,2,val,0.08,0.25,robust_eps0p08_lam0p25,0.07,clean_correct,predictive_entropy,,-0.5822851176214907,,,-0.5771152466227011,-0.44834367270836756,0.12877157391433353,-0.12877157391433353
/home/user/thesis/UncertaintyAndRobustnessInBNNs/runs/mlp512x1/mc_dropout/seed2_eps0p08_lam0p25.json,mlp512x1,mc_dropout,2,val,0.08,0.25,robust_eps0p08_lam0p25,0.08,all,expected_entropy,,-0.548967179214855,,,-0.5642679679213619,-0.5282266985535697,0.03604126936779217,-0.03604126936779217
/home/user/thesis/UncertaintyAndRobustnessInBNNs/runs/mlp512x1/mc_dropout/seed2_eps0p08_lam0p25.json,mlp512x1,mc_dropout,2,val,0.08,0.25,robust_eps0p08_lam0p25,0.08,clean_correct,expected_entropy,,-0.4873517994924902,,,-0.5448043990301717,-0.45453668728704727,0.09026771174312448,-0.09026771174312448
/home/user/thesis/UncertaintyAndRobustnessInBNNs/runs/mlp512x1/mc_dropout/seed2_eps0p08_lam0p25.json,mlp512x1,mc_dropout,2,val,0.08,0.25,robust_eps0p08_lam0p25,0.08,all,mutual_information,,-0.5737251383842511,,,-0.5369712503396066,-0.5336115338300867,0.003359716509519828,-0.003359716509519828
/home/user/thesis/UncertaintyAndRobustnessInBNNs/runs/mlp512x1/mc_dropout/seed2_eps0p08_lam0p25.json,mlp512x1,mc_dropout,2,val,0.08,0.25,robust_eps0p08_lam0p25,0.08,clean_correct,mutual_information,,-0.5135283895094788,,,-0.5153369912838858,-0.4544602303169401,0.060876760966945664,-0.060876760966945664
/home/user/thesis/UncertaintyAndRobustnessInBNNs/runs/mlp512x1/mc_dropout/seed2_eps0p08_lam0p25.json,mlp512x1,mc_dropout,2,val,0.08,0.25,robust_eps0p08_lam0p25,0.08,all,one_minus_confidence,,-0.5434167673496442,,,-0.550189606728148,-0.5184074543119973,0.03178215241615068,-0.03178215241615068
/home/user/thesis/UncertaintyAndRobustnessInBNNs/runs/mlp512x1/mc_dropout/seed2_eps0p08_lam0p25.json,mlp512x1,mc_dropout,2,val,0.08,0.25,robust_eps0p08_lam0p25,0.08,clean_correct,one_minus_confidence,,-0.4788005301587931,,,-0.5295858614283526,-0.4371464589214352,0.0924394025069174,-0.0924394025069174
/home/user/thesis/UncertaintyAndRobustnessInBNNs/runs/mlp512x1/mc_dropout/seed2_eps0p08_lam0p25.json,mlp512x1,mc_dropout,2,val,0.08,0.25,robust_eps0p08_lam0p25,0.08,all,predictive_entropy,,-0.5482343854973676,,,-0.5537261385567662,-0.5229700736407793,0.030756064915986925,-0.030756064915986925
/home/user/thesis/UncertaintyAndRobustnessInBNNs/runs/mlp512x1/mc_dropout/seed2_eps0p08_lam0p25.json,mlp512x1,mc_dropout,2,val,0.08,0.25,robust_eps0p08_lam0p25,0.08,clean_correct,predictive_entropy,,-0.4844765676370773,,,-0.5334400305388716,-0.44283877086065226,0.0906012596782193,-0.0906012596782193
/home/user/thesis/UncertaintyAndRobustnessInBNNs/runs/mlp512x1/mc_dropout/seed2_eps0p08_lam0p25.json,mlp512x1,mc_dropout,2,val,0.08,0.25,robust_eps0p08_lam0p25,0.1,all,expected_entropy,,-0.45333368450068334,,,-0.6197328724670053,-0.5121607232978712,0.10757214916913405,-0.10757214916913405
/home/user/thesis/UncertaintyAndRobustnessInBNNs/runs/mlp512x1/mc_dropout/seed2_eps0p08_lam0p25.json,mlp512x1,mc_dropout,2,val,0.08,0.25,robust_eps0p08_lam0p25,0.1,clean_correct,expected_entropy,,-0.3838068870399765,,,-0.6209610045130339,-0.4466974328285929,0.174263571684441,-0.174263571684441
/home/user/thesis/UncertaintyAndRobustnessInBNNs/runs/mlp512x1/mc_dropout/seed2_eps0p08_lam0p25.json,mlp512x1,mc_dropout,2,val,0.08,0.25,robust_eps0p08_lam0p25,0.1,all,mutual_information,,-0.4800061400888698,,,-0.5938328448453182,-0.526758010232196,0.06707483461312214,-0.06707483461312214
/home/user/thesis/UncertaintyAndRobustnessInBNNs/runs/mlp512x1/mc_dropout/seed2_eps0p08_lam0p25.json,mlp512x1,mc_dropout,2,val,0.08,0.25,robust_eps0p08_lam0p25,0.1,clean_correct,mutual_information,,-0.4123687431191061,,,-0.5932178567630938,-0.4606473727627924,0.13257048400030141,-0.13257048400030141
/home/user/thesis/UncertaintyAndRobustnessInBNNs/runs/mlp512x1/mc_dropout/seed2_eps0p08_lam0p25.json,mlp512x1,mc_dropout,2,val,0.08,0.25,robust_eps0p08_lam0p25,0.1,all,one_minus_confidence,,-0.44108405786727,,,-0.6048776923590019,-0.501086413150573,0.1037912792084289,-0.1037912792084289
/home/user/thesis/UncertaintyAndRobustnessInBNNs/runs/mlp512x1/mc_dropout/seed2_eps0p08_lam0p25.json,mlp512x1,mc_dropout,2,val,0.08,0.25,robust_eps0p08_lam0p25,0.1,clean_correct,one_minus_confidence,,-0.36831052275322057,,,-0.6051072328502414,-0.43169711557993407,0.1734101172703073,-0.1734101172703073
/home/user/thesis/UncertaintyAndRobustnessInBNNs/runs/mlp512x1/mc_dropout/seed2_eps0p08_lam0p25.json,mlp512x1,mc_dropout,2,val,0.08,0.25,robust_eps0p08_lam0p25,0.1,all,predictive_entropy,,-0.45122538378323485,,,-0.6110787766991819,-0.5062485604893453,0.10483021620983657,-0.10483021620983657
/home/user/thesis/UncertaintyAndRobustnessInBNNs/runs/mlp512x1/mc_dropout/seed2_eps0p08_lam0p25.json,mlp512x1,mc_dropout,2,val,0.08,0.25,robust_eps0p08_lam0p25,0.1,clean_correct,predictive_entropy,,-0.37997270791651366,,,-0.6117364078861789,-0.43777665578912633,0.17395975209705256,-0.17395975209705256
/home/user/thesis/UncertaintyAndRobustnessInBNNs/runs/mlp512x1/mc_dropout/seed3_eps0p08_lam0p25.json,mlp512x1,mc_dropout,3,val,0.08,0.25,robust_eps0p08_lam0p25,0.01,all,expected_entropy,-0.7621611493331963,-0.36539698548730454,0.3967641638458918,-0.3967641638458918,-0.599976986344869,-0.36539698548730454,0.23458000085756442,-0.23458000085756442
/home/user/thesis/UncertaintyAndRobustnessInBNNs/runs/mlp512x1/mc_dropout/seed3_eps0p08_lam0p25.json,mlp512x1,mc_dropout,3,val,0.08,0.25,robust_eps0p08_lam0p25,0.01,clean_correct,expected_entropy,-0.7256350972960207,-0.20531909269053564,0.5203160046054851,-0.5203160046054851,-0.5265647637888513,-0.20531909269053564,0.3212456710983157,-0.3212456710983157
/home/user/thesis/UncertaintyAndRobustnessInBNNs/runs/mlp512x1/mc_dropout/seed3_eps0p08_lam0p25.json,mlp512x1,mc_dropout,3,val,0.08,0.25,robust_eps0p08_lam0p25,0.01,all,mutual_information,-0.7660435365950019,-0.3251473175456953,0.4408962190493066,-0.4408962190493066,-0.6027609277161707,-0.3251473175456953,0.2776136101704754,-0.2776136101704754
/home/user/thesis/UncertaintyAndRobustnessInBNNs/runs/mlp512x1/mc_dropout/seed3_eps0p08_lam0p25.json,mlp512x1,mc_dropout,3,val,0.08,0.25,robust_eps0p08_lam0p25,0.01,clean_correct,mutual_information,-0.7302042281723437,-0.16320235572837444,0.5670018724439692,-0.5670018724439692,-0.5300600806636607,-0.16320235572837444,0.3668577249352863,-0.3668577249352863
/home/user/thesis/UncertaintyAndRobustnessInBNNs/runs/mlp512x1/mc_dropout/seed3_eps0p08_lam0p25.json,mlp512x1,mc_dropout,3,val,0.08,0.25,robust_eps0p08_lam0p25,0.01,all,one_minus_confidence,-0.7663966316139014,-0.3485485237159534,0.41784810789794796,-0.41784810789794796,-0.6044137425067502,-0.3485485237159534,0.25586521879079677,-0.25586521879079677
/home/user/thesis/UncertaintyAndRobustnessInBNNs/runs/mlp512x1/mc_dropout/seed3_eps0p08_lam0p25.json,mlp512x1,mc_dropout,3,val,0.08,0.25,robust_eps0p08_lam0p25,0.01,clean_correct,one_minus_confidence,-0.7305063003585323,-0.1844410087030766,0.5460652916554557,-0.5460652916554557,-0.5319004844363701,-0.1844410087030766,0.3474594757332935,-0.3474594757332935
/home/user/thesis/UncertaintyAndRobustnessInBNNs/runs/mlp512x1/mc_dropout/seed3_eps0p08_lam0p25.json,mlp512x1,mc_dropout,3,val,0.08,0.25,robust_eps0p08_lam0p25,0.01,all,predictive_entropy,-0.7650122774785848,-0.34824712697305366,0.41676515050553115,-0.41676515050553115,-0.6035133443030091,-0.34824712697305366,0.2552662173299554,-0.2552662173299554
/home/user/thesis/UncertaintyAndRobustnessInBNNs/runs/mlp512x1/mc_dropout/seed3_eps0p08_lam0p25.json,mlp512x1,mc_dropout,3,val,0.08,0.25,robust_eps0p08_lam0p25,0.01,clean_correct,predictive_entropy,-0.7289905527833203,-0.18426072420945502,0.5447298285738652,-0.5447298285738652,-0.5310047609000956,-0.18426072420945502,0.3467440366906406,-0.3467440366906406
/home/user/thesis/UncertaintyAndRobustnessInBNNs/runs/mlp512x1/mc_dropout/seed3_eps0p08_lam0p25.json,mlp512x1,mc_dropout,3,val,0.08,0.25,robust_eps0p08_lam0p25,0.05,all,expected_entropy,-0.24253562503633297,-0.5579551494915249,-0.31541952445519195,0.31541952445519195,-0.7846386261988074,-0.49967985531932224,0.2849587708794852,-0.2849587708794852
/home/user/thesis/UncertaintyAndRobustnessInBNNs/runs/mlp512x1/mc_dropout/seed3_eps0p08_lam0p25.json,mlp512x1,mc_dropout,3,val,0.08,0.25,robust_eps0p08_lam0p25,0.05,clean_correct,expected_entropy,-0.24743582965269678,-0.48899499172186806,-0.24155916206917127,0.24155916206917127,-0.7568030390533999,-0.41273079529843765,0.3440722437549622,-0.3440722437549622
/home/user/thesis/UncertaintyAndRobustnessInBNNs/runs/mlp512x1/mc_dropout/seed3_eps0p08_lam0p25.json,mlp512x1,mc_dropout,3,val,0.08,0.25,robust_eps0p08_lam0p25,0.05,all,mutual_information,-0.24253562503633297,-0.5295541232678382,-0.28701849823150527,0.28701849823150527,-0.7908957125321313,-0.4740976913668196,0.3167980211653117,-0.3167980211653117
/home/user/thesis/UncertaintyAndRobustnessInBNNs/runs/mlp512x1/mc_dropout/seed3_eps0p08_lam0p25.json,mlp512x1,mc_dropout,3,val,0.08,0.25,robust_eps0p08_lam0p25,0.05,clean_correct,mutual_information,-0.24743582965269678,-0.46888464257052304,-0.22144881291782625,0.22144881291782625,-0.7638759646520298,-0.39648229523175615,0.3673936694202736,-0.3673936694202736
/home/user/thesis/UncertaintyAndRobustnessInBNNs/runs/mlp512x1/mc_dropout/seed3_eps0p08_lam0p25.json,mlp512x1,mc_dropout,3,val,0.08,0.25,robust_eps0p08_lam0p25,0.05,all,one_minus_confidence,-0.21315492320122267,-0.5515080971401948,-0.33835317393897213,0.33835317393897213,-0.7804827919711376,-0.4951420648985993,0.28534072707253827,-0.28534072707253827
/home/user/thesis/UncertaintyAndRobustnessInBNNs/runs/mlp512x1/mc_dropout/seed3_eps0p08_lam0p25.json,mlp512x1,mc_dropout,3,val,0.08,0.25,robust_eps0p08_lam0p25,0.05,clean_correct,one_minus_confidence,-0.21621237984718483,-0.4857995134994817,-0.26958713365229686,0.26958713365229686,-0.7520575215729651,-0.4121890150915822,0.33986850648138295,-0.33986850648138295
/home/user/thesis/UncertaintyAndRobustnessInBNNs/runs/mlp512x1/mc_dropout/seed3_eps0p08_lam0p25.json,mlp512x1,mc_dropout,3,val,0.08,0.25,robust_eps0p08_lam0p25,0.05,all,predictive_entropy,-0.24253562503633297,-0.5553907227444652,-0.31285509770813225,0.31285509770813225,-0.7829540260321434,-0.4947139058461894,0.28824012018595396,-0.28824012018595396
/home/user/thesis/UncertaintyAndRobustnessInBNNs/runs/mlp512x1/mc_dropout/seed3_eps0p08_lam0p25.json,mlp512x1,mc_dropout,3,val,0.08,0.25,robust_eps0p08_lam0p25,0.05,clean_correct,predictive_entropy,-0.24743582965269678,-0.49052429583984114,-0.24308846618714436,0.24308846618714436,-0.7548987898537687,-0.4117861150620027,0.343112674791766,-0.343112674791766
/home/user/thesis/UncertaintyAndRobustnessInBNNs/runs/mlp512x1/mc_dropout/seed3_eps0p08_lam0p25.json,mlp512x1,mc_dropout,3,val,0.08,0.25,robust_eps0p08_lam0p25,0.07,all,expected_entropy,,-0.5215956050275004,,,-0.6799823916182797,-0.5696903552450849,0.11029203637319474,-0.11029203637319474
/home/user/thesis/UncertaintyAndRobustnessInBNNs/runs/mlp512x1/mc_dropout/seed3_eps0p08_lam0p25.json,mlp512x1,mc_dropout,3,val,0.08,0.25,robust_eps0p08_lam0p25,0.07,clean_correct,expected_entropy,,-0.4564054355746949,,,-0.6610878739989723,-0.5093623187085347,0.15172555529043763,-0.15172555529043763
/home/user/thesis/UncertaintyAndRobustnessInBNNs/runs/mlp512x1/mc_dropout/seed3_eps0p08_lam0p25.json,mlp512x1,mc_dropout,3,val,0.08,0.25,robust_eps0p08_lam0p25,0.07,all,mutual_information,,-0.5297480178128687,,,-0.6847841119222564,-0.5852394962172494,0.09954461570500706,-0.09954461570500706
/home/user/thesis/UncertaintyAndRobustnessInBNNs/runs/mlp512x1/mc_dropout/seed3_eps0p08_lam0p25.json,mlp512x1,mc_dropout,3,val,0.08,0.25,robust_eps0p08_lam0p25,0.07,clean_correct,mutual_information,,-0.471153643133824,,,-0.6659394904539726,-0.5345903289167785,0.13134916153719411,-0.13134916153719411
/home/user/thesis/UncertaintyAndRobustnessInBNNs/runs/mlp512x1/mc_dropout/seed3_eps0p08_lam0p25.json,mlp512x1,mc_dropout,3,val,0.08,0.25,robust_eps0p08_lam0p25,0.07,all,one_minus_confidence,,-0.5357697717027435,,,-0.6710356161338531,-0.5869073902004486,0.08412822593340452,-0.08412822593340452
/home/user/thesis/UncertaintyAndRobustnessInBNNs/runs/mlp512x1/mc_dropout/seed3_eps0p08_lam0p25.json,mlp512x1,mc_dropout,3,val,0.08,0.25,robust_eps0p08_lam0p25,0.07,clean_correct,one_minus_confidence,,-0.4736194322023086,,,-0.6511028018979101,-0.5303742716828851,0.12072853021502505,-0.12072853021502505
/home/user/thesis/UncertaintyAndRobustnessInBNNs/runs/mlp512x1/mc_dropout/seed3_eps0p08_lam0p25.json,mlp512x1,mc_dropout,3,val,0.08,0.25,robust_eps0p08_lam0p25,0.07,all,predictive_entropy,,-0.5318125898818907,,,-0.6771895542986196,-0.5834989207352906,0.09369063356332896,-0.09369063356332896
/home/user/thesis/UncertaintyAndRobustnessInBNNs/runs/mlp512x1/mc_dropout/seed3_eps0p08_lam0p25.json,mlp512x1,mc_dropout,3,val,0.08,0.25,robust_eps0p08_lam0p25,0.07,clean_correct,predictive_entropy,,-0.4691508001319669,,,-0.6580556137145971,-0.5264740789838315,0.13158153473076561,-0.13158153473076561
/home/user/thesis/UncertaintyAndRobustnessInBNNs/runs/mlp512x1/mc_dropout/seed3_eps0p08_lam0p25.json,mlp512x1,mc_dropout,3,val,0.08,0.25,robust_eps0p08_lam0p25,0.08,all,expected_entropy,,-0.4880930669214222,,,-0.6869376822508494,-0.48265831278683047,0.20427936946401892,-0.20427936946401892
/home/user/thesis/UncertaintyAndRobustnessInBNNs/runs/mlp512x1/mc_dropout/seed3_eps0p08_lam0p25.json,mlp512x1,mc_dropout,3,val,0.08,0.25,robust_eps0p08_lam0p25,0.08,clean_correct,expected_entropy,,-0.4205238426941459,,,-0.6741129574960052,-0.4100356365929671,0.2640773209030381,-0.2640773209030381
/home/user/thesis/UncertaintyAndRobustnessInBNNs/runs/mlp512x1/mc_dropout/seed3_eps0p08_lam0p25.json,mlp512x1,mc_dropout,3,val,0.08,0.25,robust_eps0p08_lam0p25,0.08,all,mutual_information,,-0.4970785799354396,,,-0.6885046482662855,-0.4925129766386433,0.19599167162764225,-0.19599167162764225
/home/user/thesis/UncertaintyAndRobustnessInBNNs/runs/mlp512x1/mc_dropout/seed3_eps0p08_lam0p25.json,mlp512x1,mc_dropout,3,val,0.08,0.25,robust_eps0p08_lam0p25,0.08,clean_correct,mutual_information,,-0.4360488940056462,,,-0.6756441301932705,-0.4307502836608901,0.24489384653238044,-0.24489384653238044
/home/user/thesis/UncertaintyAndRobustnessInBNNs/runs/mlp512x1/mc_dropout/seed3_eps0p08_lam0p25.json,mlp512x1,mc_dropout,3,val,0.08,0.25,robust_eps0p08_lam0p25,0.08,all,one_minus_confidence,,-0.5015429183404755,,,-0.6783948525226146,-0.5013973319009246,0.17699752062168994,-0.17699752062168994
/home/user/thesis/UncertaintyAndRobustnessInBNNs/runs/mlp512x1/mc_dropout/seed3_eps0p08_lam0p25.json,mlp512x1,mc_dropout,3,val,0.08,0.25,robust_eps0p08_lam0p25,0.08,clean_correct,one_minus_confidence,,-0.43679806654952413,,,-0.664570599503426,-0.43241201726461787,0.23215858223880814,-0.23215858223880814
/home/user/thesis/UncertaintyAndRobustnessInBNNs/runs/mlp512x1/mc_dropout/seed3_eps0p08_lam0p25.json,mlp512x1,mc_dropout,3,val,0.08,0.25,robust_eps0p08_lam0p25,0.08,all,predictive_entropy,,-0.4976947293992579,,,-0.6843597704190029,-0.4998351570425042,0.18452461337649867,-0.18452461337649867
/home/user/thesis/UncertaintyAndRobustnessInBNNs/runs/mlp512x1/mc_dropout/seed3_eps0p08_lam0p25.json,mlp512x1,mc_dropout,3,val,0.08,0.25,robust_eps0p08_lam0p25,0.08,clean_correct,predictive_entropy,,-0.4324752029490367,,,-0.6713341626009682,-0.4306867417987186,0.24064742080224966,-0.24064742080224966
/home/user/thesis/UncertaintyAndRobustnessInBNNs/runs/mlp512x1/mc_dropout/seed3_eps0p08_lam0p25.json,mlp512x1,mc_dropout,3,val,0.08,0.25,robust_eps0p08_lam0p25,0.1,all,expected_entropy,,-0.45970514082135483,,,-0.5568176096646004,-0.5150319281725951,0.04178568149200523,-0.04178568149200523
/home/user/thesis/UncertaintyAndRobustnessInBNNs/runs/mlp512x1/mc_dropout/seed3_eps0p08_lam0p25.json,mlp512x1,mc_dropout,3,val,0.08,0.25,robust_eps0p08_lam0p25,0.1,clean_correct,expected_entropy,,-0.3916637380313125,,,-0.5560444773534055,-0.45094858519573444,0.10509589215767101,-0.10509589215767101
/home/user/thesis/UncertaintyAndRobustnessInBNNs/runs/mlp512x1/mc_dropout/seed3_eps0p08_lam0p25.json,mlp512x1,mc_dropout,3,val,0.08,0.25,robust_eps0p08_lam0p25,0.1,all,mutual_information,,-0.4625969846542218,,,-0.5585484495749093,-0.5304122620357483,0.02813618753916103,-0.02813618753916103
/home/user/thesis/UncertaintyAndRobustnessInBNNs/runs/mlp512x1/mc_dropout/seed3_eps0p08_lam0p25.json,mlp512x1,mc_dropout,3,val,0.08,0.25,robust_eps0p08_lam0p25,0.1,clean_correct,mutual_information,,-0.40010572444378545,,,-0.5578289589880441,-0.47381628193604647,0.08401267705199761,-0.08401267705199761
/home/user/thesis/UncertaintyAndRobustnessInBNNs/runs/mlp512x1/mc_dropout/seed3_eps0p08_lam0p25.json,mlp512x1,mc_dropout,3,val,0.08,0.25,robust_eps0p08_lam0p25,0.1,all,one_minus_confidence,,-0.4718766143229321,,,-0.5486281257015463,-0.5333845650443376,0.015243560657208666,-0.015243560657208666
/home/user/thesis/UncertaintyAndRobustnessInBNNs/runs/mlp512x1/mc_dropout/seed3_eps0p08_lam0p25.json,mlp512x1,mc_dropout,3,val,0.08,0.25,robust_eps0p08_lam0p25,0.1,clean_correct,one_minus_confidence,,-0.40655691218196816,,,-0.5471512342513267,-0.47254214565989516,0.07460908859143156,-0.07460908859143156
/home/user/thesis/UncertaintyAndRobustnessInBNNs/runs/mlp512x1/mc_dropout/seed3_eps0p08_lam0p25.json,mlp512x1,mc_dropout,3,val,0.08,0.25,robust_eps0p08_lam0p25,0.1,all,predictive_entropy,,-0.4687727867379718,,,-0.5587407651204993,-0.5291567245775317,0.029584040542967593,-0.029584040542967593
/home/user/thesis/UncertaintyAndRobustnessInBNNs/runs/mlp512x1/mc_dropout/seed3_eps0p08_lam0p25.json,mlp512x1,mc_dropout,3,val,0.08,0.25,robust_eps0p08_lam0p25,0.1,clean_correct,predictive_entropy,,-0.40310485119558503,,,-0.5580430967842007,-0.46777011080837233,0.09027298597582839,-0.09027298597582839
/home/user/thesis/UncertaintyAndRobustnessInBNNs/runs/mlp512x1/mc_dropout/seed4_eps0p08_lam0p25.json,mlp512x1,mc_dropout,4,val,0.08,0.25,robust_eps0p08_lam0p25,0.01,all,expected_entropy,-0.6604963767233432,-0.4109550380205071,0.24954133870283607,-0.24954133870283607,-0.3395498750508661,-0.3320546050060115,0.007495270044854563,-0.007495270044854563
/home/user/thesis/UncertaintyAndRobustnessInBNNs/runs/mlp512x1/mc_dropout/seed4_eps0p08_lam0p25.json,mlp512x1,mc_dropout,4,val,0.08,0.25,robust_eps0p08_lam0p25,0.01,clean_correct,expected_entropy,-0.6340313696143448,-0.24743582965269678,0.386595539961648,-0.386595539961648,-0.2449489742783178,,,
/home/user/thesis/UncertaintyAndRobustnessInBNNs/runs/mlp512x1/mc_dropout/seed4_eps0p08_lam0p25.json,mlp512x1,mc_dropout,4,val,0.08,0.25,robust_eps0p08_lam0p25,0.01,all,mutual_information,-0.6617145315629611,-0.4114216347142573,0.2502928968487038,-0.2502928968487038,-0.3395498750508661,-0.339267034671815,0.00028284037905107473,-0.00028284037905107473
/home/user/thesis/UncertaintyAndRobustnessInBNNs/runs/mlp512x1/mc_dropout/seed4_eps0p08_lam0p25.json,mlp512x1,mc_dropout,4,val,0.08,0.25,robust_eps0p08_lam0p25,0.01,clean_correct,mutual_information,-0.6353585257256893,-0.24743582965269678,0.3879226960729925,-0.3879226960729925,-0.2449489742783178,,,
/home/user/thesis/UncertaintyAndRobustnessInBNNs/runs/mlp512x1/mc_dropout/seed4_eps0p08_lam0p25.json,mlp512x1,mc_dropout,4,val,0.08,0.25,robust_eps0p08_lam0p25,0.01,all,one_minus_confidence,-0.6635567525214077,-0.4115582424386538,0.25199851008275387,-0.25199851008275387,-0.3393566725222602,-0.3325419984828512,0.006814674039408997,-0.006814674039408997
/home/user/thesis/UncertaintyAndRobustnessInBNNs/runs/mlp512x1/mc_dropout/seed4_eps0p08_lam0p25.json,mlp512x1,mc_dropout,4,val,0.08,0.25,robust_eps0p08_lam0p25,0.01,clean_correct,one_minus_confidence,-0.6374932482495644,-0.24784646711798328,0.38964678113158113,-0.38964678113158113,-0.2450177389055242,,,
/home/user/thesis/UncertaintyAndRobustnessInBNNs/runs/mlp512x1/mc_dropout/seed4_eps0p08_lam0p25.json,mlp512x1,mc_dropout,4,val,0.08,0.25,robust_eps0p08_lam0p25,0.01,all,predictive_entropy,-0.6604963767233432,-0.4109550380205071,0.24954133870283607,-0.24954133870283607,-0.3395498750508661,-0.3320546050060115,0.007495270044854563,-0.007495270044854563
/home/user/thesis/UncertaintyAndRobustnessInBNNs/runs/mlp512x1/mc_dropout/seed4_eps0p08_lam0p25.json,mlp512x1,mc_dropout,4,val,0.08,0.25,robust_eps0p08_lam0p25,0.01,clean_correct,predictive_entropy,-0.6340313696143448,-0.24743582965269678,0.386595539961648,-0.386595539961648,-0.2449489742783178,,,
/home/user/thesis/UncertaintyAndRobustnessInBNNs/runs/mlp512x1/mc_dropout/seed4_eps0p08_lam0p25.json,mlp512x1,mc_dropout,4,val,0.08,0.25,robust_eps0p08_lam0p25,0.05,all,expected_entropy,-0.23263621176954388,-0.4702362686538786,-0.2376000568843347,0.2376000568843347,-0.7137161167033231,-0.47939736624204105,0.2343187504612821,-0.2343187504612821
/home/user/thesis/UncertaintyAndRobustnessInBNNs/runs/mlp512x1/mc_dropout/seed4_eps0p08_lam0p25.json,mlp512x1,mc_dropout,4,val,0.08,0.25,robust_eps0p08_lam0p25,0.05,clean_correct,expected_entropy,-0.23474276701672123,-0.37176003709289684,-0.13701727007617562,0.13701727007617562,-0.6969063999199976,-0.37948461036132164,0.31742178955867595,-0.31742178955867595
/home/user/thesis/UncertaintyAndRobustnessInBNNs/runs/mlp512x1/mc_dropout/seed4_eps0p08_lam0p25.json,mlp512x1,mc_dropout,4,val,0.08,0.25,robust_eps0p08_lam0p25,0.05,all,mutual_information,-0.23263621176954388,-0.46728053710116446,-0.23464432533162058,0.23464432533162058,-0.7013170352872935,-0.4865664609966701,0.21475057429062339,-0.21475057429062339
/home/user/thesis/UncertaintyAndRobustnessInBNNs/runs/mlp512x1/mc_dropout/seed4_eps0p08_lam0p25.json,mlp512x1,mc_dropout,4,val,0.08,0.25,robust_eps0p08_lam0p25,0.05,clean_correct,mutual_information,-0.23474276701672123,-0.3677464334535673,-0.13300366643684605,0.13300366643684605,-0.6838371714107662,-0.3878841998264488,0.2959529715843174,-0.2959529715843174
/home/user/thesis/UncertaintyAndRobustnessInBNNs/runs/mlp512x1/mc_dropout/seed4_eps0p08_lam0p25.json,mlp512x1,mc_dropout,4,val,0.08,0.25,robust_eps0p08_lam0p25,0.05,all,one_minus_confidence,-0.22774666225962448,-0.4754698499969522,-0.2477231877373277,0.2477231877373277,-0.7116693792662815,-0.4850549672442268,0.22661441202205468,-0.22661441202205468
/home/user/thesis/UncertaintyAndRobustnessInBNNs/runs/mlp512x1/mc_dropout/seed4_eps0p08_lam0p25.json,mlp512x1,mc_dropout,4,val,0.08,0.25,robust_eps0p08_lam0p25,0.05,clean_correct,one_minus_confidence,-0.22970413022392894,-0.3779048631667433,-0.14820073294281438,0.14820073294281438,-0.6947274734814605,-0.38622527131951334,0.3085022021619471,-0.3085022021619471
/home/user/thesis/UncertaintyAndRobustnessInBNNs/runs/mlp512x1/mc_dropout/seed4_eps0p08_lam0p25.json,mlp512x1,mc_dropout,4,val,0.08,0.25,robust_eps0p08_lam0p25,0.05,all,predictive_entropy,-0.23263621176954388,-0.47174850340177876,-0.23911229163223488,0.23911229163223488,-0.7101597910258574,-0.4813330218257909,0.22882676920006645,-0.22882676920006645
/home/user/thesis/UncertaintyAndRobustnessInBNNs/runs/mlp512x1/mc_dropout/seed4_eps0p08_lam0p25.json,mlp512x1,mc_dropout,4,val,0.08,0.25,robust_eps0p08_lam0p25,0.05,clean_correct,predictive_entropy,-0.23474276701672123,-0.3735996054275895,-0.1388568384108683,0.1388568384108683,-0.6931285760540478,-0.38187186210404206,0.3112567139500057,-0.3112567139500057
/home/user/thesis/UncertaintyAndRobustnessInBNNs/runs/mlp512x1/mc_dropout/seed4_eps0p08_lam0p25.json,mlp512x1,mc_dropout,4,val,0.08,0.25,robust_eps0p08_lam0p25,0.07,all,expected_entropy,,-0.6285732525265469,,,-0.6654344061935913,-0.5681117493698633,0.09732265682372798,-0.09732265682372798
/home/user/thesis/UncertaintyAndRobustnessInBNNs/runs/mlp512x1/mc_dropout/seed4_eps0p08_lam0p25.json,mlp512x1,mc_dropout,4,val,0.08,0.25,robust_eps0p08_lam0p25,0.07,clean_correct,expected_entropy,,-0.574394935416535,,,-0.6497028833824616,-0.49760432730701254,0.1520985560754491,-0.1520985560754491
/home/user/thesis/UncertaintyAndRobustnessInBNNs/runs/mlp512x1/mc_dropout/seed4_eps0p08_lam0p25.json,mlp512x1,mc_dropout,4,val,0.08,0.25,robust_eps0p08_lam0p25,0.07,all,mutual_information,,-0.6306646441381405,,,-0.6495884223001085,-0.5648352317509407,0.08475319054916775,-0.08475319054916775
/home/user/thesis/UncertaintyAndRobustnessInBNNs/runs/mlp512x1/mc_dropout/seed4_eps0p08_lam0p25.json,mlp512x1,mc_dropout,4,val,0.08,0.25,robust_eps0p08_lam0p25,0.07,clean_correct,mutual_information,,-0.5769353818358915,,,-0.632942327872239,-0.4933909726412385,0.13955135523100054,-0.13955135523100054
/home/user/thesis/UncertaintyAndRobustnessInBNNs/runs/mlp512x1/mc_dropout/seed4_eps0p08_lam0p25.json,mlp512x1,mc_dropout,4,val,0.08,0.25,robust_eps0p08_lam0p25,0.07,all,one_minus_confidence,,-0.6371020812554234,,,-0.6623626323637692,-0.5731384368037158,0.08922419556005345,-0.08922419556005345
/home/user/thesis/UncertaintyAndRobustnessInBNNs/runs/mlp512x1/mc_dropout/seed4_eps0p08_lam0p25.json,mlp512x1,mc_dropout,4,val,0.08,0.25,robust_eps0p08_lam0p25,0.07,clean_correct,one_minus_confidence,,-0.5843817366898532,,,-0.6464396536768098,-0.5033657973808391,0.1430738562959707,-0.1430738562959707
/home/user/thesis/UncertaintyAndRobustnessInBNNs/runs/mlp512x1/mc_dropout/seed4_eps0p08_lam0p25.json,mlp512x1,mc_dropout,4,val,0.08,0.25,robust_eps0p08_lam0p25,0.07,all,predictive_entropy,,-0.6320955962934411,,,-0.6609277502238851,-0.5698713606837292,0.09105638954015582,-0.09105638954015582
/home/user/thesis/UncertaintyAndRobustnessInBNNs/runs/mlp512x1/mc_dropout/seed4_eps0p08_lam0p25.json,mlp512x1,mc_dropout,4,val,0.08,0.25,robust_eps0p08_lam0p25,0.07,clean_correct,predictive_entropy,,-0.5787136943294413,,,-0.6449214979148215,-0.4996752982444269,0.14524619967039454,-0.14524619967039454
/home/user/thesis/UncertaintyAndRobustnessInBNNs/runs/mlp512x1/mc_dropout/seed4_eps0p08_lam0p25.json,mlp512x1,mc_dropout,4,val,0.08,0.25,robust_eps0p08_lam0p25,0.08,all,expected_entropy,,-0.5544462005266838,,,-0.5193966968592965,-0.5509504427741786,-0.031553745914882136,0.031553745914882136
/home/user/thesis/UncertaintyAndRobustnessInBNNs/runs/mlp512x1/mc_dropout/seed4_eps0p08_lam0p25.json,mlp512x1,mc_dropout,4,val,0.08,0.25,robust_eps0p08_lam0p25,0.08,clean_correct,expected_entropy,,-0.49209589049215463,,,-0.5053210925641576,-0.48029986879060405,0.025021223773553536,-0.025021223773553536
/home/user/thesis/UncertaintyAndRobustnessInBNNs/runs/mlp512x1/mc_dropout/seed4_eps0p08_lam0p25.json,mlp512x1,mc_dropout,4,val,0.08,0.25,robust_eps0p08_lam0p25,0.08,all,mutual_information,,-0.559050887733776,,,-0.5003358037690643,-0.5518784569950848,-0.051542653226020474,0.051542653226020474
/home/user/thesis/UncertaintyAndRobustnessInBNNs/runs/mlp512x1/mc_dropout/seed4_eps0p08_lam0p25.json,mlp512x1,mc_dropout,4,val,0.08,0.25,robust_eps0p08_lam0p25,0.08,clean_correct,mutual_information,,-0.49748445724532336,,,-0.4854122335900137,-0.4810435763577066,0.0043686572323070605,-0.0043686572323070605
/home/user/thesis/UncertaintyAndRobustnessInBNNs/runs/mlp512x1/mc_dropout/seed4_eps0p08_lam0p25.json,mlp512x1,mc_dropout,4,val,0.08,0.25,robust_eps0p08_lam0p25,0.08,all,one_minus_confidence,,-0.565714380619474,,,-0.5158674019834011,-0.5559413276866852,-0.04007392570328416,0.04007392570328416
/home/user/thesis/UncertaintyAndRobustnessInBNNs/runs/mlp512x1/mc_dropout/seed4_eps0p08_lam0p25.json,mlp512x1,mc_dropout,4,val,0.08,0.25,robust_eps0p08_lam0p25,0.08,clean_correct,one_minus_confidence,,-0.5051169274600484,,,-0.5016085422745652,-0.48597294350282233,0.015635598771742865,-0.015635598771742865
/home/user/thesis/UncertaintyAndRobustnessInBNNs/runs/mlp512x1/mc_dropout/seed4_eps0p08_lam0p25.json,mlp512x1,mc_dropout,4,val,0.08,0.25,robust_eps0p08_lam0p25,0.08,all,predictive_entropy,,-0.558213671877941,,,-0.5146441134362677,-0.5527484703271841,-0.0381043568909164,0.0381043568909164
/home/user/thesis/UncertaintyAndRobustnessInBNNs/runs/mlp512x1/mc_dropout/seed4_eps0p08_lam0p25.json,mlp512x1,mc_dropout,4,val,0.08,0.25,robust_eps0p08_lam0p25,0.08,clean_correct,predictive_entropy,,-0.496646235750386,,,-0.5003438778206215,-0.48239577193425676,0.01794810588636475,-0.01794810588636475
/home/user/thesis/UncertaintyAndRobustnessInBNNs/runs/mlp512x1/mc_dropout/seed4_eps0p08_lam0p25.json,mlp512x1,mc_dropout,4,val,0.08,0.25,robust_eps0p08_lam0p25,0.1,all,expected_entropy,,-0.5010463689793956,,,-0.4042387730556047,-0.5569277298120195,-0.15268895675641486,0.15268895675641486
/home/user/thesis/UncertaintyAndRobustnessInBNNs/runs/mlp512x1/mc_dropout/seed4_eps0p08_lam0p25.json,mlp512x1,mc_dropout,4,val,0.08,0.25,robust_eps0p08_lam0p25,0.1,clean_correct,expected_entropy,,-0.4411954905542466,,,-0.40046212027549083,-0.49567347130317,-0.09521135102767919,0.09521135102767919
/home/user/thesis/UncertaintyAndRobustnessInBNNs/runs/mlp512x1/mc_dropout/seed4_eps0p08_lam0p25.json,mlp512x1,mc_dropout,4,val,0.08,0.25,robust_eps0p08_lam0p25,0.1,all,mutual_information,,-0.5061020420534091,,,-0.383408101586923,-0.5760499343621855,-0.19264183277526253,0.19264183277526253
/home/user/thesis/UncertaintyAndRobustnessInBNNs/runs/mlp512x1/mc_dropout/seed4_eps0p08_lam0p25.json,mlp512x1,mc_dropout,4,val,0.08,0.25,robust_eps0p08_lam0p25,0.1,clean_correct,mutual_information,,-0.44675030787486236,,,-0.37893891185677553,-0.5175205222958683,-0.13858161043909278,0.13858161043909278
/home/user/thesis/UncertaintyAndRobustnessInBNNs/runs/mlp512x1/mc_dropout/seed4_eps0p08_lam0p25.json,mlp512x1,mc_dropout,4,val,0.08,0.25,robust_eps0p08_lam0p25,0.1,all,one_minus_confidence,,-0.5066014863387387,,,-0.403829830200002,-0.5642324142120954,-0.16040258401209334,0.16040258401209334
/home/user/thesis/UncertaintyAndRobustnessInBNNs/runs/mlp512x1/mc_dropout/seed4_eps0p08_lam0p25.json,mlp512x1,mc_dropout,4,val,0.08,0.25,robust_eps0p08_lam0p25,0.1,clean_correct,one_minus_confidence,,-0.44760190090873003,,,-0.4000308742273105,-0.5041463389525798,-0.10411546472526928,0.10411546472526928
/home/user/thesis/UncertaintyAndRobustnessInBNNs/runs/mlp512x1/mc_dropout/seed4_eps0p08_lam0p25.json,mlp512x1,mc_dropout,4,val,0.08,0.25,robust_eps0p08_lam0p25,0.1,all,predictive_entropy,,-0.5040603279273652,,,-0.4006638723415075,-0.5619026122966155,-0.161238739955108,0.161238739955108
/home/user/thesis/UncertaintyAndRobustnessInBNNs/runs/mlp512x1/mc_dropout/seed4_eps0p08_lam0p25.json,mlp512x1,mc_dropout,4,val,0.08,0.25,robust_eps0p08_lam0p25,0.1,clean_correct,predictive_entropy,,-0.44482537117959947,,,-0.39676621579954985,-0.5015940813282915,-0.10482786552874168,0.10482786552874168
/home/user/thesis/UncertaintyAndRobustnessInBNNs/runs/mlp512x1/vogn/seed0_eps0p08_lam0p25.json,mlp512x1,vogn,0,val,0.08,0.25,robust_eps0p08_lam0p25,0.01,all,expected_entropy,-0.9296177694280268,-0.42488196738449624,0.5047358020435305,-0.5047358020435305,-0.8562555158839882,-0.42488196738449624,0.43137354849949194,-0.43137354849949194
/home/user/thesis/UncertaintyAndRobustnessInBNNs/runs/mlp512x1/vogn/seed0_eps0p08_lam0p25.json,mlp512x1,vogn,0,val,0.08,0.25,robust_eps0p08_lam0p25,0.01,clean_correct,expected_entropy,-0.9154513699730772,-0.3796991652215296,0.5357522047515476,-0.5357522047515476,-0.824929441965257,-0.3796991652215296,0.4452302767437274,-0.4452302767437274
/home/user/thesis/UncertaintyAndRobustnessInBNNs/runs/mlp512x1/vogn/seed0_eps0p08_lam0p25.json,mlp512x1,vogn,0,val,0.08,0.25,robust_eps0p08_lam0p25,0.01,all,mutual_information,-0.9257793852862396,-0.4390900748240659,0.4866893104621737,-0.4866893104621737,-0.8664079159623095,-0.4390900748240659,0.42731784113824356,-0.42731784113824356
/home/user/thesis/UncertaintyAndRobustnessInBNNs/runs/mlp512x1/vogn/seed0_eps0p08_lam0p25.json,mlp512x1,vogn,0,val,0.08,0.25,robust_eps0p08_lam0p25,0.01,clean_correct,mutual_information,-0.9108186969714837,-0.4106699559169257,0.500148741054558,-0.500148741054558,-0.837394299955853,-0.4106699559169257,0.42672434403892734,-0.42672434403892734
/home/user/thesis/UncertaintyAndRobustnessInBNNs/runs/mlp512x1/vogn/seed0_eps0p08_lam0p25.json,mlp512x1,vogn,0,val,0.08,0.25,robust_eps0p08_lam0p25,0.01,all,one_minus_confidence,-0.941764554686847,-0.450172991783006,0.49159156290384104,-0.49159156290384104,-0.8691815097981395,-0.450172991783006,0.41900851801513345,-0.41900851801513345
/home/user/thesis/UncertaintyAndRobustnessInBNNs/runs/mlp512x1/vogn/seed0_eps0p08_lam0p25.json,mlp512x1,vogn,0,val,0.08,0.25,robust_eps0p08_lam0p25,0.01,clean_correct,one_minus_confidence,-0.9299358032818562,-0.4126496742114103,0.5172861290704459,-0.5172861290704459,-0.840542640376158,-0.4126496742114103,0.4278929661647477,-0.4278929661647477
/home/user/thesis/UncertaintyAndRobustnessInBNNs/runs/mlp512x1/vogn/seed0_eps0p08_lam0p25.json,mlp512x1,vogn,0,val,0.08,0.25,robust_eps0p08_lam0p25,0.01,all,predictive_entropy,-0.9401611790326827,-0.4293911272305872,0.5107700518020954,-0.5107700518020954,-0.8642623056364788,-0.4293911272305872,0.43487117840589157,-0.43487117840589157
/home/user/thesis/UncertaintyAndRobustnessInBNNs/runs/mlp512x1/vogn/seed0_eps0p08_lam0p25.json,mlp512x1,vogn,0,val,0.08,0.25,robust_eps0p08_lam0p25,0.01,clean_correct,predictive_entropy,-0.9281765603698588,-0.3799720356241322,0.5482045247457267,-0.5482045247457267,-0.8347599742980466,-0.3799720356241322,0.4547879386739144,-0.4547879386739144
/home/user/thesis/UncertaintyAndRobustnessInBNNs/runs/mlp512x1/vogn/seed0_eps0p08_lam0p25.json,mlp512x1,vogn,0,val,0.08,0.25,robust_eps0p08_lam0p25,0.05,all,expected_entropy,,-0.47683118636016186,,,-0.9275884881833425,-0.4620058760958008,0.4655826120875417,-0.4655826120875417
/home/user/thesis/UncertaintyAndRobustnessInBNNs/runs/mlp512x1/vogn/seed0_eps0p08_lam0p25.json,mlp512x1,vogn,0,val,0.08,0.25,robust_eps0p08_lam0p25,0.05,clean_correct,expected_entropy,,-0.4315265590990163,,,-0.9137008910021025,-0.41139943150575126,0.5023014594963513,-0.5023014594963513
/home/user/thesis/UncertaintyAndRobustnessInBNNs/runs/mlp512x1/vogn/seed0_eps0p08_lam0p25.json,mlp512x1,vogn,0,val,0.08,0.25,robust_eps0p08_lam0p25,0.05,all,mutual_information,,-0.6249187383297856,,,-0.8839734321390945,-0.6136400080686478,0.2703334240704467,-0.2703334240704467
/home/user/thesis/UncertaintyAndRobustnessInBNNs/runs/mlp512x1/vogn/seed0_eps0p08_lam0p25.json,mlp512x1,vogn,0,val,0.08,0.25,robust_eps0p08_lam0p25,0.05,clean_correct,mutual_information,,-0.6113072438983919,,,-0.8610251846546202,-0.6008514204325547,0.2601737642220655,-0.2601737642220655
/home/user/thesis/UncertaintyAndRobustnessInBNNs/runs/mlp512x1/vogn/seed0_eps0p08_lam0p25.json,mlp512x1,vogn,0,val,0.08,0.25,robust_eps0p08_lam0p25,0.05,all,one_minus_confidence,,-0.48988778241745706,,,-0.9189423316987999,-0.47871273176310575,0.44022959993569416,-0.44022959993569416
/home/user/thesis/UncertaintyAndRobustnessInBNNs/runs/mlp512x1/vogn/seed0_eps0p08_lam0p25.json,mlp512x1,vogn,0,val,0.08,0.25,robust_eps0p08_lam0p25,0.05,clean_correct,one_minus_confidence,,-0.4441823861890239,,,-0.9028882048473504,-0.42678920104085777,0.47609900380649267,-0.47609900380649267
/home/user/thesis/UncertaintyAndRobustnessInBNNs/runs/mlp512x1/vogn/seed0_eps0p08_lam0p25.json,mlp512x1,vogn,0,val,0.08,0.25,robust_eps0p08_lam0p25,0.05,all,predictive_entropy,,-0.48171378318234875,,,-0.920383357779557,-0.46961275250609485,0.4507706052734622,-0.4507706052734622
/home/user/thesis/UncertaintyAndRobustnessInBNNs/runs/mlp512x1/vogn/seed0_eps0p08_lam0p25.json,mlp512x1,vogn,0,val,0.08,0.25,robust_eps0p08_lam0p25,0.05,clean_correct,predictive_entropy,,-0.4354952276376338,,,-0.9050276133378629,-0.4162912202275795,0.4887363931102834,-0.4887363931102834
/home/user/thesis/UncertaintyAndRobustnessInBNNs/runs/mlp512x1/vogn/seed0_eps0p08_lam0p25.json,mlp512x1,vogn,0,val,0.08,0.25,robust_eps0p08_lam0p25,0.07,all,expected_entropy,,-0.5386495023292345,,,-0.8467027174769367,-0.5038923302401628,0.34281038723677393,-0.34281038723677393
/home/user/thesis/UncertaintyAndRobustnessInBNNs/runs/mlp512x1/vogn/seed0_eps0p08_lam0p25.json,mlp512x1,vogn,0,val,0.08,0.25,robust_eps0p08_lam0p25,0.07,clean_correct,expected_entropy,,-0.5174594067038586,,,-0.8283184199231176,-0.462772205729823,0.3655462141932946,-0.3655462141932946
/home/user/thesis/UncertaintyAndRobustnessInBNNs/runs/mlp512x1/vogn/seed0_eps0p08_lam0p25.json,mlp512x1,vogn,0,val,0.08,0.25,robust_eps0p08_lam0p25,0.07,all,mutual_information,,-0.6664254481038624,,,-0.80383536846639,-0.6379860766290434,0.16584929183734665,-0.16584929183734665
/home/user/thesis/UncertaintyAndRobustnessInBNNs/runs/mlp512x1/vogn/seed0_eps0p08_lam0p25.json,mlp512x1,vogn,0,val,0.08,0.25,robust_eps0p08_lam0p25,0.07,clean_correct,mutual_information,,-0.6627982157429919,,,-0.7772234942584363,-0.6245604816142118,0.15266301264422444,-0.15266301264422444
/home/user/thesis/UncertaintyAndRobustnessInBNNs/runs/mlp512x1/vogn/seed0_eps0p08_lam0p25.json,mlp512x1,vogn,0,val,0.08,0.25,robust_eps0p08_lam0p25,0.07,all,one_minus_confidence,,-0.5454509548859704,,,-0.8381389242773128,-0.516071854247567,0.3220670700297459,-0.3220670700297459
/home/user/thesis/UncertaintyAndRobustnessInBNNs/runs/mlp512x1/vogn/seed0_eps0p08_lam0p25.json,mlp512x1,vogn,0,val,0.08,0.25,robust_eps0p08_lam0p25,0.07,clean_correct,one_minus_confidence,,-0.5236355994542701,,,-0.8178671851280691,-0.4738323885658346,0.3440347965622345,-0.3440347965622345
/home/user/thesis/UncertaintyAndRobustnessInBNNs/runs/mlp512x1/vogn/seed0_eps0p08_lam0p25.json,mlp512x1,vogn,0,val,0.08,0.25,robust_eps0p08_lam0p25,0.07,all,predictive_entropy,,-0.5415649251675225,,,-0.8411386710478026,-0.5108822687257465,0.3302564023220561,-0.3302564023220561
/home/user/thesis/UncertaintyAndRobustnessInBNNs/runs/mlp512x1/vogn/seed0_eps0p08_lam0p25.json,mlp512x1,vogn,0,val,0.08,0.25,robust_eps0p08_lam0p25,0.07,clean_correct,predictive_entropy,,-0.5193956439600003,,,-0.8212928676442238,-0.46842036121065894,0.3528725064335649,-0.3528725064335649
/home/user/thesis/UncertaintyAndRobustnessInBNNs/runs/mlp512x1/vogn/seed0_eps0p08_lam0p25.json,mlp512x1,vogn,0,val,0.08,0.25,robust_eps0p08_lam0p25,0.08,all,expected_entropy,,-0.5431226683894101,,,-0.7721580743914374,-0.5031974842602516,0.2689605901311858,-0.2689605901311858
/home/user/thesis/UncertaintyAndRobustnessInBNNs/runs/mlp512x1/vogn/seed0_eps0p08_lam0p25.json,mlp512x1,vogn,0,val,0.08,0.25,robust_eps0p08_lam0p25,0.08,clean_correct,expected_entropy,,-0.5247906635147691,,,-0.7561854258331246,-0.46352004947647174,0.2926653763566529,-0.2926653763566529
/home/user/thesis/UncertaintyAndRobustnessInBNNs/runs/mlp512x1/vogn/seed0_eps0p08_lam0p25.json,mlp512x1,vogn,0,val,0.08,0.25,robust_eps0p08_lam0p25,0.08,all,mutual_information,,-0.6510634597466316,,,-0.7075230927576724,-0.6418980474126516,0.0656250453450209,-0.0656250453450209
/home/user/thesis/UncertaintyAndRobustnessInBNNs/runs/mlp512x1/vogn/seed0_eps0p08_lam0p25.json,mlp512x1,vogn,0,val,0.08,0.25,robust_eps0p08_lam0p25,0.08,clean_correct,mutual_information,,-0.6475680238725889,,,-0.6825164238007883,-0.6282553980708973,0.054261025729891,-0.054261025729891
/home/user/thesis/UncertaintyAndRobustnessInBNNs/runs/mlp512x1/vogn/seed0_eps0p08_lam0p25.json,mlp512x1,vogn,0,val,0.08,0.25,robust_eps0p08_lam0p25,0.08,all,one_minus_confidence,,-0.5501901338250378,,,-0.7510416725875982,-0.5165181439508348,0.2345235286367634,-0.2345235286367634
/home/user/thesis/UncertaintyAndRobustnessInBNNs/runs/mlp512x1/vogn/seed0_eps0p08_lam0p25.json,mlp512x1,vogn,0,val,0.08,0.25,robust_eps0p08_lam0p25,0.08,clean_correct,one_minus_confidence,,-0.5330068980294288,,,-0.7325546312758394,-0.47579553752626075,0.25675909374957867,-0.25675909374957867
/home/user/thesis/UncertaintyAndRobustnessInBNNs/runs/mlp512x1/vogn/seed0_eps0p08_lam0p25.json,mlp512x1,vogn,0,val,0.08,0.25,robust_eps0p08_lam0p25,0.08,all,predictive_entropy,,-0.5442287221434199,,,-0.7552946247073411,-0.510336483834272,0.2449581408730691,-0.2449581408730691
/home/user/thesis/UncertaintyAndRobustnessInBNNs/runs/mlp512x1/vogn/seed0_eps0p08_lam0p25.json,mlp512x1,vogn,0,val,0.08,0.25,robust_eps0p08_lam0p25,0.08,clean_correct,predictive_entropy,,-0.5259313822662598,,,-0.7372807901872965,-0.46917273300667267,0.26810805718062386,-0.26810805718062386
/home/user/thesis/UncertaintyAndRobustnessInBNNs/runs/mlp512x1/vogn/seed0_eps0p08_lam0p25.json,mlp512x1,vogn,0,val,0.08,0.25,robust_eps0p08_lam0p25,0.1,all,expected_entropy,,-0.30275734062431886,,,-0.5735143848475791,-0.44566045485529665,0.12785392999228246,-0.12785392999228246
/home/user/thesis/UncertaintyAndRobustnessInBNNs/runs/mlp512x1/vogn/seed0_eps0p08_lam0p25.json,mlp512x1,vogn,0,val,0.08,0.25,robust_eps0p08_lam0p25,0.1,clean_correct,expected_entropy,,-0.27584394855875777,,,-0.5703642143367452,-0.3993931822602313,0.17097103207651393,-0.17097103207651393
/home/user/thesis/UncertaintyAndRobustnessInBNNs/runs/mlp512x1/vogn/seed0_eps0p08_lam0p25.json,mlp512x1,vogn,0,val,0.08,0.25,robust_eps0p08_lam0p25,0.1,all,mutual_information,,-0.39235576442802095,,,-0.5127900658083855,-0.561535121582476,-0.048745055774090496,0.048745055774090496
/home/user/thesis/UncertaintyAndRobustnessInBNNs/runs/mlp512x1/vogn/seed0_eps0p08_lam0p25.json,mlp512x1,vogn,0,val,0.08,0.25,robust_eps0p08_lam0p25,0.1,clean_correct,mutual_information,,-0.37733623957331053,,,-0.5030076161980723,-0.5366160217183121,-0.033608405520239804,0.033608405520239804
/home/user/thesis/UncertaintyAndRobustnessInBNNs/runs/mlp512x1/vogn/seed0_eps0p08_lam0p25.json,mlp512x1,vogn,0,val,0.08,0.25,robust_eps0p08_lam0p25,0.1,all,one_minus_confidence,,-0.32177611449352816,,,-0.5547484505243786,-0.46410062720110135,0.09064782332327725,-0.09064782332327725
/home/user/thesis/UncertaintyAndRobustnessInBNNs/runs/mlp512x1/vogn/seed0_eps0p08_lam0p25.json,mlp512x1,vogn,0,val,0.08,0.25,robust_eps0p08_lam0p25,0.1,clean_correct,one_minus_confidence,,-0.29744489584941586,,,-0.549576954496784,-0.4175671699465618,0.13200978455022222,-0.13200978455022222
/home/user/thesis/UncertaintyAndRobustnessInBNNs/runs/mlp512x1/vogn/seed0_eps0p08_lam0p25.json,mlp512x1,vogn,0,val,0.08,0.25,robust_eps0p08_lam0p25,0.1,all,predictive_entropy,,-0.30275734062431886,,,-0.5570552265043068,-0.45175394877988106,0.10530127772442577,-0.10530127772442577
/home/user/thesis/UncertaintyAndRobustnessInBNNs/runs/mlp512x1/vogn/seed0_eps0p08_lam0p25.json,mlp512x1,vogn,0,val,0.08,0.25,robust_eps0p08_lam0p25,0.1,clean_correct,predictive_entropy,,-0.27584394855875777,,,-0.5520743638061787,-0.403366358683607,0.1487080051225717,-0.1487080051225717
/home/user/thesis/UncertaintyAndRobustnessInBNNs/runs/mlp512x1/vogn/seed1_eps0p08_lam0p25.json,mlp512x1,vogn,1,val,0.08,0.25,robust_eps0p08_lam0p25,0.01,all,expected_entropy,-0.9158697237023373,-0.3852504317209275,0.5306192919814099,-0.5306192919814099,-0.7988010257290917,-0.35724115877316864,0.4415598669559231,-0.4415598669559231
/home/user/thesis/UncertaintyAndRobustnessInBNNs/runs/mlp512x1/vogn/seed1_eps0p08_lam0p25.json,mlp512x1,vogn,1,val,0.08,0.25,robust_eps0p08_lam0p25,0.01,clean_correct,expected_entropy,-0.9048821452295867,-0.35472254120751556,0.5501596040220711,-0.5501596040220711,-0.7705768364707495,-0.3295846967869815,0.440992139683768,-0.440992139683768
/home/user/thesis/UncertaintyAndRobustnessInBNNs/runs/mlp512x1/vogn/seed1_eps0p08_lam0p25.json,mlp512x1,vogn,1,val,0.08,0.25,robust_eps0p08_lam0p25,0.01,all,mutual_information,-0.8614644865473404,-0.49957562699913616,0.36188885954820427,-0.36188885954820427,-0.7926870916928958,-0.39598148582835346,0.3967056058645423,-0.3967056058645423
/home/user/thesis/UncertaintyAndRobustnessInBNNs/runs/mlp512x1/vogn/seed1_eps0p08_lam0p25.json,mlp512x1,vogn,1,val,0.08,0.25,robust_eps0p08_lam0p25,0.01,clean_correct,mutual_information,-0.8433529958041256,-0.5017726477819936,0.341580348022132,-0.341580348022132,-0.7635909677934639,-0.38391184460901145,0.37967912318445246,-0.37967912318445246
/home/user/thesis/UncertaintyAndRobustnessInBNNs/runs/mlp512x1/vogn/seed1_eps0p08_lam0p25.json,mlp512x1,vogn,1,val,0.08,0.25,robust_eps0p08_lam0p25,0.01,all,one_minus_confidence,-0.901979024854253,-0.40230210000101435,0.4996769248532386,-0.4996769248532386,-0.807298357779398,-0.3634891992461117,0.44380915853328623,-0.44380915853328623
/home/user/thesis/UncertaintyAndRobustnessInBNNs/runs/mlp512x1/vogn/seed1_eps0p08_lam0p25.json,mlp512x1,vogn,1,val,0.08,0.25,robust_eps0p08_lam0p25,0.01,clean_correct,one_minus_confidence,-0.8891725751635116,-0.376287651045369,0.5128849241181426,-0.5128849241181426,-0.7802860098866378,-0.3378363091809509,0.44244970070568684,-0.44244970070568684
/home/user/thesis/UncertaintyAndRobustnessInBNNs/runs/mlp512x1/vogn/seed1_eps0p08_lam0p25.json,mlp512x1,vogn,1,val,0.08,0.25,robust_eps0p08_lam0p25,0.01,all,predictive_entropy,-0.9070915737358396,-0.3889126594248255,0.518178914311014,-0.518178914311014,-0.8003554157382942,-0.3529981705718865,0.4473572451664077,-0.4473572451664077
/home/user/thesis/UncertaintyAndRobustnessInBNNs/runs/mlp512x1/vogn/seed1_eps0p08_lam0p25.json,mlp512x1,vogn,1,val,0.08,0.25,robust_eps0p08_lam0p25,0.01,clean_correct,predictive_entropy,-0.8949545697017198,-0.35943305994179553,0.5355215097599243,-0.5355215097599243,-0.7723529047785339,-0.32363458059694966,0.44871832418158425,-0.44871832418158425
/home/user/thesis/UncertaintyAndRobustnessInBNNs/runs/mlp512x1/vogn/seed1_eps0p08_lam0p25.json,mlp512x1,vogn,1,val,0.08,0.25,robust_eps0p08_lam0p25,0.05,all,expected_entropy,,-0.6086740223086593,,,-0.8969476044869783,-0.5440026877622182,0.35294491672476014,-0.35294491672476014
/home/user/thesis/UncertaintyAndRobustnessInBNNs/runs/mlp512x1/vogn/seed1_eps0p08_lam0p25.json,mlp512x1,vogn,1,val,0.08,0.25,robust_eps0p08_lam0p25,0.05,clean_correct,expected_entropy,,-0.5960470948262706,,,-0.8843293721978336,-0.5247197646926501,0.35960960750518345,-0.35960960750518345
/home/user/thesis/UncertaintyAndRobustnessInBNNs/runs/mlp512x1/vogn/seed1_eps0p08_lam0p25.json,mlp512x1,vogn,1,val,0.08,0.25,robust_eps0p08_lam0p25,0.05,all,mutual_information,,-0.7761037502795752,,,-0.7995389217248711,-0.7425622929666778,0.056976628758193315,-0.056976628758193315
/home/user/thesis/UncertaintyAndRobustnessInBNNs/runs/mlp512x1/vogn/seed1_eps0p08_lam0p25.json,mlp512x1,vogn,1,val,0.08,0.25,robust_eps0p08_lam0p25,0.05,clean_correct,mutual_information,,-0.7806934590179007,,,-0.7738153406612028,-0.7503797409411591,0.02343559972004372,-0.02343559972004372
/home/user/thesis/UncertaintyAndRobustnessInBNNs/runs/mlp512x1/vogn/seed1_eps0p08_lam0p25.json,mlp512x1,vogn,1,val,0.08,0.25,robust_eps0p08_lam0p25,0.05,all,one_minus_confidence,,-0.618026511126587,,,-0.8535748034346198,-0.5540852054532205,0.2994895979813993,-0.2994895979813993
/home/user/thesis/UncertaintyAndRobustnessInBNNs/runs/mlp512x1/vogn/seed1_eps0p08_lam0p25.json,mlp512x1,vogn,1,val,0.08,0.25,robust_eps0p08_lam0p25,0.05,clean_correct,one_minus_confidence,,-0.606430030821794,,,-0.8347717539301793,-0.5360930703836079,0.29867868354657146,-0.29867868354657146
/home/user/thesis/UncertaintyAndRobustnessInBNNs/runs/mlp512x1/vogn/seed1_eps0p08_lam0p25.json,mlp512x1,vogn,1,val,0.08,0.25,robust_eps0p08_lam0p25,0.05,all,predictive_entropy,,-0.609803487225906,,,-0.8751411242236664,-0.5460939474622651,0.32904717676140127,-0.32904717676140127
/home/user/thesis/UncertaintyAndRobustnessInBNNs/runs/mlp512x1/vogn/seed1_eps0p08_lam0p25.json,mlp512x1,vogn,1,val,0.08,0.25,robust_eps0p08_lam0p25,0.05,clean_correct,predictive_entropy,,-0.5974650802607971,,,-0.8595777030521049,-0.5271325612873162,0.3324451417647887,-0.3324451417647887
/home/user/thesis/UncertaintyAndRobustnessInBNNs/runs/mlp512x1/vogn/seed1_eps0p08_lam0p25.json,mlp512x1,vogn,1,val,0.08,0.25,robust_eps0p08_lam0p25,0.07,all,expected_entropy,,-0.5956680905526568,,,-0.7867771183366682,-0.5308041050666888,0.25597301326997934,-0.25597301326997934
/home/user/thesis/UncertaintyAndRobustnessInBNNs/runs/mlp512x1/vogn/seed1_eps0p08_lam0p25.json,mlp512x1,vogn,1,val,0.08,0.25,robust_eps0p08_lam0p25,0.07,clean_correct,expected_entropy,,-0.5860826862732972,,,-0.7698234803559681,-0.5109663925043405,0.25885708785162764,-0.25885708785162764
/home/user/thesis/UncertaintyAndRobustnessInBNNs/runs/mlp512x1/vogn/seed1_eps0p08_lam0p25.json,mlp512x1,vogn,1,val,0.08,0.25,robust_eps0p08_lam0p25,0.07,all,mutual_information,,-0.7526211076670793,,,-0.6742629113123159,-0.7348565357300008,-0.0605936244176849,0.0605936244176849
/home/user/thesis/UncertaintyAndRobustnessInBNNs/runs/mlp512x1/vogn/seed1_eps0p08_lam0p25.json,mlp512x1,vogn,1,val,0.08,0.25,robust_eps0p08_lam0p25,0.07,clean_correct,mutual_information,,-0.7561991522280477,,,-0.6445832967736467,-0.7408090369304806,-0.09622574015683394,0.09622574015683394
/home/user/thesis/UncertaintyAndRobustnessInBNNs/runs/mlp512x1/vogn/seed1_eps0p08_lam0p25.json,mlp512x1,vogn,1,val,0.08,0.25,robust_eps0p08_lam0p25,0.07,all,one_minus_confidence,,-0.6030991047068587,,,-0.7323581661000403,-0.5403529169134711,0.19200524918656925,-0.19200524918656925
/home/user/thesis/UncertaintyAndRobustnessInBNNs/runs/mlp512x1/vogn/seed1_eps0p08_lam0p25.json,mlp512x1,vogn,1,val,0.08,0.25,robust_eps0p08_lam0p25,0.07,clean_correct,one_minus_confidence,,-0.5942075574177459,,,-0.7097671031242018,-0.5215607467173684,0.18820635640683336,-0.18820635640683336
/home/user/thesis/UncertaintyAndRobustnessInBNNs/runs/mlp512x1/vogn/seed1_eps0p08_lam0p25.json,mlp512x1,vogn,1,val,0.08,0.25,robust_eps0p08_lam0p25,0.07,all,predictive_entropy,,-0.5966725898621891,,,-0.7598336904292889,-0.5329463878033115,0.22688730262597745,-0.22688730262597745
/home/user/thesis/UncertaintyAndRobustnessInBNNs/runs/mlp512x1/vogn/seed1_eps0p08_lam0p25.json,mlp512x1,vogn,1,val,0.08,0.25,robust_eps0p08_lam0p25,0.07,clean_correct,predictive_entropy,,-0.5872164181357081,,,-0.7398771124175124,-0.5133029415916046,0.2265741708259078,-0.2265741708259078
/home/user/thesis/UncertaintyAndRobustnessInBNNs/runs/mlp512x1/vogn/seed1_eps0p08_lam0p25.json,mlp512x1,vogn,1,val,0.08,0.25,robust_eps0p08_lam0p25,0.08,all,expected_entropy,,-0.5947191070694697,,,-0.7425284985800957,-0.48340709926305675,0.259121399317039,-0.259121399317039
/home/user/thesis/UncertaintyAndRobustnessInBNNs/runs/mlp512x1/vogn/seed1_eps0p08_lam0p25.json,mlp512x1,vogn,1,val,0.08,0.25,robust_eps0p08_lam0p25,0.08,clean_correct,expected_entropy,,-0.5840469000617448,,,-0.7280126384729512,-0.461410542912529,0.2666020955604222,-0.2666020955604222
/home/user/thesis/UncertaintyAndRobustnessInBNNs/runs/mlp512x1/vogn/seed1_eps0p08_lam0p25.json,mlp512x1,vogn,1,val,0.08,0.25,robust_eps0p08_lam0p25,0.08,all,mutual_information,,-0.7253194842247751,,,-0.6359161222522662,-0.692398890297837,-0.05648276804557073,0.05648276804557073
/home/user/thesis/UncertaintyAndRobustnessInBNNs/runs/mlp512x1/vogn/seed1_eps0p08_lam0p25.json,mlp512x1,vogn,1,val,0.08,0.25,robust_eps0p08_lam0p25,0.08,clean_correct,mutual_information,,-0.7252293041104323,,,-0.6115973299611251,-0.6934490283427927,-0.0818516983816675,0.0818516983816675
/home/user/thesis/UncertaintyAndRobustnessInBNNs/runs/mlp512x1/vogn/seed1_eps0p08_lam0p25.json,mlp512x1,vogn,1,val,0.08,0.25,robust_eps0p08_lam0p25,0.08,all,one_minus_confidence,,-0.6036112047175213,,,-0.702771378650794,-0.4911841003805373,0.2115872782702567,-0.2115872782702567
/home/user/thesis/UncertaintyAndRobustnessInBNNs/runs/mlp512x1/vogn/seed1_eps0p08_lam0p25.json,mlp512x1,vogn,1,val,0.08,0.25,robust_eps0p08_lam0p25,0.08,clean_correct,one_minus_confidence,,-0.5938360240459722,,,-0.6847599593792546,-0.4699317999149535,0.21482815946430112,-0.21482815946430112
/home/user/thesis/UncertaintyAndRobustnessInBNNs/runs/mlp512x1/vogn/seed1_eps0p08_lam0p25.json,mlp512x1,vogn,1,val,0.08,0.25,robust_eps0p08_lam0p25,0.08,all,predictive_entropy,,-0.5963522497302629,,,-0.7181995147427617,-0.48377056324746515,0.23442895149529652,-0.23442895149529652
/home/user/thesis/UncertaintyAndRobustnessInBNNs/runs/mlp512x1/vogn/seed1_eps0p08_lam0p25.json,mlp512x1,vogn,1,val,0.08,0.25,robust_eps0p08_lam0p25,0.08,clean_correct,predictive_entropy,,-0.585766539575127,,,-0.7014383703408341,-0.46182532059332876,0.23961304974750536,-0.23961304974750536
/home/user/thesis/UncertaintyAndRobustnessInBNNs/runs/mlp512x1/vogn/seed1_eps0p08_lam0p25.json,mlp512x1,vogn,1,val,0.08,0.25,robust_eps0p08_lam0p25,0.1,all,expected_entropy,,-0.28457972865258613,,,-0.6103887676158329,-0.4286437996132326,0.18174496800260032,-0.18174496800260032
/home/user/thesis/UncertaintyAndRobustnessInBNNs/runs/mlp512x1/vogn/seed1_eps0p08_lam0p25.json,mlp512x1,vogn,1,val,0.08,0.25,robust_eps0p08_lam0p25,0.1,clean_correct,expected_entropy,,-0.2702369826512611,,,-0.6109603360291379,-0.4037062791734917,0.20725405685564618,-0.20725405685564618
/home/user/thesis/UncertaintyAndRobustnessInBNNs/runs/mlp512x1/vogn/seed1_eps0p08_lam0p25.json,mlp512x1,vogn,1,val,0.08,0.25,robust_eps0p08_lam0p25,0.1,all,mutual_information,,-0.3978429345609426,,,-0.5503219268663777,-0.6498456584239553,-0.09952373155757754,0.09952373155757754
/home/user/thesis/UncertaintyAndRobustnessInBNNs/runs/mlp512x1/vogn/seed1_eps0p08_lam0p25.json,mlp512x1,vogn,1,val,0.08,0.25,robust_eps0p08_lam0p25,0.1,clean_correct,mutual_information,,-0.39151664536153136,,,-0.5468167897854243,-0.6474035914692203,-0.10058680168379608,0.10058680168379608
/home/user/thesis/UncertaintyAndRobustnessInBNNs/runs/mlp512x1/vogn/seed1_eps0p08_lam0p25.json,mlp512x1,vogn,1,val,0.08,0.25,robust_eps0p08_lam0p25,0.1,all,one_minus_confidence,,-0.28979485262759286,,,-0.5904495673670511,-0.44028740158189084,0.15016216578516028,-0.15016216578516028
/home/user/thesis/UncertaintyAndRobustnessInBNNs/runs/mlp512x1/vogn/seed1_eps0p08_lam0p25.json,mlp512x1,vogn,1,val,0.08,0.25,robust_eps0p08_lam0p25,0.1,clean_correct,one_minus_confidence,,-0.2754772297430355,,,-0.5897179927925834,-0.41655432249743907,0.17316367029514435,-0.17316367029514435
/home/user/thesis/UncertaintyAndRobustnessInBNNs/runs/mlp512x1/vogn/seed1_eps0p08_lam0p25.json,mlp512x1,vogn,1,val,0.08,0.25,robust_eps0p08_lam0p25,0.1,all,predictive_entropy,,-0.28457972865258613,,,-0.5952474374269142,-0.43013404344083683,0.16511339398607738,-0.16511339398607738
/home/user/thesis/UncertaintyAndRobustnessInBNNs/runs/mlp512x1/vogn/seed1_eps0p08_lam0p25.json,mlp512x1,vogn,1,val,0.08,0.25,robust_eps0p08_lam0p25,0.1,clean_correct,predictive_entropy,,-0.2702369826512611,,,-0.5947856106235261,-0.40528105986684054,0.18950455075668554,-0.18950455075668554
/home/user/thesis/UncertaintyAndRobustnessInBNNs/runs/mlp512x1/vogn/seed2_eps0p08_lam0p25.json,mlp512x1,vogn,2,val,0.08,0.25,robust_eps0p08_lam0p25,0.01,all,expected_entropy,-0.9131292921394852,-0.4132573626707575,0.4998719294687277,-0.4998719294687277,-0.7911780734315068,-0.4132573626707575,0.3779207107607493,-0.3779207107607493
/home/user/thesis/UncertaintyAndRobustnessInBNNs/runs/mlp512x1/vogn/seed2_eps0p08_lam0p25.json,mlp512x1,vogn,2,val,0.08,0.25,robust_eps0p08_lam0p25,0.01,clean_correct,expected_entropy,-0.9017291425508046,-0.36042967638451745,0.5412994661662871,-0.5412994661662871,-0.761627388238912,-0.36042967638451745,0.4011977118543945,-0.4011977118543945
/home/user/thesis/UncertaintyAndRobustnessInBNNs/runs/mlp512x1/vogn/seed2_eps0p08_lam0p25.json,mlp512x1,vogn,2,val,0.08,0.25,robust_eps0p08_lam0p25,0.01,all,mutual_information,-0.8987279939623185,-0.49800192376198155,0.40072607020033696,-0.40072607020033696,-0.7930624538908871,-0.49800192376198155,0.2950605301289056,-0.2950605301289056
/home/user/thesis/UncertaintyAndRobustnessInBNNs/runs/mlp512x1/vogn/seed2_eps0p08_lam0p25.json,mlp512x1,vogn,2,val,0.08,0.25,robust_eps0p08_lam0p25,0.01,clean_correct,mutual_information,-0.8876242487240732,-0.4793273076140943,0.4082969411099789,-0.4082969411099789,-0.7649820471771988,-0.4793273076140943,0.28565473956310444,-0.28565473956310444
/home/user/thesis/UncertaintyAndRobustnessInBNNs/runs/mlp512x1/vogn/seed2_eps0p08_lam0p25.json,mlp512x1,vogn,2,val,0.08,0.25,robust_eps0p08_lam0p25,0.01,all,one_minus_confidence,-0.9120177825486301,-0.42264286902639725,0.48937491352223284,-0.48937491352223284,-0.7890843173655286,-0.42264286902639725,0.3664414483391314,-0.3664414483391314
/home/user/thesis/UncertaintyAndRobustnessInBNNs/runs/mlp512x1/vogn/seed2_eps0p08_lam0p25.json,mlp512x1,vogn,2,val,0.08,0.25,robust_eps0p08_lam0p25,0.01,clean_correct,one_minus_confidence,-0.9006904100596886,-0.384473339123127,0.5162170709365617,-0.5162170709365617,-0.7593510125307886,-0.384473339123127,0.37487767340766165,-0.37487767340766165
/home/user/thesis/UncertaintyAndRobustnessInBNNs/runs/mlp512x1/vogn/seed2_eps0p08_lam0p25.json,mlp512x1,vogn,2,val,0.08,0.25,robust_eps0p08_lam0p25,0.01,all,predictive_entropy,-0.9088282332879153,-0.42108517353460556,0.4877430597533097,-0.4877430597533097,-0.7930101099892377,-0.42108517353460556,0.37192493645463215,-0.37192493645463215
/home/user/thesis/UncertaintyAndRobustnessInBNNs/runs/mlp512x1/vogn/seed2_eps0p08_lam0p25.json,mlp512x1,vogn,2,val,0.08,0.25,robust_eps0p08_lam0p25,0.01,clean_correct,predictive_entropy,-0.8970821814063389,-0.3769621089173919,0.520120072488947,-0.520120072488947,-0.763843859323137,-0.3769621089173919,0.38688175040574513,-0.38688175040574513
/home/user/thesis/UncertaintyAndRobustnessInBNNs/runs/mlp512x1/vogn/seed2_eps0p08_lam0p25.json,mlp512x1,vogn,2,val,0.08,0.25,robust_eps0p08_lam0p25,0.05,all,expected_entropy,,-0.5616886207976823,,,-0.911610043789778,-0.4930491564190804,0.4185608873706975,-0.4185608873706975
/home/user/thesis/UncertaintyAndRobustnessInBNNs/runs/mlp512x1/vogn/seed2_eps0p08_lam0p25.json,mlp512x1,vogn,2,val,0.08,0.25,robust_eps0p08_lam0p25,0.05,clean_correct,expected_entropy,,-0.5369512623975945,,,-0.9001194277343518,-0.45767391750946007,0.44244551022489176,-0.44244551022489176
/home/user/thesis/UncertaintyAndRobustnessInBNNs/runs/mlp512x1/vogn/seed2_eps0p08_lam0p25.json,mlp512x1,vogn,2,val,0.08,0.25,robust_eps0p08_lam0p25,0.05,all,mutual_information,,-0.7350756143186472,,,-0.8507143776046848,-0.6816165163087623,0.16909786129592252,-0.16909786129592252
/home/user/thesis/UncertaintyAndRobustnessInBNNs/runs/mlp512x1/vogn/seed2_eps0p08_lam0p25.json,mlp512x1,vogn,2,val,0.08,0.25,robust_eps0p08_lam0p25,0.05,clean_correct,mutual_information,,-0.7276946602700615,,,-0.8340571105498923,-0.6716191690828429,0.16243794146704937,-0.16243794146704937
/home/user/thesis/UncertaintyAndRobustnessInBNNs/runs/mlp512x1/vogn/seed2_eps0p08_lam0p25.json,mlp512x1,vogn,2,val,0.08,0.25,robust_eps0p08_lam0p25,0.05,all,one_minus_confidence,,-0.57518174052111,,,-0.9046464226566244,-0.5005989656237033,0.4040474570329211,-0.4040474570329211
/home/user/thesis/UncertaintyAndRobustnessInBNNs/runs/mlp512x1/vogn/seed2_eps0p08_lam0p25.json,mlp512x1,vogn,2,val,0.08,0.25,robust_eps0p08_lam0p25,0.05,clean_correct,one_minus_confidence,,-0.5532493613492514,,,-0.8927369502182577,-0.4681614512136151,0.42457549900464264,-0.42457549900464264
/home/user/thesis/UncertaintyAndRobustnessInBNNs/runs/mlp512x1/vogn/seed2_eps0p08_lam0p25.json,mlp512x1,vogn,2,val,0.08,0.25,robust_eps0p08_lam0p25,0.05,all,predictive_entropy,,-0.570004543748328,,,-0.8990275007767697,-0.49954388743688033,0.3994836133398894,-0.3994836133398894
/home/user/thesis/UncertaintyAndRobustnessInBNNs/runs/mlp512x1/vogn/seed2_eps0p08_lam0p25.json,mlp512x1,vogn,2,val,0.08,0.25,robust_eps0p08_lam0p25,0.05,clean_correct,predictive_entropy,,-0.5460822798897798,,,-0.8863858482375002,-0.4654849195704651,0.4209009286670351,-0.4209009286670351
/home/user/thesis/UncertaintyAndRobustnessInBNNs/runs/mlp512x1/vogn/seed2_eps0p08_lam0p25.json,mlp512x1,vogn,2,val,0.08,0.25,robust_eps0p08_lam0p25,0.07,all,expected_entropy,,-0.5952367849987569,,,-0.7946444819238375,-0.4844546210767303,0.3101898608471072,-0.3101898608471072
/home/user/thesis/UncertaintyAndRobustnessInBNNs/runs/mlp512x1/vogn/seed2_eps0p08_lam0p25.json,mlp512x1,vogn,2,val,0.08,0.25,robust_eps0p08_lam0p25,0.07,clean_correct,expected_entropy,,-0.581100319740262,,,-0.777753502401206,-0.4516064265538798,0.3261470758473262,-0.3261470758473262
/home/user/thesis/UncertaintyAndRobustnessInBNNs/runs/mlp512x1/vogn/seed2_eps0p08_lam0p25.json,mlp512x1,vogn,2,val,0.08,0.25,robust_eps0p08_lam0p25,0.07,all,mutual_information,,-0.7478421985610282,,,-0.7322343120033806,-0.6652283052143233,0.06700600678905733,-0.06700600678905733
/home/user/thesis/UncertaintyAndRobustnessInBNNs/runs/mlp512x1/vogn/seed2_eps0p08_lam0p25.json,mlp512x1,vogn,2,val,0.08,0.25,robust_eps0p08_lam0p25,0.07,clean_correct,mutual_information,,-0.7429538499737997,,,-0.7106457299406961,-0.6528261047425863,0.05781962519810979,-0.05781962519810979
/home/user/thesis/UncertaintyAndRobustnessInBNNs/runs/mlp512x1/vogn/seed2_eps0p08_lam0p25.json,mlp512x1,vogn,2,val,0.08,0.25,robust_eps0p08_lam0p25,0.07,all,one_minus_confidence,,-0.5994710756537657,,,-0.7921847302500017,-0.4935622028934998,0.2986225273565019,-0.2986225273565019
/home/user/thesis/UncertaintyAndRobustnessInBNNs/runs/mlp512x1/vogn/seed2_eps0p08_lam0p25.json,mlp512x1,vogn,2,val,0.08,0.25,robust_eps0p08_lam0p25,0.07,clean_correct,one_minus_confidence,,-0.5864351902804125,,,-0.7753043136252751,-0.46306302221187495,0.3122412914134001,-0.3122412914134001
/home/user/thesis/UncertaintyAndRobustnessInBNNs/runs/mlp512x1/vogn/seed2_eps0p08_lam0p25.json,mlp512x1,vogn,2,val,0.08,0.25,robust_eps0p08_lam0p25,0.07,all,predictive_entropy,,-0.6027030994474233,,,-0.7850948577783579,-0.4924668961847986,0.29262796159355925,-0.29262796159355925
/home/user/thesis/UncertaintyAndRobustnessInBNNs/runs/mlp512x1/vogn/seed2_eps0p08_lam0p25.json,mlp512x1,vogn,2,val,0.08,0.25,robust_eps0p08_lam0p25,0.07,clean_correct,predictive_entropy,,-0.5891901477209599,,,-0.7676301887940244,-0.4606493347105746,0.30698085408344983,-0.30698085408344983
/home/user/thesis/UncertaintyAndRobustnessInBNNs/runs/mlp512x1/vogn/seed2_eps0p08_lam0p25.json,mlp512x1,vogn,2,val,0.08,0.25,robust_eps0p08_lam0p25,0.08,all,expected_entropy,,-0.5376912947051884,,,-0.7450394852135946,-0.4736113716300248,0.27142811358356983,-0.27142811358356983
/home/user/thesis/UncertaintyAndRobustnessInBNNs/runs/mlp512x1/vogn/seed2_eps0p08_lam0p25.json,mlp512x1,vogn,2,val,0.08,0.25,robust_eps0p08_lam0p25,0.08,clean_correct,expected_entropy,,-0.527387444709979,,,-0.7286268666449425,-0.44416598758421694,0.28446087906072554,-0.28446087906072554
/home/user/thesis/UncertaintyAndRobustnessInBNNs/runs/mlp512x1/vogn/seed2_eps0p08_lam0p25.json,mlp512x1,vogn,2,val,0.08,0.25,robust_eps0p08_lam0p25,0.08,all,mutual_information,,-0.6689068549801614,,,-0.687558839727686,-0.6457037795111069,0.04185506021657914,-0.04185506021657914
/home/user/thesis/UncertaintyAndRobustnessInBNNs/runs/mlp512x1/vogn/seed2_eps0p08_lam0p25.json,mlp512x1,vogn,2,val,0.08,0.25,robust_eps0p08_lam0p25,0.08,clean_correct,mutual_information,,-0.6659583950181814,,,-0.6685202603131738,-0.6340664078579293,0.03445385245524446,-0.03445385245524446
/home/user/thesis/UncertaintyAndRobustnessInBNNs/runs/mlp512x1/vogn/seed2_eps0p08_lam0p25.json,mlp512x1,vogn,2,val,0.08,0.25,robust_eps0p08_lam0p25,0.08,all,one_minus_confidence,,-0.5516974625745518,,,-0.745579440038825,-0.48423961303350116,0.2613398270053239,-0.2613398270053239
/home/user/thesis/UncertaintyAndRobustnessInBNNs/runs/mlp512x1/vogn/seed2_eps0p08_lam0p25.json,mlp512x1,vogn,2,val,0.08,0.25,robust_eps0p08_lam0p25,0.08,clean_correct,one_minus_confidence,,-0.5426163842457814,,,-0.7292345621133702,-0.4573028421967595,0.27193171991661075,-0.27193171991661075
/home/user/thesis/UncertaintyAndRobustnessInBNNs/runs/mlp512x1/vogn/seed2_eps0p08_lam0p25.json,mlp512x1,vogn,2,val,0.08,0.25,robust_eps0p08_lam0p25,0.08,all,predictive_entropy,,-0.5444137187943638,,,-0.734583996325039,-0.48116465643619327,0.25341933988884574,-0.25341933988884574
/home/user/thesis/UncertaintyAndRobustnessInBNNs/runs/mlp512x1/vogn/seed2_eps0p08_lam0p25.json,mlp512x1,vogn,2,val,0.08,0.25,robust_eps0p08_lam0p25,0.08,clean_correct,predictive_entropy,,-0.534586683607953,,,-0.7173016329151515,-0.452647315623361,0.26465431729179045,-0.26465431729179045
/home/user/thesis/UncertaintyAndRobustnessInBNNs/runs/mlp512x1/vogn/seed2_eps0p08_lam0p25.json,mlp512x1,vogn,2,val,0.08,0.25,robust_eps0p08_lam0p25,0.1,all,expected_entropy,,-0.31780957516571184,,,-0.6648770972182789,-0.43474103337904535,0.23013606383923357,-0.23013606383923357
/home/user/thesis/UncertaintyAndRobustnessInBNNs/runs/mlp512x1/vogn/seed2_eps0p08_lam0p25.json,mlp512x1,vogn,2,val,0.08,0.25,robust_eps0p08_lam0p25,0.1,clean_correct,expected_entropy,,-0.30770788873591687,,,-0.6673526327157848,-0.4045847941710915,0.2627678385446933,-0.2627678385446933
/home/user/thesis/UncertaintyAndRobustnessInBNNs/runs/mlp512x1/vogn/seed2_eps0p08_lam0p25.json,mlp512x1,vogn,2,val,0.08,0.25,robust_eps0p08_lam0p25,0.1,all,mutual_information,,-0.431893508541037,,,-0.5972604196300771,-0.6111670294690925,-0.013906609839015371,0.013906609839015371
/home/user/thesis/UncertaintyAndRobustnessInBNNs/runs/mlp512x1/vogn/seed2_eps0p08_lam0p25.json,mlp512x1,vogn,2,val,0.08,0.25,robust_eps0p08_lam0p25,0.1,clean_correct,mutual_information,,-0.42931739924468537,,,-0.5953673122363042,-0.5962036129599826,-0.0008363007236783515,0.0008363007236783515
/home/user/thesis/UncertaintyAndRobustnessInBNNs/runs/mlp512x1/vogn/seed2_eps0p08_lam0p25.json,mlp512x1,vogn,2,val,0.08,0.25,robust_eps0p08_lam0p25,0.1,all,one_minus_confidence,,-0.32584295517836226,,,-0.662388512136487,-0.45241377463609667,0.2099747375003903,-0.2099747375003903
/home/user/thesis/UncertaintyAndRobustnessInBNNs/runs/mlp512x1/vogn/seed2_eps0p08_lam0p25.json,mlp512x1,vogn,2,val,0.08,0.25,robust_eps0p08_lam0p25,0.1,clean_correct,one_minus_confidence,,-0.3162262216344834,,,-0.6648493837893367,-0.42510705981809493,0.23974232397124173,-0.23974232397124173
/home/user/thesis/UncertaintyAndRobustnessInBNNs/runs/mlp512x1/vogn/seed2_eps0p08_lam0p25.json,mlp512x1,vogn,2,val,0.08,0.25,robust_eps0p08_lam0p25,0.1,all,predictive_entropy,,-0.32163056814957436,,,-0.6574113419729031,-0.4429745771943244,0.21443676477857865,-0.21443676477857865
/home/user/thesis/UncertaintyAndRobustnessInBNNs/runs/mlp512x1/vogn/seed2_eps0p08_lam0p25.json,mlp512x1,vogn,2,val,0.08,0.25,robust_eps0p08_lam0p25,0.1,clean_correct,predictive_entropy,,-0.3118313907598384,,,-0.6594369536780975,-0.4136854240871866,0.2457515295909109,-0.2457515295909109
/home/user/thesis/UncertaintyAndRobustnessInBNNs/runs/mlp512x1/vogn/seed3_eps0p08_lam0p25.json,mlp512x1,vogn,3,val,0.08,0.25,robust_eps0p08_lam0p25,0.01,all,expected_entropy,-0.9292630940278397,-0.3812654400098136,0.547997654018026,-0.547997654018026,-0.8056397667370924,-0.3581635475125778,0.4474762192245146,-0.4474762192245146
/home/user/thesis/UncertaintyAndRobustnessInBNNs/runs/mlp512x1/vogn/seed3_eps0p08_lam0p25.json,mlp512x1,vogn,3,val,0.08,0.25,robust_eps0p08_lam0p25,0.01,clean_correct,expected_entropy,-0.9199836091973459,-0.3423119421019152,0.5776716670954307,-0.5776716670954307,-0.7794078880175953,-0.317167062999089,0.46224082501850633,-0.46224082501850633
/home/user/thesis/UncertaintyAndRobustnessInBNNs/runs/mlp512x1/vogn/seed3_eps0p08_lam0p25.json,mlp512x1,vogn,3,val,0.08,0.25,robust_eps0p08_lam0p25,0.01,all,mutual_information,-0.8825455126644584,-0.49723615965573553,0.3853093530087228,-0.3853093530087228,-0.8013022050249736,-0.4445913723952163,0.35671083262975734,-0.35671083262975734
/home/user/thesis/UncertaintyAndRobustnessInBNNs/runs/mlp512x1/vogn/seed3_eps0p08_lam0p25.json,mlp512x1,vogn,3,val,0.08,0.25,robust_eps0p08_lam0p25,0.01,clean_correct,mutual_information,-0.8671154005972719,-0.4480742159766055,0.41904118462066636,-0.41904118462066636,-0.7744799457023678,-0.38391184460901145,0.3905681010933563,-0.3905681010933563
/home/user/thesis/UncertaintyAndRobustnessInBNNs/runs/mlp512x1/vogn/seed3_eps0p08_lam0p25.json,mlp512x1,vogn,3,val,0.08,0.25,robust_eps0p08_lam0p25,0.01,all,one_minus_confidence,-0.9291177073638458,-0.39629718927328444,0.5328205180905614,-0.5328205180905614,-0.8218433018685704,-0.37388729822608435,0.447956003642486,-0.447956003642486
/home/user/thesis/UncertaintyAndRobustnessInBNNs/runs/mlp512x1/vogn/seed3_eps0p08_lam0p25.json,mlp512x1,vogn,3,val,0.08,0.25,robust_eps0p08_lam0p25,0.01,clean_correct,one_minus_confidence,-0.919819081577221,-0.3555381604157864,0.5642809211614346,-0.5642809211614346,-0.7978168679308016,-0.33157027346782564,0.466246594462976,-0.466246594462976
/home/user/thesis/UncertaintyAndRobustnessInBNNs/runs/mlp512x1/vogn/seed3_eps0p08_lam0p25.json,mlp512x1,vogn,3,val,0.08,0.25,robust_eps0p08_lam0p25,0.01,all,predictive_entropy,-0.9226722319267817,-0.38586002464728963,0.5368122072794921,-0.5368122072794921,-0.8061881940800039,-0.36305220783144637,0.4431359862485575,-0.4431359862485575
/home/user/thesis/UncertaintyAndRobustnessInBNNs/runs/mlp512x1/vogn/seed3_eps0p08_lam0p25.json,mlp512x1,vogn,3,val,0.08,0.25,robust_eps0p08_lam0p25,0.01,clean_correct,predictive_entropy,-0.9125250237516921,-0.3423119421019152,0.5702130816497769,-0.5702130816497769,-0.7800309611838886,-0.317167062999089,0.4628638981847996,-0.4628638981847996
/home/user/thesis/UncertaintyAndRobustnessInBNNs/runs/mlp512x1/vogn/seed3_eps0p08_lam0p25.json,mlp512x1,vogn,3,val,0.08,0.25,robust_eps0p08_lam0p25,0.05,all,expected_entropy,,-0.5929404118899684,,,-0.8855311607060048,-0.501102983528121,0.3844281771778838,-0.3844281771778838
/home/user/thesis/UncertaintyAndRobustnessInBNNs/runs/mlp512x1/vogn/seed3_eps0p08_lam0p25.json,mlp512x1,vogn,3,val,0.08,0.25,robust_eps0p08_lam0p25,0.05,clean_correct,expected_entropy,,-0.5759063678334284,,,-0.8714204440572184,-0.4748707437801862,0.39654970027703224,-0.39654970027703224
/home/user/thesis/UncertaintyAndRobustnessInBNNs/runs/mlp512x1/vogn/seed3_eps0p08_lam0p25.json,mlp512x1,vogn,3,val,0.08,0.25,robust_eps0p08_lam0p25,0.05,all,mutual_information,,-0.7623826180928931,,,-0.7934755096880077,-0.7082225669642893,0.08525294272371842,-0.08525294272371842
/home/user/thesis/UncertaintyAndRobustnessInBNNs/runs/mlp512x1/vogn/seed3_eps0p08_lam0p25.json,mlp512x1,vogn,3,val,0.08,0.25,robust_eps0p08_lam0p25,0.05,clean_correct,mutual_information,,-0.7428250457819436,,,-0.7674058931717443,-0.6827035314926755,0.08470236167906886,-0.08470236167906886
/home/user/thesis/UncertaintyAndRobustnessInBNNs/runs/mlp512x1/vogn/seed3_eps0p08_lam0p25.json,mlp512x1,vogn,3,val,0.08,0.25,robust_eps0p08_lam0p25,0.05,all,one_minus_confidence,,-0.6069394837144189,,,-0.8652078097766662,-0.5175475505785234,0.3476602591981428,-0.3476602591981428
/home/user/thesis/UncertaintyAndRobustnessInBNNs/runs/mlp512x1/vogn/seed3_eps0p08_lam0p25.json,mlp512x1,vogn,3,val,0.08,0.25,robust_eps0p08_lam0p25,0.05,clean_correct,one_minus_confidence,,-0.5907689971881392,,,-0.848456897593463,-0.49263832938111785,0.35581856821234514,-0.35581856821234514
/home/user/thesis/UncertaintyAndRobustnessInBNNs/runs/mlp512x1/vogn/seed3_eps0p08_lam0p25.json,mlp512x1,vogn,3,val,0.08,0.25,robust_eps0p08_lam0p25,0.05,all,predictive_entropy,,-0.598681487274298,,,-0.8625652936983834,-0.5093251220010123,0.3532401716973711,-0.3532401716973711
/home/user/thesis/UncertaintyAndRobustnessInBNNs/runs/mlp512x1/vogn/seed3_eps0p08_lam0p25.json,mlp512x1,vogn,3,val,0.08,0.25,robust_eps0p08_lam0p25,0.05,clean_correct,predictive_entropy,,-0.581691897231349,,,-0.8454710936797358,-0.4833471121457952,0.36212398153394065,-0.36212398153394065
/home/user/thesis/UncertaintyAndRobustnessInBNNs/runs/mlp512x1/vogn/seed3_eps0p08_lam0p25.json,mlp512x1,vogn,3,val,0.08,0.25,robust_eps0p08_lam0p25,0.07,all,expected_entropy,,-0.61416505885754,,,-0.7784390591315086,-0.4903982453248835,0.28804081380662505,-0.28804081380662505
/home/user/thesis/UncertaintyAndRobustnessInBNNs/runs/mlp512x1/vogn/seed3_eps0p08_lam0p25.json,mlp512x1,vogn,3,val,0.08,0.25,robust_eps0p08_lam0p25,0.07,clean_correct,expected_entropy,,-0.6058067122460677,,,-0.756853758179928,-0.4651669535161495,0.29168680466377844,-0.29168680466377844
/home/user/thesis/UncertaintyAndRobustnessInBNNs/runs/mlp512x1/vogn/seed3_eps0p08_lam0p25.json,mlp512x1,vogn,3,val,0.08,0.25,robust_eps0p08_lam0p25,0.07,all,mutual_information,,-0.7438042540444442,,,-0.6657727863848416,-0.6992598008785685,-0.03348701449372693,0.03348701449372693
/home/user/thesis/UncertaintyAndRobustnessInBNNs/runs/mlp512x1/vogn/seed3_eps0p08_lam0p25.json,mlp512x1,vogn,3,val,0.08,0.25,robust_eps0p08_lam0p25,0.07,clean_correct,mutual_information,,-0.7319430868498473,,,-0.6308021758453448,-0.677124874171526,-0.04632269832618119,0.04632269832618119
/home/user/thesis/UncertaintyAndRobustnessInBNNs/runs/mlp512x1/vogn/seed3_eps0p08_lam0p25.json,mlp512x1,vogn,3,val,0.08,0.25,robust_eps0p08_lam0p25,0.07,all,one_minus_confidence,,-0.6217810789530853,,,-0.7477645088460291,-0.49908004626049784,0.24868446258553123,-0.24868446258553123
/home/user/thesis/UncertaintyAndRobustnessInBNNs/runs/mlp512x1/vogn/seed3_eps0p08_lam0p25.json,mlp512x1,vogn,3,val,0.08,0.25,robust_eps0p08_lam0p25,0.07,clean_correct,one_minus_confidence,,-0.6141414326958917,,,-0.7225651153168936,-0.4741942872116314,0.24837082810526218,-0.24837082810526218
/home/user/thesis/UncertaintyAndRobustnessInBNNs/runs/mlp512x1/vogn/seed3_eps0p08_lam0p25.json,mlp512x1,vogn,3,val,0.08,0.25,robust_eps0p08_lam0p25,0.07,all,predictive_entropy,,-0.6152709379944582,,,-0.7464140569466683,-0.4918814113293226,0.2545326456173457,-0.2545326456173457
/home/user/thesis/UncertaintyAndRobustnessInBNNs/runs/mlp512x1/vogn/seed3_eps0p08_lam0p25.json,mlp512x1,vogn,3,val,0.08,0.25,robust_eps0p08_lam0p25,0.07,clean_correct,predictive_entropy,,-0.6070561495451596,,,-0.7210411756340921,-0.46613756792098243,0.25490360771310966,-0.25490360771310966
/home/user/thesis/UncertaintyAndRobustnessInBNNs/runs/mlp512x1/vogn/seed3_eps0p08_lam0p25.json,mlp512x1,vogn,3,val,0.08,0.25,robust_eps0p08_lam0p25,0.08,all,expected_entropy,,-0.5846263263979413,,,-0.7701817624412092,-0.47403485470035384,0.29614690774085534,-0.29614690774085534
/home/user/thesis/UncertaintyAndRobustnessInBNNs/runs/mlp512x1/vogn/seed3_eps0p08_lam0p25.json,mlp512x1,vogn,3,val,0.08,0.25,robust_eps0p08_lam0p25,0.08,clean_correct,expected_entropy,,-0.57597348159028,,,-0.7617064922599581,-0.4477086827899865,0.31399780946997163,-0.31399780946997163
/home/user/thesis/UncertaintyAndRobustnessInBNNs/runs/mlp512x1/vogn/seed3_eps0p08_lam0p25.json,mlp512x1,vogn,3,val,0.08,0.25,robust_eps0p08_lam0p25,0.08,all,mutual_information,,-0.6915326003017541,,,-0.6521096676054833,-0.68742859115767,-0.03531892355218669,0.03531892355218669
/home/user/thesis/UncertaintyAndRobustnessInBNNs/runs/mlp512x1/vogn/seed3_eps0p08_lam0p25.json,mlp512x1,vogn,3,val,0.08,0.25,robust_eps0p08_lam0p25,0.08,clean_correct,mutual_information,,-0.6790489961915772,,,-0.633448768202265,-0.6639380320393847,-0.030489263837119696,0.030489263837119696
/home/user/thesis/UncertaintyAndRobustnessInBNNs/runs/mlp512x1/vogn/seed3_eps0p08_lam0p25.json,mlp512x1,vogn,3,val,0.08,0.25,robust_eps0p08_lam0p25,0.08,all,one_minus_confidence,,-0.5969280490244339,,,-0.7271733738542384,-0.4815283784821202,0.2456449953721182,-0.2456449953721182
/home/user/thesis/UncertaintyAndRobustnessInBNNs/runs/mlp512x1/vogn/seed3_eps0p08_lam0p25.json,mlp512x1,vogn,3,val,0.08,0.25,robust_eps0p08_lam0p25,0.08,clean_correct,one_minus_confidence,,-0.5896702392505844,,,-0.7153442015055941,-0.4554203544277726,0.25992384707782146,-0.25992384707782146
/home/user/thesis/UncertaintyAndRobustnessInBNNs/runs/mlp512x1/vogn/seed3_eps0p08_lam0p25.json,mlp512x1,vogn,3,val,0.08,0.25,robust_eps0p08_lam0p25,0.08,all,predictive_entropy,,-0.5852323137795407,,,-0.7326499093168316,-0.47471130399904804,0.25793860531778356,-0.25793860531778356
/home/user/thesis/UncertaintyAndRobustnessInBNNs/runs/mlp512x1/vogn/seed3_eps0p08_lam0p25.json,mlp512x1,vogn,3,val,0.08,0.25,robust_eps0p08_lam0p25,0.08,clean_correct,predictive_entropy,,-0.5766549725959083,,,-0.7211535883032819,-0.44782735971054055,0.27332622859274136,-0.27332622859274136
/home/user/thesis/UncertaintyAndRobustnessInBNNs/runs/mlp512x1/vogn/seed3_eps0p08_lam0p25.json,mlp512x1,vogn,3,val,0.08,0.25,robust_eps0p08_lam0p25,0.1,all,expected_entropy,,-0.3442780361117449,,,-0.5949858002277052,-0.44898165554304653,0.14600414468465867,-0.14600414468465867
/home/user/thesis/UncertaintyAndRobustnessInBNNs/runs/mlp512x1/vogn/seed3_eps0p08_lam0p25.json,mlp512x1,vogn,3,val,0.08,0.25,robust_eps0p08_lam0p25,0.1,clean_correct,expected_entropy,,-0.330038506439596,,,-0.592186220606665,-0.42443502297333185,0.16775119763333318,-0.16775119763333318
/home/user/thesis/UncertaintyAndRobustnessInBNNs/runs/mlp512x1/vogn/seed3_eps0p08_lam0p25.json,mlp512x1,vogn,3,val,0.08,0.25,robust_eps0p08_lam0p25,0.1,all,mutual_information,,-0.4683008855669748,,,-0.4989534203961935,-0.6433117295497144,-0.14435830915352088,0.14435830915352088
/home/user/thesis/UncertaintyAndRobustnessInBNNs/runs/mlp512x1/vogn/seed3_eps0p08_lam0p25.json,mlp512x1,vogn,3,val,0.08,0.25,robust_eps0p08_lam0p25,0.1,clean_correct,mutual_information,,-0.45150017058813224,,,-0.4895882060519046,-0.6201915781528572,-0.13060337210095257,0.13060337210095257
/home/user/thesis/UncertaintyAndRobustnessInBNNs/runs/mlp512x1/vogn/seed3_eps0p08_lam0p25.json,mlp512x1,vogn,3,val,0.08,0.25,robust_eps0p08_lam0p25,0.1,all,one_minus_confidence,,-0.38231305982950725,,,-0.5689029316314921,-0.4546172778596811,0.11428565377181099,-0.11428565377181099
/home/user/thesis/UncertaintyAndRobustnessInBNNs/runs/mlp512x1/vogn/seed3_eps0p08_lam0p25.json,mlp512x1,vogn,3,val,0.08,0.25,robust_eps0p08_lam0p25,0.1,clean_correct,one_minus_confidence,,-0.3709779290264033,,,-0.5642890800511825,-0.4306784514551442,0.13361062859603828,-0.13361062859603828
/home/user/thesis/UncertaintyAndRobustnessInBNNs/runs/mlp512x1/vogn/seed3_eps0p08_lam0p25.json,mlp512x1,vogn,3,val,0.08,0.25,robust_eps0p08_lam0p25,0.1,all,predictive_entropy,,-0.3462351144394875,,,-0.5722225694528282,-0.44867903928453623,0.123543530168292,-0.123543530168292
/home/user/thesis/UncertaintyAndRobustnessInBNNs/runs/mlp512x1/vogn/seed3_eps0p08_lam0p25.json,mlp512x1,vogn,3,val,0.08,0.25,robust_eps0p08_lam0p25,0.1,clean_correct,predictive_entropy,,-0.33209929559995677,,,-0.5678588563307939,-0.42409148997213936,0.14376736635865456,-0.14376736635865456
/home/user/thesis/UncertaintyAndRobustnessInBNNs/runs/mlp512x1/vogn/seed4_eps0p08_lam0p25.json,mlp512x1,vogn,4,val,0.08,0.25,robust_eps0p08_lam0p25,0.01,all,expected_entropy,-0.9269224732851614,-0.3699465755021241,0.5569758977830372,-0.5569758977830372,-0.874624102420928,-0.36729519603272853,0.5073289063881995,-0.5073289063881995
/home/user/thesis/UncertaintyAndRobustnessInBNNs/runs/mlp512x1/vogn/seed4_eps0p08_lam0p25.json,mlp512x1,vogn,4,val,0.08,0.25,robust_eps0p08_lam0p25,0.01,clean_correct,expected_entropy,-0.9174771387234764,-0.32264828905644977,0.5948288496670266,-0.5948288496670266,-0.8578342002903188,-0.3231171791891208,0.534717021101198,-0.534717021101198
/home/user/thesis/UncertaintyAndRobustnessInBNNs/runs/mlp512x1/vogn/seed4_eps0p08_lam0p25.json,mlp512x1,vogn,4,val,0.08,0.25,robust_eps0p08_lam0p25,0.01,all,mutual_information,-0.8970155342343958,-0.5046173168423983,0.39239821739199754,-0.39239821739199754,-0.8469552420217425,-0.4373967402278249,0.4095585017939177,-0.4095585017939177
/home/user/thesis/UncertaintyAndRobustnessInBNNs/runs/mlp512x1/vogn/seed4_eps0p08_lam0p25.json,mlp512x1,vogn,4,val,0.08,0.25,robust_eps0p08_lam0p25,0.01,clean_correct,mutual_information,-0.8836598723923227,-0.4800826382216844,0.4035772341706383,-0.4035772341706383,-0.8264156278572764,-0.4077123093691388,0.4187033184881376,-0.4187033184881376
/home/user/thesis/UncertaintyAndRobustnessInBNNs/runs/mlp512x1/vogn/seed4_eps0p08_lam0p25.json,mlp512x1,vogn,4,val,0.08,0.25,robust_eps0p08_lam0p25,0.01,all,one_minus_confidence,-0.917627724111574,-0.37820114222943957,0.5394265818821344,-0.5394265818821344,-0.8769091429565878,-0.3763135222353792,0.5005956207212086,-0.5005956207212086
/home/user/thesis/UncertaintyAndRobustnessInBNNs/runs/mlp512x1/vogn/seed4_eps0p08_lam0p25.json,mlp512x1,vogn,4,val,0.08,0.25,robust_eps0p08_lam0p25,0.01,clean_correct,one_minus_confidence,-0.9069671026495429,-0.34424379951393974,0.5627233031356031,-0.5627233031356031,-0.8604289118377512,-0.34909116186326156,0.5113377499744896,-0.5113377499744896
/home/user/thesis/UncertaintyAndRobustnessInBNNs/runs/mlp512x1/vogn/seed4_eps0p08_lam0p25.json,mlp512x1,vogn,4,val,0.08,0.25,robust_eps0p08_lam0p25,0.01,all,predictive_entropy,-0.9217694258158667,-0.3858651028473102,0.5359043229685565,-0.5359043229685565,-0.8747234520094349,-0.3850050598293844,0.48971839218005053,-0.48971839218005053
/home/user/thesis/UncertaintyAndRobustnessInBNNs/runs/mlp512x1/vogn/seed4_eps0p08_lam0p25.json,mlp512x1,vogn,4,val,0.08,0.25,robust_eps0p08_lam0p25,0.01,clean_correct,predictive_entropy,-0.9116503311591713,-0.34312089623008235,0.5685294349290889,-0.5685294349290889,-0.8579470138358591,-0.3479524467649059,0.5099945670709533,-0.5099945670709533
/home/user/thesis/UncertaintyAndRobustnessInBNNs/runs/mlp512x1/vogn/seed4_eps0p08_lam0p25.json,mlp512x1,vogn,4,val,0.08,0.25,robust_eps0p08_lam0p25,0.05,all,expected_entropy,,-0.5550057490942597,,,-0.8964308679443826,-0.4866068430091444,0.40982402493523823,-0.40982402493523823
/home/user/thesis/UncertaintyAndRobustnessInBNNs/runs/mlp512x1/vogn/seed4_eps0p08_lam0p25.json,mlp512x1,vogn,4,val,0.08,0.25,robust_eps0p08_lam0p25,0.05,clean_correct,expected_entropy,,-0.5322424409507693,,,-0.8833093723682408,-0.45481623382860453,0.4284931385396363,-0.4284931385396363
/home/user/thesis/UncertaintyAndRobustnessInBNNs/runs/mlp512x1/vogn/seed4_eps0p08_lam0p25.json,mlp512x1,vogn,4,val,0.08,0.25,robust_eps0p08_lam0p25,0.05,all,mutual_information,,-0.7329887176693989,,,-0.8106836357874391,-0.707091106642092,0.10359252914534711,-0.10359252914534711
/home/user/thesis/UncertaintyAndRobustnessInBNNs/runs/mlp512x1/vogn/seed4_eps0p08_lam0p25.json,mlp512x1,vogn,4,val,0.08,0.25,robust_eps0p08_lam0p25,0.05,clean_correct,mutual_information,,-0.7223376126679423,,,-0.7865150382195977,-0.6986084038464784,0.0879066343731193,-0.0879066343731193
/home/user/thesis/UncertaintyAndRobustnessInBNNs/runs/mlp512x1/vogn/seed4_eps0p08_lam0p25.json,mlp512x1,vogn,4,val,0.08,0.25,robust_eps0p08_lam0p25,0.05,all,one_minus_confidence,,-0.5635806149981418,,,-0.8627564647275662,-0.4877940735554505,0.37496239117211566,-0.37496239117211566
/home/user/thesis/UncertaintyAndRobustnessInBNNs/runs/mlp512x1/vogn/seed4_eps0p08_lam0p25.json,mlp512x1,vogn,4,val,0.08,0.25,robust_eps0p08_lam0p25,0.05,clean_correct,one_minus_confidence,,-0.5453802723102066,,,-0.845362518991964,-0.4619113209325213,0.3834511980594427,-0.3834511980594427
/home/user/thesis/UncertaintyAndRobustnessInBNNs/runs/mlp512x1/vogn/seed4_eps0p08_lam0p25.json,mlp512x1,vogn,4,val,0.08,0.25,robust_eps0p08_lam0p25,0.05,all,predictive_entropy,,-0.5669028655976557,,,-0.8707307171298365,-0.5025719956816924,0.3681587214481441,-0.3681587214481441
/home/user/thesis/UncertaintyAndRobustnessInBNNs/runs/mlp512x1/vogn/seed4_eps0p08_lam0p25.json,mlp512x1,vogn,4,val,0.08,0.25,robust_eps0p08_lam0p25,0.05,clean_correct,predictive_entropy,,-0.5451037646142138,,,-0.8543742180770311,-0.47297840122248624,0.3813958168545448,-0.3813958168545448
/home/user/thesis/UncertaintyAndRobustnessInBNNs/runs/mlp512x1/vogn/seed4_eps0p08_lam0p25.json,mlp512x1,vogn,4,val,0.08,0.25,robust_eps0p08_lam0p25,0.07,all,expected_entropy,,-0.5859414954788312,,,-0.8214806412150323,-0.5164756257122141,0.3050050155028182,-0.3050050155028182
/home/user/thesis/UncertaintyAndRobustnessInBNNs/runs/mlp512x1/vogn/seed4_eps0p08_lam0p25.json,mlp512x1,vogn,4,val,0.08,0.25,robust_eps0p08_lam0p25,0.07,clean_correct,expected_entropy,,-0.5742386033341973,,,-0.809966984283691,-0.48758980566148624,0.3223771786222047,-0.3223771786222047
/home/user/thesis/UncertaintyAndRobustnessInBNNs/runs/mlp512x1/vogn/seed4_eps0p08_lam0p25.json,mlp512x1,vogn,4,val,0.08,0.25,robust_eps0p08_lam0p25,0.07,all,mutual_information,,-0.736741626646465,,,-0.7452900100261313,-0.7400694575623327,0.0052205524637986,-0.0052205524637986
/home/user/thesis/UncertaintyAndRobustnessInBNNs/runs/mlp512x1/vogn/seed4_eps0p08_lam0p25.json,mlp512x1,vogn,4,val,0.08,0.25,robust_eps0p08_lam0p25,0.07,clean_correct,mutual_information,,-0.7322030979625812,,,-0.725509452806518,-0.7325419132907846,-0.007032460484266534,0.007032460484266534
/home/user/thesis/UncertaintyAndRobustnessInBNNs/runs/mlp512x1/vogn/seed4_eps0p08_lam0p25.json,mlp512x1,vogn,4,val,0.08,0.25,robust_eps0p08_lam0p25,0.07,all,one_minus_confidence,,-0.5950916144480702,,,-0.7889811096302861,-0.5205356924220993,0.2684454172081868,-0.2684454172081868
/home/user/thesis/UncertaintyAndRobustnessInBNNs/runs/mlp512x1/vogn/seed4_eps0p08_lam0p25.json,mlp512x1,vogn,4,val,0.08,0.25,robust_eps0p08_lam0p25,0.07,clean_correct,one_minus_confidence,,-0.5868486818151512,,,-0.7742582299327561,-0.49759484699535184,0.2766633829374042,-0.2766633829374042
/home/user/thesis/UncertaintyAndRobustnessInBNNs/runs/mlp512x1/vogn/seed4_eps0p08_lam0p25.json,mlp512x1,vogn,4,val,0.08,0.25,robust_eps0p08_lam0p25,0.07,all,predictive_entropy,,-0.5929163833822633,,,-0.7989508907480127,-0.5322600004046517,0.266690890343361,-0.266690890343361
/home/user/thesis/UncertaintyAndRobustnessInBNNs/runs/mlp512x1/vogn/seed4_eps0p08_lam0p25.json,mlp512x1,vogn,4,val,0.08,0.25,robust_eps0p08_lam0p25,0.07,clean_correct,predictive_entropy,,-0.5816566666057887,,,-0.7850423837891247,-0.5053544631095763,0.2796879206795484,-0.2796879206795484
/home/user/thesis/UncertaintyAndRobustnessInBNNs/runs/mlp512x1/vogn/seed4_eps0p08_lam0p25.json,mlp512x1,vogn,4,val,0.08,0.25,robust_eps0p08_lam0p25,0.08,all,expected_entropy,,-0.5890731548743934,,,-0.7531446136082528,-0.5049684904580776,0.24817612315017523,-0.24817612315017523
/home/user/thesis/UncertaintyAndRobustnessInBNNs/runs/mlp512x1/vogn/seed4_eps0p08_lam0p25.json,mlp512x1,vogn,4,val,0.08,0.25,robust_eps0p08_lam0p25,0.08,clean_correct,expected_entropy,,-0.5816800887504422,,,-0.7472339572706292,-0.47793219412293114,0.2693017631476981,-0.2693017631476981
/home/user/thesis/UncertaintyAndRobustnessInBNNs/runs/mlp512x1/vogn/seed4_eps0p08_lam0p25.json,mlp512x1,vogn,4,val,0.08,0.25,robust_eps0p08_lam0p25,0.08,all,mutual_information,,-0.7257068618865963,,,-0.6591543665771904,-0.7480427496384748,-0.08888838306128444,0.08888838306128444
/home/user/thesis/UncertaintyAndRobustnessInBNNs/runs/mlp512x1/vogn/seed4_eps0p08_lam0p25.json,mlp512x1,vogn,4,val,0.08,0.25,robust_eps0p08_lam0p25,0.08,clean_correct,mutual_information,,-0.7226336690202665,,,-0.644232212243187,-0.7413882441695178,-0.09715603192633071,0.09715603192633071
/home/user/thesis/UncertaintyAndRobustnessInBNNs/runs/mlp512x1/vogn/seed4_eps0p08_lam0p25.json,mlp512x1,vogn,4,val,0.08,0.25,robust_eps0p08_lam0p25,0.08,all,one_minus_confidence,,-0.6007772898150098,,,-0.7108617382501056,-0.5131485867002126,0.197713151549893,-0.197713151549893
/home/user/thesis/UncertaintyAndRobustnessInBNNs/runs/mlp512x1/vogn/seed4_eps0p08_lam0p25.json,mlp512x1,vogn,4,val,0.08,0.25,robust_eps0p08_lam0p25,0.08,clean_correct,one_minus_confidence,,-0.5959101507623124,,,-0.701303062649407,-0.4908767329127534,0.2104263297366536,-0.2104263297366536
/home/user/thesis/UncertaintyAndRobustnessInBNNs/runs/mlp512x1/vogn/seed4_eps0p08_lam0p25.json,mlp512x1,vogn,4,val,0.08,0.25,robust_eps0p08_lam0p25,0.08,all,predictive_entropy,,-0.5962881361027604,,,-0.7197258591083195,-0.5207199888438471,0.19900587026447247,-0.19900587026447247
/home/user/thesis/UncertaintyAndRobustnessInBNNs/runs/mlp512x1/vogn/seed4_eps0p08_lam0p25.json,mlp512x1,vogn,4,val,0.08,0.25,robust_eps0p08_lam0p25,0.08,clean_correct,predictive_entropy,,-0.5893448975935833,,,-0.7107863070612516,-0.4954998088533505,0.21528649820790108,-0.21528649820790108
/home/user/thesis/UncertaintyAndRobustnessInBNNs/runs/mlp512x1/vogn/seed4_eps0p08_lam0p25.json,mlp512x1,vogn,4,val,0.08,0.25,robust_eps0p08_lam0p25,0.1,all,expected_entropy,,-0.3081463396620332,,,-0.5687192315449737,-0.4176462245831261,0.1510730069618476,-0.1510730069618476
/home/user/thesis/UncertaintyAndRobustnessInBNNs/runs/mlp512x1/vogn/seed4_eps0p08_lam0p25.json,mlp512x1,vogn,4,val,0.08,0.25,robust_eps0p08_lam0p25,0.1,clean_correct,expected_entropy,,-0.29366469424504554,,,-0.5682943146803925,-0.3863210473335659,0.18197326734682656,-0.18197326734682656
/home/user/thesis/UncertaintyAndRobustnessInBNNs/runs/mlp512x1/vogn/seed4_eps0p08_lam0p25.json,mlp512x1,vogn,4,val,0.08,0.25,robust_eps0p08_lam0p25,0.1,all,mutual_information,,-0.43923370424499564,,,-0.48445978062039424,-0.6790517621932862,-0.19459198157289198,0.19459198157289198
/home/user/thesis/UncertaintyAndRobustnessInBNNs/runs/mlp512x1/vogn/seed4_eps0p08_lam0p25.json,mlp512x1,vogn,4,val,0.08,0.25,robust_eps0p08_lam0p25,0.1,clean_correct,mutual_information,,-0.4289384396477157,,,-0.478184071543484,-0.6686390337262672,-0.19045496218278318,0.19045496218278318
/home/user/thesis/UncertaintyAndRobustnessInBNNs/runs/mlp512x1/vogn/seed4_eps0p08_lam0p25.json,mlp512x1,vogn,4,val,0.08,0.25,robust_eps0p08_lam0p25,0.1,all,one_minus_confidence,,-0.31856706409488306,,,-0.5378753990527951,-0.4210344815247921,0.11684091752800302,-0.11684091752800302
/home/user/thesis/UncertaintyAndRobustnessInBNNs/runs/mlp512x1/vogn/seed4_eps0p08_lam0p25.json,mlp512x1,vogn,4,val,0.08,0.25,robust_eps0p08_lam0p25,0.1,clean_correct,one_minus_confidence,,-0.30475669218250123,,,-0.535234851469308,-0.39353178131305644,0.1417030701562516,-0.1417030701562516
/home/user/thesis/UncertaintyAndRobustnessInBNNs/runs/mlp512x1/vogn/seed4_eps0p08_lam0p25.json,mlp512x1,vogn,4,val,0.08,0.25,robust_eps0p08_lam0p25,0.1,all,predictive_entropy,,-0.31144628199962515,,,-0.540504499119696,-0.43246513261091296,0.10803936650878304,-0.10803936650878304
/home/user/thesis/UncertaintyAndRobustnessInBNNs/runs/mlp512x1/vogn/seed4_eps0p08_lam0p25.json,mlp512x1,vogn,4,val,0.08,0.25,robust_eps0p08_lam0p25,0.1,clean_correct,predictive_entropy,,-0.2972211870819232,,,-0.5380195578736975,-0.4028720720854454,0.1351474857882521,-0.1351474857882521
