architecture,family,seed,eval_split,training,train_epsilon,rob_lam,config_id,config_label,model_id,cert_theta,cert_gamma,cert_alpha,eval_epsilon,subset,score,n_pessimistic,rho_pessimistic,pvalue_pessimistic,n_optimistic,rho_optimistic,pvalue_optimistic
mlp512x1,bbb,0,val,robust,0.08,0.25,robust_eps0p08_lam0p25,"robust ($\epsilon_{train}=0.08$, $\lambda=0.25$)",mlp512x1|bbb|s0|val|robust_eps0p08_lam0p25,0.075,0.075,0.05,0.01,all,expected_entropy,50,-0.3401971933847318,0.015636161418905368,50,-0.25460936819400193,0.07436536136340795
mlp512x1,bbb,0,val,robust,0.08,0.25,robust_eps0p08_lam0p25,"robust ($\epsilon_{train}=0.08$, $\lambda=0.25$)",mlp512x1|bbb|s0|val|robust_eps0p08_lam0p25,0.075,0.075,0.05,0.01,clean_correct,expected_entropy,48,-0.23690664541215647,0.10496506863044447,48,,
mlp512x1,bbb,0,val,robust,0.08,0.25,robust_eps0p08_lam0p25,"robust ($\epsilon_{train}=0.08$, $\lambda=0.25$)",mlp512x1|bbb|s0|val|robust_eps0p08_lam0p25,0.075,0.075,0.05,0.01,all,mutual_information,50,-0.3573470518989827,0.010845198518498899,50,-0.26168185064383537,0.06640181395409944
mlp512x1,bbb,0,val,robust,0.08,0.25,robust_eps0p08_lam0p25,"robust ($\epsilon_{train}=0.08$, $\lambda=0.25$)",mlp512x1|bbb|s0|val|robust_eps0p08_lam0p25,0.075,0.075,0.05,0.01,clean_correct,mutual_information,48,-0.24743582965269678,0.08996610354814244,48,,
mlp512x1,bbb,0,val,robust,0.08,0.25,robust_eps0p08_lam0p25,"robust ($\epsilon_{train}=0.08$, $\lambda=0.25$)",mlp512x1|bbb|s0|val|robust_eps0p08_lam0p25,0.075,0.075,0.05,0.01,all,one_minus_confidence,50,-0.3531436640429381,0.011883859493508462,50,-0.2669711106164332,0.06090296555897014
mlp512x1,bbb,0,val,robust,0.08,0.25,robust_eps0p08_lam0p25,"robust ($\epsilon_{train}=0.08$, $\lambda=0.25$)",mlp512x1|bbb|s0|val|robust_eps0p08_lam0p25,0.075,0.075,0.05,0.01,clean_correct,one_minus_confidence,48,-0.24234079236944003,0.09700100415468971,48,,
mlp512x1,bbb,0,val,robust,0.08,0.25,robust_eps0p08_lam0p25,"robust ($\epsilon_{train}=0.08$, $\lambda=0.25$)",mlp512x1|bbb|s0|val|robust_eps0p08_lam0p25,0.075,0.075,0.05,0.01,all,predictive_entropy,50,-0.3401971933847318,0.015636161418905368,50,-0.25460936819400193,0.07436536136340795
mlp512x1,bbb,0,val,robust,0.08,0.25,robust_eps0p08_lam0p25,"robust ($\epsilon_{train}=0.08$, $\lambda=0.25$)",mlp512x1|bbb|s0|val|robust_eps0p08_lam0p25,0.075,0.075,0.05,0.01,clean_correct,predictive_entropy,48,-0.23690664541215647,0.10496506863044447,48,,
mlp512x1,bbb,0,val,robust,0.08,0.25,robust_eps0p08_lam0p25,"robust ($\epsilon_{train}=0.08$, $\lambda=0.25$)",mlp512x1|bbb|s0|val|robust_eps0p08_lam0p25,0.075,0.075,0.05,0.05,all,expected_entropy,50,-0.3832834299609366,0.0060058623843750325,50,-0.34139236540736795,0.015251973629459823
mlp512x1,bbb,0,val,robust,0.08,0.25,robust_eps0p08_lam0p25,"robust ($\epsilon_{train}=0.08$, $\lambda=0.25$)",mlp512x1|bbb|s0|val|robust_eps0p08_lam0p25,0.075,0.075,0.05,0.05,clean_correct,expected_entropy,48,-0.2978102572702736,0.039801068653012146,48,-0.23690664541215647,0.10496506863044447
mlp512x1,bbb,0,val,robust,0.08,0.25,robust_eps0p08_lam0p25,"robust ($\epsilon_{train}=0.08$, $\lambda=0.25$)",mlp512x1|bbb|s0|val|robust_eps0p08_lam0p25,0.075,0.075,0.05,0.05,all,mutual_information,50,-0.4196366117897505,0.0024164292873263453,50,-0.35889966619748936,0.010481816656250241
mlp512x1,bbb,0,val,robust,0.08,0.25,robust_eps0p08_lam0p25,"robust ($\epsilon_{train}=0.08$, $\lambda=0.25$)",mlp512x1|bbb|s0|val|robust_eps0p08_lam0p25,0.075,0.075,0.05,0.05,clean_correct,mutual_information,48,-0.3343854333532767,0.020182805274172662,48,-0.24743582965269678,0.08996610354814244
mlp512x1,bbb,0,val,robust,0.08,0.25,robust_eps0p08_lam0p25,"robust ($\epsilon_{train}=0.08$, $\lambda=0.25$)",mlp512x1|bbb|s0|val|robust_eps0p08_lam0p25,0.075,0.075,0.05,0.05,all,one_minus_confidence,50,-0.39554713719052637,0.004466904452550136,50,-0.35424650161756094,0.011603408014302815
mlp512x1,bbb,0,val,robust,0.08,0.25,robust_eps0p08_lam0p25,"robust ($\epsilon_{train}=0.08$, $\lambda=0.25$)",mlp512x1|bbb|s0|val|robust_eps0p08_lam0p25,0.075,0.075,0.05,0.05,clean_correct,one_minus_confidence,48,-0.30464140673244927,0.035264239452336574,48,-0.24234079236944003,0.09700100415468971
mlp512x1,bbb,0,val,robust,0.08,0.25,robust_eps0p08_lam0p25,"robust ($\epsilon_{train}=0.08$, $\lambda=0.25$)",mlp512x1|bbb|s0|val|robust_eps0p08_lam0p25,0.075,0.075,0.05,0.05,all,predictive_entropy,50,-0.3832834299609366,0.0060058623843750325,50,-0.34139236540736795,0.015251973629459823
mlp512x1,bbb,0,val,robust,0.08,0.25,robust_eps0p08_lam0p25,"robust ($\epsilon_{train}=0.08$, $\lambda=0.25$)",mlp512x1|bbb|s0|val|robust_eps0p08_lam0p25,0.075,0.075,0.05,0.05,clean_correct,predictive_entropy,48,-0.2978102572702736,0.039801068653012146,48,-0.23690664541215647,0.10496506863044447
mlp512x1,bbb,0,val,robust,0.08,0.25,robust_eps0p08_lam0p25,"robust ($\epsilon_{train}=0.08$, $\lambda=0.25$)",mlp512x1|bbb|s0|val|robust_eps0p08_lam0p25,0.075,0.075,0.05,0.07,all,expected_entropy,50,-0.3990920266819655,0.004092107013787581,50,-0.3016090478899211,0.033287282876281375
mlp512x1,bbb,0,val,robust,0.08,0.25,robust_eps0p08_lam0p25,"robust ($\epsilon_{train}=0.08$, $\lambda=0.25$)",mlp512x1|bbb|s0|val|robust_eps0p08_lam0p25,0.075,0.075,0.05,0.07,clean_correct,expected_entropy,48,-0.33080463352720013,0.021644696744418462,48,-0.18704060893013158,0.20303020363978294
mlp512x1,bbb,0,val,robust,0.08,0.25,robust_eps0p08_lam0p25,"robust ($\epsilon_{train}=0.08$, $\lambda=0.25$)",mlp512x1|bbb|s0|val|robust_eps0p08_lam0p25,0.075,0.075,0.05,0.07,all,mutual_information,50,-0.43047644555186276,0.0018056617707130896,50,-0.3462645324964435,0.013767955939523985
mlp512x1,bbb,0,val,robust,0.08,0.25,robust_eps0p08_lam0p25,"robust ($\epsilon_{train}=0.08$, $\lambda=0.25$)",mlp512x1|bbb|s0|val|robust_eps0p08_lam0p25,0.075,0.075,0.05,0.07,clean_correct,mutual_information,48,-0.35885092099126076,0.012255544243439654,48,-0.23593504196995846,0.10644042695991131
mlp512x1,bbb,0,val,robust,0.08,0.25,robust_eps0p08_lam0p25,"robust ($\epsilon_{train}=0.08$, $\lambda=0.25$)",mlp512x1|bbb|s0|val|robust_eps0p08_lam0p25,0.075,0.075,0.05,0.07,all,one_minus_confidence,50,-0.41104198233685096,0.0030241664322441754,50,-0.3126000091350448,0.027089633488603167
mlp512x1,bbb,0,val,robust,0.08,0.25,robust_eps0p08_lam0p25,"robust ($\epsilon_{train}=0.08$, $\lambda=0.25$)",mlp512x1|bbb|s0|val|robust_eps0p08_lam0p25,0.075,0.075,0.05,0.07,clean_correct,one_minus_confidence,48,-0.33839260553030587,0.01864648460657259,48,-0.19133093246300614,0.19267351662529927
mlp512x1,bbb,0,val,robust,0.08,0.25,robust_eps0p08_lam0p25,"robust ($\epsilon_{train}=0.08$, $\lambda=0.25$)",mlp512x1|bbb|s0|val|robust_eps0p08_lam0p25,0.075,0.075,0.05,0.07,all,predictive_entropy,50,-0.3990920266819655,0.004092107013787581,50,-0.3016090478899211,0.033287282876281375
mlp512x1,bbb,0,val,robust,0.08,0.25,robust_eps0p08_lam0p25,"robust ($\epsilon_{train}=0.08$, $\lambda=0.25$)",mlp512x1|bbb|s0|val|robust_eps0p08_lam0p25,0.075,0.075,0.05,0.07,clean_correct,predictive_entropy,48,-0.33080463352720013,0.021644696744418462,48,-0.18704060893013158,0.20303020363978294
mlp512x1,bbb,0,val,robust,0.08,0.25,robust_eps0p08_lam0p25,"robust ($\epsilon_{train}=0.08$, $\lambda=0.25$)",mlp512x1|bbb|s0|val|robust_eps0p08_lam0p25,0.075,0.075,0.05,0.08,all,expected_entropy,50,-0.42858602603015633,0.0019010899609959743,50,-0.29595389006944356,0.03690803014776352
mlp512x1,bbb,0,val,robust,0.08,0.25,robust_eps0p08_lam0p25,"robust ($\epsilon_{train}=0.08$, $\lambda=0.25$)",mlp512x1|bbb|s0|val|robust_eps0p08_lam0p25,0.075,0.075,0.05,0.08,clean_correct,expected_entropy,48,-0.3811413249189637,0.007523586400711778,48,-0.1840939275485865,0.21036666867016318
mlp512x1,bbb,0,val,robust,0.08,0.25,robust_eps0p08_lam0p25,"robust ($\epsilon_{train}=0.08$, $\lambda=0.25$)",mlp512x1|bbb|s0|val|robust_eps0p08_lam0p25,0.075,0.075,0.05,0.08,all,mutual_information,50,-0.44736228892015073,0.0011248494430427288,50,-0.3411870173726336,0.015317404351452601
mlp512x1,bbb,0,val,robust,0.08,0.25,robust_eps0p08_lam0p25,"robust ($\epsilon_{train}=0.08$, $\lambda=0.25$)",mlp512x1|bbb|s0|val|robust_eps0p08_lam0p25,0.075,0.075,0.05,0.08,clean_correct,mutual_information,48,-0.3911439403350983,0.005978594688174379,48,-0.23325463905137142,0.1105929901598777
mlp512x1,bbb,0,val,robust,0.08,0.25,robust_eps0p08_lam0p25,"robust ($\epsilon_{train}=0.08$, $\lambda=0.25$)",mlp512x1|bbb|s0|val|robust_eps0p08_lam0p25,0.075,0.075,0.05,0.08,all,one_minus_confidence,50,-0.444401954006718,0.0012243066367012131,50,-0.30673897288898616,0.030262276084026415
mlp512x1,bbb,0,val,robust,0.08,0.25,robust_eps0p08_lam0p25,"robust ($\epsilon_{train}=0.08$, $\lambda=0.25$)",mlp512x1|bbb|s0|val|robust_eps0p08_lam0p25,0.075,0.075,0.05,0.08,clean_correct,one_minus_confidence,48,-0.39421832823811825,0.005562987564541101,48,-0.18831666032377778,0.19990974960710253
mlp512x1,bbb,0,val,robust,0.08,0.25,robust_eps0p08_lam0p25,"robust ($\epsilon_{train}=0.08$, $\lambda=0.25$)",mlp512x1|bbb|s0|val|robust_eps0p08_lam0p25,0.075,0.075,0.05,0.08,all,predictive_entropy,50,-0.42858602603015633,0.0019010899609959743,50,-0.29595389006944356,0.03690803014776352
mlp512x1,bbb,0,val,robust,0.08,0.25,robust_eps0p08_lam0p25,"robust ($\epsilon_{train}=0.08$, $\lambda=0.25$)",mlp512x1|bbb|s0|val|robust_eps0p08_lam0p25,0.075,0.075,0.05,0.08,clean_correct,predictive_entropy,48,-0.3811413249189637,0.007523586400711778,48,-0.1840939275485865,0.21036666867016318
mlp512x1,bbb,0,val,robust,0.08,0.25,robust_eps0p08_lam0p25,"robust ($\epsilon_{train}=0.08$, $\lambda=0.25$)",mlp512x1|bbb|s0|val|robust_eps0p08_lam0p25,0.075,0.075,0.05,0.1,all,expected_entropy,50,-0.3549142294437192,0.011436383405149221,50,-0.36380856205450174,0.009401054067952625
mlp512x1,bbb,0,val,robust,0.08,0.25,robust_eps0p08_lam0p25,"robust ($\epsilon_{train}=0.08$, $\lambda=0.25$)",mlp512x1|bbb|s0|val|robust_eps0p08_lam0p25,0.075,0.075,0.05,0.1,clean_correct,expected_entropy,48,-0.321246500502565,0.02598933888982668,48,-0.29580958128637597,0.04121694596904711
mlp512x1,bbb,0,val,robust,0.08,0.25,robust_eps0p08_lam0p25,"robust ($\epsilon_{train}=0.08$, $\lambda=0.25$)",mlp512x1|bbb|s0|val|robust_eps0p08_lam0p25,0.075,0.075,0.05,0.1,all,mutual_information,50,-0.36789117659638787,0.008576884933695366,50,-0.4417577112238948,0.0013197150702667594
mlp512x1,bbb,0,val,robust,0.08,0.25,robust_eps0p08_lam0p25,"robust ($\epsilon_{train}=0.08$, $\lambda=0.25$)",mlp512x1|bbb|s0|val|robust_eps0p08_lam0p25,0.075,0.075,0.05,0.1,clean_correct,mutual_information,48,-0.32657466646319266,0.02348543830188038,48,-0.3762644348904172,0.008394902373659328
mlp512x1,bbb,0,val,robust,0.08,0.25,robust_eps0p08_lam0p25,"robust ($\epsilon_{train}=0.08$, $\lambda=0.25$)",mlp512x1|bbb|s0|val|robust_eps0p08_lam0p25,0.075,0.075,0.05,0.1,all,one_minus_confidence,50,-0.327778936740191,0.02014011266151811,50,-0.3779002560434248,0.006815872479091682
mlp512x1,bbb,0,val,robust,0.08,0.25,robust_eps0p08_lam0p25,"robust ($\epsilon_{train}=0.08$, $\lambda=0.25$)",mlp512x1|bbb|s0|val|robust_eps0p08_lam0p25,0.075,0.075,0.05,0.1,clean_correct,one_minus_confidence,48,-0.28712495342107974,0.04784908121667722,48,-0.3061024414319857,0.034351533606652516
mlp512x1,bbb,0,val,robust,0.08,0.25,robust_eps0p08_lam0p25,"robust ($\epsilon_{train}=0.08$, $\lambda=0.25$)",mlp512x1|bbb|s0|val|robust_eps0p08_lam0p25,0.075,0.075,0.05,0.1,all,predictive_entropy,50,-0.3549142294437192,0.011436383405149221,50,-0.36380856205450174,0.009401054067952625
mlp512x1,bbb,0,val,robust,0.08,0.25,robust_eps0p08_lam0p25,"robust ($\epsilon_{train}=0.08$, $\lambda=0.25$)",mlp512x1|bbb|s0|val|robust_eps0p08_lam0p25,0.075,0.075,0.05,0.1,clean_correct,predictive_entropy,48,-0.321246500502565,0.02598933888982668,48,-0.29580958128637597,0.04121694596904711
mlp512x1,bbb,0,val,standard,,,standard,standard,mlp512x1|bbb|s0|val|standard,0.075,0.075,0.05,0.01,all,expected_entropy,50,-0.7035007042993536,1.2136914954810457e-08,50,-0.3394791575920026,0.015870914142673286
mlp512x1,bbb,0,val,standard,,,standard,standard,mlp512x1|bbb|s0|val|standard,0.075,0.075,0.05,0.01,clean_correct,expected_entropy,48,-0.6565983854615804,4.0281948892777774e-07,48,,
mlp512x1,bbb,0,val,standard,,,standard,standard,mlp512x1|bbb|s0|val|standard,0.075,0.075,0.05,0.01,all,mutual_information,50,-0.7001642777462396,1.5213123031251914e-08,50,-0.3394791575920026,0.015870914142673286
mlp512x1,bbb,0,val,standard,,,standard,standard,mlp512x1|bbb|s0|val|standard,0.075,0.075,0.05,0.01,clean_correct,mutual_information,48,-0.6526717886147404,4.981429452020017e-07,48,,
mlp512x1,bbb,0,val,standard,,,standard,standard,mlp512x1|bbb|s0|val|standard,0.075,0.075,0.05,0.01,all,one_minus_confidence,50,-0.7062252851997675,1.0069050136306349e-08,50,-0.33959332580023843,0.015833388882829837
mlp512x1,bbb,0,val,standard,,,standard,standard,mlp512x1|bbb|s0|val|standard,0.075,0.075,0.05,0.01,clean_correct,one_minus_confidence,48,-0.6597762074187715,3.3843092566314613e-07,48,,
mlp512x1,bbb,0,val,standard,,,standard,standard,mlp512x1|bbb|s0|val|standard,0.075,0.075,0.05,0.01,all,predictive_entropy,50,-0.7030760681925936,1.2493079851730839e-08,50,-0.3394791575920026,0.015870914142673286
mlp512x1,bbb,0,val,standard,,,standard,standard,mlp512x1|bbb|s0|val|standard,0.075,0.075,0.05,0.01,clean_correct,predictive_entropy,48,-0.6560986367719827,4.139281117061475e-07,48,,
mlp512x1,bbb,0,val,standard,,,standard,standard,mlp512x1|bbb|s0|val|standard,0.075,0.075,0.05,0.05,all,expected_entropy,50,,,50,-0.8430085757660263,1.5974763370679152e-14
mlp512x1,bbb,0,val,standard,,,standard,standard,mlp512x1|bbb|s0|val|standard,0.075,0.075,0.05,0.05,clean_correct,expected_entropy,48,,,48,-0.8259188134619738,4.99467213814331e-13
mlp512x1,bbb,0,val,standard,,,standard,standard,mlp512x1|bbb|s0|val|standard,0.075,0.075,0.05,0.05,all,mutual_information,50,,,50,-0.8116576141651305,8.667080830235135e-13
mlp512x1,bbb,0,val,standard,,,standard,standard,mlp512x1|bbb|s0|val|standard,0.075,0.075,0.05,0.05,clean_correct,mutual_information,48,,,48,-0.7908300481686676,2.272927818151774e-11
mlp512x1,bbb,0,val,standard,,,standard,standard,mlp512x1|bbb|s0|val|standard,0.075,0.075,0.05,0.05,all,one_minus_confidence,50,,,50,-0.8415578061687153,1.9579963540208525e-14
mlp512x1,bbb,0,val,standard,,,standard,standard,mlp512x1|bbb|s0|val|standard,0.075,0.075,0.05,0.05,clean_correct,one_minus_confidence,48,,,48,-0.8242736041258083,6.085226912606146e-13
mlp512x1,bbb,0,val,standard,,,standard,standard,mlp512x1|bbb|s0|val|standard,0.075,0.075,0.05,0.05,all,predictive_entropy,50,,,50,-0.8414675146735092,1.9828186377066703e-14
mlp512x1,bbb,0,val,standard,,,standard,standard,mlp512x1|bbb|s0|val|standard,0.075,0.075,0.05,0.05,clean_correct,predictive_entropy,48,,,48,-0.8241779754939339,6.155096990686941e-13
mlp512x1,bbb,0,val,standard,,,standard,standard,mlp512x1|bbb|s0|val|standard,0.075,0.075,0.05,0.07,all,expected_entropy,50,,,50,-0.7906883587249055,8.462677014074281e-12
mlp512x1,bbb,0,val,standard,,,standard,standard,mlp512x1|bbb|s0|val|standard,0.075,0.075,0.05,0.07,clean_correct,expected_entropy,48,,,48,-0.7962863708870431,1.3187189644743062e-11
mlp512x1,bbb,0,val,standard,,,standard,standard,mlp512x1|bbb|s0|val|standard,0.075,0.075,0.05,0.07,all,mutual_information,50,,,50,-0.7704376352928144,6.054910276586059e-11
mlp512x1,bbb,0,val,standard,,,standard,standard,mlp512x1|bbb|s0|val|standard,0.075,0.075,0.05,0.07,clean_correct,mutual_information,48,,,48,-0.7749521694184166,1.0155686773520435e-10
mlp512x1,bbb,0,val,standard,,,standard,standard,mlp512x1|bbb|s0|val|standard,0.075,0.075,0.05,0.07,all,one_minus_confidence,50,,,50,-0.7852070487280624,1.4717368177641377e-11
mlp512x1,bbb,0,val,standard,,,standard,standard,mlp512x1|bbb|s0|val|standard,0.075,0.075,0.05,0.07,clean_correct,one_minus_confidence,48,,,48,-0.7904277616773522,2.3645095763658324e-11
mlp512x1,bbb,0,val,standard,,,standard,standard,mlp512x1|bbb|s0|val|standard,0.075,0.075,0.05,0.07,all,predictive_entropy,50,,,50,-0.7862514024673126,1.3261174543878464e-11
mlp512x1,bbb,0,val,standard,,,standard,standard,mlp512x1|bbb|s0|val|standard,0.075,0.075,0.05,0.07,clean_correct,predictive_entropy,48,,,48,-0.7915877669921672,2.1094600247953393e-11
mlp512x1,bbb,0,val,standard,,,standard,standard,mlp512x1|bbb|s0|val|standard,0.075,0.075,0.05,0.08,all,expected_entropy,50,,,50,-0.635859298902046,6.983308317732451e-07
mlp512x1,bbb,0,val,standard,,,standard,standard,mlp512x1|bbb|s0|val|standard,0.075,0.075,0.05,0.08,clean_correct,expected_entropy,48,,,48,-0.639486838589109,9.944666286512409e-07
mlp512x1,bbb,0,val,standard,,,standard,standard,mlp512x1|bbb|s0|val|standard,0.075,0.075,0.05,0.08,all,mutual_information,50,,,50,-0.6345130900829167,7.495189317279264e-07
mlp512x1,bbb,0,val,standard,,,standard,standard,mlp512x1|bbb|s0|val|standard,0.075,0.075,0.05,0.08,clean_correct,mutual_information,48,,,48,-0.6382733910775548,1.0580588838335915e-06
mlp512x1,bbb,0,val,standard,,,standard,standard,mlp512x1|bbb|s0|val|standard,0.075,0.075,0.05,0.08,all,one_minus_confidence,50,,,50,-0.6355601270201708,7.094164836417697e-07
mlp512x1,bbb,0,val,standard,,,standard,standard,mlp512x1|bbb|s0|val|standard,0.075,0.075,0.05,0.08,clean_correct,one_minus_confidence,48,,,48,-0.6391586920644073,1.0113034912823976e-06
mlp512x1,bbb,0,val,standard,,,standard,standard,mlp512x1|bbb|s0|val|standard,0.075,0.075,0.05,0.08,all,predictive_entropy,50,,,50,-0.6361798248113624,6.866332388618452e-07
mlp512x1,bbb,0,val,standard,,,standard,standard,mlp512x1|bbb|s0|val|standard,0.075,0.075,0.05,0.08,clean_correct,predictive_entropy,48,,,48,-0.6398437349160367,9.764507905468111e-07
mlp512x1,bbb,0,val,standard,,,standard,standard,mlp512x1|bbb|s0|val|standard,0.075,0.075,0.05,0.1,all,expected_entropy,50,,,50,-0.4892838826871187,0.00031115490978773263
mlp512x1,bbb,0,val,standard,,,standard,standard,mlp512x1|bbb|s0|val|standard,0.075,0.075,0.05,0.1,clean_correct,expected_entropy,48,,,48,-0.49687017610406314,0.0003277459211598271
mlp512x1,bbb,0,val,standard,,,standard,standard,mlp512x1|bbb|s0|val|standard,0.075,0.075,0.05,0.1,all,mutual_information,50,,,50,-0.5114192515551504,0.00014727814878817965
mlp512x1,bbb,0,val,standard,,,standard,standard,mlp512x1|bbb|s0|val|standard,0.075,0.075,0.05,0.1,clean_correct,mutual_information,48,,,48,-0.5204136743537406,0.00014968674822107288
mlp512x1,bbb,0,val,standard,,,standard,standard,mlp512x1|bbb|s0|val|standard,0.075,0.075,0.05,0.1,all,one_minus_confidence,50,,,50,-0.492862114511305,0.0002766643013318575
mlp512x1,bbb,0,val,standard,,,standard,standard,mlp512x1|bbb|s0|val|standard,0.075,0.075,0.05,0.1,clean_correct,one_minus_confidence,48,,,48,-0.5006431324641579,0.00029016306904823595
mlp512x1,bbb,0,val,standard,,,standard,standard,mlp512x1|bbb|s0|val|standard,0.075,0.075,0.05,0.1,all,predictive_entropy,50,,,50,-0.4892838826871187,0.00031115490978773263
mlp512x1,bbb,0,val,standard,,,standard,standard,mlp512x1|bbb|s0|val|standard,0.075,0.075,0.05,0.1,clean_correct,predictive_entropy,48,,,48,-0.49687017610406314,0.0003277459211598271
mlp512x1,bbb,1,val,robust,0.08,0.25,robust_eps0p08_lam0p25,"robust ($\epsilon_{train}=0.08$, $\lambda=0.25$)",mlp512x1|bbb|s1|val|robust_eps0p08_lam0p25,0.075,0.075,0.05,0.01,all,expected_entropy,50,-0.2051019910451682,0.15304759898631623,50,-0.2051019910451682,0.15304759898631623
mlp512x1,bbb,1,val,robust,0.08,0.25,robust_eps0p08_lam0p25,"robust ($\epsilon_{train}=0.08$, $\lambda=0.25$)",mlp512x1|bbb|s1|val|robust_eps0p08_lam0p25,0.075,0.075,0.05,0.01,clean_correct,expected_entropy,48,,,48,,
mlp512x1,bbb,1,val,robust,0.08,0.25,robust_eps0p08_lam0p25,"robust ($\epsilon_{train}=0.08$, $\lambda=0.25$)",mlp512x1|bbb|s1|val|robust_eps0p08_lam0p25,0.075,0.075,0.05,0.01,all,mutual_information,50,-0.21924695594483504,0.1260716237273111,50,-0.21924695594483504,0.1260716237273111
mlp512x1,bbb,1,val,robust,0.08,0.25,robust_eps0p08_lam0p25,"robust ($\epsilon_{train}=0.08$, $\lambda=0.25$)",mlp512x1|bbb|s1|val|robust_eps0p08_lam0p25,0.075,0.075,0.05,0.01,clean_correct,mutual_information,48,,,48,,
mlp512x1,bbb,1,val,robust,0.08,0.25,robust_eps0p08_lam0p25,"robust ($\epsilon_{train}=0.08$, $\lambda=0.25$)",mlp512x1|bbb|s1|val|robust_eps0p08_lam0p25,0.075,0.075,0.05,0.01,all,one_minus_confidence,50,-0.21009992040167413,0.1430692122416304,50,-0.21009992040167413,0.1430692122416304
mlp512x1,bbb,1,val,robust,0.08,0.25,robust_eps0p08_lam0p25,"robust ($\epsilon_{train}=0.08$, $\lambda=0.25$)",mlp512x1|bbb|s1|val|robust_eps0p08_lam0p25,0.075,0.075,0.05,0.01,clean_correct,one_minus_confidence,48,,,48,,
mlp512x1,bbb,1,val,robust,0.08,0.25,robust_eps0p08_lam0p25,"robust ($\epsilon_{train}=0.08$, $\lambda=0.25$)",mlp512x1|bbb|s1|val|robust_eps0p08_lam0p25,0.075,0.075,0.05,0.01,all,predictive_entropy,50,-0.2051019910451682,0.15304759898631623,50,-0.2051019910451682,0.15304759898631623
mlp512x1,bbb,1,val,robust,0.08,0.25,robust_eps0p08_lam0p25,"robust ($\epsilon_{train}=0.08$, $\lambda=0.25$)",mlp512x1|bbb|s1|val|robust_eps0p08_lam0p25,0.075,0.075,0.05,0.01,clean_correct,predictive_entropy,48,,,48,,
mlp512x1,bbb,1,val,robust,0.08,0.25,robust_eps0p08_lam0p25,"robust ($\epsilon_{train}=0.08$, $\lambda=0.25$)",mlp512x1|bbb|s1|val|robust_eps0p08_lam0p25,0.075,0.075,0.05,0.05,all,expected_entropy,50,-0.37458206707406094,0.007361160132116903,50,-0.2051019910451682,0.15304759898631623
mlp512x1,bbb,1,val,robust,0.08,0.25,robust_eps0p08_lam0p25,"robust ($\epsilon_{train}=0.08$, $\lambda=0.25$)",mlp512x1|bbb|s1|val|robust_eps0p08_lam0p25,0.075,0.075,0.05,0.05,clean_correct,expected_entropy,48,-0.32648028834000836,0.02352796142290188,48,,
mlp512x1,bbb,1,val,robust,0.08,0.25,robust_eps0p08_lam0p25,"robust ($\epsilon_{train}=0.08$, $\lambda=0.25$)",mlp512x1|bbb|s1|val|robust_eps0p08_lam0p25,0.075,0.075,0.05,0.05,all,mutual_information,50,-0.38823342041731657,0.005336473473840697,50,-0.21924695594483504,0.1260716237273111
mlp512x1,bbb,1,val,robust,0.08,0.25,robust_eps0p08_lam0p25,"robust ($\epsilon_{train}=0.08$, $\lambda=0.25$)",mlp512x1|bbb|s1|val|robust_eps0p08_lam0p25,0.075,0.075,0.05,0.05,clean_correct,mutual_information,48,-0.3319130031222114,0.021182965402293398,48,,
mlp512x1,bbb,1,val,robust,0.08,0.25,robust_eps0p08_lam0p25,"robust ($\epsilon_{train}=0.08$, $\lambda=0.25$)",mlp512x1|bbb|s1|val|robust_eps0p08_lam0p25,0.075,0.075,0.05,0.05,all,one_minus_confidence,50,-0.37917453573392,0.006616003501290446,50,-0.21009992040167413,0.1430692122416304
mlp512x1,bbb,1,val,robust,0.08,0.25,robust_eps0p08_lam0p25,"robust ($\epsilon_{train}=0.08$, $\lambda=0.25$)",mlp512x1|bbb|s1|val|robust_eps0p08_lam0p25,0.075,0.075,0.05,0.05,clean_correct,one_minus_confidence,48,-0.32913550272472886,0.022355997202088657,48,,
mlp512x1,bbb,1,val,robust,0.08,0.25,robust_eps0p08_lam0p25,"robust ($\epsilon_{train}=0.08$, $\lambda=0.25$)",mlp512x1|bbb|s1|val|robust_eps0p08_lam0p25,0.075,0.075,0.05,0.05,all,predictive_entropy,50,-0.37458206707406094,0.007361160132116903,50,-0.2051019910451682,0.15304759898631623
mlp512x1,bbb,1,val,robust,0.08,0.25,robust_eps0p08_lam0p25,"robust ($\epsilon_{train}=0.08$, $\lambda=0.25$)",mlp512x1|bbb|s1|val|robust_eps0p08_lam0p25,0.075,0.075,0.05,0.05,clean_correct,predictive_entropy,48,-0.32648028834000836,0.02352796142290188,48,,
mlp512x1,bbb,1,val,robust,0.08,0.25,robust_eps0p08_lam0p25,"robust ($\epsilon_{train}=0.08$, $\lambda=0.25$)",mlp512x1|bbb|s1|val|robust_eps0p08_lam0p25,0.075,0.075,0.05,0.07,all,expected_entropy,50,-0.472373219944442,0.0005329713239464959,50,-0.3619493101474948,0.009798500418833251
mlp512x1,bbb,1,val,robust,0.08,0.25,robust_eps0p08_lam0p25,"robust ($\epsilon_{train}=0.08$, $\lambda=0.25$)",mlp512x1|bbb|s1|val|robust_eps0p08_lam0p25,0.075,0.075,0.05,0.07,clean_correct,expected_entropy,48,-0.43614559412169934,0.0019428439653179869,48,-0.3070777355464263,0.033753198925665445
mlp512x1,bbb,1,val,robust,0.08,0.25,robust_eps0p08_lam0p25,"robust ($\epsilon_{train}=0.08$, $\lambda=0.25$)",mlp512x1|bbb|s1|val|robust_eps0p08_lam0p25,0.075,0.075,0.05,0.07,all,mutual_information,50,-0.5139965520251858,0.00013454029213962575,50,-0.38003293614517747,0.0064842583252523655
mlp512x1,bbb,1,val,robust,0.08,0.25,robust_eps0p08_lam0p25,"robust ($\epsilon_{train}=0.08$, $\lambda=0.25$)",mlp512x1|bbb|s1|val|robust_eps0p08_lam0p25,0.075,0.075,0.05,0.07,clean_correct,mutual_information,48,-0.4777111473869888,0.0005955518441264316,48,-0.31897796792648997,0.027121163213141838
mlp512x1,bbb,1,val,robust,0.08,0.25,robust_eps0p08_lam0p25,"robust ($\epsilon_{train}=0.08$, $\lambda=0.25$)",mlp512x1|bbb|s1|val|robust_eps0p08_lam0p25,0.075,0.075,0.05,0.07,all,one_minus_confidence,50,-0.46178998546403066,0.0007361627289877624,50,-0.3662327377006324,0.008903811336812962
mlp512x1,bbb,1,val,robust,0.08,0.25,robust_eps0p08_lam0p25,"robust ($\epsilon_{train}=0.08$, $\lambda=0.25$)",mlp512x1|bbb|s1|val|robust_eps0p08_lam0p25,0.075,0.075,0.05,0.07,clean_correct,one_minus_confidence,48,-0.4214439581242873,0.002852485931659756,48,-0.3091959528827622,0.03248333489908487
mlp512x1,bbb,1,val,robust,0.08,0.25,robust_eps0p08_lam0p25,"robust ($\epsilon_{train}=0.08$, $\lambda=0.25$)",mlp512x1|bbb|s1|val|robust_eps0p08_lam0p25,0.075,0.075,0.05,0.07,all,predictive_entropy,50,-0.472373219944442,0.0005329713239464959,50,-0.3619493101474948,0.009798500418833251
mlp512x1,bbb,1,val,robust,0.08,0.25,robust_eps0p08_lam0p25,"robust ($\epsilon_{train}=0.08$, $\lambda=0.25$)",mlp512x1|bbb|s1|val|robust_eps0p08_lam0p25,0.075,0.075,0.05,0.07,clean_correct,predictive_entropy,48,-0.43614559412169934,0.0019428439653179869,48,-0.3070777355464263,0.033753198925665445
mlp512x1,bbb,1,val,robust,0.08,0.25,robust_eps0p08_lam0p25,"robust ($\epsilon_{train}=0.08$, $\lambda=0.25$)",mlp512x1|bbb|s1|val|robust_eps0p08_lam0p25,0.075,0.075,0.05,0.08,all,expected_entropy,50,-0.47618028734308515,0.00047329456793686347,50,-0.3003098930858453,0.034091893676438514
mlp512x1,bbb,1,val,robust,0.08,0.25,robust_eps0p08_lam0p25,"robust ($\epsilon_{train}=0.08$, $\lambda=0.25$)",mlp512x1|bbb|s1|val|robust_eps0p08_lam0p25,0.075,0.075,0.05,0.08,clean_correct,expected_entropy,48,-0.44233788173573185,0.0016441962212187607,48,-0.22599204267638195,0.12246610837497614
mlp512x1,bbb,1,val,robust,0.08,0.25,robust_eps0p08_lam0p25,"robust ($\epsilon_{train}=0.08$, $\lambda=0.25$)",mlp512x1|bbb|s1|val|robust_eps0p08_lam0p25,0.075,0.075,0.05,0.08,all,mutual_information,50,-0.4386871801165457,0.001438795909482553,50,-0.3403058267073662,0.01560090401417521
mlp512x1,bbb,1,val,robust,0.08,0.25,robust_eps0p08_lam0p25,"robust ($\epsilon_{train}=0.08$, $\lambda=0.25$)",mlp512x1|bbb|s1|val|robust_eps0p08_lam0p25,0.075,0.075,0.05,0.08,clean_correct,mutual_information,48,-0.3896157629798555,0.0061950599016529955,48,-0.26720502039892857,0.06635860791265702
mlp512x1,bbb,1,val,robust,0.08,0.25,robust_eps0p08_lam0p25,"robust ($\epsilon_{train}=0.08$, $\lambda=0.25$)",mlp512x1|bbb|s1|val|robust_eps0p08_lam0p25,0.075,0.075,0.05,0.08,all,one_minus_confidence,50,-0.45476380019472024,0.0009070752405739959,50,-0.28178153206498774,0.047426193186490266
mlp512x1,bbb,1,val,robust,0.08,0.25,robust_eps0p08_lam0p25,"robust ($\epsilon_{train}=0.08$, $\lambda=0.25$)",mlp512x1|bbb|s1|val|robust_eps0p08_lam0p25,0.075,0.075,0.05,0.08,clean_correct,one_minus_confidence,48,-0.41678188953814377,0.003210660801279602,48,-0.19774716009560406,0.1778944376817594
mlp512x1,bbb,1,val,robust,0.08,0.25,robust_eps0p08_lam0p25,"robust ($\epsilon_{train}=0.08$, $\lambda=0.25$)",mlp512x1|bbb|s1|val|robust_eps0p08_lam0p25,0.075,0.075,0.05,0.08,all,predictive_entropy,50,-0.47618028734308515,0.00047329456793686347,50,-0.3003098930858453,0.034091893676438514
mlp512x1,bbb,1,val,robust,0.08,0.25,robust_eps0p08_lam0p25,"robust ($\epsilon_{train}=0.08$, $\lambda=0.25$)",mlp512x1|bbb|s1|val|robust_eps0p08_lam0p25,0.075,0.075,0.05,0.08,clean_correct,predictive_entropy,48,-0.44233788173573185,0.0016441962212187607,48,-0.22599204267638195,0.12246610837497614
mlp512x1,bbb,1,val,robust,0.08,0.25,robust_eps0p08_lam0p25,"robust ($\epsilon_{train}=0.08$, $\lambda=0.25$)",mlp512x1|bbb|s1|val|robust_eps0p08_lam0p25,0.075,0.075,0.05,0.1,all,expected_entropy,50,-0.40692689048455377,0.0033602356220948917,50,-0.4102617273007837,0.0030855074398945972
mlp512x1,bbb,1,val,robust,0.08,0.25,robust_eps0p08_lam0p25,"robust ($\epsilon_{train}=0.08$, $\lambda=0.25$)",mlp512x1|bbb|s1|val|robust_eps0p08_lam0p25,0.075,0.075,0.05,0.1,clean_correct,expected_entropy,48,-0.37788659212541936,0.008095871610521848,48,-0.3669934565143527,0.010293797842002997
mlp512x1,bbb,1,val,robust,0.08,0.25,robust_eps0p08_lam0p25,"robust ($\epsilon_{train}=0.08$, $\lambda=0.25$)",mlp512x1|bbb|s1|val|robust_eps0p08_lam0p25,0.075,0.075,0.05,0.1,all,mutual_information,50,-0.39883202235817605,0.00411862620283875,50,-0.41455732594575206,0.002760955071583975
mlp512x1,bbb,1,val,robust,0.08,0.25,robust_eps0p08_lam0p25,"robust ($\epsilon_{train}=0.08$, $\lambda=0.25$)",mlp512x1|bbb|s1|val|robust_eps0p08_lam0p25,0.075,0.075,0.05,0.1,clean_correct,mutual_information,48,-0.36735612014754887,0.010213104917127422,48,-0.3630941510388877,0.011196636448282945
mlp512x1,bbb,1,val,robust,0.08,0.25,robust_eps0p08_lam0p25,"robust ($\epsilon_{train}=0.08$, $\lambda=0.25$)",mlp512x1|bbb|s1|val|robust_eps0p08_lam0p25,0.075,0.075,0.05,0.1,all,one_minus_confidence,50,-0.38048302015219193,0.006416098009831297,50,-0.3956962703125614,0.00445055006145762
mlp512x1,bbb,1,val,robust,0.08,0.25,robust_eps0p08_lam0p25,"robust ($\epsilon_{train}=0.08$, $\lambda=0.25$)",mlp512x1|bbb|s1|val|robust_eps0p08_lam0p25,0.075,0.075,0.05,0.1,clean_correct,one_minus_confidence,48,-0.3481361853899793,0.015318221343196462,48,-0.3477642771991397,0.015435278095562012
mlp512x1,bbb,1,val,robust,0.08,0.25,robust_eps0p08_lam0p25,"robust ($\epsilon_{train}=0.08$, $\lambda=0.25$)",mlp512x1|bbb|s1|val|robust_eps0p08_lam0p25,0.075,0.075,0.05,0.1,all,predictive_entropy,50,-0.40692689048455377,0.0033602356220948917,50,-0.4102617273007837,0.0030855074398945972
mlp512x1,bbb,1,val,robust,0.08,0.25,robust_eps0p08_lam0p25,"robust ($\epsilon_{train}=0.08$, $\lambda=0.25$)",mlp512x1|bbb|s1|val|robust_eps0p08_lam0p25,0.075,0.075,0.05,0.1,clean_correct,predictive_entropy,48,-0.37788659212541936,0.008095871610521848,48,-0.3669934565143527,0.010293797842002997
mlp512x1,bbb,1,val,standard,,,standard,standard,mlp512x1|bbb|s1|val|standard,0.075,0.075,0.05,0.01,all,expected_entropy,50,-0.7490293922310147,3.945295478381914e-10,50,-0.5401152993527516,5.156574745517487e-05
mlp512x1,bbb,1,val,standard,,,standard,standard,mlp512x1|bbb|s1|val|standard,0.075,0.075,0.05,0.01,clean_correct,expected_entropy,49,-0.7306577702232334,2.526683135446855e-09,49,-0.4977864431182063,0.0002733632945150418
mlp512x1,bbb,1,val,standard,,,standard,standard,mlp512x1|bbb|s1|val|standard,0.075,0.075,0.05,0.01,all,mutual_information,50,-0.7529116307395008,2.848390413082185e-10,50,-0.5390941265794361,5.3616160488192346e-05
mlp512x1,bbb,1,val,standard,,,standard,standard,mlp512x1|bbb|s1|val|standard,0.075,0.075,0.05,0.01,clean_correct,mutual_information,49,-0.7348614826732772,1.838446586301609e-09,49,-0.4966206669048147,0.0002840159319509324
mlp512x1,bbb,1,val,standard,,,standard,standard,mlp512x1|bbb|s1|val|standard,0.075,0.075,0.05,0.01,all,one_minus_confidence,50,-0.7546548955487096,2.4559752109369275e-10,50,-0.5405021231850654,5.080801100933275e-05
mlp512x1,bbb,1,val,standard,,,standard,standard,mlp512x1|bbb|s1|val|standard,0.075,0.075,0.05,0.01,clean_correct,one_minus_confidence,49,-0.7367028642343012,1.596392442886979e-09,49,-0.49810994568663275,0.0002704720942517078
mlp512x1,bbb,1,val,standard,,,standard,standard,mlp512x1|bbb|s1|val|standard,0.075,0.075,0.05,0.01,all,predictive_entropy,50,-0.7483014725106736,4.191045470042148e-10,50,-0.5401152993527516,5.156574745517487e-05
mlp512x1,bbb,1,val,standard,,,standard,standard,mlp512x1|bbb|s1|val|standard,0.075,0.075,0.05,0.01,clean_correct,predictive_entropy,49,-0.7298695741388502,2.6801552459749393e-09,49,-0.4977864431182063,0.0002733632945150418
mlp512x1,bbb,1,val,standard,,,standard,standard,mlp512x1|bbb|s1|val|standard,0.075,0.075,0.05,0.05,all,expected_entropy,50,,,50,-0.8849840704309466,1.4973559081688816e-17
mlp512x1,bbb,1,val,standard,,,standard,standard,mlp512x1|bbb|s1|val|standard,0.075,0.075,0.05,0.05,clean_correct,expected_entropy,49,,,49,-0.882477949744198,5.2402373631747485e-17
mlp512x1,bbb,1,val,standard,,,standard,standard,mlp512x1|bbb|s1|val|standard,0.075,0.075,0.05,0.05,all,mutual_information,50,,,50,-0.8655797165323346,5.030084169104682e-16
mlp512x1,bbb,1,val,standard,,,standard,standard,mlp512x1|bbb|s1|val|standard,0.075,0.075,0.05,0.05,clean_correct,mutual_information,49,,,49,-0.8622496712811203,1.7358322414488439e-15
mlp512x1,bbb,1,val,standard,,,standard,standard,mlp512x1|bbb|s1|val|standard,0.075,0.075,0.05,0.05,all,one_minus_confidence,50,,,50,-0.8814158985090575,2.9901043209109527e-17
mlp512x1,bbb,1,val,standard,,,standard,standard,mlp512x1|bbb|s1|val|standard,0.075,0.075,0.05,0.05,clean_correct,one_minus_confidence,49,,,49,-0.878793007475987,1.037941733171808e-16
mlp512x1,bbb,1,val,standard,,,standard,standard,mlp512x1|bbb|s1|val|standard,0.075,0.075,0.05,0.05,all,predictive_entropy,50,,,50,-0.8793568078003491,4.412349414319196e-17
mlp512x1,bbb,1,val,standard,,,standard,standard,mlp512x1|bbb|s1|val|standard,0.075,0.075,0.05,0.05,clean_correct,predictive_entropy,49,,,49,-0.8766616762929822,1.5257820975067123e-16
mlp512x1,bbb,1,val,standard,,,standard,standard,mlp512x1|bbb|s1|val|standard,0.075,0.075,0.05,0.07,all,expected_entropy,50,,,50,-0.7257855022057035,2.4695024393076973e-09
mlp512x1,bbb,1,val,standard,,,standard,standard,mlp512x1|bbb|s1|val|standard,0.075,0.075,0.05,0.07,clean_correct,expected_entropy,49,,,49,-0.7267315262863395,3.3825498906440434e-09
mlp512x1,bbb,1,val,standard,,,standard,standard,mlp512x1|bbb|s1|val|standard,0.075,0.075,0.05,0.07,all,mutual_information,50,,,50,-0.7085581644529788,8.566474074158483e-09
mlp512x1,bbb,1,val,standard,,,standard,standard,mlp512x1|bbb|s1|val|standard,0.075,0.075,0.05,0.07,clean_correct,mutual_information,49,,,49,-0.7087729517463423,1.2083988313782006e-08
mlp512x1,bbb,1,val,standard,,,standard,standard,mlp512x1|bbb|s1|val|standard,0.075,0.075,0.05,0.07,all,one_minus_confidence,50,,,50,-0.7195942621213929,3.902321041850303e-09
mlp512x1,bbb,1,val,standard,,,standard,standard,mlp512x1|bbb|s1|val|standard,0.075,0.075,0.05,0.07,clean_correct,one_minus_confidence,49,,,49,-0.7203179314200944,5.390185817838448e-09
mlp512x1,bbb,1,val,standard,,,standard,standard,mlp512x1|bbb|s1|val|standard,0.075,0.075,0.05,0.07,all,predictive_entropy,50,,,50,-0.720863405704925,3.556469257797637e-09
mlp512x1,bbb,1,val,standard,,,standard,standard,mlp512x1|bbb|s1|val|standard,0.075,0.075,0.05,0.07,clean_correct,predictive_entropy,49,,,49,-0.7216511400677879,4.89776948780555e-09
mlp512x1,bbb,1,val,standard,,,standard,standard,mlp512x1|bbb|s1|val|standard,0.075,0.075,0.05,0.08,all,expected_entropy,50,,,50,-0.682305699649913,4.847828987812317e-08
mlp512x1,bbb,1,val,standard,,,standard,standard,mlp512x1|bbb|s1|val|standard,0.075,0.075,0.05,0.08,clean_correct,expected_entropy,49,,,49,-0.686497375264354,5.1680061049674816e-08
mlp512x1,bbb,1,val,standard,,,standard,standard,mlp512x1|bbb|s1|val|standard,0.075,0.075,0.05,0.08,all,mutual_information,50,,,50,-0.6574006474153369,2.1458242895514596e-07
mlp512x1,bbb,1,val,standard,,,standard,standard,mlp512x1|bbb|s1|val|standard,0.075,0.075,0.05,0.08,clean_correct,mutual_information,49,,,49,-0.6607275348297103,2.38598897156759e-07
mlp512x1,bbb,1,val,standard,,,standard,standard,mlp512x1|bbb|s1|val|standard,0.075,0.075,0.05,0.08,all,one_minus_confidence,50,,,50,-0.6812351574402183,5.183285071245125e-08
mlp512x1,bbb,1,val,standard,,,standard,standard,mlp512x1|bbb|s1|val|standard,0.075,0.075,0.05,0.08,clean_correct,one_minus_confidence,49,,,49,-0.6853820839190293,5.539436225260513e-08
mlp512x1,bbb,1,val,standard,,,standard,standard,mlp512x1|bbb|s1|val|standard,0.075,0.075,0.05,0.08,all,predictive_entropy,50,,,50,-0.6816433312394189,5.05289544539018e-08
mlp512x1,bbb,1,val,standard,,,standard,standard,mlp512x1|bbb|s1|val|standard,0.075,0.075,0.05,0.08,clean_correct,predictive_entropy,49,,,49,-0.6857990056048784,5.3977536656684414e-08
mlp512x1,bbb,1,val,standard,,,standard,standard,mlp512x1|bbb|s1|val|standard,0.075,0.075,0.05,0.1,all,expected_entropy,50,,,50,-0.43988008715093807,0.001391439287332242
mlp512x1,bbb,1,val,standard,,,standard,standard,mlp512x1|bbb|s1|val|standard,0.075,0.075,0.05,0.1,clean_correct,expected_entropy,49,,,49,-0.44329216284319045,0.0014226340240566658
mlp512x1,bbb,1,val,standard,,,standard,standard,mlp512x1|bbb|s1|val|standard,0.075,0.075,0.05,0.1,all,mutual_information,50,,,50,-0.41507942330460906,0.0027236425855523736
mlp512x1,bbb,1,val,standard,,,standard,standard,mlp512x1|bbb|s1|val|standard,0.075,0.075,0.05,0.1,clean_correct,mutual_information,49,,,49,-0.41772174724535255,0.0028226770414397197
mlp512x1,bbb,1,val,standard,,,standard,standard,mlp512x1|bbb|s1|val|standard,0.075,0.075,0.05,0.1,all,one_minus_confidence,50,,,50,-0.4394507395882584,0.001408321009232966
mlp512x1,bbb,1,val,standard,,,standard,standard,mlp512x1|bbb|s1|val|standard,0.075,0.075,0.05,0.1,clean_correct,one_minus_confidence,49,,,49,-0.44285087227179826,0.0014402079787806546
mlp512x1,bbb,1,val,standard,,,standard,standard,mlp512x1|bbb|s1|val|standard,0.075,0.075,0.05,0.1,all,predictive_entropy,50,,,50,-0.43508325093374683,0.0015907238292762694
mlp512x1,bbb,1,val,standard,,,standard,standard,mlp512x1|bbb|s1|val|standard,0.075,0.075,0.05,0.1,clean_correct,predictive_entropy,49,,,49,-0.4383499816772218,0.0016308184023264912
mlp512x1,bbb,2,val,robust,0.08,0.25,robust_eps0p08_lam0p25,"robust ($\epsilon_{train}=0.08$, $\lambda=0.25$)",mlp512x1|bbb|s2|val|robust_eps0p08_lam0p25,0.075,0.075,0.05,0.01,all,expected_entropy,50,-0.2828992979933355,0.04651658410409539,50,-0.2828992979933355,0.04651658410409539
mlp512x1,bbb,2,val,robust,0.08,0.25,robust_eps0p08_lam0p25,"robust ($\epsilon_{train}=0.08$, $\lambda=0.25$)",mlp512x1|bbb|s2|val|robust_eps0p08_lam0p25,0.075,0.075,0.05,0.01,clean_correct,expected_entropy,48,,,48,,
mlp512x1,bbb,2,val,robust,0.08,0.25,robust_eps0p08_lam0p25,"robust ($\epsilon_{train}=0.08$, $\lambda=0.25$)",mlp512x1|bbb|s2|val|robust_eps0p08_lam0p25,0.075,0.075,0.05,0.01,all,mutual_information,50,-0.28997178044316885,0.041085427692414765,50,-0.28997178044316885,0.041085427692414765
mlp512x1,bbb,2,val,robust,0.08,0.25,robust_eps0p08_lam0p25,"robust ($\epsilon_{train}=0.08$, $\lambda=0.25$)",mlp512x1|bbb|s2|val|robust_eps0p08_lam0p25,0.075,0.075,0.05,0.01,clean_correct,mutual_information,48,,,48,,
mlp512x1,bbb,2,val,robust,0.08,0.25,robust_eps0p08_lam0p25,"robust ($\epsilon_{train}=0.08$, $\lambda=0.25$)",mlp512x1|bbb|s2|val|robust_eps0p08_lam0p25,0.075,0.075,0.05,0.01,all,one_minus_confidence,50,-0.29099783713751354,0.04034256446731306,50,-0.29099783713751354,0.04034256446731306
mlp512x1,bbb,2,val,robust,0.08,0.25,robust_eps0p08_lam0p25,"robust ($\epsilon_{train}=0.08$, $\lambda=0.25$)",mlp512x1|bbb|s2|val|robust_eps0p08_lam0p25,0.075,0.075,0.05,0.01,clean_correct,one_minus_confidence,48,,,48,,
mlp512x1,bbb,2,val,robust,0.08,0.25,robust_eps0p08_lam0p25,"robust ($\epsilon_{train}=0.08$, $\lambda=0.25$)",mlp512x1|bbb|s2|val|robust_eps0p08_lam0p25,0.075,0.075,0.05,0.01,all,predictive_entropy,50,-0.2828992979933355,0.04651658410409539,50,-0.2828992979933355,0.04651658410409539
mlp512x1,bbb,2,val,robust,0.08,0.25,robust_eps0p08_lam0p25,"robust ($\epsilon_{train}=0.08$, $\lambda=0.25$)",mlp512x1|bbb|s2|val|robust_eps0p08_lam0p25,0.075,0.075,0.05,0.01,clean_correct,predictive_entropy,48,,,48,,
mlp512x1,bbb,2,val,robust,0.08,0.25,robust_eps0p08_lam0p25,"robust ($\epsilon_{train}=0.08$, $\lambda=0.25$)",mlp512x1|bbb|s2|val|robust_eps0p08_lam0p25,0.075,0.075,0.05,0.05,all,expected_entropy,50,-0.370213026918556,0.008136660779735775,50,-0.3583970432365899,0.010598287706779928
mlp512x1,bbb,2,val,robust,0.08,0.25,robust_eps0p08_lam0p25,"robust ($\epsilon_{train}=0.08$, $\lambda=0.25$)",mlp512x1|bbb|s2|val|robust_eps0p08_lam0p25,0.075,0.075,0.05,0.05,clean_correct,expected_entropy,48,-0.2498610131514463,0.08676022873224087,48,-0.22637746117161622,0.12181276445395173
mlp512x1,bbb,2,val,robust,0.08,0.25,robust_eps0p08_lam0p25,"robust ($\epsilon_{train}=0.08$, $\lambda=0.25$)",mlp512x1|bbb|s2|val|robust_eps0p08_lam0p25,0.075,0.075,0.05,0.05,all,mutual_information,50,-0.404509022795213,0.0035726894263996864,50,-0.36994694795026906,0.008186095310049876
mlp512x1,bbb,2,val,robust,0.08,0.25,robust_eps0p08_lam0p25,"robust ($\epsilon_{train}=0.08$, $\lambda=0.25$)",mlp512x1|bbb|s2|val|robust_eps0p08_lam0p25,0.075,0.075,0.05,0.05,clean_correct,mutual_information,48,-0.2943782827468106,0.04225497584777567,48,-0.23690664541215647,0.10496506863044447
mlp512x1,bbb,2,val,robust,0.08,0.25,robust_eps0p08_lam0p25,"robust ($\epsilon_{train}=0.08$, $\lambda=0.25$)",mlp512x1|bbb|s2|val|robust_eps0p08_lam0p25,0.075,0.075,0.05,0.05,all,one_minus_confidence,50,-0.38081109029818017,0.006366809411247314,50,-0.36865685124741626,0.008429488024151544
mlp512x1,bbb,2,val,robust,0.08,0.25,robust_eps0p08_lam0p25,"robust ($\epsilon_{train}=0.08$, $\lambda=0.25$)",mlp512x1|bbb|s2|val|robust_eps0p08_lam0p25,0.075,0.075,0.05,0.05,clean_correct,one_minus_confidence,48,-0.2579918721408254,0.07665878451042236,48,-0.23374412951232448,0.10982556650997205
mlp512x1,bbb,2,val,robust,0.08,0.25,robust_eps0p08_lam0p25,"robust ($\epsilon_{train}=0.08$, $\lambda=0.25$)",mlp512x1|bbb|s2|val|robust_eps0p08_lam0p25,0.075,0.075,0.05,0.05,all,predictive_entropy,50,-0.370213026918556,0.008136660779735775,50,-0.3583970432365899,0.010598287706779928
mlp512x1,bbb,2,val,robust,0.08,0.25,robust_eps0p08_lam0p25,"robust ($\epsilon_{train}=0.08$, $\lambda=0.25$)",mlp512x1|bbb|s2|val|robust_eps0p08_lam0p25,0.075,0.075,0.05,0.05,clean_correct,predictive_entropy,48,-0.2498610131514463,0.08676022873224087,48,-0.22637746117161622,0.12181276445395173
mlp512x1,bbb,2,val,robust,0.08,0.25,robust_eps0p08_lam0p25,"robust ($\epsilon_{train}=0.08$, $\lambda=0.25$)",mlp512x1|bbb|s2|val|robust_eps0p08_lam0p25,0.075,0.075,0.05,0.07,all,expected_entropy,50,-0.39911953828530045,0.00408930975881495,50,-0.3679674557599654,0.008562101379497911
mlp512x1,bbb,2,val,robust,0.08,0.25,robust_eps0p08_lam0p25,"robust ($\epsilon_{train}=0.08$, $\lambda=0.25$)",mlp512x1|bbb|s2|val|robust_eps0p08_lam0p25,0.075,0.075,0.05,0.07,clean_correct,expected_entropy,48,-0.3084380971960171,0.03293304268392472,48,-0.24672599416585725,0.09092167239229701
mlp512x1,bbb,2,val,robust,0.08,0.25,robust_eps0p08_lam0p25,"robust ($\epsilon_{train}=0.08$, $\lambda=0.25$)",mlp512x1|bbb|s2|val|robust_eps0p08_lam0p25,0.075,0.075,0.05,0.07,all,mutual_information,50,-0.3095397098131187,0.02870964568616681,50,-0.40308002296701895,0.0037037388343495975
mlp512x1,bbb,2,val,robust,0.08,0.25,robust_eps0p08_lam0p25,"robust ($\epsilon_{train}=0.08$, $\lambda=0.25$)",mlp512x1|bbb|s2|val|robust_eps0p08_lam0p25,0.075,0.075,0.05,0.07,clean_correct,mutual_information,48,-0.1897862594997851,0.19635813700170301,48,-0.29249727135545717,0.04365157062851726
mlp512x1,bbb,2,val,robust,0.08,0.25,robust_eps0p08_lam0p25,"robust ($\epsilon_{train}=0.08$, $\lambda=0.25$)",mlp512x1|bbb|s2|val|robust_eps0p08_lam0p25,0.075,0.075,0.05,0.07,all,one_minus_confidence,50,-0.4144167124765965,0.002771081174608631,50,-0.3785012353253211,0.006720964614817177
mlp512x1,bbb,2,val,robust,0.08,0.25,robust_eps0p08_lam0p25,"robust ($\epsilon_{train}=0.08$, $\lambda=0.25$)",mlp512x1|bbb|s2|val|robust_eps0p08_lam0p25,0.075,0.075,0.05,0.07,clean_correct,one_minus_confidence,48,-0.32335225183788596,0.024974329362247156,48,-0.25475483484922157,0.08056309684685219
mlp512x1,bbb,2,val,robust,0.08,0.25,robust_eps0p08_lam0p25,"robust ($\epsilon_{train}=0.08$, $\lambda=0.25$)",mlp512x1|bbb|s2|val|robust_eps0p08_lam0p25,0.075,0.075,0.05,0.07,all,predictive_entropy,50,-0.39911953828530045,0.00408930975881495,50,-0.3679674557599654,0.008562101379497911
mlp512x1,bbb,2,val,robust,0.08,0.25,robust_eps0p08_lam0p25,"robust ($\epsilon_{train}=0.08$, $\lambda=0.25$)",mlp512x1|bbb|s2|val|robust_eps0p08_lam0p25,0.075,0.075,0.05,0.07,clean_correct,predictive_entropy,48,-0.3084380971960171,0.03293304268392472,48,-0.24672599416585725,0.09092167239229701
mlp512x1,bbb,2,val,robust,0.08,0.25,robust_eps0p08_lam0p25,"robust ($\epsilon_{train}=0.08$, $\lambda=0.25$)",mlp512x1|bbb|s2|val|robust_eps0p08_lam0p25,0.075,0.075,0.05,0.08,all,expected_entropy,50,-0.46790821606236754,0.0006115514598170117,50,-0.39978914075298994,0.004021743662356982
mlp512x1,bbb,2,val,robust,0.08,0.25,robust_eps0p08_lam0p25,"robust ($\epsilon_{train}=0.08$, $\lambda=0.25$)",mlp512x1|bbb|s2|val|robust_eps0p08_lam0p25,0.075,0.075,0.05,0.08,clean_correct,expected_entropy,48,-0.4053992551854565,0.004256371896434834,48,-0.30570065893097764,0.03460055899100184
mlp512x1,bbb,2,val,robust,0.08,0.25,robust_eps0p08_lam0p25,"robust ($\epsilon_{train}=0.08$, $\lambda=0.25$)",mlp512x1|bbb|s2|val|robust_eps0p08_lam0p25,0.075,0.075,0.05,0.08,all,mutual_information,50,-0.3073148602644512,0.02993744455004525,50,-0.45067758395654206,0.0010221016300631697
mlp512x1,bbb,2,val,robust,0.08,0.25,robust_eps0p08_lam0p25,"robust ($\epsilon_{train}=0.08$, $\lambda=0.25$)",mlp512x1|bbb|s2|val|robust_eps0p08_lam0p25,0.075,0.075,0.05,0.08,clean_correct,mutual_information,48,-0.2124808211213301,0.14708048545611754,48,-0.36627467838581945,0.010455348629530818
mlp512x1,bbb,2,val,robust,0.08,0.25,robust_eps0p08_lam0p25,"robust ($\epsilon_{train}=0.08$, $\lambda=0.25$)",mlp512x1|bbb|s2|val|robust_eps0p08_lam0p25,0.075,0.075,0.05,0.08,all,one_minus_confidence,50,-0.48575442069608765,0.0003489473656653957,50,-0.41123387755075197,0.0030092462748516798
mlp512x1,bbb,2,val,robust,0.08,0.25,robust_eps0p08_lam0p25,"robust ($\epsilon_{train}=0.08$, $\lambda=0.25$)",mlp512x1|bbb|s2|val|robust_eps0p08_lam0p25,0.075,0.075,0.05,0.08,clean_correct,one_minus_confidence,48,-0.42382037932731603,0.0026838611582089603,48,-0.31564862527985926,0.02885650540838657
mlp512x1,bbb,2,val,robust,0.08,0.25,robust_eps0p08_lam0p25,"robust ($\epsilon_{train}=0.08$, $\lambda=0.25$)",mlp512x1|bbb|s2|val|robust_eps0p08_lam0p25,0.075,0.075,0.05,0.08,all,predictive_entropy,50,-0.46790821606236754,0.0006115514598170117,50,-0.39978914075298994,0.004021743662356982
mlp512x1,bbb,2,val,robust,0.08,0.25,robust_eps0p08_lam0p25,"robust ($\epsilon_{train}=0.08$, $\lambda=0.25$)",mlp512x1|bbb|s2|val|robust_eps0p08_lam0p25,0.075,0.075,0.05,0.08,clean_correct,predictive_entropy,48,-0.4053992551854565,0.004256371896434834,48,-0.30570065893097764,0.03460055899100184
mlp512x1,bbb,2,val,robust,0.08,0.25,robust_eps0p08_lam0p25,"robust ($\epsilon_{train}=0.08$, $\lambda=0.25$)",mlp512x1|bbb|s2|val|robust_eps0p08_lam0p25,0.075,0.075,0.05,0.1,all,expected_entropy,50,-0.35706281575404286,0.010912883419453304,50,-0.4096205931746691,0.0031367305756680145
mlp512x1,bbb,2,val,robust,0.08,0.25,robust_eps0p08_lam0p25,"robust ($\epsilon_{train}=0.08$, $\lambda=0.25$)",mlp512x1|bbb|s2|val|robust_eps0p08_lam0p25,0.075,0.075,0.05,0.1,clean_correct,expected_entropy,48,-0.3089691810794584,0.03261736373975394,48,-0.33549318483020407,0.01974778693848943
mlp512x1,bbb,2,val,robust,0.08,0.25,robust_eps0p08_lam0p25,"robust ($\epsilon_{train}=0.08$, $\lambda=0.25$)",mlp512x1|bbb|s2|val|robust_eps0p08_lam0p25,0.075,0.075,0.05,0.1,all,mutual_information,50,-0.24698103181003725,0.08378263269316417,50,-0.28344539715530004,0.046077381160023405
mlp512x1,bbb,2,val,robust,0.08,0.25,robust_eps0p08_lam0p25,"robust ($\epsilon_{train}=0.08$, $\lambda=0.25$)",mlp512x1|bbb|s2|val|robust_eps0p08_lam0p25,0.075,0.075,0.05,0.1,clean_correct,mutual_information,48,-0.18690509520575035,0.20336359204647633,48,-0.17975033672192567,0.22151607547764918
mlp512x1,bbb,2,val,robust,0.08,0.25,robust_eps0p08_lam0p25,"robust ($\epsilon_{train}=0.08$, $\lambda=0.25$)",mlp512x1|bbb|s2|val|robust_eps0p08_lam0p25,0.075,0.075,0.05,0.1,all,one_minus_confidence,50,-0.3656775260709279,0.009015640986070073,50,-0.4173238985382965,0.0025682685854037496
mlp512x1,bbb,2,val,robust,0.08,0.25,robust_eps0p08_lam0p25,"robust ($\epsilon_{train}=0.08$, $\lambda=0.25$)",mlp512x1|bbb|s2|val|robust_eps0p08_lam0p25,0.075,0.075,0.05,0.1,clean_correct,one_minus_confidence,48,-0.3168893696773202,0.028199294845888262,48,-0.3415950006769292,0.01749092353199173
mlp512x1,bbb,2,val,robust,0.08,0.25,robust_eps0p08_lam0p25,"robust ($\epsilon_{train}=0.08$, $\lambda=0.25$)",mlp512x1|bbb|s2|val|robust_eps0p08_lam0p25,0.075,0.075,0.05,0.1,all,predictive_entropy,50,-0.35706281575404286,0.010912883419453304,50,-0.4096205931746691,0.0031367305756680145
mlp512x1,bbb,2,val,robust,0.08,0.25,robust_eps0p08_lam0p25,"robust ($\epsilon_{train}=0.08$, $\lambda=0.25$)",mlp512x1|bbb|s2|val|robust_eps0p08_lam0p25,0.075,0.075,0.05,0.1,clean_correct,predictive_entropy,48,-0.3089691810794584,0.03261736373975394,48,-0.33549318483020407,0.01974778693848943
mlp512x1,bbb,2,val,standard,,,standard,standard,mlp512x1|bbb|s2|val|standard,0.075,0.075,0.05,0.01,all,expected_entropy,50,-0.7339467527495255,1.3253809763651863e-09,50,-0.465649801158658,0.000655144582982712
mlp512x1,bbb,2,val,standard,,,standard,standard,mlp512x1|bbb|s2|val|standard,0.075,0.075,0.05,0.01,clean_correct,expected_entropy,48,-0.6920916244180199,5.0830308015657396e-08,48,-0.33889555234217494,0.018460836715033936
mlp512x1,bbb,2,val,standard,,,standard,standard,mlp512x1|bbb|s2|val|standard,0.075,0.075,0.05,0.01,all,mutual_information,50,-0.7129643930891428,6.28585094776575e-09,50,-0.45605508802649797,0.0008732210735103732
mlp512x1,bbb,2,val,standard,,,standard,standard,mlp512x1|bbb|s2|val|standard,0.075,0.075,0.05,0.01,clean_correct,mutual_information,48,-0.6672476877511182,2.22870960763351e-07,48,-0.3241609631099065,0.024593438542388928
mlp512x1,bbb,2,val,standard,,,standard,standard,mlp512x1|bbb|s2|val|standard,0.075,0.075,0.05,0.01,all,one_minus_confidence,50,-0.7338128237342894,1.3392294726936885e-09,50,-0.46568334498464853,0.0006544771546769383
mlp512x1,bbb,2,val,standard,,,standard,standard,mlp512x1|bbb|s2|val|standard,0.075,0.075,0.05,0.01,clean_correct,one_minus_confidence,48,-0.6919267976677618,5.135593548217531e-08,48,-0.33892314707825355,0.01845069635721759
mlp512x1,bbb,2,val,standard,,,standard,standard,mlp512x1|bbb|s2|val|standard,0.075,0.075,0.05,0.01,all,predictive_entropy,50,-0.7361881917636911,1.1127262219667258e-09,50,-0.465649801158658,0.000655144582982712
mlp512x1,bbb,2,val,standard,,,standard,standard,mlp512x1|bbb|s2|val|standard,0.075,0.075,0.05,0.01,clean_correct,predictive_entropy,48,-0.6947455761094395,4.30304989714622e-08,48,-0.33889555234217494,0.018460836715033936
mlp512x1,bbb,2,val,standard,,,standard,standard,mlp512x1|bbb|s2|val|standard,0.075,0.075,0.05,0.05,all,expected_entropy,50,,,50,-0.8496101141071065,6.162004660461903e-15
mlp512x1,bbb,2,val,standard,,,standard,standard,mlp512x1|bbb|s2|val|standard,0.075,0.075,0.05,0.05,clean_correct,expected_entropy,48,,,48,-0.8333807378306203,1.9858774977119894e-13
mlp512x1,bbb,2,val,standard,,,standard,standard,mlp512x1|bbb|s2|val|standard,0.075,0.075,0.05,0.05,all,mutual_information,50,,,50,-0.8009879936865931,2.8580166605248305e-12
mlp512x1,bbb,2,val,standard,,,standard,standard,mlp512x1|bbb|s2|val|standard,0.075,0.075,0.05,0.05,clean_correct,mutual_information,48,,,48,-0.7790369155660778,6.9914602514686e-11
mlp512x1,bbb,2,val,standard,,,standard,standard,mlp512x1|bbb|s2|val|standard,0.075,0.075,0.05,0.05,all,one_minus_confidence,50,,,50,-0.8403220893162837,2.324849072649453e-14
mlp512x1,bbb,2,val,standard,,,standard,standard,mlp512x1|bbb|s2|val|standard,0.075,0.075,0.05,0.05,clean_correct,one_minus_confidence,48,,,48,-0.8228944821867179,7.169587730779228e-13
mlp512x1,bbb,2,val,standard,,,standard,standard,mlp512x1|bbb|s2|val|standard,0.075,0.075,0.05,0.05,all,predictive_entropy,50,,,50,-0.8433938073338197,1.5129244877050564e-14
mlp512x1,bbb,2,val,standard,,,standard,standard,mlp512x1|bbb|s2|val|standard,0.075,0.075,0.05,0.05,clean_correct,predictive_entropy,48,,,48,-0.8263633673880516,4.73344654010281e-13
mlp512x1,bbb,2,val,standard,,,standard,standard,mlp512x1|bbb|s2|val|standard,0.075,0.075,0.05,0.07,all,expected_entropy,50,,,50,-0.6390296876535997,5.903698620121124e-07
mlp512x1,bbb,2,val,standard,,,standard,standard,mlp512x1|bbb|s2|val|standard,0.075,0.075,0.05,0.07,clean_correct,expected_entropy,48,,,48,-0.6351194191663323,1.2414662599057476e-06
mlp512x1,bbb,2,val,standard,,,standard,standard,mlp512x1|bbb|s2|val|standard,0.075,0.075,0.05,0.07,all,mutual_information,50,,,50,-0.5749702035693602,1.2585594532460901e-05
mlp512x1,bbb,2,val,standard,,,standard,standard,mlp512x1|bbb|s2|val|standard,0.075,0.075,0.05,0.07,clean_correct,mutual_information,48,,,48,-0.5668256660143796,2.667127773675607e-05
mlp512x1,bbb,2,val,standard,,,standard,standard,mlp512x1|bbb|s2|val|standard,0.075,0.075,0.05,0.07,all,one_minus_confidence,50,,,50,-0.626889007808774,1.1117982576363013e-06
mlp512x1,bbb,2,val,standard,,,standard,standard,mlp512x1|bbb|s2|val|standard,0.075,0.075,0.05,0.07,clean_correct,one_minus_confidence,48,,,48,-0.6221855241004242,2.34780012823134e-06
mlp512x1,bbb,2,val,standard,,,standard,standard,mlp512x1|bbb|s2|val|standard,0.075,0.075,0.05,0.07,all,predictive_entropy,50,,,50,-0.6303095484588864,9.327579556893257e-07
mlp512x1,bbb,2,val,standard,,,standard,standard,mlp512x1|bbb|s2|val|standard,0.075,0.075,0.05,0.07,clean_correct,predictive_entropy,48,,,48,-0.6258804105132345,1.9628537729398596e-06
mlp512x1,bbb,2,val,standard,,,standard,standard,mlp512x1|bbb|s2|val|standard,0.075,0.075,0.05,0.08,all,expected_entropy,50,,,50,-0.6655389365433312,1.3401691221700378e-07
mlp512x1,bbb,2,val,standard,,,standard,standard,mlp512x1|bbb|s2|val|standard,0.075,0.075,0.05,0.08,clean_correct,expected_entropy,48,,,48,-0.6696302207914462,1.9459021749855043e-07
mlp512x1,bbb,2,val,standard,,,standard,standard,mlp512x1|bbb|s2|val|standard,0.075,0.075,0.05,0.08,all,mutual_information,50,,,50,-0.6375798251559851,6.376495227904455e-07
mlp512x1,bbb,2,val,standard,,,standard,standard,mlp512x1|bbb|s2|val|standard,0.075,0.075,0.05,0.08,clean_correct,mutual_information,48,,,48,-0.6398704192044234,9.751160589070378e-07
mlp512x1,bbb,2,val,standard,,,standard,standard,mlp512x1|bbb|s2|val|standard,0.075,0.075,0.05,0.08,all,one_minus_confidence,50,,,50,-0.6614145068595062,1.7042890978877657e-07
mlp512x1,bbb,2,val,standard,,,standard,standard,mlp512x1|bbb|s2|val|standard,0.075,0.075,0.05,0.08,clean_correct,one_minus_confidence,48,,,48,-0.6652446935760077,2.4956806561580587e-07
mlp512x1,bbb,2,val,standard,,,standard,standard,mlp512x1|bbb|s2|val|standard,0.075,0.075,0.05,0.08,all,predictive_entropy,50,,,50,-0.6655389365433312,1.3401691221700378e-07
mlp512x1,bbb,2,val,standard,,,standard,standard,mlp512x1|bbb|s2|val|standard,0.075,0.075,0.05,0.08,clean_correct,predictive_entropy,48,,,48,-0.6696302207914462,1.9459021749855043e-07
mlp512x1,bbb,2,val,standard,,,standard,standard,mlp512x1|bbb|s2|val|standard,0.075,0.075,0.05,0.1,all,expected_entropy,50,,,50,-0.3866920099454956,0.005537554696793829
mlp512x1,bbb,2,val,standard,,,standard,standard,mlp512x1|bbb|s2|val|standard,0.075,0.075,0.05,0.1,clean_correct,expected_entropy,48,,,48,-0.3929663692460164,0.005729087026636561
mlp512x1,bbb,2,val,standard,,,standard,standard,mlp512x1|bbb|s2|val|standard,0.075,0.075,0.05,0.1,all,mutual_information,50,,,50,-0.3813261479673681,0.006290093596143398
mlp512x1,bbb,2,val,standard,,,standard,standard,mlp512x1|bbb|s2|val|standard,0.075,0.075,0.05,0.1,clean_correct,mutual_information,48,,,48,-0.387274953759899,0.006539860022189615
mlp512x1,bbb,2,val,standard,,,standard,standard,mlp512x1|bbb|s2|val|standard,0.075,0.075,0.05,0.1,all,one_minus_confidence,50,,,50,-0.38660320834463663,0.005549338124533994
mlp512x1,bbb,2,val,standard,,,standard,standard,mlp512x1|bbb|s2|val|standard,0.075,0.075,0.05,0.1,clean_correct,one_minus_confidence,48,,,48,-0.39286900584043066,0.005742183712392772
mlp512x1,bbb,2,val,standard,,,standard,standard,mlp512x1|bbb|s2|val|standard,0.075,0.075,0.05,0.1,all,predictive_entropy,50,,,50,-0.3866920099454956,0.005537554696793829
mlp512x1,bbb,2,val,standard,,,standard,standard,mlp512x1|bbb|s2|val|standard,0.075,0.075,0.05,0.1,clean_correct,predictive_entropy,48,,,48,-0.3929663692460164,0.005729087026636561
mlp512x1,bbb,3,val,robust,0.08,0.25,robust_eps0p08_lam0p25,"robust ($\epsilon_{train}=0.08$, $\lambda=0.25$)",mlp512x1|bbb|s3|val|robust_eps0p08_lam0p25,0.075,0.075,0.05,0.01,all,expected_entropy,50,-0.24046440329433522,0.09254648400180392,50,-0.24046440329433522,0.09254648400180392
mlp512x1,bbb,3,val,robust,0.08,0.25,robust_eps0p08_lam0p25,"robust ($\epsilon_{train}=0.08$, $\lambda=0.25$)",mlp512x1|bbb|s3|val|robust_eps0p08_lam0p25,0.075,0.075,0.05,0.01,clean_correct,expected_entropy,48,,,48,,
mlp512x1,bbb,3,val,robust,0.08,0.25,robust_eps0p08_lam0p25,"robust ($\epsilon_{train}=0.08$, $\lambda=0.25$)",mlp512x1|bbb|s3|val|robust_eps0p08_lam0p25,0.075,0.075,0.05,0.01,all,mutual_information,50,-0.2970442628930023,0.03618571661406853,50,-0.2970442628930023,0.03618571661406853
mlp512x1,bbb,3,val,robust,0.08,0.25,robust_eps0p08_lam0p25,"robust ($\epsilon_{train}=0.08$, $\lambda=0.25$)",mlp512x1|bbb|s3|val|robust_eps0p08_lam0p25,0.075,0.075,0.05,0.01,clean_correct,mutual_information,48,,,48,,
mlp512x1,bbb,3,val,robust,0.08,0.25,robust_eps0p08_lam0p25,"robust ($\epsilon_{train}=0.08$, $\lambda=0.25$)",mlp512x1|bbb|s3|val|robust_eps0p08_lam0p25,0.075,0.075,0.05,0.01,all,one_minus_confidence,50,-0.24005492132578848,0.09312010287536829,50,-0.24005492132578848,0.09312010287536829
mlp512x1,bbb,3,val,robust,0.08,0.25,robust_eps0p08_lam0p25,"robust ($\epsilon_{train}=0.08$, $\lambda=0.25$)",mlp512x1|bbb|s3|val|robust_eps0p08_lam0p25,0.075,0.075,0.05,0.01,clean_correct,one_minus_confidence,48,,,48,,
mlp512x1,bbb,3,val,robust,0.08,0.25,robust_eps0p08_lam0p25,"robust ($\epsilon_{train}=0.08$, $\lambda=0.25$)",mlp512x1|bbb|s3|val|robust_eps0p08_lam0p25,0.075,0.075,0.05,0.01,all,predictive_entropy,50,-0.24046440329433522,0.09254648400180392,50,-0.24046440329433522,0.09254648400180392
mlp512x1,bbb,3,val,robust,0.08,0.25,robust_eps0p08_lam0p25,"robust ($\epsilon_{train}=0.08$, $\lambda=0.25$)",mlp512x1|bbb|s3|val|robust_eps0p08_lam0p25,0.075,0.075,0.05,0.01,clean_correct,predictive_entropy,48,,,48,,
mlp512x1,bbb,3,val,robust,0.08,0.25,robust_eps0p08_lam0p25,"robust ($\epsilon_{train}=0.08$, $\lambda=0.25$)",mlp512x1|bbb|s3|val|robust_eps0p08_lam0p25,0.075,0.075,0.05,0.05,all,expected_entropy,50,-0.36900621120268884,0.008362966145103217,50,-0.33555659847732744,0.01720699315155197
mlp512x1,bbb,3,val,robust,0.08,0.25,robust_eps0p08_lam0p25,"robust ($\epsilon_{train}=0.08$, $\lambda=0.25$)",mlp512x1|bbb|s3|val|robust_eps0p08_lam0p25,0.075,0.075,0.05,0.05,clean_correct,expected_entropy,48,-0.28732449002923527,0.047687520580191115,48,-0.24743582965269678,0.08996610354814244
mlp512x1,bbb,3,val,robust,0.08,0.25,robust_eps0p08_lam0p25,"robust ($\epsilon_{train}=0.08$, $\lambda=0.25$)",mlp512x1|bbb|s3|val|robust_eps0p08_lam0p25,0.075,0.075,0.05,0.05,all,mutual_information,50,-0.43945842086783976,0.0014080173865078742,50,-0.3822427339176513,0.0061555624975026925
mlp512x1,bbb,3,val,robust,0.08,0.25,robust_eps0p08_lam0p25,"robust ($\epsilon_{train}=0.08$, $\lambda=0.25$)",mlp512x1|bbb|s3|val|robust_eps0p08_lam0p25,0.075,0.075,0.05,0.05,clean_correct,mutual_information,48,-0.3315282577260407,0.021342295879463388,48,-0.24743582965269678,0.08996610354814244
mlp512x1,bbb,3,val,robust,0.08,0.25,robust_eps0p08_lam0p25,"robust ($\epsilon_{train}=0.08$, $\lambda=0.25$)",mlp512x1|bbb|s3|val|robust_eps0p08_lam0p25,0.075,0.075,0.05,0.05,all,one_minus_confidence,50,-0.37912072441200273,0.00662433938963657,50,-0.3391338825703922,0.015984861610317008
mlp512x1,bbb,3,val,robust,0.08,0.25,robust_eps0p08_lam0p25,"robust ($\epsilon_{train}=0.08$, $\lambda=0.25$)",mlp512x1|bbb|s3|val|robust_eps0p08_lam0p25,0.075,0.075,0.05,0.05,clean_correct,one_minus_confidence,48,-0.30425509705243775,0.035508882863015456,48,-0.2554655958795309,0.07969271720675024
mlp512x1,bbb,3,val,robust,0.08,0.25,robust_eps0p08_lam0p25,"robust ($\epsilon_{train}=0.08$, $\lambda=0.25$)",mlp512x1|bbb|s3|val|robust_eps0p08_lam0p25,0.075,0.075,0.05,0.05,all,predictive_entropy,50,-0.36900621120268884,0.008362966145103217,50,-0.33555659847732744,0.01720699315155197
mlp512x1,bbb,3,val,robust,0.08,0.25,robust_eps0p08_lam0p25,"robust ($\epsilon_{train}=0.08$, $\lambda=0.25$)",mlp512x1|bbb|s3|val|robust_eps0p08_lam0p25,0.075,0.075,0.05,0.05,clean_correct,predictive_entropy,48,-0.28732449002923527,0.047687520580191115,48,-0.24743582965269678,0.08996610354814244
mlp512x1,bbb,3,val,robust,0.08,0.25,robust_eps0p08_lam0p25,"robust ($\epsilon_{train}=0.08$, $\lambda=0.25$)",mlp512x1|bbb|s3|val|robust_eps0p08_lam0p25,0.075,0.075,0.05,0.07,all,expected_entropy,50,-0.45388907839302167,0.0009306722998368413,50,-0.45067758395654206,0.0010221016300631697
mlp512x1,bbb,3,val,robust,0.08,0.25,robust_eps0p08_lam0p25,"robust ($\epsilon_{train}=0.08$, $\lambda=0.25$)",mlp512x1|bbb|s3|val|robust_eps0p08_lam0p25,0.075,0.075,0.05,0.07,clean_correct,expected_entropy,48,-0.39804494416658837,0.005081063931561175,48,-0.3902778412352147,0.006100453529790004
mlp512x1,bbb,3,val,robust,0.08,0.25,robust_eps0p08_lam0p25,"robust ($\epsilon_{train}=0.08$, $\lambda=0.25$)",mlp512x1|bbb|s3|val|robust_eps0p08_lam0p25,0.075,0.075,0.05,0.07,all,mutual_information,50,-0.524773337945856,9.143765046465092e-05,50,-0.5104161911954945,0.0001525258065912065
mlp512x1,bbb,3,val,robust,0.08,0.25,robust_eps0p08_lam0p25,"robust ($\epsilon_{train}=0.08$, $\lambda=0.25$)",mlp512x1|bbb|s3|val|robust_eps0p08_lam0p25,0.075,0.075,0.05,0.07,clean_correct,mutual_information,48,-0.45183719267809874,0.0012650307766453235,48,-0.4268486978406613,0.0024817752163331292
mlp512x1,bbb,3,val,robust,0.08,0.25,robust_eps0p08_lam0p25,"robust ($\epsilon_{train}=0.08$, $\lambda=0.25$)",mlp512x1|bbb|s3|val|robust_eps0p08_lam0p25,0.075,0.075,0.05,0.07,all,one_minus_confidence,50,-0.4663298752643397,0.0006417320219098085,50,-0.46301861175864606,0.0007094467679352016
mlp512x1,bbb,3,val,robust,0.08,0.25,robust_eps0p08_lam0p25,"robust ($\epsilon_{train}=0.08$, $\lambda=0.25$)",mlp512x1|bbb|s3|val|robust_eps0p08_lam0p25,0.075,0.075,0.05,0.07,clean_correct,one_minus_confidence,48,-0.4151641457454512,0.0033438968699122024,48,-0.4084372514594365,0.003951550126832622
mlp512x1,bbb,3,val,robust,0.08,0.25,robust_eps0p08_lam0p25,"robust ($\epsilon_{train}=0.08$, $\lambda=0.25$)",mlp512x1|bbb|s3|val|robust_eps0p08_lam0p25,0.075,0.075,0.05,0.07,all,predictive_entropy,50,-0.45388907839302167,0.0009306722998368413,50,-0.45067758395654206,0.0010221016300631697
mlp512x1,bbb,3,val,robust,0.08,0.25,robust_eps0p08_lam0p25,"robust ($\epsilon_{train}=0.08$, $\lambda=0.25$)",mlp512x1|bbb|s3|val|robust_eps0p08_lam0p25,0.075,0.075,0.05,0.07,clean_correct,predictive_entropy,48,-0.39804494416658837,0.005081063931561175,48,-0.3902778412352147,0.006100453529790004
mlp512x1,bbb,3,val,robust,0.08,0.25,robust_eps0p08_lam0p25,"robust ($\epsilon_{train}=0.08$, $\lambda=0.25$)",mlp512x1|bbb|s3|val|robust_eps0p08_lam0p25,0.075,0.075,0.05,0.08,all,expected_entropy,50,-0.4665777931631874,0.0006369043618632438,50,-0.42662137232360553,0.0020049916943329395
mlp512x1,bbb,3,val,robust,0.08,0.25,robust_eps0p08_lam0p25,"robust ($\epsilon_{train}=0.08$, $\lambda=0.25$)",mlp512x1|bbb|s3|val|robust_eps0p08_lam0p25,0.075,0.075,0.05,0.08,clean_correct,expected_entropy,48,-0.4125942559571805,0.003565568318724844,48,-0.36031788625593375,0.011880150845759383
mlp512x1,bbb,3,val,robust,0.08,0.25,robust_eps0p08_lam0p25,"robust ($\epsilon_{train}=0.08$, $\lambda=0.25$)",mlp512x1|bbb|s3|val|robust_eps0p08_lam0p25,0.075,0.075,0.05,0.08,all,mutual_information,50,-0.543709080047796,4.490832209761186e-05,50,-0.49365163832406755,0.0002695376082976898
mlp512x1,bbb,3,val,robust,0.08,0.25,robust_eps0p08_lam0p25,"robust ($\epsilon_{train}=0.08$, $\lambda=0.25$)",mlp512x1|bbb|s3|val|robust_eps0p08_lam0p25,0.075,0.075,0.05,0.08,clean_correct,mutual_information,48,-0.4738524430108308,0.0006688894614436911,48,-0.4074048827552887,0.004052912171931417
mlp512x1,bbb,3,val,robust,0.08,0.25,robust_eps0p08_lam0p25,"robust ($\epsilon_{train}=0.08$, $\lambda=0.25$)",mlp512x1|bbb|s3|val|robust_eps0p08_lam0p25,0.075,0.075,0.05,0.08,all,one_minus_confidence,50,-0.47442665152301094,0.0004999900182817288,50,-0.4381457443297337,0.0014607606468740675
mlp512x1,bbb,3,val,robust,0.08,0.25,robust_eps0p08_lam0p25,"robust ($\epsilon_{train}=0.08$, $\lambda=0.25$)",mlp512x1|bbb|s3|val|robust_eps0p08_lam0p25,0.075,0.075,0.05,0.08,clean_correct,one_minus_confidence,48,-0.42359241520129753,0.002699645953781458,48,-0.3768723972239697,0.0082817293791004
mlp512x1,bbb,3,val,robust,0.08,0.25,robust_eps0p08_lam0p25,"robust ($\epsilon_{train}=0.08$, $\lambda=0.25$)",mlp512x1|bbb|s3|val|robust_eps0p08_lam0p25,0.075,0.075,0.05,0.08,all,predictive_entropy,50,-0.4665777931631874,0.0006369043618632438,50,-0.42662137232360553,0.0020049916943329395
mlp512x1,bbb,3,val,robust,0.08,0.25,robust_eps0p08_lam0p25,"robust ($\epsilon_{train}=0.08$, $\lambda=0.25$)",mlp512x1|bbb|s3|val|robust_eps0p08_lam0p25,0.075,0.075,0.05,0.08,clean_correct,predictive_entropy,48,-0.4125942559571805,0.003565568318724844,48,-0.36031788625593375,0.011880150845759383
mlp512x1,bbb,3,val,robust,0.08,0.25,robust_eps0p08_lam0p25,"robust ($\epsilon_{train}=0.08$, $\lambda=0.25$)",mlp512x1|bbb|s3|val|robust_eps0p08_lam0p25,0.075,0.075,0.05,0.1,all,expected_entropy,50,-0.39800595681659756,0.004203885403379219,50,-0.5396587795661602,5.2473336586468235e-05
mlp512x1,bbb,3,val,robust,0.08,0.25,robust_eps0p08_lam0p25,"robust ($\epsilon_{train}=0.08$, $\lambda=0.25$)",mlp512x1|bbb|s3|val|robust_eps0p08_lam0p25,0.075,0.075,0.05,0.1,clean_correct,expected_entropy,48,-0.35470956961658,0.01337060013074916,48,-0.49617905610068325,0.00033508911693707477
mlp512x1,bbb,3,val,robust,0.08,0.25,robust_eps0p08_lam0p25,"robust ($\epsilon_{train}=0.08$, $\lambda=0.25$)",mlp512x1|bbb|s3|val|robust_eps0p08_lam0p25,0.075,0.075,0.05,0.1,all,mutual_information,50,-0.47047114292481584,0.0005652588788737651,50,-0.6238457919672695,1.2974889948610176e-06
mlp512x1,bbb,3,val,robust,0.08,0.25,robust_eps0p08_lam0p25,"robust ($\epsilon_{train}=0.08$, $\lambda=0.25$)",mlp512x1|bbb|s3|val|robust_eps0p08_lam0p25,0.075,0.075,0.05,0.1,clean_correct,mutual_information,48,-0.4174709454325814,0.0031553458963343435,48,-0.5684998307524807,2.4939564313088964e-05
mlp512x1,bbb,3,val,robust,0.08,0.25,robust_eps0p08_lam0p25,"robust ($\epsilon_{train}=0.08$, $\lambda=0.25$)",mlp512x1|bbb|s3|val|robust_eps0p08_lam0p25,0.075,0.075,0.05,0.1,all,one_minus_confidence,50,-0.35805530745637437,0.010678111830649371,50,-0.549321692913758,3.607318427250137e-05
mlp512x1,bbb,3,val,robust,0.08,0.25,robust_eps0p08_lam0p25,"robust ($\epsilon_{train}=0.08$, $\lambda=0.25$)",mlp512x1|bbb|s3|val|robust_eps0p08_lam0p25,0.075,0.075,0.05,0.1,clean_correct,one_minus_confidence,48,-0.31261374678356624,0.030517945042985307,48,-0.5098486026248595,0.0002142793483354601
mlp512x1,bbb,3,val,robust,0.08,0.25,robust_eps0p08_lam0p25,"robust ($\epsilon_{train}=0.08$, $\lambda=0.25$)",mlp512x1|bbb|s3|val|robust_eps0p08_lam0p25,0.075,0.075,0.05,0.1,all,predictive_entropy,50,-0.39800595681659756,0.004203885403379219,50,-0.5396587795661602,5.2473336586468235e-05
mlp512x1,bbb,3,val,robust,0.08,0.25,robust_eps0p08_lam0p25,"robust ($\epsilon_{train}=0.08$, $\lambda=0.25$)",mlp512x1|bbb|s3|val|robust_eps0p08_lam0p25,0.075,0.075,0.05,0.1,clean_correct,predictive_entropy,48,-0.35470956961658,0.01337060013074916,48,-0.49617905610068325,0.00033508911693707477
mlp512x1,bbb,3,val,standard,,,standard,standard,mlp512x1|bbb|s3|val|standard,0.075,0.075,0.05,0.01,all,expected_entropy,50,-0.7532104012495622,2.7771805430163294e-10,50,-0.46064830175997884,0.0007617953149170538
mlp512x1,bbb,3,val,standard,,,standard,standard,mlp512x1|bbb|s3|val|standard,0.075,0.075,0.05,0.01,clean_correct,expected_entropy,48,-0.7148986886895772,1.1432610376018332e-08,48,-0.33113296423722444,0.02150704421248764
mlp512x1,bbb,3,val,standard,,,standard,standard,mlp512x1|bbb|s3|val|standard,0.075,0.075,0.05,0.01,all,mutual_information,50,-0.7320958452234643,1.529293639005469e-09,50,-0.46044415892737967,0.0007664622626465354
mlp512x1,bbb,3,val,standard,,,standard,standard,mlp512x1|bbb|s3|val|standard,0.075,0.075,0.05,0.01,clean_correct,mutual_information,48,-0.6898960418861348,5.826366340363927e-08,48,-0.33113296423722444,0.02150704421248764
mlp512x1,bbb,3,val,standard,,,standard,standard,mlp512x1|bbb|s3|val|standard,0.075,0.075,0.05,0.01,all,one_minus_confidence,50,-0.7539133244666867,2.616216800561329e-10,50,-0.46126891275445464,0.0007477638372582479
mlp512x1,bbb,3,val,standard,,,standard,standard,mlp512x1|bbb|s3|val|standard,0.075,0.075,0.05,0.01,clean_correct,one_minus_confidence,48,-0.7156183115869809,1.0881462924222881e-08,48,-0.33163735594501914,0.02129701404815859
mlp512x1,bbb,3,val,standard,,,standard,standard,mlp512x1|bbb|s3|val|standard,0.075,0.075,0.05,0.01,all,predictive_entropy,50,-0.7528989771193837,2.851444046546361e-10,50,-0.46044415892737967,0.0007664622626465354
mlp512x1,bbb,3,val,standard,,,standard,standard,mlp512x1|bbb|s3|val|standard,0.075,0.075,0.05,0.01,clean_correct,predictive_entropy,48,-0.7145299180877566,1.1725095345131482e-08,48,-0.33113296423722444,0.02150704421248764
mlp512x1,bbb,3,val,standard,,,standard,standard,mlp512x1|bbb|s3|val|standard,0.075,0.075,0.05,0.05,all,expected_entropy,50,,,50,-0.8575294429646886,1.84754305143844e-15
mlp512x1,bbb,3,val,standard,,,standard,standard,mlp512x1|bbb|s3|val|standard,0.075,0.075,0.05,0.05,clean_correct,expected_entropy,48,,,48,-0.8467732128697277,3.3662054836658355e-14
mlp512x1,bbb,3,val,standard,,,standard,standard,mlp512x1|bbb|s3|val|standard,0.075,0.075,0.05,0.05,all,mutual_information,50,,,50,-0.8076297877552407,1.371711121423394e-12
mlp512x1,bbb,3,val,standard,,,standard,standard,mlp512x1|bbb|s3|val|standard,0.075,0.075,0.05,0.05,clean_correct,mutual_information,48,,,48,-0.7918927946151894,2.0468449023274805e-11
mlp512x1,bbb,3,val,standard,,,standard,standard,mlp512x1|bbb|s3|val|standard,0.075,0.075,0.05,0.05,all,one_minus_confidence,50,,,50,-0.851034785800389,4.987101702975922e-15
mlp512x1,bbb,3,val,standard,,,standard,standard,mlp512x1|bbb|s3|val|standard,0.075,0.075,0.05,0.05,clean_correct,one_minus_confidence,48,,,48,-0.8396490690663382,8.829617527585574e-14
mlp512x1,bbb,3,val,standard,,,standard,standard,mlp512x1|bbb|s3|val|standard,0.075,0.075,0.05,0.05,all,predictive_entropy,50,,,50,-0.8515821003379812,4.59514600581842e-15
mlp512x1,bbb,3,val,standard,,,standard,standard,mlp512x1|bbb|s3|val|standard,0.075,0.075,0.05,0.05,clean_correct,predictive_entropy,48,,,48,-0.8402813940105925,8.120800623432744e-14
mlp512x1,bbb,3,val,standard,,,standard,standard,mlp512x1|bbb|s3|val|standard,0.075,0.075,0.05,0.07,all,expected_entropy,50,,,50,-0.7357640775625982,1.150318433817331e-09
mlp512x1,bbb,3,val,standard,,,standard,standard,mlp512x1|bbb|s3|val|standard,0.075,0.075,0.05,0.07,clean_correct,expected_entropy,48,,,48,-0.7369555992605884,2.3401937339324926e-09
mlp512x1,bbb,3,val,standard,,,standard,standard,mlp512x1|bbb|s3|val|standard,0.075,0.075,0.05,0.07,all,mutual_information,50,,,50,-0.6750189727443879,7.60266906273969e-08
mlp512x1,bbb,3,val,standard,,,standard,standard,mlp512x1|bbb|s3|val|standard,0.075,0.075,0.05,0.07,clean_correct,mutual_information,48,,,48,-0.6721561330371246,1.6828947676387738e-07
mlp512x1,bbb,3,val,standard,,,standard,standard,mlp512x1|bbb|s3|val|standard,0.075,0.075,0.05,0.07,all,one_minus_confidence,50,,,50,-0.725460481560089,2.530312066661757e-09
mlp512x1,bbb,3,val,standard,,,standard,standard,mlp512x1|bbb|s3|val|standard,0.075,0.075,0.05,0.07,clean_correct,one_minus_confidence,48,,,48,-0.725948228483148,5.263776501958556e-09
mlp512x1,bbb,3,val,standard,,,standard,standard,mlp512x1|bbb|s3|val|standard,0.075,0.075,0.05,0.07,all,predictive_entropy,50,,,50,-0.731472303852616,1.6044039857400533e-09
mlp512x1,bbb,3,val,standard,,,standard,standard,mlp512x1|bbb|s3|val|standard,0.075,0.075,0.05,0.07,clean_correct,predictive_entropy,48,,,48,-0.732406111119662,3.287274930715069e-09
mlp512x1,bbb,3,val,standard,,,standard,standard,mlp512x1|bbb|s3|val|standard,0.075,0.075,0.05,0.08,all,expected_entropy,50,,,50,-0.6656254941633433,1.3333727099616186e-07
mlp512x1,bbb,3,val,standard,,,standard,standard,mlp512x1|bbb|s3|val|standard,0.075,0.075,0.05,0.08,clean_correct,expected_entropy,48,,,48,-0.6746926376022226,1.452491630253449e-07
mlp512x1,bbb,3,val,standard,,,standard,standard,mlp512x1|bbb|s3|val|standard,0.075,0.075,0.05,0.08,all,mutual_information,50,,,50,-0.6556589827368992,2.3688925764402284e-07
mlp512x1,bbb,3,val,standard,,,standard,standard,mlp512x1|bbb|s3|val|standard,0.075,0.075,0.05,0.08,clean_correct,mutual_information,48,,,48,-0.6640645464160589,2.6666512274943895e-07
mlp512x1,bbb,3,val,standard,,,standard,standard,mlp512x1|bbb|s3|val|standard,0.075,0.075,0.05,0.08,all,one_minus_confidence,50,,,50,-0.6612225701509327,1.7233033166502591e-07
mlp512x1,bbb,3,val,standard,,,standard,standard,mlp512x1|bbb|s3|val|standard,0.075,0.075,0.05,0.08,clean_correct,one_minus_confidence,48,,,48,-0.669977033092858,1.907647149800377e-07
mlp512x1,bbb,3,val,standard,,,standard,standard,mlp512x1|bbb|s3|val|standard,0.075,0.075,0.05,0.08,all,predictive_entropy,50,,,50,-0.6656254941633433,1.3333727099616186e-07
mlp512x1,bbb,3,val,standard,,,standard,standard,mlp512x1|bbb|s3|val|standard,0.075,0.075,0.05,0.08,clean_correct,predictive_entropy,48,,,48,-0.6746926376022226,1.452491630253449e-07
mlp512x1,bbb,3,val,standard,,,standard,standard,mlp512x1|bbb|s3|val|standard,0.075,0.075,0.05,0.1,all,expected_entropy,50,,,50,-0.46503737266086054,0.0006674383915512617
mlp512x1,bbb,3,val,standard,,,standard,standard,mlp512x1|bbb|s3|val|standard,0.075,0.075,0.05,0.1,clean_correct,expected_entropy,48,,,48,-0.47355227981151493,0.0006749209396431896
mlp512x1,bbb,3,val,standard,,,standard,standard,mlp512x1|bbb|s3|val|standard,0.075,0.075,0.05,0.1,all,mutual_information,50,,,50,-0.4392133043370683,0.00141773512788412
mlp512x1,bbb,3,val,standard,,,standard,standard,mlp512x1|bbb|s3|val|standard,0.075,0.075,0.05,0.1,clean_correct,mutual_information,48,,,48,-0.4460359708698128,0.0014859948002519732
mlp512x1,bbb,3,val,standard,,,standard,standard,mlp512x1|bbb|s3|val|standard,0.075,0.075,0.05,0.1,all,one_minus_confidence,50,,,50,-0.4394984101139276,0.0014064376502589233
mlp512x1,bbb,3,val,standard,,,standard,standard,mlp512x1|bbb|s3|val|standard,0.075,0.075,0.05,0.1,clean_correct,one_minus_confidence,48,,,48,-0.4463751613286854,0.0014721867262288148
mlp512x1,bbb,3,val,standard,,,standard,standard,mlp512x1|bbb|s3|val|standard,0.075,0.075,0.05,0.1,all,predictive_entropy,50,,,50,-0.46503737266086054,0.0006674383915512617
mlp512x1,bbb,3,val,standard,,,standard,standard,mlp512x1|bbb|s3|val|standard,0.075,0.075,0.05,0.1,clean_correct,predictive_entropy,48,,,48,-0.47355227981151493,0.0006749209396431896
mlp512x1,bbb,4,val,robust,0.08,0.25,robust_eps0p08_lam0p25,"robust ($\epsilon_{train}=0.08$, $\lambda=0.25$)",mlp512x1|bbb|s4|val|robust_eps0p08_lam0p25,0.075,0.075,0.05,0.01,all,expected_entropy,50,-0.19095702614550147,0.18405279023249993,50,-0.19095702614550147,0.18405279023249993
mlp512x1,bbb,4,val,robust,0.08,0.25,robust_eps0p08_lam0p25,"robust ($\epsilon_{train}=0.08$, $\lambda=0.25$)",mlp512x1|bbb|s4|val|robust_eps0p08_lam0p25,0.075,0.075,0.05,0.01,clean_correct,expected_entropy,48,,,48,,
mlp512x1,bbb,4,val,robust,0.08,0.25,robust_eps0p08_lam0p25,"robust ($\epsilon_{train}=0.08$, $\lambda=0.25$)",mlp512x1|bbb|s4|val|robust_eps0p08_lam0p25,0.075,0.075,0.05,0.01,all,mutual_information,50,-0.19802950859533486,0.16803072076427142,50,-0.19802950859533486,0.16803072076427142
mlp512x1,bbb,4,val,robust,0.08,0.25,robust_eps0p08_lam0p25,"robust ($\epsilon_{train}=0.08$, $\lambda=0.25$)",mlp512x1|bbb|s4|val|robust_eps0p08_lam0p25,0.075,0.075,0.05,0.01,clean_correct,mutual_information,48,,,48,,
mlp512x1,bbb,4,val,robust,0.08,0.25,robust_eps0p08_lam0p25,"robust ($\epsilon_{train}=0.08$, $\lambda=0.25$)",mlp512x1|bbb|s4|val|robust_eps0p08_lam0p25,0.075,0.075,0.05,0.01,all,one_minus_confidence,50,-0.1955807081981831,0.17345918333113866,50,-0.1955807081981831,0.17345918333113866
mlp512x1,bbb,4,val,robust,0.08,0.25,robust_eps0p08_lam0p25,"robust ($\epsilon_{train}=0.08$, $\lambda=0.25$)",mlp512x1|bbb|s4|val|robust_eps0p08_lam0p25,0.075,0.075,0.05,0.01,clean_correct,one_minus_confidence,48,,,48,,
mlp512x1,bbb,4,val,robust,0.08,0.25,robust_eps0p08_lam0p25,"robust ($\epsilon_{train}=0.08$, $\lambda=0.25$)",mlp512x1|bbb|s4|val|robust_eps0p08_lam0p25,0.075,0.075,0.05,0.01,all,predictive_entropy,50,-0.19095702614550147,0.18405279023249993,50,-0.19095702614550147,0.18405279023249993
mlp512x1,bbb,4,val,robust,0.08,0.25,robust_eps0p08_lam0p25,"robust ($\epsilon_{train}=0.08$, $\lambda=0.25$)",mlp512x1|bbb|s4|val|robust_eps0p08_lam0p25,0.075,0.075,0.05,0.01,clean_correct,predictive_entropy,48,,,48,,
mlp512x1,bbb,4,val,robust,0.08,0.25,robust_eps0p08_lam0p25,"robust ($\epsilon_{train}=0.08$, $\lambda=0.25$)",mlp512x1|bbb|s4|val|robust_eps0p08_lam0p25,0.075,0.075,0.05,0.05,all,expected_entropy,50,-0.28895616427880727,0.04183174515268491,50,-0.2866476351667647,0.04356952875359749
mlp512x1,bbb,4,val,robust,0.08,0.25,robust_eps0p08_lam0p25,"robust ($\epsilon_{train}=0.08$, $\lambda=0.25$)",mlp512x1|bbb|s4|val|robust_eps0p08_lam0p25,0.075,0.075,0.05,0.05,clean_correct,expected_entropy,48,-0.22070533658546826,0.13169717207576784,48,-0.23690664541215647,0.10496506863044447
mlp512x1,bbb,4,val,robust,0.08,0.25,robust_eps0p08_lam0p25,"robust ($\epsilon_{train}=0.08$, $\lambda=0.25$)",mlp512x1|bbb|s4|val|robust_eps0p08_lam0p25,0.075,0.075,0.05,0.05,all,mutual_information,50,-0.3089686760097777,0.029020697770347253,50,-0.29819753988044395,0.035434469238995875
mlp512x1,bbb,4,val,robust,0.08,0.25,robust_eps0p08_lam0p25,"robust ($\epsilon_{train}=0.08$, $\lambda=0.25$)",mlp512x1|bbb|s4|val|robust_eps0p08_lam0p25,0.075,0.075,0.05,0.05,clean_correct,mutual_information,48,-0.24312072233242987,0.09589738980000383,48,-0.24743582965269678,0.08996610354814244
mlp512x1,bbb,4,val,robust,0.08,0.25,robust_eps0p08_lam0p25,"robust ($\epsilon_{train}=0.08$, $\lambda=0.25$)",mlp512x1|bbb|s4|val|robust_eps0p08_lam0p25,0.075,0.075,0.05,0.05,all,one_minus_confidence,50,-0.2959527197748571,0.0369088117447876,50,-0.29358829376894846,0.03851603404679336
mlp512x1,bbb,4,val,robust,0.08,0.25,robust_eps0p08_lam0p25,"robust ($\epsilon_{train}=0.08$, $\lambda=0.25$)",mlp512x1|bbb|s4|val|robust_eps0p08_lam0p25,0.075,0.075,0.05,0.05,clean_correct,one_minus_confidence,48,-0.22677471907121846,0.12114211198922072,48,-0.24342156284309752,0.09547430191099406
mlp512x1,bbb,4,val,robust,0.08,0.25,robust_eps0p08_lam0p25,"robust ($\epsilon_{train}=0.08$, $\lambda=0.25$)",mlp512x1|bbb|s4|val|robust_eps0p08_lam0p25,0.075,0.075,0.05,0.05,all,predictive_entropy,50,-0.28895616427880727,0.04183174515268491,50,-0.2866476351667647,0.04356952875359749
mlp512x1,bbb,4,val,robust,0.08,0.25,robust_eps0p08_lam0p25,"robust ($\epsilon_{train}=0.08$, $\lambda=0.25$)",mlp512x1|bbb|s4|val|robust_eps0p08_lam0p25,0.075,0.075,0.05,0.05,clean_correct,predictive_entropy,48,-0.22070533658546826,0.13169717207576784,48,-0.23690664541215647,0.10496506863044447
mlp512x1,bbb,4,val,robust,0.08,0.25,robust_eps0p08_lam0p25,"robust ($\epsilon_{train}=0.08$, $\lambda=0.25$)",mlp512x1|bbb|s4|val|robust_eps0p08_lam0p25,0.075,0.075,0.05,0.07,all,expected_entropy,50,-0.44268809714352125,0.0012854137208951069,50,-0.3210737394765924,0.0229976834693823
mlp512x1,bbb,4,val,robust,0.08,0.25,robust_eps0p08_lam0p25,"robust ($\epsilon_{train}=0.08$, $\lambda=0.25$)",mlp512x1|bbb|s4|val|robust_eps0p08_lam0p25,0.075,0.075,0.05,0.07,clean_correct,expected_entropy,48,-0.4096348080618015,0.003836762952901871,48,-0.26007200502387245,0.07422963303065083
mlp512x1,bbb,4,val,robust,0.08,0.25,robust_eps0p08_lam0p25,"robust ($\epsilon_{train}=0.08$, $\lambda=0.25$)",mlp512x1|bbb|s4|val|robust_eps0p08_lam0p25,0.075,0.075,0.05,0.07,all,mutual_information,50,-0.47210974081815954,0.0005373422648447015,50,-0.35792105704705734,0.010709611928512403
mlp512x1,bbb,4,val,robust,0.08,0.25,robust_eps0p08_lam0p25,"robust ($\epsilon_{train}=0.08$, $\lambda=0.25$)",mlp512x1|bbb|s4|val|robust_eps0p08_lam0p25,0.075,0.075,0.05,0.07,clean_correct,mutual_information,48,-0.4402336084912885,0.0017407518597236493,48,-0.30287009727420927,0.03639751410809739
mlp512x1,bbb,4,val,robust,0.08,0.25,robust_eps0p08_lam0p25,"robust ($\epsilon_{train}=0.08$, $\lambda=0.25$)",mlp512x1|bbb|s4|val|robust_eps0p08_lam0p25,0.075,0.075,0.05,0.07,all,one_minus_confidence,50,-0.44943812275497436,0.0010594870133060876,50,-0.32475152813253694,0.02139080666276101
mlp512x1,bbb,4,val,robust,0.08,0.25,robust_eps0p08_lam0p25,"robust ($\epsilon_{train}=0.08$, $\lambda=0.25$)",mlp512x1|bbb|s4|val|robust_eps0p08_lam0p25,0.075,0.075,0.05,0.07,clean_correct,one_minus_confidence,48,-0.4161746121960103,0.0032601171220873843,48,-0.26175617273800644,0.07230778750466621
mlp512x1,bbb,4,val,robust,0.08,0.25,robust_eps0p08_lam0p25,"robust ($\epsilon_{train}=0.08$, $\lambda=0.25$)",mlp512x1|bbb|s4|val|robust_eps0p08_lam0p25,0.075,0.075,0.05,0.07,all,predictive_entropy,50,-0.44268809714352125,0.0012854137208951069,50,-0.3210737394765924,0.0229976834693823
mlp512x1,bbb,4,val,robust,0.08,0.25,robust_eps0p08_lam0p25,"robust ($\epsilon_{train}=0.08$, $\lambda=0.25$)",mlp512x1|bbb|s4|val|robust_eps0p08_lam0p25,0.075,0.075,0.05,0.07,clean_correct,predictive_entropy,48,-0.4096348080618015,0.003836762952901871,48,-0.26007200502387245,0.07422963303065083
mlp512x1,bbb,4,val,robust,0.08,0.25,robust_eps0p08_lam0p25,"robust ($\epsilon_{train}=0.08$, $\lambda=0.25$)",mlp512x1|bbb|s4|val|robust_eps0p08_lam0p25,0.075,0.075,0.05,0.08,all,expected_entropy,50,-0.5018853046595039,0.00020453620984809645,50,-0.3186650107382909,0.024104164290970117
mlp512x1,bbb,4,val,robust,0.08,0.25,robust_eps0p08_lam0p25,"robust ($\epsilon_{train}=0.08$, $\lambda=0.25$)",mlp512x1|bbb|s4|val|robust_eps0p08_lam0p25,0.075,0.075,0.05,0.08,clean_correct,expected_entropy,48,-0.4741719120437051,0.0006625233014624621,48,-0.25829094936634756,0.07630571902623241
mlp512x1,bbb,4,val,robust,0.08,0.25,robust_eps0p08_lam0p25,"robust ($\epsilon_{train}=0.08$, $\lambda=0.25$)",mlp512x1|bbb|s4|val|robust_eps0p08_lam0p25,0.075,0.075,0.05,0.08,all,mutual_information,50,-0.5299451348882149,7.56143649794786e-05,50,-0.3558695551392081,0.011201014061252158
mlp512x1,bbb,4,val,robust,0.08,0.25,robust_eps0p08_lam0p25,"robust ($\epsilon_{train}=0.08$, $\lambda=0.25$)",mlp512x1|bbb|s4|val|robust_eps0p08_lam0p25,0.075,0.075,0.05,0.08,clean_correct,mutual_information,48,-0.5025247887113008,0.0002729180198971449,48,-0.3012073324482615,0.03748848352659133
mlp512x1,bbb,4,val,robust,0.08,0.25,robust_eps0p08_lam0p25,"robust ($\epsilon_{train}=0.08$, $\lambda=0.25$)",mlp512x1|bbb|s4|val|robust_eps0p08_lam0p25,0.075,0.075,0.05,0.08,all,one_minus_confidence,50,-0.5077040264495895,0.00016757924412049693,50,-0.32228262177581546,0.022458665656436862
mlp512x1,bbb,4,val,robust,0.08,0.25,robust_eps0p08_lam0p25,"robust ($\epsilon_{train}=0.08$, $\lambda=0.25$)",mlp512x1|bbb|s4|val|robust_eps0p08_lam0p25,0.075,0.075,0.05,0.08,clean_correct,one_minus_confidence,48,-0.4797438211242787,0.000559903369218271,48,-0.25992549234971296,0.07439871239017158
mlp512x1,bbb,4,val,robust,0.08,0.25,robust_eps0p08_lam0p25,"robust ($\epsilon_{train}=0.08$, $\lambda=0.25$)",mlp512x1|bbb|s4|val|robust_eps0p08_lam0p25,0.075,0.075,0.05,0.08,all,predictive_entropy,50,-0.5018853046595039,0.00020453620984809645,50,-0.3186650107382909,0.024104164290970117
mlp512x1,bbb,4,val,robust,0.08,0.25,robust_eps0p08_lam0p25,"robust ($\epsilon_{train}=0.08$, $\lambda=0.25$)",mlp512x1|bbb|s4|val|robust_eps0p08_lam0p25,0.075,0.075,0.05,0.08,clean_correct,predictive_entropy,48,-0.4741719120437051,0.0006625233014624621,48,-0.25829094936634756,0.07630571902623241
mlp512x1,bbb,4,val,robust,0.08,0.25,robust_eps0p08_lam0p25,"robust ($\epsilon_{train}=0.08$, $\lambda=0.25$)",mlp512x1|bbb|s4|val|robust_eps0p08_lam0p25,0.075,0.075,0.05,0.1,all,expected_entropy,50,-0.42069538459747247,0.002349610992608317,50,-0.3028805709140834,0.03251508332609369
mlp512x1,bbb,4,val,robust,0.08,0.25,robust_eps0p08_lam0p25,"robust ($\epsilon_{train}=0.08$, $\lambda=0.25$)",mlp512x1|bbb|s4|val|robust_eps0p08_lam0p25,0.075,0.075,0.05,0.1,clean_correct,expected_entropy,48,-0.39374822012130883,0.005624858379175862,48,-0.24084717582111842,0.09914187823734927
mlp512x1,bbb,4,val,robust,0.08,0.25,robust_eps0p08_lam0p25,"robust ($\epsilon_{train}=0.08$, $\lambda=0.25$)",mlp512x1|bbb|s4|val|robust_eps0p08_lam0p25,0.075,0.075,0.05,0.1,all,mutual_information,50,-0.4264932215567627,0.002011941025490949,50,-0.3678603950315733,0.008582856917585922
mlp512x1,bbb,4,val,robust,0.08,0.25,robust_eps0p08_lam0p25,"robust ($\epsilon_{train}=0.08$, $\lambda=0.25$)",mlp512x1|bbb|s4|val|robust_eps0p08_lam0p25,0.075,0.075,0.05,0.1,clean_correct,mutual_information,48,-0.3958495290969995,0.00535288534225091,48,-0.31555931369514373,0.028904300703288578
mlp512x1,bbb,4,val,robust,0.08,0.25,robust_eps0p08_lam0p25,"robust ($\epsilon_{train}=0.08$, $\lambda=0.25$)",mlp512x1|bbb|s4|val|robust_eps0p08_lam0p25,0.075,0.075,0.05,0.1,all,one_minus_confidence,50,-0.4187555884911931,0.002473307679579591,50,-0.3083043658925076,0.029386088109373716
mlp512x1,bbb,4,val,robust,0.08,0.25,robust_eps0p08_lam0p25,"robust ($\epsilon_{train}=0.08$, $\lambda=0.25$)",mlp512x1|bbb|s4|val|robust_eps0p08_lam0p25,0.075,0.075,0.05,0.1,clean_correct,one_minus_confidence,48,-0.3914629447224821,0.005934248563834536,48,-0.24510840475783233,0.09312871999959836
mlp512x1,bbb,4,val,robust,0.08,0.25,robust_eps0p08_lam0p25,"robust ($\epsilon_{train}=0.08$, $\lambda=0.25$)",mlp512x1|bbb|s4|val|robust_eps0p08_lam0p25,0.075,0.075,0.05,0.1,all,predictive_entropy,50,-0.42069538459747247,0.002349610992608317,50,-0.3028805709140834,0.03251508332609369
mlp512x1,bbb,4,val,robust,0.08,0.25,robust_eps0p08_lam0p25,"robust ($\epsilon_{train}=0.08$, $\lambda=0.25$)",mlp512x1|bbb|s4|val|robust_eps0p08_lam0p25,0.075,0.075,0.05,0.1,clean_correct,predictive_entropy,48,-0.39374822012130883,0.005624858379175862,48,-0.24084717582111842,0.09914187823734927
mlp512x1,bbb,4,val,standard,,,standard,standard,mlp512x1|bbb|s4|val|standard,0.075,0.075,0.05,0.01,all,expected_entropy,50,-0.7439988036882225,5.96550845128685e-10,50,-0.5485423547742174,3.719610209191548e-05
mlp512x1,bbb,4,val,standard,,,standard,standard,mlp512x1|bbb|s4|val|standard,0.075,0.075,0.05,0.01,clean_correct,expected_entropy,48,-0.7039927095742261,2.3744507011952796e-08,48,-0.4582654415105693,0.001054841187260779
mlp512x1,bbb,4,val,standard,,,standard,standard,mlp512x1|bbb|s4|val|standard,0.075,0.075,0.05,0.01,all,mutual_information,50,-0.7349074222571478,1.229931596887934e-09,50,-0.5484572698735235,3.732062253732267e-05
mlp512x1,bbb,4,val,standard,,,standard,standard,mlp512x1|bbb|s4|val|standard,0.075,0.075,0.05,0.01,clean_correct,mutual_information,48,-0.6932278440947711,4.73416653191935e-08,48,-0.45815220567130305,0.0010582553105040716
mlp512x1,bbb,4,val,standard,,,standard,standard,mlp512x1|bbb|s4|val|standard,0.075,0.075,0.05,0.01,all,one_minus_confidence,50,-0.7440529298284154,5.939330641124703e-10,50,-0.5486741050714876,3.70040405293194e-05
mlp512x1,bbb,4,val,standard,,,standard,standard,mlp512x1|bbb|s4|val|standard,0.075,0.075,0.05,0.01,clean_correct,one_minus_confidence,48,-0.7040363366033667,2.3676731017969127e-08,48,-0.45838985859577935,0.0010511013030904738
mlp512x1,bbb,4,val,standard,,,standard,standard,mlp512x1|bbb|s4|val|standard,0.075,0.075,0.05,0.01,all,predictive_entropy,50,-0.7488558430829062,4.002620119140691e-10,50,-0.5485423547742174,3.719610209191548e-05
mlp512x1,bbb,4,val,standard,,,standard,standard,mlp512x1|bbb|s4|val|standard,0.075,0.075,0.05,0.01,clean_correct,predictive_entropy,48,-0.7097438020906474,1.6217124294269323e-08,48,-0.4582654415105693,0.001054841187260779
mlp512x1,bbb,4,val,standard,,,standard,standard,mlp512x1|bbb|s4|val|standard,0.075,0.075,0.05,0.05,all,expected_entropy,50,,,50,-0.8611241058812952,1.0439172253260503e-15
mlp512x1,bbb,4,val,standard,,,standard,standard,mlp512x1|bbb|s4|val|standard,0.075,0.075,0.05,0.05,clean_correct,expected_entropy,48,,,48,-0.8437713622481885,5.0832762887774676e-14
mlp512x1,bbb,4,val,standard,,,standard,standard,mlp512x1|bbb|s4|val|standard,0.075,0.075,0.05,0.05,all,mutual_information,50,,,50,-0.8426968775567596,1.6691575079935323e-14
mlp512x1,bbb,4,val,standard,,,standard,standard,mlp512x1|bbb|s4|val|standard,0.075,0.075,0.05,0.05,clean_correct,mutual_information,48,,,48,-0.8230603141218802,7.030126648050926e-13
mlp512x1,bbb,4,val,standard,,,standard,standard,mlp512x1|bbb|s4|val|standard,0.075,0.075,0.05,0.05,all,one_minus_confidence,50,,,50,-0.8545935135599355,2.9115612531076703e-15
mlp512x1,bbb,4,val,standard,,,standard,standard,mlp512x1|bbb|s4|val|standard,0.075,0.075,0.05,0.05,clean_correct,one_minus_confidence,48,,,48,-0.836388017452351,1.3518129673702828e-13
mlp512x1,bbb,4,val,standard,,,standard,standard,mlp512x1|bbb|s4|val|standard,0.075,0.075,0.05,0.05,all,predictive_entropy,50,,,50,-0.8593439297768362,1.3877203303259614e-15
mlp512x1,bbb,4,val,standard,,,standard,standard,mlp512x1|bbb|s4|val|standard,0.075,0.075,0.05,0.05,clean_correct,predictive_entropy,48,,,48,-0.8417600531125627,6.667997647575919e-14
mlp512x1,bbb,4,val,standard,,,standard,standard,mlp512x1|bbb|s4|val|standard,0.075,0.075,0.05,0.07,all,expected_entropy,50,,,50,-0.692920149767354,2.458785394279568e-08
mlp512x1,bbb,4,val,standard,,,standard,standard,mlp512x1|bbb|s4|val|standard,0.075,0.075,0.05,0.07,clean_correct,expected_entropy,48,,,48,-0.6891091004241681,6.116706537061357e-08
mlp512x1,bbb,4,val,standard,,,standard,standard,mlp512x1|bbb|s4|val|standard,0.075,0.075,0.05,0.07,all,mutual_information,50,,,50,-0.6662590793366856,1.2845976471324281e-07
mlp512x1,bbb,4,val,standard,,,standard,standard,mlp512x1|bbb|s4|val|standard,0.075,0.075,0.05,0.07,clean_correct,mutual_information,48,,,48,-0.6606058042995675,3.232778460504593e-07
mlp512x1,bbb,4,val,standard,,,standard,standard,mlp512x1|bbb|s4|val|standard,0.075,0.075,0.05,0.07,all,one_minus_confidence,50,,,50,-0.682216100759676,4.875104584573215e-08
mlp512x1,bbb,4,val,standard,,,standard,standard,mlp512x1|bbb|s4|val|standard,0.075,0.075,0.05,0.07,clean_correct,one_minus_confidence,48,,,48,-0.677736044163623,1.2149698255951074e-07
mlp512x1,bbb,4,val,standard,,,standard,standard,mlp512x1|bbb|s4|val|standard,0.075,0.075,0.05,0.07,all,predictive_entropy,50,,,50,-0.6877806663108398,3.427831447811553e-08
mlp512x1,bbb,4,val,standard,,,standard,standard,mlp512x1|bbb|s4|val|standard,0.075,0.075,0.05,0.07,clean_correct,predictive_entropy,48,,,48,-0.6836000599967242,8.561425674117256e-08
mlp512x1,bbb,4,val,standard,,,standard,standard,mlp512x1|bbb|s4|val|standard,0.075,0.075,0.05,0.08,all,expected_entropy,50,,,50,-0.5877276534093271,7.206871699003919e-06
mlp512x1,bbb,4,val,standard,,,standard,standard,mlp512x1|bbb|s4|val|standard,0.075,0.075,0.05,0.08,clean_correct,expected_entropy,48,,,48,-0.5888904849682843,1.0682482345496664e-05
mlp512x1,bbb,4,val,standard,,,standard,standard,mlp512x1|bbb|s4|val|standard,0.075,0.075,0.05,0.08,all,mutual_information,50,,,50,-0.5575302360693257,2.5997239249995322e-05
mlp512x1,bbb,4,val,standard,,,standard,standard,mlp512x1|bbb|s4|val|standard,0.075,0.075,0.05,0.08,clean_correct,mutual_information,48,,,48,-0.5568366811434863,3.9514445498989907e-05
mlp512x1,bbb,4,val,standard,,,standard,standard,mlp512x1|bbb|s4|val|standard,0.075,0.075,0.05,0.08,all,one_minus_confidence,50,,,50,-0.581584191800918,9.454079839765597e-06
mlp512x1,bbb,4,val,standard,,,standard,standard,mlp512x1|bbb|s4|val|standard,0.075,0.075,0.05,0.08,clean_correct,one_minus_confidence,48,,,48,-0.5823379483890724,1.4115755193256377e-05
mlp512x1,bbb,4,val,standard,,,standard,standard,mlp512x1|bbb|s4|val|standard,0.075,0.075,0.05,0.08,all,predictive_entropy,50,,,50,-0.582085673099518,9.24883822379345e-06
mlp512x1,bbb,4,val,standard,,,standard,standard,mlp512x1|bbb|s4|val|standard,0.075,0.075,0.05,0.08,clean_correct,predictive_entropy,48,,,48,-0.5828937822482775,1.3789194826173635e-05
mlp512x1,bbb,4,val,standard,,,standard,standard,mlp512x1|bbb|s4|val|standard,0.075,0.075,0.05,0.1,all,expected_entropy,50,,,50,-0.5110503287406832,0.00014918878450663394
mlp512x1,bbb,4,val,standard,,,standard,standard,mlp512x1|bbb|s4|val|standard,0.075,0.075,0.05,0.1,clean_correct,expected_entropy,48,,,48,-0.520004222210268,0.00015181578964808249
mlp512x1,bbb,4,val,standard,,,standard,standard,mlp512x1|bbb|s4|val|standard,0.075,0.075,0.05,0.1,all,mutual_information,50,,,50,-0.5108658673334496,0.0001501525476079227
mlp512x1,bbb,4,val,standard,,,standard,standard,mlp512x1|bbb|s4|val|standard,0.075,0.075,0.05,0.1,clean_correct,mutual_information,48,,,48,-0.5197994961385316,0.00015289060840083693
mlp512x1,bbb,4,val,standard,,,standard,standard,mlp512x1|bbb|s4|val|standard,0.075,0.075,0.05,0.1,all,one_minus_confidence,50,,,50,-0.5036083399304524,0.00019288699009757418
mlp512x1,bbb,4,val,standard,,,standard,standard,mlp512x1|bbb|s4|val|standard,0.075,0.075,0.05,0.1,clean_correct,one_minus_confidence,48,,,48,-0.512056525775214,0.00019899469946886445
mlp512x1,bbb,4,val,standard,,,standard,standard,mlp512x1|bbb|s4|val|standard,0.075,0.075,0.05,0.1,all,predictive_entropy,50,,,50,-0.5110503287406832,0.00014918878450663394
mlp512x1,bbb,4,val,standard,,,standard,standard,mlp512x1|bbb|s4|val|standard,0.075,0.075,0.05,0.1,clean_correct,predictive_entropy,48,,,48,-0.520004222210268,0.00015181578964808249
mlp512x1,deterministic,0,val,robust,0.08,0.25,robust_eps0p08_lam0p25,"robust ($\epsilon_{train}=0.08$, $\lambda=0.25$)",mlp512x1|deterministic|s0|val|robust_eps0p08_lam0p25,0.075,0.075,0.05,0.01,all,expected_entropy,50,-0.26168185064383537,0.06640181395409944,50,-0.26168185064383537,0.06640181395409944
mlp512x1,deterministic,0,val,robust,0.08,0.25,robust_eps0p08_lam0p25,"robust ($\epsilon_{train}=0.08$, $\lambda=0.25$)",mlp512x1|deterministic|s0|val|robust_eps0p08_lam0p25,0.075,0.075,0.05,0.01,clean_correct,expected_entropy,48,,,48,,
mlp512x1,deterministic,0,val,robust,0.08,0.25,robust_eps0p08_lam0p25,"robust ($\epsilon_{train}=0.08$, $\lambda=0.25$)",mlp512x1|deterministic|s0|val|robust_eps0p08_lam0p25,0.075,0.075,0.05,0.01,all,mutual_information,50,0.03536326131725473,0.8073798384786117,50,0.03536326131725473,0.8073798384786117
mlp512x1,deterministic,0,val,robust,0.08,0.25,robust_eps0p08_lam0p25,"robust ($\epsilon_{train}=0.08$, $\lambda=0.25$)",mlp512x1|deterministic|s0|val|robust_eps0p08_lam0p25,0.075,0.075,0.05,0.01,clean_correct,mutual_information,48,,,48,,
mlp512x1,deterministic,0,val,robust,0.08,0.25,robust_eps0p08_lam0p25,"robust ($\epsilon_{train}=0.08$, $\lambda=0.25$)",mlp512x1|deterministic|s0|val|robust_eps0p08_lam0p25,0.075,0.075,0.05,0.01,all,one_minus_confidence,50,-0.2776088440044576,0.050950578787183586,50,-0.2776088440044576,0.050950578787183586
mlp512x1,deterministic,0,val,robust,0.08,0.25,robust_eps0p08_lam0p25,"robust ($\epsilon_{train}=0.08$, $\lambda=0.25$)",mlp512x1|deterministic|s0|val|robust_eps0p08_lam0p25,0.075,0.075,0.05,0.01,clean_correct,one_minus_confidence,48,,,48,,
mlp512x1,deterministic,0,val,robust,0.08,0.25,robust_eps0p08_lam0p25,"robust ($\epsilon_{train}=0.08$, $\lambda=0.25$)",mlp512x1|deterministic|s0|val|robust_eps0p08_lam0p25,0.075,0.075,0.05,0.01,all,predictive_entropy,50,-0.26168185064383537,0.06640181395409944,50,-0.26168185064383537,0.06640181395409944
mlp512x1,deterministic,0,val,robust,0.08,0.25,robust_eps0p08_lam0p25,"robust ($\epsilon_{train}=0.08$, $\lambda=0.25$)",mlp512x1|deterministic|s0|val|robust_eps0p08_lam0p25,0.075,0.075,0.05,0.01,clean_correct,predictive_entropy,48,,,48,,
mlp512x1,deterministic,0,val,robust,0.08,0.25,robust_eps0p08_lam0p25,"robust ($\epsilon_{train}=0.08$, $\lambda=0.25$)",mlp512x1|deterministic|s0|val|robust_eps0p08_lam0p25,0.075,0.075,0.05,0.05,all,expected_entropy,50,-0.26168185064383537,0.06640181395409944,50,-0.26168185064383537,0.06640181395409944
mlp512x1,deterministic,0,val,robust,0.08,0.25,robust_eps0p08_lam0p25,"robust ($\epsilon_{train}=0.08$, $\lambda=0.25$)",mlp512x1|deterministic|s0|val|robust_eps0p08_lam0p25,0.075,0.075,0.05,0.05,clean_correct,expected_entropy,48,,,48,,
mlp512x1,deterministic,0,val,robust,0.08,0.25,robust_eps0p08_lam0p25,"robust ($\epsilon_{train}=0.08$, $\lambda=0.25$)",mlp512x1|deterministic|s0|val|robust_eps0p08_lam0p25,0.075,0.075,0.05,0.05,all,mutual_information,50,0.03536326131725473,0.8073798384786117,50,0.03536326131725473,0.8073798384786117
mlp512x1,deterministic,0,val,robust,0.08,0.25,robust_eps0p08_lam0p25,"robust ($\epsilon_{train}=0.08$, $\lambda=0.25$)",mlp512x1|deterministic|s0|val|robust_eps0p08_lam0p25,0.075,0.075,0.05,0.05,clean_correct,mutual_information,48,,,48,,
mlp512x1,deterministic,0,val,robust,0.08,0.25,robust_eps0p08_lam0p25,"robust ($\epsilon_{train}=0.08$, $\lambda=0.25$)",mlp512x1|deterministic|s0|val|robust_eps0p08_lam0p25,0.075,0.075,0.05,0.05,all,one_minus_confidence,50,-0.2776088440044576,0.050950578787183586,50,-0.2776088440044576,0.050950578787183586
mlp512x1,deterministic,0,val,robust,0.08,0.25,robust_eps0p08_lam0p25,"robust ($\epsilon_{train}=0.08$, $\lambda=0.25$)",mlp512x1|deterministic|s0|val|robust_eps0p08_lam0p25,0.075,0.075,0.05,0.05,clean_correct,one_minus_confidence,48,,,48,,
mlp512x1,deterministic,0,val,robust,0.08,0.25,robust_eps0p08_lam0p25,"robust ($\epsilon_{train}=0.08$, $\lambda=0.25$)",mlp512x1|deterministic|s0|val|robust_eps0p08_lam0p25,0.075,0.075,0.05,0.05,all,predictive_entropy,50,-0.26168185064383537,0.06640181395409944,50,-0.26168185064383537,0.06640181395409944
mlp512x1,deterministic,0,val,robust,0.08,0.25,robust_eps0p08_lam0p25,"robust ($\epsilon_{train}=0.08$, $\lambda=0.25$)",mlp512x1|deterministic|s0|val|robust_eps0p08_lam0p25,0.075,0.075,0.05,0.05,clean_correct,predictive_entropy,48,,,48,,
mlp512x1,deterministic,0,val,robust,0.08,0.25,robust_eps0p08_lam0p25,"robust ($\epsilon_{train}=0.08$, $\lambda=0.25$)",mlp512x1|deterministic|s0|val|robust_eps0p08_lam0p25,0.075,0.075,0.05,0.07,all,expected_entropy,50,-0.26168185064383537,0.06640181395409944,50,-0.26168185064383537,0.06640181395409944
mlp512x1,deterministic,0,val,robust,0.08,0.25,robust_eps0p08_lam0p25,"robust ($\epsilon_{train}=0.08$, $\lambda=0.25$)",mlp512x1|deterministic|s0|val|robust_eps0p08_lam0p25,0.075,0.075,0.05,0.07,clean_correct,expected_entropy,48,,,48,,
mlp512x1,deterministic,0,val,robust,0.08,0.25,robust_eps0p08_lam0p25,"robust ($\epsilon_{train}=0.08$, $\lambda=0.25$)",mlp512x1|deterministic|s0|val|robust_eps0p08_lam0p25,0.075,0.075,0.05,0.07,all,mutual_information,50,0.03536326131725473,0.8073798384786117,50,0.03536326131725473,0.8073798384786117
mlp512x1,deterministic,0,val,robust,0.08,0.25,robust_eps0p08_lam0p25,"robust ($\epsilon_{train}=0.08$, $\lambda=0.25$)",mlp512x1|deterministic|s0|val|robust_eps0p08_lam0p25,0.075,0.075,0.05,0.07,clean_correct,mutual_information,48,,,48,,
mlp512x1,deterministic,0,val,robust,0.08,0.25,robust_eps0p08_lam0p25,"robust ($\epsilon_{train}=0.08$, $\lambda=0.25$)",mlp512x1|deterministic|s0|val|robust_eps0p08_lam0p25,0.075,0.075,0.05,0.07,all,one_minus_confidence,50,-0.2776088440044576,0.050950578787183586,50,-0.2776088440044576,0.050950578787183586
mlp512x1,deterministic,0,val,robust,0.08,0.25,robust_eps0p08_lam0p25,"robust ($\epsilon_{train}=0.08$, $\lambda=0.25$)",mlp512x1|deterministic|s0|val|robust_eps0p08_lam0p25,0.075,0.075,0.05,0.07,clean_correct,one_minus_confidence,48,,,48,,
mlp512x1,deterministic,0,val,robust,0.08,0.25,robust_eps0p08_lam0p25,"robust ($\epsilon_{train}=0.08$, $\lambda=0.25$)",mlp512x1|deterministic|s0|val|robust_eps0p08_lam0p25,0.075,0.075,0.05,0.07,all,predictive_entropy,50,-0.26168185064383537,0.06640181395409944,50,-0.26168185064383537,0.06640181395409944
mlp512x1,deterministic,0,val,robust,0.08,0.25,robust_eps0p08_lam0p25,"robust ($\epsilon_{train}=0.08$, $\lambda=0.25$)",mlp512x1|deterministic|s0|val|robust_eps0p08_lam0p25,0.075,0.075,0.05,0.07,clean_correct,predictive_entropy,48,,,48,,
mlp512x1,deterministic,0,val,robust,0.08,0.25,robust_eps0p08_lam0p25,"robust ($\epsilon_{train}=0.08$, $\lambda=0.25$)",mlp512x1|deterministic|s0|val|robust_eps0p08_lam0p25,0.075,0.075,0.05,0.08,all,expected_entropy,50,-0.4086848799155151,0.0032128357826562183,50,-0.26168185064383537,0.06640181395409944
mlp512x1,deterministic,0,val,robust,0.08,0.25,robust_eps0p08_lam0p25,"robust ($\epsilon_{train}=0.08$, $\lambda=0.25$)",mlp512x1|deterministic|s0|val|robust_eps0p08_lam0p25,0.075,0.075,0.05,0.08,clean_correct,expected_entropy,48,-0.3236072150500148,0.024853716128792825,48,,
mlp512x1,deterministic,0,val,robust,0.08,0.25,robust_eps0p08_lam0p25,"robust ($\epsilon_{train}=0.08$, $\lambda=0.25$)",mlp512x1|deterministic|s0|val|robust_eps0p08_lam0p25,0.075,0.075,0.05,0.08,all,mutual_information,50,0.005108683657887232,0.9719119873093953,50,0.03536326131725473,0.8073798384786117
mlp512x1,deterministic,0,val,robust,0.08,0.25,robust_eps0p08_lam0p25,"robust ($\epsilon_{train}=0.08$, $\lambda=0.25$)",mlp512x1|deterministic|s0|val|robust_eps0p08_lam0p25,0.075,0.075,0.05,0.08,clean_correct,mutual_information,48,-0.02257786029954342,0.8789345192758327,48,,
mlp512x1,deterministic,0,val,robust,0.08,0.25,robust_eps0p08_lam0p25,"robust ($\epsilon_{train}=0.08$, $\lambda=0.25$)",mlp512x1|deterministic|s0|val|robust_eps0p08_lam0p25,0.075,0.075,0.05,0.08,all,one_minus_confidence,50,-0.43897854782920526,0.0014270982103974411,50,-0.2776088440044576,0.050950578787183586
mlp512x1,deterministic,0,val,robust,0.08,0.25,robust_eps0p08_lam0p25,"robust ($\epsilon_{train}=0.08$, $\lambda=0.25$)",mlp512x1|deterministic|s0|val|robust_eps0p08_lam0p25,0.075,0.075,0.05,0.08,clean_correct,one_minus_confidence,48,-0.35419382289514517,0.013515352742498784,48,,
mlp512x1,deterministic,0,val,robust,0.08,0.25,robust_eps0p08_lam0p25,"robust ($\epsilon_{train}=0.08$, $\lambda=0.25$)",mlp512x1|deterministic|s0|val|robust_eps0p08_lam0p25,0.075,0.075,0.05,0.08,all,predictive_entropy,50,-0.4086848799155151,0.0032128357826562183,50,-0.26168185064383537,0.06640181395409944
mlp512x1,deterministic,0,val,robust,0.08,0.25,robust_eps0p08_lam0p25,"robust ($\epsilon_{train}=0.08$, $\lambda=0.25$)",mlp512x1|deterministic|s0|val|robust_eps0p08_lam0p25,0.075,0.075,0.05,0.08,clean_correct,predictive_entropy,48,-0.3236072150500148,0.024853716128792825,48,,
mlp512x1,deterministic,0,val,robust,0.08,0.25,robust_eps0p08_lam0p25,"robust ($\epsilon_{train}=0.08$, $\lambda=0.25$)",mlp512x1|deterministic|s0|val|robust_eps0p08_lam0p25,0.075,0.075,0.05,0.1,all,expected_entropy,50,-0.40984056121416823,0.003119072385051103,50,-0.24218432759667985,0.09016709577260101
mlp512x1,deterministic,0,val,robust,0.08,0.25,robust_eps0p08_lam0p25,"robust ($\epsilon_{train}=0.08$, $\lambda=0.25$)",mlp512x1|deterministic|s0|val|robust_eps0p08_lam0p25,0.075,0.075,0.05,0.1,clean_correct,expected_entropy,48,-0.3486893436317976,0.015145514760063254,48,-0.057910513322971584,0.6958206893260385
mlp512x1,deterministic,0,val,robust,0.08,0.25,robust_eps0p08_lam0p25,"robust ($\epsilon_{train}=0.08$, $\lambda=0.25$)",mlp512x1|deterministic|s0|val|robust_eps0p08_lam0p25,0.075,0.075,0.05,0.1,all,mutual_information,50,0.15557586675943488,0.28065520579935466,50,0.13714381566416461,0.3422530134475004
mlp512x1,deterministic,0,val,robust,0.08,0.25,robust_eps0p08_lam0p25,"robust ($\epsilon_{train}=0.08$, $\lambda=0.25$)",mlp512x1|deterministic|s0|val|robust_eps0p08_lam0p25,0.075,0.075,0.05,0.1,clean_correct,mutual_information,48,0.16760660885489734,0.2548363429933004,48,0.1947951949740474,0.18458922860762272
mlp512x1,deterministic,0,val,robust,0.08,0.25,robust_eps0p08_lam0p25,"robust ($\epsilon_{train}=0.08$, $\lambda=0.25$)",mlp512x1|deterministic|s0|val|robust_eps0p08_lam0p25,0.075,0.075,0.05,0.1,all,one_minus_confidence,50,-0.4046163195534708,0.0035630164369031647,50,-0.25692462451902565,0.07167926446262265
mlp512x1,deterministic,0,val,robust,0.08,0.25,robust_eps0p08_lam0p25,"robust ($\epsilon_{train}=0.08$, $\lambda=0.25$)",mlp512x1|deterministic|s0|val|robust_eps0p08_lam0p25,0.075,0.075,0.05,0.1,clean_correct,one_minus_confidence,48,-0.3379422678573466,0.01881405099410737,48,-0.061943534214216806,0.6757665492111814
mlp512x1,deterministic,0,val,robust,0.08,0.25,robust_eps0p08_lam0p25,"robust ($\epsilon_{train}=0.08$, $\lambda=0.25$)",mlp512x1|deterministic|s0|val|robust_eps0p08_lam0p25,0.075,0.075,0.05,0.1,all,predictive_entropy,50,-0.4131861984485697,0.002861105619428598,50,-0.24218432759667985,0.09016709577260101
mlp512x1,deterministic,0,val,robust,0.08,0.25,robust_eps0p08_lam0p25,"robust ($\epsilon_{train}=0.08$, $\lambda=0.25$)",mlp512x1|deterministic|s0|val|robust_eps0p08_lam0p25,0.075,0.075,0.05,0.1,clean_correct,predictive_entropy,48,-0.35254226455590587,0.013987930152887292,48,-0.057910513322971584,0.6958206893260385
mlp512x1,deterministic,0,val,standard,,,standard,standard,mlp512x1|deterministic|s0|val|standard,0.075,0.075,0.05,0.01,all,expected_entropy,50,-0.41142156856785367,0.002994715922276438,50,-0.3324066751421692,0.01834795255187703
mlp512x1,deterministic,0,val,standard,,,standard,standard,mlp512x1|deterministic|s0|val|standard,0.075,0.075,0.05,0.01,clean_correct,expected_entropy,48,-0.24743582965269678,0.08996610354814244,48,,
mlp512x1,deterministic,0,val,standard,,,standard,standard,mlp512x1|deterministic|s0|val|standard,0.075,0.075,0.05,0.01,all,mutual_information,50,0.07298214048943469,0.6144851788499349,50,-0.014151762096070452,0.9222960749717957
mlp512x1,deterministic,0,val,standard,,,standard,standard,mlp512x1|deterministic|s0|val|standard,0.075,0.075,0.05,0.01,clean_correct,mutual_information,48,0.15275610547813645,0.29995641257787903,48,,
mlp512x1,deterministic,0,val,standard,,,standard,standard,mlp512x1|deterministic|s0|val|standard,0.075,0.075,0.05,0.01,all,one_minus_confidence,50,-0.4654207572595179,0.0006597183140445264,50,-0.37603513836506997,0.007117878524124001
mlp512x1,deterministic,0,val,standard,,,standard,standard,mlp512x1|deterministic|s0|val|standard,0.075,0.075,0.05,0.01,clean_correct,one_minus_confidence,48,-0.28515763867154875,0.04946590488181233,48,,
mlp512x1,deterministic,0,val,standard,,,standard,standard,mlp512x1|deterministic|s0|val|standard,0.075,0.075,0.05,0.01,all,predictive_entropy,50,-0.41142156856785367,0.002994715922276438,50,-0.3324066751421692,0.01834795255187703
mlp512x1,deterministic,0,val,standard,,,standard,standard,mlp512x1|deterministic|s0|val|standard,0.075,0.075,0.05,0.01,clean_correct,predictive_entropy,48,-0.24743582965269678,0.08996610354814244,48,,
mlp512x1,deterministic,0,val,standard,,,standard,standard,mlp512x1|deterministic|s0|val|standard,0.075,0.075,0.05,0.05,all,expected_entropy,50,,,50,-0.7439759836603826,5.976577824686908e-10
mlp512x1,deterministic,0,val,standard,,,standard,standard,mlp512x1|deterministic|s0|val|standard,0.075,0.075,0.05,0.05,clean_correct,expected_entropy,48,,,48,-0.7285373086984214,4.365356384222567e-09
mlp512x1,deterministic,0,val,standard,,,standard,standard,mlp512x1|deterministic|s0|val|standard,0.075,0.075,0.05,0.05,all,mutual_information,50,,,50,0.3147927454980006,0.025976462333089118
mlp512x1,deterministic,0,val,standard,,,standard,standard,mlp512x1|deterministic|s0|val|standard,0.075,0.075,0.05,0.05,clean_correct,mutual_information,48,,,48,0.3445262998604424,0.016486967880133742
mlp512x1,deterministic,0,val,standard,,,standard,standard,mlp512x1|deterministic|s0|val|standard,0.075,0.075,0.05,0.05,all,one_minus_confidence,50,,,50,-0.686013811244782,3.836645046723501e-08
mlp512x1,deterministic,0,val,standard,,,standard,standard,mlp512x1|deterministic|s0|val|standard,0.075,0.075,0.05,0.05,clean_correct,one_minus_confidence,48,,,48,-0.6648495325762445,2.5517551916375485e-07
mlp512x1,deterministic,0,val,standard,,,standard,standard,mlp512x1|deterministic|s0|val|standard,0.075,0.075,0.05,0.05,all,predictive_entropy,50,,,50,-0.7439759836603826,5.976577824686908e-10
mlp512x1,deterministic,0,val,standard,,,standard,standard,mlp512x1|deterministic|s0|val|standard,0.075,0.075,0.05,0.05,clean_correct,predictive_entropy,48,,,48,-0.7285373086984214,4.365356384222567e-09
mlp512x1,deterministic,0,val,standard,,,standard,standard,mlp512x1|deterministic|s0|val|standard,0.075,0.075,0.05,0.07,all,expected_entropy,50,,,50,-0.5935229390851371,5.550390251168829e-06
mlp512x1,deterministic,0,val,standard,,,standard,standard,mlp512x1|deterministic|s0|val|standard,0.075,0.075,0.05,0.07,clean_correct,expected_entropy,48,,,48,-0.6012497839074199,6.2094784536196725e-06
mlp512x1,deterministic,0,val,standard,,,standard,standard,mlp512x1|deterministic|s0|val|standard,0.075,0.075,0.05,0.07,all,mutual_information,50,,,50,0.17209089684354578,0.23207586646846287
mlp512x1,deterministic,0,val,standard,,,standard,standard,mlp512x1|deterministic|s0|val|standard,0.075,0.075,0.05,0.07,clean_correct,mutual_information,48,,,48,0.18370285746053436,0.2113540937124579
mlp512x1,deterministic,0,val,standard,,,standard,standard,mlp512x1|deterministic|s0|val|standard,0.075,0.075,0.05,0.07,all,one_minus_confidence,50,,,50,-0.3421263594286262,0.015020042876343325
mlp512x1,deterministic,0,val,standard,,,standard,standard,mlp512x1|deterministic|s0|val|standard,0.075,0.075,0.05,0.07,clean_correct,one_minus_confidence,48,,,48,-0.33482939931194605,0.020007497137030577
mlp512x1,deterministic,0,val,standard,,,standard,standard,mlp512x1|deterministic|s0|val|standard,0.075,0.075,0.05,0.07,all,predictive_entropy,50,,,50,-0.5935229390851371,5.550390251168829e-06
mlp512x1,deterministic,0,val,standard,,,standard,standard,mlp512x1|deterministic|s0|val|standard,0.075,0.075,0.05,0.07,clean_correct,predictive_entropy,48,,,48,-0.6012497839074199,6.2094784536196725e-06
mlp512x1,deterministic,0,val,standard,,,standard,standard,mlp512x1|deterministic|s0|val|standard,0.075,0.075,0.05,0.08,all,expected_entropy,50,,,50,-0.5104797441240913,0.00015218833210190515
mlp512x1,deterministic,0,val,standard,,,standard,standard,mlp512x1|deterministic|s0|val|standard,0.075,0.075,0.05,0.08,clean_correct,expected_entropy,48,,,48,-0.5193700281551453,0.00015516785503523855
mlp512x1,deterministic,0,val,standard,,,standard,standard,mlp512x1|deterministic|s0|val|standard,0.075,0.075,0.05,0.08,all,mutual_information,50,,,50,0.07857308448569997,0.5875548781283325
mlp512x1,deterministic,0,val,standard,,,standard,standard,mlp512x1|deterministic|s0|val|standard,0.075,0.075,0.05,0.08,clean_correct,mutual_information,48,,,48,0.08373541858262463,0.5715032027554791
mlp512x1,deterministic,0,val,standard,,,standard,standard,mlp512x1|deterministic|s0|val|standard,0.075,0.075,0.05,0.08,all,one_minus_confidence,50,,,50,-0.2613033232202247,0.06681004539493411
mlp512x1,deterministic,0,val,standard,,,standard,standard,mlp512x1|deterministic|s0|val|standard,0.075,0.075,0.05,0.08,clean_correct,one_minus_confidence,48,,,48,-0.25530502350198286,0.07988870087361126
mlp512x1,deterministic,0,val,standard,,,standard,standard,mlp512x1|deterministic|s0|val|standard,0.075,0.075,0.05,0.08,all,predictive_entropy,50,,,50,-0.5104797441240913,0.00015218833210190515
mlp512x1,deterministic,0,val,standard,,,standard,standard,mlp512x1|deterministic|s0|val|standard,0.075,0.075,0.05,0.08,clean_correct,predictive_entropy,48,,,48,-0.5193700281551453,0.00015516785503523855
mlp512x1,deterministic,0,val,standard,,,standard,standard,mlp512x1|deterministic|s0|val|standard,0.075,0.075,0.05,0.1,all,expected_entropy,50,,,50,-0.30411674534283567,0.03177865233283592
mlp512x1,deterministic,0,val,standard,,,standard,standard,mlp512x1|deterministic|s0|val|standard,0.075,0.075,0.05,0.1,clean_correct,expected_entropy,48,,,48,-0.3085557166755955,0.032862911953024695
mlp512x1,deterministic,0,val,standard,,,standard,standard,mlp512x1|deterministic|s0|val|standard,0.075,0.075,0.05,0.1,all,mutual_information,50,,,50,0.0849105725764227,0.5576855035436539
mlp512x1,deterministic,0,val,standard,,,standard,standard,mlp512x1|deterministic|s0|val|standard,0.075,0.075,0.05,0.1,clean_correct,mutual_information,48,,,48,0.09035804722783294,0.5413527293258067
mlp512x1,deterministic,0,val,standard,,,standard,standard,mlp512x1|deterministic|s0|val|standard,0.075,0.075,0.05,0.1,all,one_minus_confidence,50,,,50,-0.16001495249577447,0.26698637594081204
mlp512x1,deterministic,0,val,standard,,,standard,standard,mlp512x1|deterministic|s0|val|standard,0.075,0.075,0.05,0.1,clean_correct,one_minus_confidence,48,,,48,-0.15611501239930284,0.28932678568900144
mlp512x1,deterministic,0,val,standard,,,standard,standard,mlp512x1|deterministic|s0|val|standard,0.075,0.075,0.05,0.1,all,predictive_entropy,50,,,50,-0.30411674534283567,0.03177865233283592
mlp512x1,deterministic,0,val,standard,,,standard,standard,mlp512x1|deterministic|s0|val|standard,0.075,0.075,0.05,0.1,clean_correct,predictive_entropy,48,,,48,-0.3085557166755955,0.032862911953024695
mlp512x1,deterministic,1,val,robust,0.08,0.25,robust_eps0p08_lam0p25,"robust ($\epsilon_{train}=0.08$, $\lambda=0.25$)",mlp512x1|deterministic|s1|val|robust_eps0p08_lam0p25,0.075,0.075,0.05,0.01,all,expected_entropy,50,-0.3182617102425025,0.02429372378826903,50,-0.3182617102425025,0.02429372378826903
mlp512x1,deterministic,1,val,robust,0.08,0.25,robust_eps0p08_lam0p25,"robust ($\epsilon_{train}=0.08$, $\lambda=0.25$)",mlp512x1|deterministic|s1|val|robust_eps0p08_lam0p25,0.075,0.075,0.05,0.01,clean_correct,expected_entropy,48,,,48,,
mlp512x1,deterministic,1,val,robust,0.08,0.25,robust_eps0p08_lam0p25,"robust ($\epsilon_{train}=0.08$, $\lambda=0.25$)",mlp512x1|deterministic|s1|val|robust_eps0p08_lam0p25,0.075,0.075,0.05,0.01,all,mutual_information,50,0.04243591358070568,0.7698206637108644,50,0.04243591358070568,0.7698206637108644
mlp512x1,deterministic,1,val,robust,0.08,0.25,robust_eps0p08_lam0p25,"robust ($\epsilon_{train}=0.08$, $\lambda=0.25$)",mlp512x1|deterministic|s1|val|robust_eps0p08_lam0p25,0.075,0.075,0.05,0.01,clean_correct,mutual_information,48,,,48,,
mlp512x1,deterministic,1,val,robust,0.08,0.25,robust_eps0p08_lam0p25,"robust ($\epsilon_{train}=0.08$, $\lambda=0.25$)",mlp512x1|deterministic|s1|val|robust_eps0p08_lam0p25,0.075,0.075,0.05,0.01,all,one_minus_confidence,50,-0.3467172578609481,0.013636554187302452,50,-0.3467172578609481,0.013636554187302452
mlp512x1,deterministic,1,val,robust,0.08,0.25,robust_eps0p08_lam0p25,"robust ($\epsilon_{train}=0.08$, $\lambda=0.25$)",mlp512x1|deterministic|s1|val|robust_eps0p08_lam0p25,0.075,0.075,0.05,0.01,clean_correct,one_minus_confidence,48,,,48,,
mlp512x1,deterministic,1,val,robust,0.08,0.25,robust_eps0p08_lam0p25,"robust ($\epsilon_{train}=0.08$, $\lambda=0.25$)",mlp512x1|deterministic|s1|val|robust_eps0p08_lam0p25,0.075,0.075,0.05,0.01,all,predictive_entropy,50,-0.3182617102425025,0.02429372378826903,50,-0.3182617102425025,0.02429372378826903
mlp512x1,deterministic,1,val,robust,0.08,0.25,robust_eps0p08_lam0p25,"robust ($\epsilon_{train}=0.08$, $\lambda=0.25$)",mlp512x1|deterministic|s1|val|robust_eps0p08_lam0p25,0.075,0.075,0.05,0.01,clean_correct,predictive_entropy,48,,,48,,
mlp512x1,deterministic,1,val,robust,0.08,0.25,robust_eps0p08_lam0p25,"robust ($\epsilon_{train}=0.08$, $\lambda=0.25$)",mlp512x1|deterministic|s1|val|robust_eps0p08_lam0p25,0.075,0.075,0.05,0.05,all,expected_entropy,50,-0.3997500347077727,0.004025662501607857,50,-0.3182617102425025,0.02429372378826903
mlp512x1,deterministic,1,val,robust,0.08,0.25,robust_eps0p08_lam0p25,"robust ($\epsilon_{train}=0.08$, $\lambda=0.25$)",mlp512x1|deterministic|s1|val|robust_eps0p08_lam0p25,0.075,0.075,0.05,0.05,clean_correct,expected_entropy,48,-0.24743582965269678,0.08996610354814244,48,,
mlp512x1,deterministic,1,val,robust,0.08,0.25,robust_eps0p08_lam0p25,"robust ($\epsilon_{train}=0.08$, $\lambda=0.25$)",mlp512x1|deterministic|s1|val|robust_eps0p08_lam0p25,0.075,0.075,0.05,0.05,all,mutual_information,50,0.16632335091185924,0.24833642282374077,50,0.04243591358070568,0.7698206637108644
mlp512x1,deterministic,1,val,robust,0.08,0.25,robust_eps0p08_lam0p25,"robust ($\epsilon_{train}=0.08$, $\lambda=0.25$)",mlp512x1|deterministic|s1|val|robust_eps0p08_lam0p25,0.075,0.075,0.05,0.05,clean_correct,mutual_information,48,0.23691307496843608,0.10495535804250514,48,,
mlp512x1,deterministic,1,val,robust,0.08,0.25,robust_eps0p08_lam0p25,"robust ($\epsilon_{train}=0.08$, $\lambda=0.25$)",mlp512x1|deterministic|s1|val|robust_eps0p08_lam0p25,0.075,0.075,0.05,0.05,all,one_minus_confidence,50,-0.4354913940419978,0.0015728284941198731,50,-0.3467172578609481,0.013636554187302452
mlp512x1,deterministic,1,val,robust,0.08,0.25,robust_eps0p08_lam0p25,"robust ($\epsilon_{train}=0.08$, $\lambda=0.25$)",mlp512x1|deterministic|s1|val|robust_eps0p08_lam0p25,0.075,0.075,0.05,0.05,clean_correct,one_minus_confidence,48,-0.27290128057532825,0.060562962022113156,48,,
mlp512x1,deterministic,1,val,robust,0.08,0.25,robust_eps0p08_lam0p25,"robust ($\epsilon_{train}=0.08$, $\lambda=0.25$)",mlp512x1|deterministic|s1|val|robust_eps0p08_lam0p25,0.075,0.075,0.05,0.05,all,predictive_entropy,50,-0.3997500347077727,0.004025662501607857,50,-0.3182617102425025,0.02429372378826903
mlp512x1,deterministic,1,val,robust,0.08,0.25,robust_eps0p08_lam0p25,"robust ($\epsilon_{train}=0.08$, $\lambda=0.25$)",mlp512x1|deterministic|s1|val|robust_eps0p08_lam0p25,0.075,0.075,0.05,0.05,clean_correct,predictive_entropy,48,-0.24743582965269678,0.08996610354814244,48,,
mlp512x1,deterministic,1,val,robust,0.08,0.25,robust_eps0p08_lam0p25,"robust ($\epsilon_{train}=0.08$, $\lambda=0.25$)",mlp512x1|deterministic|s1|val|robust_eps0p08_lam0p25,0.075,0.075,0.05,0.07,all,expected_entropy,50,-0.4365641250653994,0.00152664638961218,50,-0.3997500347077727,0.004025662501607857
mlp512x1,deterministic,1,val,robust,0.08,0.25,robust_eps0p08_lam0p25,"robust ($\epsilon_{train}=0.08$, $\lambda=0.25$)",mlp512x1|deterministic|s1|val|robust_eps0p08_lam0p25,0.075,0.075,0.05,0.07,clean_correct,expected_entropy,48,-0.31995138821192637,0.026630562571834226,48,-0.24743582965269678,0.08996610354814244
mlp512x1,deterministic,1,val,robust,0.08,0.25,robust_eps0p08_lam0p25,"robust ($\epsilon_{train}=0.08$, $\lambda=0.25$)",mlp512x1|deterministic|s1|val|robust_eps0p08_lam0p25,0.075,0.075,0.05,0.07,all,mutual_information,50,0.11318600926748942,0.4338486846804053,50,0.16632335091185924,0.24833642282374077
mlp512x1,deterministic,1,val,robust,0.08,0.25,robust_eps0p08_lam0p25,"robust ($\epsilon_{train}=0.08$, $\lambda=0.25$)",mlp512x1|deterministic|s1|val|robust_eps0p08_lam0p25,0.075,0.075,0.05,0.07,clean_correct,mutual_information,48,0.12114993001230155,0.41207137110572917,48,0.23691307496843608,0.10495535804250514
mlp512x1,deterministic,1,val,robust,0.08,0.25,robust_eps0p08_lam0p25,"robust ($\epsilon_{train}=0.08$, $\lambda=0.25$)",mlp512x1|deterministic|s1|val|robust_eps0p08_lam0p25,0.075,0.075,0.05,0.07,all,one_minus_confidence,50,-0.47811339166665917,0.000445363936186867,50,-0.4354913940419978,0.0015728284941198731
mlp512x1,deterministic,1,val,robust,0.08,0.25,robust_eps0p08_lam0p25,"robust ($\epsilon_{train}=0.08$, $\lambda=0.25$)",mlp512x1|deterministic|s1|val|robust_eps0p08_lam0p25,0.075,0.075,0.05,0.07,clean_correct,one_minus_confidence,48,-0.35630597043714624,0.012930910788743994,48,-0.27290128057532825,0.060562962022113156
mlp512x1,deterministic,1,val,robust,0.08,0.25,robust_eps0p08_lam0p25,"robust ($\epsilon_{train}=0.08$, $\lambda=0.25$)",mlp512x1|deterministic|s1|val|robust_eps0p08_lam0p25,0.075,0.075,0.05,0.07,all,predictive_entropy,50,-0.4365641250653994,0.00152664638961218,50,-0.3997500347077727,0.004025662501607857
mlp512x1,deterministic,1,val,robust,0.08,0.25,robust_eps0p08_lam0p25,"robust ($\epsilon_{train}=0.08$, $\lambda=0.25$)",mlp512x1|deterministic|s1|val|robust_eps0p08_lam0p25,0.075,0.075,0.05,0.07,clean_correct,predictive_entropy,48,-0.31995138821192637,0.026630562571834226,48,-0.24743582965269678,0.08996610354814244
mlp512x1,deterministic,1,val,robust,0.08,0.25,robust_eps0p08_lam0p25,"robust ($\epsilon_{train}=0.08$, $\lambda=0.25$)",mlp512x1|deterministic|s1|val|robust_eps0p08_lam0p25,0.075,0.075,0.05,0.08,all,expected_entropy,50,-0.4892832357799738,0.00031116148269069445,50,-0.4315159121998045,0.0017550264522086373
mlp512x1,deterministic,1,val,robust,0.08,0.25,robust_eps0p08_lam0p25,"robust ($\epsilon_{train}=0.08$, $\lambda=0.25$)",mlp512x1|deterministic|s1|val|robust_eps0p08_lam0p25,0.075,0.075,0.05,0.08,clean_correct,expected_entropy,48,-0.39629656176767014,0.005296529928771923,48,-0.3083712390659984,0.03297296209679313
mlp512x1,deterministic,1,val,robust,0.08,0.25,robust_eps0p08_lam0p25,"robust ($\epsilon_{train}=0.08$, $\lambda=0.25$)",mlp512x1|deterministic|s1|val|robust_eps0p08_lam0p25,0.075,0.075,0.05,0.08,all,mutual_information,50,0.09785899673994544,0.4989826887504602,50,0.3016162896644852,0.03328284228658958
mlp512x1,deterministic,1,val,robust,0.08,0.25,robust_eps0p08_lam0p25,"robust ($\epsilon_{train}=0.08$, $\lambda=0.25$)",mlp512x1|deterministic|s1|val|robust_eps0p08_lam0p25,0.075,0.075,0.05,0.08,clean_correct,mutual_information,48,0.10092298137473743,0.4949041178625558,48,0.376678447531814,0.008317689161233141
mlp512x1,deterministic,1,val,robust,0.08,0.25,robust_eps0p08_lam0p25,"robust ($\epsilon_{train}=0.08$, $\lambda=0.25$)",mlp512x1|deterministic|s1|val|robust_eps0p08_lam0p25,0.075,0.075,0.05,0.08,all,one_minus_confidence,50,-0.5352053247872574,6.212786807027924e-05,50,-0.4700974354950901,0.0005718059681147161
mlp512x1,deterministic,1,val,robust,0.08,0.25,robust_eps0p08_lam0p25,"robust ($\epsilon_{train}=0.08$, $\lambda=0.25$)",mlp512x1|deterministic|s1|val|robust_eps0p08_lam0p25,0.075,0.075,0.05,0.08,clean_correct,one_minus_confidence,48,-0.4397971687381717,0.0017613978559412708,48,-0.3401080035653376,0.0180197155465015
mlp512x1,deterministic,1,val,robust,0.08,0.25,robust_eps0p08_lam0p25,"robust ($\epsilon_{train}=0.08$, $\lambda=0.25$)",mlp512x1|deterministic|s1|val|robust_eps0p08_lam0p25,0.075,0.075,0.05,0.08,all,predictive_entropy,50,-0.4892832357799738,0.00031116148269069445,50,-0.4315159121998045,0.0017550264522086373
mlp512x1,deterministic,1,val,robust,0.08,0.25,robust_eps0p08_lam0p25,"robust ($\epsilon_{train}=0.08$, $\lambda=0.25$)",mlp512x1|deterministic|s1|val|robust_eps0p08_lam0p25,0.075,0.075,0.05,0.08,clean_correct,predictive_entropy,48,-0.39629656176767014,0.005296529928771923,48,-0.3083712390659984,0.03297296209679313
mlp512x1,deterministic,1,val,robust,0.08,0.25,robust_eps0p08_lam0p25,"robust ($\epsilon_{train}=0.08$, $\lambda=0.25$)",mlp512x1|deterministic|s1|val|robust_eps0p08_lam0p25,0.075,0.075,0.05,0.1,all,expected_entropy,50,-0.4321358157014429,0.0017254344185907873,50,-0.42694533423929404,0.00198751896166622
mlp512x1,deterministic,1,val,robust,0.08,0.25,robust_eps0p08_lam0p25,"robust ($\epsilon_{train}=0.08$, $\lambda=0.25$)",mlp512x1|deterministic|s1|val|robust_eps0p08_lam0p25,0.075,0.075,0.05,0.1,clean_correct,expected_entropy,48,-0.3646624787447364,0.010825651709401987,48,-0.30621948454497844,0.03427926923286364
mlp512x1,deterministic,1,val,robust,0.08,0.25,robust_eps0p08_lam0p25,"robust ($\epsilon_{train}=0.08$, $\lambda=0.25$)",mlp512x1|deterministic|s1|val|robust_eps0p08_lam0p25,0.075,0.075,0.05,0.1,all,mutual_information,50,0.11729682340303418,0.4172269852915491,50,0.3045462651295385,0.03152603681713356
mlp512x1,deterministic,1,val,robust,0.08,0.25,robust_eps0p08_lam0p25,"robust ($\epsilon_{train}=0.08$, $\lambda=0.25$)",mlp512x1|deterministic|s1|val|robust_eps0p08_lam0p25,0.075,0.075,0.05,0.1,clean_correct,mutual_information,48,0.12155745851525239,0.4104887960062591,48,0.3763483972583718,0.008379193515323652
mlp512x1,deterministic,1,val,robust,0.08,0.25,robust_eps0p08_lam0p25,"robust ($\epsilon_{train}=0.08$, $\lambda=0.25$)",mlp512x1|deterministic|s1|val|robust_eps0p08_lam0p25,0.075,0.075,0.05,0.1,all,one_minus_confidence,50,-0.408563506001653,0.003222825987460874,50,-0.4651182054893806,0.0006658039590131267
mlp512x1,deterministic,1,val,robust,0.08,0.25,robust_eps0p08_lam0p25,"robust ($\epsilon_{train}=0.08$, $\lambda=0.25$)",mlp512x1|deterministic|s1|val|robust_eps0p08_lam0p25,0.075,0.075,0.05,0.1,clean_correct,one_minus_confidence,48,-0.3313300868479872,0.021424755180922645,48,-0.33773479607515994,0.018891676669244753
mlp512x1,deterministic,1,val,robust,0.08,0.25,robust_eps0p08_lam0p25,"robust ($\epsilon_{train}=0.08$, $\lambda=0.25$)",mlp512x1|deterministic|s1|val|robust_eps0p08_lam0p25,0.075,0.075,0.05,0.1,all,predictive_entropy,50,-0.4321358157014429,0.0017254344185907873,50,-0.42694533423929404,0.00198751896166622
mlp512x1,deterministic,1,val,robust,0.08,0.25,robust_eps0p08_lam0p25,"robust ($\epsilon_{train}=0.08$, $\lambda=0.25$)",mlp512x1|deterministic|s1|val|robust_eps0p08_lam0p25,0.075,0.075,0.05,0.1,clean_correct,predictive_entropy,48,-0.3646624787447364,0.010825651709401987,48,-0.30621948454497844,0.03427926923286364
mlp512x1,deterministic,1,val,standard,,,standard,standard,mlp512x1|deterministic|s1|val|standard,0.075,0.075,0.05,0.01,all,expected_entropy,50,-0.3394791575920026,0.015870914142673286,50,-0.3394791575920026,0.015870914142673286
mlp512x1,deterministic,1,val,standard,,,standard,standard,mlp512x1|deterministic|s1|val|standard,0.075,0.075,0.05,0.01,clean_correct,expected_entropy,49,-0.2449489742783178,0.08982359368756544,49,-0.2449489742783178,0.08982359368756544
mlp512x1,deterministic,1,val,standard,,,standard,standard,mlp512x1|deterministic|s1|val|standard,0.075,0.075,0.05,0.01,all,mutual_information,50,-0.26876723939343816,0.0591210159043051,50,-0.26876723939343816,0.0591210159043051
mlp512x1,deterministic,1,val,standard,,,standard,standard,mlp512x1|deterministic|s1|val|standard,0.075,0.075,0.05,0.01,clean_correct,mutual_information,49,-0.19392783249992118,0.18182195606307153,49,-0.19392783249992118,0.18182195606307153
mlp512x1,deterministic,1,val,standard,,,standard,standard,mlp512x1|deterministic|s1|val|standard,0.075,0.075,0.05,0.01,all,one_minus_confidence,50,-0.3578567723340758,0.010724723793514312,50,-0.3578567723340758,0.010724723793514312
mlp512x1,deterministic,1,val,standard,,,standard,standard,mlp512x1|deterministic|s1|val|standard,0.075,0.075,0.05,0.01,clean_correct,one_minus_confidence,49,-0.259111204162233,0.0722091134578192,49,-0.259111204162233,0.0722091134578192
mlp512x1,deterministic,1,val,standard,,,standard,standard,mlp512x1|deterministic|s1|val|standard,0.075,0.075,0.05,0.01,all,predictive_entropy,50,-0.3394791575920026,0.015870914142673286,50,-0.3394791575920026,0.015870914142673286
mlp512x1,deterministic,1,val,standard,,,standard,standard,mlp512x1|deterministic|s1|val|standard,0.075,0.075,0.05,0.01,clean_correct,predictive_entropy,49,-0.2449489742783178,0.08982359368756544,49,-0.2449489742783178,0.08982359368756544
mlp512x1,deterministic,1,val,standard,,,standard,standard,mlp512x1|deterministic|s1|val|standard,0.075,0.075,0.05,0.05,all,expected_entropy,50,,,50,-0.8061041975854041,1.627680863635592e-12
mlp512x1,deterministic,1,val,standard,,,standard,standard,mlp512x1|deterministic|s1|val|standard,0.075,0.075,0.05,0.05,clean_correct,expected_entropy,49,,,49,-0.8047873440121469,3.2073734374480264e-12
mlp512x1,deterministic,1,val,standard,,,standard,standard,mlp512x1|deterministic|s1|val|standard,0.075,0.075,0.05,0.05,all,mutual_information,50,,,50,0.13541457499271223,0.3484317251600073
mlp512x1,deterministic,1,val,standard,,,standard,standard,mlp512x1|deterministic|s1|val|standard,0.075,0.075,0.05,0.05,clean_correct,mutual_information,49,,,49,0.17383825513460344,0.23225304320919152
mlp512x1,deterministic,1,val,standard,,,standard,standard,mlp512x1|deterministic|s1|val|standard,0.075,0.075,0.05,0.05,all,one_minus_confidence,50,,,50,-0.7990323754038989,3.5290915894661748e-12
mlp512x1,deterministic,1,val,standard,,,standard,standard,mlp512x1|deterministic|s1|val|standard,0.075,0.075,0.05,0.05,clean_correct,one_minus_confidence,49,,,49,-0.7984624298226375,6.294611288762402e-12
mlp512x1,deterministic,1,val,standard,,,standard,standard,mlp512x1|deterministic|s1|val|standard,0.075,0.075,0.05,0.05,all,predictive_entropy,50,,,50,-0.8061041975854041,1.627680863635592e-12
mlp512x1,deterministic,1,val,standard,,,standard,standard,mlp512x1|deterministic|s1|val|standard,0.075,0.075,0.05,0.05,clean_correct,predictive_entropy,49,,,49,-0.8047873440121469,3.2073734374480264e-12
mlp512x1,deterministic,1,val,standard,,,standard,standard,mlp512x1|deterministic|s1|val|standard,0.075,0.075,0.05,0.07,all,expected_entropy,50,,,50,-0.6975856137380713,1.8077486948966053e-08
mlp512x1,deterministic,1,val,standard,,,standard,standard,mlp512x1|deterministic|s1|val|standard,0.075,0.075,0.05,0.07,clean_correct,expected_entropy,49,,,49,-0.7021130759041796,1.891959984161572e-08
mlp512x1,deterministic,1,val,standard,,,standard,standard,mlp512x1|deterministic|s1|val|standard,0.075,0.075,0.05,0.07,all,mutual_information,50,,,50,0.028099660050770664,0.8464051393485944
mlp512x1,deterministic,1,val,standard,,,standard,standard,mlp512x1|deterministic|s1|val|standard,0.075,0.075,0.05,0.07,clean_correct,mutual_information,49,,,49,0.048081782555295674,0.742856013796925
mlp512x1,deterministic,1,val,standard,,,standard,standard,mlp512x1|deterministic|s1|val|standard,0.075,0.075,0.05,0.07,all,one_minus_confidence,50,,,50,-0.5223849991746992,9.972049774522766e-05
mlp512x1,deterministic,1,val,standard,,,standard,standard,mlp512x1|deterministic|s1|val|standard,0.075,0.075,0.05,0.07,clean_correct,one_minus_confidence,49,,,49,-0.5217715345260885,0.00012065870375295276
mlp512x1,deterministic,1,val,standard,,,standard,standard,mlp512x1|deterministic|s1|val|standard,0.075,0.075,0.05,0.07,all,predictive_entropy,50,,,50,-0.6975856137380713,1.8077486948966053e-08
mlp512x1,deterministic,1,val,standard,,,standard,standard,mlp512x1|deterministic|s1|val|standard,0.075,0.075,0.05,0.07,clean_correct,predictive_entropy,49,,,49,-0.7021130759041796,1.891959984161572e-08
mlp512x1,deterministic,1,val,standard,,,standard,standard,mlp512x1|deterministic|s1|val|standard,0.075,0.075,0.05,0.08,all,expected_entropy,50,,,50,-0.4961797127645849,0.0002478238126163416
mlp512x1,deterministic,1,val,standard,,,standard,standard,mlp512x1|deterministic|s1|val|standard,0.075,0.075,0.05,0.08,clean_correct,expected_entropy,49,,,49,-0.5001041558182322,0.000253253312156554
mlp512x1,deterministic,1,val,standard,,,standard,standard,mlp512x1|deterministic|s1|val|standard,0.075,0.075,0.05,0.08,all,mutual_information,50,,,50,0.05954442487650809,0.681249920625218
mlp512x1,deterministic,1,val,standard,,,standard,standard,mlp512x1|deterministic|s1|val|standard,0.075,0.075,0.05,0.08,clean_correct,mutual_information,49,,,49,0.07339123485585991,0.6162633992383857
mlp512x1,deterministic,1,val,standard,,,standard,standard,mlp512x1|deterministic|s1|val|standard,0.075,0.075,0.05,0.08,all,one_minus_confidence,50,,,50,-0.3284206351344489,0.019883104046033214
mlp512x1,deterministic,1,val,standard,,,standard,standard,mlp512x1|deterministic|s1|val|standard,0.075,0.075,0.05,0.08,clean_correct,one_minus_confidence,49,,,49,-0.3274877719272667,0.021619956023202755
mlp512x1,deterministic,1,val,standard,,,standard,standard,mlp512x1|deterministic|s1|val|standard,0.075,0.075,0.05,0.08,all,predictive_entropy,50,,,50,-0.4961797127645849,0.0002478238126163416
mlp512x1,deterministic,1,val,standard,,,standard,standard,mlp512x1|deterministic|s1|val|standard,0.075,0.075,0.05,0.08,clean_correct,predictive_entropy,49,,,49,-0.5001041558182322,0.000253253312156554
mlp512x1,deterministic,1,val,standard,,,standard,standard,mlp512x1|deterministic|s1|val|standard,0.075,0.075,0.05,0.1,all,expected_entropy,50,,,50,-0.24253562503633297,0.08968701715206398
mlp512x1,deterministic,1,val,standard,,,standard,standard,mlp512x1|deterministic|s1|val|standard,0.075,0.075,0.05,0.1,clean_correct,expected_entropy,49,,,49,-0.2449489742783178,0.08982359368756544
mlp512x1,deterministic,1,val,standard,,,standard,standard,mlp512x1|deterministic|s1|val|standard,0.075,0.075,0.05,0.1,all,mutual_information,50,,,50,0.024749721657533,0.8645331193522285
mlp512x1,deterministic,1,val,standard,,,standard,standard,mlp512x1|deterministic|s1|val|standard,0.075,0.075,0.05,0.1,clean_correct,mutual_information,49,,,49,0.030620184078934926,0.8345599448486992
mlp512x1,deterministic,1,val,standard,,,standard,standard,mlp512x1|deterministic|s1|val|standard,0.075,0.075,0.05,0.1,all,one_minus_confidence,50,,,50,-0.14087675783857723,0.3291479963805917
mlp512x1,deterministic,1,val,standard,,,standard,standard,mlp512x1|deterministic|s1|val|standard,0.075,0.075,0.05,0.1,clean_correct,one_minus_confidence,49,,,49,-0.14035190225454286,0.33611342010452505
mlp512x1,deterministic,1,val,standard,,,standard,standard,mlp512x1|deterministic|s1|val|standard,0.075,0.075,0.05,0.1,all,predictive_entropy,50,,,50,-0.24253562503633297,0.08968701715206398
mlp512x1,deterministic,1,val,standard,,,standard,standard,mlp512x1|deterministic|s1|val|standard,0.075,0.075,0.05,0.1,clean_correct,predictive_entropy,49,,,49,-0.2449489742783178,0.08982359368756544
mlp512x1,deterministic,2,val,robust,0.08,0.25,robust_eps0p08_lam0p25,"robust ($\epsilon_{train}=0.08$, $\lambda=0.25$)",mlp512x1|deterministic|s2|val|robust_eps0p08_lam0p25,0.075,0.075,0.05,0.01,all,expected_entropy,50,-0.2687543330936687,0.0591336691724316,50,-0.2687543330936687,0.0591336691724316
mlp512x1,deterministic,2,val,robust,0.08,0.25,robust_eps0p08_lam0p25,"robust ($\epsilon_{train}=0.08$, $\lambda=0.25$)",mlp512x1|deterministic|s2|val|robust_eps0p08_lam0p25,0.075,0.075,0.05,0.01,clean_correct,expected_entropy,48,,,48,,
mlp512x1,deterministic,2,val,robust,0.08,0.25,robust_eps0p08_lam0p25,"robust ($\epsilon_{train}=0.08$, $\lambda=0.25$)",mlp512x1|deterministic|s2|val|robust_eps0p08_lam0p25,0.075,0.075,0.05,0.01,all,mutual_information,50,-0.05658257671440804,0.6963202485259697,50,-0.05658257671440804,0.6963202485259697
mlp512x1,deterministic,2,val,robust,0.08,0.25,robust_eps0p08_lam0p25,"robust ($\epsilon_{train}=0.08$, $\lambda=0.25$)",mlp512x1|deterministic|s2|val|robust_eps0p08_lam0p25,0.075,0.075,0.05,0.01,clean_correct,mutual_information,48,,,48,,
mlp512x1,deterministic,2,val,robust,0.08,0.25,robust_eps0p08_lam0p25,"robust ($\epsilon_{train}=0.08$, $\lambda=0.25$)",mlp512x1|deterministic|s2|val|robust_eps0p08_lam0p25,0.075,0.075,0.05,0.01,all,one_minus_confidence,50,-0.28328816254341227,0.046203489814865245,50,-0.28328816254341227,0.046203489814865245
mlp512x1,deterministic,2,val,robust,0.08,0.25,robust_eps0p08_lam0p25,"robust ($\epsilon_{train}=0.08$, $\lambda=0.25$)",mlp512x1|deterministic|s2|val|robust_eps0p08_lam0p25,0.075,0.075,0.05,0.01,clean_correct,one_minus_confidence,48,,,48,,
mlp512x1,deterministic,2,val,robust,0.08,0.25,robust_eps0p08_lam0p25,"robust ($\epsilon_{train}=0.08$, $\lambda=0.25$)",mlp512x1|deterministic|s2|val|robust_eps0p08_lam0p25,0.075,0.075,0.05,0.01,all,predictive_entropy,50,-0.2687543330936687,0.0591336691724316,50,-0.2687543330936687,0.0591336691724316
mlp512x1,deterministic,2,val,robust,0.08,0.25,robust_eps0p08_lam0p25,"robust ($\epsilon_{train}=0.08$, $\lambda=0.25$)",mlp512x1|deterministic|s2|val|robust_eps0p08_lam0p25,0.075,0.075,0.05,0.01,clean_correct,predictive_entropy,48,,,48,,
mlp512x1,deterministic,2,val,robust,0.08,0.25,robust_eps0p08_lam0p25,"robust ($\epsilon_{train}=0.08$, $\lambda=0.25$)",mlp512x1|deterministic|s2|val|robust_eps0p08_lam0p25,0.075,0.075,0.05,0.05,all,expected_entropy,50,-0.35889966619748936,0.010481816656250241,50,-0.35889966619748936,0.010481816656250241
mlp512x1,deterministic,2,val,robust,0.08,0.25,robust_eps0p08_lam0p25,"robust ($\epsilon_{train}=0.08$, $\lambda=0.25$)",mlp512x1|deterministic|s2|val|robust_eps0p08_lam0p25,0.075,0.075,0.05,0.05,clean_correct,expected_entropy,48,-0.24743582965269678,0.08996610354814244,48,-0.24743582965269678,0.08996610354814244
mlp512x1,deterministic,2,val,robust,0.08,0.25,robust_eps0p08_lam0p25,"robust ($\epsilon_{train}=0.08$, $\lambda=0.25$)",mlp512x1|deterministic|s2|val|robust_eps0p08_lam0p25,0.075,0.075,0.05,0.05,all,mutual_information,50,0.026262212306088835,0.8563392433756148,50,0.026262212306088835,0.8563392433756148
mlp512x1,deterministic,2,val,robust,0.08,0.25,robust_eps0p08_lam0p25,"robust ($\epsilon_{train}=0.08$, $\lambda=0.25$)",mlp512x1|deterministic|s2|val|robust_eps0p08_lam0p25,0.075,0.075,0.05,0.05,clean_correct,mutual_information,48,0.13162194724901732,0.3725245694733624,48,0.13162194724901732,0.3725245694733624
mlp512x1,deterministic,2,val,robust,0.08,0.25,robust_eps0p08_lam0p25,"robust ($\epsilon_{train}=0.08$, $\lambda=0.25$)",mlp512x1|deterministic|s2|val|robust_eps0p08_lam0p25,0.075,0.075,0.05,0.05,all,one_minus_confidence,50,-0.3783084194556785,0.006751288407729509,50,-0.3783084194556785,0.006751288407729509
mlp512x1,deterministic,2,val,robust,0.08,0.25,robust_eps0p08_lam0p25,"robust ($\epsilon_{train}=0.08$, $\lambda=0.25$)",mlp512x1|deterministic|s2|val|robust_eps0p08_lam0p25,0.075,0.075,0.05,0.05,clean_correct,one_minus_confidence,48,-0.26272533032097484,0.07121984519195067,48,-0.26272533032097484,0.07121984519195067
mlp512x1,deterministic,2,val,robust,0.08,0.25,robust_eps0p08_lam0p25,"robust ($\epsilon_{train}=0.08$, $\lambda=0.25$)",mlp512x1|deterministic|s2|val|robust_eps0p08_lam0p25,0.075,0.075,0.05,0.05,all,predictive_entropy,50,-0.35889966619748936,0.010481816656250241,50,-0.35889966619748936,0.010481816656250241
mlp512x1,deterministic,2,val,robust,0.08,0.25,robust_eps0p08_lam0p25,"robust ($\epsilon_{train}=0.08$, $\lambda=0.25$)",mlp512x1|deterministic|s2|val|robust_eps0p08_lam0p25,0.075,0.075,0.05,0.05,clean_correct,predictive_entropy,48,-0.24743582965269678,0.08996610354814244,48,-0.24743582965269678,0.08996610354814244
mlp512x1,deterministic,2,val,robust,0.08,0.25,robust_eps0p08_lam0p25,"robust ($\epsilon_{train}=0.08$, $\lambda=0.25$)",mlp512x1|deterministic|s2|val|robust_eps0p08_lam0p25,0.075,0.075,0.05,0.07,all,expected_entropy,50,-0.35889966619748936,0.010481816656250241,50,-0.35889966619748936,0.010481816656250241
mlp512x1,deterministic,2,val,robust,0.08,0.25,robust_eps0p08_lam0p25,"robust ($\epsilon_{train}=0.08$, $\lambda=0.25$)",mlp512x1|deterministic|s2|val|robust_eps0p08_lam0p25,0.075,0.075,0.05,0.07,clean_correct,expected_entropy,48,-0.24743582965269678,0.08996610354814244,48,-0.24743582965269678,0.08996610354814244
mlp512x1,deterministic,2,val,robust,0.08,0.25,robust_eps0p08_lam0p25,"robust ($\epsilon_{train}=0.08$, $\lambda=0.25$)",mlp512x1|deterministic|s2|val|robust_eps0p08_lam0p25,0.075,0.075,0.05,0.07,all,mutual_information,50,0.026262212306088835,0.8563392433756148,50,0.026262212306088835,0.8563392433756148
mlp512x1,deterministic,2,val,robust,0.08,0.25,robust_eps0p08_lam0p25,"robust ($\epsilon_{train}=0.08$, $\lambda=0.25$)",mlp512x1|deterministic|s2|val|robust_eps0p08_lam0p25,0.075,0.075,0.05,0.07,clean_correct,mutual_information,48,0.13162194724901732,0.3725245694733624,48,0.13162194724901732,0.3725245694733624
mlp512x1,deterministic,2,val,robust,0.08,0.25,robust_eps0p08_lam0p25,"robust ($\epsilon_{train}=0.08$, $\lambda=0.25$)",mlp512x1|deterministic|s2|val|robust_eps0p08_lam0p25,0.075,0.075,0.05,0.07,all,one_minus_confidence,50,-0.3783084194556785,0.006751288407729509,50,-0.3783084194556785,0.006751288407729509
mlp512x1,deterministic,2,val,robust,0.08,0.25,robust_eps0p08_lam0p25,"robust ($\epsilon_{train}=0.08$, $\lambda=0.25$)",mlp512x1|deterministic|s2|val|robust_eps0p08_lam0p25,0.075,0.075,0.05,0.07,clean_correct,one_minus_confidence,48,-0.26272533032097484,0.07121984519195067,48,-0.26272533032097484,0.07121984519195067
mlp512x1,deterministic,2,val,robust,0.08,0.25,robust_eps0p08_lam0p25,"robust ($\epsilon_{train}=0.08$, $\lambda=0.25$)",mlp512x1|deterministic|s2|val|robust_eps0p08_lam0p25,0.075,0.075,0.05,0.07,all,predictive_entropy,50,-0.35889966619748936,0.010481816656250241,50,-0.35889966619748936,0.010481816656250241
mlp512x1,deterministic,2,val,robust,0.08,0.25,robust_eps0p08_lam0p25,"robust ($\epsilon_{train}=0.08$, $\lambda=0.25$)",mlp512x1|deterministic|s2|val|robust_eps0p08_lam0p25,0.075,0.075,0.05,0.07,clean_correct,predictive_entropy,48,-0.24743582965269678,0.08996610354814244,48,-0.24743582965269678,0.08996610354814244
mlp512x1,deterministic,2,val,robust,0.08,0.25,robust_eps0p08_lam0p25,"robust ($\epsilon_{train}=0.08$, $\lambda=0.25$)",mlp512x1|deterministic|s2|val|robust_eps0p08_lam0p25,0.075,0.075,0.05,0.08,all,expected_entropy,50,-0.35889966619748936,0.010481816656250241,50,-0.35889966619748936,0.010481816656250241
mlp512x1,deterministic,2,val,robust,0.08,0.25,robust_eps0p08_lam0p25,"robust ($\epsilon_{train}=0.08$, $\lambda=0.25$)",mlp512x1|deterministic|s2|val|robust_eps0p08_lam0p25,0.075,0.075,0.05,0.08,clean_correct,expected_entropy,48,-0.24743582965269678,0.08996610354814244,48,-0.24743582965269678,0.08996610354814244
mlp512x1,deterministic,2,val,robust,0.08,0.25,robust_eps0p08_lam0p25,"robust ($\epsilon_{train}=0.08$, $\lambda=0.25$)",mlp512x1|deterministic|s2|val|robust_eps0p08_lam0p25,0.075,0.075,0.05,0.08,all,mutual_information,50,0.026262212306088835,0.8563392433756148,50,0.026262212306088835,0.8563392433756148
mlp512x1,deterministic,2,val,robust,0.08,0.25,robust_eps0p08_lam0p25,"robust ($\epsilon_{train}=0.08$, $\lambda=0.25$)",mlp512x1|deterministic|s2|val|robust_eps0p08_lam0p25,0.075,0.075,0.05,0.08,clean_correct,mutual_information,48,0.13162194724901732,0.3725245694733624,48,0.13162194724901732,0.3725245694733624
mlp512x1,deterministic,2,val,robust,0.08,0.25,robust_eps0p08_lam0p25,"robust ($\epsilon_{train}=0.08$, $\lambda=0.25$)",mlp512x1|deterministic|s2|val|robust_eps0p08_lam0p25,0.075,0.075,0.05,0.08,all,one_minus_confidence,50,-0.3783084194556785,0.006751288407729509,50,-0.3783084194556785,0.006751288407729509
mlp512x1,deterministic,2,val,robust,0.08,0.25,robust_eps0p08_lam0p25,"robust ($\epsilon_{train}=0.08$, $\lambda=0.25$)",mlp512x1|deterministic|s2|val|robust_eps0p08_lam0p25,0.075,0.075,0.05,0.08,clean_correct,one_minus_confidence,48,-0.26272533032097484,0.07121984519195067,48,-0.26272533032097484,0.07121984519195067
mlp512x1,deterministic,2,val,robust,0.08,0.25,robust_eps0p08_lam0p25,"robust ($\epsilon_{train}=0.08$, $\lambda=0.25$)",mlp512x1|deterministic|s2|val|robust_eps0p08_lam0p25,0.075,0.075,0.05,0.08,all,predictive_entropy,50,-0.35889966619748936,0.010481816656250241,50,-0.35889966619748936,0.010481816656250241
mlp512x1,deterministic,2,val,robust,0.08,0.25,robust_eps0p08_lam0p25,"robust ($\epsilon_{train}=0.08$, $\lambda=0.25$)",mlp512x1|deterministic|s2|val|robust_eps0p08_lam0p25,0.075,0.075,0.05,0.08,clean_correct,predictive_entropy,48,-0.24743582965269678,0.08996610354814244,48,-0.24743582965269678,0.08996610354814244
mlp512x1,deterministic,2,val,robust,0.08,0.25,robust_eps0p08_lam0p25,"robust ($\epsilon_{train}=0.08$, $\lambda=0.25$)",mlp512x1|deterministic|s2|val|robust_eps0p08_lam0p25,0.075,0.075,0.05,0.1,all,expected_entropy,50,-0.4186149978909204,0.002482493014941616,50,-0.3116222209355803,0.027598720294096452
mlp512x1,deterministic,2,val,robust,0.08,0.25,robust_eps0p08_lam0p25,"robust ($\epsilon_{train}=0.08$, $\lambda=0.25$)",mlp512x1|deterministic|s2|val|robust_eps0p08_lam0p25,0.075,0.075,0.05,0.1,clean_correct,expected_entropy,48,-0.35918946470388796,0.012168021718590756,48,-0.18061798049303152,0.21925687648850992
mlp512x1,deterministic,2,val,robust,0.08,0.25,robust_eps0p08_lam0p25,"robust ($\epsilon_{train}=0.08$, $\lambda=0.25$)",mlp512x1|deterministic|s2|val|robust_eps0p08_lam0p25,0.075,0.075,0.05,0.1,all,mutual_information,50,0.36022090077394603,0.010180895480317375,50,0.06641448223366116,0.6467730088693098
mlp512x1,deterministic,2,val,robust,0.08,0.25,robust_eps0p08_lam0p25,"robust ($\epsilon_{train}=0.08$, $\lambda=0.25$)",mlp512x1|deterministic|s2|val|robust_eps0p08_lam0p25,0.075,0.075,0.05,0.1,clean_correct,mutual_information,48,0.42216311001302326,0.0028004966240590705,48,0.15804931161144317,0.28331822491697367
mlp512x1,deterministic,2,val,robust,0.08,0.25,robust_eps0p08_lam0p25,"robust ($\epsilon_{train}=0.08$, $\lambda=0.25$)",mlp512x1|deterministic|s2|val|robust_eps0p08_lam0p25,0.075,0.075,0.05,0.1,all,one_minus_confidence,50,-0.4002062694572931,0.00398015110221531,50,-0.3392439297416826,0.015948468539431784
mlp512x1,deterministic,2,val,robust,0.08,0.25,robust_eps0p08_lam0p25,"robust ($\epsilon_{train}=0.08$, $\lambda=0.25$)",mlp512x1|deterministic|s2|val|robust_eps0p08_lam0p25,0.075,0.075,0.05,0.1,clean_correct,one_minus_confidence,48,-0.33420284362382735,0.020255279309003088,48,-0.20776024451002031,0.156489396492002
mlp512x1,deterministic,2,val,robust,0.08,0.25,robust_eps0p08_lam0p25,"robust ($\epsilon_{train}=0.08$, $\lambda=0.25$)",mlp512x1|deterministic|s2|val|robust_eps0p08_lam0p25,0.075,0.075,0.05,0.1,all,predictive_entropy,50,-0.4186149978909204,0.002482493014941616,50,-0.3116222209355803,0.027598720294096452
mlp512x1,deterministic,2,val,robust,0.08,0.25,robust_eps0p08_lam0p25,"robust ($\epsilon_{train}=0.08$, $\lambda=0.25$)",mlp512x1|deterministic|s2|val|robust_eps0p08_lam0p25,0.075,0.075,0.05,0.1,clean_correct,predictive_entropy,48,-0.35918946470388796,0.012168021718590756,48,-0.18061798049303152,0.21925687648850992
mlp512x1,deterministic,2,val,standard,,,standard,standard,mlp512x1|deterministic|s2|val|standard,0.075,0.075,0.05,0.01,all,expected_entropy,50,-0.46998761190284244,0.0005737429513811859,50,-0.3324066751421692,0.01834795255187703
mlp512x1,deterministic,2,val,standard,,,standard,standard,mlp512x1|deterministic|s2|val|standard,0.075,0.075,0.05,0.01,clean_correct,expected_entropy,48,-0.3461844626116437,0.015941039881255906,48,,
mlp512x1,deterministic,2,val,standard,,,standard,standard,mlp512x1|deterministic|s2|val|standard,0.075,0.075,0.05,0.01,all,mutual_information,50,-0.11495090255134581,0.42666754742711216,50,-0.06365692734646529,0.6605286027565063
mlp512x1,deterministic,2,val,standard,,,standard,standard,mlp512x1|deterministic|s2|val|standard,0.075,0.075,0.05,0.01,clean_correct,mutual_information,48,-0.0940795246877189,0.5247543581152443,48,,
mlp512x1,deterministic,2,val,standard,,,standard,standard,mlp512x1|deterministic|s2|val|standard,0.075,0.075,0.05,0.01,all,one_minus_confidence,50,-0.48681746232856804,0.00033714925126631214,50,-0.3443098710594096,0.014347788606033434
mlp512x1,deterministic,2,val,standard,,,standard,standard,mlp512x1|deterministic|s2|val|standard,0.075,0.075,0.05,0.01,clean_correct,one_minus_confidence,48,-0.36029658349650245,0.011885530824526645,48,,
mlp512x1,deterministic,2,val,standard,,,standard,standard,mlp512x1|deterministic|s2|val|standard,0.075,0.075,0.05,0.01,all,predictive_entropy,50,-0.46998761190284244,0.0005737429513811859,50,-0.3324066751421692,0.01834795255187703
mlp512x1,deterministic,2,val,standard,,,standard,standard,mlp512x1|deterministic|s2|val|standard,0.075,0.075,0.05,0.01,clean_correct,predictive_entropy,48,-0.3461844626116437,0.015941039881255906,48,,
mlp512x1,deterministic,2,val,standard,,,standard,standard,mlp512x1|deterministic|s2|val|standard,0.075,0.075,0.05,0.05,all,expected_entropy,50,-0.24253562503633297,0.08968701715206398,50,-0.7466309434486236,4.810759652260546e-10
mlp512x1,deterministic,2,val,standard,,,standard,standard,mlp512x1|deterministic|s2|val|standard,0.075,0.075,0.05,0.05,clean_correct,expected_entropy,48,-0.24743582965269678,0.08996610354814244,48,-0.7320980661911148,3.362958003043563e-09
mlp512x1,deterministic,2,val,standard,,,standard,standard,mlp512x1|deterministic|s2|val|standard,0.075,0.075,0.05,0.05,all,mutual_information,50,0.044550568740645925,0.7586874190213039,50,-0.09316178173063577,0.5199040636930048
mlp512x1,deterministic,2,val,standard,,,standard,standard,mlp512x1|deterministic|s2|val|standard,0.075,0.075,0.05,0.05,clean_correct,mutual_information,48,0.04738518713032258,0.7491046468283147,48,-0.0924671187074211,0.5319148874405841
mlp512x1,deterministic,2,val,standard,,,standard,standard,mlp512x1|deterministic|s2|val|standard,0.075,0.075,0.05,0.05,all,one_minus_confidence,50,-0.15380854057732932,0.2862229759630205,50,-0.7344827706480644,1.2712955476795451e-09
mlp512x1,deterministic,2,val,standard,,,standard,standard,mlp512x1|deterministic|s2|val|standard,0.075,0.075,0.05,0.05,clean_correct,one_minus_confidence,48,-0.15341765232192714,0.2978432199438252,48,-0.7193488331911712,8.40220861461246e-09
mlp512x1,deterministic,2,val,standard,,,standard,standard,mlp512x1|deterministic|s2|val|standard,0.075,0.075,0.05,0.05,all,predictive_entropy,50,-0.24253562503633297,0.08968701715206398,50,-0.7466309434486236,4.810759652260546e-10
mlp512x1,deterministic,2,val,standard,,,standard,standard,mlp512x1|deterministic|s2|val|standard,0.075,0.075,0.05,0.05,clean_correct,predictive_entropy,48,-0.24743582965269678,0.08996610354814244,48,-0.7320980661911148,3.362958003043563e-09
mlp512x1,deterministic,2,val,standard,,,standard,standard,mlp512x1|deterministic|s2|val|standard,0.075,0.075,0.05,0.07,all,expected_entropy,50,,,50,-0.5987481314257936,4.366680973554336e-06
mlp512x1,deterministic,2,val,standard,,,standard,standard,mlp512x1|deterministic|s2|val|standard,0.075,0.075,0.05,0.07,clean_correct,expected_entropy,48,,,48,-0.5972864540618117,7.407632251338065e-06
mlp512x1,deterministic,2,val,standard,,,standard,standard,mlp512x1|deterministic|s2|val|standard,0.075,0.075,0.05,0.07,all,mutual_information,50,,,50,0.10269507152545265,0.4779046269116479
mlp512x1,deterministic,2,val,standard,,,standard,standard,mlp512x1|deterministic|s2|val|standard,0.075,0.075,0.05,0.07,clean_correct,mutual_information,48,,,48,0.10660654552242392,0.47079765979576327
mlp512x1,deterministic,2,val,standard,,,standard,standard,mlp512x1|deterministic|s2|val|standard,0.075,0.075,0.05,0.07,all,one_minus_confidence,50,,,50,-0.5089148076106743,0.0001606993494622797
mlp512x1,deterministic,2,val,standard,,,standard,standard,mlp512x1|deterministic|s2|val|standard,0.075,0.075,0.05,0.07,clean_correct,one_minus_confidence,48,,,48,-0.5018863590108209,0.0002786621521558617
mlp512x1,deterministic,2,val,standard,,,standard,standard,mlp512x1|deterministic|s2|val|standard,0.075,0.075,0.05,0.07,all,predictive_entropy,50,,,50,-0.5987481314257936,4.366680973554336e-06
mlp512x1,deterministic,2,val,standard,,,standard,standard,mlp512x1|deterministic|s2|val|standard,0.075,0.075,0.05,0.07,clean_correct,predictive_entropy,48,,,48,-0.5972864540618117,7.407632251338065e-06
mlp512x1,deterministic,2,val,standard,,,standard,standard,mlp512x1|deterministic|s2|val|standard,0.075,0.075,0.05,0.08,all,expected_entropy,50,,,50,-0.5746209346556741,1.2774988951585786e-05
mlp512x1,deterministic,2,val,standard,,,standard,standard,mlp512x1|deterministic|s2|val|standard,0.075,0.075,0.05,0.08,clean_correct,expected_entropy,48,,,48,-0.5810736166622045,1.4885285436817122e-05
mlp512x1,deterministic,2,val,standard,,,standard,standard,mlp512x1|deterministic|s2|val|standard,0.075,0.075,0.05,0.08,all,mutual_information,50,,,50,0.05103908837683585,0.7248366126082145
mlp512x1,deterministic,2,val,standard,,,standard,standard,mlp512x1|deterministic|s2|val|standard,0.075,0.075,0.05,0.08,clean_correct,mutual_information,48,,,48,0.05448008726865018,0.7130425011272393
mlp512x1,deterministic,2,val,standard,,,standard,standard,mlp512x1|deterministic|s2|val|standard,0.075,0.075,0.05,0.08,all,one_minus_confidence,50,,,50,-0.4698928531508656,0.0005754189832063542
mlp512x1,deterministic,2,val,standard,,,standard,standard,mlp512x1|deterministic|s2|val|standard,0.075,0.075,0.05,0.08,clean_correct,one_minus_confidence,48,,,48,-0.4703696151042647,0.00074194574255148
mlp512x1,deterministic,2,val,standard,,,standard,standard,mlp512x1|deterministic|s2|val|standard,0.075,0.075,0.05,0.08,all,predictive_entropy,50,,,50,-0.5746209346556741,1.2774988951585786e-05
mlp512x1,deterministic,2,val,standard,,,standard,standard,mlp512x1|deterministic|s2|val|standard,0.075,0.075,0.05,0.08,clean_correct,predictive_entropy,48,,,48,-0.5810736166622045,1.4885285436817122e-05
mlp512x1,deterministic,2,val,standard,,,standard,standard,mlp512x1|deterministic|s2|val|standard,0.075,0.075,0.05,0.1,all,expected_entropy,50,,,50,-0.24253562503633297,0.08968701715206398
mlp512x1,deterministic,2,val,standard,,,standard,standard,mlp512x1|deterministic|s2|val|standard,0.075,0.075,0.05,0.1,clean_correct,expected_entropy,48,,,48,-0.24743582965269678,0.08996610354814244
mlp512x1,deterministic,2,val,standard,,,standard,standard,mlp512x1|deterministic|s2|val|standard,0.075,0.075,0.05,0.1,all,mutual_information,50,,,50,0.044550568740645925,0.7586874190213039
mlp512x1,deterministic,2,val,standard,,,standard,standard,mlp512x1|deterministic|s2|val|standard,0.075,0.075,0.05,0.1,clean_correct,mutual_information,48,,,48,0.04738518713032258,0.7491046468283147
mlp512x1,deterministic,2,val,standard,,,standard,standard,mlp512x1|deterministic|s2|val|standard,0.075,0.075,0.05,0.1,all,one_minus_confidence,50,,,50,-0.15380854057732932,0.2862229759630205
mlp512x1,deterministic,2,val,standard,,,standard,standard,mlp512x1|deterministic|s2|val|standard,0.075,0.075,0.05,0.1,clean_correct,one_minus_confidence,48,,,48,-0.15341765232192714,0.2978432199438252
mlp512x1,deterministic,2,val,standard,,,standard,standard,mlp512x1|deterministic|s2|val|standard,0.075,0.075,0.05,0.1,all,predictive_entropy,50,,,50,-0.24253562503633297,0.08968701715206398
mlp512x1,deterministic,2,val,standard,,,standard,standard,mlp512x1|deterministic|s2|val|standard,0.075,0.075,0.05,0.1,clean_correct,predictive_entropy,48,,,48,-0.24743582965269678,0.08996610354814244
mlp512x1,deterministic,3,val,robust,0.08,0.25,robust_eps0p08_lam0p25,"robust ($\epsilon_{train}=0.08$, $\lambda=0.25$)",mlp512x1|deterministic|s3|val|robust_eps0p08_lam0p25,0.075,0.075,0.05,0.01,all,expected_entropy,50,-0.31118922779266905,0.027826697626199312,50,-0.31118922779266905,0.027826697626199312
mlp512x1,deterministic,3,val,robust,0.08,0.25,robust_eps0p08_lam0p25,"robust ($\epsilon_{train}=0.08$, $\lambda=0.25$)",mlp512x1|deterministic|s3|val|robust_eps0p08_lam0p25,0.075,0.075,0.05,0.01,clean_correct,expected_entropy,48,,,48,,
mlp512x1,deterministic,3,val,robust,0.08,0.25,robust_eps0p08_lam0p25,"robust ($\epsilon_{train}=0.08$, $\lambda=0.25$)",mlp512x1|deterministic|s3|val|robust_eps0p08_lam0p25,0.075,0.075,0.05,0.01,all,mutual_information,50,0.03536495963692517,0.8073707640695543,50,0.03536495963692517,0.8073707640695543
mlp512x1,deterministic,3,val,robust,0.08,0.25,robust_eps0p08_lam0p25,"robust ($\epsilon_{train}=0.08$, $\lambda=0.25$)",mlp512x1|deterministic|s3|val|robust_eps0p08_lam0p25,0.075,0.075,0.05,0.01,clean_correct,mutual_information,48,,,48,,
mlp512x1,deterministic,3,val,robust,0.08,0.25,robust_eps0p08_lam0p25,"robust ($\epsilon_{train}=0.08$, $\lambda=0.25$)",mlp512x1|deterministic|s3|val|robust_eps0p08_lam0p25,0.075,0.075,0.05,0.01,all,one_minus_confidence,50,-0.33903175181040524,0.016018699911382852,50,-0.33903175181040524,0.016018699911382852
mlp512x1,deterministic,3,val,robust,0.08,0.25,robust_eps0p08_lam0p25,"robust ($\epsilon_{train}=0.08$, $\lambda=0.25$)",mlp512x1|deterministic|s3|val|robust_eps0p08_lam0p25,0.075,0.075,0.05,0.01,clean_correct,one_minus_confidence,48,,,48,,
mlp512x1,deterministic,3,val,robust,0.08,0.25,robust_eps0p08_lam0p25,"robust ($\epsilon_{train}=0.08$, $\lambda=0.25$)",mlp512x1|deterministic|s3|val|robust_eps0p08_lam0p25,0.075,0.075,0.05,0.01,all,predictive_entropy,50,-0.31118922779266905,0.027826697626199312,50,-0.31118922779266905,0.027826697626199312
mlp512x1,deterministic,3,val,robust,0.08,0.25,robust_eps0p08_lam0p25,"robust ($\epsilon_{train}=0.08$, $\lambda=0.25$)",mlp512x1|deterministic|s3|val|robust_eps0p08_lam0p25,0.075,0.075,0.05,0.01,clean_correct,predictive_entropy,48,,,48,,
mlp512x1,deterministic,3,val,robust,0.08,0.25,robust_eps0p08_lam0p25,"robust ($\epsilon_{train}=0.08$, $\lambda=0.25$)",mlp512x1|deterministic|s3|val|robust_eps0p08_lam0p25,0.075,0.075,0.05,0.05,all,expected_entropy,50,-0.31118922779266905,0.027826697626199312,50,-0.31118922779266905,0.027826697626199312
mlp512x1,deterministic,3,val,robust,0.08,0.25,robust_eps0p08_lam0p25,"robust ($\epsilon_{train}=0.08$, $\lambda=0.25$)",mlp512x1|deterministic|s3|val|robust_eps0p08_lam0p25,0.075,0.075,0.05,0.05,clean_correct,expected_entropy,48,,,48,,
mlp512x1,deterministic,3,val,robust,0.08,0.25,robust_eps0p08_lam0p25,"robust ($\epsilon_{train}=0.08$, $\lambda=0.25$)",mlp512x1|deterministic|s3|val|robust_eps0p08_lam0p25,0.075,0.075,0.05,0.05,all,mutual_information,50,0.03536495963692517,0.8073707640695543,50,0.03536495963692517,0.8073707640695543
mlp512x1,deterministic,3,val,robust,0.08,0.25,robust_eps0p08_lam0p25,"robust ($\epsilon_{train}=0.08$, $\lambda=0.25$)",mlp512x1|deterministic|s3|val|robust_eps0p08_lam0p25,0.075,0.075,0.05,0.05,clean_correct,mutual_information,48,,,48,,
mlp512x1,deterministic,3,val,robust,0.08,0.25,robust_eps0p08_lam0p25,"robust ($\epsilon_{train}=0.08$, $\lambda=0.25$)",mlp512x1|deterministic|s3|val|robust_eps0p08_lam0p25,0.075,0.075,0.05,0.05,all,one_minus_confidence,50,-0.33903175181040524,0.016018699911382852,50,-0.33903175181040524,0.016018699911382852
mlp512x1,deterministic,3,val,robust,0.08,0.25,robust_eps0p08_lam0p25,"robust ($\epsilon_{train}=0.08$, $\lambda=0.25$)",mlp512x1|deterministic|s3|val|robust_eps0p08_lam0p25,0.075,0.075,0.05,0.05,clean_correct,one_minus_confidence,48,,,48,,
mlp512x1,deterministic,3,val,robust,0.08,0.25,robust_eps0p08_lam0p25,"robust ($\epsilon_{train}=0.08$, $\lambda=0.25$)",mlp512x1|deterministic|s3|val|robust_eps0p08_lam0p25,0.075,0.075,0.05,0.05,all,predictive_entropy,50,-0.31118922779266905,0.027826697626199312,50,-0.31118922779266905,0.027826697626199312
mlp512x1,deterministic,3,val,robust,0.08,0.25,robust_eps0p08_lam0p25,"robust ($\epsilon_{train}=0.08$, $\lambda=0.25$)",mlp512x1|deterministic|s3|val|robust_eps0p08_lam0p25,0.075,0.075,0.05,0.05,clean_correct,predictive_entropy,48,,,48,,
mlp512x1,deterministic,3,val,robust,0.08,0.25,robust_eps0p08_lam0p25,"robust ($\epsilon_{train}=0.08$, $\lambda=0.25$)",mlp512x1|deterministic|s3|val|robust_eps0p08_lam0p25,0.075,0.075,0.05,0.07,all,expected_entropy,50,-0.4781416607859136,0.00044496677575772453,50,-0.39391426777773225,0.004649447882022508
mlp512x1,deterministic,3,val,robust,0.08,0.25,robust_eps0p08_lam0p25,"robust ($\epsilon_{train}=0.08$, $\lambda=0.25$)",mlp512x1|deterministic|s3|val|robust_eps0p08_lam0p25,0.075,0.075,0.05,0.07,clean_correct,expected_entropy,48,-0.3758652230450786,0.008469941389322019,48,-0.24743582965269678,0.08996610354814244
mlp512x1,deterministic,3,val,robust,0.08,0.25,robust_eps0p08_lam0p25,"robust ($\epsilon_{train}=0.08$, $\lambda=0.25$)",mlp512x1|deterministic|s3|val|robust_eps0p08_lam0p25,0.075,0.075,0.05,0.07,all,mutual_information,50,-0.2240728605548043,0.11774138943806951,50,-0.11380565271694093,0.4313197576138998
mlp512x1,deterministic,3,val,robust,0.08,0.25,robust_eps0p08_lam0p25,"robust ($\epsilon_{train}=0.08$, $\lambda=0.25$)",mlp512x1|deterministic|s3|val|robust_eps0p08_lam0p25,0.075,0.075,0.05,0.07,clean_correct,mutual_information,48,-0.3261905945928984,0.023658889842545425,48,-0.24745597723612908,0.089939095722078
mlp512x1,deterministic,3,val,robust,0.08,0.25,robust_eps0p08_lam0p25,"robust ($\epsilon_{train}=0.08$, $\lambda=0.25$)",mlp512x1|deterministic|s3|val|robust_eps0p08_lam0p25,0.075,0.075,0.05,0.07,all,one_minus_confidence,50,-0.520921646355278,0.00010512842475095519,50,-0.4291583137857697,0.0018717384514356848
mlp512x1,deterministic,3,val,robust,0.08,0.25,robust_eps0p08_lam0p25,"robust ($\epsilon_{train}=0.08$, $\lambda=0.25$)",mlp512x1|deterministic|s3|val|robust_eps0p08_lam0p25,0.075,0.075,0.05,0.07,clean_correct,one_minus_confidence,48,-0.41457566538880486,0.003393557267538666,48,-0.27291930040304613,0.06054529363099597
mlp512x1,deterministic,3,val,robust,0.08,0.25,robust_eps0p08_lam0p25,"robust ($\epsilon_{train}=0.08$, $\lambda=0.25$)",mlp512x1|deterministic|s3|val|robust_eps0p08_lam0p25,0.075,0.075,0.05,0.07,all,predictive_entropy,50,-0.4781416607859136,0.00044496677575772453,50,-0.39391426777773225,0.004649447882022508
mlp512x1,deterministic,3,val,robust,0.08,0.25,robust_eps0p08_lam0p25,"robust ($\epsilon_{train}=0.08$, $\lambda=0.25$)",mlp512x1|deterministic|s3|val|robust_eps0p08_lam0p25,0.075,0.075,0.05,0.07,clean_correct,predictive_entropy,48,-0.3758652230450786,0.008469941389322019,48,-0.24743582965269678,0.08996610354814244
mlp512x1,deterministic,3,val,robust,0.08,0.25,robust_eps0p08_lam0p25,"robust ($\epsilon_{train}=0.08$, $\lambda=0.25$)",mlp512x1|deterministic|s3|val|robust_eps0p08_lam0p25,0.075,0.075,0.05,0.08,all,expected_entropy,50,-0.4781416607859136,0.00044496677575772453,50,-0.39391426777773225,0.004649447882022508
mlp512x1,deterministic,3,val,robust,0.08,0.25,robust_eps0p08_lam0p25,"robust ($\epsilon_{train}=0.08$, $\lambda=0.25$)",mlp512x1|deterministic|s3|val|robust_eps0p08_lam0p25,0.075,0.075,0.05,0.08,clean_correct,expected_entropy,48,-0.3758652230450786,0.008469941389322019,48,-0.24743582965269678,0.08996610354814244
mlp512x1,deterministic,3,val,robust,0.08,0.25,robust_eps0p08_lam0p25,"robust ($\epsilon_{train}=0.08$, $\lambda=0.25$)",mlp512x1|deterministic|s3|val|robust_eps0p08_lam0p25,0.075,0.075,0.05,0.08,all,mutual_information,50,-0.2240728605548043,0.11774138943806951,50,-0.11380565271694093,0.4313197576138998
mlp512x1,deterministic,3,val,robust,0.08,0.25,robust_eps0p08_lam0p25,"robust ($\epsilon_{train}=0.08$, $\lambda=0.25$)",mlp512x1|deterministic|s3|val|robust_eps0p08_lam0p25,0.075,0.075,0.05,0.08,clean_correct,mutual_information,48,-0.3261905945928984,0.023658889842545425,48,-0.24745597723612908,0.089939095722078
mlp512x1,deterministic,3,val,robust,0.08,0.25,robust_eps0p08_lam0p25,"robust ($\epsilon_{train}=0.08$, $\lambda=0.25$)",mlp512x1|deterministic|s3|val|robust_eps0p08_lam0p25,0.075,0.075,0.05,0.08,all,one_minus_confidence,50,-0.520921646355278,0.00010512842475095519,50,-0.4291583137857697,0.0018717384514356848
mlp512x1,deterministic,3,val,robust,0.08,0.25,robust_eps0p08_lam0p25,"robust ($\epsilon_{train}=0.08$, $\lambda=0.25$)",mlp512x1|deterministic|s3|val|robust_eps0p08_lam0p25,0.075,0.075,0.05,0.08,clean_correct,one_minus_confidence,48,-0.41457566538880486,0.003393557267538666,48,-0.27291930040304613,0.06054529363099597
mlp512x1,deterministic,3,val,robust,0.08,0.25,robust_eps0p08_lam0p25,"robust ($\epsilon_{train}=0.08$, $\lambda=0.25$)",mlp512x1|deterministic|s3|val|robust_eps0p08_lam0p25,0.075,0.075,0.05,0.08,all,predictive_entropy,50,-0.4781416607859136,0.00044496677575772453,50,-0.39391426777773225,0.004649447882022508
mlp512x1,deterministic,3,val,robust,0.08,0.25,robust_eps0p08_lam0p25,"robust ($\epsilon_{train}=0.08$, $\lambda=0.25$)",mlp512x1|deterministic|s3|val|robust_eps0p08_lam0p25,0.075,0.075,0.05,0.08,clean_correct,predictive_entropy,48,-0.3758652230450786,0.008469941389322019,48,-0.24743582965269678,0.08996610354814244
mlp512x1,deterministic,3,val,robust,0.08,0.25,robust_eps0p08_lam0p25,"robust ($\epsilon_{train}=0.08$, $\lambda=0.25$)",mlp512x1|deterministic|s3|val|robust_eps0p08_lam0p25,0.075,0.075,0.05,0.1,all,expected_entropy,50,-0.503959509036486,0.0001905881367338625,50,-0.2814475140708025,0.04770080120345563
mlp512x1,deterministic,3,val,robust,0.08,0.25,robust_eps0p08_lam0p25,"robust ($\epsilon_{train}=0.08$, $\lambda=0.25$)",mlp512x1|deterministic|s3|val|robust_eps0p08_lam0p25,0.075,0.075,0.05,0.1,clean_correct,expected_entropy,48,-0.43831116969384165,0.0018333352212465796,48,-0.13728208290510693,0.3521316226561142
mlp512x1,deterministic,3,val,robust,0.08,0.25,robust_eps0p08_lam0p25,"robust ($\epsilon_{train}=0.08$, $\lambda=0.25$)",mlp512x1|deterministic|s3|val|robust_eps0p08_lam0p25,0.075,0.075,0.05,0.1,all,mutual_information,50,-0.16431211444072424,0.25418392401838696,50,-0.22109637270216298,0.12282825612484288
mlp512x1,deterministic,3,val,robust,0.08,0.25,robust_eps0p08_lam0p25,"robust ($\epsilon_{train}=0.08$, $\lambda=0.25$)",mlp512x1|deterministic|s3|val|robust_eps0p08_lam0p25,0.075,0.075,0.05,0.1,clean_correct,mutual_information,48,-0.20038713572351086,0.17205683567478858,48,-0.29874849819681387,0.03915095633689285
mlp512x1,deterministic,3,val,robust,0.08,0.25,robust_eps0p08_lam0p25,"robust ($\epsilon_{train}=0.08$, $\lambda=0.25$)",mlp512x1|deterministic|s3|val|robust_eps0p08_lam0p25,0.075,0.075,0.05,0.1,all,one_minus_confidence,50,-0.4802031262989322,0.00041685264067122375,50,-0.21908269420013615,0.1263627870029395
mlp512x1,deterministic,3,val,robust,0.08,0.25,robust_eps0p08_lam0p25,"robust ($\epsilon_{train}=0.08$, $\lambda=0.25$)",mlp512x1|deterministic|s3|val|robust_eps0p08_lam0p25,0.075,0.075,0.05,0.1,clean_correct,one_minus_confidence,48,-0.4045218426310933,0.004348159830698473,48,-0.04042404518341381,0.7850107854983746
mlp512x1,deterministic,3,val,robust,0.08,0.25,robust_eps0p08_lam0p25,"robust ($\epsilon_{train}=0.08$, $\lambda=0.25$)",mlp512x1|deterministic|s3|val|robust_eps0p08_lam0p25,0.075,0.075,0.05,0.1,all,predictive_entropy,50,-0.503959509036486,0.0001905881367338625,50,-0.2814475140708025,0.04770080120345563
mlp512x1,deterministic,3,val,robust,0.08,0.25,robust_eps0p08_lam0p25,"robust ($\epsilon_{train}=0.08$, $\lambda=0.25$)",mlp512x1|deterministic|s3|val|robust_eps0p08_lam0p25,0.075,0.075,0.05,0.1,clean_correct,predictive_entropy,48,-0.43831116969384165,0.0018333352212465796,48,-0.13728208290510693,0.3521316226561142
mlp512x1,deterministic,3,val,standard,,,standard,standard,mlp512x1|deterministic|s3|val|standard,0.075,0.075,0.05,0.01,all,expected_entropy,50,-0.3394791575920026,0.015870914142673286,50,-0.3394791575920026,0.015870914142673286
mlp512x1,deterministic,3,val,standard,,,standard,standard,mlp512x1|deterministic|s3|val|standard,0.075,0.075,0.05,0.01,clean_correct,expected_entropy,49,-0.2449489742783178,0.08982359368756544,49,-0.2449489742783178,0.08982359368756544
mlp512x1,deterministic,3,val,standard,,,standard,standard,mlp512x1|deterministic|s3|val|standard,0.075,0.075,0.05,0.01,all,mutual_information,50,-0.07072991927385033,0.6254802522442852,50,-0.07072991927385033,0.6254802522442852
mlp512x1,deterministic,3,val,standard,,,standard,standard,mlp512x1|deterministic|s3|val|standard,0.075,0.075,0.05,0.01,clean_correct,mutual_information,49,0.13269084970133296,0.3634104617065134,49,0.13269084970133296,0.3634104617065134
mlp512x1,deterministic,3,val,standard,,,standard,standard,mlp512x1|deterministic|s3|val|standard,0.075,0.075,0.05,0.01,all,one_minus_confidence,50,-0.3721507255161059,0.007784395681278981,50,-0.3721507255161059,0.007784395681278981
mlp512x1,deterministic,3,val,standard,,,standard,standard,mlp512x1|deterministic|s3|val|standard,0.075,0.075,0.05,0.01,clean_correct,one_minus_confidence,49,-0.270232002768764,0.060395376907230056,49,-0.270232002768764,0.060395376907230056
mlp512x1,deterministic,3,val,standard,,,standard,standard,mlp512x1|deterministic|s3|val|standard,0.075,0.075,0.05,0.01,all,predictive_entropy,50,-0.3394791575920026,0.015870914142673286,50,-0.3394791575920026,0.015870914142673286
mlp512x1,deterministic,3,val,standard,,,standard,standard,mlp512x1|deterministic|s3|val|standard,0.075,0.075,0.05,0.01,clean_correct,predictive_entropy,49,-0.2449489742783178,0.08982359368756544,49,-0.2449489742783178,0.08982359368756544
mlp512x1,deterministic,3,val,standard,,,standard,standard,mlp512x1|deterministic|s3|val|standard,0.075,0.075,0.05,0.05,all,expected_entropy,50,-0.24253562503633297,0.08968701715206398,50,-0.7252236400252489,2.5755092025509382e-09
mlp512x1,deterministic,3,val,standard,,,standard,standard,mlp512x1|deterministic|s3|val|standard,0.075,0.075,0.05,0.05,clean_correct,expected_entropy,49,-0.2449489742783178,0.08982359368756544,49,-0.7192092313013998,5.834752432101878e-09
mlp512x1,deterministic,3,val,standard,,,standard,standard,mlp512x1|deterministic|s3|val|standard,0.075,0.075,0.05,0.05,all,mutual_information,50,0.10395132706150716,0.4725074592539338,50,0.6160753759139795,1.910632225272078e-06
mlp512x1,deterministic,3,val,standard,,,standard,standard,mlp512x1|deterministic|s3|val|standard,0.075,0.075,0.05,0.05,clean_correct,mutual_information,49,0.11227687282420482,0.4424383147366228,49,0.6798629328992815,7.775113852104586e-08
mlp512x1,deterministic,3,val,standard,,,standard,standard,mlp512x1|deterministic|s3|val|standard,0.075,0.075,0.05,0.05,all,one_minus_confidence,50,-0.12479955864990148,0.38784662989573,50,-0.6752878942953259,7.479135622129741e-08
mlp512x1,deterministic,3,val,standard,,,standard,standard,mlp512x1|deterministic|s3|val|standard,0.075,0.075,0.05,0.05,clean_correct,one_minus_confidence,49,-0.12385633460235017,0.3965024416443843,49,-0.6678788819307017,1.5841964673349053e-07
mlp512x1,deterministic,3,val,standard,,,standard,standard,mlp512x1|deterministic|s3|val|standard,0.075,0.075,0.05,0.05,all,predictive_entropy,50,-0.24253562503633297,0.08968701715206398,50,-0.7252236400252489,2.5755092025509382e-09
mlp512x1,deterministic,3,val,standard,,,standard,standard,mlp512x1|deterministic|s3|val|standard,0.075,0.075,0.05,0.05,clean_correct,predictive_entropy,49,-0.2449489742783178,0.08982359368756544,49,-0.7192092313013998,5.834752432101878e-09
mlp512x1,deterministic,3,val,standard,,,standard,standard,mlp512x1|deterministic|s3|val|standard,0.075,0.075,0.05,0.07,all,expected_entropy,50,,,50,-0.6674546282630741,1.1970769191081955e-07
mlp512x1,deterministic,3,val,standard,,,standard,standard,mlp512x1|deterministic|s3|val|standard,0.075,0.075,0.05,0.07,clean_correct,expected_entropy,49,,,49,-0.6709630299500923,1.323150659299855e-07
mlp512x1,deterministic,3,val,standard,,,standard,standard,mlp512x1|deterministic|s3|val|standard,0.075,0.075,0.05,0.07,all,mutual_information,50,,,50,0.3496442763636952,0.012812610823802882
mlp512x1,deterministic,3,val,standard,,,standard,standard,mlp512x1|deterministic|s3|val|standard,0.075,0.075,0.05,0.07,clean_correct,mutual_information,49,,,49,0.38047207400139177,0.007000910227819722
mlp512x1,deterministic,3,val,standard,,,standard,standard,mlp512x1|deterministic|s3|val|standard,0.075,0.075,0.05,0.07,all,one_minus_confidence,50,,,50,-0.4639542192085251,0.0006896907492183144
mlp512x1,deterministic,3,val,standard,,,standard,standard,mlp512x1|deterministic|s3|val|standard,0.075,0.075,0.05,0.07,clean_correct,one_minus_confidence,49,,,49,-0.46168247165170617,0.0008403400870392147
mlp512x1,deterministic,3,val,standard,,,standard,standard,mlp512x1|deterministic|s3|val|standard,0.075,0.075,0.05,0.07,all,predictive_entropy,50,,,50,-0.6674546282630741,1.1970769191081955e-07
mlp512x1,deterministic,3,val,standard,,,standard,standard,mlp512x1|deterministic|s3|val|standard,0.075,0.075,0.05,0.07,clean_correct,predictive_entropy,49,,,49,-0.6709630299500923,1.323150659299855e-07
mlp512x1,deterministic,3,val,standard,,,standard,standard,mlp512x1|deterministic|s3|val|standard,0.075,0.075,0.05,0.08,all,expected_entropy,50,,,50,-0.5245786884661675,9.208838027273344e-05
mlp512x1,deterministic,3,val,standard,,,standard,standard,mlp512x1|deterministic|s3|val|standard,0.075,0.075,0.05,0.08,clean_correct,expected_entropy,49,,,49,-0.5282705437953743,9.564747606702075e-05
mlp512x1,deterministic,3,val,standard,,,standard,standard,mlp512x1|deterministic|s3|val|standard,0.075,0.075,0.05,0.08,all,mutual_information,50,,,50,0.221789079846207,0.12162982357175554
mlp512x1,deterministic,3,val,standard,,,standard,standard,mlp512x1|deterministic|s3|val|standard,0.075,0.075,0.05,0.08,clean_correct,mutual_information,49,,,49,0.24214253126487553,0.09368145625454803
mlp512x1,deterministic,3,val,standard,,,standard,standard,mlp512x1|deterministic|s3|val|standard,0.075,0.075,0.05,0.08,all,one_minus_confidence,50,,,50,-0.3225970387033601,0.022320228603843046
mlp512x1,deterministic,3,val,standard,,,standard,standard,mlp512x1|deterministic|s3|val|standard,0.075,0.075,0.05,0.08,clean_correct,one_minus_confidence,49,,,49,-0.3205385289356258,0.02473871278929129
mlp512x1,deterministic,3,val,standard,,,standard,standard,mlp512x1|deterministic|s3|val|standard,0.075,0.075,0.05,0.08,all,predictive_entropy,50,,,50,-0.5245786884661675,9.208838027273344e-05
mlp512x1,deterministic,3,val,standard,,,standard,standard,mlp512x1|deterministic|s3|val|standard,0.075,0.075,0.05,0.08,clean_correct,predictive_entropy,49,,,49,-0.5282705437953743,9.564747606702075e-05
mlp512x1,deterministic,3,val,standard,,,standard,standard,mlp512x1|deterministic|s3|val|standard,0.075,0.075,0.05,0.1,all,expected_entropy,50,,,50,-0.3394791575920026,0.015870914142673286
mlp512x1,deterministic,3,val,standard,,,standard,standard,mlp512x1|deterministic|s3|val|standard,0.075,0.075,0.05,0.1,clean_correct,expected_entropy,49,,,49,-0.34278273002005216,0.015905208745419498
mlp512x1,deterministic,3,val,standard,,,standard,standard,mlp512x1|deterministic|s3|val|standard,0.075,0.075,0.05,0.1,all,mutual_information,50,,,50,0.1343868466203156,0.3521361859975651
mlp512x1,deterministic,3,val,standard,,,standard,standard,mlp512x1|deterministic|s3|val|standard,0.075,0.075,0.05,0.1,clean_correct,mutual_information,49,,,49,0.14587615591664502,0.3172450948484749
mlp512x1,deterministic,3,val,standard,,,standard,standard,mlp512x1|deterministic|s3|val|standard,0.075,0.075,0.05,0.1,all,one_minus_confidence,50,,,50,-0.1783222226431341,0.21534729760700957
mlp512x1,deterministic,3,val,standard,,,standard,standard,mlp512x1|deterministic|s3|val|standard,0.075,0.075,0.05,0.1,clean_correct,one_minus_confidence,49,,,49,-0.1770128974522319,0.2237035691650811
mlp512x1,deterministic,3,val,standard,,,standard,standard,mlp512x1|deterministic|s3|val|standard,0.075,0.075,0.05,0.1,all,predictive_entropy,50,,,50,-0.3394791575920026,0.015870914142673286
mlp512x1,deterministic,3,val,standard,,,standard,standard,mlp512x1|deterministic|s3|val|standard,0.075,0.075,0.05,0.1,clean_correct,predictive_entropy,49,,,49,-0.34278273002005216,0.015905208745419498
mlp512x1,deterministic,4,val,robust,0.08,0.25,robust_eps0p08_lam0p25,"robust ($\epsilon_{train}=0.08$, $\lambda=0.25$)",mlp512x1|deterministic|s4|val|robust_eps0p08_lam0p25,0.075,0.075,0.05,0.01,all,expected_entropy,50,-0.3182617102425025,0.02429372378826903,50,-0.3182617102425025,0.02429372378826903
mlp512x1,deterministic,4,val,robust,0.08,0.25,robust_eps0p08_lam0p25,"robust ($\epsilon_{train}=0.08$, $\lambda=0.25$)",mlp512x1|deterministic|s4|val|robust_eps0p08_lam0p25,0.075,0.075,0.05,0.01,clean_correct,expected_entropy,48,,,48,,
mlp512x1,deterministic,4,val,robust,0.08,0.25,robust_eps0p08_lam0p25,"robust ($\epsilon_{train}=0.08$, $\lambda=0.25$)",mlp512x1|deterministic|s4|val|robust_eps0p08_lam0p25,0.075,0.075,0.05,0.01,all,mutual_information,50,-0.014145983854770066,0.9223277046452766,50,-0.014145983854770066,0.9223277046452766
mlp512x1,deterministic,4,val,robust,0.08,0.25,robust_eps0p08_lam0p25,"robust ($\epsilon_{train}=0.08$, $\lambda=0.25$)",mlp512x1|deterministic|s4|val|robust_eps0p08_lam0p25,0.075,0.075,0.05,0.01,clean_correct,mutual_information,48,,,48,,
mlp512x1,deterministic,4,val,robust,0.08,0.25,robust_eps0p08_lam0p25,"robust ($\epsilon_{train}=0.08$, $\lambda=0.25$)",mlp512x1|deterministic|s4|val|robust_eps0p08_lam0p25,0.075,0.075,0.05,0.01,all,one_minus_confidence,50,-0.35052342368215594,0.012573620696968792,50,-0.35052342368215594,0.012573620696968792
mlp512x1,deterministic,4,val,robust,0.08,0.25,robust_eps0p08_lam0p25,"robust ($\epsilon_{train}=0.08$, $\lambda=0.25$)",mlp512x1|deterministic|s4|val|robust_eps0p08_lam0p25,0.075,0.075,0.05,0.01,clean_correct,one_minus_confidence,48,,,48,,
mlp512x1,deterministic,4,val,robust,0.08,0.25,robust_eps0p08_lam0p25,"robust ($\epsilon_{train}=0.08$, $\lambda=0.25$)",mlp512x1|deterministic|s4|val|robust_eps0p08_lam0p25,0.075,0.075,0.05,0.01,all,predictive_entropy,50,-0.3182617102425025,0.02429372378826903,50,-0.3182617102425025,0.02429372378826903
mlp512x1,deterministic,4,val,robust,0.08,0.25,robust_eps0p08_lam0p25,"robust ($\epsilon_{train}=0.08$, $\lambda=0.25$)",mlp512x1|deterministic|s4|val|robust_eps0p08_lam0p25,0.075,0.075,0.05,0.01,clean_correct,predictive_entropy,48,,,48,,
mlp512x1,deterministic,4,val,robust,0.08,0.25,robust_eps0p08_lam0p25,"robust ($\epsilon_{train}=0.08$, $\lambda=0.25$)",mlp512x1|deterministic|s4|val|robust_eps0p08_lam0p25,0.075,0.075,0.05,0.05,all,expected_entropy,50,-0.39391426777773225,0.004649447882022508,50,-0.3182617102425025,0.02429372378826903
mlp512x1,deterministic,4,val,robust,0.08,0.25,robust_eps0p08_lam0p25,"robust ($\epsilon_{train}=0.08$, $\lambda=0.25$)",mlp512x1|deterministic|s4|val|robust_eps0p08_lam0p25,0.075,0.075,0.05,0.05,clean_correct,expected_entropy,48,-0.23690664541215647,0.10496506863044447,48,,
mlp512x1,deterministic,4,val,robust,0.08,0.25,robust_eps0p08_lam0p25,"robust ($\epsilon_{train}=0.08$, $\lambda=0.25$)",mlp512x1|deterministic|s4|val|robust_eps0p08_lam0p25,0.075,0.075,0.05,0.05,all,mutual_information,50,-0.12547802735457592,0.3852514376421313,50,-0.014145983854770066,0.9223277046452766
mlp512x1,deterministic,4,val,robust,0.08,0.25,robust_eps0p08_lam0p25,"robust ($\epsilon_{train}=0.08$, $\lambda=0.25$)",mlp512x1|deterministic|s4|val|robust_eps0p08_lam0p25,0.075,0.075,0.05,0.05,clean_correct,mutual_information,48,-0.20533581089806457,0.16148984664139804,48,,
mlp512x1,deterministic,4,val,robust,0.08,0.25,robust_eps0p08_lam0p25,"robust ($\epsilon_{train}=0.08$, $\lambda=0.25$)",mlp512x1|deterministic|s4|val|robust_eps0p08_lam0p25,0.075,0.075,0.05,0.05,all,one_minus_confidence,50,-0.44027209768986064,0.0013761836433256037,50,-0.35052342368215594,0.012573620696968792
mlp512x1,deterministic,4,val,robust,0.08,0.25,robust_eps0p08_lam0p25,"robust ($\epsilon_{train}=0.08$, $\lambda=0.25$)",mlp512x1|deterministic|s4|val|robust_eps0p08_lam0p25,0.075,0.075,0.05,0.05,clean_correct,one_minus_confidence,48,-0.27638114543134534,0.05722681738931206,48,,
mlp512x1,deterministic,4,val,robust,0.08,0.25,robust_eps0p08_lam0p25,"robust ($\epsilon_{train}=0.08$, $\lambda=0.25$)",mlp512x1|deterministic|s4|val|robust_eps0p08_lam0p25,0.075,0.075,0.05,0.05,all,predictive_entropy,50,-0.39391426777773225,0.004649447882022508,50,-0.3182617102425025,0.02429372378826903
mlp512x1,deterministic,4,val,robust,0.08,0.25,robust_eps0p08_lam0p25,"robust ($\epsilon_{train}=0.08$, $\lambda=0.25$)",mlp512x1|deterministic|s4|val|robust_eps0p08_lam0p25,0.075,0.075,0.05,0.05,clean_correct,predictive_entropy,48,-0.23690664541215647,0.10496506863044447,48,,
mlp512x1,deterministic,4,val,robust,0.08,0.25,robust_eps0p08_lam0p25,"robust ($\epsilon_{train}=0.08$, $\lambda=0.25$)",mlp512x1|deterministic|s4|val|robust_eps0p08_lam0p25,0.075,0.075,0.05,0.07,all,expected_entropy,50,-0.39391426777773225,0.004649447882022508,50,-0.39391426777773225,0.004649447882022508
mlp512x1,deterministic,4,val,robust,0.08,0.25,robust_eps0p08_lam0p25,"robust ($\epsilon_{train}=0.08$, $\lambda=0.25$)",mlp512x1|deterministic|s4|val|robust_eps0p08_lam0p25,0.075,0.075,0.05,0.07,clean_correct,expected_entropy,48,-0.23690664541215647,0.10496506863044447,48,-0.23690664541215647,0.10496506863044447
mlp512x1,deterministic,4,val,robust,0.08,0.25,robust_eps0p08_lam0p25,"robust ($\epsilon_{train}=0.08$, $\lambda=0.25$)",mlp512x1|deterministic|s4|val|robust_eps0p08_lam0p25,0.075,0.075,0.05,0.07,all,mutual_information,50,-0.12547802735457592,0.3852514376421313,50,-0.12547802735457592,0.3852514376421313
mlp512x1,deterministic,4,val,robust,0.08,0.25,robust_eps0p08_lam0p25,"robust ($\epsilon_{train}=0.08$, $\lambda=0.25$)",mlp512x1|deterministic|s4|val|robust_eps0p08_lam0p25,0.075,0.075,0.05,0.07,clean_correct,mutual_information,48,-0.20533581089806457,0.16148984664139804,48,-0.20533581089806457,0.16148984664139804
mlp512x1,deterministic,4,val,robust,0.08,0.25,robust_eps0p08_lam0p25,"robust ($\epsilon_{train}=0.08$, $\lambda=0.25$)",mlp512x1|deterministic|s4|val|robust_eps0p08_lam0p25,0.075,0.075,0.05,0.07,all,one_minus_confidence,50,-0.44027209768986064,0.0013761836433256037,50,-0.44027209768986064,0.0013761836433256037
mlp512x1,deterministic,4,val,robust,0.08,0.25,robust_eps0p08_lam0p25,"robust ($\epsilon_{train}=0.08$, $\lambda=0.25$)",mlp512x1|deterministic|s4|val|robust_eps0p08_lam0p25,0.075,0.075,0.05,0.07,clean_correct,one_minus_confidence,48,-0.27638114543134534,0.05722681738931206,48,-0.27638114543134534,0.05722681738931206
mlp512x1,deterministic,4,val,robust,0.08,0.25,robust_eps0p08_lam0p25,"robust ($\epsilon_{train}=0.08$, $\lambda=0.25$)",mlp512x1|deterministic|s4|val|robust_eps0p08_lam0p25,0.075,0.075,0.05,0.07,all,predictive_entropy,50,-0.39391426777773225,0.004649447882022508,50,-0.39391426777773225,0.004649447882022508
mlp512x1,deterministic,4,val,robust,0.08,0.25,robust_eps0p08_lam0p25,"robust ($\epsilon_{train}=0.08$, $\lambda=0.25$)",mlp512x1|deterministic|s4|val|robust_eps0p08_lam0p25,0.075,0.075,0.05,0.07,clean_correct,predictive_entropy,48,-0.23690664541215647,0.10496506863044447,48,-0.23690664541215647,0.10496506863044447
mlp512x1,deterministic,4,val,robust,0.08,0.25,robust_eps0p08_lam0p25,"robust ($\epsilon_{train}=0.08$, $\lambda=0.25$)",mlp512x1|deterministic|s4|val|robust_eps0p08_lam0p25,0.075,0.075,0.05,0.08,all,expected_entropy,50,-0.3838380647313421,0.0059273851179921485,50,-0.39391426777773225,0.004649447882022508
mlp512x1,deterministic,4,val,robust,0.08,0.25,robust_eps0p08_lam0p25,"robust ($\epsilon_{train}=0.08$, $\lambda=0.25$)",mlp512x1|deterministic|s4|val|robust_eps0p08_lam0p25,0.075,0.075,0.05,0.08,clean_correct,expected_entropy,48,-0.2611731682897846,0.07296855918894812,48,-0.23690664541215647,0.10496506863044447
mlp512x1,deterministic,4,val,robust,0.08,0.25,robust_eps0p08_lam0p25,"robust ($\epsilon_{train}=0.08$, $\lambda=0.25$)",mlp512x1|deterministic|s4|val|robust_eps0p08_lam0p25,0.075,0.075,0.05,0.08,all,mutual_information,50,-0.221789079846207,0.12162982357175554,50,-0.12547802735457592,0.3852514376421313
mlp512x1,deterministic,4,val,robust,0.08,0.25,robust_eps0p08_lam0p25,"robust ($\epsilon_{train}=0.08$, $\lambda=0.25$)",mlp512x1|deterministic|s4|val|robust_eps0p08_lam0p25,0.075,0.075,0.05,0.08,clean_correct,mutual_information,48,-0.2720775358778472,0.0613750625786165,48,-0.20533581089806457,0.16148984664139804
mlp512x1,deterministic,4,val,robust,0.08,0.25,robust_eps0p08_lam0p25,"robust ($\epsilon_{train}=0.08$, $\lambda=0.25$)",mlp512x1|deterministic|s4|val|robust_eps0p08_lam0p25,0.075,0.075,0.05,0.08,all,one_minus_confidence,50,-0.36403227246584957,0.00935418389606308,50,-0.44027209768986064,0.0013761836433256037
mlp512x1,deterministic,4,val,robust,0.08,0.25,robust_eps0p08_lam0p25,"robust ($\epsilon_{train}=0.08$, $\lambda=0.25$)",mlp512x1|deterministic|s4|val|robust_eps0p08_lam0p25,0.075,0.075,0.05,0.08,clean_correct,one_minus_confidence,48,-0.21575531258076916,0.14080405355508283,48,-0.27638114543134534,0.05722681738931206
mlp512x1,deterministic,4,val,robust,0.08,0.25,robust_eps0p08_lam0p25,"robust ($\epsilon_{train}=0.08$, $\lambda=0.25$)",mlp512x1|deterministic|s4|val|robust_eps0p08_lam0p25,0.075,0.075,0.05,0.08,all,predictive_entropy,50,-0.3838380647313421,0.0059273851179921485,50,-0.39391426777773225,0.004649447882022508
mlp512x1,deterministic,4,val,robust,0.08,0.25,robust_eps0p08_lam0p25,"robust ($\epsilon_{train}=0.08$, $\lambda=0.25$)",mlp512x1|deterministic|s4|val|robust_eps0p08_lam0p25,0.075,0.075,0.05,0.08,clean_correct,predictive_entropy,48,-0.2611731682897846,0.07296855918894812,48,-0.23690664541215647,0.10496506863044447
mlp512x1,deterministic,4,val,robust,0.08,0.25,robust_eps0p08_lam0p25,"robust ($\epsilon_{train}=0.08$, $\lambda=0.25$)",mlp512x1|deterministic|s4|val|robust_eps0p08_lam0p25,0.075,0.075,0.05,0.1,all,expected_entropy,50,-0.5405079643666849,5.079664759906342e-05,50,-0.40422604172722165,0.003598311671314255
mlp512x1,deterministic,4,val,robust,0.08,0.25,robust_eps0p08_lam0p25,"robust ($\epsilon_{train}=0.08$, $\lambda=0.25$)",mlp512x1|deterministic|s4|val|robust_eps0p08_lam0p25,0.075,0.075,0.05,0.1,clean_correct,expected_entropy,48,-0.4761575469870842,0.0006241612685975535,48,-0.27646285000836357,0.057150300510425335
mlp512x1,deterministic,4,val,robust,0.08,0.25,robust_eps0p08_lam0p25,"robust ($\epsilon_{train}=0.08$, $\lambda=0.25$)",mlp512x1|deterministic|s4|val|robust_eps0p08_lam0p25,0.075,0.075,0.05,0.1,all,mutual_information,50,-0.20097256565224716,0.1616713229572793,50,-0.2979938042429872,0.035566237960413215
mlp512x1,deterministic,4,val,robust,0.08,0.25,robust_eps0p08_lam0p25,"robust ($\epsilon_{train}=0.08$, $\lambda=0.25$)",mlp512x1|deterministic|s4|val|robust_eps0p08_lam0p25,0.075,0.075,0.05,0.1,clean_correct,mutual_information,48,-0.22599147311440076,0.12246707582568635,48,-0.3883221364201171,0.006383600966046759
mlp512x1,deterministic,4,val,robust,0.08,0.25,robust_eps0p08_lam0p25,"robust ($\epsilon_{train}=0.08$, $\lambda=0.25$)",mlp512x1|deterministic|s4|val|robust_eps0p08_lam0p25,0.075,0.075,0.05,0.1,all,one_minus_confidence,50,-0.545690244092443,4.158503802610212e-05,50,-0.4502898517685893,0.0010336675740125654
mlp512x1,deterministic,4,val,robust,0.08,0.25,robust_eps0p08_lam0p25,"robust ($\epsilon_{train}=0.08$, $\lambda=0.25$)",mlp512x1|deterministic|s4|val|robust_eps0p08_lam0p25,0.075,0.075,0.05,0.1,clean_correct,one_minus_confidence,48,-0.4732643475722732,0.0006807525248281938,48,-0.3157431893416141,0.028805970956467704
mlp512x1,deterministic,4,val,robust,0.08,0.25,robust_eps0p08_lam0p25,"robust ($\epsilon_{train}=0.08$, $\lambda=0.25$)",mlp512x1|deterministic|s4|val|robust_eps0p08_lam0p25,0.075,0.075,0.05,0.1,all,predictive_entropy,50,-0.5405079643666849,5.079664759906342e-05,50,-0.40422604172722165,0.003598311671314255
mlp512x1,deterministic,4,val,robust,0.08,0.25,robust_eps0p08_lam0p25,"robust ($\epsilon_{train}=0.08$, $\lambda=0.25$)",mlp512x1|deterministic|s4|val|robust_eps0p08_lam0p25,0.075,0.075,0.05,0.1,clean_correct,predictive_entropy,48,-0.4761575469870842,0.0006241612685975535,48,-0.27646285000836357,0.057150300510425335
mlp512x1,deterministic,4,val,standard,,,standard,standard,mlp512x1|deterministic|s4|val|standard,0.075,0.075,0.05,0.01,all,expected_entropy,50,-0.3394791575920026,0.015870914142673286,50,-0.3394791575920026,0.015870914142673286
mlp512x1,deterministic,4,val,standard,,,standard,standard,mlp512x1|deterministic|s4|val|standard,0.075,0.075,0.05,0.01,clean_correct,expected_entropy,48,,,48,,
mlp512x1,deterministic,4,val,standard,,,standard,standard,mlp512x1|deterministic|s4|val|standard,0.075,0.075,0.05,0.01,all,mutual_information,50,0.24048172553109112,0.0925222790182761,50,0.24048172553109112,0.0925222790182761
mlp512x1,deterministic,4,val,standard,,,standard,standard,mlp512x1|deterministic|s4|val|standard,0.075,0.075,0.05,0.01,clean_correct,mutual_information,48,,,48,,
mlp512x1,deterministic,4,val,standard,,,standard,standard,mlp512x1|deterministic|s4|val|standard,0.075,0.075,0.05,0.01,all,one_minus_confidence,50,-0.3741423555108758,0.007436188245553608,50,-0.3741423555108758,0.007436188245553608
mlp512x1,deterministic,4,val,standard,,,standard,standard,mlp512x1|deterministic|s4|val|standard,0.075,0.075,0.05,0.01,clean_correct,one_minus_confidence,48,,,48,,
mlp512x1,deterministic,4,val,standard,,,standard,standard,mlp512x1|deterministic|s4|val|standard,0.075,0.075,0.05,0.01,all,predictive_entropy,50,-0.3394791575920026,0.015870914142673286,50,-0.3394791575920026,0.015870914142673286
mlp512x1,deterministic,4,val,standard,,,standard,standard,mlp512x1|deterministic|s4|val|standard,0.075,0.075,0.05,0.01,clean_correct,predictive_entropy,48,,,48,,
mlp512x1,deterministic,4,val,standard,,,standard,standard,mlp512x1|deterministic|s4|val|standard,0.075,0.075,0.05,0.05,all,expected_entropy,50,,,50,-0.7369244368564076,1.0502039026366053e-09
mlp512x1,deterministic,4,val,standard,,,standard,standard,mlp512x1|deterministic|s4|val|standard,0.075,0.075,0.05,0.05,clean_correct,expected_entropy,48,,,48,-0.7203716884569646,7.821520656069065e-09
mlp512x1,deterministic,4,val,standard,,,standard,standard,mlp512x1|deterministic|s4|val|standard,0.075,0.075,0.05,0.05,all,mutual_information,50,,,50,0.11210797465810927,0.43826814382559304
mlp512x1,deterministic,4,val,standard,,,standard,standard,mlp512x1|deterministic|s4|val|standard,0.075,0.075,0.05,0.05,clean_correct,mutual_information,48,,,48,0.042997669803440865,0.771679812270656
mlp512x1,deterministic,4,val,standard,,,standard,standard,mlp512x1|deterministic|s4|val|standard,0.075,0.075,0.05,0.05,all,one_minus_confidence,50,,,50,-0.7068635671647882,9.63502028127989e-09
mlp512x1,deterministic,4,val,standard,,,standard,standard,mlp512x1|deterministic|s4|val|standard,0.075,0.075,0.05,0.05,clean_correct,one_minus_confidence,48,,,48,-0.6875682253107984,6.724832404149577e-08
mlp512x1,deterministic,4,val,standard,,,standard,standard,mlp512x1|deterministic|s4|val|standard,0.075,0.075,0.05,0.05,all,predictive_entropy,50,,,50,-0.7369244368564076,1.0502039026366053e-09
mlp512x1,deterministic,4,val,standard,,,standard,standard,mlp512x1|deterministic|s4|val|standard,0.075,0.075,0.05,0.05,clean_correct,predictive_entropy,48,,,48,-0.7203716884569646,7.821520656069065e-09
mlp512x1,deterministic,4,val,standard,,,standard,standard,mlp512x1|deterministic|s4|val|standard,0.075,0.075,0.05,0.07,all,expected_entropy,50,,,50,-0.6402776780155133,5.523127552894224e-07
mlp512x1,deterministic,4,val,standard,,,standard,standard,mlp512x1|deterministic|s4|val|standard,0.075,0.075,0.05,0.07,clean_correct,expected_entropy,48,,,48,-0.6418111692899814,8.824654755633834e-07
mlp512x1,deterministic,4,val,standard,,,standard,standard,mlp512x1|deterministic|s4|val|standard,0.075,0.075,0.05,0.07,all,mutual_information,50,,,50,0.10482034486912392,0.46879306317135483
mlp512x1,deterministic,4,val,standard,,,standard,standard,mlp512x1|deterministic|s4|val|standard,0.075,0.075,0.05,0.07,clean_correct,mutual_information,48,,,48,0.06850009231078659,0.6436391011631215
mlp512x1,deterministic,4,val,standard,,,standard,standard,mlp512x1|deterministic|s4|val|standard,0.075,0.075,0.05,0.07,all,one_minus_confidence,50,,,50,-0.4963531477706742,0.0002463940560361
mlp512x1,deterministic,4,val,standard,,,standard,standard,mlp512x1|deterministic|s4|val|standard,0.075,0.075,0.05,0.07,clean_correct,one_minus_confidence,48,,,48,-0.4900270688534408,0.00040731277691144615
mlp512x1,deterministic,4,val,standard,,,standard,standard,mlp512x1|deterministic|s4|val|standard,0.075,0.075,0.05,0.07,all,predictive_entropy,50,,,50,-0.6402776780155133,5.523127552894224e-07
mlp512x1,deterministic,4,val,standard,,,standard,standard,mlp512x1|deterministic|s4|val|standard,0.075,0.075,0.05,0.07,clean_correct,predictive_entropy,48,,,48,-0.6418111692899814,8.824654755633834e-07
mlp512x1,deterministic,4,val,standard,,,standard,standard,mlp512x1|deterministic|s4|val|standard,0.075,0.075,0.05,0.08,all,expected_entropy,50,,,50,-0.4589777733703286,0.0008007478108083049
mlp512x1,deterministic,4,val,standard,,,standard,standard,mlp512x1|deterministic|s4|val|standard,0.075,0.075,0.05,0.08,clean_correct,expected_entropy,48,,,48,-0.46446017880636414,0.0008824241538635816
mlp512x1,deterministic,4,val,standard,,,standard,standard,mlp512x1|deterministic|s4|val|standard,0.075,0.075,0.05,0.08,all,mutual_information,50,,,50,0.16792854217897038,0.24373535569357327
mlp512x1,deterministic,4,val,standard,,,standard,standard,mlp512x1|deterministic|s4|val|standard,0.075,0.075,0.05,0.08,clean_correct,mutual_information,48,,,48,0.15432031426021556,0.2949753824815472
mlp512x1,deterministic,4,val,standard,,,standard,standard,mlp512x1|deterministic|s4|val|standard,0.075,0.075,0.05,0.08,all,one_minus_confidence,50,,,50,-0.2797802081309433,0.04909096890227069
mlp512x1,deterministic,4,val,standard,,,standard,standard,mlp512x1|deterministic|s4|val|standard,0.075,0.075,0.05,0.08,clean_correct,one_minus_confidence,48,,,48,-0.2748895998283149,0.05863819570169724
mlp512x1,deterministic,4,val,standard,,,standard,standard,mlp512x1|deterministic|s4|val|standard,0.075,0.075,0.05,0.08,all,predictive_entropy,50,,,50,-0.4589777733703286,0.0008007478108083049
mlp512x1,deterministic,4,val,standard,,,standard,standard,mlp512x1|deterministic|s4|val|standard,0.075,0.075,0.05,0.08,clean_correct,predictive_entropy,48,,,48,-0.46446017880636414,0.0008824241538635816
mlp512x1,deterministic,4,val,standard,,,standard,standard,mlp512x1|deterministic|s4|val|standard,0.075,0.075,0.05,0.1,all,expected_entropy,50,,,50,-0.24253562503633297,0.08968701715206398
mlp512x1,deterministic,4,val,standard,,,standard,standard,mlp512x1|deterministic|s4|val|standard,0.075,0.075,0.05,0.1,clean_correct,expected_entropy,48,,,48,-0.24743582965269678,0.08996610354814244
mlp512x1,deterministic,4,val,standard,,,standard,standard,mlp512x1|deterministic|s4|val|standard,0.075,0.075,0.05,0.1,all,mutual_information,50,,,50,0.044550568740645925,0.7586874190213039
mlp512x1,deterministic,4,val,standard,,,standard,standard,mlp512x1|deterministic|s4|val|standard,0.075,0.075,0.05,0.1,clean_correct,mutual_information,48,,,48,0.03685514554580646,0.8035977304354651
mlp512x1,deterministic,4,val,standard,,,standard,standard,mlp512x1|deterministic|s4|val|standard,0.075,0.075,0.05,0.1,all,one_minus_confidence,50,,,50,-0.12001233909298695,0.40644947353841593
mlp512x1,deterministic,4,val,standard,,,standard,standard,mlp512x1|deterministic|s4|val|standard,0.075,0.075,0.05,0.1,clean_correct,one_minus_confidence,48,,,48,-0.1177006947750297,0.4256053955899284
mlp512x1,deterministic,4,val,standard,,,standard,standard,mlp512x1|deterministic|s4|val|standard,0.075,0.075,0.05,0.1,all,predictive_entropy,50,,,50,-0.24253562503633297,0.08968701715206398
mlp512x1,deterministic,4,val,standard,,,standard,standard,mlp512x1|deterministic|s4|val|standard,0.075,0.075,0.05,0.1,clean_correct,predictive_entropy,48,,,48,-0.24743582965269678,0.08996610354814244
mlp512x1,mc_dropout,0,val,robust,0.08,0.25,robust_eps0p08_lam0p25,"robust ($\epsilon_{train}=0.08$, $\lambda=0.25$)",mlp512x1|mc_dropout|s0|val|robust_eps0p08_lam0p25,0.075,0.075,0.05,0.01,all,expected_entropy,50,-0.36067138131937637,0.010080011784992998,50,-0.36168611872523093,0.009855916910732931
mlp512x1,mc_dropout,0,val,robust,0.08,0.25,robust_eps0p08_lam0p25,"robust ($\epsilon_{train}=0.08$, $\lambda=0.25$)",mlp512x1|mc_dropout|s0|val|robust_eps0p08_lam0p25,0.075,0.075,0.05,0.01,clean_correct,expected_entropy,48,-0.2709561601914639,0.06249457372031624,48,-0.27205538363519227,0.061397021463242295
mlp512x1,mc_dropout,0,val,robust,0.08,0.25,robust_eps0p08_lam0p25,"robust ($\epsilon_{train}=0.08$, $\lambda=0.25$)",mlp512x1|mc_dropout|s0|val|robust_eps0p08_lam0p25,0.075,0.075,0.05,0.01,all,mutual_information,50,-0.3416931562051195,0.015156561832380707,50,-0.34278444302913835,0.014814662563941115
mlp512x1,mc_dropout,0,val,robust,0.08,0.25,robust_eps0p08_lam0p25,"robust ($\epsilon_{train}=0.08$, $\lambda=0.25$)",mlp512x1|mc_dropout|s0|val|robust_eps0p08_lam0p25,0.075,0.075,0.05,0.01,clean_correct,mutual_information,48,-0.27050305624465537,0.06295153057889187,48,-0.27205538363519227,0.061397021463242295
mlp512x1,mc_dropout,0,val,robust,0.08,0.25,robust_eps0p08_lam0p25,"robust ($\epsilon_{train}=0.08$, $\lambda=0.25$)",mlp512x1|mc_dropout|s0|val|robust_eps0p08_lam0p25,0.075,0.075,0.05,0.01,all,one_minus_confidence,50,-0.3564509053203392,0.01105983154081406,50,-0.35771953200108353,0.010757047287697786
mlp512x1,mc_dropout,0,val,robust,0.08,0.25,robust_eps0p08_lam0p25,"robust ($\epsilon_{train}=0.08$, $\lambda=0.25$)",mlp512x1|mc_dropout|s0|val|robust_eps0p08_lam0p25,0.075,0.075,0.05,0.01,clean_correct,one_minus_confidence,48,-0.26527989425739534,0.06841427583704941,48,-0.26671563094655737,0.06687645893678555
mlp512x1,mc_dropout,0,val,robust,0.08,0.25,robust_eps0p08_lam0p25,"robust ($\epsilon_{train}=0.08$, $\lambda=0.25$)",mlp512x1|mc_dropout|s0|val|robust_eps0p08_lam0p25,0.075,0.075,0.05,0.01,all,predictive_entropy,50,-0.3563310697461607,0.01108880804654784,50,-0.35759926992607577,0.010785440880115174
mlp512x1,mc_dropout,0,val,robust,0.08,0.25,robust_eps0p08_lam0p25,"robust ($\epsilon_{train}=0.08$, $\lambda=0.25$)",mlp512x1|mc_dropout|s0|val|robust_eps0p08_lam0p25,0.075,0.075,0.05,0.01,clean_correct,predictive_entropy,48,-0.26517908486965586,0.06852329990492288,48,-0.26661427596248843,0.06698410949609747
mlp512x1,mc_dropout,0,val,robust,0.08,0.25,robust_eps0p08_lam0p25,"robust ($\epsilon_{train}=0.08$, $\lambda=0.25$)",mlp512x1|mc_dropout|s0|val|robust_eps0p08_lam0p25,0.075,0.075,0.05,0.05,all,expected_entropy,50,-0.46208776165079046,0.0007296059734374401,50,-0.5443262324330155,4.3847833930932524e-05
mlp512x1,mc_dropout,0,val,robust,0.08,0.25,robust_eps0p08_lam0p25,"robust ($\epsilon_{train}=0.08$, $\lambda=0.25$)",mlp512x1|mc_dropout|s0|val|robust_eps0p08_lam0p25,0.075,0.075,0.05,0.05,clean_correct,expected_entropy,48,-0.4073680109367249,0.004056574204517106,48,-0.5006552168747779,0.00029004923998835185
mlp512x1,mc_dropout,0,val,robust,0.08,0.25,robust_eps0p08_lam0p25,"robust ($\epsilon_{train}=0.08$, $\lambda=0.25$)",mlp512x1|mc_dropout|s0|val|robust_eps0p08_lam0p25,0.075,0.075,0.05,0.05,all,mutual_information,50,-0.4370805164386367,0.0015048494289320894,50,-0.5209392850074003,0.00010506167551677905
mlp512x1,mc_dropout,0,val,robust,0.08,0.25,robust_eps0p08_lam0p25,"robust ($\epsilon_{train}=0.08$, $\lambda=0.25$)",mlp512x1|mc_dropout|s0|val|robust_eps0p08_lam0p25,0.075,0.075,0.05,0.05,clean_correct,mutual_information,48,-0.38943581683901923,0.006220992625573201,48,-0.48439189454317677,0.00048549954269272027
mlp512x1,mc_dropout,0,val,robust,0.08,0.25,robust_eps0p08_lam0p25,"robust ($\epsilon_{train}=0.08$, $\lambda=0.25$)",mlp512x1|mc_dropout|s0|val|robust_eps0p08_lam0p25,0.075,0.075,0.05,0.05,all,one_minus_confidence,50,-0.45158722310153004,0.0009954211629728746,50,-0.5316520857735567,7.096970583029604e-05
mlp512x1,mc_dropout,0,val,robust,0.08,0.25,robust_eps0p08_lam0p25,"robust ($\epsilon_{train}=0.08$, $\lambda=0.25$)",mlp512x1|mc_dropout|s0|val|robust_eps0p08_lam0p25,0.075,0.075,0.05,0.05,clean_correct,one_minus_confidence,48,-0.39497986052453027,0.00546402187159167,48,-0.48537356372039697,0.00047097515457390364
mlp512x1,mc_dropout,0,val,robust,0.08,0.25,robust_eps0p08_lam0p25,"robust ($\epsilon_{train}=0.08$, $\lambda=0.25$)",mlp512x1|mc_dropout|s0|val|robust_eps0p08_lam0p25,0.075,0.075,0.05,0.05,all,predictive_entropy,50,-0.4499483222274149,0.0010439522740519629,50,-0.5314733491452835,7.144350746131625e-05
mlp512x1,mc_dropout,0,val,robust,0.08,0.25,robust_eps0p08_lam0p25,"robust ($\epsilon_{train}=0.08$, $\lambda=0.25$)",mlp512x1|mc_dropout|s0|val|robust_eps0p08_lam0p25,0.075,0.075,0.05,0.05,clean_correct,predictive_entropy,48,-0.39307941006205904,0.005713914193133058,48,-0.48518911622609834,0.0004736739010168756
mlp512x1,mc_dropout,0,val,robust,0.08,0.25,robust_eps0p08_lam0p25,"robust ($\epsilon_{train}=0.08$, $\lambda=0.25$)",mlp512x1|mc_dropout|s0|val|robust_eps0p08_lam0p25,0.075,0.075,0.05,0.07,all,expected_entropy,50,-0.5449624394908341,4.277870941432893e-05,50,-0.46687495787510835,0.0006311608314659279
mlp512x1,mc_dropout,0,val,robust,0.08,0.25,robust_eps0p08_lam0p25,"robust ($\epsilon_{train}=0.08$, $\lambda=0.25$)",mlp512x1|mc_dropout|s0|val|robust_eps0p08_lam0p25,0.075,0.075,0.05,0.07,clean_correct,expected_entropy,48,-0.502939746641826,0.00026924226151829427,48,-0.4125262166294819,0.0035716087214124523
mlp512x1,mc_dropout,0,val,robust,0.08,0.25,robust_eps0p08_lam0p25,"robust ($\epsilon_{train}=0.08$, $\lambda=0.25$)",mlp512x1|mc_dropout|s0|val|robust_eps0p08_lam0p25,0.075,0.075,0.05,0.07,all,mutual_information,50,-0.5217570821761721,0.00010200908947191336,50,-0.4472196192119671,0.0011294715133017828
mlp512x1,mc_dropout,0,val,robust,0.08,0.25,robust_eps0p08_lam0p25,"robust ($\epsilon_{train}=0.08$, $\lambda=0.25$)",mlp512x1|mc_dropout|s0|val|robust_eps0p08_lam0p25,0.075,0.075,0.05,0.07,clean_correct,mutual_information,48,-0.48714804696603053,0.0004457112685112025,48,-0.4006030809117381,0.004779614767191668
mlp512x1,mc_dropout,0,val,robust,0.08,0.25,robust_eps0p08_lam0p25,"robust ($\epsilon_{train}=0.08$, $\lambda=0.25$)",mlp512x1|mc_dropout|s0|val|robust_eps0p08_lam0p25,0.075,0.075,0.05,0.07,all,one_minus_confidence,50,-0.534713773770267,6.32876824696905e-05,50,-0.45592660981532646,0.0008765378799098504
mlp512x1,mc_dropout,0,val,robust,0.08,0.25,robust_eps0p08_lam0p25,"robust ($\epsilon_{train}=0.08$, $\lambda=0.25$)",mlp512x1|mc_dropout|s0|val|robust_eps0p08_lam0p25,0.075,0.075,0.05,0.07,clean_correct,one_minus_confidence,48,-0.4910560585099237,0.00039433063890050837,48,-0.399612601905475,0.004894423114180734
mlp512x1,mc_dropout,0,val,robust,0.08,0.25,robust_eps0p08_lam0p25,"robust ($\epsilon_{train}=0.08$, $\lambda=0.25$)",mlp512x1|mc_dropout|s0|val|robust_eps0p08_lam0p25,0.075,0.075,0.05,0.07,all,predictive_entropy,50,-0.5331081364770791,6.721579587623057e-05,50,-0.4544387096468864,0.0009157816786858612
mlp512x1,mc_dropout,0,val,robust,0.08,0.25,robust_eps0p08_lam0p25,"robust ($\epsilon_{train}=0.08$, $\lambda=0.25$)",mlp512x1|mc_dropout|s0|val|robust_eps0p08_lam0p25,0.075,0.075,0.05,0.07,clean_correct,predictive_entropy,48,-0.4892190895464628,0.00041777564405052575,48,-0.39789003206578444,0.00509984060849782
mlp512x1,mc_dropout,0,val,robust,0.08,0.25,robust_eps0p08_lam0p25,"robust ($\epsilon_{train}=0.08$, $\lambda=0.25$)",mlp512x1|mc_dropout|s0|val|robust_eps0p08_lam0p25,0.075,0.075,0.05,0.08,all,expected_entropy,50,-0.4099019271451603,0.0031141618417493333,50,-0.4703770478908677,0.0005669009604843238
mlp512x1,mc_dropout,0,val,robust,0.08,0.25,robust_eps0p08_lam0p25,"robust ($\epsilon_{train}=0.08$, $\lambda=0.25$)",mlp512x1|mc_dropout|s0|val|robust_eps0p08_lam0p25,0.075,0.075,0.05,0.08,clean_correct,expected_entropy,48,-0.3533593487024903,0.013752396262108994,48,-0.41837147639005623,0.003084321280311964
mlp512x1,mc_dropout,0,val,robust,0.08,0.25,robust_eps0p08_lam0p25,"robust ($\epsilon_{train}=0.08$, $\lambda=0.25$)",mlp512x1|mc_dropout|s0|val|robust_eps0p08_lam0p25,0.075,0.075,0.05,0.08,all,mutual_information,50,-0.39402672277781203,0.004636669766722727,50,-0.45058791399547155,0.0010247661046350407
mlp512x1,mc_dropout,0,val,robust,0.08,0.25,robust_eps0p08_lam0p25,"robust ($\epsilon_{train}=0.08$, $\lambda=0.25$)",mlp512x1|mc_dropout|s0|val|robust_eps0p08_lam0p25,0.075,0.075,0.05,0.08,clean_correct,mutual_information,48,-0.34612615398072794,0.015959973196801494,48,-0.4061623270210212,0.004177930964435994
mlp512x1,mc_dropout,0,val,robust,0.08,0.25,robust_eps0p08_lam0p25,"robust ($\epsilon_{train}=0.08$, $\lambda=0.25$)",mlp512x1|mc_dropout|s0|val|robust_eps0p08_lam0p25,0.075,0.075,0.05,0.08,all,one_minus_confidence,50,-0.41099987701826407,0.0030274489129065232,50,-0.4595112352955449,0.0007881187009617196
mlp512x1,mc_dropout,0,val,robust,0.08,0.25,robust_eps0p08_lam0p25,"robust ($\epsilon_{train}=0.08$, $\lambda=0.25$)",mlp512x1|mc_dropout|s0|val|robust_eps0p08_lam0p25,0.075,0.075,0.05,0.08,clean_correct,one_minus_confidence,48,-0.354590934209343,0.0134037792191959,48,-0.40562276663345087,0.004233263145658695
mlp512x1,mc_dropout,0,val,robust,0.08,0.25,robust_eps0p08_lam0p25,"robust ($\epsilon_{train}=0.08$, $\lambda=0.25$)",mlp512x1|mc_dropout|s0|val|robust_eps0p08_lam0p25,0.075,0.075,0.05,0.08,all,predictive_entropy,50,-0.39776206498189387,0.004229352323282682,50,-0.4579940269802756,0.0008245145206882632
mlp512x1,mc_dropout,0,val,robust,0.08,0.25,robust_eps0p08_lam0p25,"robust ($\epsilon_{train}=0.08$, $\lambda=0.25$)",mlp512x1|mc_dropout|s0|val|robust_eps0p08_lam0p25,0.075,0.075,0.05,0.08,clean_correct,predictive_entropy,48,-0.33948584407222476,0.01824494521540868,48,-0.40387311151432714,0.0044171358393192296
mlp512x1,mc_dropout,0,val,robust,0.08,0.25,robust_eps0p08_lam0p25,"robust ($\epsilon_{train}=0.08$, $\lambda=0.25$)",mlp512x1|mc_dropout|s0|val|robust_eps0p08_lam0p25,0.075,0.075,0.05,0.1,all,expected_entropy,50,-0.4908529447121136,0.00029557766525897973,50,-0.4697248398860313,0.0005784015452895235
mlp512x1,mc_dropout,0,val,robust,0.08,0.25,robust_eps0p08_lam0p25,"robust ($\epsilon_{train}=0.08$, $\lambda=0.25$)",mlp512x1|mc_dropout|s0|val|robust_eps0p08_lam0p25,0.075,0.075,0.05,0.1,clean_correct,expected_entropy,48,-0.44662421193647045,0.0014621210307776973,48,-0.4193198653634134,0.003011049243730473
mlp512x1,mc_dropout,0,val,robust,0.08,0.25,robust_eps0p08_lam0p25,"robust ($\epsilon_{train}=0.08$, $\lambda=0.25$)",mlp512x1|mc_dropout|s0|val|robust_eps0p08_lam0p25,0.075,0.075,0.05,0.1,all,mutual_information,50,-0.4874323667001826,0.00033049085089381376,50,-0.45575353695608783,0.0008810238191012307
mlp512x1,mc_dropout,0,val,robust,0.08,0.25,robust_eps0p08_lam0p25,"robust ($\epsilon_{train}=0.08$, $\lambda=0.25$)",mlp512x1|mc_dropout|s0|val|robust_eps0p08_lam0p25,0.075,0.075,0.05,0.1,clean_correct,mutual_information,48,-0.45177054469698236,0.0012673929515657032,48,-0.41433967341408257,0.0034136536577064358
mlp512x1,mc_dropout,0,val,robust,0.08,0.25,robust_eps0p08_lam0p25,"robust ($\epsilon_{train}=0.08$, $\lambda=0.25$)",mlp512x1|mc_dropout|s0|val|robust_eps0p08_lam0p25,0.075,0.075,0.05,0.1,all,one_minus_confidence,50,-0.4947574808205478,0.0002598355423498337,50,-0.46819605143590004,0.0006061874853030964
mlp512x1,mc_dropout,0,val,robust,0.08,0.25,robust_eps0p08_lam0p25,"robust ($\epsilon_{train}=0.08$, $\lambda=0.25$)",mlp512x1|mc_dropout|s0|val|robust_eps0p08_lam0p25,0.075,0.075,0.05,0.1,clean_correct,one_minus_confidence,48,-0.45125031357419854,0.0012859669584771843,48,-0.41754179469761854,0.003149706265906983
mlp512x1,mc_dropout,0,val,robust,0.08,0.25,robust_eps0p08_lam0p25,"robust ($\epsilon_{train}=0.08$, $\lambda=0.25$)",mlp512x1|mc_dropout|s0|val|robust_eps0p08_lam0p25,0.075,0.075,0.05,0.1,all,predictive_entropy,50,-0.481763980280411,0.0003966450447022544,50,-0.45789473280742016,0.0008269482560021557
mlp512x1,mc_dropout,0,val,robust,0.08,0.25,robust_eps0p08_lam0p25,"robust ($\epsilon_{train}=0.08$, $\lambda=0.25$)",mlp512x1|mc_dropout|s0|val|robust_eps0p08_lam0p25,0.075,0.075,0.05,0.1,clean_correct,predictive_entropy,48,-0.43655289406106,0.0019218150037418628,48,-0.4057319342423996,0.0042220163921348535
mlp512x1,mc_dropout,0,val,standard,,,standard,standard,mlp512x1|mc_dropout|s0|val|standard,0.075,0.075,0.05,0.01,all,expected_entropy,50,-0.6975125898971639,1.8165539118856713e-08,50,-0.5877120295842695,7.211898727145707e-06
mlp512x1,mc_dropout,0,val,standard,,,standard,standard,mlp512x1|mc_dropout|s0|val|standard,0.075,0.075,0.05,0.01,clean_correct,expected_entropy,48,-0.6505877515860401,5.568955026230487e-07,48,-0.5103289957359867,0.00021086588006251098
mlp512x1,mc_dropout,0,val,standard,,,standard,standard,mlp512x1|mc_dropout|s0|val|standard,0.075,0.075,0.05,0.01,all,mutual_information,50,-0.6838230904692756,4.40708988102675e-08,50,-0.5764894678059134,1.1791540988844e-05
mlp512x1,mc_dropout,0,val,standard,,,standard,standard,mlp512x1|mc_dropout|s0|val|standard,0.075,0.075,0.05,0.01,clean_correct,mutual_information,48,-0.634350813246542,1.290432981056815e-06,48,-0.49589441431195974,0.00033815646924799766
mlp512x1,mc_dropout,0,val,standard,,,standard,standard,mlp512x1|mc_dropout|s0|val|standard,0.075,0.075,0.05,0.01,all,one_minus_confidence,50,-0.6933289706987834,2.3939493373768447e-08,50,-0.5873049827962584,7.344016802284055e-06
mlp512x1,mc_dropout,0,val,standard,,,standard,standard,mlp512x1|mc_dropout|s0|val|standard,0.075,0.075,0.05,0.01,clean_correct,one_minus_confidence,48,-0.6452630021457082,7.376089690930221e-07,48,-0.5103982576892834,0.00021037782607179043
mlp512x1,mc_dropout,0,val,standard,,,standard,standard,mlp512x1|mc_dropout|s0|val|standard,0.075,0.075,0.05,0.01,all,predictive_entropy,50,-0.692179018691493,2.5805462882454578e-08,50,-0.5841303609316028,8.453916691043247e-06
mlp512x1,mc_dropout,0,val,standard,,,standard,standard,mlp512x1|mc_dropout|s0|val|standard,0.075,0.075,0.05,0.01,clean_correct,predictive_entropy,48,-0.6443427753016177,7.738933217022208e-07,48,-0.5055174685946443,0.0002473955453023593
mlp512x1,mc_dropout,0,val,standard,,,standard,standard,mlp512x1|mc_dropout|s0|val|standard,0.075,0.075,0.05,0.05,all,expected_entropy,50,-0.24253562503633297,0.08968701715206398,50,-0.7648583747901425,1.0056716740354388e-10
mlp512x1,mc_dropout,0,val,standard,,,standard,standard,mlp512x1|mc_dropout|s0|val|standard,0.075,0.075,0.05,0.05,clean_correct,expected_entropy,48,-0.24743582965269678,0.08996610354814244,48,-0.7351176645614192,2.686795254740366e-09
mlp512x1,mc_dropout,0,val,standard,,,standard,standard,mlp512x1|mc_dropout|s0|val|standard,0.075,0.075,0.05,0.05,all,mutual_information,50,-0.24253562503633297,0.08968701715206398,50,-0.7404229270577111,7.95773282499163e-10
mlp512x1,mc_dropout,0,val,standard,,,standard,standard,mlp512x1|mc_dropout|s0|val|standard,0.075,0.075,0.05,0.05,clean_correct,mutual_information,48,-0.24743582965269678,0.08996610354814244,48,-0.7078246338972797,1.8436152091421063e-08
mlp512x1,mc_dropout,0,val,standard,,,standard,standard,mlp512x1|mc_dropout|s0|val|standard,0.075,0.075,0.05,0.05,all,one_minus_confidence,50,-0.23266414431593374,0.10395542131572538,50,-0.7645413011306684,1.0346592568499455e-10
mlp512x1,mc_dropout,0,val,standard,,,standard,standard,mlp512x1|mc_dropout|s0|val|standard,0.075,0.075,0.05,0.05,clean_correct,one_minus_confidence,48,-0.23693879842942048,0.10491651468032699,48,-0.7347552391676612,2.760607295934054e-09
mlp512x1,mc_dropout,0,val,standard,,,standard,standard,mlp512x1|mc_dropout|s0|val|standard,0.075,0.075,0.05,0.05,all,predictive_entropy,50,-0.24253562503633297,0.08968701715206398,50,-0.7632710327130358,1.1589025058025978e-10
mlp512x1,mc_dropout,0,val,standard,,,standard,standard,mlp512x1|mc_dropout|s0|val|standard,0.075,0.075,0.05,0.05,clean_correct,predictive_entropy,48,-0.24743582965269678,0.08996610354814244,48,-0.7334322383650281,3.046556726496992e-09
mlp512x1,mc_dropout,0,val,standard,,,standard,standard,mlp512x1|mc_dropout|s0|val|standard,0.075,0.075,0.05,0.07,all,expected_entropy,50,,,50,-0.6584565187721679,2.0203186779763066e-07
mlp512x1,mc_dropout,0,val,standard,,,standard,standard,mlp512x1|mc_dropout|s0|val|standard,0.075,0.075,0.05,0.07,clean_correct,expected_entropy,48,,,48,-0.629084640521884,1.677343051299472e-06
mlp512x1,mc_dropout,0,val,standard,,,standard,standard,mlp512x1|mc_dropout|s0|val|standard,0.075,0.075,0.05,0.07,all,mutual_information,50,,,50,-0.6292380861561097,9.8572341213569e-07
mlp512x1,mc_dropout,0,val,standard,,,standard,standard,mlp512x1|mc_dropout|s0|val|standard,0.075,0.075,0.05,0.07,clean_correct,mutual_information,48,,,48,-0.5970241539802669,7.494014547721403e-06
mlp512x1,mc_dropout,0,val,standard,,,standard,standard,mlp512x1|mc_dropout|s0|val|standard,0.075,0.075,0.05,0.07,all,one_minus_confidence,50,,,50,-0.6557248454628759,2.360076932416365e-07
mlp512x1,mc_dropout,0,val,standard,,,standard,standard,mlp512x1|mc_dropout|s0|val|standard,0.075,0.075,0.05,0.07,clean_correct,one_minus_confidence,48,,,48,-0.6260017736909356,1.9512651429160363e-06
mlp512x1,mc_dropout,0,val,standard,,,standard,standard,mlp512x1|mc_dropout|s0|val|standard,0.075,0.075,0.05,0.07,all,predictive_entropy,50,,,50,-0.6567121347353883,2.2315504544932403e-07
mlp512x1,mc_dropout,0,val,standard,,,standard,standard,mlp512x1|mc_dropout|s0|val|standard,0.075,0.075,0.05,0.07,clean_correct,predictive_entropy,48,,,48,-0.6272276447085705,1.8377178001905748e-06
mlp512x1,mc_dropout,0,val,standard,,,standard,standard,mlp512x1|mc_dropout|s0|val|standard,0.075,0.075,0.05,0.08,all,expected_entropy,50,,,50,-0.6192528550866617,1.6330413275324614e-06
mlp512x1,mc_dropout,0,val,standard,,,standard,standard,mlp512x1|mc_dropout|s0|val|standard,0.075,0.075,0.05,0.08,clean_correct,expected_entropy,48,,,48,-0.6021249618838997,5.970302645567769e-06
mlp512x1,mc_dropout,0,val,standard,,,standard,standard,mlp512x1|mc_dropout|s0|val|standard,0.075,0.075,0.05,0.08,all,mutual_information,50,,,50,-0.5897694735312652,6.5771120857338895e-06
mlp512x1,mc_dropout,0,val,standard,,,standard,standard,mlp512x1|mc_dropout|s0|val|standard,0.075,0.075,0.05,0.08,clean_correct,mutual_information,48,,,48,-0.5703199733804069,2.317454920859121e-05
mlp512x1,mc_dropout,0,val,standard,,,standard,standard,mlp512x1|mc_dropout|s0|val|standard,0.075,0.075,0.05,0.08,all,one_minus_confidence,50,,,50,-0.615329413482474,1.9818688315703295e-06
mlp512x1,mc_dropout,0,val,standard,,,standard,standard,mlp512x1|mc_dropout|s0|val|standard,0.075,0.075,0.05,0.08,clean_correct,one_minus_confidence,48,,,48,-0.5979521164638976,7.192524976644169e-06
mlp512x1,mc_dropout,0,val,standard,,,standard,standard,mlp512x1|mc_dropout|s0|val|standard,0.075,0.075,0.05,0.08,all,predictive_entropy,50,,,50,-0.6174196914666371,1.788230351294255e-06
mlp512x1,mc_dropout,0,val,standard,,,standard,standard,mlp512x1|mc_dropout|s0|val|standard,0.075,0.075,0.05,0.08,clean_correct,predictive_entropy,48,,,48,-0.6002977453091928,6.479698628631291e-06
mlp512x1,mc_dropout,0,val,standard,,,standard,standard,mlp512x1|mc_dropout|s0|val|standard,0.075,0.075,0.05,0.1,all,expected_entropy,50,,,50,-0.4975224418626199,0.00023694848644733828
mlp512x1,mc_dropout,0,val,standard,,,standard,standard,mlp512x1|mc_dropout|s0|val|standard,0.075,0.075,0.05,0.1,clean_correct,expected_entropy,48,,,48,-0.4872128739068525,0.0004448119042589293
mlp512x1,mc_dropout,0,val,standard,,,standard,standard,mlp512x1|mc_dropout|s0|val|standard,0.075,0.075,0.05,0.1,all,mutual_information,50,,,50,-0.4776191747515543,0.00045235926123951277
mlp512x1,mc_dropout,0,val,standard,,,standard,standard,mlp512x1|mc_dropout|s0|val|standard,0.075,0.075,0.05,0.1,clean_correct,mutual_information,48,,,48,-0.46581144072547775,0.0008483528320290316
mlp512x1,mc_dropout,0,val,standard,,,standard,standard,mlp512x1|mc_dropout|s0|val|standard,0.075,0.075,0.05,0.1,all,one_minus_confidence,50,,,50,-0.4955086732775581,0.0002534269294344498
mlp512x1,mc_dropout,0,val,standard,,,standard,standard,mlp512x1|mc_dropout|s0|val|standard,0.075,0.075,0.05,0.1,clean_correct,one_minus_confidence,48,,,48,-0.48496680155218524,0.0004769452266004647
mlp512x1,mc_dropout,0,val,standard,,,standard,standard,mlp512x1|mc_dropout|s0|val|standard,0.075,0.075,0.05,0.1,all,predictive_entropy,50,,,50,-0.49965493476737693,0.00022056463284714743
mlp512x1,mc_dropout,0,val,standard,,,standard,standard,mlp512x1|mc_dropout|s0|val|standard,0.075,0.075,0.05,0.1,clean_correct,predictive_entropy,48,,,48,-0.48945870331477453,0.0004146477630564902
mlp512x1,mc_dropout,1,val,robust,0.08,0.25,robust_eps0p08_lam0p25,"robust ($\epsilon_{train}=0.08$, $\lambda=0.25$)",mlp512x1|mc_dropout|s1|val|robust_eps0p08_lam0p25,0.075,0.075,0.05,0.01,all,expected_entropy,50,-0.39275776696424847,0.004782661266433259,50,-0.39275776696424847,0.004782661266433259
mlp512x1,mc_dropout,1,val,robust,0.08,0.25,robust_eps0p08_lam0p25,"robust ($\epsilon_{train}=0.08$, $\lambda=0.25$)",mlp512x1|mc_dropout|s1|val|robust_eps0p08_lam0p25,0.075,0.075,0.05,0.01,clean_correct,expected_entropy,48,-0.24743582965269678,0.08996610354814244,48,-0.24743582965269678,0.08996610354814244
mlp512x1,mc_dropout,1,val,robust,0.08,0.25,robust_eps0p08_lam0p25,"robust ($\epsilon_{train}=0.08$, $\lambda=0.25$)",mlp512x1|mc_dropout|s1|val|robust_eps0p08_lam0p25,0.075,0.075,0.05,0.01,all,mutual_information,50,-0.39882352398300136,0.004119495538233468,50,-0.39882352398300136,0.004119495538233468
mlp512x1,mc_dropout,1,val,robust,0.08,0.25,robust_eps0p08_lam0p25,"robust ($\epsilon_{train}=0.08$, $\lambda=0.25$)",mlp512x1|mc_dropout|s1|val|robust_eps0p08_lam0p25,0.075,0.075,0.05,0.01,clean_correct,mutual_information,48,-0.24743582965269678,0.08996610354814244,48,-0.24743582965269678,0.08996610354814244
mlp512x1,mc_dropout,1,val,robust,0.08,0.25,robust_eps0p08_lam0p25,"robust ($\epsilon_{train}=0.08$, $\lambda=0.25$)",mlp512x1|mc_dropout|s1|val|robust_eps0p08_lam0p25,0.075,0.075,0.05,0.01,all,one_minus_confidence,50,-0.3930220723555104,0.004751925581032142,50,-0.3930220723555104,0.004751925581032142
mlp512x1,mc_dropout,1,val,robust,0.08,0.25,robust_eps0p08_lam0p25,"robust ($\epsilon_{train}=0.08$, $\lambda=0.25$)",mlp512x1|mc_dropout|s1|val|robust_eps0p08_lam0p25,0.075,0.075,0.05,0.01,clean_correct,one_minus_confidence,48,-0.24762406538144455,0.08971401949148541,48,-0.24762406538144455,0.08971401949148541
mlp512x1,mc_dropout,1,val,robust,0.08,0.25,robust_eps0p08_lam0p25,"robust ($\epsilon_{train}=0.08$, $\lambda=0.25$)",mlp512x1|mc_dropout|s1|val|robust_eps0p08_lam0p25,0.075,0.075,0.05,0.01,all,predictive_entropy,50,-0.39275776696424847,0.004782661266433259,50,-0.39275776696424847,0.004782661266433259
mlp512x1,mc_dropout,1,val,robust,0.08,0.25,robust_eps0p08_lam0p25,"robust ($\epsilon_{train}=0.08$, $\lambda=0.25$)",mlp512x1|mc_dropout|s1|val|robust_eps0p08_lam0p25,0.075,0.075,0.05,0.01,clean_correct,predictive_entropy,48,-0.24743582965269678,0.08996610354814244,48,-0.24743582965269678,0.08996610354814244
mlp512x1,mc_dropout,1,val,robust,0.08,0.25,robust_eps0p08_lam0p25,"robust ($\epsilon_{train}=0.08$, $\lambda=0.25$)",mlp512x1|mc_dropout|s1|val|robust_eps0p08_lam0p25,0.075,0.075,0.05,0.05,all,expected_entropy,50,-0.4697190883232919,0.000578503892897291,50,-0.4822237905046734,0.0003908634160373524
mlp512x1,mc_dropout,1,val,robust,0.08,0.25,robust_eps0p08_lam0p25,"robust ($\epsilon_{train}=0.08$, $\lambda=0.25$)",mlp512x1|mc_dropout|s1|val|robust_eps0p08_lam0p25,0.075,0.075,0.05,0.05,clean_correct,expected_entropy,48,-0.3784236095867793,0.007998929450434485,48,-0.39062527776585937,0.006051312412525132
mlp512x1,mc_dropout,1,val,robust,0.08,0.25,robust_eps0p08_lam0p25,"robust ($\epsilon_{train}=0.08$, $\lambda=0.25$)",mlp512x1|mc_dropout|s1|val|robust_eps0p08_lam0p25,0.075,0.075,0.05,0.05,all,mutual_information,50,-0.46792681463463465,0.0006112035772562137,50,-0.48041799069626145,0.0004140167547513034
mlp512x1,mc_dropout,1,val,robust,0.08,0.25,robust_eps0p08_lam0p25,"robust ($\epsilon_{train}=0.08$, $\lambda=0.25$)",mlp512x1|mc_dropout|s1|val|robust_eps0p08_lam0p25,0.075,0.075,0.05,0.05,clean_correct,mutual_information,48,-0.3752406072631521,0.008588512454922738,48,-0.387318896938337,0.006533236652729661
mlp512x1,mc_dropout,1,val,robust,0.08,0.25,robust_eps0p08_lam0p25,"robust ($\epsilon_{train}=0.08$, $\lambda=0.25$)",mlp512x1|mc_dropout|s1|val|robust_eps0p08_lam0p25,0.075,0.075,0.05,0.05,all,one_minus_confidence,50,-0.47347866585622456,0.0005149801133711733,50,-0.48616233187459734,0.00034437669213499485
mlp512x1,mc_dropout,1,val,robust,0.08,0.25,robust_eps0p08_lam0p25,"robust ($\epsilon_{train}=0.08$, $\lambda=0.25$)",mlp512x1|mc_dropout|s1|val|robust_eps0p08_lam0p25,0.075,0.075,0.05,0.05,clean_correct,one_minus_confidence,48,-0.38295872540311504,0.007219550872498299,48,-0.3954603589525176,0.005402371764595601
mlp512x1,mc_dropout,1,val,robust,0.08,0.25,robust_eps0p08_lam0p25,"robust ($\epsilon_{train}=0.08$, $\lambda=0.25$)",mlp512x1|mc_dropout|s1|val|robust_eps0p08_lam0p25,0.075,0.075,0.05,0.05,all,predictive_entropy,50,-0.4700775430610234,0.0005721563777025918,50,-0.48259999879809257,0.0003861898083322621
mlp512x1,mc_dropout,1,val,robust,0.08,0.25,robust_eps0p08_lam0p25,"robust ($\epsilon_{train}=0.08$, $\lambda=0.25$)",mlp512x1|mc_dropout|s1|val|robust_eps0p08_lam0p25,0.075,0.075,0.05,0.05,clean_correct,predictive_entropy,48,-0.3788656932428386,0.007919880372035856,48,-0.3910976178840769,0.005985058105697854
mlp512x1,mc_dropout,1,val,robust,0.08,0.25,robust_eps0p08_lam0p25,"robust ($\epsilon_{train}=0.08$, $\lambda=0.25$)",mlp512x1|mc_dropout|s1|val|robust_eps0p08_lam0p25,0.075,0.075,0.05,0.07,all,expected_entropy,50,-0.51619736246718,0.00012446735892385145,50,-0.46563779420460444,0.0006553836366409283
mlp512x1,mc_dropout,1,val,robust,0.08,0.25,robust_eps0p08_lam0p25,"robust ($\epsilon_{train}=0.08$, $\lambda=0.25$)",mlp512x1|mc_dropout|s1|val|robust_eps0p08_lam0p25,0.075,0.075,0.05,0.07,clean_correct,expected_entropy,48,-0.449105917147857,0.0013651190666210062,48,-0.385887261684669,0.00675204608144853
mlp512x1,mc_dropout,1,val,robust,0.08,0.25,robust_eps0p08_lam0p25,"robust ($\epsilon_{train}=0.08$, $\lambda=0.25$)",mlp512x1|mc_dropout|s1|val|robust_eps0p08_lam0p25,0.075,0.075,0.05,0.07,all,mutual_information,50,-0.5320689632399743,6.987579012283655e-05,50,-0.46658601931689586,0.0006367447374825905
mlp512x1,mc_dropout,1,val,robust,0.08,0.25,robust_eps0p08_lam0p25,"robust ($\epsilon_{train}=0.08$, $\lambda=0.25$)",mlp512x1|mc_dropout|s1|val|robust_eps0p08_lam0p25,0.075,0.075,0.05,0.07,clean_correct,mutual_information,48,-0.4663908849246483,0.0008341073150057797,48,-0.3861648284976053,0.006709132344024162
mlp512x1,mc_dropout,1,val,robust,0.08,0.25,robust_eps0p08_lam0p25,"robust ($\epsilon_{train}=0.08$, $\lambda=0.25$)",mlp512x1|mc_dropout|s1|val|robust_eps0p08_lam0p25,0.075,0.075,0.05,0.07,all,one_minus_confidence,50,-0.5260211642147913,8.73649256787298e-05,50,-0.47146641148944357,0.0005481508150299286
mlp512x1,mc_dropout,1,val,robust,0.08,0.25,robust_eps0p08_lam0p25,"robust ($\epsilon_{train}=0.08$, $\lambda=0.25$)",mlp512x1|mc_dropout|s1|val|robust_eps0p08_lam0p25,0.075,0.075,0.05,0.07,clean_correct,one_minus_confidence,48,-0.46031200404662426,0.0009948104750109256,48,-0.392639161555068,0.005773204431670135
mlp512x1,mc_dropout,1,val,robust,0.08,0.25,robust_eps0p08_lam0p25,"robust ($\epsilon_{train}=0.08$, $\lambda=0.25$)",mlp512x1|mc_dropout|s1|val|robust_eps0p08_lam0p25,0.075,0.075,0.05,0.07,all,predictive_entropy,50,-0.5236570148303933,9.522747548364101e-05,50,-0.47079376825268904,0.000559661146206796
mlp512x1,mc_dropout,1,val,robust,0.08,0.25,robust_eps0p08_lam0p25,"robust ($\epsilon_{train}=0.08$, $\lambda=0.25$)",mlp512x1|mc_dropout|s1|val|robust_eps0p08_lam0p25,0.075,0.075,0.05,0.07,clean_correct,predictive_entropy,48,-0.45765742752163796,0.0010732893506378042,48,-0.3919243398660332,0.0058706151559583435
mlp512x1,mc_dropout,1,val,robust,0.08,0.25,robust_eps0p08_lam0p25,"robust ($\epsilon_{train}=0.08$, $\lambda=0.25$)",mlp512x1|mc_dropout|s1|val|robust_eps0p08_lam0p25,0.075,0.075,0.05,0.08,all,expected_entropy,50,-0.48899750889715055,0.0003140769435513792,50,-0.5131776433003414,0.00013847428132094484
mlp512x1,mc_dropout,1,val,robust,0.08,0.25,robust_eps0p08_lam0p25,"robust ($\epsilon_{train}=0.08$, $\lambda=0.25$)",mlp512x1|mc_dropout|s1|val|robust_eps0p08_lam0p25,0.075,0.075,0.05,0.08,clean_correct,expected_entropy,48,-0.4212615239191632,0.0028658092489555233,48,-0.44369140788061034,0.0015846352671315463
mlp512x1,mc_dropout,1,val,robust,0.08,0.25,robust_eps0p08_lam0p25,"robust ($\epsilon_{train}=0.08$, $\lambda=0.25$)",mlp512x1|mc_dropout|s1|val|robust_eps0p08_lam0p25,0.075,0.075,0.05,0.08,all,mutual_information,50,-0.5029673988687948,0.00019714790157274225,50,-0.5188465941004203,0.00011325679849452175
mlp512x1,mc_dropout,1,val,robust,0.08,0.25,robust_eps0p08_lam0p25,"robust ($\epsilon_{train}=0.08$, $\lambda=0.25$)",mlp512x1|mc_dropout|s1|val|robust_eps0p08_lam0p25,0.075,0.075,0.05,0.08,clean_correct,mutual_information,48,-0.43637982593211977,0.0019307257271343958,48,-0.4492812208932794,0.0013584891332294898
mlp512x1,mc_dropout,1,val,robust,0.08,0.25,robust_eps0p08_lam0p25,"robust ($\epsilon_{train}=0.08$, $\lambda=0.25$)",mlp512x1|mc_dropout|s1|val|robust_eps0p08_lam0p25,0.075,0.075,0.05,0.08,all,one_minus_confidence,50,-0.49868036887544565,0.0002279199877627064,50,-0.5194711276396173,0.00011075200443255128
mlp512x1,mc_dropout,1,val,robust,0.08,0.25,robust_eps0p08_lam0p25,"robust ($\epsilon_{train}=0.08$, $\lambda=0.25$)",mlp512x1|mc_dropout|s1|val|robust_eps0p08_lam0p25,0.075,0.075,0.05,0.08,clean_correct,one_minus_confidence,48,-0.43225495873103253,0.002154244062208807,48,-0.4508943881322593,0.0012988142313571506
mlp512x1,mc_dropout,1,val,robust,0.08,0.25,robust_eps0p08_lam0p25,"robust ($\epsilon_{train}=0.08$, $\lambda=0.25$)",mlp512x1|mc_dropout|s1|val|robust_eps0p08_lam0p25,0.075,0.075,0.05,0.08,all,predictive_entropy,50,-0.4973178110126151,0.00023857737765049824,50,-0.5191217858868319,0.00011214679184643116
mlp512x1,mc_dropout,1,val,robust,0.08,0.25,robust_eps0p08_lam0p25,"robust ($\epsilon_{train}=0.08$, $\lambda=0.25$)",mlp512x1|mc_dropout|s1|val|robust_eps0p08_lam0p25,0.075,0.075,0.05,0.08,clean_correct,predictive_entropy,48,-0.4307544112296243,0.002241072139220206,48,-0.45055163294161327,0.0013112942135493813
mlp512x1,mc_dropout,1,val,robust,0.08,0.25,robust_eps0p08_lam0p25,"robust ($\epsilon_{train}=0.08$, $\lambda=0.25$)",mlp512x1|mc_dropout|s1|val|robust_eps0p08_lam0p25,0.075,0.075,0.05,0.1,all,expected_entropy,50,-0.4523265732314662,0.000974197074111762,50,-0.4718998297954544,0.000540847655923329
mlp512x1,mc_dropout,1,val,robust,0.08,0.25,robust_eps0p08_lam0p25,"robust ($\epsilon_{train}=0.08$, $\lambda=0.25$)",mlp512x1|mc_dropout|s1|val|robust_eps0p08_lam0p25,0.075,0.075,0.05,0.1,clean_correct,expected_entropy,48,-0.387381577956829,0.006523799100956159,48,-0.4021153146163625,0.004608872780523815
mlp512x1,mc_dropout,1,val,robust,0.08,0.25,robust_eps0p08_lam0p25,"robust ($\epsilon_{train}=0.08$, $\lambda=0.25$)",mlp512x1|mc_dropout|s1|val|robust_eps0p08_lam0p25,0.075,0.075,0.05,0.1,all,mutual_information,50,-0.46843258163052737,0.0006018113760816467,50,-0.4893738275952861,0.00031024224810759503
mlp512x1,mc_dropout,1,val,robust,0.08,0.25,robust_eps0p08_lam0p25,"robust ($\epsilon_{train}=0.08$, $\lambda=0.25$)",mlp512x1|mc_dropout|s1|val|robust_eps0p08_lam0p25,0.075,0.075,0.05,0.1,clean_correct,mutual_information,48,-0.40537890905737284,0.004258480955022461,48,-0.4207521924667598,0.0029032972635184336
mlp512x1,mc_dropout,1,val,robust,0.08,0.25,robust_eps0p08_lam0p25,"robust ($\epsilon_{train}=0.08$, $\lambda=0.25$)",mlp512x1|mc_dropout|s1|val|robust_eps0p08_lam0p25,0.075,0.075,0.05,0.1,all,one_minus_confidence,50,-0.46403897440699027,0.0006879257665239049,50,-0.48414645227942604,0.000367504642504102
mlp512x1,mc_dropout,1,val,robust,0.08,0.25,robust_eps0p08_lam0p25,"robust ($\epsilon_{train}=0.08$, $\lambda=0.25$)",mlp512x1|mc_dropout|s1|val|robust_eps0p08_lam0p25,0.075,0.075,0.05,0.1,clean_correct,one_minus_confidence,48,-0.4005805154789975,0.004782203911497998,48,-0.41601731882142573,0.003273035888197378
mlp512x1,mc_dropout,1,val,robust,0.08,0.25,robust_eps0p08_lam0p25,"robust ($\epsilon_{train}=0.08$, $\lambda=0.25$)",mlp512x1|mc_dropout|s1|val|robust_eps0p08_lam0p25,0.075,0.075,0.05,0.1,all,predictive_entropy,50,-0.46314476561999224,0.0007067535852826147,50,-0.48091702399536757,0.0004074974441640033
mlp512x1,mc_dropout,1,val,robust,0.08,0.25,robust_eps0p08_lam0p25,"robust ($\epsilon_{train}=0.08$, $\lambda=0.25$)",mlp512x1|mc_dropout|s1|val|robust_eps0p08_lam0p25,0.075,0.075,0.05,0.1,clean_correct,predictive_entropy,48,-0.3996175683087232,0.004893841486124239,48,-0.41239172389835727,0.003583575209635285
mlp512x1,mc_dropout,1,val,standard,,,standard,standard,mlp512x1|mc_dropout|s1|val|standard,0.075,0.075,0.05,0.01,all,expected_entropy,50,-0.7611464564633285,1.3987490010881506e-10,50,-0.6064120230502373,3.0478462740727646e-06
mlp512x1,mc_dropout,1,val,standard,,,standard,standard,mlp512x1|mc_dropout|s1|val|standard,0.075,0.075,0.05,0.01,clean_correct,expected_entropy,49,-0.7439747457594982,9.035977482829346e-10,49,-0.5730625148046432,1.6821907265348566e-05
mlp512x1,mc_dropout,1,val,standard,,,standard,standard,mlp512x1|mc_dropout|s1|val|standard,0.075,0.075,0.05,0.01,all,mutual_information,50,-0.7522600952810823,3.009703915406911e-10,50,-0.5885808010325071,6.937239767678118e-06
mlp512x1,mc_dropout,1,val,standard,,,standard,standard,mlp512x1|mc_dropout|s1|val|standard,0.075,0.075,0.05,0.01,clean_correct,mutual_information,49,-0.734375071620666,1.907931266901722e-09,49,-0.5531918760323388,3.750542138528585e-05
mlp512x1,mc_dropout,1,val,standard,,,standard,standard,mlp512x1|mc_dropout|s1|val|standard,0.075,0.075,0.05,0.01,all,one_minus_confidence,50,-0.7584301308762633,1.7740626670887583e-10,50,-0.6027139381732709,3.6295428999795208e-06
mlp512x1,mc_dropout,1,val,standard,,,standard,standard,mlp512x1|mc_dropout|s1|val|standard,0.075,0.075,0.05,0.01,clean_correct,one_minus_confidence,49,-0.7408969682067778,1.152343637602293e-09,49,-0.5690769740629484,1.983938981407463e-05
mlp512x1,mc_dropout,1,val,standard,,,standard,standard,mlp512x1|mc_dropout|s1|val|standard,0.075,0.075,0.05,0.01,all,predictive_entropy,50,-0.7609094868318019,1.42823424019431e-10,50,-0.6025749246413588,3.6532968412023232e-06
mlp512x1,mc_dropout,1,val,standard,,,standard,standard,mlp512x1|mc_dropout|s1|val|standard,0.075,0.075,0.05,0.01,clean_correct,predictive_entropy,49,-0.7437187544491293,9.221798465640153e-10,49,-0.5687865545625017,2.0077667623563798e-05
mlp512x1,mc_dropout,1,val,standard,,,standard,standard,mlp512x1|mc_dropout|s1|val|standard,0.075,0.075,0.05,0.05,all,expected_entropy,50,-0.24253562503633297,0.08968701715206398,50,-0.8221498498555193,2.4851546982478933e-13
mlp512x1,mc_dropout,1,val,standard,,,standard,standard,mlp512x1|mc_dropout|s1|val|standard,0.075,0.075,0.05,0.05,clean_correct,expected_entropy,49,-0.2449489742783178,0.08982359368756544,49,-0.812289817170591,1.395480798630242e-12
mlp512x1,mc_dropout,1,val,standard,,,standard,standard,mlp512x1|mc_dropout|s1|val|standard,0.075,0.075,0.05,0.05,all,mutual_information,50,-0.24253562503633297,0.08968701715206398,50,-0.8204667917315827,3.053053124240611e-13
mlp512x1,mc_dropout,1,val,standard,,,standard,standard,mlp512x1|mc_dropout|s1|val|standard,0.075,0.075,0.05,0.05,clean_correct,mutual_information,49,-0.2449489742783178,0.08982359368756544,49,-0.8105531729032326,1.6974702575245538e-12
mlp512x1,mc_dropout,1,val,standard,,,standard,standard,mlp512x1|mc_dropout|s1|val|standard,0.075,0.075,0.05,0.05,all,one_minus_confidence,50,-0.22284383204977934,0.11982205991001646,50,-0.8155689042847968,5.490982349468383e-13
mlp512x1,mc_dropout,1,val,standard,,,standard,standard,mlp512x1|mc_dropout|s1|val|standard,0.075,0.075,0.05,0.05,clean_correct,one_minus_confidence,49,-0.22465120697206925,0.12069258766315864,49,-0.8053456134122393,3.0185207274773736e-12
mlp512x1,mc_dropout,1,val,standard,,,standard,standard,mlp512x1|mc_dropout|s1|val|standard,0.075,0.075,0.05,0.05,all,predictive_entropy,50,-0.24253562503633297,0.08968701715206398,50,-0.8245061312290305,1.8562459778707825e-13
mlp512x1,mc_dropout,1,val,standard,,,standard,standard,mlp512x1|mc_dropout|s1|val|standard,0.075,0.075,0.05,0.05,clean_correct,predictive_entropy,49,-0.2449489742783178,0.08982359368756544,49,-0.8147926280264899,1.048471144625026e-12
mlp512x1,mc_dropout,1,val,standard,,,standard,standard,mlp512x1|mc_dropout|s1|val|standard,0.075,0.075,0.05,0.07,all,expected_entropy,50,,,50,-0.755638124466374,2.2577707298044776e-10
mlp512x1,mc_dropout,1,val,standard,,,standard,standard,mlp512x1|mc_dropout|s1|val|standard,0.075,0.075,0.05,0.07,clean_correct,expected_entropy,49,,,49,-0.7494958047598779,5.790928551873468e-10
mlp512x1,mc_dropout,1,val,standard,,,standard,standard,mlp512x1|mc_dropout|s1|val|standard,0.075,0.075,0.05,0.07,all,mutual_information,50,,,50,-0.754156384239301,2.5626384150993037e-10
mlp512x1,mc_dropout,1,val,standard,,,standard,standard,mlp512x1|mc_dropout|s1|val|standard,0.075,0.075,0.05,0.07,clean_correct,mutual_information,49,,,49,-0.7481875101698068,6.441451837551934e-10
mlp512x1,mc_dropout,1,val,standard,,,standard,standard,mlp512x1|mc_dropout|s1|val|standard,0.075,0.075,0.05,0.07,all,one_minus_confidence,50,,,50,-0.75140563546793,3.234360231365303e-10
mlp512x1,mc_dropout,1,val,standard,,,standard,standard,mlp512x1|mc_dropout|s1|val|standard,0.075,0.075,0.05,0.07,clean_correct,one_minus_confidence,49,,,49,-0.7450091526108312,8.320447063847435e-10
mlp512x1,mc_dropout,1,val,standard,,,standard,standard,mlp512x1|mc_dropout|s1|val|standard,0.075,0.075,0.05,0.07,all,predictive_entropy,50,,,50,-0.760280910511203,1.5093168542625175e-10
mlp512x1,mc_dropout,1,val,standard,,,standard,standard,mlp512x1|mc_dropout|s1|val|standard,0.075,0.075,0.05,0.07,clean_correct,predictive_entropy,49,,,49,-0.7543103288513391,3.891720826298991e-10
mlp512x1,mc_dropout,1,val,standard,,,standard,standard,mlp512x1|mc_dropout|s1|val|standard,0.075,0.075,0.05,0.08,all,expected_entropy,50,,,50,-0.6731674571977653,8.506511118916372e-08
mlp512x1,mc_dropout,1,val,standard,,,standard,standard,mlp512x1|mc_dropout|s1|val|standard,0.075,0.075,0.05,0.08,clean_correct,expected_entropy,49,,,49,-0.6675964595859839,1.610365102289524e-07
mlp512x1,mc_dropout,1,val,standard,,,standard,standard,mlp512x1|mc_dropout|s1|val|standard,0.075,0.075,0.05,0.08,all,mutual_information,50,,,50,-0.6845753487405325,4.2027973580415085e-08
mlp512x1,mc_dropout,1,val,standard,,,standard,standard,mlp512x1|mc_dropout|s1|val|standard,0.075,0.075,0.05,0.08,clean_correct,mutual_information,49,,,49,-0.6793994485784219,7.997020014148635e-08
mlp512x1,mc_dropout,1,val,standard,,,standard,standard,mlp512x1|mc_dropout|s1|val|standard,0.075,0.075,0.05,0.08,all,one_minus_confidence,50,,,50,-0.6688033043638485,1.1050579848620436e-07
mlp512x1,mc_dropout,1,val,standard,,,standard,standard,mlp512x1|mc_dropout|s1|val|standard,0.075,0.075,0.05,0.08,clean_correct,one_minus_confidence,49,,,49,-0.6629764659427322,2.1001477993629882e-07
mlp512x1,mc_dropout,1,val,standard,,,standard,standard,mlp512x1|mc_dropout|s1|val|standard,0.075,0.075,0.05,0.08,all,predictive_entropy,50,,,50,-0.6774454165263029,6.553959752837626e-08
mlp512x1,mc_dropout,1,val,standard,,,standard,standard,mlp512x1|mc_dropout|s1|val|standard,0.075,0.075,0.05,0.08,clean_correct,predictive_entropy,49,,,49,-0.6720158435922848,1.243666803423407e-07
mlp512x1,mc_dropout,1,val,standard,,,standard,standard,mlp512x1|mc_dropout|s1|val|standard,0.075,0.075,0.05,0.1,all,expected_entropy,50,,,50,-0.6072431862543368,2.929620928070643e-06
mlp512x1,mc_dropout,1,val,standard,,,standard,standard,mlp512x1|mc_dropout|s1|val|standard,0.075,0.075,0.05,0.1,clean_correct,expected_entropy,49,,,49,-0.607647800870728,3.6539012535743397e-06
mlp512x1,mc_dropout,1,val,standard,,,standard,standard,mlp512x1|mc_dropout|s1|val|standard,0.075,0.075,0.05,0.1,all,mutual_information,50,,,50,-0.6015150643292472,3.839198132762607e-06
mlp512x1,mc_dropout,1,val,standard,,,standard,standard,mlp512x1|mc_dropout|s1|val|standard,0.075,0.075,0.05,0.1,clean_correct,mutual_information,49,,,49,-0.6017368300451372,4.804071502493205e-06
mlp512x1,mc_dropout,1,val,standard,,,standard,standard,mlp512x1|mc_dropout|s1|val|standard,0.075,0.075,0.05,0.1,all,one_minus_confidence,50,,,50,-0.5966338698350541,4.814189911351647e-06
mlp512x1,mc_dropout,1,val,standard,,,standard,standard,mlp512x1|mc_dropout|s1|val|standard,0.075,0.075,0.05,0.1,clean_correct,one_minus_confidence,49,,,49,-0.5966557727559206,6.05186776328523e-06
mlp512x1,mc_dropout,1,val,standard,,,standard,standard,mlp512x1|mc_dropout|s1|val|standard,0.075,0.075,0.05,0.1,all,predictive_entropy,50,,,50,-0.6066828265007954,3.0088491894018696e-06
mlp512x1,mc_dropout,1,val,standard,,,standard,standard,mlp512x1|mc_dropout|s1|val|standard,0.075,0.075,0.05,0.1,clean_correct,predictive_entropy,49,,,49,-0.6070567037881689,3.7562111607162197e-06
mlp512x1,mc_dropout,2,val,robust,0.08,0.25,robust_eps0p08_lam0p25,"robust ($\epsilon_{train}=0.08$, $\lambda=0.25$)",mlp512x1|mc_dropout|s2|val|robust_eps0p08_lam0p25,0.075,0.075,0.05,0.01,all,expected_entropy,50,-0.38480923944939516,0.005792123408402243,50,-0.38480923944939516,0.005792123408402243
mlp512x1,mc_dropout,2,val,robust,0.08,0.25,robust_eps0p08_lam0p25,"robust ($\epsilon_{train}=0.08$, $\lambda=0.25$)",mlp512x1|mc_dropout|s2|val|robust_eps0p08_lam0p25,0.075,0.075,0.05,0.01,clean_correct,expected_entropy,48,-0.24735299796297502,0.09007720571004375,48,-0.24735299796297502,0.09007720571004375
mlp512x1,mc_dropout,2,val,robust,0.08,0.25,robust_eps0p08_lam0p25,"robust ($\epsilon_{train}=0.08$, $\lambda=0.25$)",mlp512x1|mc_dropout|s2|val|robust_eps0p08_lam0p25,0.075,0.075,0.05,0.01,all,mutual_information,50,-0.4246170918062291,0.002116157719817758,50,-0.4246170918062291,0.002116157719817758
mlp512x1,mc_dropout,2,val,robust,0.08,0.25,robust_eps0p08_lam0p25,"robust ($\epsilon_{train}=0.08$, $\lambda=0.25$)",mlp512x1|mc_dropout|s2|val|robust_eps0p08_lam0p25,0.075,0.075,0.05,0.01,clean_correct,mutual_information,48,-0.28481647484076406,0.04975074461510444,48,-0.28481647484076406,0.04975074461510444
mlp512x1,mc_dropout,2,val,robust,0.08,0.25,robust_eps0p08_lam0p25,"robust ($\epsilon_{train}=0.08$, $\lambda=0.25$)",mlp512x1|mc_dropout|s2|val|robust_eps0p08_lam0p25,0.075,0.075,0.05,0.01,all,one_minus_confidence,50,-0.4060432609497518,0.0034365507928143754,50,-0.4060432609497518,0.0034365507928143754
mlp512x1,mc_dropout,2,val,robust,0.08,0.25,robust_eps0p08_lam0p25,"robust ($\epsilon_{train}=0.08$, $\lambda=0.25$)",mlp512x1|mc_dropout|s2|val|robust_eps0p08_lam0p25,0.075,0.075,0.05,0.01,clean_correct,one_minus_confidence,48,-0.2630013211150454,0.07091241271446662,48,-0.2630013211150454,0.07091241271446662
mlp512x1,mc_dropout,2,val,robust,0.08,0.25,robust_eps0p08_lam0p25,"robust ($\epsilon_{train}=0.08$, $\lambda=0.25$)",mlp512x1|mc_dropout|s2|val|robust_eps0p08_lam0p25,0.075,0.075,0.05,0.01,all,predictive_entropy,50,-0.3954246667445509,0.004480374331675805,50,-0.3954246667445509,0.004480374331675805
mlp512x1,mc_dropout,2,val,robust,0.08,0.25,robust_eps0p08_lam0p25,"robust ($\epsilon_{train}=0.08$, $\lambda=0.25$)",mlp512x1|mc_dropout|s2|val|robust_eps0p08_lam0p25,0.075,0.075,0.05,0.01,clean_correct,predictive_entropy,48,-0.24735299796297502,0.09007720571004375,48,-0.24735299796297502,0.09007720571004375
mlp512x1,mc_dropout,2,val,robust,0.08,0.25,robust_eps0p08_lam0p25,"robust ($\epsilon_{train}=0.08$, $\lambda=0.25$)",mlp512x1|mc_dropout|s2|val|robust_eps0p08_lam0p25,0.075,0.075,0.05,0.05,all,expected_entropy,50,-0.5911785954423584,6.17263931208237e-06,50,-0.4492679440011554,0.0010647145313685438
mlp512x1,mc_dropout,2,val,robust,0.08,0.25,robust_eps0p08_lam0p25,"robust ($\epsilon_{train}=0.08$, $\lambda=0.25$)",mlp512x1|mc_dropout|s2|val|robust_eps0p08_lam0p25,0.075,0.075,0.05,0.05,clean_correct,expected_entropy,48,-0.5280975304373304,0.00011444989547401474,48,-0.3543495566867566,0.013471503142738936
mlp512x1,mc_dropout,2,val,robust,0.08,0.25,robust_eps0p08_lam0p25,"robust ($\epsilon_{train}=0.08$, $\lambda=0.25$)",mlp512x1|mc_dropout|s2|val|robust_eps0p08_lam0p25,0.075,0.075,0.05,0.05,all,mutual_information,50,-0.5976706956612458,4.589675824462337e-06,50,-0.48154661557651895,0.0003994050055369734
mlp512x1,mc_dropout,2,val,robust,0.08,0.25,robust_eps0p08_lam0p25,"robust ($\epsilon_{train}=0.08$, $\lambda=0.25$)",mlp512x1|mc_dropout|s2|val|robust_eps0p08_lam0p25,0.075,0.075,0.05,0.05,clean_correct,mutual_information,48,-0.5289743716199432,0.00011095184515133652,48,-0.37928911492863976,0.0078448032994365
mlp512x1,mc_dropout,2,val,robust,0.08,0.25,robust_eps0p08_lam0p25,"robust ($\epsilon_{train}=0.08$, $\lambda=0.25$)",mlp512x1|mc_dropout|s2|val|robust_eps0p08_lam0p25,0.075,0.075,0.05,0.05,all,one_minus_confidence,50,-0.5914451884726367,6.09875744608623e-06,50,-0.45922404502184233,0.0007948951907334591
mlp512x1,mc_dropout,2,val,robust,0.08,0.25,robust_eps0p08_lam0p25,"robust ($\epsilon_{train}=0.08$, $\lambda=0.25$)",mlp512x1|mc_dropout|s2|val|robust_eps0p08_lam0p25,0.075,0.075,0.05,0.05,clean_correct,one_minus_confidence,48,-0.5224345474413729,0.00013957123594001507,48,-0.35591759008261065,0.013036726004384993
mlp512x1,mc_dropout,2,val,robust,0.08,0.25,robust_eps0p08_lam0p25,"robust ($\epsilon_{train}=0.08$, $\lambda=0.25$)",mlp512x1|mc_dropout|s2|val|robust_eps0p08_lam0p25,0.075,0.075,0.05,0.05,all,predictive_entropy,50,-0.5860776595560898,7.756057799573274e-06,50,-0.45047181054009666,0.0010282252742947252
mlp512x1,mc_dropout,2,val,robust,0.08,0.25,robust_eps0p08_lam0p25,"robust ($\epsilon_{train}=0.08$, $\lambda=0.25$)",mlp512x1|mc_dropout|s2|val|robust_eps0p08_lam0p25,0.075,0.075,0.05,0.05,clean_correct,predictive_entropy,48,-0.5162203180546644,0.00017283508843217072,48,-0.34528062641698093,0.0162366788551137
mlp512x1,mc_dropout,2,val,robust,0.08,0.25,robust_eps0p08_lam0p25,"robust ($\epsilon_{train}=0.08$, $\lambda=0.25$)",mlp512x1|mc_dropout|s2|val|robust_eps0p08_lam0p25,0.075,0.075,0.05,0.07,all,expected_entropy,50,-0.6405289140163066,5.449335580306001e-07,50,-0.5329704820114537,6.756274250723984e-05
mlp512x1,mc_dropout,2,val,robust,0.08,0.25,robust_eps0p08_lam0p25,"robust ($\epsilon_{train}=0.08$, $\lambda=0.25$)",mlp512x1|mc_dropout|s2|val|robust_eps0p08_lam0p25,0.075,0.075,0.05,0.07,clean_correct,expected_entropy,48,-0.587487188356644,1.13452553333845e-05,48,-0.46034741701519116,0.0009937992013747507
mlp512x1,mc_dropout,2,val,robust,0.08,0.25,robust_eps0p08_lam0p25,"robust ($\epsilon_{train}=0.08$, $\lambda=0.25$)",mlp512x1|mc_dropout|s2|val|robust_eps0p08_lam0p25,0.075,0.075,0.05,0.07,all,mutual_information,50,-0.6504223961325407,3.1771253882657223e-07,50,-0.5389963691066036,5.3816317958074753e-05
mlp512x1,mc_dropout,2,val,robust,0.08,0.25,robust_eps0p08_lam0p25,"robust ($\epsilon_{train}=0.08$, $\lambda=0.25$)",mlp512x1|mc_dropout|s2|val|robust_eps0p08_lam0p25,0.075,0.075,0.05,0.07,clean_correct,mutual_information,48,-0.5959492234191599,7.857829604132716e-06,48,-0.46088261580594125,0.0009786273542579454
mlp512x1,mc_dropout,2,val,robust,0.08,0.25,robust_eps0p08_lam0p25,"robust ($\epsilon_{train}=0.08$, $\lambda=0.25$)",mlp512x1|mc_dropout|s2|val|robust_eps0p08_lam0p25,0.075,0.075,0.05,0.07,all,one_minus_confidence,50,-0.6343450146238233,7.561498324960205e-07,50,-0.5238031827256282,9.472321089404583e-05
mlp512x1,mc_dropout,2,val,robust,0.08,0.25,robust_eps0p08_lam0p25,"robust ($\epsilon_{train}=0.08$, $\lambda=0.25$)",mlp512x1|mc_dropout|s2|val|robust_eps0p08_lam0p25,0.075,0.075,0.05,0.07,clean_correct,one_minus_confidence,48,-0.5772212680699852,1.747470125400648e-05,48,-0.4434302716362319,0.0015959746072189544
mlp512x1,mc_dropout,2,val,robust,0.08,0.25,robust_eps0p08_lam0p25,"robust ($\epsilon_{train}=0.08$, $\lambda=0.25$)",mlp512x1|mc_dropout|s2|val|robust_eps0p08_lam0p25,0.075,0.075,0.05,0.07,all,predictive_entropy,50,-0.6385146721483308,6.06776700927312e-07,50,-0.5277138570986634,8.210518340873481e-05
mlp512x1,mc_dropout,2,val,robust,0.08,0.25,robust_eps0p08_lam0p25,"robust ($\epsilon_{train}=0.08$, $\lambda=0.25$)",mlp512x1|mc_dropout|s2|val|robust_eps0p08_lam0p25,0.075,0.075,0.05,0.07,clean_correct,predictive_entropy,48,-0.5822851176214907,1.4147162041829696e-05,48,-0.44834367270836756,0.0013942835604799292
mlp512x1,mc_dropout,2,val,robust,0.08,0.25,robust_eps0p08_lam0p25,"robust ($\epsilon_{train}=0.08$, $\lambda=0.25$)",mlp512x1|mc_dropout|s2|val|robust_eps0p08_lam0p25,0.075,0.075,0.05,0.08,all,expected_entropy,50,-0.548967179214855,3.658006940002885e-05,50,-0.5282266985535697,8.056977232565596e-05
mlp512x1,mc_dropout,2,val,robust,0.08,0.25,robust_eps0p08_lam0p25,"robust ($\epsilon_{train}=0.08$, $\lambda=0.25$)",mlp512x1|mc_dropout|s2|val|robust_eps0p08_lam0p25,0.075,0.075,0.05,0.08,clean_correct,expected_entropy,48,-0.4873517994924902,0.0004428900575901243,48,-0.45453668728704727,0.0011725947403708773
mlp512x1,mc_dropout,2,val,robust,0.08,0.25,robust_eps0p08_lam0p25,"robust ($\epsilon_{train}=0.08$, $\lambda=0.25$)",mlp512x1|mc_dropout|s2|val|robust_eps0p08_lam0p25,0.075,0.075,0.05,0.08,all,mutual_information,50,-0.5737251383842511,1.327283851208393e-05,50,-0.5336115338300867,6.596087228710318e-05
mlp512x1,mc_dropout,2,val,robust,0.08,0.25,robust_eps0p08_lam0p25,"robust ($\epsilon_{train}=0.08$, $\lambda=0.25$)",mlp512x1|mc_dropout|s2|val|robust_eps0p08_lam0p25,0.075,0.075,0.05,0.08,clean_correct,mutual_information,48,-0.5135283895094788,0.00018936277707711527,48,-0.4544602303169401,0.0011751274152931067
mlp512x1,mc_dropout,2,val,robust,0.08,0.25,robust_eps0p08_lam0p25,"robust ($\epsilon_{train}=0.08$, $\lambda=0.25$)",mlp512x1|mc_dropout|s2|val|robust_eps0p08_lam0p25,0.075,0.075,0.05,0.08,all,one_minus_confidence,50,-0.5434167673496442,4.541879084573721e-05,50,-0.5184074543119973,0.00011504888963116744
mlp512x1,mc_dropout,2,val,robust,0.08,0.25,robust_eps0p08_lam0p25,"robust ($\epsilon_{train}=0.08$, $\lambda=0.25$)",mlp512x1|mc_dropout|s2|val|robust_eps0p08_lam0p25,0.075,0.075,0.05,0.08,clean_correct,one_minus_confidence,48,-0.4788005301587931,0.000576200469579725,48,-0.4371464589214352,0.0018915308856492085
mlp512x1,mc_dropout,2,val,robust,0.08,0.25,robust_eps0p08_lam0p25,"robust ($\epsilon_{train}=0.08$, $\lambda=0.25$)",mlp512x1|mc_dropout|s2|val|robust_eps0p08_lam0p25,0.075,0.075,0.05,0.08,all,predictive_entropy,50,-0.5482343854973676,3.7648628287239356e-05,50,-0.5229700736407793,9.763037468124557e-05
mlp512x1,mc_dropout,2,val,robust,0.08,0.25,robust_eps0p08_lam0p25,"robust ($\epsilon_{train}=0.08$, $\lambda=0.25$)",mlp512x1|mc_dropout|s2|val|robust_eps0p08_lam0p25,0.075,0.075,0.05,0.08,clean_correct,predictive_entropy,48,-0.4844765676370773,0.0004842310290012788,48,-0.44283877086065226,0.0016219267874717845
mlp512x1,mc_dropout,2,val,robust,0.08,0.25,robust_eps0p08_lam0p25,"robust ($\epsilon_{train}=0.08$, $\lambda=0.25$)",mlp512x1|mc_dropout|s2|val|robust_eps0p08_lam0p25,0.075,0.075,0.05,0.1,all,expected_entropy,50,-0.45333368450068334,0.000945939254363876,50,-0.5121607232978712,0.0001435053822301338
mlp512x1,mc_dropout,2,val,robust,0.08,0.25,robust_eps0p08_lam0p25,"robust ($\epsilon_{train}=0.08$, $\lambda=0.25$)",mlp512x1|mc_dropout|s2|val|robust_eps0p08_lam0p25,0.075,0.075,0.05,0.1,clean_correct,expected_entropy,48,-0.3838068870399765,0.007081347777377836,48,-0.4466974328285929,0.0014591734003772318
mlp512x1,mc_dropout,2,val,robust,0.08,0.25,robust_eps0p08_lam0p25,"robust ($\epsilon_{train}=0.08$, $\lambda=0.25$)",mlp512x1|mc_dropout|s2|val|robust_eps0p08_lam0p25,0.075,0.075,0.05,0.1,all,mutual_information,50,-0.4800061400888698,0.000419467977498179,50,-0.526758010232196,8.503855883100688e-05
mlp512x1,mc_dropout,2,val,robust,0.08,0.25,robust_eps0p08_lam0p25,"robust ($\epsilon_{train}=0.08$, $\lambda=0.25$)",mlp512x1|mc_dropout|s2|val|robust_eps0p08_lam0p25,0.075,0.075,0.05,0.1,clean_correct,mutual_information,48,-0.4123687431191061,0.0035856234466949215,48,-0.4606473727627924,0.0009852703153116669
mlp512x1,mc_dropout,2,val,robust,0.08,0.25,robust_eps0p08_lam0p25,"robust ($\epsilon_{train}=0.08$, $\lambda=0.25$)",mlp512x1|mc_dropout|s2|val|robust_eps0p08_lam0p25,0.075,0.075,0.05,0.1,all,one_minus_confidence,50,-0.44108405786727,0.001345059148111096,50,-0.501086413150573,0.0002101514358227255
mlp512x1,mc_dropout,2,val,robust,0.08,0.25,robust_eps0p08_lam0p25,"robust ($\epsilon_{train}=0.08$, $\lambda=0.25$)",mlp512x1|mc_dropout|s2|val|robust_eps0p08_lam0p25,0.075,0.075,0.05,0.1,clean_correct,one_minus_confidence,48,-0.36831052275322057,0.010003346058530784,48,-0.43169711557993407,0.00218616874394504
mlp512x1,mc_dropout,2,val,robust,0.08,0.25,robust_eps0p08_lam0p25,"robust ($\epsilon_{train}=0.08$, $\lambda=0.25$)",mlp512x1|mc_dropout|s2|val|robust_eps0p08_lam0p25,0.075,0.075,0.05,0.1,all,predictive_entropy,50,-0.45122538378323485,0.0010059585242332561,50,-0.5062485604893453,0.00017620390090106468
mlp512x1,mc_dropout,2,val,robust,0.08,0.25,robust_eps0p08_lam0p25,"robust ($\epsilon_{train}=0.08$, $\lambda=0.25$)",mlp512x1|mc_dropout|s2|val|robust_eps0p08_lam0p25,0.075,0.075,0.05,0.1,clean_correct,predictive_entropy,48,-0.37997270791651366,0.007724895739690206,48,-0.43777665578912633,0.001859842186982099
mlp512x1,mc_dropout,2,val,standard,,,standard,standard,mlp512x1|mc_dropout|s2|val|standard,0.075,0.075,0.05,0.01,all,expected_entropy,50,-0.7542435580414169,2.543676186101161e-10,50,-0.6441458677614339,4.483902347590631e-07
mlp512x1,mc_dropout,2,val,standard,,,standard,standard,mlp512x1|mc_dropout|s2|val|standard,0.075,0.075,0.05,0.01,clean_correct,expected_entropy,48,-0.7169340946868757,9.937640342057001e-09,48,-0.5837713798442362,1.3287741288695634e-05
mlp512x1,mc_dropout,2,val,standard,,,standard,standard,mlp512x1|mc_dropout|s2|val|standard,0.075,0.075,0.05,0.01,all,mutual_information,50,-0.743571394500997,6.176080104403482e-10,50,-0.6408323602112207,5.361434960717102e-07
mlp512x1,mc_dropout,2,val,standard,,,standard,standard,mlp512x1|mc_dropout|s2|val|standard,0.075,0.075,0.05,0.01,clean_correct,mutual_information,48,-0.7044938953826146,2.297673958442346e-08,48,-0.5797838704190706,1.5709951299769334e-05
mlp512x1,mc_dropout,2,val,standard,,,standard,standard,mlp512x1|mc_dropout|s2|val|standard,0.075,0.075,0.05,0.01,all,one_minus_confidence,50,-0.7511617275254472,3.301337769591019e-10,50,-0.6409246969510018,5.334950979036701e-07
mlp512x1,mc_dropout,2,val,standard,,,standard,standard,mlp512x1|mc_dropout|s2|val|standard,0.075,0.075,0.05,0.01,clean_correct,one_minus_confidence,48,-0.7133317188907639,1.2724642520453518e-08,48,-0.5798783003233998,1.5648173952429823e-05
mlp512x1,mc_dropout,2,val,standard,,,standard,standard,mlp512x1|mc_dropout|s2|val|standard,0.075,0.075,0.05,0.01,all,predictive_entropy,50,-0.750937507379439,3.3640623336224516e-10,50,-0.6406998199092123,5.399664539850098e-07
mlp512x1,mc_dropout,2,val,standard,,,standard,standard,mlp512x1|mc_dropout|s2|val|standard,0.075,0.075,0.05,0.01,clean_correct,predictive_entropy,48,-0.713080337293708,1.2944250529206995e-08,48,-0.5796243700420639,1.5814809074020113e-05
mlp512x1,mc_dropout,2,val,standard,,,standard,standard,mlp512x1|mc_dropout|s2|val|standard,0.075,0.075,0.05,0.05,all,expected_entropy,50,-0.24253562503633297,0.08968701715206398,50,-0.7532508643716159,2.767666714831339e-10
mlp512x1,mc_dropout,2,val,standard,,,standard,standard,mlp512x1|mc_dropout|s2|val|standard,0.075,0.075,0.05,0.05,clean_correct,expected_entropy,48,-0.24743582965269678,0.08996610354814244,48,-0.7222661415295849,6.844232963504786e-09
mlp512x1,mc_dropout,2,val,standard,,,standard,standard,mlp512x1|mc_dropout|s2|val|standard,0.075,0.075,0.05,0.05,all,mutual_information,50,-0.24253562503633297,0.08968701715206398,50,-0.7260451985408244,2.421906805269749e-09
mlp512x1,mc_dropout,2,val,standard,,,standard,standard,mlp512x1|mc_dropout|s2|val|standard,0.075,0.075,0.05,0.05,clean_correct,mutual_information,48,-0.24743582965269678,0.08996610354814244,48,-0.6915244784143989,5.266036437243501e-08
mlp512x1,mc_dropout,2,val,standard,,,standard,standard,mlp512x1|mc_dropout|s2|val|standard,0.075,0.075,0.05,0.05,all,one_minus_confidence,50,-0.23266973203269464,0.10394687821697424,50,-0.7439369985965292,5.995533264396372e-10
mlp512x1,mc_dropout,2,val,standard,,,standard,standard,mlp512x1|mc_dropout|s2|val|standard,0.075,0.075,0.05,0.05,clean_correct,one_minus_confidence,48,-0.23694523060398848,0.10490680358734282,48,-0.7117365208837918,1.417979809059678e-08
mlp512x1,mc_dropout,2,val,standard,,,standard,standard,mlp512x1|mc_dropout|s2|val|standard,0.075,0.075,0.05,0.05,all,predictive_entropy,50,-0.24253562503633297,0.08968701715206398,50,-0.747963544157151,4.3099789443061627e-10
mlp512x1,mc_dropout,2,val,standard,,,standard,standard,mlp512x1|mc_dropout|s2|val|standard,0.075,0.075,0.05,0.05,clean_correct,predictive_entropy,48,-0.24743582965269678,0.08996610354814244,48,-0.7162916133623226,1.038846101274827e-08
mlp512x1,mc_dropout,2,val,standard,,,standard,standard,mlp512x1|mc_dropout|s2|val|standard,0.075,0.075,0.05,0.07,all,expected_entropy,50,,,50,-0.6194380841734423,1.618077899041358e-06
mlp512x1,mc_dropout,2,val,standard,,,standard,standard,mlp512x1|mc_dropout|s2|val|standard,0.075,0.075,0.05,0.07,clean_correct,expected_entropy,48,,,48,-0.5876052709861924,1.1288057215889263e-05
mlp512x1,mc_dropout,2,val,standard,,,standard,standard,mlp512x1|mc_dropout|s2|val|standard,0.075,0.075,0.05,0.07,all,mutual_information,50,,,50,-0.5865758759520343,7.586282105434342e-06
mlp512x1,mc_dropout,2,val,standard,,,standard,standard,mlp512x1|mc_dropout|s2|val|standard,0.075,0.075,0.05,0.07,clean_correct,mutual_information,48,,,48,-0.5514365411495714,4.861684416615507e-05
mlp512x1,mc_dropout,2,val,standard,,,standard,standard,mlp512x1|mc_dropout|s2|val|standard,0.075,0.075,0.05,0.07,all,one_minus_confidence,50,,,50,-0.6053964916738565,3.1983050538570296e-06
mlp512x1,mc_dropout,2,val,standard,,,standard,standard,mlp512x1|mc_dropout|s2|val|standard,0.075,0.075,0.05,0.07,clean_correct,one_minus_confidence,48,,,48,-0.5721546309918397,2.151234679256111e-05
mlp512x1,mc_dropout,2,val,standard,,,standard,standard,mlp512x1|mc_dropout|s2|val|standard,0.075,0.075,0.05,0.07,all,predictive_entropy,50,,,50,-0.6099380947761032,2.5749325866373927e-06
mlp512x1,mc_dropout,2,val,standard,,,standard,standard,mlp512x1|mc_dropout|s2|val|standard,0.075,0.075,0.05,0.07,clean_correct,predictive_entropy,48,,,48,-0.5771152466227011,1.75515003840237e-05
mlp512x1,mc_dropout,2,val,standard,,,standard,standard,mlp512x1|mc_dropout|s2|val|standard,0.075,0.075,0.05,0.08,all,expected_entropy,50,,,50,-0.5642679679213619,1.9738731449493666e-05
mlp512x1,mc_dropout,2,val,standard,,,standard,standard,mlp512x1|mc_dropout|s2|val|standard,0.075,0.075,0.05,0.08,clean_correct,expected_entropy,48,,,48,-0.5448043990301717,6.241014936145913e-05
mlp512x1,mc_dropout,2,val,standard,,,standard,standard,mlp512x1|mc_dropout|s2|val|standard,0.075,0.075,0.05,0.08,all,mutual_information,50,,,50,-0.5369712503396066,5.8119965782444886e-05
mlp512x1,mc_dropout,2,val,standard,,,standard,standard,mlp512x1|mc_dropout|s2|val|standard,0.075,0.075,0.05,0.08,clean_correct,mutual_information,48,,,48,-0.5153369912838858,0.0001781079463870913
mlp512x1,mc_dropout,2,val,standard,,,standard,standard,mlp512x1|mc_dropout|s2|val|standard,0.075,0.075,0.05,0.08,all,one_minus_confidence,50,,,50,-0.550189606728148,3.485935886224949e-05
mlp512x1,mc_dropout,2,val,standard,,,standard,standard,mlp512x1|mc_dropout|s2|val|standard,0.075,0.075,0.05,0.08,clean_correct,one_minus_confidence,48,,,48,-0.5295858614283526,0.00010857037404559837
mlp512x1,mc_dropout,2,val,standard,,,standard,standard,mlp512x1|mc_dropout|s2|val|standard,0.075,0.075,0.05,0.08,all,predictive_entropy,50,,,50,-0.5537261385567662,3.0291402026795777e-05
mlp512x1,mc_dropout,2,val,standard,,,standard,standard,mlp512x1|mc_dropout|s2|val|standard,0.075,0.075,0.05,0.08,clean_correct,predictive_entropy,48,,,48,-0.5334400305388716,9.460194504230553e-05
mlp512x1,mc_dropout,2,val,standard,,,standard,standard,mlp512x1|mc_dropout|s2|val|standard,0.075,0.075,0.05,0.1,all,expected_entropy,50,,,50,-0.6197328724670053,1.5945266289034563e-06
mlp512x1,mc_dropout,2,val,standard,,,standard,standard,mlp512x1|mc_dropout|s2|val|standard,0.075,0.075,0.05,0.1,clean_correct,expected_entropy,48,,,48,-0.6209610045130339,2.4900915154481506e-06
mlp512x1,mc_dropout,2,val,standard,,,standard,standard,mlp512x1|mc_dropout|s2|val|standard,0.075,0.075,0.05,0.1,all,mutual_information,50,,,50,-0.5938328448453182,5.472628792665222e-06
mlp512x1,mc_dropout,2,val,standard,,,standard,standard,mlp512x1|mc_dropout|s2|val|standard,0.075,0.075,0.05,0.1,clean_correct,mutual_information,48,,,48,-0.5932178567630938,8.85693447987534e-06
mlp512x1,mc_dropout,2,val,standard,,,standard,standard,mlp512x1|mc_dropout|s2|val|standard,0.075,0.075,0.05,0.1,all,one_minus_confidence,50,,,50,-0.6048776923590019,3.2778022361010106e-06
mlp512x1,mc_dropout,2,val,standard,,,standard,standard,mlp512x1|mc_dropout|s2|val|standard,0.075,0.075,0.05,0.1,clean_correct,one_minus_confidence,48,,,48,-0.6051072328502414,5.217772087198719e-06
mlp512x1,mc_dropout,2,val,standard,,,standard,standard,mlp512x1|mc_dropout|s2|val|standard,0.075,0.075,0.05,0.1,all,predictive_entropy,50,,,50,-0.6110787766991819,2.43717635772792e-06
mlp512x1,mc_dropout,2,val,standard,,,standard,standard,mlp512x1|mc_dropout|s2|val|standard,0.075,0.075,0.05,0.1,clean_correct,predictive_entropy,48,,,48,-0.6117364078861789,3.848345776465487e-06
mlp512x1,mc_dropout,3,val,robust,0.08,0.25,robust_eps0p08_lam0p25,"robust ($\epsilon_{train}=0.08$, $\lambda=0.25$)",mlp512x1|mc_dropout|s3|val|robust_eps0p08_lam0p25,0.075,0.075,0.05,0.01,all,expected_entropy,50,-0.36539698548730454,0.009072607236978506,50,-0.36539698548730454,0.009072607236978506
mlp512x1,mc_dropout,3,val,robust,0.08,0.25,robust_eps0p08_lam0p25,"robust ($\epsilon_{train}=0.08$, $\lambda=0.25$)",mlp512x1|mc_dropout|s3|val|robust_eps0p08_lam0p25,0.075,0.075,0.05,0.01,clean_correct,expected_entropy,48,-0.20531909269053564,0.16152472855223057,48,-0.20531909269053564,0.16152472855223057
mlp512x1,mc_dropout,3,val,robust,0.08,0.25,robust_eps0p08_lam0p25,"robust ($\epsilon_{train}=0.08$, $\lambda=0.25$)",mlp512x1|mc_dropout|s3|val|robust_eps0p08_lam0p25,0.075,0.075,0.05,0.01,all,mutual_information,50,-0.3251473175456953,0.021223665745095023,50,-0.3251473175456953,0.021223665745095023
mlp512x1,mc_dropout,3,val,robust,0.08,0.25,robust_eps0p08_lam0p25,"robust ($\epsilon_{train}=0.08$, $\lambda=0.25$)",mlp512x1|mc_dropout|s3|val|robust_eps0p08_lam0p25,0.075,0.075,0.05,0.01,clean_correct,mutual_information,48,-0.16320235572837444,0.26771273303197296,48,-0.16320235572837444,0.26771273303197296
mlp512x1,mc_dropout,3,val,robust,0.08,0.25,robust_eps0p08_lam0p25,"robust ($\epsilon_{train}=0.08$, $\lambda=0.25$)",mlp512x1|mc_dropout|s3|val|robust_eps0p08_lam0p25,0.075,0.075,0.05,0.01,all,one_minus_confidence,50,-0.3485485237159534,0.013115922649237267,50,-0.3485485237159534,0.013115922649237267
mlp512x1,mc_dropout,3,val,robust,0.08,0.25,robust_eps0p08_lam0p25,"robust ($\epsilon_{train}=0.08$, $\lambda=0.25$)",mlp512x1|mc_dropout|s3|val|robust_eps0p08_lam0p25,0.075,0.075,0.05,0.01,clean_correct,one_minus_confidence,48,-0.1844410087030766,0.20949302014138424,48,-0.1844410087030766,0.20949302014138424
mlp512x1,mc_dropout,3,val,robust,0.08,0.25,robust_eps0p08_lam0p25,"robust ($\epsilon_{train}=0.08$, $\lambda=0.25$)",mlp512x1|mc_dropout|s3|val|robust_eps0p08_lam0p25,0.075,0.075,0.05,0.01,all,predictive_entropy,50,-0.34824712697305366,0.013200421530723606,50,-0.34824712697305366,0.013200421530723606
mlp512x1,mc_dropout,3,val,robust,0.08,0.25,robust_eps0p08_lam0p25,"robust ($\epsilon_{train}=0.08$, $\lambda=0.25$)",mlp512x1|mc_dropout|s3|val|robust_eps0p08_lam0p25,0.075,0.075,0.05,0.01,clean_correct,predictive_entropy,48,-0.18426072420945502,0.20994650208831034,48,-0.18426072420945502,0.20994650208831034
mlp512x1,mc_dropout,3,val,robust,0.08,0.25,robust_eps0p08_lam0p25,"robust ($\epsilon_{train}=0.08$, $\lambda=0.25$)",mlp512x1|mc_dropout|s3|val|robust_eps0p08_lam0p25,0.075,0.075,0.05,0.05,all,expected_entropy,50,-0.5579551494915249,2.5554109937556254e-05,50,-0.49967985531932224,0.00022037941069891987
mlp512x1,mc_dropout,3,val,robust,0.08,0.25,robust_eps0p08_lam0p25,"robust ($\epsilon_{train}=0.08$, $\lambda=0.25$)",mlp512x1|mc_dropout|s3|val|robust_eps0p08_lam0p25,0.075,0.075,0.05,0.05,clean_correct,expected_entropy,48,-0.48899499172186806,0.0004207202386618917,48,-0.41273079529843765,0.0035534737107091505
mlp512x1,mc_dropout,3,val,robust,0.08,0.25,robust_eps0p08_lam0p25,"robust ($\epsilon_{train}=0.08$, $\lambda=0.25$)",mlp512x1|mc_dropout|s3|val|robust_eps0p08_lam0p25,0.075,0.075,0.05,0.05,all,mutual_information,50,-0.5295541232678382,7.671674160083338e-05,50,-0.4740976913668196,0.0005051465107521014
mlp512x1,mc_dropout,3,val,robust,0.08,0.25,robust_eps0p08_lam0p25,"robust ($\epsilon_{train}=0.08$, $\lambda=0.25$)",mlp512x1|mc_dropout|s3|val|robust_eps0p08_lam0p25,0.075,0.075,0.05,0.05,clean_correct,mutual_information,48,-0.46888464257052304,0.0007752153721771858,48,-0.39648229523175615,0.005273268101885973
mlp512x1,mc_dropout,3,val,robust,0.08,0.25,robust_eps0p08_lam0p25,"robust ($\epsilon_{train}=0.08$, $\lambda=0.25$)",mlp512x1|mc_dropout|s3|val|robust_eps0p08_lam0p25,0.075,0.075,0.05,0.05,all,one_minus_confidence,50,-0.5515080971401948,3.30870504064757e-05,50,-0.4951420648985993,0.0002565364131683845
mlp512x1,mc_dropout,3,val,robust,0.08,0.25,robust_eps0p08_lam0p25,"robust ($\epsilon_{train}=0.08$, $\lambda=0.25$)",mlp512x1|mc_dropout|s3|val|robust_eps0p08_lam0p25,0.075,0.075,0.05,0.05,clean_correct,one_minus_confidence,48,-0.4857995134994817,0.00046479576334231427,48,-0.4121890150915822,0.0036016778320691212
mlp512x1,mc_dropout,3,val,robust,0.08,0.25,robust_eps0p08_lam0p25,"robust ($\epsilon_{train}=0.08$, $\lambda=0.25$)",mlp512x1|mc_dropout|s3|val|robust_eps0p08_lam0p25,0.075,0.075,0.05,0.05,all,predictive_entropy,50,-0.5553907227444652,2.8337891866178735e-05,50,-0.4947139058461894,0.00026021176560105173
mlp512x1,mc_dropout,3,val,robust,0.08,0.25,robust_eps0p08_lam0p25,"robust ($\epsilon_{train}=0.08$, $\lambda=0.25$)",mlp512x1|mc_dropout|s3|val|robust_eps0p08_lam0p25,0.075,0.075,0.05,0.05,clean_correct,predictive_entropy,48,-0.49052429583984114,0.00040099215167908094,48,-0.4117861150620027,0.0036378971076799636
mlp512x1,mc_dropout,3,val,robust,0.08,0.25,robust_eps0p08_lam0p25,"robust ($\epsilon_{train}=0.08$, $\lambda=0.25$)",mlp512x1|mc_dropout|s3|val|robust_eps0p08_lam0p25,0.075,0.075,0.05,0.07,all,expected_entropy,50,-0.5215956050275004,0.00010260533599459514,50,-0.5696903552450849,1.5745161546620186e-05
mlp512x1,mc_dropout,3,val,robust,0.08,0.25,robust_eps0p08_lam0p25,"robust ($\epsilon_{train}=0.08$, $\lambda=0.25$)",mlp512x1|mc_dropout|s3|val|robust_eps0p08_lam0p25,0.075,0.075,0.05,0.07,clean_correct,expected_entropy,48,-0.4564054355746949,0.0011121881096223705,48,-0.5093623187085347,0.00021778567283776919
mlp512x1,mc_dropout,3,val,robust,0.08,0.25,robust_eps0p08_lam0p25,"robust ($\epsilon_{train}=0.08$, $\lambda=0.25$)",mlp512x1|mc_dropout|s3|val|robust_eps0p08_lam0p25,0.075,0.075,0.05,0.07,all,mutual_information,50,-0.5297480178128687,7.616827082884055e-05,50,-0.5852394962172494,8.049627940751324e-06
mlp512x1,mc_dropout,3,val,robust,0.08,0.25,robust_eps0p08_lam0p25,"robust ($\epsilon_{train}=0.08$, $\lambda=0.25$)",mlp512x1|mc_dropout|s3|val|robust_eps0p08_lam0p25,0.075,0.075,0.05,0.07,clean_correct,mutual_information,48,-0.471153643133824,0.0007249023175447127,48,-0.5345903289167785,9.076289315651638e-05
mlp512x1,mc_dropout,3,val,robust,0.08,0.25,robust_eps0p08_lam0p25,"robust ($\epsilon_{train}=0.08$, $\lambda=0.25$)",mlp512x1|mc_dropout|s3|val|robust_eps0p08_lam0p25,0.075,0.075,0.05,0.07,all,one_minus_confidence,50,-0.5357697717027435,6.0820095079137276e-05,50,-0.5869073902004486,7.475225285370653e-06
mlp512x1,mc_dropout,3,val,robust,0.08,0.25,robust_eps0p08_lam0p25,"robust ($\epsilon_{train}=0.08$, $\lambda=0.25$)",mlp512x1|mc_dropout|s3|val|robust_eps0p08_lam0p25,0.075,0.075,0.05,0.07,clean_correct,one_minus_confidence,48,-0.4736194322023086,0.0006735673523594184,48,-0.5303742716828851,0.0001055686772797714
mlp512x1,mc_dropout,3,val,robust,0.08,0.25,robust_eps0p08_lam0p25,"robust ($\epsilon_{train}=0.08$, $\lambda=0.25$)",mlp512x1|mc_dropout|s3|val|robust_eps0p08_lam0p25,0.075,0.075,0.05,0.07,all,predictive_entropy,50,-0.5318125898818907,7.054668899893545e-05,50,-0.5834989207352906,8.692389328758147e-06
mlp512x1,mc_dropout,3,val,robust,0.08,0.25,robust_eps0p08_lam0p25,"robust ($\epsilon_{train}=0.08$, $\lambda=0.25$)",mlp512x1|mc_dropout|s3|val|robust_eps0p08_lam0p25,0.075,0.075,0.05,0.07,clean_correct,predictive_entropy,48,-0.4691508001319669,0.0007691556345682135,48,-0.5264740789838315,0.00012119299208649599
mlp512x1,mc_dropout,3,val,robust,0.08,0.25,robust_eps0p08_lam0p25,"robust ($\epsilon_{train}=0.08$, $\lambda=0.25$)",mlp512x1|mc_dropout|s3|val|robust_eps0p08_lam0p25,0.075,0.075,0.05,0.08,all,expected_entropy,50,-0.4880930669214222,0.00032346949287254427,50,-0.48265831278683047,0.0003854699204011301
mlp512x1,mc_dropout,3,val,robust,0.08,0.25,robust_eps0p08_lam0p25,"robust ($\epsilon_{train}=0.08$, $\lambda=0.25$)",mlp512x1|mc_dropout|s3|val|robust_eps0p08_lam0p25,0.075,0.075,0.05,0.08,clean_correct,expected_entropy,48,-0.4205238426941459,0.002920244357202376,48,-0.4100356365929671,0.0037990027095157297
mlp512x1,mc_dropout,3,val,robust,0.08,0.25,robust_eps0p08_lam0p25,"robust ($\epsilon_{train}=0.08$, $\lambda=0.25$)",mlp512x1|mc_dropout|s3|val|robust_eps0p08_lam0p25,0.075,0.075,0.05,0.08,all,mutual_information,50,-0.4970785799354396,0.00024049458092317806,50,-0.4925129766386433,0.00027986997700818266
mlp512x1,mc_dropout,3,val,robust,0.08,0.25,robust_eps0p08_lam0p25,"robust ($\epsilon_{train}=0.08$, $\lambda=0.25$)",mlp512x1|mc_dropout|s3|val|robust_eps0p08_lam0p25,0.075,0.075,0.05,0.08,clean_correct,mutual_information,48,-0.4360488940056462,0.0019478665051886382,48,-0.4307502836608901,0.0022413151910651687
mlp512x1,mc_dropout,3,val,robust,0.08,0.25,robust_eps0p08_lam0p25,"robust ($\epsilon_{train}=0.08$, $\lambda=0.25$)",mlp512x1|mc_dropout|s3|val|robust_eps0p08_lam0p25,0.075,0.075,0.05,0.08,all,one_minus_confidence,50,-0.5015429183404755,0.00020692584525122714,50,-0.5013973319009246,0.00020794961309329033
mlp512x1,mc_dropout,3,val,robust,0.08,0.25,robust_eps0p08_lam0p25,"robust ($\epsilon_{train}=0.08$, $\lambda=0.25$)",mlp512x1|mc_dropout|s3|val|robust_eps0p08_lam0p25,0.075,0.075,0.05,0.08,clean_correct,one_minus_confidence,48,-0.43679806654952413,0.0019092543427541705,48,-0.43241201726461787,0.002145330652461149
mlp512x1,mc_dropout,3,val,robust,0.08,0.25,robust_eps0p08_lam0p25,"robust ($\epsilon_{train}=0.08$, $\lambda=0.25$)",mlp512x1|mc_dropout|s3|val|robust_eps0p08_lam0p25,0.075,0.075,0.05,0.08,all,predictive_entropy,50,-0.4976947293992579,0.00023558489148175045,50,-0.4998351570425042,0.00021922831108797303
mlp512x1,mc_dropout,3,val,robust,0.08,0.25,robust_eps0p08_lam0p25,"robust ($\epsilon_{train}=0.08$, $\lambda=0.25$)",mlp512x1|mc_dropout|s3|val|robust_eps0p08_lam0p25,0.075,0.075,0.05,0.08,clean_correct,predictive_entropy,48,-0.4324752029490367,0.0021417539588442355,48,-0.4306867417987186,0.0022450598003466516
mlp512x1,mc_dropout,3,val,robust,0.08,0.25,robust_eps0p08_lam0p25,"robust ($\epsilon_{train}=0.08$, $\lambda=0.25$)",mlp512x1|mc_dropout|s3|val|robust_eps0p08_lam0p25,0.075,0.075,0.05,0.1,all,expected_entropy,50,-0.45970514082135483,0.0007835727402503227,50,-0.5150319281725951,0.00012971235317966377
mlp512x1,mc_dropout,3,val,robust,0.08,0.25,robust_eps0p08_lam0p25,"robust ($\epsilon_{train}=0.08$, $\lambda=0.25$)",mlp512x1|mc_dropout|s3|val|robust_eps0p08_lam0p25,0.075,0.075,0.05,0.1,clean_correct,expected_entropy,48,-0.3916637380313125,0.005906482641876168,48,-0.45094858519573444,0.0012968506061380599
mlp512x1,mc_dropout,3,val,robust,0.08,0.25,robust_eps0p08_lam0p25,"robust ($\epsilon_{train}=0.08$, $\lambda=0.25$)",mlp512x1|mc_dropout|s3|val|robust_eps0p08_lam0p25,0.075,0.075,0.05,0.1,all,mutual_information,50,-0.4625969846542218,0.0007185149391970698,50,-0.5304122620357483,7.431640957268898e-05
mlp512x1,mc_dropout,3,val,robust,0.08,0.25,robust_eps0p08_lam0p25,"robust ($\epsilon_{train}=0.08$, $\lambda=0.25$)",mlp512x1|mc_dropout|s3|val|robust_eps0p08_lam0p25,0.075,0.075,0.05,0.1,clean_correct,mutual_information,48,-0.40010572444378545,0.004836966390445025,48,-0.47381628193604647,0.0006696135067309106
mlp512x1,mc_dropout,3,val,robust,0.08,0.25,robust_eps0p08_lam0p25,"robust ($\epsilon_{train}=0.08$, $\lambda=0.25$)",mlp512x1|mc_dropout|s3|val|robust_eps0p08_lam0p25,0.075,0.075,0.05,0.1,all,one_minus_confidence,50,-0.4718766143229321,0.0005412366044623686,50,-0.5333845650443376,6.652400392865353e-05
mlp512x1,mc_dropout,3,val,robust,0.08,0.25,robust_eps0p08_lam0p25,"robust ($\epsilon_{train}=0.08$, $\lambda=0.25$)",mlp512x1|mc_dropout|s3|val|robust_eps0p08_lam0p25,0.075,0.075,0.05,0.1,clean_correct,one_minus_confidence,48,-0.40655691218196816,0.00413786857914698,48,-0.47254214565989516,0.0006955791999842188
mlp512x1,mc_dropout,3,val,robust,0.08,0.25,robust_eps0p08_lam0p25,"robust ($\epsilon_{train}=0.08$, $\lambda=0.25$)",mlp512x1|mc_dropout|s3|val|robust_eps0p08_lam0p25,0.075,0.075,0.05,0.1,all,predictive_entropy,50,-0.4687727867379718,0.0005955670491964961,50,-0.5291567245775317,7.78521770314199e-05
mlp512x1,mc_dropout,3,val,robust,0.08,0.25,robust_eps0p08_lam0p25,"robust ($\epsilon_{train}=0.08$, $\lambda=0.25$)",mlp512x1|mc_dropout|s3|val|robust_eps0p08_lam0p25,0.075,0.075,0.05,0.1,clean_correct,predictive_entropy,48,-0.40310485119558503,0.004500058991217956,48,-0.46777011080837233,0.0008010583931150395
mlp512x1,mc_dropout,3,val,standard,,,standard,standard,mlp512x1|mc_dropout|s3|val|standard,0.075,0.075,0.05,0.01,all,expected_entropy,50,-0.7621611493331963,1.2788769972079123e-10,50,-0.599976986344869,4.124627970746618e-06
mlp512x1,mc_dropout,3,val,standard,,,standard,standard,mlp512x1|mc_dropout|s3|val|standard,0.075,0.075,0.05,0.01,clean_correct,expected_entropy,48,-0.7256350972960207,5.383508772059334e-09,48,-0.5265647637888513,0.00012080698737176339
mlp512x1,mc_dropout,3,val,standard,,,standard,standard,mlp512x1|mc_dropout|s3|val|standard,0.075,0.075,0.05,0.01,all,mutual_information,50,-0.7660435365950019,9.039756521869049e-11,50,-0.6027609277161707,3.621546016726663e-06
mlp512x1,mc_dropout,3,val,standard,,,standard,standard,mlp512x1|mc_dropout|s3|val|standard,0.075,0.075,0.05,0.01,clean_correct,mutual_information,48,-0.7302042281723437,3.865464138136029e-09,48,-0.5300600806636607,0.00010675569954353782
mlp512x1,mc_dropout,3,val,standard,,,standard,standard,mlp512x1|mc_dropout|s3|val|standard,0.075,0.075,0.05,0.01,all,one_minus_confidence,50,-0.7663966316139014,8.75609374660456e-11,50,-0.6044137425067502,3.350443905804341e-06
mlp512x1,mc_dropout,3,val,standard,,,standard,standard,mlp512x1|mc_dropout|s3|val|standard,0.075,0.075,0.05,0.01,clean_correct,one_minus_confidence,48,-0.7305063003585323,3.780843583707935e-09,48,-0.5319004844363701,9.997201695905723e-05
mlp512x1,mc_dropout,3,val,standard,,,standard,standard,mlp512x1|mc_dropout|s3|val|standard,0.075,0.075,0.05,0.01,all,predictive_entropy,50,-0.7650122774785848,9.918799121934689e-11,50,-0.6035133443030091,3.4957023712304722e-06
mlp512x1,mc_dropout,3,val,standard,,,standard,standard,mlp512x1|mc_dropout|s3|val|standard,0.075,0.075,0.05,0.01,clean_correct,predictive_entropy,48,-0.7289905527833203,4.2237325913465016e-09,48,-0.5310047609000956,0.0001032229077398608
mlp512x1,mc_dropout,3,val,standard,,,standard,standard,mlp512x1|mc_dropout|s3|val|standard,0.075,0.075,0.05,0.05,all,expected_entropy,50,-0.24253562503633297,0.08968701715206398,50,-0.7846386261988074,1.5572307060104444e-11
mlp512x1,mc_dropout,3,val,standard,,,standard,standard,mlp512x1|mc_dropout|s3|val|standard,0.075,0.075,0.05,0.05,clean_correct,expected_entropy,48,-0.24743582965269678,0.08996610354814244,48,-0.7568030390533999,4.879446185672934e-10
mlp512x1,mc_dropout,3,val,standard,,,standard,standard,mlp512x1|mc_dropout|s3|val|standard,0.075,0.075,0.05,0.05,all,mutual_information,50,-0.24253562503633297,0.08968701715206398,50,-0.7908957125321313,8.28470353475624e-12
mlp512x1,mc_dropout,3,val,standard,,,standard,standard,mlp512x1|mc_dropout|s3|val|standard,0.075,0.075,0.05,0.05,clean_correct,mutual_information,48,-0.24743582965269678,0.08996610354814244,48,-0.7638759646520298,2.69106436462582e-10
mlp512x1,mc_dropout,3,val,standard,,,standard,standard,mlp512x1|mc_dropout|s3|val|standard,0.075,0.075,0.05,0.05,all,one_minus_confidence,50,-0.21315492320122267,0.13721278117002553,50,-0.7804827919711376,2.3411812837323578e-11
mlp512x1,mc_dropout,3,val,standard,,,standard,standard,mlp512x1|mc_dropout|s3|val|standard,0.075,0.075,0.05,0.05,clean_correct,one_minus_confidence,48,-0.21621237984718483,0.1399440482426025,48,-0.7520575215729651,7.193360135900347e-10
mlp512x1,mc_dropout,3,val,standard,,,standard,standard,mlp512x1|mc_dropout|s3|val|standard,0.075,0.075,0.05,0.05,all,predictive_entropy,50,-0.24253562503633297,0.08968701715206398,50,-0.7829540260321434,1.839075813197469e-11
mlp512x1,mc_dropout,3,val,standard,,,standard,standard,mlp512x1|mc_dropout|s3|val|standard,0.075,0.075,0.05,0.05,clean_correct,predictive_entropy,48,-0.24743582965269678,0.08996610354814244,48,-0.7548987898537687,5.707756524030559e-10
mlp512x1,mc_dropout,3,val,standard,,,standard,standard,mlp512x1|mc_dropout|s3|val|standard,0.075,0.075,0.05,0.07,all,expected_entropy,50,,,50,-0.6799823916182797,5.603449938774675e-08
mlp512x1,mc_dropout,3,val,standard,,,standard,standard,mlp512x1|mc_dropout|s3|val|standard,0.075,0.075,0.05,0.07,clean_correct,expected_entropy,48,,,48,-0.6610878739989723,3.1476570048760015e-07
mlp512x1,mc_dropout,3,val,standard,,,standard,standard,mlp512x1|mc_dropout|s3|val|standard,0.075,0.075,0.05,0.07,all,mutual_information,50,,,50,-0.6847841119222564,4.1476978271844135e-08
mlp512x1,mc_dropout,3,val,standard,,,standard,standard,mlp512x1|mc_dropout|s3|val|standard,0.075,0.075,0.05,0.07,clean_correct,mutual_information,48,,,48,-0.6659394904539726,2.3998657123888497e-07
mlp512x1,mc_dropout,3,val,standard,,,standard,standard,mlp512x1|mc_dropout|s3|val|standard,0.075,0.075,0.05,0.07,all,one_minus_confidence,50,,,50,-0.6710356161338531,9.671558355748829e-08
mlp512x1,mc_dropout,3,val,standard,,,standard,standard,mlp512x1|mc_dropout|s3|val|standard,0.075,0.075,0.05,0.07,clean_correct,one_minus_confidence,48,,,48,-0.6511028018979101,5.418032554318121e-07
mlp512x1,mc_dropout,3,val,standard,,,standard,standard,mlp512x1|mc_dropout|s3|val|standard,0.075,0.075,0.05,0.07,all,predictive_entropy,50,,,50,-0.6771895542986196,6.657783090255571e-08
mlp512x1,mc_dropout,3,val,standard,,,standard,standard,mlp512x1|mc_dropout|s3|val|standard,0.075,0.075,0.05,0.07,clean_correct,predictive_entropy,48,,,48,-0.6580556137145971,3.7199352700478777e-07
mlp512x1,mc_dropout,3,val,standard,,,standard,standard,mlp512x1|mc_dropout|s3|val|standard,0.075,0.075,0.05,0.08,all,expected_entropy,50,,,50,-0.6869376822508494,3.617495716837728e-08
mlp512x1,mc_dropout,3,val,standard,,,standard,standard,mlp512x1|mc_dropout|s3|val|standard,0.075,0.075,0.05,0.08,clean_correct,expected_entropy,48,,,48,-0.6741129574960052,1.502386660798931e-07
mlp512x1,mc_dropout,3,val,standard,,,standard,standard,mlp512x1|mc_dropout|s3|val|standard,0.075,0.075,0.05,0.08,all,mutual_information,50,,,50,-0.6885046482662855,3.2724295487098294e-08
mlp512x1,mc_dropout,3,val,standard,,,standard,standard,mlp512x1|mc_dropout|s3|val|standard,0.075,0.075,0.05,0.08,clean_correct,mutual_information,48,,,48,-0.6756441301932705,1.3739358230509763e-07
mlp512x1,mc_dropout,3,val,standard,,,standard,standard,mlp512x1|mc_dropout|s3|val|standard,0.075,0.075,0.05,0.08,all,one_minus_confidence,50,,,50,-0.6783948525226146,6.181810658923408e-08
mlp512x1,mc_dropout,3,val,standard,,,standard,standard,mlp512x1|mc_dropout|s3|val|standard,0.075,0.075,0.05,0.08,clean_correct,one_minus_confidence,48,,,48,-0.664570599503426,2.5920420235493284e-07
mlp512x1,mc_dropout,3,val,standard,,,standard,standard,mlp512x1|mc_dropout|s3|val|standard,0.075,0.075,0.05,0.08,all,predictive_entropy,50,,,50,-0.6843597704190029,4.260415611807916e-08
mlp512x1,mc_dropout,3,val,standard,,,standard,standard,mlp512x1|mc_dropout|s3|val|standard,0.075,0.075,0.05,0.08,clean_correct,predictive_entropy,48,,,48,-0.6713341626009682,1.7645971850867266e-07
mlp512x1,mc_dropout,3,val,standard,,,standard,standard,mlp512x1|mc_dropout|s3|val|standard,0.075,0.075,0.05,0.1,all,expected_entropy,50,,,50,-0.5568176096646004,2.675632259306876e-05
mlp512x1,mc_dropout,3,val,standard,,,standard,standard,mlp512x1|mc_dropout|s3|val|standard,0.075,0.075,0.05,0.1,clean_correct,expected_entropy,48,,,48,-0.5560444773534055,4.0743764102703235e-05
mlp512x1,mc_dropout,3,val,standard,,,standard,standard,mlp512x1|mc_dropout|s3|val|standard,0.075,0.075,0.05,0.1,all,mutual_information,50,,,50,-0.5585484495749093,2.4947000258065552e-05
mlp512x1,mc_dropout,3,val,standard,,,standard,standard,mlp512x1|mc_dropout|s3|val|standard,0.075,0.075,0.05,0.1,clean_correct,mutual_information,48,,,48,-0.5578289589880441,3.802266382616475e-05
mlp512x1,mc_dropout,3,val,standard,,,standard,standard,mlp512x1|mc_dropout|s3|val|standard,0.075,0.075,0.05,0.1,all,one_minus_confidence,50,,,50,-0.5486281257015463,3.707096410056768e-05
mlp512x1,mc_dropout,3,val,standard,,,standard,standard,mlp512x1|mc_dropout|s3|val|standard,0.075,0.075,0.05,0.1,clean_correct,one_minus_confidence,48,,,48,-0.5471512342513267,5.716553062461656e-05
mlp512x1,mc_dropout,3,val,standard,,,standard,standard,mlp512x1|mc_dropout|s3|val|standard,0.075,0.075,0.05,0.1,all,predictive_entropy,50,,,50,-0.5587407651204993,2.475307627546949e-05
mlp512x1,mc_dropout,3,val,standard,,,standard,standard,mlp512x1|mc_dropout|s3|val|standard,0.075,0.075,0.05,0.1,clean_correct,predictive_entropy,48,,,48,-0.5580430967842007,3.770758626119358e-05
mlp512x1,mc_dropout,4,val,robust,0.08,0.25,robust_eps0p08_lam0p25,"robust ($\epsilon_{train}=0.08$, $\lambda=0.25$)",mlp512x1|mc_dropout|s4|val|robust_eps0p08_lam0p25,0.075,0.075,0.05,0.01,all,expected_entropy,50,-0.4109550380205071,0.003030947966590579,50,-0.3320546050060115,0.01847937344983712
mlp512x1,mc_dropout,4,val,robust,0.08,0.25,robust_eps0p08_lam0p25,"robust ($\epsilon_{train}=0.08$, $\lambda=0.25$)",mlp512x1|mc_dropout|s4|val|robust_eps0p08_lam0p25,0.075,0.075,0.05,0.01,clean_correct,expected_entropy,48,-0.24743582965269678,0.08996610354814244,48,,
mlp512x1,mc_dropout,4,val,robust,0.08,0.25,robust_eps0p08_lam0p25,"robust ($\epsilon_{train}=0.08$, $\lambda=0.25$)",mlp512x1|mc_dropout|s4|val|robust_eps0p08_lam0p25,0.075,0.075,0.05,0.01,all,mutual_information,50,-0.4114216347142573,0.00299471081240536,50,-0.339267034671815,0.01594083660580116
mlp512x1,mc_dropout,4,val,robust,0.08,0.25,robust_eps0p08_lam0p25,"robust ($\epsilon_{train}=0.08$, $\lambda=0.25$)",mlp512x1|mc_dropout|s4|val|robust_eps0p08_lam0p25,0.075,0.075,0.05,0.01,clean_correct,mutual_information,48,-0.24743582965269678,0.08996610354814244,48,,
mlp512x1,mc_dropout,4,val,robust,0.08,0.25,robust_eps0p08_lam0p25,"robust ($\epsilon_{train}=0.08$, $\lambda=0.25$)",mlp512x1|mc_dropout|s4|val|robust_eps0p08_lam0p25,0.075,0.075,0.05,0.01,all,one_minus_confidence,50,-0.4115582424386538,0.0029841741536911657,50,-0.3325419984828512,0.01829765017038175
mlp512x1,mc_dropout,4,val,robust,0.08,0.25,robust_eps0p08_lam0p25,"robust ($\epsilon_{train}=0.08$, $\lambda=0.25$)",mlp512x1|mc_dropout|s4|val|robust_eps0p08_lam0p25,0.075,0.075,0.05,0.01,clean_correct,one_minus_confidence,48,-0.24784646711798328,0.0894168895104349,48,,
mlp512x1,mc_dropout,4,val,robust,0.08,0.25,robust_eps0p08_lam0p25,"robust ($\epsilon_{train}=0.08$, $\lambda=0.25$)",mlp512x1|mc_dropout|s4|val|robust_eps0p08_lam0p25,0.075,0.075,0.05,0.01,all,predictive_entropy,50,-0.4109550380205071,0.003030947966590579,50,-0.3320546050060115,0.01847937344983712
mlp512x1,mc_dropout,4,val,robust,0.08,0.25,robust_eps0p08_lam0p25,"robust ($\epsilon_{train}=0.08$, $\lambda=0.25$)",mlp512x1|mc_dropout|s4|val|robust_eps0p08_lam0p25,0.075,0.075,0.05,0.01,clean_correct,predictive_entropy,48,-0.24743582965269678,0.08996610354814244,48,,
mlp512x1,mc_dropout,4,val,robust,0.08,0.25,robust_eps0p08_lam0p25,"robust ($\epsilon_{train}=0.08$, $\lambda=0.25$)",mlp512x1|mc_dropout|s4|val|robust_eps0p08_lam0p25,0.075,0.075,0.05,0.05,all,expected_entropy,50,-0.4702362686538786,0.0005693657725615173,50,-0.47939736624204105,0.0004276445335715163
mlp512x1,mc_dropout,4,val,robust,0.08,0.25,robust_eps0p08_lam0p25,"robust ($\epsilon_{train}=0.08$, $\lambda=0.25$)",mlp512x1|mc_dropout|s4|val|robust_eps0p08_lam0p25,0.075,0.075,0.05,0.05,clean_correct,expected_entropy,48,-0.37176003709289684,0.009275843496639952,48,-0.37948461036132164,0.007810348414843561
mlp512x1,mc_dropout,4,val,robust,0.08,0.25,robust_eps0p08_lam0p25,"robust ($\epsilon_{train}=0.08$, $\lambda=0.25$)",mlp512x1|mc_dropout|s4|val|robust_eps0p08_lam0p25,0.075,0.075,0.05,0.05,all,mutual_information,50,-0.46728053710116446,0.0006233971587719829,50,-0.4865664609966701,0.0003399019211810748
mlp512x1,mc_dropout,4,val,robust,0.08,0.25,robust_eps0p08_lam0p25,"robust ($\epsilon_{train}=0.08$, $\lambda=0.25$)",mlp512x1|mc_dropout|s4|val|robust_eps0p08_lam0p25,0.075,0.075,0.05,0.05,clean_correct,mutual_information,48,-0.3677464334535673,0.010126868704976763,48,-0.3878841998264488,0.006448549621289085
mlp512x1,mc_dropout,4,val,robust,0.08,0.25,robust_eps0p08_lam0p25,"robust ($\epsilon_{train}=0.08$, $\lambda=0.25$)",mlp512x1|mc_dropout|s4|val|robust_eps0p08_lam0p25,0.075,0.075,0.05,0.05,all,one_minus_confidence,50,-0.4754698499969522,0.0004839503938935337,50,-0.4850549672442268,0.00035691278215576336
mlp512x1,mc_dropout,4,val,robust,0.08,0.25,robust_eps0p08_lam0p25,"robust ($\epsilon_{train}=0.08$, $\lambda=0.25$)",mlp512x1|mc_dropout|s4|val|robust_eps0p08_lam0p25,0.075,0.075,0.05,0.05,clean_correct,one_minus_confidence,48,-0.3779048631667433,0.008092556698605698,48,-0.38622527131951334,0.006699818956270855
mlp512x1,mc_dropout,4,val,robust,0.08,0.25,robust_eps0p08_lam0p25,"robust ($\epsilon_{train}=0.08$, $\lambda=0.25$)",mlp512x1|mc_dropout|s4|val|robust_eps0p08_lam0p25,0.075,0.075,0.05,0.05,all,predictive_entropy,50,-0.47174850340177876,0.0005433874958338853,50,-0.4813330218257909,0.00040213399062255837
mlp512x1,mc_dropout,4,val,robust,0.08,0.25,robust_eps0p08_lam0p25,"robust ($\epsilon_{train}=0.08$, $\lambda=0.25$)",mlp512x1|mc_dropout|s4|val|robust_eps0p08_lam0p25,0.075,0.075,0.05,0.05,clean_correct,predictive_entropy,48,-0.3735996054275895,0.008906882878046416,48,-0.38187186210404206,0.0074000653293099785
mlp512x1,mc_dropout,4,val,robust,0.08,0.25,robust_eps0p08_lam0p25,"robust ($\epsilon_{train}=0.08$, $\lambda=0.25$)",mlp512x1|mc_dropout|s4|val|robust_eps0p08_lam0p25,0.075,0.075,0.05,0.07,all,expected_entropy,50,-0.6285732525265469,1.0199824086602602e-06,50,-0.5681117493698633,1.6823119955798625e-05
mlp512x1,mc_dropout,4,val,robust,0.08,0.25,robust_eps0p08_lam0p25,"robust ($\epsilon_{train}=0.08$, $\lambda=0.25$)",mlp512x1|mc_dropout|s4|val|robust_eps0p08_lam0p25,0.075,0.075,0.05,0.07,clean_correct,expected_entropy,48,-0.574394935416535,1.9631532617399067e-05,48,-0.49760432730701254,0.00032010521641299283
mlp512x1,mc_dropout,4,val,robust,0.08,0.25,robust_eps0p08_lam0p25,"robust ($\epsilon_{train}=0.08$, $\lambda=0.25$)",mlp512x1|mc_dropout|s4|val|robust_eps0p08_lam0p25,0.075,0.075,0.05,0.07,all,mutual_information,50,-0.6306646441381405,9.157978095161743e-07,50,-0.5648352317509407,1.9281007894289315e-05
mlp512x1,mc_dropout,4,val,robust,0.08,0.25,robust_eps0p08_lam0p25,"robust ($\epsilon_{train}=0.08$, $\lambda=0.25$)",mlp512x1|mc_dropout|s4|val|robust_eps0p08_lam0p25,0.075,0.075,0.05,0.07,clean_correct,mutual_information,48,-0.5769353818358915,1.7682500804349933e-05,48,-0.4933909726412385,0.00036624765871149165
mlp512x1,mc_dropout,4,val,robust,0.08,0.25,robust_eps0p08_lam0p25,"robust ($\epsilon_{train}=0.08$, $\lambda=0.25$)",mlp512x1|mc_dropout|s4|val|robust_eps0p08_lam0p25,0.075,0.075,0.05,0.07,all,one_minus_confidence,50,-0.6371020812554234,6.539864013538163e-07,50,-0.5731384368037158,1.3608547006161122e-05
mlp512x1,mc_dropout,4,val,robust,0.08,0.25,robust_eps0p08_lam0p25,"robust ($\epsilon_{train}=0.08$, $\lambda=0.25$)",mlp512x1|mc_dropout|s4|val|robust_eps0p08_lam0p25,0.075,0.075,0.05,0.07,clean_correct,one_minus_confidence,48,-0.5843817366898532,1.2948957621240242e-05,48,-0.5033657973808391,0.0002655149593438941
mlp512x1,mc_dropout,4,val,robust,0.08,0.25,robust_eps0p08_lam0p25,"robust ($\epsilon_{train}=0.08$, $\lambda=0.25$)",mlp512x1|mc_dropout|s4|val|robust_eps0p08_lam0p25,0.075,0.075,0.05,0.07,all,predictive_entropy,50,-0.6320955962934411,8.503215332545096e-07,50,-0.5698713606837292,1.5625720724582134e-05
mlp512x1,mc_dropout,4,val,robust,0.08,0.25,robust_eps0p08_lam0p25,"robust ($\epsilon_{train}=0.08$, $\lambda=0.25$)",mlp512x1|mc_dropout|s4|val|robust_eps0p08_lam0p25,0.075,0.075,0.05,0.07,clean_correct,predictive_entropy,48,-0.5787136943294413,1.6425950192289172e-05,48,-0.4996752982444269,0.0002994120044377759
mlp512x1,mc_dropout,4,val,robust,0.08,0.25,robust_eps0p08_lam0p25,"robust ($\epsilon_{train}=0.08$, $\lambda=0.25$)",mlp512x1|mc_dropout|s4|val|robust_eps0p08_lam0p25,0.075,0.075,0.05,0.08,all,expected_entropy,50,-0.5544462005266838,2.94316382142172e-05,50,-0.5509504427741786,3.382628553399501e-05
mlp512x1,mc_dropout,4,val,robust,0.08,0.25,robust_eps0p08_lam0p25,"robust ($\epsilon_{train}=0.08$, $\lambda=0.25$)",mlp512x1|mc_dropout|s4|val|robust_eps0p08_lam0p25,0.075,0.075,0.05,0.08,clean_correct,expected_entropy,48,-0.49209589049215463,0.0003815924446022035,48,-0.48029986879060405,0.0005504921578524597
mlp512x1,mc_dropout,4,val,robust,0.08,0.25,robust_eps0p08_lam0p25,"robust ($\epsilon_{train}=0.08$, $\lambda=0.25$)",mlp512x1|mc_dropout|s4|val|robust_eps0p08_lam0p25,0.075,0.075,0.05,0.08,all,mutual_information,50,-0.559050887733776,2.4443281172826314e-05,50,-0.5518784569950848,3.260433430092846e-05
mlp512x1,mc_dropout,4,val,robust,0.08,0.25,robust_eps0p08_lam0p25,"robust ($\epsilon_{train}=0.08$, $\lambda=0.25$)",mlp512x1|mc_dropout|s4|val|robust_eps0p08_lam0p25,0.075,0.075,0.05,0.08,clean_correct,mutual_information,48,-0.49748445724532336,0.00032134165529088937,48,-0.4810435763577066,0.0005381274377933386
mlp512x1,mc_dropout,4,val,robust,0.08,0.25,robust_eps0p08_lam0p25,"robust ($\epsilon_{train}=0.08$, $\lambda=0.25$)",mlp512x1|mc_dropout|s4|val|robust_eps0p08_lam0p25,0.075,0.075,0.05,0.08,all,one_minus_confidence,50,-0.565714380619474,1.8590920305008273e-05,50,-0.5559413276866852,2.7717678316589196e-05
mlp512x1,mc_dropout,4,val,robust,0.08,0.25,robust_eps0p08_lam0p25,"robust ($\epsilon_{train}=0.08$, $\lambda=0.25$)",mlp512x1|mc_dropout|s4|val|robust_eps0p08_lam0p25,0.075,0.075,0.05,0.08,clean_correct,one_minus_confidence,48,-0.5051169274600484,0.00025068114515013745,48,-0.48597294350282233,0.0004623007724470999
mlp512x1,mc_dropout,4,val,robust,0.08,0.25,robust_eps0p08_lam0p25,"robust ($\epsilon_{train}=0.08$, $\lambda=0.25$)",mlp512x1|mc_dropout|s4|val|robust_eps0p08_lam0p25,0.075,0.075,0.05,0.08,all,predictive_entropy,50,-0.558213671877941,2.5287917580193946e-05,50,-0.5527484703271841,3.149574435067472e-05
mlp512x1,mc_dropout,4,val,robust,0.08,0.25,robust_eps0p08_lam0p25,"robust ($\epsilon_{train}=0.08$, $\lambda=0.25$)",mlp512x1|mc_dropout|s4|val|robust_eps0p08_lam0p25,0.075,0.075,0.05,0.08,clean_correct,predictive_entropy,48,-0.496646235750386,0.00033010920343896655,48,-0.48239577193425676,0.0005162851817392028
mlp512x1,mc_dropout,4,val,robust,0.08,0.25,robust_eps0p08_lam0p25,"robust ($\epsilon_{train}=0.08$, $\lambda=0.25$)",mlp512x1|mc_dropout|s4|val|robust_eps0p08_lam0p25,0.075,0.075,0.05,0.1,all,expected_entropy,50,-0.5010463689793956,0.0002104365504029161,50,-0.5569277298120195,2.6637706539799075e-05
mlp512x1,mc_dropout,4,val,robust,0.08,0.25,robust_eps0p08_lam0p25,"robust ($\epsilon_{train}=0.08$, $\lambda=0.25$)",mlp512x1|mc_dropout|s4|val|robust_eps0p08_lam0p25,0.075,0.075,0.05,0.1,clean_correct,expected_entropy,48,-0.4411954905542466,0.0016960071975463138,48,-0.49567347130317,0.0003405548693765241
mlp512x1,mc_dropout,4,val,robust,0.08,0.25,robust_eps0p08_lam0p25,"robust ($\epsilon_{train}=0.08$, $\lambda=0.25$)",mlp512x1|mc_dropout|s4|val|robust_eps0p08_lam0p25,0.075,0.075,0.05,0.1,all,mutual_information,50,-0.5061020420534091,0.0001770941326449056,50,-0.5760499343621855,1.2016372370036688e-05
mlp512x1,mc_dropout,4,val,robust,0.08,0.25,robust_eps0p08_lam0p25,"robust ($\epsilon_{train}=0.08$, $\lambda=0.25$)",mlp512x1|mc_dropout|s4|val|robust_eps0p08_lam0p25,0.075,0.075,0.05,0.1,clean_correct,mutual_information,48,-0.44675030787486236,0.001457048119029112,48,-0.5175205222958683,0.00016533160094072286
mlp512x1,mc_dropout,4,val,robust,0.08,0.25,robust_eps0p08_lam0p25,"robust ($\epsilon_{train}=0.08$, $\lambda=0.25$)",mlp512x1|mc_dropout|s4|val|robust_eps0p08_lam0p25,0.075,0.075,0.05,0.1,all,one_minus_confidence,50,-0.5066014863387387,0.00017407625476681518,50,-0.5642324142120954,1.976775045650099e-05
mlp512x1,mc_dropout,4,val,robust,0.08,0.25,robust_eps0p08_lam0p25,"robust ($\epsilon_{train}=0.08$, $\lambda=0.25$)",mlp512x1|mc_dropout|s4|val|robust_eps0p08_lam0p25,0.075,0.075,0.05,0.1,clean_correct,one_minus_confidence,48,-0.44760190090873003,0.0014231966126414032,48,-0.5041463389525798,0.0002588074577418734
mlp512x1,mc_dropout,4,val,robust,0.08,0.25,robust_eps0p08_lam0p25,"robust ($\epsilon_{train}=0.08$, $\lambda=0.25$)",mlp512x1|mc_dropout|s4|val|robust_eps0p08_lam0p25,0.075,0.075,0.05,0.1,all,predictive_entropy,50,-0.5040603279273652,0.00018993276774602205,50,-0.5619026122966155,2.175734271490968e-05
mlp512x1,mc_dropout,4,val,robust,0.08,0.25,robust_eps0p08_lam0p25,"robust ($\epsilon_{train}=0.08$, $\lambda=0.25$)",mlp512x1|mc_dropout|s4|val|robust_eps0p08_lam0p25,0.075,0.075,0.05,0.1,clean_correct,predictive_entropy,48,-0.44482537117959947,0.0015362223025708395,48,-0.5015940813282915,0.0002813282119577114
mlp512x1,mc_dropout,4,val,standard,,,standard,standard,mlp512x1|mc_dropout|s4|val|standard,0.075,0.075,0.05,0.01,all,expected_entropy,50,-0.6604963767233432,1.7970540448710752e-07,50,-0.3395498750508661,0.01584766153333777
mlp512x1,mc_dropout,4,val,standard,,,standard,standard,mlp512x1|mc_dropout|s4|val|standard,0.075,0.075,0.05,0.01,clean_correct,expected_entropy,49,-0.6340313696143448,1.0038729119896847e-06,49,-0.2449489742783178,0.08982359368756544
mlp512x1,mc_dropout,4,val,standard,,,standard,standard,mlp512x1|mc_dropout|s4|val|standard,0.075,0.075,0.05,0.01,all,mutual_information,50,-0.6617145315629611,1.6749598066541184e-07,50,-0.3395498750508661,0.01584766153333777
mlp512x1,mc_dropout,4,val,standard,,,standard,standard,mlp512x1|mc_dropout|s4|val|standard,0.075,0.075,0.05,0.01,clean_correct,mutual_information,49,-0.6353585257256893,9.376897757619226e-07,49,-0.2449489742783178,0.08982359368756544
mlp512x1,mc_dropout,4,val,standard,,,standard,standard,mlp512x1|mc_dropout|s4|val|standard,0.075,0.075,0.05,0.01,all,one_minus_confidence,50,-0.6635567525214077,1.5049697308002294e-07,50,-0.3393566725222602,0.015911257189579905
mlp512x1,mc_dropout,4,val,standard,,,standard,standard,mlp512x1|mc_dropout|s4|val|standard,0.075,0.075,0.05,0.01,clean_correct,one_minus_confidence,49,-0.6374932482495644,8.396943136220954e-07,49,-0.2450177389055242,0.08973064446055916
mlp512x1,mc_dropout,4,val,standard,,,standard,standard,mlp512x1|mc_dropout|s4|val|standard,0.075,0.075,0.05,0.01,all,predictive_entropy,50,-0.6604963767233432,1.7970540448710752e-07,50,-0.3395498750508661,0.01584766153333777
mlp512x1,mc_dropout,4,val,standard,,,standard,standard,mlp512x1|mc_dropout|s4|val|standard,0.075,0.075,0.05,0.01,clean_correct,predictive_entropy,49,-0.6340313696143448,1.0038729119896847e-06,49,-0.2449489742783178,0.08982359368756544
mlp512x1,mc_dropout,4,val,standard,,,standard,standard,mlp512x1|mc_dropout|s4|val|standard,0.075,0.075,0.05,0.05,all,expected_entropy,50,-0.23263621176954388,0.10399813567838574,50,-0.7137161167033231,5.959084576059317e-09
mlp512x1,mc_dropout,4,val,standard,,,standard,standard,mlp512x1|mc_dropout|s4|val|standard,0.075,0.075,0.05,0.05,clean_correct,expected_entropy,49,-0.23474276701672123,0.10447064510567974,49,-0.6969063999199976,2.6636480284503936e-08
mlp512x1,mc_dropout,4,val,standard,,,standard,standard,mlp512x1|mc_dropout|s4|val|standard,0.075,0.075,0.05,0.05,all,mutual_information,50,-0.23263621176954388,0.10399813567838574,50,-0.7013170352872935,1.4075756004688008e-08
mlp512x1,mc_dropout,4,val,standard,,,standard,standard,mlp512x1|mc_dropout|s4|val|standard,0.075,0.075,0.05,0.05,clean_correct,mutual_information,49,-0.23474276701672123,0.10447064510567974,49,-0.6838371714107662,6.095393661390049e-08
mlp512x1,mc_dropout,4,val,standard,,,standard,standard,mlp512x1|mc_dropout|s4|val|standard,0.075,0.075,0.05,0.05,all,one_minus_confidence,50,-0.22774666225962448,0.11168543018392961,50,-0.7116693792662815,6.88863898593315e-09
mlp512x1,mc_dropout,4,val,standard,,,standard,standard,mlp512x1|mc_dropout|s4|val|standard,0.075,0.075,0.05,0.05,clean_correct,one_minus_confidence,49,-0.22970413022392894,0.11234692050601183,49,-0.6947274734814605,3.0670904236912845e-08
mlp512x1,mc_dropout,4,val,standard,,,standard,standard,mlp512x1|mc_dropout|s4|val|standard,0.075,0.075,0.05,0.05,all,predictive_entropy,50,-0.23263621176954388,0.10399813567838574,50,-0.7101597910258574,7.659861495908508e-09
mlp512x1,mc_dropout,4,val,standard,,,standard,standard,mlp512x1|mc_dropout|s4|val|standard,0.075,0.075,0.05,0.05,clean_correct,predictive_entropy,49,-0.23474276701672123,0.10447064510567974,49,-0.6931285760540478,3.398849416364669e-08
mlp512x1,mc_dropout,4,val,standard,,,standard,standard,mlp512x1|mc_dropout|s4|val|standard,0.075,0.075,0.05,0.07,all,expected_entropy,50,,,50,-0.6654344061935913,1.3484199472911917e-07
mlp512x1,mc_dropout,4,val,standard,,,standard,standard,mlp512x1|mc_dropout|s4|val|standard,0.075,0.075,0.05,0.07,clean_correct,expected_entropy,49,,,49,-0.6497028833824616,4.392855751797206e-07
mlp512x1,mc_dropout,4,val,standard,,,standard,standard,mlp512x1|mc_dropout|s4|val|standard,0.075,0.075,0.05,0.07,all,mutual_information,50,,,50,-0.6495884223001085,3.3274592082015726e-07
mlp512x1,mc_dropout,4,val,standard,,,standard,standard,mlp512x1|mc_dropout|s4|val|standard,0.075,0.075,0.05,0.07,clean_correct,mutual_information,49,,,49,-0.632942327872239,1.0614017505255074e-06
mlp512x1,mc_dropout,4,val,standard,,,standard,standard,mlp512x1|mc_dropout|s4|val|standard,0.075,0.075,0.05,0.07,all,one_minus_confidence,50,,,50,-0.6623626323637692,1.613207758053236e-07
mlp512x1,mc_dropout,4,val,standard,,,standard,standard,mlp512x1|mc_dropout|s4|val|standard,0.075,0.075,0.05,0.07,clean_correct,one_minus_confidence,49,,,49,-0.6464396536768098,5.238072684982846e-07
mlp512x1,mc_dropout,4,val,standard,,,standard,standard,mlp512x1|mc_dropout|s4|val|standard,0.075,0.075,0.05,0.07,all,predictive_entropy,50,,,50,-0.6609277502238851,1.752896501301432e-07
mlp512x1,mc_dropout,4,val,standard,,,standard,standard,mlp512x1|mc_dropout|s4|val|standard,0.075,0.075,0.05,0.07,clean_correct,predictive_entropy,49,,,49,-0.6449214979148215,5.680918459679286e-07
mlp512x1,mc_dropout,4,val,standard,,,standard,standard,mlp512x1|mc_dropout|s4|val|standard,0.075,0.075,0.05,0.08,all,expected_entropy,50,,,50,-0.5193966968592965,0.00011104784319983192
mlp512x1,mc_dropout,4,val,standard,,,standard,standard,mlp512x1|mc_dropout|s4|val|standard,0.075,0.075,0.05,0.08,clean_correct,expected_entropy,49,,,49,-0.5053210925641576,0.0002128076489076711
mlp512x1,mc_dropout,4,val,standard,,,standard,standard,mlp512x1|mc_dropout|s4|val|standard,0.075,0.075,0.05,0.08,all,mutual_information,50,,,50,-0.5003358037690643,0.0002155546040949183
mlp512x1,mc_dropout,4,val,standard,,,standard,standard,mlp512x1|mc_dropout|s4|val|standard,0.075,0.075,0.05,0.08,clean_correct,mutual_information,49,,,49,-0.4854122335900137,0.00040735976191551266
mlp512x1,mc_dropout,4,val,standard,,,standard,standard,mlp512x1|mc_dropout|s4|val|standard,0.075,0.075,0.05,0.08,all,one_minus_confidence,50,,,50,-0.5158674019834011,0.00012593234216676328
mlp512x1,mc_dropout,4,val,standard,,,standard,standard,mlp512x1|mc_dropout|s4|val|standard,0.075,0.075,0.05,0.08,clean_correct,one_minus_confidence,49,,,49,-0.5016085422745652,0.00024092860185329562
mlp512x1,mc_dropout,4,val,standard,,,standard,standard,mlp512x1|mc_dropout|s4|val|standard,0.075,0.075,0.05,0.08,all,predictive_entropy,50,,,50,-0.5146441134362677,0.00013150190270184978
mlp512x1,mc_dropout,4,val,standard,,,standard,standard,mlp512x1|mc_dropout|s4|val|standard,0.075,0.075,0.05,0.08,clean_correct,predictive_entropy,49,,,49,-0.5003438778206215,0.0002512518541805421
mlp512x1,mc_dropout,4,val,standard,,,standard,standard,mlp512x1|mc_dropout|s4|val|standard,0.075,0.075,0.05,0.1,all,expected_entropy,50,,,50,-0.4042387730556047,0.0035971554590775528
mlp512x1,mc_dropout,4,val,standard,,,standard,standard,mlp512x1|mc_dropout|s4|val|standard,0.075,0.075,0.05,0.1,clean_correct,expected_entropy,49,,,49,-0.40046212027549083,0.004354700641076284
mlp512x1,mc_dropout,4,val,standard,,,standard,standard,mlp512x1|mc_dropout|s4|val|standard,0.075,0.075,0.05,0.1,all,mutual_information,50,,,50,-0.383408101586923,0.005988143626801527
mlp512x1,mc_dropout,4,val,standard,,,standard,standard,mlp512x1|mc_dropout|s4|val|standard,0.075,0.075,0.05,0.1,clean_correct,mutual_information,49,,,49,-0.37893891185677553,0.007252057540256736
mlp512x1,mc_dropout,4,val,standard,,,standard,standard,mlp512x1|mc_dropout|s4|val|standard,0.075,0.075,0.05,0.1,all,one_minus_confidence,50,,,50,-0.403829830200002,0.003634458081883567
mlp512x1,mc_dropout,4,val,standard,,,standard,standard,mlp512x1|mc_dropout|s4|val|standard,0.075,0.075,0.05,0.1,clean_correct,one_minus_confidence,49,,,49,-0.4000308742273105,0.004400874321728594
mlp512x1,mc_dropout,4,val,standard,,,standard,standard,mlp512x1|mc_dropout|s4|val|standard,0.075,0.075,0.05,0.1,all,predictive_entropy,50,,,50,-0.4006638723415075,0.0039349581437427925
mlp512x1,mc_dropout,4,val,standard,,,standard,standard,mlp512x1|mc_dropout|s4|val|standard,0.075,0.075,0.05,0.1,clean_correct,predictive_entropy,49,,,49,-0.39676621579954985,0.004764568741710085
mlp512x1,vogn,0,val,robust,0.08,0.25,robust_eps0p08_lam0p25,"robust ($\epsilon_{train}=0.08$, $\lambda=0.25$)",mlp512x1|vogn|s0|val|robust_eps0p08_lam0p25,0.075,0.075,0.05,0.01,all,expected_entropy,50,-0.42488196738449624,0.0021011595578615118,50,-0.42488196738449624,0.0021011595578615118
mlp512x1,vogn,0,val,robust,0.08,0.25,robust_eps0p08_lam0p25,"robust ($\epsilon_{train}=0.08$, $\lambda=0.25$)",mlp512x1|vogn|s0|val|robust_eps0p08_lam0p25,0.075,0.075,0.05,0.01,clean_correct,expected_entropy,47,-0.3796991652215296,0.008478828736152147,47,-0.3796991652215296,0.008478828736152147
mlp512x1,vogn,0,val,robust,0.08,0.25,robust_eps0p08_lam0p25,"robust ($\epsilon_{train}=0.08$, $\lambda=0.25$)",mlp512x1|vogn|s0|val|robust_eps0p08_lam0p25,0.075,0.075,0.05,0.01,all,mutual_information,50,-0.4390900748240659,0.0014226431837018154,50,-0.4390900748240659,0.0014226431837018154
mlp512x1,vogn,0,val,robust,0.08,0.25,robust_eps0p08_lam0p25,"robust ($\epsilon_{train}=0.08$, $\lambda=0.25$)",mlp512x1|vogn|s0|val|robust_eps0p08_lam0p25,0.075,0.075,0.05,0.01,clean_correct,mutual_information,47,-0.4106699559169257,0.00414021104483385,47,-0.4106699559169257,0.00414021104483385
mlp512x1,vogn,0,val,robust,0.08,0.25,robust_eps0p08_lam0p25,"robust ($\epsilon_{train}=0.08$, $\lambda=0.25$)",mlp512x1|vogn|s0|val|robust_eps0p08_lam0p25,0.075,0.075,0.05,0.01,all,one_minus_confidence,50,-0.450172991783006,0.0010371763936159117,50,-0.450172991783006,0.0010371763936159117
mlp512x1,vogn,0,val,robust,0.08,0.25,robust_eps0p08_lam0p25,"robust ($\epsilon_{train}=0.08$, $\lambda=0.25$)",mlp512x1|vogn|s0|val|robust_eps0p08_lam0p25,0.075,0.075,0.05,0.01,clean_correct,one_minus_confidence,47,-0.4126496742114103,0.003945686972253221,47,-0.4126496742114103,0.003945686972253221
mlp512x1,vogn,0,val,robust,0.08,0.25,robust_eps0p08_lam0p25,"robust ($\epsilon_{train}=0.08$, $\lambda=0.25$)",mlp512x1|vogn|s0|val|robust_eps0p08_lam0p25,0.075,0.075,0.05,0.01,all,predictive_entropy,50,-0.4293911272305872,0.0018599136910739925,50,-0.4293911272305872,0.0018599136910739925
mlp512x1,vogn,0,val,robust,0.08,0.25,robust_eps0p08_lam0p25,"robust ($\epsilon_{train}=0.08$, $\lambda=0.25$)",mlp512x1|vogn|s0|val|robust_eps0p08_lam0p25,0.075,0.075,0.05,0.01,clean_correct,predictive_entropy,47,-0.3799720356241322,0.008427863337684447,47,-0.3799720356241322,0.008427863337684447
mlp512x1,vogn,0,val,robust,0.08,0.25,robust_eps0p08_lam0p25,"robust ($\epsilon_{train}=0.08$, $\lambda=0.25$)",mlp512x1|vogn|s0|val|robust_eps0p08_lam0p25,0.075,0.075,0.05,0.05,all,expected_entropy,50,-0.47683118636016186,0.00046371820813549604,50,-0.4620058760958008,0.0007314037625757045
mlp512x1,vogn,0,val,robust,0.08,0.25,robust_eps0p08_lam0p25,"robust ($\epsilon_{train}=0.08$, $\lambda=0.25$)",mlp512x1|vogn|s0|val|robust_eps0p08_lam0p25,0.075,0.075,0.05,0.05,clean_correct,expected_entropy,47,-0.4315265590990163,0.002457479366330622,47,-0.41139943150575126,0.0040675774741964965
mlp512x1,vogn,0,val,robust,0.08,0.25,robust_eps0p08_lam0p25,"robust ($\epsilon_{train}=0.08$, $\lambda=0.25$)",mlp512x1|vogn|s0|val|robust_eps0p08_lam0p25,0.075,0.075,0.05,0.05,all,mutual_information,50,-0.6249187383297856,1.2289545268895726e-06,50,-0.6136400080686478,2.1524253531153353e-06
mlp512x1,vogn,0,val,robust,0.08,0.25,robust_eps0p08_lam0p25,"robust ($\epsilon_{train}=0.08$, $\lambda=0.25$)",mlp512x1|vogn|s0|val|robust_eps0p08_lam0p25,0.075,0.075,0.05,0.05,clean_correct,mutual_information,47,-0.6113072438983919,5.0115572200652595e-06,47,-0.6008514204325547,7.988911777925566e-06
mlp512x1,vogn,0,val,robust,0.08,0.25,robust_eps0p08_lam0p25,"robust ($\epsilon_{train}=0.08$, $\lambda=0.25$)",mlp512x1|vogn|s0|val|robust_eps0p08_lam0p25,0.075,0.075,0.05,0.05,all,one_minus_confidence,50,-0.48988778241745706,0.00030507357797275017,50,-0.47871273176310575,0.00043701186173324434
mlp512x1,vogn,0,val,robust,0.08,0.25,robust_eps0p08_lam0p25,"robust ($\epsilon_{train}=0.08$, $\lambda=0.25$)",mlp512x1|vogn|s0|val|robust_eps0p08_lam0p25,0.075,0.075,0.05,0.05,clean_correct,one_minus_confidence,47,-0.4441823861890239,0.0017618348964756633,47,-0.42678920104085777,0.0027745568264601677
mlp512x1,vogn,0,val,robust,0.08,0.25,robust_eps0p08_lam0p25,"robust ($\epsilon_{train}=0.08$, $\lambda=0.25$)",mlp512x1|vogn|s0|val|robust_eps0p08_lam0p25,0.075,0.075,0.05,0.05,all,predictive_entropy,50,-0.48171378318234875,0.00039728087988090367,50,-0.46961275250609485,0.0005803990546188522
mlp512x1,vogn,0,val,robust,0.08,0.25,robust_eps0p08_lam0p25,"robust ($\epsilon_{train}=0.08$, $\lambda=0.25$)",mlp512x1|vogn|s0|val|robust_eps0p08_lam0p25,0.075,0.075,0.05,0.05,clean_correct,predictive_entropy,47,-0.4354952276376338,0.0022169618349053076,47,-0.4162912202275795,0.00360872487280439
mlp512x1,vogn,0,val,robust,0.08,0.25,robust_eps0p08_lam0p25,"robust ($\epsilon_{train}=0.08$, $\lambda=0.25$)",mlp512x1|vogn|s0|val|robust_eps0p08_lam0p25,0.075,0.075,0.05,0.07,all,expected_entropy,50,-0.5386495023292345,5.453206584327316e-05,50,-0.5038923302401628,0.0001910259709798382
mlp512x1,vogn,0,val,robust,0.08,0.25,robust_eps0p08_lam0p25,"robust ($\epsilon_{train}=0.08$, $\lambda=0.25$)",mlp512x1|vogn|s0|val|robust_eps0p08_lam0p25,0.075,0.075,0.05,0.07,clean_correct,expected_entropy,47,-0.5174594067038586,0.00019554002769747118,47,-0.462772205729823,0.001055504160401163
mlp512x1,vogn,0,val,robust,0.08,0.25,robust_eps0p08_lam0p25,"robust ($\epsilon_{train}=0.08$, $\lambda=0.25$)",mlp512x1|vogn|s0|val|robust_eps0p08_lam0p25,0.075,0.075,0.05,0.07,all,mutual_information,50,-0.6664254481038624,1.2720697983593397e-07,50,-0.6379860766290434,6.240575974793131e-07
mlp512x1,vogn,0,val,robust,0.08,0.25,robust_eps0p08_lam0p25,"robust ($\epsilon_{train}=0.08$, $\lambda=0.25$)",mlp512x1|vogn|s0|val|robust_eps0p08_lam0p25,0.075,0.075,0.05,0.07,clean_correct,mutual_information,47,-0.6627982157429919,3.862241612496275e-07,47,-0.6245604816142118,2.707732524061605e-06
mlp512x1,vogn,0,val,robust,0.08,0.25,robust_eps0p08_lam0p25,"robust ($\epsilon_{train}=0.08$, $\lambda=0.25$)",mlp512x1|vogn|s0|val|robust_eps0p08_lam0p25,0.075,0.075,0.05,0.07,all,one_minus_confidence,50,-0.5454509548859704,4.1974078148453544e-05,50,-0.516071854247567,0.00012502275746016823
mlp512x1,vogn,0,val,robust,0.08,0.25,robust_eps0p08_lam0p25,"robust ($\epsilon_{train}=0.08$, $\lambda=0.25$)",mlp512x1|vogn|s0|val|robust_eps0p08_lam0p25,0.075,0.075,0.05,0.07,clean_correct,one_minus_confidence,47,-0.5236355994542701,0.00015868778013505182,47,-0.4738323885658346,0.0007674311022552004
mlp512x1,vogn,0,val,robust,0.08,0.25,robust_eps0p08_lam0p25,"robust ($\epsilon_{train}=0.08$, $\lambda=0.25$)",mlp512x1|vogn|s0|val|robust_eps0p08_lam0p25,0.075,0.075,0.05,0.07,all,predictive_entropy,50,-0.5415649251675225,4.877839301090007e-05,50,-0.5108822687257465,0.00015006662536732842
mlp512x1,vogn,0,val,robust,0.08,0.25,robust_eps0p08_lam0p25,"robust ($\epsilon_{train}=0.08$, $\lambda=0.25$)",mlp512x1|vogn|s0|val|robust_eps0p08_lam0p25,0.075,0.075,0.05,0.07,clean_correct,predictive_entropy,47,-0.5193956439600003,0.0001832275196007464,47,-0.46842036121065894,0.000898152793575783
mlp512x1,vogn,0,val,robust,0.08,0.25,robust_eps0p08_lam0p25,"robust ($\epsilon_{train}=0.08$, $\lambda=0.25$)",mlp512x1|vogn|s0|val|robust_eps0p08_lam0p25,0.075,0.075,0.05,0.08,all,expected_entropy,50,-0.5431226683894101,4.593774849846062e-05,50,-0.5031974842602516,0.00019560856681007888
mlp512x1,vogn,0,val,robust,0.08,0.25,robust_eps0p08_lam0p25,"robust ($\epsilon_{train}=0.08$, $\lambda=0.25$)",mlp512x1|vogn|s0|val|robust_eps0p08_lam0p25,0.075,0.075,0.05,0.08,clean_correct,expected_entropy,47,-0.5247906635147691,0.00015254152076995837,47,-0.46352004947647174,0.0010333455858124662
mlp512x1,vogn,0,val,robust,0.08,0.25,robust_eps0p08_lam0p25,"robust ($\epsilon_{train}=0.08$, $\lambda=0.25$)",mlp512x1|vogn|s0|val|robust_eps0p08_lam0p25,0.075,0.075,0.05,0.08,all,mutual_information,50,-0.6510634597466316,3.065904681652492e-07,50,-0.6418980474126516,5.063101279926534e-07
mlp512x1,vogn,0,val,robust,0.08,0.25,robust_eps0p08_lam0p25,"robust ($\epsilon_{train}=0.08$, $\lambda=0.25$)",mlp512x1|vogn|s0|val|robust_eps0p08_lam0p25,0.075,0.075,0.05,0.08,clean_correct,mutual_information,47,-0.6475680238725889,8.665749848549343e-07,47,-0.6282553980708973,2.26903333022806e-06
mlp512x1,vogn,0,val,robust,0.08,0.25,robust_eps0p08_lam0p25,"robust ($\epsilon_{train}=0.08$, $\lambda=0.25$)",mlp512x1|vogn|s0|val|robust_eps0p08_lam0p25,0.075,0.075,0.05,0.08,all,one_minus_confidence,50,-0.5501901338250378,3.4858633233887666e-05,50,-0.5165181439508348,0.00012305805137062555
mlp512x1,vogn,0,val,robust,0.08,0.25,robust_eps0p08_lam0p25,"robust ($\epsilon_{train}=0.08$, $\lambda=0.25$)",mlp512x1|vogn|s0|val|robust_eps0p08_lam0p25,0.075,0.075,0.05,0.08,clean_correct,one_minus_confidence,47,-0.5330068980294288,0.00011469789691032028,47,-0.47579553752626075,0.000724406862255539
mlp512x1,vogn,0,val,robust,0.08,0.25,robust_eps0p08_lam0p25,"robust ($\epsilon_{train}=0.08$, $\lambda=0.25$)",mlp512x1|vogn|s0|val|robust_eps0p08_lam0p25,0.075,0.075,0.05,0.08,all,predictive_entropy,50,-0.5442287221434199,4.401384751778974e-05,50,-0.510336483834272,0.00015295002700949623
mlp512x1,vogn,0,val,robust,0.08,0.25,robust_eps0p08_lam0p25,"robust ($\epsilon_{train}=0.08$, $\lambda=0.25$)",mlp512x1|vogn|s0|val|robust_eps0p08_lam0p25,0.075,0.075,0.05,0.08,clean_correct,predictive_entropy,47,-0.5259313822662598,0.00014668475628654221,47,-0.46917273300667267,0.0008788617076783636
mlp512x1,vogn,0,val,robust,0.08,0.25,robust_eps0p08_lam0p25,"robust ($\epsilon_{train}=0.08$, $\lambda=0.25$)",mlp512x1|vogn|s0|val|robust_eps0p08_lam0p25,0.075,0.075,0.05,0.1,all,expected_entropy,50,-0.30275734062431886,0.032589265253937585,50,-0.44566045485529665,0.001181102851609641
mlp512x1,vogn,0,val,robust,0.08,0.25,robust_eps0p08_lam0p25,"robust ($\epsilon_{train}=0.08$, $\lambda=0.25$)",mlp512x1|vogn|s0|val|robust_eps0p08_lam0p25,0.075,0.075,0.05,0.1,clean_correct,expected_entropy,47,-0.27584394855875777,0.060550747454706164,47,-0.3993931822602313,0.005416714736722871
mlp512x1,vogn,0,val,robust,0.08,0.25,robust_eps0p08_lam0p25,"robust ($\epsilon_{train}=0.08$, $\lambda=0.25$)",mlp512x1|vogn|s0|val|robust_eps0p08_lam0p25,0.075,0.075,0.05,0.1,all,mutual_information,50,-0.39235576442802095,0.004829743467809369,50,-0.561535121582476,2.20875053959803e-05
mlp512x1,vogn,0,val,robust,0.08,0.25,robust_eps0p08_lam0p25,"robust ($\epsilon_{train}=0.08$, $\lambda=0.25$)",mlp512x1|vogn|s0|val|robust_eps0p08_lam0p25,0.075,0.075,0.05,0.1,clean_correct,mutual_information,47,-0.37733623957331053,0.008931410857197713,47,-0.5366160217183121,0.00010095870019644845
mlp512x1,vogn,0,val,robust,0.08,0.25,robust_eps0p08_lam0p25,"robust ($\epsilon_{train}=0.08$, $\lambda=0.25$)",mlp512x1|vogn|s0|val|robust_eps0p08_lam0p25,0.075,0.075,0.05,0.1,all,one_minus_confidence,50,-0.32177611449352816,0.022683199186951112,50,-0.46410062720110135,0.0006866444335941646
mlp512x1,vogn,0,val,robust,0.08,0.25,robust_eps0p08_lam0p25,"robust ($\epsilon_{train}=0.08$, $\lambda=0.25$)",mlp512x1|vogn|s0|val|robust_eps0p08_lam0p25,0.075,0.075,0.05,0.1,clean_correct,one_minus_confidence,47,-0.29744489584941586,0.04230759461064819,47,-0.4175671699465618,0.0034967882773056748
mlp512x1,vogn,0,val,robust,0.08,0.25,robust_eps0p08_lam0p25,"robust ($\epsilon_{train}=0.08$, $\lambda=0.25$)",mlp512x1|vogn|s0|val|robust_eps0p08_lam0p25,0.075,0.075,0.05,0.1,all,predictive_entropy,50,-0.30275734062431886,0.032589265253937585,50,-0.45175394877988106,0.0009905992101449693
mlp512x1,vogn,0,val,robust,0.08,0.25,robust_eps0p08_lam0p25,"robust ($\epsilon_{train}=0.08$, $\lambda=0.25$)",mlp512x1|vogn|s0|val|robust_eps0p08_lam0p25,0.075,0.075,0.05,0.1,clean_correct,predictive_entropy,47,-0.27584394855875777,0.060550747454706164,47,-0.403366358683607,0.004932455659443695
mlp512x1,vogn,0,val,standard,,,standard,standard,mlp512x1|vogn|s0|val|standard,0.075,0.075,0.05,0.01,all,expected_entropy,50,-0.9296177694280268,1.9046794493531655e-22,50,-0.8562555158839882,2.253414168068569e-15
mlp512x1,vogn,0,val,standard,,,standard,standard,mlp512x1|vogn|s0|val|standard,0.075,0.075,0.05,0.01,clean_correct,expected_entropy,47,-0.9154513699730772,2.0917792492939198e-19,47,-0.824929441965257,1.0059971563912982e-12
mlp512x1,vogn,0,val,standard,,,standard,standard,mlp512x1|vogn|s0|val|standard,0.075,0.075,0.05,0.01,all,mutual_information,50,-0.9257793852862396,6.520169572279617e-22,50,-0.8664079159623095,4.379147547484951e-16
mlp512x1,vogn,0,val,standard,,,standard,standard,mlp512x1|vogn|s0|val|standard,0.075,0.075,0.05,0.01,clean_correct,mutual_information,47,-0.9108186969714837,6.610125881903144e-19,47,-0.837394299955853,2.1940360824053486e-13
mlp512x1,vogn,0,val,standard,,,standard,standard,mlp512x1|vogn|s0|val|standard,0.075,0.075,0.05,0.01,all,one_minus_confidence,50,-0.941764554686847,2.3186213308116653e-24,50,-0.8691815097981395,2.734466576862543e-16
mlp512x1,vogn,0,val,standard,,,standard,standard,mlp512x1|vogn|s0|val|standard,0.075,0.075,0.05,0.01,clean_correct,one_minus_confidence,47,-0.9299358032818562,3.559692133667535e-21,47,-0.840542640376158,1.4634767412267944e-13
mlp512x1,vogn,0,val,standard,,,standard,standard,mlp512x1|vogn|s0|val|standard,0.075,0.075,0.05,0.01,all,predictive_entropy,50,-0.9401611790326827,4.3693986334830696e-24,50,-0.8642623056364788,6.258861011174257e-16
mlp512x1,vogn,0,val,standard,,,standard,standard,mlp512x1|vogn|s0|val|standard,0.075,0.075,0.05,0.01,clean_correct,predictive_entropy,47,-0.9281765603698588,6.103931429668955e-21,47,-0.8347599742980466,3.0587982996250374e-13
mlp512x1,vogn,0,val,standard,,,standard,standard,mlp512x1|vogn|s0|val|standard,0.075,0.075,0.05,0.05,all,expected_entropy,50,,,50,-0.9275884881833425,3.6815485681638553e-22
mlp512x1,vogn,0,val,standard,,,standard,standard,mlp512x1|vogn|s0|val|standard,0.075,0.075,0.05,0.05,clean_correct,expected_entropy,47,,,47,-0.9137008910021025,3.2554841135367606e-19
mlp512x1,vogn,0,val,standard,,,standard,standard,mlp512x1|vogn|s0|val|standard,0.075,0.075,0.05,0.05,all,mutual_information,50,,,50,-0.8839734321390945,1.825549255101833e-17
mlp512x1,vogn,0,val,standard,,,standard,standard,mlp512x1|vogn|s0|val|standard,0.075,0.075,0.05,0.05,clean_correct,mutual_information,47,,,47,-0.8610251846546202,8.321945504348857e-15
mlp512x1,vogn,0,val,standard,,,standard,standard,mlp512x1|vogn|s0|val|standard,0.075,0.075,0.05,0.05,all,one_minus_confidence,50,,,50,-0.9189423316987999,4.997215099492512e-21
mlp512x1,vogn,0,val,standard,,,standard,standard,mlp512x1|vogn|s0|val|standard,0.075,0.075,0.05,0.05,clean_correct,one_minus_confidence,47,,,47,-0.9028882048473504,4.1269997795746035e-18
mlp512x1,vogn,0,val,standard,,,standard,standard,mlp512x1|vogn|s0|val|standard,0.075,0.075,0.05,0.05,all,predictive_entropy,50,,,50,-0.920383357779557,3.3032196014388047e-21
mlp512x1,vogn,0,val,standard,,,standard,standard,mlp512x1|vogn|s0|val|standard,0.075,0.075,0.05,0.05,clean_correct,predictive_entropy,47,,,47,-0.9050276133378629,2.55834899157492e-18
mlp512x1,vogn,0,val,standard,,,standard,standard,mlp512x1|vogn|s0|val|standard,0.075,0.075,0.05,0.07,all,expected_entropy,50,,,50,-0.8467027174769367,9.425705039464407e-15
mlp512x1,vogn,0,val,standard,,,standard,standard,mlp512x1|vogn|s0|val|standard,0.075,0.075,0.05,0.07,clean_correct,expected_entropy,47,,,47,-0.8283184199231176,6.730385632756654e-13
mlp512x1,vogn,0,val,standard,,,standard,standard,mlp512x1|vogn|s0|val|standard,0.075,0.075,0.05,0.07,all,mutual_information,50,,,50,-0.80383536846639,2.0935093837838278e-12
mlp512x1,vogn,0,val,standard,,,standard,standard,mlp512x1|vogn|s0|val|standard,0.075,0.075,0.05,0.07,clean_correct,mutual_information,47,,,47,-0.7772234942584363,1.326677880603058e-10
mlp512x1,vogn,0,val,standard,,,standard,standard,mlp512x1|vogn|s0|val|standard,0.075,0.075,0.05,0.07,all,one_minus_confidence,50,,,50,-0.8381389242773128,3.137852836251116e-14
mlp512x1,vogn,0,val,standard,,,standard,standard,mlp512x1|vogn|s0|val|standard,0.075,0.075,0.05,0.07,clean_correct,one_minus_confidence,47,,,47,-0.8178671851280691,2.2628565612241215e-12
mlp512x1,vogn,0,val,standard,,,standard,standard,mlp512x1|vogn|s0|val|standard,0.075,0.075,0.05,0.07,all,predictive_entropy,50,,,50,-0.8411386710478026,2.0757745439357495e-14
mlp512x1,vogn,0,val,standard,,,standard,standard,mlp512x1|vogn|s0|val|standard,0.075,0.075,0.05,0.07,clean_correct,predictive_entropy,47,,,47,-0.8212928676442238,1.5339323431654677e-12
mlp512x1,vogn,0,val,standard,,,standard,standard,mlp512x1|vogn|s0|val|standard,0.075,0.075,0.05,0.08,all,expected_entropy,50,,,50,-0.7721580743914374,5.1631518641059454e-11
mlp512x1,vogn,0,val,standard,,,standard,standard,mlp512x1|vogn|s0|val|standard,0.075,0.075,0.05,0.08,clean_correct,expected_entropy,47,,,47,-0.7561854258331246,7.930386420644782e-10
mlp512x1,vogn,0,val,standard,,,standard,standard,mlp512x1|vogn|s0|val|standard,0.075,0.075,0.05,0.08,all,mutual_information,50,,,50,-0.7075230927576724,9.205062179314332e-09
mlp512x1,vogn,0,val,standard,,,standard,standard,mlp512x1|vogn|s0|val|standard,0.075,0.075,0.05,0.08,clean_correct,mutual_information,47,,,47,-0.6825164238007883,1.2635166156469617e-07
mlp512x1,vogn,0,val,standard,,,standard,standard,mlp512x1|vogn|s0|val|standard,0.075,0.075,0.05,0.08,all,one_minus_confidence,50,,,50,-0.7510416725875982,3.3347839369596714e-10
mlp512x1,vogn,0,val,standard,,,standard,standard,mlp512x1|vogn|s0|val|standard,0.075,0.075,0.05,0.08,clean_correct,one_minus_confidence,47,,,47,-0.7325546312758394,4.826925734767282e-09
mlp512x1,vogn,0,val,standard,,,standard,standard,mlp512x1|vogn|s0|val|standard,0.075,0.075,0.05,0.08,all,predictive_entropy,50,,,50,-0.7552946247073411,2.3252318932363003e-10
mlp512x1,vogn,0,val,standard,,,standard,standard,mlp512x1|vogn|s0|val|standard,0.075,0.075,0.05,0.08,clean_correct,predictive_entropy,47,,,47,-0.7372807901872965,3.415678139761308e-09
mlp512x1,vogn,0,val,standard,,,standard,standard,mlp512x1|vogn|s0|val|standard,0.075,0.075,0.05,0.1,all,expected_entropy,50,,,50,-0.5735143848475791,1.3392540919078431e-05
mlp512x1,vogn,0,val,standard,,,standard,standard,mlp512x1|vogn|s0|val|standard,0.075,0.075,0.05,0.1,clean_correct,expected_entropy,47,,,47,-0.5703642143367452,2.8449076954141547e-05
mlp512x1,vogn,0,val,standard,,,standard,standard,mlp512x1|vogn|s0|val|standard,0.075,0.075,0.05,0.1,all,mutual_information,50,,,50,-0.5127900658083855,0.00014037249871812565
mlp512x1,vogn,0,val,standard,,,standard,standard,mlp512x1|vogn|s0|val|standard,0.075,0.075,0.05,0.1,clean_correct,mutual_information,47,,,47,-0.5030076161980723,0.0003139021097351834
mlp512x1,vogn,0,val,standard,,,standard,standard,mlp512x1|vogn|s0|val|standard,0.075,0.075,0.05,0.1,all,one_minus_confidence,50,,,50,-0.5547484505243786,2.9077482559558345e-05
mlp512x1,vogn,0,val,standard,,,standard,standard,mlp512x1|vogn|s0|val|standard,0.075,0.075,0.05,0.1,clean_correct,one_minus_confidence,47,,,47,-0.549576954496784,6.307644937071743e-05
mlp512x1,vogn,0,val,standard,,,standard,standard,mlp512x1|vogn|s0|val|standard,0.075,0.075,0.05,0.1,all,predictive_entropy,50,,,50,-0.5570552265043068,2.6500977913800305e-05
mlp512x1,vogn,0,val,standard,,,standard,standard,mlp512x1|vogn|s0|val|standard,0.075,0.075,0.05,0.1,clean_correct,predictive_entropy,47,,,47,-0.5520743638061787,5.748188655977457e-05
mlp512x1,vogn,1,val,robust,0.08,0.25,robust_eps0p08_lam0p25,"robust ($\epsilon_{train}=0.08$, $\lambda=0.25$)",mlp512x1|vogn|s1|val|robust_eps0p08_lam0p25,0.075,0.075,0.05,0.01,all,expected_entropy,50,-0.3852504317209275,0.005731571047074314,50,-0.35724115877316864,0.010870372411383625
mlp512x1,vogn,1,val,robust,0.08,0.25,robust_eps0p08_lam0p25,"robust ($\epsilon_{train}=0.08$, $\lambda=0.25$)",mlp512x1|vogn|s1|val|robust_eps0p08_lam0p25,0.075,0.075,0.05,0.01,clean_correct,expected_entropy,48,-0.35472254120751556,0.013366976590126726,48,-0.3295846967869815,0.022162667656326664
mlp512x1,vogn,1,val,robust,0.08,0.25,robust_eps0p08_lam0p25,"robust ($\epsilon_{train}=0.08$, $\lambda=0.25$)",mlp512x1|vogn|s1|val|robust_eps0p08_lam0p25,0.075,0.075,0.05,0.01,all,mutual_information,50,-0.49957562699913616,0.00022115503008987195,50,-0.39598148582835346,0.004419418699713228
mlp512x1,vogn,1,val,robust,0.08,0.25,robust_eps0p08_lam0p25,"robust ($\epsilon_{train}=0.08$, $\lambda=0.25$)",mlp512x1|vogn|s1|val|robust_eps0p08_lam0p25,0.075,0.075,0.05,0.01,clean_correct,mutual_information,48,-0.5017726477819936,0.000279696656639523,48,-0.38391184460901145,0.007064406253043875
mlp512x1,vogn,1,val,robust,0.08,0.25,robust_eps0p08_lam0p25,"robust ($\epsilon_{train}=0.08$, $\lambda=0.25$)",mlp512x1|vogn|s1|val|robust_eps0p08_lam0p25,0.075,0.075,0.05,0.01,all,one_minus_confidence,50,-0.40230210000101435,0.0037768433160444126,50,-0.3634891992461117,0.009468316003791973
mlp512x1,vogn,1,val,robust,0.08,0.25,robust_eps0p08_lam0p25,"robust ($\epsilon_{train}=0.08$, $\lambda=0.25$)",mlp512x1|vogn|s1|val|robust_eps0p08_lam0p25,0.075,0.075,0.05,0.01,clean_correct,one_minus_confidence,48,-0.376287651045369,0.008390556224503517,48,-0.3378363091809509,0.01885366172244172
mlp512x1,vogn,1,val,robust,0.08,0.25,robust_eps0p08_lam0p25,"robust ($\epsilon_{train}=0.08$, $\lambda=0.25$)",mlp512x1|vogn|s1|val|robust_eps0p08_lam0p25,0.075,0.075,0.05,0.01,all,predictive_entropy,50,-0.3889126594248255,0.005249910771442562,50,-0.3529981705718865,0.011921289413951978
mlp512x1,vogn,1,val,robust,0.08,0.25,robust_eps0p08_lam0p25,"robust ($\epsilon_{train}=0.08$, $\lambda=0.25$)",mlp512x1|vogn|s1|val|robust_eps0p08_lam0p25,0.075,0.075,0.05,0.01,clean_correct,predictive_entropy,48,-0.35943305994179553,0.01210537763582043,48,-0.32363458059694966,0.0248407995790845
mlp512x1,vogn,1,val,robust,0.08,0.25,robust_eps0p08_lam0p25,"robust ($\epsilon_{train}=0.08$, $\lambda=0.25$)",mlp512x1|vogn|s1|val|robust_eps0p08_lam0p25,0.075,0.075,0.05,0.05,all,expected_entropy,50,-0.6086740223086593,2.7360179698585026e-06,50,-0.5440026877622182,4.4400897717581324e-05
mlp512x1,vogn,1,val,robust,0.08,0.25,robust_eps0p08_lam0p25,"robust ($\epsilon_{train}=0.08$, $\lambda=0.25$)",mlp512x1|vogn|s1|val|robust_eps0p08_lam0p25,0.075,0.075,0.05,0.05,clean_correct,expected_entropy,48,-0.5960470948262706,7.824041717871492e-06,48,-0.5247197646926501,0.00012888496601324794
mlp512x1,vogn,1,val,robust,0.08,0.25,robust_eps0p08_lam0p25,"robust ($\epsilon_{train}=0.08$, $\lambda=0.25$)",mlp512x1|vogn|s1|val|robust_eps0p08_lam0p25,0.075,0.075,0.05,0.05,all,mutual_information,50,-0.7761037502795752,3.5639995171843434e-11,50,-0.7425622929666778,6.701396540440535e-10
mlp512x1,vogn,1,val,robust,0.08,0.25,robust_eps0p08_lam0p25,"robust ($\epsilon_{train}=0.08$, $\lambda=0.25$)",mlp512x1|vogn|s1|val|robust_eps0p08_lam0p25,0.075,0.075,0.05,0.05,clean_correct,mutual_information,48,-0.7806934590179007,5.995623812194295e-11,48,-0.7503797409411591,8.234357446663477e-10
mlp512x1,vogn,1,val,robust,0.08,0.25,robust_eps0p08_lam0p25,"robust ($\epsilon_{train}=0.08$, $\lambda=0.25$)",mlp512x1|vogn|s1|val|robust_eps0p08_lam0p25,0.075,0.075,0.05,0.05,all,one_minus_confidence,50,-0.618026511126587,1.7354024876574807e-06,50,-0.5540852054532205,2.9859825072280374e-05
mlp512x1,vogn,1,val,robust,0.08,0.25,robust_eps0p08_lam0p25,"robust ($\epsilon_{train}=0.08$, $\lambda=0.25$)",mlp512x1|vogn|s1|val|robust_eps0p08_lam0p25,0.075,0.075,0.05,0.05,clean_correct,one_minus_confidence,48,-0.606430030821794,4.9129439858460536e-06,48,-0.5360930703836079,8.596185089841165e-05
mlp512x1,vogn,1,val,robust,0.08,0.25,robust_eps0p08_lam0p25,"robust ($\epsilon_{train}=0.08$, $\lambda=0.25$)",mlp512x1|vogn|s1|val|robust_eps0p08_lam0p25,0.075,0.075,0.05,0.05,all,predictive_entropy,50,-0.609803487225906,2.5916572404824407e-06,50,-0.5460939474622651,4.093618825377484e-05
mlp512x1,vogn,1,val,robust,0.08,0.25,robust_eps0p08_lam0p25,"robust ($\epsilon_{train}=0.08$, $\lambda=0.25$)",mlp512x1|vogn|s1|val|robust_eps0p08_lam0p25,0.075,0.075,0.05,0.05,clean_correct,predictive_entropy,48,-0.5974650802607971,7.349333540675421e-06,48,-0.5271325612873162,0.0001184154831527159
mlp512x1,vogn,1,val,robust,0.08,0.25,robust_eps0p08_lam0p25,"robust ($\epsilon_{train}=0.08$, $\lambda=0.25$)",mlp512x1|vogn|s1|val|robust_eps0p08_lam0p25,0.075,0.075,0.05,0.07,all,expected_entropy,50,-0.5956680905526568,5.032434678729669e-06,50,-0.5308041050666888,7.324340039316048e-05
mlp512x1,vogn,1,val,robust,0.08,0.25,robust_eps0p08_lam0p25,"robust ($\epsilon_{train}=0.08$, $\lambda=0.25$)",mlp512x1|vogn|s1|val|robust_eps0p08_lam0p25,0.075,0.075,0.05,0.07,clean_correct,expected_entropy,48,-0.5860826862732972,1.2046394753024502e-05,48,-0.5109663925043405,0.0002064129994000515
mlp512x1,vogn,1,val,robust,0.08,0.25,robust_eps0p08_lam0p25,"robust ($\epsilon_{train}=0.08$, $\lambda=0.25$)",mlp512x1|vogn|s1|val|robust_eps0p08_lam0p25,0.075,0.075,0.05,0.07,all,mutual_information,50,-0.7526211076670793,2.919285313033969e-10,50,-0.7348565357300008,1.234820519924809e-09
mlp512x1,vogn,1,val,robust,0.08,0.25,robust_eps0p08_lam0p25,"robust ($\epsilon_{train}=0.08$, $\lambda=0.25$)",mlp512x1|vogn|s1|val|robust_eps0p08_lam0p25,0.075,0.075,0.05,0.07,clean_correct,mutual_information,48,-0.7561991522280477,5.128992692914851e-10,48,-0.7408090369304806,1.7453026415834505e-09
mlp512x1,vogn,1,val,robust,0.08,0.25,robust_eps0p08_lam0p25,"robust ($\epsilon_{train}=0.08$, $\lambda=0.25$)",mlp512x1|vogn|s1|val|robust_eps0p08_lam0p25,0.075,0.075,0.05,0.07,all,one_minus_confidence,50,-0.6030991047068587,3.5644739224471622e-06,50,-0.5403529169134711,5.109906793284518e-05
mlp512x1,vogn,1,val,robust,0.08,0.25,robust_eps0p08_lam0p25,"robust ($\epsilon_{train}=0.08$, $\lambda=0.25$)",mlp512x1|vogn|s1|val|robust_eps0p08_lam0p25,0.075,0.075,0.05,0.07,clean_correct,one_minus_confidence,48,-0.5942075574177459,8.48209864256201e-06,48,-0.5215607467173684,0.00014386612465848916
mlp512x1,vogn,1,val,robust,0.08,0.25,robust_eps0p08_lam0p25,"robust ($\epsilon_{train}=0.08$, $\lambda=0.25$)",mlp512x1|vogn|s1|val|robust_eps0p08_lam0p25,0.075,0.075,0.05,0.07,all,predictive_entropy,50,-0.5966725898621891,4.80562572904571e-06,50,-0.5329463878033115,6.76236383363577e-05
mlp512x1,vogn,1,val,robust,0.08,0.25,robust_eps0p08_lam0p25,"robust ($\epsilon_{train}=0.08$, $\lambda=0.25$)",mlp512x1|vogn|s1|val|robust_eps0p08_lam0p25,0.075,0.075,0.05,0.07,clean_correct,predictive_entropy,48,-0.5872164181357081,1.1477424684301537e-05,48,-0.5133029415916046,0.0001908101002620164
mlp512x1,vogn,1,val,robust,0.08,0.25,robust_eps0p08_lam0p25,"robust ($\epsilon_{train}=0.08$, $\lambda=0.25$)",mlp512x1|vogn|s1|val|robust_eps0p08_lam0p25,0.075,0.075,0.05,0.08,all,expected_entropy,50,-0.5947191070694697,5.255782699518078e-06,50,-0.48340709926305675,0.0003763333803835941
mlp512x1,vogn,1,val,robust,0.08,0.25,robust_eps0p08_lam0p25,"robust ($\epsilon_{train}=0.08$, $\lambda=0.25$)",mlp512x1|vogn|s1|val|robust_eps0p08_lam0p25,0.075,0.075,0.05,0.08,clean_correct,expected_entropy,48,-0.5840469000617448,1.3133812467882505e-05,48,-0.461410542912529,0.0009638650823831464
mlp512x1,vogn,1,val,robust,0.08,0.25,robust_eps0p08_lam0p25,"robust ($\epsilon_{train}=0.08$, $\lambda=0.25$)",mlp512x1|vogn|s1|val|robust_eps0p08_lam0p25,0.075,0.075,0.05,0.08,all,mutual_information,50,-0.7253194842247751,2.55712815101504e-09,50,-0.692398890297837,2.54384544650308e-08
mlp512x1,vogn,1,val,robust,0.08,0.25,robust_eps0p08_lam0p25,"robust ($\epsilon_{train}=0.08$, $\lambda=0.25$)",mlp512x1|vogn|s1|val|robust_eps0p08_lam0p25,0.075,0.075,0.05,0.08,clean_correct,mutual_information,48,-0.7252293041104323,5.542481009101587e-09,48,-0.6934490283427927,4.6689159523257485e-08
mlp512x1,vogn,1,val,robust,0.08,0.25,robust_eps0p08_lam0p25,"robust ($\epsilon_{train}=0.08$, $\lambda=0.25$)",mlp512x1|vogn|s1|val|robust_eps0p08_lam0p25,0.075,0.075,0.05,0.08,all,one_minus_confidence,50,-0.6036112047175213,3.479636481155011e-06,50,-0.4911841003805373,0.0002923818031630999
mlp512x1,vogn,1,val,robust,0.08,0.25,robust_eps0p08_lam0p25,"robust ($\epsilon_{train}=0.08$, $\lambda=0.25$)",mlp512x1|vogn|s1|val|robust_eps0p08_lam0p25,0.075,0.075,0.05,0.08,clean_correct,one_minus_confidence,48,-0.5938360240459722,8.621059960208942e-06,48,-0.4699317999149535,0.0007516188181756732
mlp512x1,vogn,1,val,robust,0.08,0.25,robust_eps0p08_lam0p25,"robust ($\epsilon_{train}=0.08$, $\lambda=0.25$)",mlp512x1|vogn|s1|val|robust_eps0p08_lam0p25,0.075,0.075,0.05,0.08,all,predictive_entropy,50,-0.5963522497302629,4.876906141422793e-06,50,-0.48377056324746515,0.0003719694959692004
mlp512x1,vogn,1,val,robust,0.08,0.25,robust_eps0p08_lam0p25,"robust ($\epsilon_{train}=0.08$, $\lambda=0.25$)",mlp512x1|vogn|s1|val|robust_eps0p08_lam0p25,0.075,0.075,0.05,0.08,clean_correct,predictive_entropy,48,-0.585766539575127,1.2209629677860454e-05,48,-0.46182532059332876,0.0009524069475122418
mlp512x1,vogn,1,val,robust,0.08,0.25,robust_eps0p08_lam0p25,"robust ($\epsilon_{train}=0.08$, $\lambda=0.25$)",mlp512x1|vogn|s1|val|robust_eps0p08_lam0p25,0.075,0.075,0.05,0.1,all,expected_entropy,50,-0.28457972865258613,0.045175893588196486,50,-0.4286437996132326,0.0018981084111048924
mlp512x1,vogn,1,val,robust,0.08,0.25,robust_eps0p08_lam0p25,"robust ($\epsilon_{train}=0.08$, $\lambda=0.25$)",mlp512x1|vogn|s1|val|robust_eps0p08_lam0p25,0.075,0.075,0.05,0.1,clean_correct,expected_entropy,48,-0.2702369826512611,0.06322110875588428,48,-0.4037062791734917,0.004435028417250536
mlp512x1,vogn,1,val,robust,0.08,0.25,robust_eps0p08_lam0p25,"robust ($\epsilon_{train}=0.08$, $\lambda=0.25$)",mlp512x1|vogn|s1|val|robust_eps0p08_lam0p25,0.075,0.075,0.05,0.1,all,mutual_information,50,-0.3978429345609426,0.0042208930387991886,50,-0.6498456584239553,3.280395228404328e-07
mlp512x1,vogn,1,val,robust,0.08,0.25,robust_eps0p08_lam0p25,"robust ($\epsilon_{train}=0.08$, $\lambda=0.25$)",mlp512x1|vogn|s1|val|robust_eps0p08_lam0p25,0.075,0.075,0.05,0.1,clean_correct,mutual_information,48,-0.39151664536153136,0.005926811663641344,48,-0.6474035914692203,6.592412268956109e-07
mlp512x1,vogn,1,val,robust,0.08,0.25,robust_eps0p08_lam0p25,"robust ($\epsilon_{train}=0.08$, $\lambda=0.25$)",mlp512x1|vogn|s1|val|robust_eps0p08_lam0p25,0.075,0.075,0.05,0.1,all,one_minus_confidence,50,-0.28979485262759286,0.04121465025626667,50,-0.44028740158189084,0.001375591111206767
mlp512x1,vogn,1,val,robust,0.08,0.25,robust_eps0p08_lam0p25,"robust ($\epsilon_{train}=0.08$, $\lambda=0.25$)",mlp512x1|vogn|s1|val|robust_eps0p08_lam0p25,0.075,0.075,0.05,0.1,clean_correct,one_minus_confidence,48,-0.2754772297430355,0.05807884961631037,48,-0.41655432249743907,0.003229115759911933
mlp512x1,vogn,1,val,robust,0.08,0.25,robust_eps0p08_lam0p25,"robust ($\epsilon_{train}=0.08$, $\lambda=0.25$)",mlp512x1|vogn|s1|val|robust_eps0p08_lam0p25,0.075,0.075,0.05,0.1,all,predictive_entropy,50,-0.28457972865258613,0.045175893588196486,50,-0.43013404344083683,0.0018226234291122175
mlp512x1,vogn,1,val,robust,0.08,0.25,robust_eps0p08_lam0p25,"robust ($\epsilon_{train}=0.08$, $\lambda=0.25$)",mlp512x1|vogn|s1|val|robust_eps0p08_lam0p25,0.075,0.075,0.05,0.1,clean_correct,predictive_entropy,48,-0.2702369826512611,0.06322110875588428,48,-0.40528105986684054,0.004268636703821054
mlp512x1,vogn,1,val,standard,,,standard,standard,mlp512x1|vogn|s1|val|standard,0.075,0.075,0.05,0.01,all,expected_entropy,50,-0.9158697237023373,1.1781725627961879e-20,50,-0.7988010257290917,3.617700933295834e-12
mlp512x1,vogn,1,val,standard,,,standard,standard,mlp512x1|vogn|s1|val|standard,0.075,0.075,0.05,0.01,clean_correct,expected_entropy,48,-0.9048821452295867,1.11332524683171e-18,48,-0.7705768364707495,1.5020693534488374e-10
mlp512x1,vogn,1,val,standard,,,standard,standard,mlp512x1|vogn|s1|val|standard,0.075,0.075,0.05,0.01,all,mutual_information,50,-0.8614644865473404,9.88169639399289e-16,50,-0.7926870916928958,6.888049007543956e-12
mlp512x1,vogn,1,val,standard,,,standard,standard,mlp512x1|vogn|s1|val|standard,0.075,0.075,0.05,0.01,clean_correct,mutual_information,48,-0.8433529958041256,5.3801387995502443e-14,48,-0.7635909677934639,2.7574664239753165e-10
mlp512x1,vogn,1,val,standard,,,standard,standard,mlp512x1|vogn|s1|val|standard,0.075,0.075,0.05,0.01,all,one_minus_confidence,50,-0.901979024854253,3.9308449268209624e-19,50,-0.807298357779398,1.4238408573364916e-12
mlp512x1,vogn,1,val,standard,,,standard,standard,mlp512x1|vogn|s1|val|standard,0.075,0.075,0.05,0.01,clean_correct,one_minus_confidence,48,-0.8891725751635116,3.1476307347925134e-17,48,-0.7802860098866378,6.227325323422319e-11
mlp512x1,vogn,1,val,standard,,,standard,standard,mlp512x1|vogn|s1|val|standard,0.075,0.075,0.05,0.01,all,predictive_entropy,50,-0.9070915737358396,1.152907795238744e-19,50,-0.8003554157382942,3.0605820652152505e-12
mlp512x1,vogn,1,val,standard,,,standard,standard,mlp512x1|vogn|s1|val|standard,0.075,0.075,0.05,0.01,clean_correct,predictive_entropy,48,-0.8949545697017198,9.7864626120382e-18,48,-0.7723529047785339,1.2827502072929156e-10
mlp512x1,vogn,1,val,standard,,,standard,standard,mlp512x1|vogn|s1|val|standard,0.075,0.075,0.05,0.05,all,expected_entropy,50,,,50,-0.8969476044869783,1.2328953857065347e-18
mlp512x1,vogn,1,val,standard,,,standard,standard,mlp512x1|vogn|s1|val|standard,0.075,0.075,0.05,0.05,clean_correct,expected_entropy,48,,,48,-0.8843293721978336,7.976955797359831e-17
mlp512x1,vogn,1,val,standard,,,standard,standard,mlp512x1|vogn|s1|val|standard,0.075,0.075,0.05,0.05,all,mutual_information,50,,,50,-0.7995389217248711,3.3422085133969264e-12
mlp512x1,vogn,1,val,standard,,,standard,standard,mlp512x1|vogn|s1|val|standard,0.075,0.075,0.05,0.05,clean_correct,mutual_information,48,,,48,-0.7738153406612028,1.1252183332124365e-10
mlp512x1,vogn,1,val,standard,,,standard,standard,mlp512x1|vogn|s1|val|standard,0.075,0.075,0.05,0.05,all,one_minus_confidence,50,,,50,-0.8535748034346198,3.401406003367428e-15
mlp512x1,vogn,1,val,standard,,,standard,standard,mlp512x1|vogn|s1|val|standard,0.075,0.075,0.05,0.05,clean_correct,one_minus_confidence,48,,,48,-0.8347717539301793,1.6638130238336345e-13
mlp512x1,vogn,1,val,standard,,,standard,standard,mlp512x1|vogn|s1|val|standard,0.075,0.075,0.05,0.05,all,predictive_entropy,50,,,50,-0.8751411242236664,9.577299035344196e-17
mlp512x1,vogn,1,val,standard,,,standard,standard,mlp512x1|vogn|s1|val|standard,0.075,0.075,0.05,0.05,clean_correct,predictive_entropy,48,,,48,-0.8595777030521049,5.2279547409464856e-15
mlp512x1,vogn,1,val,standard,,,standard,standard,mlp512x1|vogn|s1|val|standard,0.075,0.075,0.05,0.07,all,expected_entropy,50,,,50,-0.7867771183366682,1.258083510515813e-11
mlp512x1,vogn,1,val,standard,,,standard,standard,mlp512x1|vogn|s1|val|standard,0.075,0.075,0.05,0.07,clean_correct,expected_entropy,48,,,48,-0.7698234803559681,1.6053959947169414e-10
mlp512x1,vogn,1,val,standard,,,standard,standard,mlp512x1|vogn|s1|val|standard,0.075,0.075,0.05,0.07,all,mutual_information,50,,,50,-0.6742629113123159,7.96029841473369e-08
mlp512x1,vogn,1,val,standard,,,standard,standard,mlp512x1|vogn|s1|val|standard,0.075,0.075,0.05,0.07,clean_correct,mutual_information,48,,,48,-0.6445832967736467,7.642525843366222e-07
mlp512x1,vogn,1,val,standard,,,standard,standard,mlp512x1|vogn|s1|val|standard,0.075,0.075,0.05,0.07,all,one_minus_confidence,50,,,50,-0.7323581661000403,1.4986962585049274e-09
mlp512x1,vogn,1,val,standard,,,standard,standard,mlp512x1|vogn|s1|val|standard,0.075,0.075,0.05,0.07,clean_correct,one_minus_confidence,48,,,48,-0.7097671031242018,1.6191791005957897e-08
mlp512x1,vogn,1,val,standard,,,standard,standard,mlp512x1|vogn|s1|val|standard,0.075,0.075,0.05,0.07,all,predictive_entropy,50,,,50,-0.7598336904292889,1.5696329911541363e-10
mlp512x1,vogn,1,val,standard,,,standard,standard,mlp512x1|vogn|s1|val|standard,0.075,0.075,0.05,0.07,clean_correct,predictive_entropy,48,,,48,-0.7398771124175124,1.874478445307505e-09
mlp512x1,vogn,1,val,standard,,,standard,standard,mlp512x1|vogn|s1|val|standard,0.075,0.075,0.05,0.08,all,expected_entropy,50,,,50,-0.7425284985800957,6.719698312551175e-10
mlp512x1,vogn,1,val,standard,,,standard,standard,mlp512x1|vogn|s1|val|standard,0.075,0.075,0.05,0.08,clean_correct,expected_entropy,48,,,48,-0.7280126384729512,4.534868808721996e-09
mlp512x1,vogn,1,val,standard,,,standard,standard,mlp512x1|vogn|s1|val|standard,0.075,0.075,0.05,0.08,all,mutual_information,50,,,50,-0.6359161222522662,6.962436086147432e-07
mlp512x1,vogn,1,val,standard,,,standard,standard,mlp512x1|vogn|s1|val|standard,0.075,0.075,0.05,0.08,clean_correct,mutual_information,48,,,48,-0.6115973299611251,3.873278605622627e-06
mlp512x1,vogn,1,val,standard,,,standard,standard,mlp512x1|vogn|s1|val|standard,0.075,0.075,0.05,0.08,all,one_minus_confidence,50,,,50,-0.702771378650794,1.2754666582181067e-08
mlp512x1,vogn,1,val,standard,,,standard,standard,mlp512x1|vogn|s1|val|standard,0.075,0.075,0.05,0.08,clean_correct,one_minus_confidence,48,,,48,-0.6847599593792546,7.981101935963182e-08
mlp512x1,vogn,1,val,standard,,,standard,standard,mlp512x1|vogn|s1|val|standard,0.075,0.075,0.05,0.08,all,predictive_entropy,50,,,50,-0.7181995147427617,4.318811252921553e-09
mlp512x1,vogn,1,val,standard,,,standard,standard,mlp512x1|vogn|s1|val|standard,0.075,0.075,0.05,0.08,clean_correct,predictive_entropy,48,,,48,-0.7014383703408341,2.8045436597872466e-08
mlp512x1,vogn,1,val,standard,,,standard,standard,mlp512x1|vogn|s1|val|standard,0.075,0.075,0.05,0.1,all,expected_entropy,50,,,50,-0.6103887676158329,2.5196643838636838e-06
mlp512x1,vogn,1,val,standard,,,standard,standard,mlp512x1|vogn|s1|val|standard,0.075,0.075,0.05,0.1,clean_correct,expected_entropy,48,,,48,-0.6109603360291379,3.989397312269692e-06
mlp512x1,vogn,1,val,standard,,,standard,standard,mlp512x1|vogn|s1|val|standard,0.075,0.075,0.05,0.1,all,mutual_information,50,,,50,-0.5503219268663777,3.467763528695157e-05
mlp512x1,vogn,1,val,standard,,,standard,standard,mlp512x1|vogn|s1|val|standard,0.075,0.075,0.05,0.1,clean_correct,mutual_information,48,,,48,-0.5468167897854243,5.788742031487476e-05
mlp512x1,vogn,1,val,standard,,,standard,standard,mlp512x1|vogn|s1|val|standard,0.075,0.075,0.05,0.1,all,one_minus_confidence,50,,,50,-0.5904495673670511,6.378930629885731e-06
mlp512x1,vogn,1,val,standard,,,standard,standard,mlp512x1|vogn|s1|val|standard,0.075,0.075,0.05,0.1,clean_correct,one_minus_confidence,48,,,48,-0.5897179927925834,1.0308588279035638e-05
mlp512x1,vogn,1,val,standard,,,standard,standard,mlp512x1|vogn|s1|val|standard,0.075,0.075,0.05,0.1,all,predictive_entropy,50,,,50,-0.5952474374269142,5.130329449884913e-06
mlp512x1,vogn,1,val,standard,,,standard,standard,mlp512x1|vogn|s1|val|standard,0.075,0.075,0.05,0.1,clean_correct,predictive_entropy,48,,,48,-0.5947856106235261,8.270001830189089e-06
mlp512x1,vogn,2,val,robust,0.08,0.25,robust_eps0p08_lam0p25,"robust ($\epsilon_{train}=0.08$, $\lambda=0.25$)",mlp512x1|vogn|s2|val|robust_eps0p08_lam0p25,0.075,0.075,0.05,0.01,all,expected_entropy,50,-0.4132573626707575,0.0028558296811722686,50,-0.4132573626707575,0.0028558296811722686
mlp512x1,vogn,2,val,robust,0.08,0.25,robust_eps0p08_lam0p25,"robust ($\epsilon_{train}=0.08$, $\lambda=0.25$)",mlp512x1|vogn|s2|val|robust_eps0p08_lam0p25,0.075,0.075,0.05,0.01,clean_correct,expected_entropy,48,-0.36042967638451745,0.011851952630900116,48,-0.36042967638451745,0.011851952630900116
mlp512x1,vogn,2,val,robust,0.08,0.25,robust_eps0p08_lam0p25,"robust ($\epsilon_{train}=0.08$, $\lambda=0.25$)",mlp512x1|vogn|s2|val|robust_eps0p08_lam0p25,0.075,0.075,0.05,0.01,all,mutual_information,50,-0.49800192376198155,0.0002331712272152844,50,-0.49800192376198155,0.0002331712272152844
mlp512x1,vogn,2,val,robust,0.08,0.25,robust_eps0p08_lam0p25,"robust ($\epsilon_{train}=0.08$, $\lambda=0.25$)",mlp512x1|vogn|s2|val|robust_eps0p08_lam0p25,0.075,0.075,0.05,0.01,clean_correct,mutual_information,48,-0.4793273076140943,0.0005670475480705894,48,-0.4793273076140943,0.0005670475480705894
mlp512x1,vogn,2,val,robust,0.08,0.25,robust_eps0p08_lam0p25,"robust ($\epsilon_{train}=0.08$, $\lambda=0.25$)",mlp512x1|vogn|s2|val|robust_eps0p08_lam0p25,0.075,0.075,0.05,0.01,all,one_minus_confidence,50,-0.42264286902639725,0.00223097171417696,50,-0.42264286902639725,0.00223097171417696
mlp512x1,vogn,2,val,robust,0.08,0.25,robust_eps0p08_lam0p25,"robust ($\epsilon_{train}=0.08$, $\lambda=0.25$)",mlp512x1|vogn|s2|val|robust_eps0p08_lam0p25,0.075,0.075,0.05,0.01,clean_correct,one_minus_confidence,48,-0.384473339123127,0.006974369943446949,48,-0.384473339123127,0.006974369943446949
mlp512x1,vogn,2,val,robust,0.08,0.25,robust_eps0p08_lam0p25,"robust ($\epsilon_{train}=0.08$, $\lambda=0.25$)",mlp512x1|vogn|s2|val|robust_eps0p08_lam0p25,0.075,0.075,0.05,0.01,all,predictive_entropy,50,-0.42108517353460556,0.002325427341909695,50,-0.42108517353460556,0.002325427341909695
mlp512x1,vogn,2,val,robust,0.08,0.25,robust_eps0p08_lam0p25,"robust ($\epsilon_{train}=0.08$, $\lambda=0.25$)",mlp512x1|vogn|s2|val|robust_eps0p08_lam0p25,0.075,0.075,0.05,0.01,clean_correct,predictive_entropy,48,-0.3769621089173919,0.00826514166832993,48,-0.3769621089173919,0.00826514166832993
mlp512x1,vogn,2,val,robust,0.08,0.25,robust_eps0p08_lam0p25,"robust ($\epsilon_{train}=0.08$, $\lambda=0.25$)",mlp512x1|vogn|s2|val|robust_eps0p08_lam0p25,0.075,0.075,0.05,0.05,all,expected_entropy,50,-0.5616886207976823,2.1949040715497616e-05,50,-0.4930491564190804,0.00027496067571233844
mlp512x1,vogn,2,val,robust,0.08,0.25,robust_eps0p08_lam0p25,"robust ($\epsilon_{train}=0.08$, $\lambda=0.25$)",mlp512x1|vogn|s2|val|robust_eps0p08_lam0p25,0.075,0.075,0.05,0.05,clean_correct,expected_entropy,48,-0.5369512623975945,8.332522779855577e-05,48,-0.45767391750946007,0.0010727852355900556
mlp512x1,vogn,2,val,robust,0.08,0.25,robust_eps0p08_lam0p25,"robust ($\epsilon_{train}=0.08$, $\lambda=0.25$)",mlp512x1|vogn|s2|val|robust_eps0p08_lam0p25,0.075,0.075,0.05,0.05,all,mutual_information,50,-0.7350756143186472,1.213902060093269e-09,50,-0.6816165163087623,5.0613661001635204e-08
mlp512x1,vogn,2,val,robust,0.08,0.25,robust_eps0p08_lam0p25,"robust ($\epsilon_{train}=0.08$, $\lambda=0.25$)",mlp512x1|vogn|s2|val|robust_eps0p08_lam0p25,0.075,0.075,0.05,0.05,clean_correct,mutual_information,48,-0.7276946602700615,4.64059253900687e-09,48,-0.6716191690828429,1.7358575382751168e-07
mlp512x1,vogn,2,val,robust,0.08,0.25,robust_eps0p08_lam0p25,"robust ($\epsilon_{train}=0.08$, $\lambda=0.25$)",mlp512x1|vogn|s2|val|robust_eps0p08_lam0p25,0.075,0.075,0.05,0.05,all,one_minus_confidence,50,-0.57518174052111,1.2472150776664232e-05,50,-0.5005989656237033,0.00021364605958608342
mlp512x1,vogn,2,val,robust,0.08,0.25,robust_eps0p08_lam0p25,"robust ($\epsilon_{train}=0.08$, $\lambda=0.25$)",mlp512x1|vogn|s2|val|robust_eps0p08_lam0p25,0.075,0.075,0.05,0.05,clean_correct,one_minus_confidence,48,-0.5532493613492514,4.536666362800055e-05,48,-0.4681614512136151,0.000791897534213276
mlp512x1,vogn,2,val,robust,0.08,0.25,robust_eps0p08_lam0p25,"robust ($\epsilon_{train}=0.08$, $\lambda=0.25$)",mlp512x1|vogn|s2|val|robust_eps0p08_lam0p25,0.075,0.075,0.05,0.05,all,predictive_entropy,50,-0.570004543748328,1.5538371048895923e-05,50,-0.49954388743688033,0.00022139171355181375
mlp512x1,vogn,2,val,robust,0.08,0.25,robust_eps0p08_lam0p25,"robust ($\epsilon_{train}=0.08$, $\lambda=0.25$)",mlp512x1|vogn|s2|val|robust_eps0p08_lam0p25,0.075,0.075,0.05,0.05,clean_correct,predictive_entropy,48,-0.5460822798897798,5.9502213745078054e-05,48,-0.4654849195704651,0.0008564760089648915
mlp512x1,vogn,2,val,robust,0.08,0.25,robust_eps0p08_lam0p25,"robust ($\epsilon_{train}=0.08$, $\lambda=0.25$)",mlp512x1|vogn|s2|val|robust_eps0p08_lam0p25,0.075,0.075,0.05,0.07,all,expected_entropy,50,-0.5952367849987569,5.132831245605141e-06,50,-0.4844546210767303,0.0003638804196383996
mlp512x1,vogn,2,val,robust,0.08,0.25,robust_eps0p08_lam0p25,"robust ($\epsilon_{train}=0.08$, $\lambda=0.25$)",mlp512x1|vogn|s2|val|robust_eps0p08_lam0p25,0.075,0.075,0.05,0.07,clean_correct,expected_entropy,48,-0.581100319740262,1.486864088640011e-05,48,-0.4516064265538798,0.0012732265064000416
mlp512x1,vogn,2,val,robust,0.08,0.25,robust_eps0p08_lam0p25,"robust ($\epsilon_{train}=0.08$, $\lambda=0.25$)",mlp512x1|vogn|s2|val|robust_eps0p08_lam0p25,0.075,0.075,0.05,0.07,all,mutual_information,50,-0.7478421985610282,4.353458382338207e-10,50,-0.6652283052143233,1.364827425152769e-07
mlp512x1,vogn,2,val,robust,0.08,0.25,robust_eps0p08_lam0p25,"robust ($\epsilon_{train}=0.08$, $\lambda=0.25$)",mlp512x1|vogn|s2|val|robust_eps0p08_lam0p25,0.075,0.075,0.05,0.07,clean_correct,mutual_information,48,-0.7429538499737997,1.4791131281498687e-09,48,-0.6528261047425863,4.940306780629575e-07
mlp512x1,vogn,2,val,robust,0.08,0.25,robust_eps0p08_lam0p25,"robust ($\epsilon_{train}=0.08$, $\lambda=0.25$)",mlp512x1|vogn|s2|val|robust_eps0p08_lam0p25,0.075,0.075,0.05,0.07,all,one_minus_confidence,50,-0.5994710756537657,4.222731837848659e-06,50,-0.4935622028934998,0.00027033645312764856
mlp512x1,vogn,2,val,robust,0.08,0.25,robust_eps0p08_lam0p25,"robust ($\epsilon_{train}=0.08$, $\lambda=0.25$)",mlp512x1|vogn|s2|val|robust_eps0p08_lam0p25,0.075,0.075,0.05,0.07,clean_correct,one_minus_confidence,48,-0.5864351902804125,1.1866761952322297e-05,48,-0.46306302221187495,0.0009189370667499612
mlp512x1,vogn,2,val,robust,0.08,0.25,robust_eps0p08_lam0p25,"robust ($\epsilon_{train}=0.08$, $\lambda=0.25$)",mlp512x1|vogn|s2|val|robust_eps0p08_lam0p25,0.075,0.075,0.05,0.07,all,predictive_entropy,50,-0.6027030994474233,3.6313898046859027e-06,50,-0.4924668961847986,0.00028029558059461634
mlp512x1,vogn,2,val,robust,0.08,0.25,robust_eps0p08_lam0p25,"robust ($\epsilon_{train}=0.08$, $\lambda=0.25$)",mlp512x1|vogn|s2|val|robust_eps0p08_lam0p25,0.075,0.075,0.05,0.07,clean_correct,predictive_entropy,48,-0.5891901477209599,1.0545663814389541e-05,48,-0.4606493347105746,0.0009852147459612165
mlp512x1,vogn,2,val,robust,0.08,0.25,robust_eps0p08_lam0p25,"robust ($\epsilon_{train}=0.08$, $\lambda=0.25$)",mlp512x1|vogn|s2|val|robust_eps0p08_lam0p25,0.075,0.075,0.05,0.08,all,expected_entropy,50,-0.5376912947051884,5.655489727116482e-05,50,-0.4736113716300248,0.0005128575736022776
mlp512x1,vogn,2,val,robust,0.08,0.25,robust_eps0p08_lam0p25,"robust ($\epsilon_{train}=0.08$, $\lambda=0.25$)",mlp512x1|vogn|s2|val|robust_eps0p08_lam0p25,0.075,0.075,0.05,0.08,clean_correct,expected_entropy,48,-0.527387444709979,0.00011735603739816422,48,-0.44416598758421694,0.0015642109672151054
mlp512x1,vogn,2,val,robust,0.08,0.25,robust_eps0p08_lam0p25,"robust ($\epsilon_{train}=0.08$, $\lambda=0.25$)",mlp512x1|vogn|s2|val|robust_eps0p08_lam0p25,0.075,0.075,0.05,0.08,all,mutual_information,50,-0.6689068549801614,1.0982738143180768e-07,50,-0.6457037795111069,4.119422869885013e-07
mlp512x1,vogn,2,val,robust,0.08,0.25,robust_eps0p08_lam0p25,"robust ($\epsilon_{train}=0.08$, $\lambda=0.25$)",mlp512x1|vogn|s2|val|robust_eps0p08_lam0p25,0.075,0.075,0.05,0.08,clean_correct,mutual_information,48,-0.6659583950181814,2.39730733041525e-07,48,-0.6340664078579293,1.3090025157810059e-06
mlp512x1,vogn,2,val,robust,0.08,0.25,robust_eps0p08_lam0p25,"robust ($\epsilon_{train}=0.08$, $\lambda=0.25$)",mlp512x1|vogn|s2|val|robust_eps0p08_lam0p25,0.075,0.075,0.05,0.08,all,one_minus_confidence,50,-0.5516974625745518,3.2839422277521254e-05,50,-0.48423961303350116,0.00036640559456184885
mlp512x1,vogn,2,val,robust,0.08,0.25,robust_eps0p08_lam0p25,"robust ($\epsilon_{train}=0.08$, $\lambda=0.25$)",mlp512x1|vogn|s2|val|robust_eps0p08_lam0p25,0.075,0.075,0.05,0.08,clean_correct,one_minus_confidence,48,-0.5426163842457814,6.769265560361477e-05,48,-0.4573028421967595,0.001084180739622649
mlp512x1,vogn,2,val,robust,0.08,0.25,robust_eps0p08_lam0p25,"robust ($\epsilon_{train}=0.08$, $\lambda=0.25$)",mlp512x1|vogn|s2|val|robust_eps0p08_lam0p25,0.075,0.075,0.05,0.08,all,predictive_entropy,50,-0.5444137187943638,4.3699375743876845e-05,50,-0.48116465643619327,0.0004042969855199635
mlp512x1,vogn,2,val,robust,0.08,0.25,robust_eps0p08_lam0p25,"robust ($\epsilon_{train}=0.08$, $\lambda=0.25$)",mlp512x1|vogn|s2|val|robust_eps0p08_lam0p25,0.075,0.075,0.05,0.08,clean_correct,predictive_entropy,48,-0.534586683607953,9.077483117355725e-05,48,-0.452647315623361,0.0012366304485552067
mlp512x1,vogn,2,val,robust,0.08,0.25,robust_eps0p08_lam0p25,"robust ($\epsilon_{train}=0.08$, $\lambda=0.25$)",mlp512x1|vogn|s2|val|robust_eps0p08_lam0p25,0.075,0.075,0.05,0.1,all,expected_entropy,50,-0.31780957516571184,0.024507722407486988,50,-0.43474103337904535,0.0016058682223637193
mlp512x1,vogn,2,val,robust,0.08,0.25,robust_eps0p08_lam0p25,"robust ($\epsilon_{train}=0.08$, $\lambda=0.25$)",mlp512x1|vogn|s2|val|robust_eps0p08_lam0p25,0.075,0.075,0.05,0.1,clean_correct,expected_entropy,48,-0.30770788873591687,0.03337120706689377,48,-0.4045847941710915,0.004341517053887685
mlp512x1,vogn,2,val,robust,0.08,0.25,robust_eps0p08_lam0p25,"robust ($\epsilon_{train}=0.08$, $\lambda=0.25$)",mlp512x1|vogn|s2|val|robust_eps0p08_lam0p25,0.075,0.075,0.05,0.1,all,mutual_information,50,-0.431893508541037,0.001736948021495197,50,-0.6111670294690925,2.426808921813918e-06
mlp512x1,vogn,2,val,robust,0.08,0.25,robust_eps0p08_lam0p25,"robust ($\epsilon_{train}=0.08$, $\lambda=0.25$)",mlp512x1|vogn|s2|val|robust_eps0p08_lam0p25,0.075,0.075,0.05,0.1,clean_correct,mutual_information,48,-0.42931739924468537,0.0023271148603214455,48,-0.5962036129599826,7.770286193017725e-06
mlp512x1,vogn,2,val,robust,0.08,0.25,robust_eps0p08_lam0p25,"robust ($\epsilon_{train}=0.08$, $\lambda=0.25$)",mlp512x1|vogn|s2|val|robust_eps0p08_lam0p25,0.075,0.075,0.05,0.1,all,one_minus_confidence,50,-0.32584295517836226,0.020932568554190584,50,-0.45241377463609667,0.0009717207698617738
mlp512x1,vogn,2,val,robust,0.08,0.25,robust_eps0p08_lam0p25,"robust ($\epsilon_{train}=0.08$, $\lambda=0.25$)",mlp512x1|vogn|s2|val|robust_eps0p08_lam0p25,0.075,0.075,0.05,0.1,clean_correct,one_minus_confidence,48,-0.3162262216344834,0.02854898926262268,48,-0.42510705981809493,0.002596287604239155
mlp512x1,vogn,2,val,robust,0.08,0.25,robust_eps0p08_lam0p25,"robust ($\epsilon_{train}=0.08$, $\lambda=0.25$)",mlp512x1|vogn|s2|val|robust_eps0p08_lam0p25,0.075,0.075,0.05,0.1,all,predictive_entropy,50,-0.32163056814957436,0.02274806779570702,50,-0.4429745771943244,0.0012750134220270908
mlp512x1,vogn,2,val,robust,0.08,0.25,robust_eps0p08_lam0p25,"robust ($\epsilon_{train}=0.08$, $\lambda=0.25$)",mlp512x1|vogn|s2|val|robust_eps0p08_lam0p25,0.075,0.075,0.05,0.1,clean_correct,predictive_entropy,48,-0.3118313907598384,0.030958890149326717,48,-0.4136854240871866,0.003469916291979194
mlp512x1,vogn,2,val,standard,,,standard,standard,mlp512x1|vogn|s2|val|standard,0.075,0.075,0.05,0.01,all,expected_entropy,50,-0.9131292921394852,2.4639655294334823e-20,50,-0.7911780734315068,8.048045234164994e-12
mlp512x1,vogn,2,val,standard,,,standard,standard,mlp512x1|vogn|s2|val|standard,0.075,0.075,0.05,0.01,clean_correct,expected_entropy,48,-0.9017291425508046,2.276444000457167e-18,48,-0.761627388238912,3.2587311446075745e-10
mlp512x1,vogn,2,val,standard,,,standard,standard,mlp512x1|vogn|s2|val|standard,0.075,0.075,0.05,0.01,all,mutual_information,50,-0.8987279939623185,8.283932569135278e-19,50,-0.7930624538908871,6.625155063117673e-12
mlp512x1,vogn,2,val,standard,,,standard,standard,mlp512x1|vogn|s2|val|standard,0.075,0.075,0.05,0.01,clean_correct,mutual_information,48,-0.8876242487240732,4.2569172798957744e-17,48,-0.7649820471771988,2.44736494525431e-10
mlp512x1,vogn,2,val,standard,,,standard,standard,mlp512x1|vogn|s2|val|standard,0.075,0.075,0.05,0.01,all,one_minus_confidence,50,-0.9120177825486301,3.3006405952027067e-20,50,-0.7890843173655286,9.967060292846004e-12
mlp512x1,vogn,2,val,standard,,,standard,standard,mlp512x1|vogn|s2|val|standard,0.075,0.075,0.05,0.01,clean_correct,one_minus_confidence,48,-0.9006904100596886,2.8661784178052996e-18,48,-0.7593510125307886,3.9471341554250474e-10
mlp512x1,vogn,2,val,standard,,,standard,standard,mlp512x1|vogn|s2|val|standard,0.075,0.075,0.05,0.01,all,predictive_entropy,50,-0.9088282332879153,7.478544363470093e-20,50,-0.7930101099892377,6.661236284451716e-12
mlp512x1,vogn,2,val,standard,,,standard,standard,mlp512x1|vogn|s2|val|standard,0.075,0.075,0.05,0.01,clean_correct,predictive_entropy,48,-0.8970821814063389,6.2584101500918115e-18,48,-0.763843859323137,2.698468595290876e-10
mlp512x1,vogn,2,val,standard,,,standard,standard,mlp512x1|vogn|s2|val|standard,0.075,0.075,0.05,0.05,all,expected_entropy,50,,,50,-0.911610043789778,3.6707320101692467e-20
mlp512x1,vogn,2,val,standard,,,standard,standard,mlp512x1|vogn|s2|val|standard,0.075,0.075,0.05,0.05,clean_correct,expected_entropy,48,,,48,-0.9001194277343518,3.2495991903779236e-18
mlp512x1,vogn,2,val,standard,,,standard,standard,mlp512x1|vogn|s2|val|standard,0.075,0.075,0.05,0.05,all,mutual_information,50,,,50,-0.8507143776046848,5.231105875351865e-15
mlp512x1,vogn,2,val,standard,,,standard,standard,mlp512x1|vogn|s2|val|standard,0.075,0.075,0.05,0.05,clean_correct,mutual_information,48,,,48,-0.8340571105498923,1.822526737065253e-13
mlp512x1,vogn,2,val,standard,,,standard,standard,mlp512x1|vogn|s2|val|standard,0.075,0.075,0.05,0.05,all,one_minus_confidence,50,,,50,-0.9046464226566244,2.0907580543883034e-19
mlp512x1,vogn,2,val,standard,,,standard,standard,mlp512x1|vogn|s2|val|standard,0.075,0.075,0.05,0.05,clean_correct,one_minus_confidence,48,,,48,-0.8927369502182577,1.543939860071978e-17
mlp512x1,vogn,2,val,standard,,,standard,standard,mlp512x1|vogn|s2|val|standard,0.075,0.075,0.05,0.05,all,predictive_entropy,50,,,50,-0.8990275007767697,7.742326851933646e-19
mlp512x1,vogn,2,val,standard,,,standard,standard,mlp512x1|vogn|s2|val|standard,0.075,0.075,0.05,0.05,clean_correct,predictive_entropy,48,,,48,-0.8863858482375002,5.402450191981877e-17
mlp512x1,vogn,2,val,standard,,,standard,standard,mlp512x1|vogn|s2|val|standard,0.075,0.075,0.05,0.07,all,expected_entropy,50,,,50,-0.7946444819238375,5.618040865238323e-12
mlp512x1,vogn,2,val,standard,,,standard,standard,mlp512x1|vogn|s2|val|standard,0.075,0.075,0.05,0.07,clean_correct,expected_entropy,48,,,48,-0.777753502401206,7.868259629694234e-11
mlp512x1,vogn,2,val,standard,,,standard,standard,mlp512x1|vogn|s2|val|standard,0.075,0.075,0.05,0.07,all,mutual_information,50,,,50,-0.7322343120033806,1.5130701131919143e-09
mlp512x1,vogn,2,val,standard,,,standard,standard,mlp512x1|vogn|s2|val|standard,0.075,0.075,0.05,0.07,clean_correct,mutual_information,48,,,48,-0.7106457299406961,1.5263176165164545e-08
mlp512x1,vogn,2,val,standard,,,standard,standard,mlp512x1|vogn|s2|val|standard,0.075,0.075,0.05,0.07,all,one_minus_confidence,50,,,50,-0.7921847302500017,7.25538307052271e-12
mlp512x1,vogn,2,val,standard,,,standard,standard,mlp512x1|vogn|s2|val|standard,0.075,0.075,0.05,0.07,clean_correct,one_minus_confidence,48,,,48,-0.7753043136252751,9.837034446801858e-11
mlp512x1,vogn,2,val,standard,,,standard,standard,mlp512x1|vogn|s2|val|standard,0.075,0.075,0.05,0.07,all,predictive_entropy,50,,,50,-0.7850948577783579,1.4882507804808732e-11
mlp512x1,vogn,2,val,standard,,,standard,standard,mlp512x1|vogn|s2|val|standard,0.075,0.075,0.05,0.07,clean_correct,predictive_entropy,48,,,48,-0.7676301887940244,1.9457305159489544e-10
mlp512x1,vogn,2,val,standard,,,standard,standard,mlp512x1|vogn|s2|val|standard,0.075,0.075,0.05,0.08,all,expected_entropy,50,,,50,-0.7450394852135946,5.480767474084041e-10
mlp512x1,vogn,2,val,standard,,,standard,standard,mlp512x1|vogn|s2|val|standard,0.075,0.075,0.05,0.08,clean_correct,expected_entropy,48,,,48,-0.7286268666449425,4.337023490270594e-09
mlp512x1,vogn,2,val,standard,,,standard,standard,mlp512x1|vogn|s2|val|standard,0.075,0.075,0.05,0.08,all,mutual_information,50,,,50,-0.687558839727686,3.47681499564658e-08
mlp512x1,vogn,2,val,standard,,,standard,standard,mlp512x1|vogn|s2|val|standard,0.075,0.075,0.05,0.08,clean_correct,mutual_information,48,,,48,-0.6685202603131738,2.0732052646049924e-07
mlp512x1,vogn,2,val,standard,,,standard,standard,mlp512x1|vogn|s2|val|standard,0.075,0.075,0.05,0.08,all,one_minus_confidence,50,,,50,-0.745579440038825,5.244150109414353e-10
mlp512x1,vogn,2,val,standard,,,standard,standard,mlp512x1|vogn|s2|val|standard,0.075,0.075,0.05,0.08,clean_correct,one_minus_confidence,48,,,48,-0.7292345621133702,4.1492873305679155e-09
mlp512x1,vogn,2,val,standard,,,standard,standard,mlp512x1|vogn|s2|val|standard,0.075,0.075,0.05,0.08,all,predictive_entropy,50,,,50,-0.734583996325039,1.2613180921486865e-09
mlp512x1,vogn,2,val,standard,,,standard,standard,mlp512x1|vogn|s2|val|standard,0.075,0.075,0.05,0.08,clean_correct,predictive_entropy,48,,,48,-0.7173016329151515,9.688068920009035e-09
mlp512x1,vogn,2,val,standard,,,standard,standard,mlp512x1|vogn|s2|val|standard,0.075,0.075,0.05,0.1,all,expected_entropy,50,,,50,-0.6648770972182789,1.3932178698996367e-07
mlp512x1,vogn,2,val,standard,,,standard,standard,mlp512x1|vogn|s2|val|standard,0.075,0.075,0.05,0.1,clean_correct,expected_entropy,48,,,48,-0.6673526327157848,2.2154850416033311e-07
mlp512x1,vogn,2,val,standard,,,standard,standard,mlp512x1|vogn|s2|val|standard,0.075,0.075,0.05,0.1,all,mutual_information,50,,,50,-0.5972604196300771,4.677330438159877e-06
mlp512x1,vogn,2,val,standard,,,standard,standard,mlp512x1|vogn|s2|val|standard,0.075,0.075,0.05,0.1,clean_correct,mutual_information,48,,,48,-0.5953673122363042,8.061520113371366e-06
mlp512x1,vogn,2,val,standard,,,standard,standard,mlp512x1|vogn|s2|val|standard,0.075,0.075,0.05,0.1,all,one_minus_confidence,50,,,50,-0.662388512136487,1.6107866810322237e-07
mlp512x1,vogn,2,val,standard,,,standard,standard,mlp512x1|vogn|s2|val|standard,0.075,0.075,0.05,0.1,clean_correct,one_minus_confidence,48,,,48,-0.6648493837893367,2.551776524605137e-07
mlp512x1,vogn,2,val,standard,,,standard,standard,mlp512x1|vogn|s2|val|standard,0.075,0.075,0.05,0.1,all,predictive_entropy,50,,,50,-0.6574113419729031,2.1445173334203143e-07
mlp512x1,vogn,2,val,standard,,,standard,standard,mlp512x1|vogn|s2|val|standard,0.075,0.075,0.05,0.1,clean_correct,predictive_entropy,48,,,48,-0.6594369536780975,3.4481631350574755e-07
mlp512x1,vogn,3,val,robust,0.08,0.25,robust_eps0p08_lam0p25,"robust ($\epsilon_{train}=0.08$, $\lambda=0.25$)",mlp512x1|vogn|s3|val|robust_eps0p08_lam0p25,0.075,0.075,0.05,0.01,all,expected_entropy,50,-0.3812654400098136,0.006299093729984167,50,-0.3581635475125778,0.010652772830725495
mlp512x1,vogn,3,val,robust,0.08,0.25,robust_eps0p08_lam0p25,"robust ($\epsilon_{train}=0.08$, $\lambda=0.25$)",mlp512x1|vogn|s3|val|robust_eps0p08_lam0p25,0.075,0.075,0.05,0.01,clean_correct,expected_entropy,48,-0.3423119421019152,0.017240708159671218,48,-0.317167062999089,0.028053924086752932
mlp512x1,vogn,3,val,robust,0.08,0.25,robust_eps0p08_lam0p25,"robust ($\epsilon_{train}=0.08$, $\lambda=0.25$)",mlp512x1|vogn|s3|val|robust_eps0p08_lam0p25,0.075,0.075,0.05,0.01,all,mutual_information,50,-0.49723615965573553,0.00023923016763811056,50,-0.4445913723952163,0.0012177149684637924
mlp512x1,vogn,3,val,robust,0.08,0.25,robust_eps0p08_lam0p25,"robust ($\epsilon_{train}=0.08$, $\lambda=0.25$)",mlp512x1|vogn|s3|val|robust_eps0p08_lam0p25,0.075,0.075,0.05,0.01,clean_correct,mutual_information,48,-0.4480742159766055,0.0014047254236331636,48,-0.38391184460901145,0.007064406253043875
mlp512x1,vogn,3,val,robust,0.08,0.25,robust_eps0p08_lam0p25,"robust ($\epsilon_{train}=0.08$, $\lambda=0.25$)",mlp512x1|vogn|s3|val|robust_eps0p08_lam0p25,0.075,0.075,0.05,0.01,all,one_minus_confidence,50,-0.39629718927328444,0.004385182504715573,50,-0.37388729822608435,0.0074800123177259535
mlp512x1,vogn,3,val,robust,0.08,0.25,robust_eps0p08_lam0p25,"robust ($\epsilon_{train}=0.08$, $\lambda=0.25$)",mlp512x1|vogn|s3|val|robust_eps0p08_lam0p25,0.075,0.075,0.05,0.01,clean_correct,one_minus_confidence,48,-0.3555381604157864,0.013140816696544433,48,-0.33157027346782564,0.021324847420320262
mlp512x1,vogn,3,val,robust,0.08,0.25,robust_eps0p08_lam0p25,"robust ($\epsilon_{train}=0.08$, $\lambda=0.25$)",mlp512x1|vogn|s3|val|robust_eps0p08_lam0p25,0.075,0.075,0.05,0.01,all,predictive_entropy,50,-0.38586002464728963,0.005648815861313939,50,-0.36305220783144637,0.009561025096917003
mlp512x1,vogn,3,val,robust,0.08,0.25,robust_eps0p08_lam0p25,"robust ($\epsilon_{train}=0.08$, $\lambda=0.25$)",mlp512x1|vogn|s3|val|robust_eps0p08_lam0p25,0.075,0.075,0.05,0.01,clean_correct,predictive_entropy,48,-0.3423119421019152,0.017240708159671218,48,-0.317167062999089,0.028053924086752932
mlp512x1,vogn,3,val,robust,0.08,0.25,robust_eps0p08_lam0p25,"robust ($\epsilon_{train}=0.08$, $\lambda=0.25$)",mlp512x1|vogn|s3|val|robust_eps0p08_lam0p25,0.075,0.075,0.05,0.05,all,expected_entropy,50,-0.5929404118899684,5.699334736275718e-06,50,-0.501102983528121,0.0002100335574494334
mlp512x1,vogn,3,val,robust,0.08,0.25,robust_eps0p08_lam0p25,"robust ($\epsilon_{train}=0.08$, $\lambda=0.25$)",mlp512x1|vogn|s3|val|robust_eps0p08_lam0p25,0.075,0.075,0.05,0.05,clean_correct,expected_entropy,48,-0.5759063678334284,1.844942643303897e-05,48,-0.4748707437801862,0.0006487869161667464
mlp512x1,vogn,3,val,robust,0.08,0.25,robust_eps0p08_lam0p25,"robust ($\epsilon_{train}=0.08$, $\lambda=0.25$)",mlp512x1|vogn|s3|val|robust_eps0p08_lam0p25,0.075,0.075,0.05,0.05,all,mutual_information,50,-0.7623826180928931,1.254037269607867e-10,50,-0.7082225669642893,8.768809687498094e-09
mlp512x1,vogn,3,val,robust,0.08,0.25,robust_eps0p08_lam0p25,"robust ($\epsilon_{train}=0.08$, $\lambda=0.25$)",mlp512x1|vogn|s3|val|robust_eps0p08_lam0p25,0.075,0.075,0.05,0.05,clean_correct,mutual_information,48,-0.7428250457819436,1.4939541796551732e-09,48,-0.6827035314926755,9.036767072985011e-08
mlp512x1,vogn,3,val,robust,0.08,0.25,robust_eps0p08_lam0p25,"robust ($\epsilon_{train}=0.08$, $\lambda=0.25$)",mlp512x1|vogn|s3|val|robust_eps0p08_lam0p25,0.075,0.075,0.05,0.05,all,one_minus_confidence,50,-0.6069394837144189,2.9723172180511967e-06,50,-0.5175475505785234,0.00011863325492167261
mlp512x1,vogn,3,val,robust,0.08,0.25,robust_eps0p08_lam0p25,"robust ($\epsilon_{train}=0.08$, $\lambda=0.25$)",mlp512x1|vogn|s3|val|robust_eps0p08_lam0p25,0.075,0.075,0.05,0.05,clean_correct,one_minus_confidence,48,-0.5907689971881392,9.851119964740059e-06,48,-0.49263832938111785,0.0003750960437831399
mlp512x1,vogn,3,val,robust,0.08,0.25,robust_eps0p08_lam0p25,"robust ($\epsilon_{train}=0.08$, $\lambda=0.25$)",mlp512x1|vogn|s3|val|robust_eps0p08_lam0p25,0.075,0.075,0.05,0.05,all,predictive_entropy,50,-0.598681487274298,4.380177315482554e-06,50,-0.5093251220010123,0.0001584268779903412
mlp512x1,vogn,3,val,robust,0.08,0.25,robust_eps0p08_lam0p25,"robust ($\epsilon_{train}=0.08$, $\lambda=0.25$)",mlp512x1|vogn|s3|val|robust_eps0p08_lam0p25,0.075,0.075,0.05,0.05,clean_correct,predictive_entropy,48,-0.581691897231349,1.4504268454047466e-05,48,-0.4833471121457952,0.0005014001318263247
mlp512x1,vogn,3,val,robust,0.08,0.25,robust_eps0p08_lam0p25,"robust ($\epsilon_{train}=0.08$, $\lambda=0.25$)",mlp512x1|vogn|s3|val|robust_eps0p08_lam0p25,0.075,0.075,0.05,0.07,all,expected_entropy,50,-0.61416505885754,2.0980104937175283e-06,50,-0.4903982453248835,0.0003000174011193737
mlp512x1,vogn,3,val,robust,0.08,0.25,robust_eps0p08_lam0p25,"robust ($\epsilon_{train}=0.08$, $\lambda=0.25$)",mlp512x1|vogn|s3|val|robust_eps0p08_lam0p25,0.075,0.075,0.05,0.07,clean_correct,expected_entropy,48,-0.6058067122460677,5.054468742033323e-06,48,-0.4651669535161495,0.000864453282906713
mlp512x1,vogn,3,val,robust,0.08,0.25,robust_eps0p08_lam0p25,"robust ($\epsilon_{train}=0.08$, $\lambda=0.25$)",mlp512x1|vogn|s3|val|robust_eps0p08_lam0p25,0.075,0.075,0.05,0.07,all,mutual_information,50,-0.7438042540444442,6.060503031078649e-10,50,-0.6992598008785685,1.616538528255176e-08
mlp512x1,vogn,3,val,robust,0.08,0.25,robust_eps0p08_lam0p25,"robust ($\epsilon_{train}=0.08$, $\lambda=0.25$)",mlp512x1|vogn|s3|val|robust_eps0p08_lam0p25,0.075,0.075,0.05,0.07,clean_correct,mutual_information,48,-0.7319430868498473,3.40165110412572e-09,48,-0.677124874171526,1.2595388672741935e-07
mlp512x1,vogn,3,val,robust,0.08,0.25,robust_eps0p08_lam0p25,"robust ($\epsilon_{train}=0.08$, $\lambda=0.25$)",mlp512x1|vogn|s3|val|robust_eps0p08_lam0p25,0.075,0.075,0.05,0.07,all,one_minus_confidence,50,-0.6217810789530853,1.439487913265935e-06,50,-0.49908004626049784,0.00022487695985135323
mlp512x1,vogn,3,val,robust,0.08,0.25,robust_eps0p08_lam0p25,"robust ($\epsilon_{train}=0.08$, $\lambda=0.25$)",mlp512x1|vogn|s3|val|robust_eps0p08_lam0p25,0.075,0.075,0.05,0.07,clean_correct,one_minus_confidence,48,-0.6141414326958917,3.4400256075462324e-06,48,-0.4741942872116314,0.0006620794716313226
mlp512x1,vogn,3,val,robust,0.08,0.25,robust_eps0p08_lam0p25,"robust ($\epsilon_{train}=0.08$, $\lambda=0.25$)",mlp512x1|vogn|s3|val|robust_eps0p08_lam0p25,0.075,0.075,0.05,0.07,all,predictive_entropy,50,-0.6152709379944582,1.9875560920005597e-06,50,-0.4918814113293226,0.00028575452540556713
mlp512x1,vogn,3,val,robust,0.08,0.25,robust_eps0p08_lam0p25,"robust ($\epsilon_{train}=0.08$, $\lambda=0.25$)",mlp512x1|vogn|s3|val|robust_eps0p08_lam0p25,0.075,0.075,0.05,0.07,clean_correct,predictive_entropy,48,-0.6070561495451596,4.774482553171982e-06,48,-0.46613756792098243,0.0008403084620870166
mlp512x1,vogn,3,val,robust,0.08,0.25,robust_eps0p08_lam0p25,"robust ($\epsilon_{train}=0.08$, $\lambda=0.25$)",mlp512x1|vogn|s3|val|robust_eps0p08_lam0p25,0.075,0.075,0.05,0.08,all,expected_entropy,50,-0.5846263263979413,8.270866729986222e-06,50,-0.47403485470035384,0.0005061369248355655
mlp512x1,vogn,3,val,robust,0.08,0.25,robust_eps0p08_lam0p25,"robust ($\epsilon_{train}=0.08$, $\lambda=0.25$)",mlp512x1|vogn|s3|val|robust_eps0p08_lam0p25,0.075,0.075,0.05,0.08,clean_correct,expected_entropy,48,-0.57597348159028,1.839848801009351e-05,48,-0.4477086827899865,0.001419001781750677
mlp512x1,vogn,3,val,robust,0.08,0.25,robust_eps0p08_lam0p25,"robust ($\epsilon_{train}=0.08$, $\lambda=0.25$)",mlp512x1|vogn|s3|val|robust_eps0p08_lam0p25,0.075,0.075,0.05,0.08,all,mutual_information,50,-0.6915326003017541,2.691345712032261e-08,50,-0.68742859115767,3.505881582494097e-08
mlp512x1,vogn,3,val,robust,0.08,0.25,robust_eps0p08_lam0p25,"robust ($\epsilon_{train}=0.08$, $\lambda=0.25$)",mlp512x1|vogn|s3|val|robust_eps0p08_lam0p25,0.075,0.075,0.05,0.08,clean_correct,mutual_information,48,-0.6790489961915772,1.1241607806380073e-07,48,-0.6639380320393847,2.6856142432965876e-07
mlp512x1,vogn,3,val,robust,0.08,0.25,robust_eps0p08_lam0p25,"robust ($\epsilon_{train}=0.08$, $\lambda=0.25$)",mlp512x1|vogn|s3|val|robust_eps0p08_lam0p25,0.075,0.075,0.05,0.08,all,one_minus_confidence,50,-0.5969280490244339,4.749475630800925e-06,50,-0.4815283784821202,0.0003996373565346772
mlp512x1,vogn,3,val,robust,0.08,0.25,robust_eps0p08_lam0p25,"robust ($\epsilon_{train}=0.08$, $\lambda=0.25$)",mlp512x1|vogn|s3|val|robust_eps0p08_lam0p25,0.075,0.075,0.05,0.08,clean_correct,one_minus_confidence,48,-0.5896702392505844,1.0329832136326116e-05,48,-0.4554203544277726,0.001143674640546427
mlp512x1,vogn,3,val,robust,0.08,0.25,robust_eps0p08_lam0p25,"robust ($\epsilon_{train}=0.08$, $\lambda=0.25$)",mlp512x1|vogn|s3|val|robust_eps0p08_lam0p25,0.075,0.075,0.05,0.08,all,predictive_entropy,50,-0.5852323137795407,8.052187451782585e-06,50,-0.47471130399904804,0.000495566443575098
mlp512x1,vogn,3,val,robust,0.08,0.25,robust_eps0p08_lam0p25,"robust ($\epsilon_{train}=0.08$, $\lambda=0.25$)",mlp512x1|vogn|s3|val|robust_eps0p08_lam0p25,0.075,0.075,0.05,0.08,clean_correct,predictive_entropy,48,-0.5766549725959083,1.78885271044878e-05,48,-0.44782735971054055,0.0014143525952401723
mlp512x1,vogn,3,val,robust,0.08,0.25,robust_eps0p08_lam0p25,"robust ($\epsilon_{train}=0.08$, $\lambda=0.25$)",mlp512x1|vogn|s3|val|robust_eps0p08_lam0p25,0.075,0.075,0.05,0.1,all,expected_entropy,50,-0.3442780361117449,0.014357402116700219,50,-0.44898165554304653,0.0010735608144561515
mlp512x1,vogn,3,val,robust,0.08,0.25,robust_eps0p08_lam0p25,"robust ($\epsilon_{train}=0.08$, $\lambda=0.25$)",mlp512x1|vogn|s3|val|robust_eps0p08_lam0p25,0.075,0.075,0.05,0.1,clean_correct,expected_entropy,48,-0.330038506439596,0.021968781026352555,48,-0.42443502297333185,0.0026417072382815226
mlp512x1,vogn,3,val,robust,0.08,0.25,robust_eps0p08_lam0p25,"robust ($\epsilon_{train}=0.08$, $\lambda=0.25$)",mlp512x1|vogn|s3|val|robust_eps0p08_lam0p25,0.075,0.075,0.05,0.1,all,mutual_information,50,-0.4683008855669748,0.0006042443959955608,50,-0.6433117295497144,4.691210799397263e-07
mlp512x1,vogn,3,val,robust,0.08,0.25,robust_eps0p08_lam0p25,"robust ($\epsilon_{train}=0.08$, $\lambda=0.25$)",mlp512x1|vogn|s3|val|robust_eps0p08_lam0p25,0.075,0.075,0.05,0.1,clean_correct,mutual_information,48,-0.45150017058813224,0.0012770161245201337,48,-0.6201915781528572,2.583548579237559e-06
mlp512x1,vogn,3,val,robust,0.08,0.25,robust_eps0p08_lam0p25,"robust ($\epsilon_{train}=0.08$, $\lambda=0.25$)",mlp512x1|vogn|s3|val|robust_eps0p08_lam0p25,0.075,0.075,0.05,0.1,all,one_minus_confidence,50,-0.38231305982950725,0.006145344873654584,50,-0.4546172778596811,0.0009109901060188128
mlp512x1,vogn,3,val,robust,0.08,0.25,robust_eps0p08_lam0p25,"robust ($\epsilon_{train}=0.08$, $\lambda=0.25$)",mlp512x1|vogn|s3|val|robust_eps0p08_lam0p25,0.075,0.075,0.05,0.1,clean_correct,one_minus_confidence,48,-0.3709779290264033,0.009436660394712547,48,-0.4306784514551442,0.0022455487700919594
mlp512x1,vogn,3,val,robust,0.08,0.25,robust_eps0p08_lam0p25,"robust ($\epsilon_{train}=0.08$, $\lambda=0.25$)",mlp512x1|vogn|s3|val|robust_eps0p08_lam0p25,0.075,0.075,0.05,0.1,all,predictive_entropy,50,-0.3462351144394875,0.01377653174432962,50,-0.44867903928453623,0.0010829831212108394
mlp512x1,vogn,3,val,robust,0.08,0.25,robust_eps0p08_lam0p25,"robust ($\epsilon_{train}=0.08$, $\lambda=0.25$)",mlp512x1|vogn|s3|val|robust_eps0p08_lam0p25,0.075,0.075,0.05,0.1,clean_correct,predictive_entropy,48,-0.33209929559995677,0.021106178775181107,48,-0.42409148997213936,0.0026651949687936565
mlp512x1,vogn,3,val,standard,,,standard,standard,mlp512x1|vogn|s3|val|standard,0.075,0.075,0.05,0.01,all,expected_entropy,50,-0.9292630940278397,2.140212345135764e-22,50,-0.8056397667370924,1.7141956477817413e-12
mlp512x1,vogn,3,val,standard,,,standard,standard,mlp512x1|vogn|s3|val|standard,0.075,0.075,0.05,0.01,clean_correct,expected_entropy,48,-0.9199836091973459,2.464632564620109e-20,48,-0.7794078880175953,6.755741738813278e-11
mlp512x1,vogn,3,val,standard,,,standard,standard,mlp512x1|vogn|s3|val|standard,0.075,0.075,0.05,0.01,all,mutual_information,50,-0.8825455126644584,2.4079622336515293e-17,50,-0.8013022050249736,2.7621884037757566e-12
mlp512x1,vogn,3,val,standard,,,standard,standard,mlp512x1|vogn|s3|val|standard,0.075,0.075,0.05,0.01,clean_correct,mutual_information,48,-0.8671154005972719,1.5997038848983107e-15,48,-0.7744799457023678,1.0598310588419172e-10
mlp512x1,vogn,3,val,standard,,,standard,standard,mlp512x1|vogn|s3|val|standard,0.075,0.075,0.05,0.01,all,one_minus_confidence,50,-0.9291177073638458,2.2445894924200864e-22,50,-0.8218433018685704,2.5804925211555816e-13
mlp512x1,vogn,3,val,standard,,,standard,standard,mlp512x1|vogn|s3|val|standard,0.075,0.075,0.05,0.01,clean_correct,one_minus_confidence,48,-0.919819081577221,2.5792157496897202e-20,48,-0.7978168679308016,1.1286218932771452e-11
mlp512x1,vogn,3,val,standard,,,standard,standard,mlp512x1|vogn|s3|val|standard,0.075,0.075,0.05,0.01,all,predictive_entropy,50,-0.9226722319267817,1.6837718184309732e-21,50,-0.8061881940800039,1.6124828206438668e-12
mlp512x1,vogn,3,val,standard,,,standard,standard,mlp512x1|vogn|s3|val|standard,0.075,0.075,0.05,0.01,clean_correct,predictive_entropy,48,-0.9125250237516921,1.7637957921562987e-19,48,-0.7800309611838886,6.37663734307061e-11
mlp512x1,vogn,3,val,standard,,,standard,standard,mlp512x1|vogn|s3|val|standard,0.075,0.075,0.05,0.05,all,expected_entropy,50,,,50,-0.8855311607060048,1.3439947006623292e-17
mlp512x1,vogn,3,val,standard,,,standard,standard,mlp512x1|vogn|s3|val|standard,0.075,0.075,0.05,0.05,clean_correct,expected_entropy,48,,,48,-0.8714204440572184,7.871286532375176e-16
mlp512x1,vogn,3,val,standard,,,standard,standard,mlp512x1|vogn|s3|val|standard,0.075,0.075,0.05,0.05,all,mutual_information,50,,,50,-0.7934755096880077,6.346856676993904e-12
mlp512x1,vogn,3,val,standard,,,standard,standard,mlp512x1|vogn|s3|val|standard,0.075,0.075,0.05,0.05,clean_correct,mutual_information,48,,,48,-0.7674058931717443,1.984132520748038e-10
mlp512x1,vogn,3,val,standard,,,standard,standard,mlp512x1|vogn|s3|val|standard,0.075,0.075,0.05,0.05,all,one_minus_confidence,50,,,50,-0.8652078097766662,5.351460472312462e-16
mlp512x1,vogn,3,val,standard,,,standard,standard,mlp512x1|vogn|s3|val|standard,0.075,0.075,0.05,0.05,clean_correct,one_minus_confidence,48,,,48,-0.848456897593463,2.661108975961931e-14
mlp512x1,vogn,3,val,standard,,,standard,standard,mlp512x1|vogn|s3|val|standard,0.075,0.075,0.05,0.05,all,predictive_entropy,50,,,50,-0.8625652936983834,8.266373942155966e-16
mlp512x1,vogn,3,val,standard,,,standard,standard,mlp512x1|vogn|s3|val|standard,0.075,0.075,0.05,0.05,clean_correct,predictive_entropy,48,,,48,-0.8454710936797358,4.0295077151665134e-14
mlp512x1,vogn,3,val,standard,,,standard,standard,mlp512x1|vogn|s3|val|standard,0.075,0.075,0.05,0.07,all,expected_entropy,50,,,50,-0.7784390591315086,2.85182678992768e-11
mlp512x1,vogn,3,val,standard,,,standard,standard,mlp512x1|vogn|s3|val|standard,0.075,0.075,0.05,0.07,clean_correct,expected_entropy,48,,,48,-0.756853758179928,4.859016614484855e-10
mlp512x1,vogn,3,val,standard,,,standard,standard,mlp512x1|vogn|s3|val|standard,0.075,0.075,0.05,0.07,all,mutual_information,50,,,50,-0.6657727863848416,1.3218815710359216e-07
mlp512x1,vogn,3,val,standard,,,standard,standard,mlp512x1|vogn|s3|val|standard,0.075,0.075,0.05,0.07,clean_correct,mutual_information,48,,,48,-0.6308021758453448,1.5406762607042012e-06
mlp512x1,vogn,3,val,standard,,,standard,standard,mlp512x1|vogn|s3|val|standard,0.075,0.075,0.05,0.07,all,one_minus_confidence,50,,,50,-0.7477645088460291,4.381512471966738e-10
mlp512x1,vogn,3,val,standard,,,standard,standard,mlp512x1|vogn|s3|val|standard,0.075,0.075,0.05,0.07,clean_correct,one_minus_confidence,48,,,48,-0.7225651153168936,6.700907299877782e-09
mlp512x1,vogn,3,val,standard,,,standard,standard,mlp512x1|vogn|s3|val|standard,0.075,0.075,0.05,0.07,all,predictive_entropy,50,,,50,-0.7464140569466683,4.897286129389243e-10
mlp512x1,vogn,3,val,standard,,,standard,standard,mlp512x1|vogn|s3|val|standard,0.075,0.075,0.05,0.07,clean_correct,predictive_entropy,48,,,48,-0.7210411756340921,7.462082768400755e-09
mlp512x1,vogn,3,val,standard,,,standard,standard,mlp512x1|vogn|s3|val|standard,0.075,0.075,0.05,0.08,all,expected_entropy,50,,,50,-0.7701817624412092,6.199369544007896e-11
mlp512x1,vogn,3,val,standard,,,standard,standard,mlp512x1|vogn|s3|val|standard,0.075,0.075,0.05,0.08,clean_correct,expected_entropy,48,,,48,-0.7617064922599581,3.2369772936663975e-10
mlp512x1,vogn,3,val,standard,,,standard,standard,mlp512x1|vogn|s3|val|standard,0.075,0.075,0.05,0.08,all,mutual_information,50,,,50,-0.6521096676054833,2.8921725634005074e-07
mlp512x1,vogn,3,val,standard,,,standard,standard,mlp512x1|vogn|s3|val|standard,0.075,0.075,0.05,0.08,clean_correct,mutual_information,48,,,48,-0.633448768202265,1.3501881172209907e-06
mlp512x1,vogn,3,val,standard,,,standard,standard,mlp512x1|vogn|s3|val|standard,0.075,0.075,0.05,0.08,all,one_minus_confidence,50,,,50,-0.7271733738542384,2.224994069139756e-09
mlp512x1,vogn,3,val,standard,,,standard,standard,mlp512x1|vogn|s3|val|standard,0.075,0.075,0.05,0.08,clean_correct,one_minus_confidence,48,,,48,-0.7153442015055941,1.1088391303822515e-08
mlp512x1,vogn,3,val,standard,,,standard,standard,mlp512x1|vogn|s3|val|standard,0.075,0.075,0.05,0.08,all,predictive_entropy,50,,,50,-0.7326499093168316,1.4653450571265344e-09
mlp512x1,vogn,3,val,standard,,,standard,standard,mlp512x1|vogn|s3|val|standard,0.075,0.075,0.05,0.08,clean_correct,predictive_entropy,48,,,48,-0.7211535883032819,7.403272680498243e-09
mlp512x1,vogn,3,val,standard,,,standard,standard,mlp512x1|vogn|s3|val|standard,0.075,0.075,0.05,0.1,all,expected_entropy,50,,,50,-0.5949858002277052,5.192104828470283e-06
mlp512x1,vogn,3,val,standard,,,standard,standard,mlp512x1|vogn|s3|val|standard,0.075,0.075,0.05,0.1,clean_correct,expected_entropy,48,,,48,-0.592186220606665,9.263886130753276e-06
mlp512x1,vogn,3,val,standard,,,standard,standard,mlp512x1|vogn|s3|val|standard,0.075,0.075,0.05,0.1,all,mutual_information,50,,,50,-0.4989534203961935,0.00022583703379433042
mlp512x1,vogn,3,val,standard,,,standard,standard,mlp512x1|vogn|s3|val|standard,0.075,0.075,0.05,0.1,clean_correct,mutual_information,48,,,48,-0.4895882060519046,0.0004129660686448281
mlp512x1,vogn,3,val,standard,,,standard,standard,mlp512x1|vogn|s3|val|standard,0.075,0.075,0.05,0.1,all,one_minus_confidence,50,,,50,-0.5689029316314921,1.627462821401162e-05
mlp512x1,vogn,3,val,standard,,,standard,standard,mlp512x1|vogn|s3|val|standard,0.075,0.075,0.05,0.1,clean_correct,one_minus_confidence,48,,,48,-0.5642890800511825,2.9506459425522624e-05
mlp512x1,vogn,3,val,standard,,,standard,standard,mlp512x1|vogn|s3|val|standard,0.075,0.075,0.05,0.1,all,predictive_entropy,50,,,50,-0.5722225694528282,1.4148301910820584e-05
mlp512x1,vogn,3,val,standard,,,standard,standard,mlp512x1|vogn|s3|val|standard,0.075,0.075,0.05,0.1,clean_correct,predictive_entropy,48,,,48,-0.5678588563307939,2.558997831795267e-05
mlp512x1,vogn,4,val,robust,0.08,0.25,robust_eps0p08_lam0p25,"robust ($\epsilon_{train}=0.08$, $\lambda=0.25$)",mlp512x1|vogn|s4|val|robust_eps0p08_lam0p25,0.075,0.075,0.05,0.01,all,expected_entropy,50,-0.3699465755021241,0.008186164688770448,50,-0.36729519603272853,0.008693153624221734
mlp512x1,vogn,4,val,robust,0.08,0.25,robust_eps0p08_lam0p25,"robust ($\epsilon_{train}=0.08$, $\lambda=0.25$)",mlp512x1|vogn|s4|val|robust_eps0p08_lam0p25,0.075,0.075,0.05,0.01,clean_correct,expected_entropy,48,-0.32264828905644977,0.025309893622717492,48,-0.3231171791891208,0.025085966902992033
mlp512x1,vogn,4,val,robust,0.08,0.25,robust_eps0p08_lam0p25,"robust ($\epsilon_{train}=0.08$, $\lambda=0.25$)",mlp512x1|vogn|s4|val|robust_eps0p08_lam0p25,0.075,0.075,0.05,0.01,all,mutual_information,50,-0.5046173168423983,0.00018634888859002716,50,-0.4373967402278249,0.0014916389946914518
mlp512x1,vogn,4,val,robust,0.08,0.25,robust_eps0p08_lam0p25,"robust ($\epsilon_{train}=0.08$, $\lambda=0.25$)",mlp512x1|vogn|s4|val|robust_eps0p08_lam0p25,0.075,0.075,0.05,0.01,clean_correct,mutual_information,48,-0.4800826382216844,0.0005541517402863236,48,-0.4077123093691388,0.004022491942754449
mlp512x1,vogn,4,val,robust,0.08,0.25,robust_eps0p08_lam0p25,"robust ($\epsilon_{train}=0.08$, $\lambda=0.25$)",mlp512x1|vogn|s4|val|robust_eps0p08_lam0p25,0.075,0.075,0.05,0.01,all,one_minus_confidence,50,-0.37820114222943957,0.006768211184618741,50,-0.3763135222353792,0.007072076212359272
mlp512x1,vogn,4,val,robust,0.08,0.25,robust_eps0p08_lam0p25,"robust ($\epsilon_{train}=0.08$, $\lambda=0.25$)",mlp512x1|vogn|s4|val|robust_eps0p08_lam0p25,0.075,0.075,0.05,0.01,clean_correct,one_minus_confidence,48,-0.34424379951393974,0.01658154230000607,48,-0.34909116186326156,0.015021101376054351
mlp512x1,vogn,4,val,robust,0.08,0.25,robust_eps0p08_lam0p25,"robust ($\epsilon_{train}=0.08$, $\lambda=0.25$)",mlp512x1|vogn|s4|val|robust_eps0p08_lam0p25,0.075,0.075,0.05,0.01,all,predictive_entropy,50,-0.3858651028473102,0.005648130877038685,50,-0.3850050598293844,0.005765179054991321
mlp512x1,vogn,4,val,robust,0.08,0.25,robust_eps0p08_lam0p25,"robust ($\epsilon_{train}=0.08$, $\lambda=0.25$)",mlp512x1|vogn|s4|val|robust_eps0p08_lam0p25,0.075,0.075,0.05,0.01,clean_correct,predictive_entropy,48,-0.34312089623008235,0.016962031046238554,48,-0.3479524467649059,0.015375957633760942
mlp512x1,vogn,4,val,robust,0.08,0.25,robust_eps0p08_lam0p25,"robust ($\epsilon_{train}=0.08$, $\lambda=0.25$)",mlp512x1|vogn|s4|val|robust_eps0p08_lam0p25,0.075,0.075,0.05,0.05,all,expected_entropy,50,-0.5550057490942597,2.8779091459134516e-05,50,-0.4866068430091444,0.0003394576923746278
mlp512x1,vogn,4,val,robust,0.08,0.25,robust_eps0p08_lam0p25,"robust ($\epsilon_{train}=0.08$, $\lambda=0.25$)",mlp512x1|vogn|s4|val|robust_eps0p08_lam0p25,0.075,0.075,0.05,0.05,clean_correct,expected_entropy,48,-0.5322424409507693,9.875577497961961e-05,48,-0.45481623382860453,0.0011633760717584948
mlp512x1,vogn,4,val,robust,0.08,0.25,robust_eps0p08_lam0p25,"robust ($\epsilon_{train}=0.08$, $\lambda=0.25$)",mlp512x1|vogn|s4|val|robust_eps0p08_lam0p25,0.075,0.075,0.05,0.05,all,mutual_information,50,-0.7329887176693989,1.427491632450648e-09,50,-0.707091106642092,9.484593357557604e-09
mlp512x1,vogn,4,val,robust,0.08,0.25,robust_eps0p08_lam0p25,"robust ($\epsilon_{train}=0.08$, $\lambda=0.25$)",mlp512x1|vogn|s4|val|robust_eps0p08_lam0p25,0.075,0.075,0.05,0.05,clean_correct,mutual_information,48,-0.7223376126679423,6.8097107394450545e-09,48,-0.6986084038464784,3.3658017099151286e-08
mlp512x1,vogn,4,val,robust,0.08,0.25,robust_eps0p08_lam0p25,"robust ($\epsilon_{train}=0.08$, $\lambda=0.25$)",mlp512x1|vogn|s4|val|robust_eps0p08_lam0p25,0.075,0.075,0.05,0.05,all,one_minus_confidence,50,-0.5635806149981418,2.0306766587830966e-05,50,-0.4877940735554505,0.0003266300252460286
mlp512x1,vogn,4,val,robust,0.08,0.25,robust_eps0p08_lam0p25,"robust ($\epsilon_{train}=0.08$, $\lambda=0.25$)",mlp512x1|vogn|s4|val|robust_eps0p08_lam0p25,0.075,0.075,0.05,0.05,clean_correct,one_minus_confidence,48,-0.5453802723102066,6.108397289455714e-05,48,-0.4619113209325213,0.0009500465289580007
mlp512x1,vogn,4,val,robust,0.08,0.25,robust_eps0p08_lam0p25,"robust ($\epsilon_{train}=0.08$, $\lambda=0.25$)",mlp512x1|vogn|s4|val|robust_eps0p08_lam0p25,0.075,0.075,0.05,0.05,all,predictive_entropy,50,-0.5669028655976557,1.7694186148869018e-05,50,-0.5025719956816924,0.00019981901217214822
mlp512x1,vogn,4,val,robust,0.08,0.25,robust_eps0p08_lam0p25,"robust ($\epsilon_{train}=0.08$, $\lambda=0.25$)",mlp512x1|vogn|s4|val|robust_eps0p08_lam0p25,0.075,0.075,0.05,0.05,clean_correct,predictive_entropy,48,-0.5451037646142138,6.171748950442901e-05,48,-0.47297840122248624,0.0006865886528320185
mlp512x1,vogn,4,val,robust,0.08,0.25,robust_eps0p08_lam0p25,"robust ($\epsilon_{train}=0.08$, $\lambda=0.25$)",mlp512x1|vogn|s4|val|robust_eps0p08_lam0p25,0.075,0.075,0.05,0.07,all,expected_entropy,50,-0.5859414954788312,7.803065850902156e-06,50,-0.5164756257122141,0.00012324400838628193
mlp512x1,vogn,4,val,robust,0.08,0.25,robust_eps0p08_lam0p25,"robust ($\epsilon_{train}=0.08$, $\lambda=0.25$)",mlp512x1|vogn|s4|val|robust_eps0p08_lam0p25,0.075,0.075,0.05,0.07,clean_correct,expected_entropy,48,-0.5742386033341973,1.975769740071239e-05,48,-0.48758980566148624,0.0004396149683843367
mlp512x1,vogn,4,val,robust,0.08,0.25,robust_eps0p08_lam0p25,"robust ($\epsilon_{train}=0.08$, $\lambda=0.25$)",mlp512x1|vogn|s4|val|robust_eps0p08_lam0p25,0.075,0.075,0.05,0.07,all,mutual_information,50,-0.736741626646465,1.0654114700830695e-09,50,-0.7400694575623327,8.185574420379767e-10
mlp512x1,vogn,4,val,robust,0.08,0.25,robust_eps0p08_lam0p25,"robust ($\epsilon_{train}=0.08$, $\lambda=0.25$)",mlp512x1|vogn|s4|val|robust_eps0p08_lam0p25,0.075,0.075,0.05,0.07,clean_correct,mutual_information,48,-0.7322030979625812,3.3369707617014944e-09,48,-0.7325419132907846,3.2544210557714393e-09
mlp512x1,vogn,4,val,robust,0.08,0.25,robust_eps0p08_lam0p25,"robust ($\epsilon_{train}=0.08$, $\lambda=0.25$)",mlp512x1|vogn|s4|val|robust_eps0p08_lam0p25,0.075,0.075,0.05,0.07,all,one_minus_confidence,50,-0.5950916144480702,5.167038409074042e-06,50,-0.5205356924220993,0.00010659870532516822
mlp512x1,vogn,4,val,robust,0.08,0.25,robust_eps0p08_lam0p25,"robust ($\epsilon_{train}=0.08$, $\lambda=0.25$)",mlp512x1|vogn|s4|val|robust_eps0p08_lam0p25,0.075,0.075,0.05,0.07,clean_correct,one_minus_confidence,48,-0.5868486818151512,1.165920016197938e-05,48,-0.49759484699535184,0.00032020284721732435
mlp512x1,vogn,4,val,robust,0.08,0.25,robust_eps0p08_lam0p25,"robust ($\epsilon_{train}=0.08$, $\lambda=0.25$)",mlp512x1|vogn|s4|val|robust_eps0p08_lam0p25,0.075,0.075,0.05,0.07,all,predictive_entropy,50,-0.5929163833822633,5.705557282349901e-06,50,-0.5322600004046517,6.937967231955962e-05
mlp512x1,vogn,4,val,robust,0.08,0.25,robust_eps0p08_lam0p25,"robust ($\epsilon_{train}=0.08$, $\lambda=0.25$)",mlp512x1|vogn|s4|val|robust_eps0p08_lam0p25,0.075,0.075,0.05,0.07,clean_correct,predictive_entropy,48,-0.5816566666057887,1.4525735626934329e-05,48,-0.5053544631095763,0.00024872792330899623
mlp512x1,vogn,4,val,robust,0.08,0.25,robust_eps0p08_lam0p25,"robust ($\epsilon_{train}=0.08$, $\lambda=0.25$)",mlp512x1|vogn|s4|val|robust_eps0p08_lam0p25,0.075,0.075,0.05,0.08,all,expected_entropy,50,-0.5890731548743934,6.785914612555545e-06,50,-0.5049684904580776,0.00018412104155035743
mlp512x1,vogn,4,val,robust,0.08,0.25,robust_eps0p08_lam0p25,"robust ($\epsilon_{train}=0.08$, $\lambda=0.25$)",mlp512x1|vogn|s4|val|robust_eps0p08_lam0p25,0.075,0.075,0.05,0.08,clean_correct,expected_entropy,48,-0.5816800887504422,1.4511460488591945e-05,48,-0.47793219412293114,0.0005915786223995715
mlp512x1,vogn,4,val,robust,0.08,0.25,robust_eps0p08_lam0p25,"robust ($\epsilon_{train}=0.08$, $\lambda=0.25$)",mlp512x1|vogn|s4|val|robust_eps0p08_lam0p25,0.075,0.075,0.05,0.08,all,mutual_information,50,-0.7257068618865963,2.4840880817070567e-09,50,-0.7480427496384748,4.28182019797637e-10
mlp512x1,vogn,4,val,robust,0.08,0.25,robust_eps0p08_lam0p25,"robust ($\epsilon_{train}=0.08$, $\lambda=0.25$)",mlp512x1|vogn|s4|val|robust_eps0p08_lam0p25,0.075,0.075,0.05,0.08,clean_correct,mutual_information,48,-0.7226336690202665,6.668442891316057e-09,48,-0.7413882441695178,1.6692888950217802e-09
mlp512x1,vogn,4,val,robust,0.08,0.25,robust_eps0p08_lam0p25,"robust ($\epsilon_{train}=0.08$, $\lambda=0.25$)",mlp512x1|vogn|s4|val|robust_eps0p08_lam0p25,0.075,0.075,0.05,0.08,all,one_minus_confidence,50,-0.6007772898150098,3.973743441029719e-06,50,-0.5131485867002126,0.0001386157745943476
mlp512x1,vogn,4,val,robust,0.08,0.25,robust_eps0p08_lam0p25,"robust ($\epsilon_{train}=0.08$, $\lambda=0.25$)",mlp512x1|vogn|s4|val|robust_eps0p08_lam0p25,0.075,0.075,0.05,0.08,clean_correct,one_minus_confidence,48,-0.5959101507623124,7.871356158880076e-06,48,-0.4908767329127534,0.0003965658387639392
mlp512x1,vogn,4,val,robust,0.08,0.25,robust_eps0p08_lam0p25,"robust ($\epsilon_{train}=0.08$, $\lambda=0.25$)",mlp512x1|vogn|s4|val|robust_eps0p08_lam0p25,0.075,0.075,0.05,0.08,all,predictive_entropy,50,-0.5962881361027604,4.891289527079985e-06,50,-0.5207199888438471,0.00010589430664212772
mlp512x1,vogn,4,val,robust,0.08,0.25,robust_eps0p08_lam0p25,"robust ($\epsilon_{train}=0.08$, $\lambda=0.25$)",mlp512x1|vogn|s4|val|robust_eps0p08_lam0p25,0.075,0.075,0.05,0.08,clean_correct,predictive_entropy,48,-0.5893448975935833,1.0475643676823912e-05,48,-0.4954998088533505,0.00034245080970765856
mlp512x1,vogn,4,val,robust,0.08,0.25,robust_eps0p08_lam0p25,"robust ($\epsilon_{train}=0.08$, $\lambda=0.25$)",mlp512x1|vogn|s4|val|robust_eps0p08_lam0p25,0.075,0.075,0.05,0.1,all,expected_entropy,50,-0.3081463396620332,0.029473569126258408,50,-0.4176462245831261,0.002546612348577271
mlp512x1,vogn,4,val,robust,0.08,0.25,robust_eps0p08_lam0p25,"robust ($\epsilon_{train}=0.08$, $\lambda=0.25$)",mlp512x1|vogn|s4|val|robust_eps0p08_lam0p25,0.075,0.075,0.05,0.1,clean_correct,expected_entropy,48,-0.29366469424504554,0.04278042825034031,48,-0.3863210473335659,0.006685084226405621
mlp512x1,vogn,4,val,robust,0.08,0.25,robust_eps0p08_lam0p25,"robust ($\epsilon_{train}=0.08$, $\lambda=0.25$)",mlp512x1|vogn|s4|val|robust_eps0p08_lam0p25,0.075,0.075,0.05,0.1,all,mutual_information,50,-0.43923370424499564,0.0014169240881195845,50,-0.6790517621932862,5.936016960160567e-08
mlp512x1,vogn,4,val,robust,0.08,0.25,robust_eps0p08_lam0p25,"robust ($\epsilon_{train}=0.08$, $\lambda=0.25$)",mlp512x1|vogn|s4|val|robust_eps0p08_lam0p25,0.075,0.075,0.05,0.1,clean_correct,mutual_information,48,-0.4289384396477157,0.002350287255505731,48,-0.6686390337262672,2.0592205581399948e-07
mlp512x1,vogn,4,val,robust,0.08,0.25,robust_eps0p08_lam0p25,"robust ($\epsilon_{train}=0.08$, $\lambda=0.25$)",mlp512x1|vogn|s4|val|robust_eps0p08_lam0p25,0.075,0.075,0.05,0.1,all,one_minus_confidence,50,-0.31856706409488306,0.024150086681731506,50,-0.4210344815247921,0.0023285598885243643
mlp512x1,vogn,4,val,robust,0.08,0.25,robust_eps0p08_lam0p25,"robust ($\epsilon_{train}=0.08$, $\lambda=0.25$)",mlp512x1|vogn|s4|val|robust_eps0p08_lam0p25,0.075,0.075,0.05,0.1,clean_correct,one_minus_confidence,48,-0.30475669218250123,0.03519150115602557,48,-0.39353178131305644,0.005653545008924914
mlp512x1,vogn,4,val,robust,0.08,0.25,robust_eps0p08_lam0p25,"robust ($\epsilon_{train}=0.08$, $\lambda=0.25$)",mlp512x1|vogn|s4|val|robust_eps0p08_lam0p25,0.075,0.075,0.05,0.1,all,predictive_entropy,50,-0.31144628199962515,0.0276911659274724,50,-0.43246513261091296,0.001709895339350093
mlp512x1,vogn,4,val,robust,0.08,0.25,robust_eps0p08_lam0p25,"robust ($\epsilon_{train}=0.08$, $\lambda=0.25$)",mlp512x1|vogn|s4|val|robust_eps0p08_lam0p25,0.075,0.075,0.05,0.1,clean_correct,predictive_entropy,48,-0.2972211870819232,0.04021374547352227,48,-0.4028720720854454,0.004525451953583415
mlp512x1,vogn,4,val,standard,,,standard,standard,mlp512x1|vogn|s4|val|standard,0.075,0.075,0.05,0.01,all,expected_entropy,50,-0.9269224732851614,4.551511280291585e-22,50,-0.874624102420928,1.0511957922308821e-16
mlp512x1,vogn,4,val,standard,,,standard,standard,mlp512x1|vogn|s4|val|standard,0.075,0.075,0.05,0.01,clean_correct,expected_entropy,48,-0.9174771387234764,4.87442523242223e-20,48,-0.8578342002903188,6.808542611835391e-15
mlp512x1,vogn,4,val,standard,,,standard,standard,mlp512x1|vogn|s4|val|standard,0.075,0.075,0.05,0.01,all,mutual_information,50,-0.8970155342343958,1.2144937097796738e-18,50,-0.8469552420217425,9.087251696999449e-15
mlp512x1,vogn,4,val,standard,,,standard,standard,mlp512x1|vogn|s4|val|standard,0.075,0.075,0.05,0.01,clean_correct,mutual_information,48,-0.8836598723923227,9.041647974783222e-17,48,-0.8264156278572764,4.703602372232854e-13
mlp512x1,vogn,4,val,standard,,,standard,standard,mlp512x1|vogn|s4|val|standard,0.075,0.075,0.05,0.01,all,one_minus_confidence,50,-0.917627724111574,7.242105316781888e-21,50,-0.8769091429565878,6.943636198636822e-17
mlp512x1,vogn,4,val,standard,,,standard,standard,mlp512x1|vogn|s4|val|standard,0.075,0.075,0.05,0.01,clean_correct,one_minus_confidence,48,-0.9069671026495429,6.842468076688208e-19,48,-0.8604289118377512,4.589471027419405e-15
mlp512x1,vogn,4,val,standard,,,standard,standard,mlp512x1|vogn|s4|val|standard,0.075,0.075,0.05,0.01,all,predictive_entropy,50,-0.9217694258158667,2.2018024877866444e-21,50,-0.8747234520094349,1.0325866647613974e-16
mlp512x1,vogn,4,val,standard,,,standard,standard,mlp512x1|vogn|s4|val|standard,0.075,0.075,0.05,0.01,clean_correct,predictive_entropy,48,-0.9116503311591713,2.1961402113804105e-19,48,-0.8579470138358591,6.693867576316119e-15
mlp512x1,vogn,4,val,standard,,,standard,standard,mlp512x1|vogn|s4|val|standard,0.075,0.075,0.05,0.05,all,expected_entropy,50,,,50,-0.8964308679443826,1.381842467751576e-18
mlp512x1,vogn,4,val,standard,,,standard,standard,mlp512x1|vogn|s4|val|standard,0.075,0.075,0.05,0.05,clean_correct,expected_entropy,48,,,48,-0.8833093723682408,9.651620425891232e-17
mlp512x1,vogn,4,val,standard,,,standard,standard,mlp512x1|vogn|s4|val|standard,0.075,0.075,0.05,0.05,all,mutual_information,50,,,50,-0.8106836357874391,9.694402689808984e-13
mlp512x1,vogn,4,val,standard,,,standard,standard,mlp512x1|vogn|s4|val|standard,0.075,0.075,0.05,0.05,clean_correct,mutual_information,48,,,48,-0.7865150382195977,3.4568317277632155e-11
mlp512x1,vogn,4,val,standard,,,standard,standard,mlp512x1|vogn|s4|val|standard,0.075,0.075,0.05,0.05,all,one_minus_confidence,50,,,50,-0.8627564647275662,8.012813578972512e-16
mlp512x1,vogn,4,val,standard,,,standard,standard,mlp512x1|vogn|s4|val|standard,0.075,0.075,0.05,0.05,clean_correct,one_minus_confidence,48,,,48,-0.845362518991964,4.090089116989049e-14
mlp512x1,vogn,4,val,standard,,,standard,standard,mlp512x1|vogn|s4|val|standard,0.075,0.075,0.05,0.05,all,predictive_entropy,50,,,50,-0.8707307171298365,2.0921995332662075e-16
mlp512x1,vogn,4,val,standard,,,standard,standard,mlp512x1|vogn|s4|val|standard,0.075,0.075,0.05,0.05,clean_correct,predictive_entropy,48,,,48,-0.8543742180770311,1.1383741453314186e-14
mlp512x1,vogn,4,val,standard,,,standard,standard,mlp512x1|vogn|s4|val|standard,0.075,0.075,0.05,0.07,all,expected_entropy,50,,,50,-0.8214806412150323,2.6977660888839283e-13
mlp512x1,vogn,4,val,standard,,,standard,standard,mlp512x1|vogn|s4|val|standard,0.075,0.075,0.05,0.07,clean_correct,expected_entropy,48,,,48,-0.809966984283691,3.1232096924008095e-12
mlp512x1,vogn,4,val,standard,,,standard,standard,mlp512x1|vogn|s4|val|standard,0.075,0.075,0.05,0.07,all,mutual_information,50,,,50,-0.7452900100261313,5.369757364925566e-10
mlp512x1,vogn,4,val,standard,,,standard,standard,mlp512x1|vogn|s4|val|standard,0.075,0.075,0.05,0.07,clean_correct,mutual_information,48,,,48,-0.725509452806518,5.4322670766593125e-09
mlp512x1,vogn,4,val,standard,,,standard,standard,mlp512x1|vogn|s4|val|standard,0.075,0.075,0.05,0.07,all,one_minus_confidence,50,,,50,-0.7889811096302861,1.0072058285862565e-11
mlp512x1,vogn,4,val,standard,,,standard,standard,mlp512x1|vogn|s4|val|standard,0.075,0.075,0.05,0.07,clean_correct,one_minus_confidence,48,,,48,-0.7742582299327561,1.0812352029531826e-10
mlp512x1,vogn,4,val,standard,,,standard,standard,mlp512x1|vogn|s4|val|standard,0.075,0.075,0.05,0.07,all,predictive_entropy,50,,,50,-0.7989508907480127,3.5600637364008763e-12
mlp512x1,vogn,4,val,standard,,,standard,standard,mlp512x1|vogn|s4|val|standard,0.075,0.075,0.05,0.07,clean_correct,predictive_entropy,48,,,48,-0.7850423837891247,3.9798863632914483e-11
mlp512x1,vogn,4,val,standard,,,standard,standard,mlp512x1|vogn|s4|val|standard,0.075,0.075,0.05,0.08,all,expected_entropy,50,,,50,-0.7531446136082528,2.792714712260891e-10
mlp512x1,vogn,4,val,standard,,,standard,standard,mlp512x1|vogn|s4|val|standard,0.075,0.075,0.05,0.08,clean_correct,expected_entropy,48,,,48,-0.7472339572706292,1.0579249388865482e-09
mlp512x1,vogn,4,val,standard,,,standard,standard,mlp512x1|vogn|s4|val|standard,0.075,0.075,0.05,0.08,all,mutual_information,50,,,50,-0.6591543665771904,1.941173104898656e-07
mlp512x1,vogn,4,val,standard,,,standard,standard,mlp512x1|vogn|s4|val|standard,0.075,0.075,0.05,0.08,clean_correct,mutual_information,48,,,48,-0.644232212243187,7.783628421503967e-07
mlp512x1,vogn,4,val,standard,,,standard,standard,mlp512x1|vogn|s4|val|standard,0.075,0.075,0.05,0.08,all,one_minus_confidence,50,,,50,-0.7108617382501056,7.29166556169722e-09
mlp512x1,vogn,4,val,standard,,,standard,standard,mlp512x1|vogn|s4|val|standard,0.075,0.075,0.05,0.08,clean_correct,one_minus_confidence,48,,,48,-0.701303062649407,2.8292479339367383e-08
mlp512x1,vogn,4,val,standard,,,standard,standard,mlp512x1|vogn|s4|val|standard,0.075,0.075,0.05,0.08,all,predictive_entropy,50,,,50,-0.7197258591083195,3.8650406420860975e-09
mlp512x1,vogn,4,val,standard,,,standard,standard,mlp512x1|vogn|s4|val|standard,0.075,0.075,0.05,0.08,clean_correct,predictive_entropy,48,,,48,-0.7107863070612516,1.5119320946856575e-08
mlp512x1,vogn,4,val,standard,,,standard,standard,mlp512x1|vogn|s4|val|standard,0.075,0.075,0.05,0.1,all,expected_entropy,50,,,50,-0.5687192315449737,1.6400488464183874e-05
mlp512x1,vogn,4,val,standard,,,standard,standard,mlp512x1|vogn|s4|val|standard,0.075,0.075,0.05,0.1,clean_correct,expected_entropy,48,,,48,-0.5682943146803925,2.514643287987398e-05
mlp512x1,vogn,4,val,standard,,,standard,standard,mlp512x1|vogn|s4|val|standard,0.075,0.075,0.05,0.1,all,mutual_information,50,,,50,-0.48445978062039424,0.00036382001705369553
mlp512x1,vogn,4,val,standard,,,standard,standard,mlp512x1|vogn|s4|val|standard,0.075,0.075,0.05,0.1,clean_correct,mutual_information,48,,,48,-0.478184071543484,0.0005870803146971886
mlp512x1,vogn,4,val,standard,,,standard,standard,mlp512x1|vogn|s4|val|standard,0.075,0.075,0.05,0.1,all,one_minus_confidence,50,,,50,-0.5378753990527951,5.616098394314913e-05
mlp512x1,vogn,4,val,standard,,,standard,standard,mlp512x1|vogn|s4|val|standard,0.075,0.075,0.05,0.1,clean_correct,one_minus_confidence,48,,,48,-0.535234851469308,8.86745329243236e-05
mlp512x1,vogn,4,val,standard,,,standard,standard,mlp512x1|vogn|s4|val|standard,0.075,0.075,0.05,0.1,all,predictive_entropy,50,,,50,-0.540504499119696,5.080338859475316e-05
mlp512x1,vogn,4,val,standard,,,standard,standard,mlp512x1|vogn|s4|val|standard,0.075,0.075,0.05,0.1,clean_correct,predictive_entropy,48,,,48,-0.5380195578736975,8.014636000651765e-05
