architecture,family,eval_split,training,train_epsilon,rob_lam,config_id,eval_epsilon,subset,score,metric,n_seeds,mean,sd,ci_low,ci_high
mlp512x1,bbb,val,robust,0.08,0.25,robust_eps0p08_lam0p25,0.01,all,expected_entropy,rho_pessimistic,5,-0.2519239823726145,0.060811636502215966,-0.3274316020892699,-0.17641636265595906
mlp512x1,bbb,val,robust,0.08,0.25,robust_eps0p08_lam0p25,0.01,all,expected_entropy,rho_optimistic,5,-0.23480641733446853,0.037223033483163026,-0.2810249179144453,-0.18858791675449174
mlp512x1,bbb,val,robust,0.08,0.25,robust_eps0p08_lam0p25,0.01,clean_correct,expected_entropy,rho_pessimistic,1,-0.23690664541215647,,,
mlp512x1,bbb,val,robust,0.08,0.25,robust_eps0p08_lam0p25,0.01,clean_correct,expected_entropy,rho_optimistic,0,,,,
mlp512x1,bbb,val,robust,0.08,0.25,robust_eps0p08_lam0p25,0.01,all,mutual_information,rho_pessimistic,5,-0.2723279119550647,0.0642033855970255,-0.3520469444136854,-0.19260887949644406
mlp512x1,bbb,val,robust,0.08,0.25,robust_eps0p08_lam0p25,0.01,all,mutual_information,rho_optimistic,5,-0.2531948717040353,0.04342527261538708,-0.3071144693227453,-0.19927527408532536
mlp512x1,bbb,val,robust,0.08,0.25,robust_eps0p08_lam0p25,0.01,clean_correct,mutual_information,rho_pessimistic,1,-0.24743582965269678,,,
mlp512x1,bbb,val,robust,0.08,0.25,robust_eps0p08_lam0p25,0.01,clean_correct,mutual_information,rho_optimistic,0,,,,
mlp512x1,bbb,val,robust,0.08,0.25,robust_eps0p08_lam0p25,0.01,all,one_minus_confidence,rho_pessimistic,5,-0.25797541022121945,0.06452476753769285,-0.3380934910652396,-0.17785732937719928
mlp512x1,bbb,val,robust,0.08,0.25,robust_eps0p08_lam0p25,0.01,all,one_minus_confidence,rho_optimistic,5,-0.2407408995359185,0.03934643186011222,-0.2895959474343974,-0.1918858516374396
mlp512x1,bbb,val,robust,0.08,0.25,robust_eps0p08_lam0p25,0.01,clean_correct,one_minus_confidence,rho_pessimistic,1,-0.24234079236944003,,,
mlp512x1,bbb,val,robust,0.08,0.25,robust_eps0p08_lam0p25,0.01,clean_correct,one_minus_confidence,rho_optimistic,0,,,,
mlp512x1,bbb,val,robust,0.08,0.25,robust_eps0p08_lam0p25,0.01,all,predictive_entropy,rho_pessimistic,5,-0.2519239823726145,0.060811636502215966,-0.3274316020892699,-0.17641636265595906
mlp512x1,bbb,val,robust,0.08,0.25,robust_eps0p08_lam0p25,0.01,all,predictive_entropy,rho_optimistic,5,-0.23480641733446853,0.037223033483163026,-0.2810249179144453,-0.18858791675449174
mlp512x1,bbb,val,robust,0.08,0.25,robust_eps0p08_lam0p25,0.01,clean_correct,predictive_entropy,rho_pessimistic,1,-0.23690664541215647,,,
mlp512x1,bbb,val,robust,0.08,0.25,robust_eps0p08_lam0p25,0.01,clean_correct,predictive_entropy,rho_optimistic,0,,,,
mlp512x1,bbb,val,robust,0.08,0.25,robust_eps0p08_lam0p25,0.05,all,expected_entropy,rho_pessimistic,5,-0.3572081798870099,0.03856302583507997,-0.4050905007282304,-0.30932585904578946
mlp512x1,bbb,val,robust,0.08,0.25,robust_eps0p08_lam0p25,0.05,all,expected_entropy,rho_optimistic,5,-0.30541912666664367,0.06209850511315996,-0.38252460480792677,-0.22831364852536057
mlp512x1,bbb,val,robust,0.08,0.25,robust_eps0p08_lam0p25,0.05,clean_correct,expected_entropy,rho_pessimistic,5,-0.27643627707528634,0.04150899196159572,-0.3279764979957292,-0.22489605615484348
mlp512x1,bbb,val,robust,0.08,0.25,robust_eps0p08_lam0p25,0.05,clean_correct,expected_entropy,rho_optimistic,4,-0.2369066454121565,0.008597042932359234,-0.2505864591703825,-0.22322683165393048
mlp512x1,bbb,val,robust,0.08,0.25,robust_eps0p08_lam0p25,0.05,all,mutual_information,rho_pessimistic,5,-0.3921612303759795,0.0502016373809879,-0.45449479616283245,-0.32982766458912655
mlp512x1,bbb,val,robust,0.08,0.25,robust_eps0p08_lam0p25,0.05,all,mutual_information,rho_optimistic,5,-0.32570676877813776,0.06772319888630801,-0.40979622667845966,-0.24161731087781585
mlp512x1,bbb,val,robust,0.08,0.25,robust_eps0p08_lam0p25,0.05,clean_correct,mutual_information,rho_pessimistic,5,-0.30706513985615386,0.039408450100628274,-0.3559971935711135,-0.25813308614119423
mlp512x1,bbb,val,robust,0.08,0.25,robust_eps0p08_lam0p25,0.05,clean_correct,mutual_information,rho_optimistic,4,-0.24480353359256174,0.0052645921202701534,-0.25318067446355147,-0.236426392721572
mlp512x1,bbb,val,robust,0.08,0.25,robust_eps0p08_lam0p25,0.05,all,one_minus_confidence,rho_pessimistic,5,-0.36612124148189723,0.03982672307111058,-0.4155726496857265,-0.31666983327806797
mlp512x1,bbb,val,robust,0.08,0.25,robust_eps0p08_lam0p25,0.05,all,one_minus_confidence,rho_optimistic,5,-0.3131450899211984,0.0641230735955939,-0.39276440185901773,-0.23352577798337903
mlp512x1,bbb,val,robust,0.08,0.25,robust_eps0p08_lam0p25,0.05,clean_correct,one_minus_confidence,rho_pessimistic,5,-0.28455971954433196,0.04130114797734951,-0.33584186807229305,-0.23327757101637087
mlp512x1,bbb,val,robust,0.08,0.25,robust_eps0p08_lam0p25,0.05,clean_correct,one_minus_confidence,rho_optimistic,4,-0.24374302015109822,0.008934319098612881,-0.25795951555390134,-0.2295265247482951
mlp512x1,bbb,val,robust,0.08,0.25,robust_eps0p08_lam0p25,0.05,all,predictive_entropy,rho_pessimistic,5,-0.3572081798870099,0.03856302583507997,-0.4050905007282304,-0.30932585904578946
mlp512x1,bbb,val,robust,0.08,0.25,robust_eps0p08_lam0p25,0.05,all,predictive_entropy,rho_optimistic,5,-0.30541912666664367,0.06209850511315996,-0.38252460480792677,-0.22831364852536057
mlp512x1,bbb,val,robust,0.08,0.25,robust_eps0p08_lam0p25,0.05,clean_correct,predictive_entropy,rho_pessimistic,5,-0.27643627707528634,0.04150899196159572,-0.3279764979957292,-0.22489605615484348
mlp512x1,bbb,val,robust,0.08,0.25,robust_eps0p08_lam0p25,0.05,clean_correct,predictive_entropy,rho_optimistic,4,-0.2369066454121565,0.008597042932359234,-0.2505864591703825,-0.22322683165393048
mlp512x1,bbb,val,robust,0.08,0.25,robust_eps0p08_lam0p25,0.07,all,expected_entropy,rho_pessimistic,5,-0.4334323920896502,0.033080072540380395,-0.47450672722100945,-0.3923580569582909
mlp512x1,bbb,val,robust,0.08,0.25,robust_eps0p08_lam0p25,0.07,all,expected_entropy,rho_optimistic,5,-0.3606554274461031,0.057472414066459025,-0.4320168548822849,-0.28929400000992134
mlp512x1,bbb,val,robust,0.08,0.25,robust_eps0p08_lam0p25,0.07,clean_correct,expected_entropy,rho_pessimistic,5,-0.37661361541466126,0.0544061614402137,-0.4441677873554365,-0.30905944347388603
mlp512x1,bbb,val,robust,0.08,0.25,robust_eps0p08_lam0p25,0.07,clean_correct,expected_entropy,rho_optimistic,5,-0.2782388369803005,0.0758693455718637,-0.3724430719441638,-0.18403460201643718
mlp512x1,bbb,val,robust,0.08,0.25,robust_eps0p08_lam0p25,0.07,all,mutual_information,rho_pessimistic,5,-0.4501791572308365,0.08701372476343772,-0.5582209666192085,-0.3421373478424646
mlp512x1,bbb,val,robust,0.08,0.25,robust_eps0p08_lam0p25,0.07,all,mutual_information,rho_optimistic,5,-0.3995429479702383,0.06568294847913947,-0.48109910039265846,-0.31798679554781817
mlp512x1,bbb,val,robust,0.08,0.25,robust_eps0p08_lam0p25,0.07,clean_correct,mutual_information,rho_pessimistic,5,-0.38368382580948435,0.11715036910149049,-0.5291452214990877,-0.23822243011988095
mlp512x1,bbb,val,robust,0.08,0.25,robust_eps0p08_lam0p25,0.07,clean_correct,mutual_information,rho_optimistic,5,-0.3154258152733552,0.06969545137439015,-0.4019641480834965,-0.22888748246321394
mlp512x1,bbb,val,robust,0.08,0.25,robust_eps0p08_lam0p25,0.07,all,one_minus_confidence,rho_pessimistic,5,-0.4406033356593584,0.026212569871110685,-0.4731505399687172,-0.4080561313499996
mlp512x1,bbb,val,robust,0.08,0.25,robust_eps0p08_lam0p25,0.07,all,one_minus_confidence,rho_optimistic,5,-0.36902082441043627,0.059321822785244886,-0.4426785960706986,-0.29536305275017394
mlp512x1,bbb,val,robust,0.08,0.25,robust_eps0p08_lam0p25,0.07,clean_correct,one_minus_confidence,rho_pessimistic,5,-0.38290551468678813,0.04785565261013079,-0.44232615564333355,-0.3234848737302427
mlp512x1,bbb,val,robust,0.08,0.25,robust_eps0p08_lam0p25,0.07,clean_correct,one_minus_confidence,rho_optimistic,5,-0.28509502887848653,0.08070175612302288,-0.38529949404826425,-0.18489056370870882
mlp512x1,bbb,val,robust,0.08,0.25,robust_eps0p08_lam0p25,0.07,all,predictive_entropy,rho_pessimistic,5,-0.4334323920896502,0.033080072540380395,-0.47450672722100945,-0.3923580569582909
mlp512x1,bbb,val,robust,0.08,0.25,robust_eps0p08_lam0p25,0.07,all,predictive_entropy,rho_optimistic,5,-0.3606554274461031,0.057472414066459025,-0.4320168548822849,-0.28929400000992134
mlp512x1,bbb,val,robust,0.08,0.25,robust_eps0p08_lam0p25,0.07,clean_correct,predictive_entropy,rho_pessimistic,5,-0.37661361541466126,0.0544061614402137,-0.4441677873554365,-0.30905944347388603
mlp512x1,bbb,val,robust,0.08,0.25,robust_eps0p08_lam0p25,0.07,clean_correct,predictive_entropy,rho_optimistic,5,-0.2782388369803005,0.0758693455718637,-0.3724430719441638,-0.18403460201643718
mlp512x1,bbb,val,robust,0.08,0.25,robust_eps0p08_lam0p25,0.08,all,expected_entropy,rho_pessimistic,5,-0.46822752545166,0.026317126431282666,-0.5009045538775604,-0.43555049702575965
mlp512x1,bbb,val,robust,0.08,0.25,robust_eps0p08_lam0p25,0.08,all,expected_entropy,rho_optimistic,5,-0.348267861394035,0.060635719647579835,-0.4235570514856115,-0.27297867130245845
mlp512x1,bbb,val,robust,0.08,0.25,robust_eps0p08_lam0p25,0.08,clean_correct,expected_entropy,rho_pessimistic,5,-0.4231289259682075,0.035925790002999856,-0.4677366860219611,-0.3785211659144539
mlp512x1,bbb,val,robust,0.08,0.25,robust_eps0p08_lam0p25,0.08,clean_correct,expected_entropy,rho_optimistic,5,-0.26687909295564544,0.06862363437714918,-0.35208658918764973,-0.18167159672364114
mlp512x1,bbb,val,robust,0.08,0.25,robust_eps0p08_lam0p25,0.08,all,mutual_information,rho_pessimistic,5,-0.45340370884743175,0.0943513071198778,-0.5705563300816505,-0.33625108761321304
mlp512x1,bbb,val,robust,0.08,0.25,robust_eps0p08_lam0p25,0.08,all,mutual_information,rho_optimistic,5,-0.3963383242999635,0.07113660264944908,-0.48466608276431095,-0.3080105658356161
mlp512x1,bbb,val,robust,0.08,0.25,robust_eps0p08_lam0p25,0.08,clean_correct,mutual_information,rho_pessimistic,5,-0.3939235512316831,0.11306038664072887,-0.5343065629464739,-0.25354053951689226
mlp512x1,bbb,val,robust,0.08,0.25,robust_eps0p08_lam0p25,0.08,clean_correct,mutual_information,rho_optimistic,5,-0.315069310607934,0.07128224317925747,-0.40357790567482377,-0.22656071554104418
mlp512x1,bbb,val,robust,0.08,0.25,robust_eps0p08_lam0p25,0.08,all,one_minus_confidence,rho_pessimistic,5,-0.4734101705740253,0.02509305706837889,-0.5045673161407038,-0.44225302500734676
mlp512x1,bbb,val,robust,0.08,0.25,robust_eps0p08_lam0p25,0.08,all,one_minus_confidence,rho_optimistic,5,-0.352036549722055,0.06854205136121533,-0.4371427472603094,-0.2669303521838006
mlp512x1,bbb,val,robust,0.08,0.25,robust_eps0p08_lam0p25,0.08,clean_correct,one_minus_confidence,rho_pessimistic,5,-0.4276313666858309,0.03154634271206007,-0.46680132470639357,-0.38846140866526824
mlp512x1,bbb,val,robust,0.08,0.25,robust_eps0p08_lam0p25,0.08,clean_correct,one_minus_confidence,rho_optimistic,5,-0.26770206705458477,0.07980169227299931,-0.36678895534570355,-0.16861517876346602
mlp512x1,bbb,val,robust,0.08,0.25,robust_eps0p08_lam0p25,0.08,all,predictive_entropy,rho_pessimistic,5,-0.46822752545166,0.026317126431282666,-0.5009045538775604,-0.43555049702575965
mlp512x1,bbb,val,robust,0.08,0.25,robust_eps0p08_lam0p25,0.08,all,predictive_entropy,rho_optimistic,5,-0.348267861394035,0.060635719647579835,-0.4235570514856115,-0.27297867130245845
mlp512x1,bbb,val,robust,0.08,0.25,robust_eps0p08_lam0p25,0.08,clean_correct,predictive_entropy,rho_pessimistic,5,-0.4231289259682075,0.035925790002999856,-0.4677366860219611,-0.3785211659144539
mlp512x1,bbb,val,robust,0.08,0.25,robust_eps0p08_lam0p25,0.08,clean_correct,predictive_entropy,rho_optimistic,5,-0.26687909295564544,0.06862363437714918,-0.35208658918764973,-0.18167159672364114
mlp512x1,bbb,val,robust,0.08,0.25,robust_eps0p08_lam0p25,0.1,all,expected_entropy,rho_pessimistic,5,-0.38752105541927717,0.02990804729508717,-0.4246568010021624,-0.35038530983639193
mlp512x1,bbb,val,robust,0.08,0.25,robust_eps0p08_lam0p25,0.1,all,expected_entropy,rho_optimistic,5,-0.40524604660203956,0.08704428791127083,-0.5133258051507477,-0.29716628805333145
mlp512x1,bbb,val,robust,0.08,0.25,robust_eps0p08_lam0p25,0.1,clean_correct,expected_entropy,rho_pessimistic,5,-0.3513120126890663,0.03610898010981243,-0.3961472333032762,-0.3064767920748564
mlp512x1,bbb,val,robust,0.08,0.25,robust_eps0p08_lam0p25,0.1,clean_correct,expected_entropy,rho_optimistic,5,-0.34706449091054686,0.09575410713342135,-0.46595891841826237,-0.22817006340283136
mlp512x1,bbb,val,robust,0.08,0.25,robust_eps0p08_lam0p25,0.1,all,mutual_information,rho_pessimistic,5,-0.38213371904923593,0.08443814028119098,-0.4869775179116698,-0.27728992018680204
mlp512x1,bbb,val,robust,0.08,0.25,robust_eps0p08_lam0p25,0.1,all,mutual_information,rho_optimistic,5,-0.42629332426475797,0.12572171243877972,-0.5823974483925172,-0.2701892001369988
mlp512x1,bbb,val,robust,0.08,0.25,robust_eps0p08_lam0p25,0.1,clean_correct,mutual_information,rho_pessimistic,5,-0.3388312712692146,0.09148870752230272,-0.45242950564185175,-0.22523303689657742
mlp512x1,bbb,val,robust,0.08,0.25,robust_eps0p08_lam0p25,0.1,clean_correct,mutual_information,rho_optimistic,5,-0.360633613419771,0.13982953319850425,-0.5342549106779918,-0.18701231616155026
mlp512x1,bbb,val,robust,0.08,0.25,robust_eps0p08_lam0p25,0.1,all,one_minus_confidence,rho_pessimistic,5,-0.3701500757821757,0.03328237578114689,-0.4114756035643147,-0.3288245480000367
mlp512x1,bbb,val,robust,0.08,0.25,robust_eps0p08_lam0p25,0.1,all,one_minus_confidence,rho_optimistic,5,-0.4097092967401096,0.08809191691892361,-0.5190898585110941,-0.3003287349691251
mlp512x1,bbb,val,robust,0.08,0.25,robust_eps0p08_lam0p25,0.1,clean_correct,one_minus_confidence,rho_pessimistic,5,-0.3312454399988855,0.040035294547477035,-0.3809558238959712,-0.2815350561017998
mlp512x1,bbb,val,robust,0.08,0.25,robust_eps0p08_lam0p25,0.1,clean_correct,one_minus_confidence,rho_optimistic,5,-0.3500837453381493,0.0981789508569098,-0.4719890139985908,-0.2281784766777078
mlp512x1,bbb,val,robust,0.08,0.25,robust_eps0p08_lam0p25,0.1,all,predictive_entropy,rho_pessimistic,5,-0.38752105541927717,0.02990804729508717,-0.4246568010021624,-0.35038530983639193
mlp512x1,bbb,val,robust,0.08,0.25,robust_eps0p08_lam0p25,0.1,all,predictive_entropy,rho_optimistic,5,-0.40524604660203956,0.08704428791127083,-0.5133258051507477,-0.29716628805333145
mlp512x1,bbb,val,robust,0.08,0.25,robust_eps0p08_lam0p25,0.1,clean_correct,predictive_entropy,rho_pessimistic,5,-0.3513120126890663,0.03610898010981243,-0.3961472333032762,-0.3064767920748564
mlp512x1,bbb,val,robust,0.08,0.25,robust_eps0p08_lam0p25,0.1,clean_correct,predictive_entropy,rho_optimistic,5,-0.34706449091054686,0.09575410713342135,-0.46595891841826237,-0.22817006340283136
mlp512x1,bbb,val,standard,,,standard,0.01,all,expected_entropy,rho_pessimistic,5,-0.7367372108435357,0.019922640887278093,-0.7614744367824112,-0.7119999849046602
mlp512x1,bbb,val,standard,,,standard,0.01,all,expected_entropy,rho_optimistic,5,-0.47088698292752174,0.08399879730695754,-0.5751852654359862,-0.3665887004190573
mlp512x1,bbb,val,standard,,,standard,0.01,clean_correct,expected_entropy,rho_pessimistic,5,-0.6996478356733273,0.027943845385862417,-0.7343447024603251,-0.6649509688863295
mlp512x1,bbb,val,standard,,,standard,0.01,clean_correct,expected_entropy,rho_optimistic,4,-0.4065201003020438,0.08418912328532749,-0.5404837824742763,-0.27255641812981124
mlp512x1,bbb,val,standard,,,standard,0.01,all,mutual_information,rho_pessimistic,5,-0.726608713811099,0.02047129880285772,-0.7520271885310793,-0.7011902390911188
mlp512x1,bbb,val,standard,,,standard,0.01,all,mutual_information,rho_optimistic,5,-0.46870596019976796,0.08402772429413745,-0.5730401603067903,-0.3643717600927457
mlp512x1,bbb,val,standard,,,standard,0.01,clean_correct,mutual_information,rho_pessimistic,5,-0.6875809690040084,0.031244147194033553,-0.726375701729419,-0.6487862362785979
mlp512x1,bbb,val,standard,,,standard,0.01,clean_correct,mutual_information,rho_optimistic,4,-0.4025166999808122,0.08791307319081991,-0.5424060174619427,-0.26262738249968165
mlp512x1,bbb,val,standard,,,standard,0.01,all,one_minus_confidence,rho_pessimistic,5,-0.7385318517555737,0.019956252247697395,-0.7633108117106124,-0.7137528918005349
mlp512x1,bbb,val,standard,,,standard,0.01,all,one_minus_confidence,rho_optimistic,5,-0.4711443623591789,0.0840451997844162,-0.5755002611533312,-0.36678846356502653
mlp512x1,bbb,val,standard,,,standard,0.01,clean_correct,one_minus_confidence,rho_pessimistic,5,-0.7016121035022364,0.028624550695209954,-0.737154177565237,-0.6660700294392357
mlp512x1,bbb,val,standard,,,standard,0.01,clean_correct,one_minus_confidence,rho_optimistic,4,-0.4067650768264212,0.08417383805081059,-0.5407044367795969,-0.2728257168732455
mlp512x1,bbb,val,standard,,,standard,0.01,all,predictive_entropy,rho_pessimistic,5,-0.7378641105338497,0.020425599846584923,-0.7632258425050705,-0.7125023785626289
mlp512x1,bbb,val,standard,,,standard,0.01,all,predictive_entropy,rho_optimistic,5,-0.4708461543610019,0.0840050674695424,-0.5751522223046108,-0.36654008641739294
mlp512x1,bbb,val,standard,,,standard,0.01,clean_correct,predictive_entropy,rho_pessimistic,5,-0.7009975014397353,0.02805447948253329,-0.735831738601543,-0.6661632642779275
mlp512x1,bbb,val,standard,,,standard,0.01,clean_correct,predictive_entropy,rho_optimistic,4,-0.4065201003020438,0.08418912328532749,-0.5404837824742763,-0.27255641812981124
mlp512x1,bbb,val,standard,,,standard,0.05,all,expected_entropy,rho_pessimistic,0,,,,
mlp512x1,bbb,val,standard,,,standard,0.05,all,expected_entropy,rho_optimistic,5,-0.8592512618300127,0.016011138494231344,-0.8791317160685541,-0.8393708075914712
mlp512x1,bbb,val,standard,,,standard,0.05,clean_correct,expected_entropy,rho_pessimistic,0,,,,
mlp512x1,bbb,val,standard,,,standard,0.05,clean_correct,expected_entropy,rho_optimistic,5,-0.8464644152309416,0.021780879945790973,-0.8735089497088286,-0.8194198807530546
mlp512x1,bbb,val,standard,,,standard,0.05,all,mutual_information,rho_pessimistic,0,,,,
mlp512x1,bbb,val,standard,,,standard,0.05,all,mutual_information,rho_optimistic,5,-0.8257103979392119,0.027448540595690102,-0.8597922626001148,-0.791628533278309
mlp512x1,bbb,val,standard,,,standard,0.05,clean_correct,mutual_information,rho_pessimistic,0,,,,
mlp512x1,bbb,val,standard,,,standard,0.05,clean_correct,mutual_information,rho_optimistic,5,-0.809413948750587,0.033737787462051104,-0.8513049448212662,-0.7675229526799079
mlp512x1,bbb,val,standard,,,standard,0.05,all,one_minus_confidence,rho_pessimistic,0,,,,
mlp512x1,bbb,val,standard,,,standard,0.05,all,one_minus_confidence,rho_optimistic,5,-0.8537848186708763,0.016601492083840735,-0.8743982937078462,-0.8331713436339064
mlp512x1,bbb,val,standard,,,standard,0.05,clean_correct,one_minus_confidence,rho_pessimistic,0,,,,
mlp512x1,bbb,val,standard,,,standard,0.05,clean_correct,one_minus_confidence,rho_optimistic,5,-0.8403996360614403,0.022678110158371827,-0.8685582289923897,-0.812241043130491
mlp512x1,bbb,val,standard,,,standard,0.05,all,predictive_entropy,rho_pessimistic,0,,,,
mlp512x1,bbb,val,standard,,,standard,0.05,all,predictive_entropy,rho_optimistic,5,-0.855028831984499,0.015343024156993887,-0.8740797127038089,-0.835977951265189
mlp512x1,bbb,val,standard,,,standard,0.05,clean_correct,predictive_entropy,rho_pessimistic,0,,,,
mlp512x1,bbb,val,standard,,,standard,0.05,clean_correct,predictive_entropy,rho_optimistic,5,-0.8418488932596248,0.021014623808172466,-0.8679419950780282,-0.8157557914412213
mlp512x1,bbb,val,standard,,,standard,0.07,all,expected_entropy,rho_pessimistic,0,,,,
mlp512x1,bbb,val,standard,,,standard,0.07,all,expected_entropy,rho_optimistic,5,-0.7168375551828322,0.0559426642205677,-0.786299547309113,-0.6473755630565514
mlp512x1,bbb,val,standard,,,standard,0.07,clean_correct,expected_entropy,rho_pessimistic,0,,,,
mlp512x1,bbb,val,standard,,,standard,0.07,clean_correct,expected_entropy,rho_optimistic,5,-0.7168404032048942,0.05971068077670771,-0.7909810058335697,-0.6426998005762187
mlp512x1,bbb,val,standard,,,standard,0.07,all,mutual_information,rho_pessimistic,0,,,,
mlp512x1,bbb,val,standard,,,standard,0.07,all,mutual_information,rho_optimistic,5,-0.6790488110792454,0.07112470123649542,-0.7673617919876006,-0.5907358301708903
mlp512x1,bbb,val,standard,,,standard,0.07,clean_correct,mutual_information,rho_pessimistic,0,,,,
mlp512x1,bbb,val,standard,,,standard,0.07,clean_correct,mutual_information,rho_optimistic,5,-0.6766625449031661,0.07588510253292612,-0.7708863447183018,-0.5824387450880305
mlp512x1,bbb,val,standard,,,standard,0.07,all,one_minus_confidence,rho_pessimistic,0,,,,
mlp512x1,bbb,val,standard,,,standard,0.07,all,one_minus_confidence,rho_optimistic,5,-0.7078733801955989,0.0584036515449872,-0.7803910916826471,-0.6353556687085506
mlp512x1,bbb,val,standard,,,standard,0.07,clean_correct,one_minus_confidence,rho_pessimistic,0,,,,
mlp512x1,bbb,val,standard,,,standard,0.07,clean_correct,one_minus_confidence,rho_optimistic,5,-0.7073230979689282,0.06234169261072103,-0.7847305332707462,-0.6299156626671103
mlp512x1,bbb,val,standard,,,standard,0.07,all,predictive_entropy,rho_pessimistic,0,,,,
mlp512x1,bbb,val,standard,,,standard,0.07,all,predictive_entropy,rho_optimistic,5,-0.711335465358916,0.05750804142090359,-0.7827411299984628,-0.6399298007193692
mlp512x1,bbb,val,standard,,,standard,0.07,clean_correct,predictive_entropy,rho_pessimistic,0,,,,
mlp512x1,bbb,val,standard,,,standard,0.07,clean_correct,predictive_entropy,rho_optimistic,5,-0.7110250977379151,0.06136398504801316,-0.7872185487583472,-0.634831646717483
mlp512x1,bbb,val,standard,,,standard,0.08,all,expected_entropy,rho_pessimistic,0,,,,
mlp512x1,bbb,val,standard,,,standard,0.08,all,expected_entropy,rho_optimistic,5,-0.647411416533592,0.03732818506924259,-0.6937604800523578,-0.6010623530148262
mlp512x1,bbb,val,standard,,,standard,0.08,clean_correct,expected_entropy,rho_pessimistic,0,,,,
mlp512x1,bbb,val,standard,,,standard,0.08,clean_correct,expected_entropy,rho_optimistic,5,-0.6518395114430833,0.039227256785873584,-0.7005465839423968,-0.6031324389437698
mlp512x1,bbb,val,standard,,,standard,0.08,all,mutual_information,rho_pessimistic,0,,,,
mlp512x1,bbb,val,standard,,,standard,0.08,all,mutual_information,rho_optimistic,5,-0.6285365562920927,0.04101267777194179,-0.6794605217514446,-0.5776125908327409
mlp512x1,bbb,val,standard,,,standard,0.08,clean_correct,mutual_information,rho_pessimistic,0,,,,
mlp512x1,bbb,val,standard,,,standard,0.08,clean_correct,mutual_information,rho_optimistic,5,-0.6319545145342467,0.04360108796008734,-0.6860924157368027,-0.5778166133316907
mlp512x1,bbb,val,standard,,,standard,0.08,all,one_minus_confidence,rho_pessimistic,0,,,,
mlp512x1,bbb,val,standard,,,standard,0.08,all,one_minus_confidence,rho_optimistic,5,-0.6442033106543492,0.03857815707855552,-0.6921044194158413,-0.5963022018928571
mlp512x1,bbb,val,standard,,,standard,0.08,clean_correct,one_minus_confidence,rho_pessimistic,0,,,,
mlp512x1,bbb,val,standard,,,standard,0.08,clean_correct,one_minus_confidence,rho_optimistic,5,-0.6484200902082751,0.04051722166893043,-0.6987288656618275,-0.5981113147547227
mlp512x1,bbb,val,standard,,,standard,0.08,all,predictive_entropy,rho_pessimistic,0,,,,
mlp512x1,bbb,val,standard,,,standard,0.08,all,predictive_entropy,rho_optimistic,5,-0.6462146519713948,0.039429125563394674,-0.6951723776641177,-0.597256926278672
mlp512x1,bbb,val,standard,,,standard,0.08,clean_correct,predictive_entropy,rho_pessimistic,0,,,,
mlp512x1,bbb,val,standard,,,standard,0.08,clean_correct,predictive_entropy,rho_optimistic,5,-0.6505718762325723,0.04147710118741474,-0.7020724995268398,-0.5990712529383048
mlp512x1,bbb,val,standard,,,standard,0.1,all,expected_entropy,rho_pessimistic,0,,,,
mlp512x1,bbb,val,standard,,,standard,0.1,all,expected_entropy,rho_optimistic,5,-0.45838873623701926,0.048101321232905954,-0.5181144150779529,-0.39866305739608565
mlp512x1,bbb,val,standard,,,standard,0.1,clean_correct,expected_entropy,rho_pessimistic,0,,,,
mlp512x1,bbb,val,standard,,,standard,0.1,clean_correct,expected_entropy,rho_optimistic,5,-0.4653370420430106,0.04943131659881469,-0.5267141282475709,-0.40395995583845024
mlp512x1,bbb,val,standard,,,standard,0.1,all,mutual_information,rho_pessimistic,0,,,,
mlp512x1,bbb,val,standard,,,standard,0.1,all,mutual_information,rho_optimistic,5,-0.45158079889952907,0.05812998596917814,-0.5237587096935475,-0.37940288810551065
mlp512x1,bbb,val,standard,,,standard,0.1,clean_correct,mutual_information,rho_pessimistic,0,,,,
mlp512x1,bbb,val,standard,,,standard,0.1,clean_correct,mutual_information,rho_optimistic,5,-0.45824916847346725,0.06017026227367214,-0.5329604169011641,-0.38353792004577036
mlp512x1,bbb,val,standard,,,standard,0.1,all,one_minus_confidence,rho_pessimistic,0,,,,
mlp512x1,bbb,val,standard,,,standard,0.1,all,one_minus_confidence,rho_optimistic,5,-0.452404562497716,0.047230363231759075,-0.511048804144678,-0.39376032085075396
mlp512x1,bbb,val,standard,,,standard,0.1,clean_correct,one_minus_confidence,rho_pessimistic,0,,,,
mlp512x1,bbb,val,standard,,,standard,0.1,clean_correct,one_minus_confidence,rho_optimistic,5,-0.4589589395360572,0.04832863086552924,-0.5189668605642641,-0.3989510185078503
mlp512x1,bbb,val,standard,,,standard,0.1,all,predictive_entropy,rho_pessimistic,0,,,,
mlp512x1,bbb,val,standard,,,standard,0.1,all,predictive_entropy,rho_optimistic,5,-0.457429368993581,0.04860792642176603,-0.5177840812588254,-0.39707465672833664
mlp512x1,bbb,val,standard,,,standard,0.1,clean_correct,predictive_entropy,rho_pessimistic,0,,,,
mlp512x1,bbb,val,standard,,,standard,0.1,clean_correct,predictive_entropy,rho_optimistic,5,-0.46434860580981685,0.050028141930531525,-0.526466748541986,-0.4022304630776477
mlp512x1,deterministic,val,robust,0.08,0.25,robust_eps0p08_lam0p25,0.01,all,expected_entropy,rho_pessimistic,5,-0.2956297664030356,0.02802345670416591,-0.3304254836978203,-0.2608340491082509
mlp512x1,deterministic,val,robust,0.08,0.25,robust_eps0p08_lam0p25,0.01,all,expected_entropy,rho_optimistic,5,-0.2956297664030356,0.02802345670416591,-0.3304254836978203,-0.2608340491082509
mlp512x1,deterministic,val,robust,0.08,0.25,robust_eps0p08_lam0p25,0.01,clean_correct,expected_entropy,rho_pessimistic,0,,,,
mlp512x1,deterministic,val,robust,0.08,0.25,robust_eps0p08_lam0p25,0.01,clean_correct,expected_entropy,rho_optimistic,0,,,,
mlp512x1,deterministic,val,robust,0.08,0.25,robust_eps0p08_lam0p25,0.01,all,mutual_information,rho_pessimistic,5,0.00848711479314149,0.04284737051980084,-0.04471492259899251,0.0616891521852755
mlp512x1,deterministic,val,robust,0.08,0.25,robust_eps0p08_lam0p25,0.01,all,mutual_information,rho_optimistic,5,0.00848711479314149,0.04284737051980084,-0.04471492259899251,0.0616891521852755
mlp512x1,deterministic,val,robust,0.08,0.25,robust_eps0p08_lam0p25,0.01,clean_correct,mutual_information,rho_pessimistic,0,,,,
mlp512x1,deterministic,val,robust,0.08,0.25,robust_eps0p08_lam0p25,0.01,clean_correct,mutual_information,rho_optimistic,0,,,,
mlp512x1,deterministic,val,robust,0.08,0.25,robust_eps0p08_lam0p25,0.01,all,one_minus_confidence,rho_pessimistic,5,-0.31943388798027583,0.03588476536026326,-0.36399070921210425,-0.2748770667484474
mlp512x1,deterministic,val,robust,0.08,0.25,robust_eps0p08_lam0p25,0.01,all,one_minus_confidence,rho_optimistic,5,-0.31943388798027583,0.03588476536026326,-0.36399070921210425,-0.2748770667484474
mlp512x1,deterministic,val,robust,0.08,0.25,robust_eps0p08_lam0p25,0.01,clean_correct,one_minus_confidence,rho_pessimistic,0,,,,
mlp512x1,deterministic,val,robust,0.08,0.25,robust_eps0p08_lam0p25,0.01,clean_correct,one_minus_confidence,rho_optimistic,0,,,,
mlp512x1,deterministic,val,robust,0.08,0.25,robust_eps0p08_lam0p25,0.01,all,predictive_entropy,rho_pessimistic,5,-0.2956297664030356,0.02802345670416591,-0.3304254836978203,-0.2608340491082509
mlp512x1,deterministic,val,robust,0.08,0.25,robust_eps0p08_lam0p25,0.01,all,predictive_entropy,rho_optimistic,5,-0.2956297664030356,0.02802345670416591,-0.3304254836978203,-0.2608340491082509
mlp512x1,deterministic,val,robust,0.08,0.25,robust_eps0p08_lam0p25,0.01,clean_correct,predictive_entropy,rho_pessimistic,0,,,,
mlp512x1,deterministic,val,robust,0.08,0.25,robust_eps0p08_lam0p25,0.01,clean_correct,predictive_entropy,rho_optimistic,0,,,,
mlp512x1,deterministic,val,robust,0.08,0.25,robust_eps0p08_lam0p25,0.05,all,expected_entropy,rho_pessimistic,5,-0.3450870094238998,0.0584560028767974,-0.4176697236749148,-0.2725042951728848
mlp512x1,deterministic,val,robust,0.08,0.25,robust_eps0p08_lam0p25,0.05,all,expected_entropy,rho_optimistic,5,-0.31365883302379977,0.03462950906003172,-0.3566570476991122,-0.2706606183484873
mlp512x1,deterministic,val,robust,0.08,0.25,robust_eps0p08_lam0p25,0.05,clean_correct,expected_entropy,rho_pessimistic,3,-0.24392610157251668,0.0060790273556231116,-0.2590272426773819,-0.2288249604676514
mlp512x1,deterministic,val,robust,0.08,0.25,robust_eps0p08_lam0p25,0.05,clean_correct,expected_entropy,rho_optimistic,1,-0.24743582965269678,,,
mlp512x1,deterministic,val,robust,0.08,0.25,robust_eps0p08_lam0p25,0.05,all,mutual_information,rho_pessimistic,5,0.02756715136351041,0.10344007643579878,-0.10087066751826644,0.15600497024528726
mlp512x1,deterministic,val,robust,0.08,0.25,robust_eps0p08_lam0p25,0.05,all,mutual_information,rho_optimistic,5,0.025056072597240863,0.0226540623673845,-0.0030726610574032046,0.05318480625188493
mlp512x1,deterministic,val,robust,0.08,0.25,robust_eps0p08_lam0p25,0.05,clean_correct,mutual_information,rho_pessimistic,3,0.05439973710646293,0.23101617165691216,-0.5194762469306603,0.6282757211435862
mlp512x1,deterministic,val,robust,0.08,0.25,robust_eps0p08_lam0p25,0.05,clean_correct,mutual_information,rho_optimistic,1,0.13162194724901732,,,
mlp512x1,deterministic,val,robust,0.08,0.25,robust_eps0p08_lam0p25,0.05,all,one_minus_confidence,rho_pessimistic,5,-0.37414250140048,0.06838434900254797,-0.4590528855975453,-0.2892321172034147
mlp512x1,deterministic,val,robust,0.08,0.25,robust_eps0p08_lam0p25,0.05,all,one_minus_confidence,rho_optimistic,5,-0.3384379393627291,0.037097145052554376,-0.3845001288106287,-0.29237574991482945
mlp512x1,deterministic,val,robust,0.08,0.25,robust_eps0p08_lam0p25,0.05,clean_correct,one_minus_confidence,rho_pessimistic,3,-0.27066925210921616,0.007096251467310536,-0.2882973179912259,-0.25304118622720645
mlp512x1,deterministic,val,robust,0.08,0.25,robust_eps0p08_lam0p25,0.05,clean_correct,one_minus_confidence,rho_optimistic,1,-0.26272533032097484,,,
mlp512x1,deterministic,val,robust,0.08,0.25,robust_eps0p08_lam0p25,0.05,all,predictive_entropy,rho_pessimistic,5,-0.3450870094238998,0.0584560028767974,-0.4176697236749148,-0.2725042951728848
mlp512x1,deterministic,val,robust,0.08,0.25,robust_eps0p08_lam0p25,0.05,all,predictive_entropy,rho_optimistic,5,-0.31365883302379977,0.03462950906003172,-0.3566570476991122,-0.2706606183484873
mlp512x1,deterministic,val,robust,0.08,0.25,robust_eps0p08_lam0p25,0.05,clean_correct,predictive_entropy,rho_pessimistic,3,-0.24392610157251668,0.0060790273556231116,-0.2590272426773819,-0.2288249604676514
mlp512x1,deterministic,val,robust,0.08,0.25,robust_eps0p08_lam0p25,0.05,clean_correct,predictive_entropy,rho_optimistic,1,-0.24743582965269678,,,
mlp512x1,deterministic,val,robust,0.08,0.25,robust_eps0p08_lam0p25,0.07,all,expected_entropy,rho_pessimistic,5,-0.38584031409407393,0.08261167424171927,-0.48841625583135395,-0.2832643723567939
mlp512x1,deterministic,val,robust,0.08,0.25,robust_eps0p08_lam0p25,0.07,all,expected_entropy,rho_optimistic,5,-0.36163201742091244,0.05816951993968969,-0.43385901612282113,-0.28940501871900376
mlp512x1,deterministic,val,robust,0.08,0.25,robust_eps0p08_lam0p25,0.07,clean_correct,expected_entropy,rho_pessimistic,4,-0.2950397715804645,0.06531701639648052,-0.39897372033203193,-0.19110582282889713
mlp512x1,deterministic,val,robust,0.08,0.25,robust_eps0p08_lam0p25,0.07,clean_correct,expected_entropy,rho_optimistic,4,-0.24480353359256168,0.0052645921202701534,-0.2531806744635514,-0.23642639272157195
mlp512x1,deterministic,val,robust,0.08,0.25,robust_eps0p08_lam0p25,0.07,all,mutual_information,rho_pessimistic,5,-0.03494788100370945,0.1365631236762546,-0.20451339515476286,0.13461763314734393
mlp512x1,deterministic,val,robust,0.08,0.25,robust_eps0p08_lam0p25,0.07,all,mutual_information,rho_optimistic,5,-0.0022669711072628106,0.12070054603632789,-0.1521364936841072,0.14760255146958157
mlp512x1,deterministic,val,robust,0.08,0.25,robust_eps0p08_lam0p25,0.07,clean_correct,mutual_information,rho_pessimistic,4,-0.06968863205741102,0.23176045105921342,-0.4384712276495507,0.2990939635347286
mlp512x1,deterministic,val,robust,0.08,0.25,robust_eps0p08_lam0p25,0.07,clean_correct,mutual_information,rho_optimistic,4,-0.02106419147918507,0.24157441734379986,-0.4054629974426053,0.3633346144842351
mlp512x1,deterministic,val,robust,0.08,0.25,robust_eps0p08_lam0p25,0.07,all,one_minus_confidence,rho_pessimistic,5,-0.41904487983438676,0.09484483494132182,-0.5368102967966044,-0.30127946287216906
mlp512x1,deterministic,val,robust,0.08,0.25,robust_eps0p08_lam0p25,0.07,all,one_minus_confidence,rho_optimistic,5,-0.3921678137955529,0.0686933260858465,-0.47746184371322,-0.3068737838778858
mlp512x1,deterministic,val,robust,0.08,0.25,robust_eps0p08_lam0p25,0.07,clean_correct,one_minus_confidence,rho_pessimistic,4,-0.3274970278945678,0.0712293257135788,-0.4408387801170821,-0.21415527567205347
mlp512x1,deterministic,val,robust,0.08,0.25,robust_eps0p08_lam0p25,0.07,clean_correct,one_minus_confidence,rho_optimistic,4,-0.27123176418267364,0.005902276616358564,-0.28062360338792003,-0.26183992497742725
mlp512x1,deterministic,val,robust,0.08,0.25,robust_eps0p08_lam0p25,0.07,all,predictive_entropy,rho_pessimistic,5,-0.38584031409407393,0.08261167424171927,-0.48841625583135395,-0.2832643723567939
mlp512x1,deterministic,val,robust,0.08,0.25,robust_eps0p08_lam0p25,0.07,all,predictive_entropy,rho_optimistic,5,-0.36163201742091244,0.05816951993968969,-0.43385901612282113,-0.28940501871900376
mlp512x1,deterministic,val,robust,0.08,0.25,robust_eps0p08_lam0p25,0.07,clean_correct,predictive_entropy,rho_pessimistic,4,-0.2950397715804645,0.06531701639648052,-0.39897372033203193,-0.19110582282889713
mlp512x1,deterministic,val,robust,0.08,0.25,robust_eps0p08_lam0p25,0.07,clean_correct,predictive_entropy,rho_optimistic,4,-0.24480353359256168,0.0052645921202701534,-0.2531806744635514,-0.23642639272157195
mlp512x1,deterministic,val,robust,0.08,0.25,robust_eps0p08_lam0p25,0.08,all,expected_entropy,rho_pessimistic,5,-0.42376950148204673,0.05761627822857673,-0.4953095598689618,-0.35222944309513166
mlp512x1,deterministic,val,robust,0.08,0.25,robust_eps0p08_lam0p25,0.08,all,expected_entropy,rho_optimistic,5,-0.36798519291931875,0.06473741868709694,-0.4483673150397306,-0.2876030707989069
mlp512x1,deterministic,val,robust,0.08,0.25,robust_eps0p08_lam0p25,0.08,clean_correct,expected_entropy,rho_pessimistic,5,-0.32087559956104894,0.06647823338913128,-0.4034192286245207,-0.2383319704975772
mlp512x1,deterministic,val,robust,0.08,0.25,robust_eps0p08_lam0p25,0.08,clean_correct,expected_entropy,rho_optimistic,4,-0.2600373859458871,0.03260261215044049,-0.31191541723627064,-0.20815935465550356
mlp512x1,deterministic,val,robust,0.08,0.25,robust_eps0p08_lam0p25,0.08,all,mutual_information,rho_pessimistic,5,-0.06332640953941795,0.14969974760946045,-0.249203196686275,0.12255037760743909
mlp512x1,deterministic,val,robust,0.08,0.25,robust_eps0p08_lam0p25,0.08,all,mutual_information,rho_optimistic,5,0.024791616643262383,0.17214528086573083,-0.1889549810683909,0.23853821435491565
mlp512x1,deterministic,val,robust,0.08,0.25,robust_eps0p08_lam0p25,0.08,clean_correct,mutual_information,rho_pessimistic,5,-0.07766021242930685,0.21112229364772145,-0.33980316366988583,0.1844827388112721
mlp512x1,deterministic,val,robust,0.08,0.25,robust_eps0p08_lam0p25,0.08,clean_correct,mutual_information,rho_optimistic,4,0.013877151661659412,0.29543072757511823,-0.4562190620576969,0.48397336538101576
mlp512x1,deterministic,val,robust,0.08,0.25,robust_eps0p08_lam0p25,0.08,all,one_minus_confidence,rho_pessimistic,5,-0.4474892421786537,0.07891437301901957,-0.5454743780971928,-0.34950410626011463
mlp512x1,deterministic,val,robust,0.08,0.25,robust_eps0p08_lam0p25,0.08,all,one_minus_confidence,rho_optimistic,5,-0.3990890220861713,0.07555076092733606,-0.49289768196654415,-0.30528036220579846
mlp512x1,deterministic,val,robust,0.08,0.25,robust_eps0p08_lam0p25,0.08,clean_correct,one_minus_confidence,rho_pessimistic,5,-0.3374094599847731,0.0963029488161827,-0.456985364450687,-0.21783355551885925
mlp512x1,deterministic,val,robust,0.08,0.25,robust_eps0p08_lam0p25,0.08,clean_correct,one_minus_confidence,rho_optimistic,4,-0.28803344493017596,0.03519694006831069,-0.3440396308690197,-0.23202725899133222
mlp512x1,deterministic,val,robust,0.08,0.25,robust_eps0p08_lam0p25,0.08,all,predictive_entropy,rho_pessimistic,5,-0.42376950148204673,0.05761627822857673,-0.4953095598689618,-0.35222944309513166
mlp512x1,deterministic,val,robust,0.08,0.25,robust_eps0p08_lam0p25,0.08,all,predictive_entropy,rho_optimistic,5,-0.36798519291931875,0.06473741868709694,-0.4483673150397306,-0.2876030707989069
mlp512x1,deterministic,val,robust,0.08,0.25,robust_eps0p08_lam0p25,0.08,clean_correct,predictive_entropy,rho_pessimistic,5,-0.32087559956104894,0.06647823338913128,-0.4034192286245207,-0.2383319704975772
mlp512x1,deterministic,val,robust,0.08,0.25,robust_eps0p08_lam0p25,0.08,clean_correct,predictive_entropy,rho_optimistic,4,-0.2600373859458871,0.03260261215044049,-0.31191541723627064,-0.20815935465550356
mlp512x1,deterministic,val,robust,0.08,0.25,robust_eps0p08_lam0p25,0.1,all,expected_entropy,rho_pessimistic,5,-0.46101176964194046,0.05790931021359309,-0.5329156752949725,-0.3891078639889084
mlp512x1,deterministic,val,robust,0.08,0.25,robust_eps0p08_lam0p25,0.1,all,expected_entropy,rho_optimistic,5,-0.33328508771391563,0.07946795433964542,-0.43195758562835396,-0.23461258979947733
mlp512x1,deterministic,val,robust,0.08,0.25,robust_eps0p08_lam0p25,0.1,clean_correct,expected_entropy,rho_pessimistic,5,-0.39740200075226956,0.05652652771597905,-0.467588955160668,-0.3272150463438711
mlp512x1,deterministic,val,robust,0.08,0.25,robust_eps0p08_lam0p25,0.1,clean_correct,expected_entropy,rho_optimistic,5,-0.1916985822548904,0.10159133904341962,-0.317840890474417,-0.06555627403536382
mlp512x1,deterministic,val,robust,0.08,0.25,robust_eps0p08_lam0p25,0.1,all,mutual_information,rho_pessimistic,5,0.05356178216868872,0.2349285066803214,-0.23814048672803884,0.3452640510654163
mlp512x1,deterministic,val,robust,0.08,0.25,robust_eps0p08_lam0p25,0.1,all,mutual_information,rho_optimistic,5,-0.0021971227835571815,0.25180722481507267,-0.31485708832403436,0.31046284275692004
mlp512x1,deterministic,val,robust,0.08,0.25,robust_eps0p08_lam0p25,0.1,clean_correct,mutual_information,rho_pessimistic,5,0.05698971370905227,0.2720652013989867,-0.28082385203212584,0.39480327945023036
mlp512x1,deterministic,val,robust,0.08,0.25,robust_eps0p08_lam0p25,0.1,clean_correct,mutual_information,rho_optimistic,5,0.008424453845386305,0.33326144342713276,-0.4053742824475049,0.4222231901382775
mlp512x1,deterministic,val,robust,0.08,0.25,robust_eps0p08_lam0p25,0.1,all,one_minus_confidence,rho_pessimistic,5,-0.44785589308075846,0.06383953079284478,-0.5271231401284544,-0.3685886460330625
mlp512x1,deterministic,val,robust,0.08,0.25,robust_eps0p08_lam0p25,0.1,all,one_minus_confidence,rho_optimistic,5,-0.34613186114376293,0.11085294610206184,-0.4837739734135154,-0.20848974887401045
mlp512x1,deterministic,val,robust,0.08,0.25,robust_eps0p08_lam0p25,0.1,clean_correct,one_minus_confidence,rho_pessimistic,5,-0.37625227770650554,0.06217781958526563,-0.4534562377723388,-0.2990483176406723
mlp512x1,deterministic,val,robust,0.08,0.25,robust_eps0p08_lam0p25,0.1,clean_correct,one_minus_confidence,rho_optimistic,5,-0.19272116186488497,0.1384618602734975,-0.3646442688908068,-0.02079805483896316
mlp512x1,deterministic,val,robust,0.08,0.25,robust_eps0p08_lam0p25,0.1,all,predictive_entropy,rho_pessimistic,5,-0.46168089708882076,0.05718502178885974,-0.5326854798805457,-0.3906763142970958
mlp512x1,deterministic,val,robust,0.08,0.25,robust_eps0p08_lam0p25,0.1,all,predictive_entropy,rho_optimistic,5,-0.33328508771391563,0.07946795433964542,-0.43195758562835396,-0.23461258979947733
mlp512x1,deterministic,val,robust,0.08,0.25,robust_eps0p08_lam0p25,0.1,clean_correct,predictive_entropy,rho_pessimistic,5,-0.39817258493709123,0.05571691240198656,-0.4673542691577107,-0.32899090071647175
mlp512x1,deterministic,val,robust,0.08,0.25,robust_eps0p08_lam0p25,0.1,clean_correct,predictive_entropy,rho_optimistic,5,-0.1916985822548904,0.10159133904341962,-0.317840890474417,-0.06555627403536382
mlp512x1,deterministic,val,standard,,,standard,0.01,all,expected_entropy,rho_pessimistic,5,-0.3799693306493408,0.05918381656449011,-0.45345574495376373,-0.30648291634491787
mlp512x1,deterministic,val,standard,,,standard,0.01,all,expected_entropy,rho_optimistic,5,-0.33665016461206926,0.0038737581753331436,-0.34146007067612794,-0.3318402585480106
mlp512x1,deterministic,val,standard,,,standard,0.01,clean_correct,expected_entropy,rho_pessimistic,4,-0.270879560205244,0.050216953981981116,-0.3507859400365229,-0.1909731803739651
mlp512x1,deterministic,val,standard,,,standard,0.01,clean_correct,expected_entropy,rho_optimistic,2,-0.2449489742783178,0.0,-0.2449489742783178,-0.2449489742783178
mlp512x1,deterministic,val,standard,,,standard,0.01,all,mutual_information,rho_pessimistic,5,-0.028196839039621696,0.19341329125393827,-0.2683511595637358,0.21195748148449242
mlp512x1,deterministic,val,standard,,,standard,0.01,all,mutual_information,rho_optimistic,5,-0.035364824515746615,0.18239321085948845,-0.26183590795676126,0.19110625892526806
mlp512x1,deterministic,val,standard,,,standard,0.01,clean_correct,mutual_information,rho_pessimistic,4,-0.0006401005020426689,0.1706835391636454,-0.27223569979408785,0.2709554987900025
mlp512x1,deterministic,val,standard,,,standard,0.01,clean_correct,mutual_information,rho_optimistic,2,-0.03061849139929411,0.2309542850467207,-2.1056604147536504,2.044423431955062
mlp512x1,deterministic,val,standard,,,standard,0.01,all,one_minus_confidence,rho_pessimistic,5,-0.41127761458982864,0.060003074498946804,-0.4857812719767093,-0.336773957202948
mlp512x1,deterministic,val,standard,,,standard,0.01,all,one_minus_confidence,rho_optimistic,5,-0.36489897255710735,0.013560474943512889,-0.3817365260930115,-0.3480614190212032
mlp512x1,deterministic,val,standard,,,standard,0.01,clean_correct,one_minus_confidence,rho_pessimistic,4,-0.29369935727476204,0.04566256147134137,-0.3663586822968923,-0.22104003225263177
mlp512x1,deterministic,val,standard,,,standard,0.01,clean_correct,one_minus_confidence,rho_optimistic,2,-0.2646716034654985,0.007863592106888003,-0.3353231754276733,-0.19402003150332373
mlp512x1,deterministic,val,standard,,,standard,0.01,all,predictive_entropy,rho_pessimistic,5,-0.3799693306493408,0.05918381656449011,-0.45345574495376373,-0.30648291634491787
mlp512x1,deterministic,val,standard,,,standard,0.01,all,predictive_entropy,rho_optimistic,5,-0.33665016461206926,0.0038737581753331436,-0.34146007067612794,-0.3318402585480106
mlp512x1,deterministic,val,standard,,,standard,0.01,clean_correct,predictive_entropy,rho_pessimistic,4,-0.270879560205244,0.050216953981981116,-0.3507859400365229,-0.1909731803739651
mlp512x1,deterministic,val,standard,,,standard,0.01,clean_correct,predictive_entropy,rho_optimistic,2,-0.2449489742783178,0.0,-0.2449489742783178,-0.2449489742783178
mlp512x1,deterministic,val,standard,,,standard,0.05,all,expected_entropy,rho_pessimistic,2,-0.24253562503633297,0.0,-0.24253562503633297,-0.24253562503633297
mlp512x1,deterministic,val,standard,,,standard,0.05,all,expected_entropy,rho_optimistic,5,-0.7517718403152134,0.03148198523050864,-0.7908618879679186,-0.7126817926625082
mlp512x1,deterministic,val,standard,,,standard,0.05,clean_correct,expected_entropy,rho_pessimistic,2,-0.2461924019655073,0.0017584722990535888,-0.2619916487335652,-0.23039315519744943
mlp512x1,deterministic,val,standard,,,standard,0.05,clean_correct,expected_entropy,rho_optimistic,5,-0.7410007277320094,0.03606852225654886,-0.7857857132863774,-0.6962157421776415
mlp512x1,deterministic,val,standard,,,standard,0.05,all,mutual_information,rho_pessimistic,2,0.07425094790107654,0.042002679016304216,-0.3031281504533711,0.4516300462555242
mlp512x1,deterministic,val,standard,,,standard,0.05,all,mutual_information,rho_optimistic,5,0.2170457778664332,0.2658399027869601,-0.11303805871012368,0.54712961444299
mlp512x1,deterministic,val,standard,,,standard,0.05,clean_correct,mutual_information,rho_pessimistic,2,0.0798310299772637,0.0458853509967702,-0.3324324920737193,0.4920945520282467
mlp512x1,deterministic,val,standard,,,standard,0.05,clean_correct,mutual_information,rho_optimistic,5,0.2297516077980694,0.2989990296789323,-0.14150472285211962,0.6010079384482585
mlp512x1,deterministic,val,standard,,,standard,0.05,all,one_minus_confidence,rho_pessimistic,2,-0.1393040496136154,0.02051244783620222,-0.32360108139256016,0.044992982165329376
mlp512x1,deterministic,val,standard,,,standard,0.05,all,one_minus_confidence,rho_optimistic,5,-0.7203360837513719,0.049452253579773425,-0.7817391666514198,-0.658933000851324
mlp512x1,deterministic,val,standard,,,standard,0.05,clean_correct,one_minus_confidence,rho_pessimistic,2,-0.13863699346213865,0.020903008220322924,-0.32644307107016557,0.04916908414588825
mlp512x1,deterministic,val,standard,,,standard,0.05,clean_correct,one_minus_confidence,rho_optimistic,5,-0.7076215805663107,0.055228288921636746,-0.7761965586027029,-0.6390466025299186
mlp512x1,deterministic,val,standard,,,standard,0.05,all,predictive_entropy,rho_pessimistic,2,-0.24253562503633297,0.0,-0.24253562503633297,-0.24253562503633297
mlp512x1,deterministic,val,standard,,,standard,0.05,all,predictive_entropy,rho_optimistic,5,-0.7517718403152134,0.03148198523050864,-0.7908618879679186,-0.7126817926625082
mlp512x1,deterministic,val,standard,,,standard,0.05,clean_correct,predictive_entropy,rho_pessimistic,2,-0.2461924019655073,0.0017584722990535888,-0.2619916487335652,-0.23039315519744943
mlp512x1,deterministic,val,standard,,,standard,0.05,clean_correct,predictive_entropy,rho_optimistic,5,-0.7410007277320094,0.03606852225654886,-0.7857857132863774,-0.6962157421776415
mlp512x1,deterministic,val,standard,,,standard,0.07,all,expected_entropy,rho_pessimistic,0,,,,
mlp512x1,deterministic,val,standard,,,standard,0.07,all,expected_entropy,rho_optimistic,5,-0.6395177981055179,0.044526980266312945,-0.6948053464509282,-0.5842302497601076
mlp512x1,deterministic,val,standard,,,standard,0.07,clean_correct,expected_entropy,rho_pessimistic,0,,,,
mlp512x1,deterministic,val,standard,,,standard,0.07,clean_correct,expected_entropy,rho_optimistic,5,-0.642684702622697,0.04502780215916455,-0.6985941034819733,-0.5867753017634206
mlp512x1,deterministic,val,standard,,,standard,0.07,all,mutual_information,rho_pessimistic,0,,,,
mlp512x1,deterministic,val,standard,,,standard,0.07,all,mutual_information,rho_optimistic,5,0.15147004993051766,0.1219361410222675,6.63335432709855e-05,0.3028737663177643
mlp512x1,deterministic,val,standard,,,standard,0.07,clean_correct,mutual_information,rho_pessimistic,0,,,,
mlp512x1,deterministic,val,standard,,,standard,0.07,clean_correct,mutual_information,rho_optimistic,5,0.15747267037008647,0.13498759699983742,-0.010136569028650094,0.325081909768823
mlp512x1,deterministic,val,standard,,,standard,0.07,all,one_minus_confidence,rho_pessimistic,0,,,,
mlp512x1,deterministic,val,standard,,,standard,0.07,all,one_minus_confidence,rho_optimistic,5,-0.4667467066386398,0.07295261924223854,-0.5573293475263946,-0.376164065750885
mlp512x1,deterministic,val,standard,,,standard,0.07,clean_correct,one_minus_confidence,rho_pessimistic,0,,,,
mlp512x1,deterministic,val,standard,,,standard,0.07,clean_correct,one_minus_confidence,rho_optimistic,5,-0.4620393666708004,0.07436654038981104,-0.5543776225437949,-0.36970111079780593
mlp512x1,deterministic,val,standard,,,standard,0.07,all,predictive_entropy,rho_pessimistic,0,,,,
mlp512x1,deterministic,val,standard,,,standard,0.07,all,predictive_entropy,rho_optimistic,5,-0.6395177981055179,0.044526980266312945,-0.6948053464509282,-0.5842302497601076
mlp512x1,deterministic,val,standard,,,standard,0.07,clean_correct,predictive_entropy,rho_pessimistic,0,,,,
mlp512x1,deterministic,val,standard,,,standard,0.07,clean_correct,predictive_entropy,rho_optimistic,5,-0.642684702622697,0.04502780215916455,-0.6985941034819733,-0.5867753017634206
mlp512x1,deterministic,val,standard,,,standard,0.08,all,expected_entropy,rho_pessimistic,0,,,,
mlp512x1,deterministic,val,standard,,,standard,0.08,all,expected_entropy,rho_optimistic,5,-0.5129673706761693,0.04224593179662703,-0.5654226232586127,-0.46051211809372583
mlp512x1,deterministic,val,standard,,,standard,0.08,clean_correct,expected_entropy,rho_pessimistic,0,,,,
mlp512x1,deterministic,val,standard,,,standard,0.08,clean_correct,expected_entropy,rho_optimistic,5,-0.5186557046474641,0.042632927753528706,-0.5715914761770428,-0.46571993311788545
mlp512x1,deterministic,val,standard,,,standard,0.08,all,mutual_information,rho_pessimistic,0,,,,
mlp512x1,deterministic,val,standard,,,standard,0.08,all,mutual_information,rho_optimistic,5,0.11577484395284425,0.07532525379589461,0.022246188158920488,0.209303499746768
mlp512x1,deterministic,val,standard,,,standard,0.08,clean_correct,mutual_information,rho_pessimistic,0,,,,
mlp512x1,deterministic,val,standard,,,standard,0.08,clean_correct,mutual_information,rho_optimistic,5,0.12161391724644514,0.07723990886886445,0.025707903179436525,0.21751993131345376
mlp512x1,deterministic,val,standard,,,standard,0.08,all,one_minus_confidence,rho_pessimistic,0,,,,
mlp512x1,deterministic,val,standard,,,standard,0.08,all,one_minus_confidence,rho_optimistic,5,-0.33239881166796853,0.08191428141797394,-0.4341088258433983,-0.23068879749253873
mlp512x1,deterministic,val,standard,,,standard,0.08,clean_correct,one_minus_confidence,rho_pessimistic,0,,,,
mlp512x1,deterministic,val,standard,,,standard,0.08,clean_correct,one_minus_confidence,rho_optimistic,5,-0.32971810785949096,0.08428457446997499,-0.434371229582783,-0.2250649861361989
mlp512x1,deterministic,val,standard,,,standard,0.08,all,predictive_entropy,rho_pessimistic,0,,,,
mlp512x1,deterministic,val,standard,,,standard,0.08,all,predictive_entropy,rho_optimistic,5,-0.5129673706761693,0.04224593179662703,-0.5654226232586127,-0.46051211809372583
mlp512x1,deterministic,val,standard,,,standard,0.08,clean_correct,predictive_entropy,rho_pessimistic,0,,,,
mlp512x1,deterministic,val,standard,,,standard,0.08,clean_correct,predictive_entropy,rho_optimistic,5,-0.5186557046474641,0.042632927753528706,-0.5715914761770428,-0.46571993311788545
mlp512x1,deterministic,val,standard,,,standard,0.1,all,expected_entropy,rho_pessimistic,0,,,,
mlp512x1,deterministic,val,standard,,,standard,0.1,all,expected_entropy,rho_optimistic,5,-0.2742405556087674,0.045178174403028085,-0.33033666826957825,-0.21814444294795662
mlp512x1,deterministic,val,standard,,,standard,0.1,clean_correct,expected_entropy,rho_pessimistic,0,,,,
mlp512x1,deterministic,val,standard,,,standard,0.1,clean_correct,expected_entropy,rho_optimistic,5,-0.2782318160558718,0.044974694429992156,-0.3340752749598084,-0.22238835715193517
mlp512x1,deterministic,val,standard,,,standard,0.1,all,mutual_information,rho_pessimistic,0,,,,
mlp512x1,deterministic,val,standard,,,standard,0.1,all,mutual_information,rho_optimistic,5,0.06662965566711264,0.043743942096516636,0.012314377626357849,0.12094493370786744
mlp512x1,deterministic,val,standard,,,standard,0.1,clean_correct,mutual_information,rho_pessimistic,0,,,,
mlp512x1,deterministic,val,standard,,,standard,0.1,clean_correct,mutual_information,rho_optimistic,5,0.0702189439799084,0.04830161094928197,0.010244572608940239,0.13019331535087655
mlp512x1,deterministic,val,standard,,,standard,0.1,all,one_minus_confidence,rho_pessimistic,0,,,,
mlp512x1,deterministic,val,standard,,,standard,0.1,all,one_minus_confidence,rho_optimistic,5,-0.1506069625295604,0.021780747731181948,-0.17765133284132734,-0.12356259221779346
mlp512x1,deterministic,val,standard,,,standard,0.1,clean_correct,one_minus_confidence,rho_pessimistic,0,,,,
mlp512x1,deterministic,val,standard,,,standard,0.1,clean_correct,one_minus_confidence,rho_optimistic,5,-0.1489196318406069,0.021847570140204005,-0.17604697313192977,-0.121792290549284
mlp512x1,deterministic,val,standard,,,standard,0.1,all,predictive_entropy,rho_pessimistic,0,,,,
mlp512x1,deterministic,val,standard,,,standard,0.1,all,predictive_entropy,rho_optimistic,5,-0.2742405556087674,0.045178174403028085,-0.33033666826957825,-0.21814444294795662
mlp512x1,deterministic,val,standard,,,standard,0.1,clean_correct,predictive_entropy,rho_pessimistic,0,,,,
mlp512x1,deterministic,val,standard,,,standard,0.1,clean_correct,predictive_entropy,rho_optimistic,5,-0.2782318160558718,0.044974694429992156,-0.3340752749598084,-0.22238835715193517
mlp512x1,mc_dropout,val,robust,0.08,0.25,robust_eps0p08_lam0p25,0.01,all,expected_entropy,rho_pessimistic,5,-0.3829180822481663,0.020544897747192353,-0.40842794212763267,-0.35740822236869996
mlp512x1,mc_dropout,val,robust,0.08,0.25,robust_eps0p08_lam0p25,0.01,all,expected_entropy,rho_optimistic,5,-0.3673409431264381,0.023622224591945313,-0.3966718089597402,-0.33801007729313604
mlp512x1,mc_dropout,val,robust,0.08,0.25,robust_eps0p08_lam0p25,0.01,clean_correct,expected_entropy,rho_pessimistic,5,-0.24369998203007365,0.023755260232126794,-0.2731960334282671,-0.2142039306318802
mlp512x1,mc_dropout,val,robust,0.08,0.25,robust_eps0p08_lam0p25,0.01,clean_correct,expected_entropy,rho_optimistic,4,-0.24304082598534993,0.0277049009068897,-0.28712550575004114,-0.19895614622065874
mlp512x1,mc_dropout,val,robust,0.08,0.25,robust_eps0p08_lam0p25,0.01,all,mutual_information,rho_pessimistic,5,-0.3803405448508605,0.044181388232153944,-0.4351989840093895,-0.3254821056923315
mlp512x1,mc_dropout,val,robust,0.08,0.25,robust_eps0p08_lam0p25,0.01,all,mutual_information,rho_optimistic,5,-0.3661278822071758,0.04311560214587496,-0.4196629731525857,-0.31259279126176587
mlp512x1,mc_dropout,val,robust,0.08,0.25,robust_eps0p08_lam0p25,0.01,clean_correct,mutual_information,rho_pessimistic,5,-0.24267870922383747,0.04720046804007107,-0.3012858310875611,-0.18407158736011384
mlp512x1,mc_dropout,val,robust,0.08,0.25,robust_eps0p08_lam0p25,0.01,clean_correct,mutual_information,rho_optimistic,4,-0.24187751096425686,0.05469653729370089,-0.32891190747533233,-0.15484311445318139
mlp512x1,mc_dropout,val,robust,0.08,0.25,robust_eps0p08_lam0p25,0.01,all,one_minus_confidence,rho_pessimistic,5,-0.38312460095604167,0.028890690715829878,-0.4189971315011274,-0.34725207041095596
mlp512x1,mc_dropout,val,robust,0.08,0.25,robust_eps0p08_lam0p25,0.01,all,one_minus_confidence,rho_optimistic,5,-0.3675750775010301,0.030878021457423206,-0.4059152050804758,-0.32923494992158436
mlp512x1,mc_dropout,val,robust,0.08,0.25,robust_eps0p08_lam0p25,0.01,clean_correct,one_minus_confidence,rho_pessimistic,5,-0.24163855131498901,0.03301970815948033,-0.2826379341678108,-0.20063916846216723
mlp512x1,mc_dropout,val,robust,0.08,0.25,robust_eps0p08_lam0p25,0.01,clean_correct,one_minus_confidence,rho_optimistic,4,-0.24044550653653096,0.03824011720905098,-0.30129406639931106,-0.17959694667375084
mlp512x1,mc_dropout,val,robust,0.08,0.25,robust_eps0p08_lam0p25,0.01,all,predictive_entropy,rho_pessimistic,5,-0.38074313368970414,0.027039773054558833,-0.4143174464111501,-0.3471688209682582
mlp512x1,mc_dropout,val,robust,0.08,0.25,robust_eps0p08_lam0p25,0.01,all,predictive_entropy,rho_optimistic,5,-0.3652166871227881,0.02791392044485416,-0.3998763971878875,-0.3305569770576887
mlp512x1,mc_dropout,val,robust,0.08,0.25,robust_eps0p08_lam0p25,0.01,clean_correct,predictive_entropy,rho_pessimistic,5,-0.23833289326949592,0.03119137164571586,-0.277062096496575,-0.19960369004241685
mlp512x1,mc_dropout,val,robust,0.08,0.25,robust_eps0p08_lam0p25,0.01,clean_correct,predictive_entropy,rho_optimistic,4,-0.23641595694690382,0.035931245612992484,-0.2935905868695585,-0.17924132702424914
mlp512x1,mc_dropout,val,robust,0.08,0.25,robust_eps0p08_lam0p25,0.05,all,expected_entropy,rho_pessimistic,5,-0.5102353727123689,0.05997639635490928,-0.5847059048082591,-0.4357648406164785
mlp512x1,mc_dropout,val,robust,0.08,0.25,robust_eps0p08_lam0p25,0.05,all,expected_entropy,rho_optimistic,5,-0.4909790377000415,0.03490068845270875,-0.5343139660642957,-0.4476441093357872
mlp512x1,mc_dropout,val,robust,0.08,0.25,robust_eps0p08_lam0p25,0.05,clean_correct,expected_entropy,rho_pessimistic,5,-0.4349288359551199,0.06990402646350523,-0.5217261489443376,-0.3481315229659023
mlp512x1,mc_dropout,val,robust,0.08,0.25,robust_eps0p08_lam0p25,0.05,clean_correct,expected_entropy,rho_optimistic,5,-0.4075690913974306,0.0561244592709269,-0.477256811892794,-0.33788137090206716
mlp512x1,mc_dropout,val,robust,0.08,0.25,robust_eps0p08_lam0p25,0.05,all,mutual_information,rho_pessimistic,5,-0.499902537420704,0.06416984763463382,-0.5795799269988497,-0.4202251478425582
mlp512x1,mc_dropout,val,robust,0.08,0.25,robust_eps0p08_lam0p25,0.05,all,mutual_information,rho_optimistic,5,-0.4887136087287341,0.018553386245612907,-0.5117506804746805,-0.46567653698278766
mlp512x1,mc_dropout,val,robust,0.08,0.25,robust_eps0p08_lam0p25,0.05,clean_correct,mutual_information,rho_pessimistic,5,-0.42605637434924093,0.07026686869572743,-0.5133042154752367,-0.3388085332232451
mlp512x1,mc_dropout,val,robust,0.08,0.25,robust_eps0p08_lam0p25,0.05,clean_correct,mutual_information,rho_optimistic,5,-0.4070732802936717,0.04364846328911251,-0.46127000573668137,-0.352876554850662
mlp512x1,mc_dropout,val,robust,0.08,0.25,robust_eps0p08_lam0p25,0.05,all,one_minus_confidence,rho_pessimistic,5,-0.5086978049135077,0.059761931664713296,-0.5829020439246957,-0.43449356590231963
mlp512x1,mc_dropout,val,robust,0.08,0.25,robust_eps0p08_lam0p25,0.05,all,one_minus_confidence,rho_optimistic,5,-0.4914470989625645,0.0261591621333991,-0.5239279888067814,-0.4589662091183477
mlp512x1,mc_dropout,val,robust,0.08,0.25,robust_eps0p08_lam0p25,0.05,clean_correct,one_minus_confidence,rho_pessimistic,5,-0.43281550200704866,0.06665450280357735,-0.5155779984564225,-0.3500530055576748
mlp512x1,mc_dropout,val,robust,0.08,0.25,robust_eps0p08_lam0p25,0.05,clean_correct,one_minus_confidence,rho_optimistic,5,-0.4070331598333241,0.04833089369182986,-0.46704389053148265,-0.34702242913516557
mlp512x1,mc_dropout,val,robust,0.08,0.25,robust_eps0p08_lam0p25,0.05,all,predictive_entropy,rho_pessimistic,5,-0.5066485501981545,0.060114787031304386,-0.5812909170146117,-0.4320061833816973
mlp512x1,mc_dropout,val,robust,0.08,0.25,robust_eps0p08_lam0p25,0.05,all,predictive_entropy,rho_optimistic,5,-0.4881184172310906,0.029227179642887666,-0.5244087539626981,-0.4518280804994831
mlp512x1,mc_dropout,val,robust,0.08,0.25,robust_eps0p08_lam0p25,0.05,clean_correct,predictive_entropy,rho_pessimistic,5,-0.4304578645253986,0.0675554165658881,-0.51433899315892,-0.3465767358918772
mlp512x1,mc_dropout,val,robust,0.08,0.25,robust_eps0p08_lam0p25,0.05,clean_correct,predictive_entropy,rho_optimistic,5,-0.4030450675386402,0.05184550965680354,-0.46741977034801874,-0.3386703647292617
mlp512x1,mc_dropout,val,robust,0.08,0.25,robust_eps0p08_lam0p25,0.07,all,expected_entropy,rho_pessimistic,5,-0.5703715147056736,0.05972656905089949,-0.6445318452324067,-0.49621118417894056
mlp512x1,mc_dropout,val,robust,0.08,0.25,robust_eps0p08_lam0p25,0.07,all,expected_entropy,rho_optimistic,5,-0.5206570677412229,0.051786740737978475,-0.584958799299883,-0.4563553361825628
mlp512x1,mc_dropout,val,robust,0.08,0.25,robust_eps0p08_lam0p25,0.07,clean_correct,expected_entropy,rho_pessimistic,5,-0.5140666446275114,0.0646115274426879,-0.5942924521220515,-0.4338408371329713
mlp512x1,mc_dropout,val,robust,0.08,0.25,robust_eps0p08_lam0p25,0.07,clean_correct,expected_entropy,rho_optimistic,5,-0.45314550826897787,0.05329723830259096,-0.5193227702729918,-0.38696824626496396
mlp512x1,mc_dropout,val,robust,0.08,0.25,robust_eps0p08_lam0p25,0.07,all,mutual_information,rho_pessimistic,5,-0.5729322206999392,0.062232097820941495,-0.6502035760968972,-0.49566086530298126
mlp512x1,mc_dropout,val,robust,0.08,0.25,robust_eps0p08_lam0p25,0.07,all,mutual_information,rho_optimistic,5,-0.5205753471207313,0.06077753275387789,-0.5960406214408716,-0.445110072800591
mlp512x1,mc_dropout,val,robust,0.08,0.25,robust_eps0p08_lam0p25,0.07,clean_correct,mutual_information,rho_pessimistic,5,-0.5195154360559109,0.061943326614129574,-0.5964282346416526,-0.44260263747016915
mlp512x1,mc_dropout,val,robust,0.08,0.25,robust_eps0p08_lam0p25,0.07,clean_correct,mutual_information,rho_optimistic,5,-0.45512636535466033,0.06233040631823751,-0.5325197868734283,-0.3777329438358924
mlp512x1,mc_dropout,val,robust,0.08,0.25,robust_eps0p08_lam0p25,0.07,all,one_minus_confidence,rho_pessimistic,5,-0.5735903611134097,0.05685393794401276,-0.6441838490146012,-0.5029968732122181
mlp512x1,mc_dropout,val,robust,0.08,0.25,robust_eps0p08_lam0p25,0.07,all,one_minus_confidence,rho_optimistic,5,-0.5222484062069125,0.058631025104749615,-0.5950484392572611,-0.44944837315656383
mlp512x1,mc_dropout,val,robust,0.08,0.25,robust_eps0p08_lam0p25,0.07,clean_correct,one_minus_confidence,rho_pessimistic,5,-0.5173180999037389,0.05902305540476212,-0.5906049028638181,-0.44403129694365967
mlp512x1,mc_dropout,val,robust,0.08,0.25,robust_eps0p08_lam0p25,0.07,clean_correct,one_minus_confidence,rho_optimistic,5,-0.4538844208320999,0.0614508040168275,-0.5301856718404698,-0.3775831698237299
mlp512x1,mc_dropout,val,robust,0.08,0.25,robust_eps0p08_lam0p25,0.07,all,predictive_entropy,rho_pessimistic,5,-0.5718376019262269,0.05809517973676429,-0.6439722950745439,-0.49970290877790985
mlp512x1,mc_dropout,val,robust,0.08,0.25,robust_eps0p08_lam0p25,0.07,all,predictive_entropy,rho_optimistic,5,-0.5212633232834517,0.057641836475937167,-0.5928351164259714,-0.449691530140932
mlp512x1,mc_dropout,val,robust,0.08,0.25,robust_eps0p08_lam0p25,0.07,clean_correct,predictive_entropy,rho_pessimistic,5,-0.5154052258302,0.060499743696490915,-0.5905255794786879,-0.4402848721817121
mlp512x1,mc_dropout,val,robust,0.08,0.25,robust_eps0p08_lam0p25,0.07,clean_correct,predictive_entropy,rho_optimistic,5,-0.45286148437368867,0.05992902891377378,-0.527273202023234,-0.3784497667241433
mlp512x1,mc_dropout,val,robust,0.08,0.25,robust_eps0p08_lam0p25,0.08,all,expected_entropy,rho_pessimistic,5,-0.4980811765410544,0.058575286112576105,-0.570812000491525,-0.42535035259058374
mlp512x1,mc_dropout,val,robust,0.08,0.25,robust_eps0p08_lam0p25,0.08,all,expected_entropy,rho_optimistic,5,-0.5090780290611576,0.03291103447915768,-0.5499424757175705,-0.46821358240474475
mlp512x1,mc_dropout,val,robust,0.08,0.25,robust_eps0p08_lam0p25,0.08,clean_correct,expected_entropy,rho_pessimistic,5,-0.4349184810600888,0.057149188957839374,-0.505878571515582,-0.36395839060459556
mlp512x1,mc_dropout,val,robust,0.08,0.25,robust_eps0p08_lam0p25,0.08,clean_correct,expected_entropy,rho_optimistic,5,-0.441387015388257,0.028306616909570165,-0.4765343225158161,-0.40623970826069783
mlp512x1,mc_dropout,val,robust,0.08,0.25,robust_eps0p08_lam0p25,0.08,all,mutual_information,rho_pessimistic,5,-0.5053697455400148,0.07075646290720074,-0.593225498172126,-0.4175139929079036
mlp512x1,mc_dropout,val,robust,0.08,0.25,robust_eps0p08_lam0p25,0.08,all,mutual_information,rho_optimistic,5,-0.5094874951119414,0.03944569228833735,-0.5584657911105937,-0.460509199113289
mlp512x1,mc_dropout,val,robust,0.08,0.25,robust_eps0p08_lam0p25,0.08,clean_correct,mutual_information,rho_pessimistic,5,-0.4459135441346592,0.06591102474699244,-0.5277528906477171,-0.36407419762160137
mlp512x1,mc_dropout,val,robust,0.08,0.25,robust_eps0p08_lam0p25,0.08,clean_correct,mutual_information,rho_optimistic,5,-0.4443395276499674,0.027911477684735016,-0.47899620462777065,-0.4096828506721642
mlp512x1,mc_dropout,val,robust,0.08,0.25,robust_eps0p08_lam0p25,0.08,all,one_minus_confidence,rho_pessimistic,5,-0.5040708624406607,0.05925723545761038,-0.5776484383414591,-0.4304932865398623
mlp512x1,mc_dropout,val,robust,0.08,0.25,robust_eps0p08_lam0p25,0.08,all,one_minus_confidence,rho_optimistic,5,-0.5109456953669539,0.034962990066493636,-0.5543579814020748,-0.4675334093318329
mlp512x1,mc_dropout,val,robust,0.08,0.25,robust_eps0p08_lam0p25,0.08,clean_correct,one_minus_confidence,rho_pessimistic,5,-0.4415122834217483,0.0572258834313945,-0.5125676026439161,-0.37045696419958046
mlp512x1,mc_dropout,val,robust,0.08,0.25,robust_eps0p08_lam0p25,0.08,clean_correct,one_minus_confidence,rho_optimistic,5,-0.4424097148909172,0.029371244229816688,-0.4788789314335306,-0.40594049834830376
mlp512x1,mc_dropout,val,robust,0.08,0.25,robust_eps0p08_lam0p25,0.08,all,predictive_entropy,rho_pessimistic,5,-0.4998445325538151,0.06360104255092898,-0.5788156573375294,-0.4208734077701009
mlp512x1,mc_dropout,val,robust,0.08,0.25,robust_eps0p08_lam0p25,0.08,all,predictive_entropy,rho_optimistic,5,-0.510533902775515,0.03494775208985882,-0.553927268363643,-0.46714053718738696
mlp512x1,mc_dropout,val,robust,0.08,0.25,robust_eps0p08_lam0p25,0.08,clean_correct,predictive_entropy,rho_pessimistic,5,-0.4367676523276698,0.06200790223901291,-0.5137606321419907,-0.3597746725133489
mlp512x1,mc_dropout,val,robust,0.08,0.25,robust_eps0p08_lam0p25,0.08,clean_correct,predictive_entropy,rho_optimistic,5,-0.4420692058099136,0.02866739368252901,-0.4776644764678439,-0.4064739351519833
mlp512x1,mc_dropout,val,robust,0.08,0.25,robust_eps0p08_lam0p25,0.1,all,expected_entropy,rho_pessimistic,5,-0.47145294244900277,0.022826888381601084,-0.4997962679434526,-0.4431096169545529
mlp512x1,mc_dropout,val,robust,0.08,0.25,robust_eps0p08_lam0p25,0.1,all,expected_entropy,rho_optimistic,5,-0.5051490101927943,0.03601476028271991,-0.5498672414397865,-0.4604307789458022
mlp512x1,mc_dropout,val,robust,0.08,0.25,robust_eps0p08_lam0p25,0.1,clean_correct,expected_entropy,rho_pessimistic,5,-0.410134381103767,0.031017301320094875,-0.4486474474743669,-0.37162131473316706
mlp512x1,mc_dropout,val,robust,0.08,0.25,robust_eps0p08_lam0p25,0.1,clean_correct,expected_entropy,rho_optimistic,5,-0.4429509338614547,0.035649824098997356,-0.4872160369874766,-0.39868583073543273
mlp512x1,mc_dropout,val,robust,0.08,0.25,robust_eps0p08_lam0p25,0.1,all,mutual_information,rho_pessimistic,5,-0.4809140230254421,0.017095683901421046,-0.5021411182505083,-0.45968692780037596
mlp512x1,mc_dropout,val,robust,0.08,0.25,robust_eps0p08_lam0p25,0.1,all,mutual_information,rho_optimistic,5,-0.5156695142363008,0.045462858357325275,-0.5721191087140287,-0.4592199197585729
mlp512x1,mc_dropout,val,robust,0.08,0.25,robust_eps0p08_lam0p25,0.1,clean_correct,mutual_information,rho_pessimistic,5,-0.4232748458384218,0.02418221447291942,-0.4533010309462878,-0.39324866073055575
mlp512x1,mc_dropout,val,robust,0.08,0.25,robust_eps0p08_lam0p25,0.1,clean_correct,mutual_information,rho_optimistic,5,-0.4574152085751099,0.04210632170401432,-0.5096971123317703,-0.40513330481844956
mlp512x1,mc_dropout,val,robust,0.08,0.25,robust_eps0p08_lam0p25,0.1,all,one_minus_confidence,rho_pessimistic,5,-0.47567172275129577,0.025821244551762886,-0.5077330325000349,-0.4436104130025567
mlp512x1,mc_dropout,val,robust,0.08,0.25,robust_eps0p08_lam0p25,0.1,all,one_minus_confidence,rho_optimistic,5,-0.5102091792244664,0.038675579923440014,-0.5582312544250542,-0.46218710402387864
mlp512x1,mc_dropout,val,robust,0.08,0.25,robust_eps0p08_lam0p25,0.1,clean_correct,one_minus_confidence,rho_pessimistic,5,-0.4148600329794229,0.0347706261612733,-0.4580334676788779,-0.3716865982799679
mlp512x1,mc_dropout,val,robust,0.08,0.25,robust_eps0p08_lam0p25,0.1,clean_correct,one_minus_confidence,rho_optimistic,5,-0.44838894274229063,0.038634020354837394,-0.49635941492276364,-0.4004184705618176
mlp512x1,mc_dropout,val,robust,0.08,0.25,robust_eps0p08_lam0p25,0.1,all,predictive_entropy,rho_pessimistic,5,-0.4737934488697951,0.020171343558381082,-0.49883947996163625,-0.4487474177779539
mlp512x1,mc_dropout,val,robust,0.08,0.25,robust_eps0p08_lam0p25,0.1,all,predictive_entropy,rho_optimistic,5,-0.5072239308332561,0.040611513516974854,-0.5576497850798493,-0.45679807658666294
mlp512x1,mc_dropout,val,robust,0.08,0.25,robust_eps0p08_lam0p25,0.1,clean_correct,predictive_entropy,rho_pessimistic,5,-0.41281467853229625,0.027088866806032886,-0.44644994919748426,-0.37917940786710824
mlp512x1,mc_dropout,val,robust,0.08,0.25,robust_eps0p08_lam0p25,0.1,clean_correct,predictive_entropy,rho_optimistic,5,-0.4450529012133094,0.03993373058950271,-0.4946371768002633,-0.39546862562635554
mlp512x1,mc_dropout,val,standard,,,standard,0.01,all,expected_entropy,rho_pessimistic,5,-0.7271120260916897,0.04592568693133398,-0.7841362981471042,-0.6700877540362752
mlp512x1,mc_dropout,val,standard,,,standard,0.01,all,expected_entropy,rho_optimistic,5,-0.5555593563583352,0.12257689420947694,-0.7077586729098742,-0.40336003980679624
mlp512x1,mc_dropout,val,standard,,,standard,0.01,clean_correct,expected_entropy,rho_pessimistic,5,-0.6942326117885559,0.04874632472101763,-0.7547591682393936,-0.6337060553377182
mlp512x1,mc_dropout,val,standard,,,standard,0.01,clean_correct,expected_entropy,rho_optimistic,5,-0.48773532569040706,0.13916452899422482,-0.6605309111695199,-0.31493974021129423
mlp512x1,mc_dropout,val,standard,,,standard,0.01,all,mutual_information,rho_pessimistic,5,-0.7214825296818635,0.04585658837962289,-0.7784210045532903,-0.6645440548104368
mlp512x1,mc_dropout,val,standard,,,standard,0.01,all,mutual_information,rho_optimistic,5,-0.5496426863633357,0.11990936159647181,-0.6985298237052717,-0.40075554902139965
mlp512x1,mc_dropout,val,standard,,,standard,0.01,clean_correct,mutual_information,rho_pessimistic,5,-0.6877565068295711,0.04963102944932204,-0.7493815692905851,-0.6261314443685572
mlp512x1,mc_dropout,val,standard,,,standard,0.01,clean_correct,mutual_information,rho_optimistic,5,-0.48077584314106964,0.13538693680081618,-0.6488809283937313,-0.3126707578884079
mlp512x1,mc_dropout,val,standard,,,standard,0.01,all,one_minus_confidence,rho_pessimistic,5,-0.7265748426471605,0.04550169463161339,-0.7830726587284964,-0.6700770265658247
mlp512x1,mc_dropout,val,standard,,,standard,0.01,all,one_minus_confidence,rho_optimistic,5,-0.5549428065899084,0.12211370892978717,-0.7065670026551586,-0.4033186105246581
mlp512x1,mc_dropout,val,standard,,,standard,0.01,clean_correct,one_minus_confidence,rho_pessimistic,5,-0.6934982475702693,0.04866415550448118,-0.7539227774631732,-0.6330737176773655
mlp512x1,mc_dropout,val,standard,,,standard,0.01,clean_correct,one_minus_confidence,rho_optimistic,5,-0.4872543510835052,0.13827656301759442,-0.6589473811778062,-0.3155613209892042
mlp512x1,mc_dropout,val,standard,,,standard,0.01,all,predictive_entropy,rho_pessimistic,5,-0.7259069334209324,0.04689629375367867,-0.7841363730240632,-0.6676774938178015
mlp512x1,mc_dropout,val,standard,,,standard,0.01,all,predictive_entropy,rho_optimistic,5,-0.5540936649672098,0.12168052865517272,-0.7051799966807393,-0.4030073332536803
mlp512x1,mc_dropout,val,standard,,,standard,0.01,clean_correct,predictive_entropy,rho_pessimistic,5,-0.6928327578884239,0.050288211649547096,-0.7552738198277177,-0.6303916959491301
mlp512x1,mc_dropout,val,standard,,,standard,0.01,clean_correct,predictive_entropy,rho_optimistic,5,-0.48597642567552474,0.13795931518825788,-0.6572755405616303,-0.3146773107894192
mlp512x1,mc_dropout,val,standard,,,standard,0.05,all,expected_entropy,rho_pessimistic,5,-0.24055574238297517,0.004427152200380732,-0.2460527778847565,-0.23505870688119385
mlp512x1,mc_dropout,val,standard,,,standard,0.05,all,expected_entropy,rho_optimistic,5,-0.7677227663838817,0.03994625334521471,-0.8173225910257615,-0.7181229417420019
mlp512x1,mc_dropout,val,standard,,,standard,0.05,clean_correct,expected_entropy,rho_pessimistic,5,-0.2443998460506259,0.005504823034704638,-0.25123498662930144,-0.23756470547195035
mlp512x1,mc_dropout,val,standard,,,standard,0.05,clean_correct,expected_entropy,rho_optimistic,5,-0.7446766124469985,0.04357232944062426,-0.7987788052312955,-0.6905744196627014
mlp512x1,mc_dropout,val,standard,,,standard,0.05,all,mutual_information,rho_pessimistic,5,-0.24055574238297517,0.004427152200380732,-0.2460527778847565,-0.23505870688119385
mlp512x1,mc_dropout,val,standard,,,standard,0.05,all,mutual_information,rho_optimistic,5,-0.7558295330299086,0.048743447395593754,-0.8163525168093564,-0.6953065492504609
mlp512x1,mc_dropout,val,standard,,,standard,0.05,clean_correct,mutual_information,rho_pessimistic,5,-0.2443998460506259,0.005504823034704638,-0.25123498662930144,-0.23756470547195035
mlp512x1,mc_dropout,val,standard,,,standard,0.05,clean_correct,mutual_information,rho_optimistic,5,-0.7315230842555415,0.054147749454776475,-0.7987563953372949,-0.664289773173788
mlp512x1,mc_dropout,val,standard,,,standard,0.05,all,one_minus_confidence,rho_pessimistic,5,-0.22581585877185098,0.008166009246224681,-0.23595529846188723,-0.21567641908181473
mlp512x1,mc_dropout,val,standard,,,standard,0.05,all,one_minus_confidence,rho_optimistic,5,-0.7632398750498827,0.038953357587008464,-0.8116068567748285,-0.7148728933249369
mlp512x1,mc_dropout,val,standard,,,standard,0.05,clean_correct,one_minus_confidence,rho_pessimistic,5,-0.2288903492153184,0.008789512539460474,-0.23980397049732702,-0.21797672793330977
mlp512x1,mc_dropout,val,standard,,,standard,0.05,clean_correct,one_minus_confidence,rho_optimistic,5,-0.7397244737036235,0.04269363790518739,-0.7927356268428423,-0.6867133205644047
mlp512x1,mc_dropout,val,standard,,,standard,0.05,all,predictive_entropy,rho_pessimistic,5,-0.24055574238297517,0.004427152200380732,-0.2460527778847565,-0.23505870688119385
mlp512x1,mc_dropout,val,standard,,,standard,0.05,all,predictive_entropy,rho_optimistic,5,-0.7657709050314435,0.042311446169046044,-0.8183075044514846,-0.7132343056114024
mlp512x1,mc_dropout,val,standard,,,standard,0.05,clean_correct,predictive_entropy,rho_pessimistic,5,-0.2443998460506259,0.005504823034704638,-0.25123498662930144,-0.23756470547195035
mlp512x1,mc_dropout,val,standard,,,standard,0.05,clean_correct,predictive_entropy,rho_optimistic,5,-0.7425087691323314,0.04633194094249544,-0.800037472167531,-0.6849800660971319
mlp512x1,mc_dropout,val,standard,,,standard,0.07,all,expected_entropy,rho_pessimistic,0,,,,
mlp512x1,mc_dropout,val,standard,,,standard,0.07,all,expected_entropy,rho_optimistic,5,-0.675789905044771,0.049941279118870904,-0.7378001933509184,-0.6137796167386236
mlp512x1,mc_dropout,val,standard,,,standard,0.07,clean_correct,expected_entropy,rho_pessimistic,0,,,,
mlp512x1,mc_dropout,val,standard,,,standard,0.07,clean_correct,expected_entropy,rho_optimistic,5,-0.6553952947298777,0.05959751009398655,-0.7293953773961662,-0.5813952120635891
mlp512x1,mc_dropout,val,standard,,,standard,0.07,all,mutual_information,rho_pessimistic,0,,,,
mlp512x1,mc_dropout,val,standard,,,standard,0.07,all,mutual_information,rho_optimistic,5,-0.660868576113962,0.0630906155070149,-0.7392059220135385,-0.5825312302143855
mlp512x1,mc_dropout,val,standard,,,standard,0.07,clean_correct,mutual_information,rho_pessimistic,0,,,,
mlp512x1,mc_dropout,val,standard,,,standard,0.07,clean_correct,mutual_information,rho_optimistic,5,-0.6391060047251713,0.07435324253945326,-0.7314277491361231,-0.5467842603142196
mlp512x1,mc_dropout,val,standard,,,standard,0.07,all,one_minus_confidence,rho_pessimistic,0,,,,
mlp512x1,mc_dropout,val,standard,,,standard,0.07,all,one_minus_confidence,rho_optimistic,5,-0.669185044220457,0.05258410389941282,-0.7344768329101641,-0.6038932555307499
mlp512x1,mc_dropout,val,standard,,,standard,0.07,clean_correct,one_minus_confidence,rho_pessimistic,0,,,,
mlp512x1,mc_dropout,val,standard,,,standard,0.07,clean_correct,one_minus_confidence,rho_optimistic,5,-0.6481416025736653,0.06256832156695187,-0.7258304348913855,-0.570452770255945
mlp512x1,mc_dropout,val,standard,,,standard,0.07,all,predictive_entropy,rho_pessimistic,0,,,,
mlp512x1,mc_dropout,val,standard,,,standard,0.07,all,predictive_entropy,rho_optimistic,5,-0.6730096889090398,0.054825511615291166,-0.7410845528648491,-0.6049348249532305
mlp512x1,mc_dropout,val,standard,,,standard,0.07,clean_correct,predictive_entropy,rho_pessimistic,0,,,,
mlp512x1,mc_dropout,val,standard,,,standard,0.07,clean_correct,predictive_entropy,rho_optimistic,5,-0.6523260663624059,0.0647592528477585,-0.7327352991740422,-0.5719168335507695
mlp512x1,mc_dropout,val,standard,,,standard,0.08,all,expected_entropy,rho_pessimistic,0,,,,
mlp512x1,mc_dropout,val,standard,,,standard,0.08,all,expected_entropy,rho_optimistic,5,-0.612604531863187,0.07117163988052923,-0.7009757947959634,-0.5242332689304106
mlp512x1,mc_dropout,val,standard,,,standard,0.08,clean_correct,expected_entropy,rho_pessimistic,0,,,,
mlp512x1,mc_dropout,val,standard,,,standard,0.08,clean_correct,expected_entropy,rho_optimistic,5,-0.5987919741120435,0.07427967509236243,-0.6910223724725029,-0.5065615757515842
mlp512x1,mc_dropout,val,standard,,,standard,0.08,all,mutual_information,rho_pessimistic,0,,,,
mlp512x1,mc_dropout,val,standard,,,standard,0.08,all,mutual_information,rho_optimistic,5,-0.6000313049293509,0.08514149465047448,-0.7057484335901034,-0.4943141762685983
mlp512x1,mc_dropout,val,standard,,,standard,0.08,clean_correct,mutual_information,rho_pessimistic,0,,,,
mlp512x1,mc_dropout,val,standard,,,standard,0.08,clean_correct,mutual_information,rho_optimistic,5,-0.5852225554051997,0.08960123849496468,-0.6964771874388666,-0.4739679233715329
mlp512x1,mc_dropout,val,standard,,,standard,0.08,all,one_minus_confidence,rho_pessimistic,0,,,,
mlp512x1,mc_dropout,val,standard,,,standard,0.08,all,one_minus_confidence,rho_optimistic,5,-0.6057169158160972,0.07160759772157733,-0.6946294919048377,-0.5168043397273567
mlp512x1,mc_dropout,val,standard,,,standard,0.08,clean_correct,one_minus_confidence,rho_pessimistic,0,,,,
mlp512x1,mc_dropout,val,standard,,,standard,0.08,clean_correct,one_minus_confidence,rho_optimistic,5,-0.5913387171225948,0.0748390475763762,-0.6842636681580397,-0.49841376608714977
mlp512x1,mc_dropout,val,standard,,,standard,0.08,all,predictive_entropy,rho_pessimistic,0,,,,
mlp512x1,mc_dropout,val,standard,,,standard,0.08,all,predictive_entropy,rho_optimistic,5,-0.6095190260809954,0.07481919438414054,-0.702419326122392,-0.5166187260395988
mlp512x1,mc_dropout,val,standard,,,standard,0.08,clean_correct,predictive_entropy,rho_pessimistic,0,,,,
mlp512x1,mc_dropout,val,standard,,,standard,0.08,clean_correct,predictive_entropy,rho_optimistic,5,-0.5954863319723878,0.07831768536183106,-0.6927305823088233,-0.4982420816359522
mlp512x1,mc_dropout,val,standard,,,standard,0.1,all,expected_entropy,rho_pessimistic,0,,,,
mlp512x1,mc_dropout,val,standard,,,standard,0.1,all,expected_entropy,rho_optimistic,5,-0.5371109766608334,0.08853746445968069,-0.6470447587726642,-0.4271771945490026
mlp512x1,mc_dropout,val,standard,,,standard,0.1,clean_correct,expected_entropy,rho_pessimistic,0,,,,
mlp512x1,mc_dropout,val,standard,,,standard,0.1,clean_correct,expected_entropy,rho_optimistic,5,-0.5344656553839021,0.09150476787507564,-0.6480838313183759,-0.42084747944942835
mlp512x1,mc_dropout,val,standard,,,standard,0.1,all,mutual_information,rho_pessimistic,0,,,,
mlp512x1,mc_dropout,val,standard,,,standard,0.1,all,mutual_information,rho_optimistic,5,-0.5229847270175905,0.09218312716973132,-0.6374451972660851,-0.4085242567690959
mlp512x1,mc_dropout,val,standard,,,standard,0.1,clean_correct,mutual_information,rho_pessimistic,0,,,,
mlp512x1,mc_dropout,val,standard,,,standard,0.1,clean_correct,mutual_information,rho_optimistic,5,-0.5195067996757057,0.09527094045999444,-0.6378012965198951,-0.4012123028315162
mlp512x1,mc_dropout,val,standard,,,standard,0.1,all,one_minus_confidence,rho_pessimistic,0,,,,
mlp512x1,mc_dropout,val,standard,,,standard,0.1,all,one_minus_confidence,rho_optimistic,5,-0.5298956382746325,0.08291902284600142,-0.6328532037087479,-0.4269380728405171
mlp512x1,mc_dropout,val,standard,,,standard,0.1,clean_correct,one_minus_confidence,rho_pessimistic,0,,,,
mlp512x1,mc_dropout,val,standard,,,standard,0.1,clean_correct,one_minus_confidence,rho_optimistic,5,-0.526782383127397,0.08550796838499372,-0.6329545490305893,-0.42061021722420466
mlp512x1,mc_dropout,val,standard,,,standard,0.1,all,predictive_entropy,rho_pessimistic,0,,,,
mlp512x1,mc_dropout,val,standard,,,standard,0.1,all,predictive_entropy,rho_optimistic,5,-0.5353642350858723,0.0877280418427912,-0.6442929862749796,-0.42643548389676506
mlp512x1,mc_dropout,val,standard,,,standard,0.1,clean_correct,predictive_entropy,rho_pessimistic,0,,,,
mlp512x1,mc_dropout,val,standard,,,standard,0.1,clean_correct,predictive_entropy,rho_optimistic,5,-0.5326122255145745,0.09050650615933375,-0.6449908958158265,-0.4202335552133226
mlp512x1,vogn,val,robust,0.08,0.25,robust_eps0p08_lam0p25,0.01,all,expected_entropy,rho_pessimistic,5,-0.39492035545762383,0.023117081611965584,-0.42362400343873974,-0.3662167074765079
mlp512x1,vogn,val,robust,0.08,0.25,robust_eps0p08_lam0p25,0.01,all,expected_entropy,rho_optimistic,5,-0.3841678464747457,0.032364316777905223,-0.4243534534443327,-0.34398223950515877
mlp512x1,vogn,val,robust,0.08,0.25,robust_eps0p08_lam0p25,0.01,clean_correct,expected_entropy,rho_pessimistic,5,-0.3519623227943855,0.021219623770434532,-0.37830996568556285,-0.32561467990320814
mlp512x1,vogn,val,robust,0.08,0.25,robust_eps0p08_lam0p25,0.01,clean_correct,expected_entropy,rho_optimistic,5,-0.34199955611624766,0.026871246085691844,-0.37536461496772505,-0.30863449726477027
mlp512x1,vogn,val,robust,0.08,0.25,robust_eps0p08_lam0p25,0.01,all,mutual_information,rho_pessimistic,5,-0.4877042204166635,0.02732772784415304,-0.5216360762334589,-0.45377236459986814
mlp512x1,vogn,val,robust,0.08,0.25,robust_eps0p08_lam0p25,0.01,all,mutual_information,rho_optimistic,5,-0.4430123194074884,0.03634958058439357,-0.4881462849689365,-0.39787835384604037
mlp512x1,vogn,val,robust,0.08,0.25,robust_eps0p08_lam0p25,0.01,clean_correct,mutual_information,rho_pessimistic,5,-0.4639853531022607,0.03541918144640554,-0.5079640755501091,-0.42000663065441224
mlp512x1,vogn,val,robust,0.08,0.25,robust_eps0p08_lam0p25,0.01,clean_correct,mutual_information,rho_optimistic,5,-0.4131066524236363,0.039130822912937555,-0.4616939864547178,-0.3645193183925548
mlp512x1,vogn,val,robust,0.08,0.25,robust_eps0p08_lam0p25,0.01,all,one_minus_confidence,rho_pessimistic,5,-0.4099232584626284,0.027531227730602653,-0.4441077927620668,-0.37573872416319
mlp512x1,vogn,val,robust,0.08,0.25,robust_eps0p08_lam0p25,0.01,all,one_minus_confidence,rho_optimistic,5,-0.3973011761033957,0.037314780464975335,-0.4436335956076327,-0.3509687565991587
mlp512x1,vogn,val,robust,0.08,0.25,robust_eps0p08_lam0p25,0.01,clean_correct,one_minus_confidence,rho_pessimistic,5,-0.3746385248619265,0.02661275030199299,-0.40768261880509754,-0.34159443091875547
mlp512x1,vogn,val,robust,0.08,0.25,robust_eps0p08_lam0p25,0.01,clean_correct,one_minus_confidence,rho_optimistic,5,-0.36312415156931505,0.034426051901768846,-0.40586974081603566,-0.32037856232259443
mlp512x1,vogn,val,robust,0.08,0.25,robust_eps0p08_lam0p25,0.01,all,predictive_entropy,rho_pessimistic,5,-0.4022228175369237,0.021250774429294367,-0.42860913907972764,-0.3758364959941197
mlp512x1,vogn,val,robust,0.08,0.25,robust_eps0p08_lam0p25,0.01,all,predictive_entropy,rho_optimistic,5,-0.390306347799582,0.034050506546878655,-0.4325856358994428,-0.3480270596997212
mlp512x1,vogn,val,robust,0.08,0.25,robust_eps0p08_lam0p25,0.01,clean_correct,predictive_entropy,rho_pessimistic,5,-0.36036000856306344,0.017916753838104444,-0.3826065967685168,-0.33811342035761005
mlp512x1,vogn,val,robust,0.08,0.25,robust_eps0p08_lam0p25,0.01,clean_correct,predictive_entropy,rho_optimistic,5,-0.3491376469804937,0.029149998026292274,-0.3853321500774516,-0.31294314388353583
mlp512x1,vogn,val,robust,0.08,0.25,robust_eps0p08_lam0p25,0.05,all,expected_entropy,rho_pessimistic,5,-0.5590279980901464,0.050976349391621836,-0.6223234958895796,-0.49573250029071314
mlp512x1,vogn,val,robust,0.08,0.25,robust_eps0p08_lam0p25,0.05,all,expected_entropy,rho_optimistic,5,-0.497353509362873,0.02989012324922867,-0.5344669993033135,-0.4602400194224324
mlp512x1,vogn,val,robust,0.08,0.25,robust_eps0p08_lam0p25,0.05,clean_correct,expected_entropy,rho_pessimistic,5,-0.5345347450214157,0.06347669047339259,-0.6133514663073512,-0.4557180237354803
mlp512x1,vogn,val,robust,0.08,0.25,robust_eps0p08_lam0p25,0.05,clean_correct,expected_entropy,rho_optimistic,5,-0.4646960182633304,0.040907888524821676,-0.5154898706871344,-0.41390216583952644
mlp512x1,vogn,val,robust,0.08,0.25,robust_eps0p08_lam0p25,0.05,all,mutual_information,rho_pessimistic,5,-0.7262938877380599,0.05954468752988,-0.8002283825282045,-0.6523593929479153
mlp512x1,vogn,val,robust,0.08,0.25,robust_eps0p08_lam0p25,0.05,all,mutual_information,rho_optimistic,5,-0.6906264981900939,0.048182287154048355,-0.7504527095003914,-0.6308002868797964
mlp512x1,vogn,val,robust,0.08,0.25,robust_eps0p08_lam0p25,0.05,clean_correct,mutual_information,rho_pessimistic,5,-0.7169716043272479,0.0633198433340062,-0.7955935741669861,-0.6383496344875098
mlp512x1,vogn,val,robust,0.08,0.25,robust_eps0p08_lam0p25,0.05,clean_correct,mutual_information,rho_optimistic,5,-0.6808324531591421,0.053940153861213536,-0.7478080002661827,-0.6138569060521015
mlp512x1,vogn,val,robust,0.08,0.25,robust_eps0p08_lam0p25,0.05,all,one_minus_confidence,rho_pessimistic,5,-0.570723226555543,0.05038472558586006,-0.6332841263748814,-0.5081623267362045
mlp512x1,vogn,val,robust,0.08,0.25,robust_eps0p08_lam0p25,0.05,all,one_minus_confidence,rho_optimistic,5,-0.5077477053948007,0.029729961633751762,-0.5446623284234094,-0.47083308236619204
mlp512x1,vogn,val,robust,0.08,0.25,robust_eps0p08_lam0p25,0.05,clean_correct,one_minus_confidence,rho_pessimistic,5,-0.5480022095716831,0.06335568503112504,-0.6266686827563682,-0.469335736386998
mlp512x1,vogn,val,robust,0.08,0.25,robust_eps0p08_lam0p25,0.05,clean_correct,one_minus_confidence,rho_optimistic,5,-0.47711867459034396,0.040507377129568874,-0.5274152264337921,-0.42682212274689574
mlp512x1,vogn,val,robust,0.08,0.25,robust_eps0p08_lam0p25,0.05,all,predictive_entropy,rho_pessimistic,5,-0.5654212334057073,0.050264719565786625,-0.6278331260703529,-0.5030093407410616
mlp512x1,vogn,val,robust,0.08,0.25,robust_eps0p08_lam0p25,0.05,all,predictive_entropy,rho_optimistic,5,-0.505429541017589,0.027360639271552755,-0.539402261768916,-0.47145682026626184
mlp512x1,vogn,val,robust,0.08,0.25,robust_eps0p08_lam0p25,0.05,clean_correct,predictive_entropy,rho_pessimistic,5,-0.5411676499267546,0.06328096613670035,-0.619741347350247,-0.46259395250326224
mlp512x1,vogn,val,robust,0.08,0.25,robust_eps0p08_lam0p25,0.05,clean_correct,predictive_entropy,rho_optimistic,5,-0.4730468428907284,0.03971696285482788,-0.5223619657855644,-0.42373171999589243
mlp512x1,vogn,val,robust,0.08,0.25,robust_eps0p08_lam0p25,0.07,all,expected_entropy,rho_pessimistic,5,-0.585932186443404,0.028346564040250995,-0.621129094484961,-0.5507352784018469
mlp512x1,vogn,val,robust,0.08,0.25,robust_eps0p08_lam0p25,0.07,all,expected_entropy,rho_optimistic,5,-0.5052049854841358,0.018933320466349077,-0.528713807873656,-0.4816961630946157
mlp512x1,vogn,val,robust,0.08,0.25,robust_eps0p08_lam0p25,0.07,clean_correct,expected_entropy,rho_pessimistic,5,-0.5729375456595365,0.033163701420378076,-0.6141157197603989,-0.531759371558674
mlp512x1,vogn,val,robust,0.08,0.25,robust_eps0p08_lam0p25,0.07,clean_correct,expected_entropy,rho_optimistic,5,-0.4756203567931358,0.023683472180313223,-0.5050272715518911,-0.44621344203438046
mlp512x1,vogn,val,robust,0.08,0.25,robust_eps0p08_lam0p25,0.07,all,mutual_information,rho_pessimistic,5,-0.7294869270045758,0.035729794816239,-0.7738513268911072,-0.6851225271180444
mlp512x1,vogn,val,robust,0.08,0.25,robust_eps0p08_lam0p25,0.07,all,mutual_information,rho_optimistic,5,-0.6954800352028537,0.04408439193315956,-0.7502180375489624,-0.640742032856745
mlp512x1,vogn,val,robust,0.08,0.25,robust_eps0p08_lam0p25,0.07,clean_correct,mutual_information,rho_pessimistic,5,-0.7252194805514536,0.036278919533548365,-0.7702657088299919,-0.6801732522729153
mlp512x1,vogn,val,robust,0.08,0.25,robust_eps0p08_lam0p25,0.07,clean_correct,mutual_information,rho_optimistic,5,-0.6855724821499178,0.050307444699944026,-0.7480374250754651,-0.6231075392243706
mlp512x1,vogn,val,robust,0.08,0.25,robust_eps0p08_lam0p25,0.07,all,one_minus_confidence,rho_pessimistic,5,-0.5929787657295501,0.028449523412022105,-0.6283035147163131,-0.5576540167427871
mlp512x1,vogn,val,robust,0.08,0.25,robust_eps0p08_lam0p25,0.07,all,one_minus_confidence,rho_optimistic,5,-0.513920542547427,0.018586023566306915,-0.536998138879477,-0.490842946215377
mlp512x1,vogn,val,robust,0.08,0.25,robust_eps0p08_lam0p25,0.07,clean_correct,one_minus_confidence,rho_pessimistic,5,-0.5810536923326943,0.034011772013806243,-0.6232848851573519,-0.5388224995080367
mlp512x1,vogn,val,robust,0.08,0.25,robust_eps0p08_lam0p25,0.07,clean_correct,one_minus_confidence,rho_optimistic,5,-0.4860490583404123,0.023518746367769322,-0.515251438988157,-0.45684667769266757
mlp512x1,vogn,val,robust,0.08,0.25,robust_eps0p08_lam0p25,0.07,all,predictive_entropy,rho_pessimistic,5,-0.5898255871707713,0.028279065424112328,-0.6249386846107404,-0.5547124897308021
mlp512x1,vogn,val,robust,0.08,0.25,robust_eps0p08_lam0p25,0.07,all,predictive_entropy,rho_optimistic,5,-0.5120873928895662,0.020228257888250403,-0.537204092455788,-0.48697069332334436
mlp512x1,vogn,val,robust,0.08,0.25,robust_eps0p08_lam0p25,0.07,clean_correct,predictive_entropy,rho_pessimistic,5,-0.5769030051935233,0.03352702777298322,-0.6185323085460144,-0.5352737018410323
mlp512x1,vogn,val,robust,0.08,0.25,robust_eps0p08_lam0p25,0.07,clean_correct,predictive_entropy,rho_optimistic,5,-0.48277293370867935,0.024567215024527113,-0.5132771601407653,-0.4522687072765934
mlp512x1,vogn,val,robust,0.08,0.25,robust_eps0p08_lam0p25,0.08,all,expected_entropy,rho_pessimistic,5,-0.5698465102872806,0.02717937872701778,-0.6035941663461638,-0.5360988542283974
mlp512x1,vogn,val,robust,0.08,0.25,robust_eps0p08_lam0p25,0.08,all,expected_entropy,rho_optimistic,5,-0.48784386006235286,0.015345389736454395,-0.5068976780365139,-0.4687900420881919
mlp512x1,vogn,val,robust,0.08,0.25,robust_eps0p08_lam0p25,0.08,clean_correct,expected_entropy,rho_pessimistic,5,-0.5587757157254429,0.029996722917978273,-0.5960215666367903,-0.5215298648140956
mlp512x1,vogn,val,robust,0.08,0.25,robust_eps0p08_lam0p25,0.08,clean_correct,expected_entropy,rho_optimistic,5,-0.4589474913772271,0.013529574287673193,-0.47574667668125425,-0.4421483060732
mlp512x1,vogn,val,robust,0.08,0.25,robust_eps0p08_lam0p25,0.08,all,mutual_information,rho_pessimistic,5,-0.6925058522279837,0.033370545665920716,-0.7339408573817721,-0.6510708470741953
mlp512x1,vogn,val,robust,0.08,0.25,robust_eps0p08_lam0p25,0.08,all,mutual_information,rho_optimistic,5,-0.683094411603548,0.0430663582175816,-0.7365683581360659,-0.6296204650710301
mlp512x1,vogn,val,robust,0.08,0.25,robust_eps0p08_lam0p25,0.08,clean_correct,mutual_information,rho_pessimistic,5,-0.6880876776426093,0.034591079740403506,-0.7310381760152639,-0.6451371792699546
mlp512x1,vogn,val,robust,0.08,0.25,robust_eps0p08_lam0p25,0.08,clean_correct,mutual_information,rho_optimistic,5,-0.6722194220961043,0.04661569331682158,-0.7301004502389095,-0.6143383939532991
mlp512x1,vogn,val,robust,0.08,0.25,robust_eps0p08_lam0p25,0.08,all,one_minus_confidence,rho_pessimistic,5,-0.5806408279913109,0.02721833962404329,-0.6144368603933684,-0.5468447955892534
mlp512x1,vogn,val,robust,0.08,0.25,robust_eps0p08_lam0p25,0.08,all,one_minus_confidence,rho_optimistic,5,-0.49732376450944127,0.016410620910883487,-0.5177002416826552,-0.4769472873362274
mlp512x1,vogn,val,robust,0.08,0.25,robust_eps0p08_lam0p25,0.08,clean_correct,one_minus_confidence,rho_pessimistic,5,-0.5710079392668159,0.030576472018420363,-0.6089736437641733,-0.5330422347694586
mlp512x1,vogn,val,robust,0.08,0.25,robust_eps0p08_lam0p25,0.08,clean_correct,one_minus_confidence,rho_optimistic,5,-0.46986545339569996,0.014518300958866158,-0.48789230501141123,-0.4518386017799887
mlp512x1,vogn,val,robust,0.08,0.25,robust_eps0p08_lam0p25,0.08,all,predictive_entropy,rho_pessimistic,5,-0.5733030281100696,0.026841186279192193,-0.6066307627820234,-0.5399752934381158
mlp512x1,vogn,val,robust,0.08,0.25,robust_eps0p08_lam0p25,0.08,all,predictive_entropy,rho_optimistic,5,-0.49414059927216514,0.020138153348794676,-0.51914541927567,-0.46913577926866024
mlp512x1,vogn,val,robust,0.08,0.25,robust_eps0p08_lam0p25,0.08,clean_correct,predictive_entropy,rho_pessimistic,5,-0.5624568951277663,0.029911333072143102,-0.599596720541728,-0.5253170697138047
mlp512x1,vogn,val,robust,0.08,0.25,robust_eps0p08_lam0p25,0.08,clean_correct,predictive_entropy,rho_optimistic,5,-0.46539450755745077,0.01873792167588653,-0.488660710303561,-0.4421283048113405
mlp512x1,vogn,val,robust,0.08,0.25,robust_eps0p08_lam0p25,0.1,all,expected_entropy,rho_pessimistic,5,-0.31151420404327895,0.021946477629567473,-0.3387643552032972,-0.28426405288326073
mlp512x1,vogn,val,robust,0.08,0.25,robust_eps0p08_lam0p25,0.1,all,expected_entropy,rho_optimistic,5,-0.4351346335947495,0.012754050598818133,-0.45097087905457117,-0.41929838813492787
mlp512x1,vogn,val,robust,0.08,0.25,robust_eps0p08_lam0p25,0.1,clean_correct,expected_entropy,rho_pessimistic,5,-0.2954984041261155,0.024340756524654707,-0.3257214451918226,-0.2652753630604084
mlp512x1,vogn,val,robust,0.08,0.25,robust_eps0p08_lam0p25,0.1,clean_correct,expected_entropy,rho_optimistic,5,-0.40368806518234246,0.013704926490902795,-0.4207049790041255,-0.3866711513605594
mlp512x1,vogn,val,robust,0.08,0.25,robust_eps0p08_lam0p25,0.1,all,mutual_information,rho_pessimistic,5,-0.4259253594683942,0.03132074534567695,-0.4648152013610294,-0.38703551757575905
mlp512x1,vogn,val,robust,0.08,0.25,robust_eps0p08_lam0p25,0.1,all,mutual_information,rho_optimistic,5,-0.6289822602437047,0.044760666496485524,-0.6845599683679963,-0.5734045521194132
mlp512x1,vogn,val,robust,0.08,0.25,robust_eps0p08_lam0p25,0.1,clean_correct,mutual_information,rho_pessimistic,5,-0.41572177888307504,0.030409506920872485,-0.4534801688298506,-0.3779633889362995
mlp512x1,vogn,val,robust,0.08,0.25,robust_eps0p08_lam0p25,0.1,clean_correct,mutual_information,rho_optimistic,5,-0.6138107676053279,0.05109885520118955,-0.6772583764580722,-0.5503631587525837
mlp512x1,vogn,val,robust,0.08,0.25,robust_eps0p08_lam0p25,0.1,all,one_minus_confidence,rho_pessimistic,5,-0.3276588092447747,0.0336946938370272,-0.3694962975127096,-0.28582132097683977
mlp512x1,vogn,val,robust,0.08,0.25,robust_eps0p08_lam0p25,0.1,all,one_minus_confidence,rho_optimistic,5,-0.4464907125607124,0.016566031413733053,-0.4670601573602573,-0.42592126776116745
mlp512x1,vogn,val,robust,0.08,0.25,robust_eps0p08_lam0p25,0.1,clean_correct,one_minus_confidence,rho_pessimistic,5,-0.3129765936871679,0.03567112872343179,-0.35726814999834533,-0.2686850373759905
mlp512x1,vogn,val,robust,0.08,0.25,robust_eps0p08_lam0p25,0.1,clean_correct,one_minus_confidence,rho_optimistic,5,-0.4166877570060593,0.014174048232521294,-0.4342871624051847,-0.3990883516069339
mlp512x1,vogn,val,robust,0.08,0.25,robust_eps0p08_lam0p25,0.1,all,predictive_entropy,rho_pessimistic,5,-0.3133298067731184,0.022877683503929415,-0.3417362027422477,-0.2849234108039891
mlp512x1,vogn,val,robust,0.08,0.25,robust_eps0p08_lam0p25,0.1,all,predictive_entropy,rho_optimistic,5,-0.44120134826209834,0.009607604819513742,-0.45313076527545754,-0.42927193124873914
mlp512x1,vogn,val,robust,0.08,0.25,robust_eps0p08_lam0p25,0.1,clean_correct,predictive_entropy,rho_pessimistic,5,-0.2974465609303475,0.025567656101411585,-0.32919299902992505,-0.26570012283076994
mlp512x1,vogn,val,robust,0.08,0.25,robust_eps0p08_lam0p25,0.1,clean_correct,predictive_entropy,rho_optimistic,5,-0.4098592809390437,0.009071030543944876,-0.4211224529920668,-0.39859610888602065
mlp512x1,vogn,val,standard,,,standard,0.01,all,expected_entropy,rho_pessimistic,5,-0.92296047051657,0.007852880307970265,-0.93271110927718,-0.91320983175596
mlp512x1,vogn,val,standard,,,standard,0.01,all,expected_entropy,rho_optimistic,5,-0.8252996968405213,0.03756373691781195,-0.8719412366093661,-0.7786581570716765
mlp512x1,vogn,val,standard,,,standard,0.01,clean_correct,expected_entropy,rho_pessimistic,5,-0.911904681134858,0.008089467843241264,-0.9219490821204377,-0.9018602801492783
mlp512x1,vogn,val,standard,,,standard,0.01,clean_correct,expected_entropy,rho_optimistic,5,-0.7988751509965665,0.0409943908810989,-0.8497764102819196,-0.7479738917112133
mlp512x1,vogn,val,standard,,,standard,0.01,all,mutual_information,rho_pessimistic,5,-0.8931065825389505,0.02359634847146657,-0.922405318925041,-0.86380784615286
mlp512x1,vogn,val,standard,,,standard,0.01,all,mutual_information,rho_optimistic,5,-0.8200829817185618,0.03428366664349222,-0.8626517763162054,-0.7775141871209181
mlp512x1,vogn,val,standard,,,standard,0.01,clean_correct,mutual_information,rho_pessimistic,5,-0.8785142428978554,0.025096286403684838,-0.9096753982139215,-0.8473530875817893
mlp512x1,vogn,val,standard,,,standard,0.01,clean_correct,mutual_information,rho_optimistic,5,-0.793372577697232,0.0356358430861994,-0.8376203211030043,-0.7491248342914597
mlp512x1,vogn,val,standard,,,standard,0.01,all,one_minus_confidence,rho_pessimistic,5,-0.92050135871303,0.015408363467847769,-0.9396333689022947,-0.9013693485237653
mlp512x1,vogn,val,standard,,,standard,0.01,all,one_minus_confidence,rho_optimistic,5,-0.8328633259536449,0.03857024304682135,-0.880754608146852,-0.7849720437604377
mlp512x1,vogn,val,standard,,,standard,0.01,clean_correct,one_minus_confidence,rho_pessimistic,5,-0.9093169945463642,0.015977849431159687,-0.9291561149537556,-0.8894778741389727
mlp512x1,vogn,val,standard,,,standard,0.01,clean_correct,one_minus_confidence,rho_optimistic,5,-0.8076850885124275,0.04196964320029231,-0.8597972834916878,-0.7555728935331671
mlp512x1,vogn,val,standard,,,standard,0.01,all,predictive_entropy,rho_pessimistic,5,-0.9201045287598172,0.013305318860841117,-0.9366252641739451,-0.9035837933456893
mlp512x1,vogn,val,standard,,,standard,0.01,all,predictive_entropy,rho_optimistic,5,-0.82770789549069,0.03860660394281316,-0.8756443256993927,-0.7797714652819874
mlp512x1,vogn,val,standard,,,standard,0.01,clean_correct,predictive_entropy,rho_pessimistic,5,-0.9088777332777562,0.013476129654508825,-0.9256105583048859,-0.8921449082506265
mlp512x1,vogn,val,standard,,,standard,0.01,clean_correct,predictive_entropy,rho_optimistic,5,-0.801786942683893,0.041894323299779525,-0.8538056156543383,-0.7497682697134476
mlp512x1,vogn,val,standard,,,standard,0.05,all,expected_entropy,rho_pessimistic,0,,,,
mlp512x1,vogn,val,standard,,,standard,0.05,all,expected_entropy,rho_optimistic,5,-0.9036216330220974,0.016292174508203888,-0.9238510395613873,-0.8833922264828076
mlp512x1,vogn,val,standard,,,standard,0.05,clean_correct,expected_entropy,rho_pessimistic,0,,,,
mlp512x1,vogn,val,standard,,,standard,0.05,clean_correct,expected_entropy,rho_optimistic,5,-0.8905759014719494,0.01646661134117959,-0.9110218999467059,-0.870129902997193
mlp512x1,vogn,val,standard,,,standard,0.05,all,mutual_information,rho_pessimistic,0,,,,
mlp512x1,vogn,val,standard,,,standard,0.05,all,mutual_information,rho_optimistic,5,-0.8276771753888195,0.03856901883046168,-0.8755669375166468,-0.7797874132609921
mlp512x1,vogn,val,standard,,,standard,0.05,clean_correct,mutual_information,rho_pessimistic,0,,,,
mlp512x1,vogn,val,standard,,,standard,0.05,clean_correct,mutual_information,rho_optimistic,5,-0.8045637134514114,0.04095631489051663,-0.8554176951500627,-0.7537097317527601
mlp512x1,vogn,val,standard,,,standard,0.05,all,one_minus_confidence,rho_pessimistic,0,,,,
mlp512x1,vogn,val,standard,,,standard,0.05,all,one_minus_confidence,rho_optimistic,5,-0.8810255664588553,0.02886664090656646,-0.916868235221615,-0.8451828976960957
mlp512x1,vogn,val,standard,,,standard,0.05,clean_correct,one_minus_confidence,rho_pessimistic,0,,,,
mlp512x1,vogn,val,standard,,,standard,0.05,clean_correct,one_minus_confidence,rho_optimistic,5,-0.8648432651162429,0.030731837737425247,-0.9030018816334436,-0.8266846485990421
mlp512x1,vogn,val,standard,,,standard,0.05,all,predictive_entropy,rho_pessimistic,0,,,,
mlp512x1,vogn,val,standard,,,standard,0.05,all,predictive_entropy,rho_optimistic,5,-0.8855695987216426,0.023723703780826697,-0.9150264676103457,-0.8561127298329396
mlp512x1,vogn,val,standard,,,standard,0.05,clean_correct,predictive_entropy,rho_pessimistic,0,,,,
mlp512x1,vogn,val,standard,,,standard,0.05,clean_correct,predictive_entropy,rho_optimistic,5,-0.8701672952768469,0.024747456231416606,-0.9008953207265202,-0.8394392698271735
mlp512x1,vogn,val,standard,,,standard,0.07,all,expected_entropy,rho_pessimistic,0,,,,
mlp512x1,vogn,val,standard,,,standard,0.07,all,expected_entropy,rho_optimistic,5,-0.8056088036167968,0.028078767428262055,-0.8404731982464062,-0.7707444089871873
mlp512x1,vogn,val,standard,,,standard,0.07,clean_correct,expected_entropy,rho_pessimistic,0,,,,
mlp512x1,vogn,val,standard,,,standard,0.07,clean_correct,expected_entropy,rho_optimistic,5,-0.7885432290287822,0.02963154085452943,-0.8253356465191554,-0.751750811538409
mlp512x1,vogn,val,standard,,,standard,0.07,all,mutual_information,rho_pessimistic,0,,,,
mlp512x1,vogn,val,standard,,,standard,0.07,all,mutual_information,rho_optimistic,5,-0.7242790776386119,0.056476879017249244,-0.7944043850452398,-0.654153770231984
mlp512x1,vogn,val,standard,,,standard,0.07,clean_correct,mutual_information,rho_pessimistic,0,,,,
mlp512x1,vogn,val,standard,,,standard,0.07,clean_correct,mutual_information,rho_optimistic,5,-0.6977528299249285,0.06033579536938615,-0.7726696148380846,-0.6228360450117724
mlp512x1,vogn,val,standard,,,standard,0.07,all,one_minus_confidence,rho_pessimistic,0,,,,
mlp512x1,vogn,val,standard,,,standard,0.07,all,one_minus_confidence,rho_optimistic,5,-0.779885487820734,0.04158746253281367,-0.8315231428243767,-0.7282478328170913
mlp512x1,vogn,val,standard,,,standard,0.07,clean_correct,one_minus_confidence,rho_pessimistic,0,,,,
mlp512x1,vogn,val,standard,,,standard,0.07,clean_correct,one_minus_confidence,rho_optimistic,5,-0.7599523894254392,0.04390567570639457,-0.814468486266879,-0.7054362925839994
mlp512x1,vogn,val,standard,,,standard,0.07,all,predictive_entropy,rho_pessimistic,0,,,,
mlp512x1,vogn,val,standard,,,standard,0.07,all,predictive_entropy,rho_optimistic,5,-0.786286433390026,0.03694634732305564,-0.8321613827261962,-0.7404114840538558
mlp512x1,vogn,val,standard,,,standard,0.07,clean_correct,predictive_entropy,rho_pessimistic,0,,,,
mlp512x1,vogn,val,standard,,,standard,0.07,clean_correct,predictive_entropy,rho_optimistic,5,-0.7669767456557955,0.039120014352724226,-0.8155506590867877,-0.7184028322248034
mlp512x1,vogn,val,standard,,,standard,0.08,all,expected_entropy,rho_pessimistic,0,,,,
mlp512x1,vogn,val,standard,,,standard,0.08,all,expected_entropy,rho_optimistic,5,-0.7566104868469179,0.013875425663402944,-0.773839103352918,-0.7393818703409178
mlp512x1,vogn,val,standard,,,standard,0.08,clean_correct,expected_entropy,rho_pessimistic,0,,,,
mlp512x1,vogn,val,standard,,,standard,0.08,clean_correct,expected_entropy,rho_optimistic,5,-0.7443530760963212,0.015522311318025183,-0.7636265712288238,-0.7250795809638185
mlp512x1,vogn,val,standard,,,standard,0.08,all,mutual_information,rho_pessimistic,0,,,,
mlp512x1,vogn,val,standard,,,standard,0.08,all,mutual_information,rho_optimistic,5,-0.6684524177840597,0.028739009938403857,-0.704136611768596,-0.6327682237995235
mlp512x1,vogn,val,standard,,,standard,0.08,clean_correct,mutual_information,rho_pessimistic,0,,,,
mlp512x1,vogn,val,standard,,,standard,0.08,clean_correct,mutual_information,rho_optimistic,5,-0.6480629989041079,0.028122649716809417,-0.6829818805915654,-0.6131441172166504
mlp512x1,vogn,val,standard,,,standard,0.08,all,one_minus_confidence,rho_pessimistic,0,,,,
mlp512x1,vogn,val,standard,,,standard,0.08,all,one_minus_confidence,rho_optimistic,5,-0.7274855206763122,0.02103282318552704,-0.7536012200063665,-0.7013698213462579
mlp512x1,vogn,val,standard,,,standard,0.08,clean_correct,one_minus_confidence,rho_pessimistic,0,,,,
mlp512x1,vogn,val,standard,,,standard,0.08,clean_correct,one_minus_confidence,rho_optimistic,5,-0.7126392833846931,0.019906704569742313,-0.7373567217718204,-0.6879218449975657
mlp512x1,vogn,val,standard,,,standard,0.08,all,predictive_entropy,rho_pessimistic,0,,,,
mlp512x1,vogn,val,standard,,,standard,0.08,all,predictive_entropy,rho_optimistic,5,-0.7320907808400585,0.014923183989545027,-0.7506203611384474,-0.7135612005416696
mlp512x1,vogn,val,standard,,,standard,0.08,clean_correct,predictive_entropy,rho_pessimistic,0,,,,
mlp512x1,vogn,val,standard,,,standard,0.08,clean_correct,predictive_entropy,rho_optimistic,5,-0.717592137761563,0.013301079756663975,-0.7341076096326495,-0.7010766658904766
mlp512x1,vogn,val,standard,,,standard,0.1,all,expected_entropy,rho_pessimistic,0,,,,
mlp512x1,vogn,val,standard,,,standard,0.1,all,expected_entropy,rho_optimistic,5,-0.602497056290874,0.03870046598538066,-0.6505500316186306,-0.5544440809631175
mlp512x1,vogn,val,standard,,,standard,0.1,clean_correct,expected_entropy,rho_pessimistic,0,,,,
mlp512x1,vogn,val,standard,,,standard,0.1,clean_correct,expected_entropy,rho_optimistic,5,-0.6018315436737451,0.040571907646630656,-0.6522082207370145,-0.5514548666104758
mlp512x1,vogn,val,standard,,,standard,0.1,all,mutual_information,rho_pessimistic,0,,,,
mlp512x1,vogn,val,standard,,,standard,0.1,all,mutual_information,rho_optimistic,5,-0.5287571226642857,0.045451085138685426,-0.5851920987602854,-0.4723221465682858
mlp512x1,vogn,val,standard,,,standard,0.1,clean_correct,mutual_information,rho_pessimistic,0,,,,
mlp512x1,vogn,val,standard,,,standard,0.1,clean_correct,mutual_information,rho_optimistic,5,-0.522592799163038,0.04829065417271453,-0.5825535658990061,-0.46263203242707
mlp512x1,vogn,val,standard,,,standard,0.1,all,one_minus_confidence,rho_pessimistic,0,,,,
mlp512x1,vogn,val,standard,,,standard,0.1,all,one_minus_confidence,rho_optimistic,5,-0.5828729721424407,0.048453736253829656,-0.6430362320272816,-0.5227097122575999
mlp512x1,vogn,val,standard,,,standard,0.1,clean_correct,one_minus_confidence,rho_pessimistic,0,,,,
mlp512x1,vogn,val,standard,,,standard,0.1,clean_correct,one_minus_confidence,rho_optimistic,5,-0.5807336525198389,0.05115534993906145,-0.6442514088546866,-0.5172158961849912
mlp512x1,vogn,val,standard,,,standard,0.1,all,predictive_entropy,rho_pessimistic,0,,,,
mlp512x1,vogn,val,standard,,,standard,0.1,all,predictive_entropy,rho_optimistic,5,-0.5844882148953296,0.04547286414959738,-0.6409502332050954,-0.5280261965855639
mlp512x1,vogn,val,standard,,,standard,0.1,clean_correct,predictive_entropy,rho_pessimistic,0,,,,
mlp512x1,vogn,val,standard,,,standard,0.1,clean_correct,predictive_entropy,rho_optimistic,5,-0.5824350684624587,0.04792911992366497,-0.6419469311372643,-0.5229232057876532
