comparison_id,architecture,family,seed,eval_split,train_epsilon,rob_lam,robust_config_id,eval_epsilon,subset,score,task,tau,auroc_standard,auroc_robust,delta_auroc,auprc_standard,auprc_robust,delta_auprc,prevalence_standard,prevalence_robust
/home/user/thesis/UncertaintyAndRobustnessInBNNs/runs/mlp512x1/bbb/seed0_eps0p08_lam0p25.json,mlp512x1,bbb,0,val,0.08,0.25,robust_eps0p08_lam0p25,0.01,all,expected_entropy,pgd_failure,,1.0,0.875,-0.125,1.0,0.5714285714285714,-0.4285714285714286,0.04,0.04
/home/user/thesis/UncertaintyAndRobustnessInBNNs/runs/mlp512x1/bbb/seed0_eps0p08_lam0p25.json,mlp512x1,bbb,0,val,0.08,0.25,robust_eps0p08_lam0p25,0.01,all,expected_entropy,certified_below_threshold,0.5,1.0,0.875,-0.125,1.0,0.5714285714285714,-0.4285714285714286,0.04,0.04
/home/user/thesis/UncertaintyAndRobustnessInBNNs/runs/mlp512x1/bbb/seed0_eps0p08_lam0p25.json,mlp512x1,bbb,0,val,0.08,0.25,robust_eps0p08_lam0p25,0.01,all,expected_entropy,certified_below_threshold,0.9,1.0,0.875,-0.125,1.0,0.5714285714285714,-0.4285714285714286,0.045454545454545456,0.04
/home/user/thesis/UncertaintyAndRobustnessInBNNs/runs/mlp512x1/bbb/seed0_eps0p08_lam0p25.json,mlp512x1,bbb,0,val,0.08,0.25,robust_eps0p08_lam0p25,0.01,clean_correct,expected_entropy,pgd_failure,,,,,,,,0.0,0.0
/home/user/thesis/UncertaintyAndRobustnessInBNNs/runs/mlp512x1/bbb/seed0_eps0p08_lam0p25.json,mlp512x1,bbb,0,val,0.08,0.25,robust_eps0p08_lam0p25,0.01,clean_correct,expected_entropy,certified_below_threshold,0.5,,,,,,,0.0,0.0
/home/user/thesis/UncertaintyAndRobustnessInBNNs/runs/mlp512x1/bbb/seed0_eps0p08_lam0p25.json,mlp512x1,bbb,0,val,0.08,0.25,robust_eps0p08_lam0p25,0.01,clean_correct,expected_entropy,certified_below_threshold,0.9,,,,,,,0.0,0.0
/home/user/thesis/UncertaintyAndRobustnessInBNNs/runs/mlp512x1/bbb/seed0_eps0p08_lam0p25.json,mlp512x1,bbb,0,val,0.08,0.25,robust_eps0p08_lam0p25,0.01,all,mutual_information,pgd_failure,,1.0,0.8854166666666666,-0.11458333333333337,1.0,0.3333333333333333,-0.6666666666666667,0.04,0.04
/home/user/thesis/UncertaintyAndRobustnessInBNNs/runs/mlp512x1/bbb/seed0_eps0p08_lam0p25.json,mlp512x1,bbb,0,val,0.08,0.25,robust_eps0p08_lam0p25,0.01,all,mutual_information,certified_below_threshold,0.5,1.0,0.8854166666666666,-0.11458333333333337,1.0,0.3333333333333333,-0.6666666666666667,0.04,0.04
/home/user/thesis/UncertaintyAndRobustnessInBNNs/runs/mlp512x1/bbb/seed0_eps0p08_lam0p25.json,mlp512x1,bbb,0,val,0.08,0.25,robust_eps0p08_lam0p25,0.01,all,mutual_information,certified_below_threshold,0.9,1.0,0.8854166666666666,-0.11458333333333337,1.0,0.3333333333333333,-0.6666666666666667,0.045454545454545456,0.04
/home/user/thesis/UncertaintyAndRobustnessInBNNs/runs/mlp512x1/bbb/seed0_eps0p08_lam0p25.json,mlp512x1,bbb,0,val,0.08,0.25,robust_eps0p08_lam0p25,0.01,clean_correct,mutual_information,pgd_failure,,,,,,,,0.0,0.0
/home/user/thesis/UncertaintyAndRobustnessInBNNs/runs/mlp512x1/bbb/seed0_eps0p08_lam0p25.json,mlp512x1,bbb,0,val,0.08,0.25,robust_eps0p08_lam0p25,0.01,clean_correct,mutual_information,certified_below_threshold,0.5,,,,,,,0.0,0.0
/home/user/thesis/UncertaintyAndRobustnessInBNNs/runs/mlp512x1/bbb/seed0_eps0p08_lam0p25.json,mlp512x1,bbb,0,val,0.08,0.25,robust_eps0p08_lam0p25,0.01,clean_correct,mutual_information,certified_below_threshold,0.9,,,,,,,0.0,0.0
/home/user/thesis/UncertaintyAndRobustnessInBNNs/runs/mlp512x1/bbb/seed0_eps0p08_lam0p25.json,mlp512x1,bbb,0,val,0.08,0.25,robust_eps0p08_lam0p25,0.01,all,one_minus_confidence,pgd_failure,,1.0,0.8854166666666666,-0.11458333333333337,1.0,0.5769230769230769,-0.42307692307692313,0.04,0.04
/home/user/thesis/UncertaintyAndRobustnessInBNNs/runs/mlp512x1/bbb/seed0_eps0p08_lam0p25.json,mlp512x1,bbb,0,val,0.08,0.25,robust_eps0p08_lam0p25,0.01,all,one_minus_confidence,certified_below_threshold,0.5,1.0,0.8854166666666666,-0.11458333333333337,1.0,0.5769230769230769,-0.42307692307692313,0.04,0.04
/home/user/thesis/UncertaintyAndRobustnessInBNNs/runs/mlp512x1/bbb/seed0_eps0p08_lam0p25.json,mlp512x1,bbb,0,val,0.08,0.25,robust_eps0p08_lam0p25,0.01,all,one_minus_confidence,certified_below_threshold,0.9,1.0,0.8854166666666666,-0.11458333333333337,1.0,0.5769230769230769,-0.42307692307692313,0.045454545454545456,0.04
/home/user/thesis/UncertaintyAndRobustnessInBNNs/runs/mlp512x1/bbb/seed0_eps0p08_lam0p25.json,mlp512x1,bbb,0,val,0.08,0.25,robust_eps0p08_lam0p25,0.01,clean_correct,one_minus_confidence,pgd_failure,,,,,,,,0.0,0.0
/home/user/thesis/UncertaintyAndRobustnessInBNNs/runs/mlp512x1/bbb/seed0_eps0p08_lam0p25.json,mlp512x1,bbb,0,val,0.08,0.25,robust_eps0p08_lam0p25,0.01,clean_correct,one_minus_confidence,certified_below_threshold,0.5,,,,,,,0.0,0.0
/home/user/thesis/UncertaintyAndRobustnessInBNNs/runs/mlp512x1/bbb/seed0_eps0p08_lam0p25.json,mlp512x1,bbb,0,val,0.08,0.25,robust_eps0p08_lam0p25,0.01,clean_correct,one_minus_confidence,certified_below_threshold,0.9,,,,,,,0.0,0.0
/home/user/thesis/UncertaintyAndRobustnessInBNNs/runs/mlp512x1/bbb/seed0_eps0p08_lam0p25.json,mlp512x1,bbb,0,val,0.08,0.25,robust_eps0p08_lam0p25,0.01,all,predictive_entropy,pgd_failure,,1.0,0.875,-0.125,1.0,0.5714285714285714,-0.4285714285714286,0.04,0.04
/home/user/thesis/UncertaintyAndRobustnessInBNNs/runs/mlp512x1/bbb/seed0_eps0p08_lam0p25.json,mlp512x1,bbb,0,val,0.08,0.25,robust_eps0p08_lam0p25,0.01,all,predictive_entropy,certified_below_threshold,0.5,1.0,0.875,-0.125,1.0,0.5714285714285714,-0.4285714285714286,0.04,0.04
/home/user/thesis/UncertaintyAndRobustnessInBNNs/runs/mlp512x1/bbb/seed0_eps0p08_lam0p25.json,mlp512x1,bbb,0,val,0.08,0.25,robust_eps0p08_lam0p25,0.01,all,predictive_entropy,certified_below_threshold,0.9,1.0,0.875,-0.125,1.0,0.5714285714285714,-0.4285714285714286,0.045454545454545456,0.04
/home/user/thesis/UncertaintyAndRobustnessInBNNs/runs/mlp512x1/bbb/seed0_eps0p08_lam0p25.json,mlp512x1,bbb,0,val,0.08,0.25,robust_eps0p08_lam0p25,0.01,clean_correct,predictive_entropy,pgd_failure,,,,,,,,0.0,0.0
/home/user/thesis/UncertaintyAndRobustnessInBNNs/runs/mlp512x1/bbb/seed0_eps0p08_lam0p25.json,mlp512x1,bbb,0,val,0.08,0.25,robust_eps0p08_lam0p25,0.01,clean_correct,predictive_entropy,certified_below_threshold,0.5,,,,,,,0.0,0.0
/home/user/thesis/UncertaintyAndRobustnessInBNNs/runs/mlp512x1/bbb/seed0_eps0p08_lam0p25.json,mlp512x1,bbb,0,val,0.08,0.25,robust_eps0p08_lam0p25,0.01,clean_correct,predictive_entropy,certified_below_threshold,0.9,,,,,,,0.0,0.0
/home/user/thesis/UncertaintyAndRobustnessInBNNs/runs/mlp512x1/bbb/seed0_eps0p08_lam0p25.json,mlp512x1,bbb,0,val,0.08,0.25,robust_eps0p08_lam0p25,0.05,all,expected_entropy,pgd_failure,,0.9866666666666667,0.9148936170212766,-0.07177304964539011,0.9028571428571428,0.626984126984127,-0.2758730158730158,0.1,0.06
/home/user/thesis/UncertaintyAndRobustnessInBNNs/runs/mlp512x1/bbb/seed0_eps0p08_lam0p25.json,mlp512x1,bbb,0,val,0.08,0.25,robust_eps0p08_lam0p25,0.05,all,expected_entropy,certified_below_threshold,0.5,,0.927536231884058,,,0.7435897435897436,,1.0,0.061224489795918366
/home/user/thesis/UncertaintyAndRobustnessInBNNs/runs/mlp512x1/bbb/seed0_eps0p08_lam0p25.json,mlp512x1,bbb,0,val,0.08,0.25,robust_eps0p08_lam0p25,0.05,all,expected_entropy,certified_below_threshold,0.9,,0.927536231884058,,,0.7435897435897436,,1.0,0.061224489795918366
/home/user/thesis/UncertaintyAndRobustnessInBNNs/runs/mlp512x1/bbb/seed0_eps0p08_lam0p25.json,mlp512x1,bbb,0,val,0.08,0.25,robust_eps0p08_lam0p25,0.05,clean_correct,expected_entropy,pgd_failure,,0.9777777777777779,0.9787234042553191,0.0009456264775412615,0.7555555555555555,0.5,-0.25555555555555554,0.0625,0.020833333333333332
/home/user/thesis/UncertaintyAndRobustnessInBNNs/runs/mlp512x1/bbb/seed0_eps0p08_lam0p25.json,mlp512x1,bbb,0,val,0.08,0.25,robust_eps0p08_lam0p25,0.05,clean_correct,expected_entropy,certified_below_threshold,0.5,,1.0,,,1.0,,1.0,0.02127659574468085
/home/user/thesis/UncertaintyAndRobustnessInBNNs/runs/mlp512x1/bbb/seed0_eps0p08_lam0p25.json,mlp512x1,bbb,0,val,0.08,0.25,robust_eps0p08_lam0p25,0.05,clean_correct,expected_entropy,certified_below_threshold,0.9,,1.0,,,1.0,,1.0,0.02127659574468085
/home/user/thesis/UncertaintyAndRobustnessInBNNs/runs/mlp512x1/bbb/seed0_eps0p08_lam0p25.json,mlp512x1,bbb,0,val,0.08,0.25,robust_eps0p08_lam0p25,0.05,all,mutual_information,pgd_failure,,0.9688888888888889,0.9361702127659575,-0.032718676122931445,0.8253968253968254,0.75,-0.07539682539682535,0.1,0.06
/home/user/thesis/UncertaintyAndRobustnessInBNNs/runs/mlp512x1/bbb/seed0_eps0p08_lam0p25.json,mlp512x1,bbb,0,val,0.08,0.25,robust_eps0p08_lam0p25,0.05,all,mutual_information,certified_below_threshold,0.5,,0.9420289855072463,,,0.7575757575757576,,1.0,0.061224489795918366
/home/user/thesis/UncertaintyAndRobustnessInBNNs/runs/mlp512x1/bbb/seed0_eps0p08_lam0p25.json,mlp512x1,bbb,0,val,0.08,0.25,robust_eps0p08_lam0p25,0.05,all,mutual_information,certified_below_threshold,0.9,,0.9420289855072463,,,0.7575757575757576,,1.0,0.061224489795918366
/home/user/thesis/UncertaintyAndRobustnessInBNNs/runs/mlp512x1/bbb/seed0_eps0p08_lam0p25.json,mlp512x1,bbb,0,val,0.08,0.25,robust_eps0p08_lam0p25,0.05,clean_correct,mutual_information,pgd_failure,,0.9481481481481482,1.0,0.051851851851851816,0.6095238095238096,1.0,0.3904761904761904,0.0625,0.020833333333333332
/home/user/thesis/UncertaintyAndRobustnessInBNNs/runs/mlp512x1/bbb/seed0_eps0p08_lam0p25.json,mlp512x1,bbb,0,val,0.08,0.25,robust_eps0p08_lam0p25,0.05,clean_correct,mutual_information,certified_below_threshold,0.5,,1.0,,,1.0,,1.0,0.02127659574468085
/home/user/thesis/UncertaintyAndRobustnessInBNNs/runs/mlp512x1/bbb/seed0_eps0p08_lam0p25.json,mlp512x1,bbb,0,val,0.08,0.25,robust_eps0p08_lam0p25,0.05,clean_correct,mutual_information,certified_below_threshold,0.9,,1.0,,,1.0,,1.0,0.02127659574468085
/home/user/thesis/UncertaintyAndRobustnessInBNNs/runs/mlp512x1/bbb/seed0_eps0p08_lam0p25.json,mlp512x1,bbb,0,val,0.08,0.25,robust_eps0p08_lam0p25,0.05,all,one_minus_confidence,pgd_failure,,0.991111111111111,0.9219858156028369,-0.06912529550827418,0.9266666666666665,0.6324786324786325,-0.2941880341880341,0.1,0.06
/home/user/thesis/UncertaintyAndRobustnessInBNNs/runs/mlp512x1/bbb/seed0_eps0p08_lam0p25.json,mlp512x1,bbb,0,val,0.08,0.25,robust_eps0p08_lam0p25,0.05,all,one_minus_confidence,certified_below_threshold,0.5,,0.9347826086956522,,,0.75,,1.0,0.061224489795918366
/home/user/thesis/UncertaintyAndRobustnessInBNNs/runs/mlp512x1/bbb/seed0_eps0p08_lam0p25.json,mlp512x1,bbb,0,val,0.08,0.25,robust_eps0p08_lam0p25,0.05,all,one_minus_confidence,certified_below_threshold,0.9,,0.9347826086956522,,,0.75,,1.0,0.061224489795918366
/home/user/thesis/UncertaintyAndRobustnessInBNNs/runs/mlp512x1/bbb/seed0_eps0p08_lam0p25.json,mlp512x1,bbb,0,val,0.08,0.25,robust_eps0p08_lam0p25,0.05,clean_correct,one_minus_confidence,pgd_failure,,0.9851851851851852,0.9787234042553191,-0.006461780929866046,0.8055555555555556,0.5,-0.3055555555555556,0.0625,0.020833333333333332
/home/user/thesis/UncertaintyAndRobustnessInBNNs/runs/mlp512x1/bbb/seed0_eps0p08_lam0p25.json,mlp512x1,bbb,0,val,0.08,0.25,robust_eps0p08_lam0p25,0.05,clean_correct,one_minus_confidence,certified_below_threshold,0.5,,1.0,,,1.0,,1.0,0.02127659574468085
/home/user/thesis/UncertaintyAndRobustnessInBNNs/runs/mlp512x1/bbb/seed0_eps0p08_lam0p25.json,mlp512x1,bbb,0,val,0.08,0.25,robust_eps0p08_lam0p25,0.05,clean_correct,one_minus_confidence,certified_below_threshold,0.9,,1.0,,,1.0,,1.0,0.02127659574468085
/home/user/thesis/UncertaintyAndRobustnessInBNNs/runs/mlp512x1/bbb/seed0_eps0p08_lam0p25.json,mlp512x1,bbb,0,val,0.08,0.25,robust_eps0p08_lam0p25,0.05,all,predictive_entropy,pgd_failure,,0.9866666666666667,0.9148936170212766,-0.07177304964539011,0.9028571428571428,0.626984126984127,-0.2758730158730158,0.1,0.06
/home/user/thesis/UncertaintyAndRobustnessInBNNs/runs/mlp512x1/bbb/seed0_eps0p08_lam0p25.json,mlp512x1,bbb,0,val,0.08,0.25,robust_eps0p08_lam0p25,0.05,all,predictive_entropy,certified_below_threshold,0.5,,0.927536231884058,,,0.7435897435897436,,1.0,0.061224489795918366
/home/user/thesis/UncertaintyAndRobustnessInBNNs/runs/mlp512x1/bbb/seed0_eps0p08_lam0p25.json,mlp512x1,bbb,0,val,0.08,0.25,robust_eps0p08_lam0p25,0.05,all,predictive_entropy,certified_below_threshold,0.9,,0.927536231884058,,,0.7435897435897436,,1.0,0.061224489795918366
/home/user/thesis/UncertaintyAndRobustnessInBNNs/runs/mlp512x1/bbb/seed0_eps0p08_lam0p25.json,mlp512x1,bbb,0,val,0.08,0.25,robust_eps0p08_lam0p25,0.05,clean_correct,predictive_entropy,pgd_failure,,0.9777777777777779,0.9787234042553191,0.0009456264775412615,0.7555555555555555,0.5,-0.25555555555555554,0.0625,0.020833333333333332
/home/user/thesis/UncertaintyAndRobustnessInBNNs/runs/mlp512x1/bbb/seed0_eps0p08_lam0p25.json,mlp512x1,bbb,0,val,0.08,0.25,robust_eps0p08_lam0p25,0.05,clean_correct,predictive_entropy,certified_below_threshold,0.5,,1.0,,,1.0,,1.0,0.02127659574468085
/home/user/thesis/UncertaintyAndRobustnessInBNNs/runs/mlp512x1/bbb/seed0_eps0p08_lam0p25.json,mlp512x1,bbb,0,val,0.08,0.25,robust_eps0p08_lam0p25,0.05,clean_correct,predictive_entropy,certified_below_threshold,0.9,,1.0,,,1.0,,1.0,0.02127659574468085
/home/user/thesis/UncertaintyAndRobustnessInBNNs/runs/mlp512x1/bbb/seed0_eps0p08_lam0p25.json,mlp512x1,bbb,0,val,0.08,0.25,robust_eps0p08_lam0p25,0.07,all,expected_entropy,pgd_failure,,0.7942857142857143,0.8097826086956521,0.015496894409937845,0.6610628985737345,0.5072751322751323,-0.15378776629860214,0.3,0.08
/home/user/thesis/UncertaintyAndRobustnessInBNNs/runs/mlp512x1/bbb/seed0_eps0p08_lam0p25.json,mlp512x1,bbb,0,val,0.08,0.25,robust_eps0p08_lam0p25,0.07,all,expected_entropy,certified_below_threshold,0.5,,0.8255813953488373,,,0.5993589743589743,,1.0,0.0851063829787234
/home/user/thesis/UncertaintyAndRobustnessInBNNs/runs/mlp512x1/bbb/seed0_eps0p08_lam0p25.json,mlp512x1,bbb,0,val,0.08,0.25,robust_eps0p08_lam0p25,0.07,all,expected_entropy,certified_below_threshold,0.9,,0.8048780487804879,,,0.540537084398977,,1.0,0.10869565217391304
/home/user/thesis/UncertaintyAndRobustnessInBNNs/runs/mlp512x1/bbb/seed0_eps0p08_lam0p25.json,mlp512x1,bbb,0,val,0.08,0.25,robust_eps0p08_lam0p25,0.07,clean_correct,expected_entropy,pgd_failure,,0.7626373626373626,0.7391304347826086,-0.023506927854753945,0.5508838625631444,0.29,-0.2608838625631444,0.2708333333333333,0.041666666666666664
/home/user/thesis/UncertaintyAndRobustnessInBNNs/runs/mlp512x1/bbb/seed0_eps0p08_lam0p25.json,mlp512x1,bbb,0,val,0.08,0.25,robust_eps0p08_lam0p25,0.07,clean_correct,expected_entropy,certified_below_threshold,0.5,,0.7674418604651163,,,0.5454545454545454,,1.0,0.044444444444444446
/home/user/thesis/UncertaintyAndRobustnessInBNNs/runs/mlp512x1/bbb/seed0_eps0p08_lam0p25.json,mlp512x1,bbb,0,val,0.08,0.25,robust_eps0p08_lam0p25,0.07,clean_correct,expected_entropy,certified_below_threshold,0.9,,0.7479674796747968,,,0.4253968253968254,,1.0,0.06818181818181818
/home/user/thesis/UncertaintyAndRobustnessInBNNs/runs/mlp512x1/bbb/seed0_eps0p08_lam0p25.json,mlp512x1,bbb,0,val,0.08,0.25,robust_eps0p08_lam0p25,0.07,all,mutual_information,pgd_failure,,0.779047619047619,0.8423913043478262,0.06334368530020718,0.6194989396568344,0.6041666666666666,-0.015332272990167817,0.3,0.08
/home/user/thesis/UncertaintyAndRobustnessInBNNs/runs/mlp512x1/bbb/seed0_eps0p08_lam0p25.json,mlp512x1,bbb,0,val,0.08,0.25,robust_eps0p08_lam0p25,0.07,all,mutual_information,certified_below_threshold,0.5,,0.8488372093023255,,,0.6136363636363636,,1.0,0.0851063829787234
/home/user/thesis/UncertaintyAndRobustnessInBNNs/runs/mlp512x1/bbb/seed0_eps0p08_lam0p25.json,mlp512x1,bbb,0,val,0.08,0.25,robust_eps0p08_lam0p25,0.07,all,mutual_information,certified_below_threshold,0.9,,0.8439024390243902,,,0.5691575091575092,,1.0,0.10869565217391304
/home/user/thesis/UncertaintyAndRobustnessInBNNs/runs/mlp512x1/bbb/seed0_eps0p08_lam0p25.json,mlp512x1,bbb,0,val,0.08,0.25,robust_eps0p08_lam0p25,0.07,clean_correct,mutual_information,pgd_failure,,0.7450549450549451,0.782608695652174,0.037553750597228874,0.49373492176035744,0.5454545454545454,0.05171962369418798,0.2708333333333333,0.041666666666666664
/home/user/thesis/UncertaintyAndRobustnessInBNNs/runs/mlp512x1/bbb/seed0_eps0p08_lam0p25.json,mlp512x1,bbb,0,val,0.08,0.25,robust_eps0p08_lam0p25,0.07,clean_correct,mutual_information,certified_below_threshold,0.5,,0.7906976744186046,,,0.55,,1.0,0.044444444444444446
/home/user/thesis/UncertaintyAndRobustnessInBNNs/runs/mlp512x1/bbb/seed0_eps0p08_lam0p25.json,mlp512x1,bbb,0,val,0.08,0.25,robust_eps0p08_lam0p25,0.07,clean_correct,mutual_information,certified_below_threshold,0.9,,0.7967479674796748,,,0.44657097288676234,,1.0,0.06818181818181818
/home/user/thesis/UncertaintyAndRobustnessInBNNs/runs/mlp512x1/bbb/seed0_eps0p08_lam0p25.json,mlp512x1,bbb,0,val,0.08,0.25,robust_eps0p08_lam0p25,0.07,all,one_minus_confidence,pgd_failure,,0.7942857142857142,0.8152173913043479,0.020931677018633743,0.6618358454336379,0.5113960113960114,-0.1504398340376265,0.3,0.08
/home/user/thesis/UncertaintyAndRobustnessInBNNs/runs/mlp512x1/bbb/seed0_eps0p08_lam0p25.json,mlp512x1,bbb,0,val,0.08,0.25,robust_eps0p08_lam0p25,0.07,all,one_minus_confidence,certified_below_threshold,0.5,,0.8313953488372093,,,0.6041666666666666,,1.0,0.0851063829787234
/home/user/thesis/UncertaintyAndRobustnessInBNNs/runs/mlp512x1/bbb/seed0_eps0p08_lam0p25.json,mlp512x1,bbb,0,val,0.08,0.25,robust_eps0p08_lam0p25,0.07,all,one_minus_confidence,certified_below_threshold,0.9,,0.8097560975609757,,,0.5450825389444316,,1.0,0.10869565217391304
/home/user/thesis/UncertaintyAndRobustnessInBNNs/runs/mlp512x1/bbb/seed0_eps0p08_lam0p25.json,mlp512x1,bbb,0,val,0.08,0.25,robust_eps0p08_lam0p25,0.07,clean_correct,one_minus_confidence,pgd_failure,,0.7626373626373626,0.7391304347826086,-0.023506927854753945,0.5517009941495068,0.29,-0.2617009941495068,0.2708333333333333,0.041666666666666664
/home/user/thesis/UncertaintyAndRobustnessInBNNs/runs/mlp512x1/bbb/seed0_eps0p08_lam0p25.json,mlp512x1,bbb,0,val,0.08,0.25,robust_eps0p08_lam0p25,0.07,clean_correct,one_minus_confidence,certified_below_threshold,0.5,,0.7674418604651163,,,0.5454545454545454,,1.0,0.044444444444444446
/home/user/thesis/UncertaintyAndRobustnessInBNNs/runs/mlp512x1/bbb/seed0_eps0p08_lam0p25.json,mlp512x1,bbb,0,val,0.08,0.25,robust_eps0p08_lam0p25,0.07,clean_correct,one_minus_confidence,certified_below_threshold,0.9,,0.7479674796747968,,,0.4253968253968254,,1.0,0.06818181818181818
/home/user/thesis/UncertaintyAndRobustnessInBNNs/runs/mlp512x1/bbb/seed0_eps0p08_lam0p25.json,mlp512x1,bbb,0,val,0.08,0.25,robust_eps0p08_lam0p25,0.07,all,predictive_entropy,pgd_failure,,0.7961904761904761,0.8097826086956521,0.013592132505175991,0.6632851207959567,0.5072751322751323,-0.15600998852082437,0.3,0.08
/home/user/thesis/UncertaintyAndRobustnessInBNNs/runs/mlp512x1/bbb/seed0_eps0p08_lam0p25.json,mlp512x1,bbb,0,val,0.08,0.25,robust_eps0p08_lam0p25,0.07,all,predictive_entropy,certified_below_threshold,0.5,,0.8255813953488373,,,0.5993589743589743,,1.0,0.0851063829787234
/home/user/thesis/UncertaintyAndRobustnessInBNNs/runs/mlp512x1/bbb/seed0_eps0p08_lam0p25.json,mlp512x1,bbb,0,val,0.08,0.25,robust_eps0p08_lam0p25,0.07,all,predictive_entropy,certified_below_threshold,0.9,,0.8048780487804879,,,0.540537084398977,,1.0,0.10869565217391304
/home/user/thesis/UncertaintyAndRobustnessInBNNs/runs/mlp512x1/bbb/seed0_eps0p08_lam0p25.json,mlp512x1,bbb,0,val,0.08,0.25,robust_eps0p08_lam0p25,0.07,clean_correct,predictive_entropy,pgd_failure,,0.7648351648351649,0.7391304347826086,-0.025704730052556246,0.5533493457978584,0.29,-0.26334934579785846,0.2708333333333333,0.041666666666666664
/home/user/thesis/UncertaintyAndRobustnessInBNNs/runs/mlp512x1/bbb/seed0_eps0p08_lam0p25.json,mlp512x1,bbb,0,val,0.08,0.25,robust_eps0p08_lam0p25,0.07,clean_correct,predictive_entropy,certified_below_threshold,0.5,,0.7674418604651163,,,0.5454545454545454,,1.0,0.044444444444444446
/home/user/thesis/UncertaintyAndRobustnessInBNNs/runs/mlp512x1/bbb/seed0_eps0p08_lam0p25.json,mlp512x1,bbb,0,val,0.08,0.25,robust_eps0p08_lam0p25,0.07,clean_correct,predictive_entropy,certified_below_threshold,0.9,,0.7479674796747968,,,0.4253968253968254,,1.0,0.06818181818181818
/home/user/thesis/UncertaintyAndRobustnessInBNNs/runs/mlp512x1/bbb/seed0_eps0p08_lam0p25.json,mlp512x1,bbb,0,val,0.08,0.25,robust_eps0p08_lam0p25,0.08,all,expected_entropy,pgd_failure,,0.8392857142857143,0.7822222222222222,-0.05706349206349215,0.8041757722567953,0.455332776385408,-0.3488429958713873,0.44,0.1
/home/user/thesis/UncertaintyAndRobustnessInBNNs/runs/mlp512x1/bbb/seed0_eps0p08_lam0p25.json,mlp512x1,bbb,0,val,0.08,0.25,robust_eps0p08_lam0p25,0.08,all,expected_entropy,certified_below_threshold,0.5,,0.8048780487804879,,,0.540537084398977,,1.0,0.10869565217391304
/home/user/thesis/UncertaintyAndRobustnessInBNNs/runs/mlp512x1/bbb/seed0_eps0p08_lam0p25.json,mlp512x1,bbb,0,val,0.08,0.25,robust_eps0p08_lam0p25,0.08,all,expected_entropy,certified_below_threshold,0.9,,0.8105263157894738,,,0.550952380952381,,1.0,0.11627906976744186
/home/user/thesis/UncertaintyAndRobustnessInBNNs/runs/mlp512x1/bbb/seed0_eps0p08_lam0p25.json,mlp512x1,bbb,0,val,0.08,0.25,robust_eps0p08_lam0p25,0.08,clean_correct,expected_entropy,pgd_failure,,0.8232142857142857,0.7185185185185184,-0.10469576719576723,0.7607877986811052,0.24588235294117647,-0.5149054457399288,0.4166666666666667,0.0625
/home/user/thesis/UncertaintyAndRobustnessInBNNs/runs/mlp512x1/bbb/seed0_eps0p08_lam0p25.json,mlp512x1,bbb,0,val,0.08,0.25,robust_eps0p08_lam0p25,0.08,clean_correct,expected_entropy,certified_below_threshold,0.5,,0.7479674796747968,,,0.4253968253968254,,1.0,0.06818181818181818
/home/user/thesis/UncertaintyAndRobustnessInBNNs/runs/mlp512x1/bbb/seed0_eps0p08_lam0p25.json,mlp512x1,bbb,0,val,0.08,0.25,robust_eps0p08_lam0p25,0.08,clean_correct,expected_entropy,certified_below_threshold,0.9,,0.763157894736842,,,0.43724696356275305,,1.0,0.07317073170731707
/home/user/thesis/UncertaintyAndRobustnessInBNNs/runs/mlp512x1/bbb/seed0_eps0p08_lam0p25.json,mlp512x1,bbb,0,val,0.08,0.25,robust_eps0p08_lam0p25,0.08,all,mutual_information,pgd_failure,,0.8198051948051948,0.8266666666666667,0.006861471861471902,0.764130199943597,0.5449999999999999,-0.21913019994359706,0.44,0.1
/home/user/thesis/UncertaintyAndRobustnessInBNNs/runs/mlp512x1/bbb/seed0_eps0p08_lam0p25.json,mlp512x1,bbb,0,val,0.08,0.25,robust_eps0p08_lam0p25,0.08,all,mutual_information,certified_below_threshold,0.5,,0.8439024390243902,,,0.5691575091575092,,1.0,0.10869565217391304
/home/user/thesis/UncertaintyAndRobustnessInBNNs/runs/mlp512x1/bbb/seed0_eps0p08_lam0p25.json,mlp512x1,bbb,0,val,0.08,0.25,robust_eps0p08_lam0p25,0.08,all,mutual_information,certified_below_threshold,0.9,,0.8526315789473684,,,0.5859649122807018,,1.0,0.11627906976744186
/home/user/thesis/UncertaintyAndRobustnessInBNNs/runs/mlp512x1/bbb/seed0_eps0p08_lam0p25.json,mlp512x1,bbb,0,val,0.08,0.25,robust_eps0p08_lam0p25,0.08,clean_correct,mutual_information,pgd_failure,,0.8017857142857143,0.7777777777777777,-0.024007936507936645,0.7029168869131346,0.43006993006993005,-0.27284695684320454,0.4166666666666667,0.0625
/home/user/thesis/UncertaintyAndRobustnessInBNNs/runs/mlp512x1/bbb/seed0_eps0p08_lam0p25.json,mlp512x1,bbb,0,val,0.08,0.25,robust_eps0p08_lam0p25,0.08,clean_correct,mutual_information,certified_below_threshold,0.5,,0.7967479674796748,,,0.44657097288676234,,1.0,0.06818181818181818
/home/user/thesis/UncertaintyAndRobustnessInBNNs/runs/mlp512x1/bbb/seed0_eps0p08_lam0p25.json,mlp512x1,bbb,0,val,0.08,0.25,robust_eps0p08_lam0p25,0.08,clean_correct,mutual_information,certified_below_threshold,0.9,,0.8070175438596491,,,0.4588235294117647,,1.0,0.07317073170731707
/home/user/thesis/UncertaintyAndRobustnessInBNNs/runs/mlp512x1/bbb/seed0_eps0p08_lam0p25.json,mlp512x1,bbb,0,val,0.08,0.25,robust_eps0p08_lam0p25,0.08,all,one_minus_confidence,pgd_failure,,0.836038961038961,0.7866666666666666,-0.0493722943722944,0.800655770922849,0.45862947968211126,-0.34202629124073775,0.44,0.1
/home/user/thesis/UncertaintyAndRobustnessInBNNs/runs/mlp512x1/bbb/seed0_eps0p08_lam0p25.json,mlp512x1,bbb,0,val,0.08,0.25,robust_eps0p08_lam0p25,0.08,all,one_minus_confidence,certified_below_threshold,0.5,,0.8097560975609757,,,0.5450825389444316,,1.0,0.10869565217391304
/home/user/thesis/UncertaintyAndRobustnessInBNNs/runs/mlp512x1/bbb/seed0_eps0p08_lam0p25.json,mlp512x1,bbb,0,val,0.08,0.25,robust_eps0p08_lam0p25,0.08,all,one_minus_confidence,certified_below_threshold,0.9,,0.8157894736842106,,,0.5554978354978355,,1.0,0.11627906976744186
/home/user/thesis/UncertaintyAndRobustnessInBNNs/runs/mlp512x1/bbb/seed0_eps0p08_lam0p25.json,mlp512x1,bbb,0,val,0.08,0.25,robust_eps0p08_lam0p25,0.08,clean_correct,one_minus_confidence,pgd_failure,,0.8196428571428571,0.7185185185185186,-0.10112433862433856,0.7561589962745434,0.24588235294117647,-0.510276643333367,0.4166666666666667,0.0625
/home/user/thesis/UncertaintyAndRobustnessInBNNs/runs/mlp512x1/bbb/seed0_eps0p08_lam0p25.json,mlp512x1,bbb,0,val,0.08,0.25,robust_eps0p08_lam0p25,0.08,clean_correct,one_minus_confidence,certified_below_threshold,0.5,,0.7479674796747968,,,0.4253968253968254,,1.0,0.06818181818181818
/home/user/thesis/UncertaintyAndRobustnessInBNNs/runs/mlp512x1/bbb/seed0_eps0p08_lam0p25.json,mlp512x1,bbb,0,val,0.08,0.25,robust_eps0p08_lam0p25,0.08,clean_correct,one_minus_confidence,certified_below_threshold,0.9,,0.763157894736842,,,0.43724696356275305,,1.0,0.07317073170731707
/home/user/thesis/UncertaintyAndRobustnessInBNNs/runs/mlp512x1/bbb/seed0_eps0p08_lam0p25.json,mlp512x1,bbb,0,val,0.08,0.25,robust_eps0p08_lam0p25,0.08,all,predictive_entropy,pgd_failure,,0.836038961038961,0.7822222222222222,-0.053816738816738874,0.8004184276545093,0.455332776385408,-0.34508565126910135,0.44,0.1
/home/user/thesis/UncertaintyAndRobustnessInBNNs/runs/mlp512x1/bbb/seed0_eps0p08_lam0p25.json,mlp512x1,bbb,0,val,0.08,0.25,robust_eps0p08_lam0p25,0.08,all,predictive_entropy,certified_below_threshold,0.5,,0.8048780487804879,,,0.540537084398977,,1.0,0.10869565217391304
/home/user/thesis/UncertaintyAndRobustnessInBNNs/runs/mlp512x1/bbb/seed0_eps0p08_lam0p25.json,mlp512x1,bbb,0,val,0.08,0.25,robust_eps0p08_lam0p25,0.08,all,predictive_entropy,certified_below_threshold,0.9,,0.8105263157894738,,,0.550952380952381,,1.0,0.11627906976744186
/home/user/thesis/UncertaintyAndRobustnessInBNNs/runs/mlp512x1/bbb/seed0_eps0p08_lam0p25.json,mlp512x1,bbb,0,val,0.08,0.25,robust_eps0p08_lam0p25,0.08,clean_correct,predictive_entropy,pgd_failure,,0.8196428571428571,0.7185185185185184,-0.10112433862433867,0.7558648786274844,0.24588235294117647,-0.509982525686308,0.4166666666666667,0.0625
/home/user/thesis/UncertaintyAndRobustnessInBNNs/runs/mlp512x1/bbb/seed0_eps0p08_lam0p25.json,mlp512x1,bbb,0,val,0.08,0.25,robust_eps0p08_lam0p25,0.08,clean_correct,predictive_entropy,certified_below_threshold,0.5,,0.7479674796747968,,,0.4253968253968254,,1.0,0.06818181818181818
/home/user/thesis/UncertaintyAndRobustnessInBNNs/runs/mlp512x1/bbb/seed0_eps0p08_lam0p25.json,mlp512x1,bbb,0,val,0.08,0.25,robust_eps0p08_lam0p25,0.08,clean_correct,predictive_entropy,certified_below_threshold,0.9,,0.763157894736842,,,0.43724696356275305,,1.0,0.07317073170731707
/home/user/thesis/UncertaintyAndRobustnessInBNNs/runs/mlp512x1/bbb/seed0_eps0p08_lam0p25.json,mlp512x1,bbb,0,val,0.08,0.25,robust_eps0p08_lam0p25,0.1,all,expected_entropy,pgd_failure,,0.9007936507936508,0.7589285714285715,-0.1418650793650793,0.9561384505475427,0.4739793929267613,-0.4821590576207814,0.72,0.16
/home/user/thesis/UncertaintyAndRobustnessInBNNs/runs/mlp512x1/bbb/seed0_eps0p08_lam0p25.json,mlp512x1,bbb,0,val,0.08,0.25,robust_eps0p08_lam0p25,0.1,all,expected_entropy,certified_below_threshold,0.5,,0.8206896551724138,,,0.5878787878787879,,1.0,0.14705882352941177
/home/user/thesis/UncertaintyAndRobustnessInBNNs/runs/mlp512x1/bbb/seed0_eps0p08_lam0p25.json,mlp512x1,bbb,0,val,0.08,0.25,robust_eps0p08_lam0p25,0.1,all,expected_entropy,certified_below_threshold,0.9,,0.782051282051282,,,0.5605339105339104,,1.0,0.1875
/home/user/thesis/UncertaintyAndRobustnessInBNNs/runs/mlp512x1/bbb/seed0_eps0p08_lam0p25.json,mlp512x1,bbb,0,val,0.08,0.25,robust_eps0p08_lam0p25,0.1,clean_correct,expected_entropy,pgd_failure,,0.8949579831932774,0.7182539682539684,-0.17670401493930898,0.9499019311980118,0.3303911235113281,-0.6195108076866838,0.7083333333333334,0.125
/home/user/thesis/UncertaintyAndRobustnessInBNNs/runs/mlp512x1/bbb/seed0_eps0p08_lam0p25.json,mlp512x1,bbb,0,val,0.08,0.25,robust_eps0p08_lam0p25,0.1,clean_correct,expected_entropy,certified_below_threshold,0.5,,0.7931034482758621,,,0.4769230769230769,,1.0,0.09375
/home/user/thesis/UncertaintyAndRobustnessInBNNs/runs/mlp512x1/bbb/seed0_eps0p08_lam0p25.json,mlp512x1,bbb,0,val,0.08,0.25,robust_eps0p08_lam0p25,0.1,clean_correct,expected_entropy,certified_below_threshold,0.9,,0.75,,,0.4394230769230769,,1.0,0.13333333333333333
/home/user/thesis/UncertaintyAndRobustnessInBNNs/runs/mlp512x1/bbb/seed0_eps0p08_lam0p25.json,mlp512x1,bbb,0,val,0.08,0.25,robust_eps0p08_lam0p25,0.1,all,mutual_information,pgd_failure,,0.8908730158730158,0.7797619047619049,-0.11111111111111094,0.9516075211709749,0.5019373993558776,-0.44967012181509736,0.72,0.16
/home/user/thesis/UncertaintyAndRobustnessInBNNs/runs/mlp512x1/bbb/seed0_eps0p08_lam0p25.json,mlp512x1,bbb,0,val,0.08,0.25,robust_eps0p08_lam0p25,0.1,all,mutual_information,certified_below_threshold,0.5,,0.8551724137931034,,,0.6216666666666667,,1.0,0.14705882352941177
/home/user/thesis/UncertaintyAndRobustnessInBNNs/runs/mlp512x1/bbb/seed0_eps0p08_lam0p25.json,mlp512x1,bbb,0,val,0.08,0.25,robust_eps0p08_lam0p25,0.1,all,mutual_information,certified_below_threshold,0.9,,0.8141025641025641,,,0.5886904761904761,,1.0,0.1875
/home/user/thesis/UncertaintyAndRobustnessInBNNs/runs/mlp512x1/bbb/seed0_eps0p08_lam0p25.json,mlp512x1,bbb,0,val,0.08,0.25,robust_eps0p08_lam0p25,0.1,clean_correct,mutual_information,pgd_failure,,0.884453781512605,0.7380952380952381,-0.14635854341736687,0.9447765360921667,0.38141969141969145,-0.5633568446724753,0.7083333333333334,0.125
/home/user/thesis/UncertaintyAndRobustnessInBNNs/runs/mlp512x1/bbb/seed0_eps0p08_lam0p25.json,mlp512x1,bbb,0,val,0.08,0.25,robust_eps0p08_lam0p25,0.1,clean_correct,mutual_information,certified_below_threshold,0.5,,0.8160919540229885,,,0.4935897435897436,,1.0,0.09375
/home/user/thesis/UncertaintyAndRobustnessInBNNs/runs/mlp512x1/bbb/seed0_eps0p08_lam0p25.json,mlp512x1,bbb,0,val,0.08,0.25,robust_eps0p08_lam0p25,0.1,clean_correct,mutual_information,certified_below_threshold,0.9,,0.7692307692307693,,,0.4519230769230769,,1.0,0.13333333333333333
/home/user/thesis/UncertaintyAndRobustnessInBNNs/runs/mlp512x1/bbb/seed0_eps0p08_lam0p25.json,mlp512x1,bbb,0,val,0.08,0.25,robust_eps0p08_lam0p25,0.1,all,one_minus_confidence,pgd_failure,,0.8988095238095238,0.7619047619047619,-0.13690476190476197,0.9561226677192599,0.4767266456740141,-0.4793960220452458,0.72,0.16
/home/user/thesis/UncertaintyAndRobustnessInBNNs/runs/mlp512x1/bbb/seed0_eps0p08_lam0p25.json,mlp512x1,bbb,0,val,0.08,0.25,robust_eps0p08_lam0p25,0.1,all,one_minus_confidence,certified_below_threshold,0.5,,0.8275862068965517,,,0.5933333333333333,,1.0,0.14705882352941177
/home/user/thesis/UncertaintyAndRobustnessInBNNs/runs/mlp512x1/bbb/seed0_eps0p08_lam0p25.json,mlp512x1,bbb,0,val,0.08,0.25,robust_eps0p08_lam0p25,0.1,all,one_minus_confidence,certified_below_threshold,0.9,,0.7884615384615384,,,0.5650793650793651,,1.0,0.1875
/home/user/thesis/UncertaintyAndRobustnessInBNNs/runs/mlp512x1/bbb/seed0_eps0p08_lam0p25.json,mlp512x1,bbb,0,val,0.08,0.25,robust_eps0p08_lam0p25,0.1,clean_correct,one_minus_confidence,pgd_failure,,0.8928571428571429,0.7182539682539683,-0.17460317460317465,0.9500917714020835,0.3303911235113281,-0.6197006478907554,0.7083333333333334,0.125
/home/user/thesis/UncertaintyAndRobustnessInBNNs/runs/mlp512x1/bbb/seed0_eps0p08_lam0p25.json,mlp512x1,bbb,0,val,0.08,0.25,robust_eps0p08_lam0p25,0.1,clean_correct,one_minus_confidence,certified_below_threshold,0.5,,0.7931034482758621,,,0.4769230769230769,,1.0,0.09375
/home/user/thesis/UncertaintyAndRobustnessInBNNs/runs/mlp512x1/bbb/seed0_eps0p08_lam0p25.json,mlp512x1,bbb,0,val,0.08,0.25,robust_eps0p08_lam0p25,0.1,clean_correct,one_minus_confidence,certified_below_threshold,0.9,,0.75,,,0.4394230769230769,,1.0,0.13333333333333333
/home/user/thesis/UncertaintyAndRobustnessInBNNs/runs/mlp512x1/bbb/seed0_eps0p08_lam0p25.json,mlp512x1,bbb,0,val,0.08,0.25,robust_eps0p08_lam0p25,0.1,all,predictive_entropy,pgd_failure,,0.9007936507936508,0.7589285714285715,-0.1418650793650793,0.9571748562714484,0.4739793929267613,-0.4831954633446871,0.72,0.16
/home/user/thesis/UncertaintyAndRobustnessInBNNs/runs/mlp512x1/bbb/seed0_eps0p08_lam0p25.json,mlp512x1,bbb,0,val,0.08,0.25,robust_eps0p08_lam0p25,0.1,all,predictive_entropy,certified_below_threshold,0.5,,0.8206896551724138,,,0.5878787878787879,,1.0,0.14705882352941177
/home/user/thesis/UncertaintyAndRobustnessInBNNs/runs/mlp512x1/bbb/seed0_eps0p08_lam0p25.json,mlp512x1,bbb,0,val,0.08,0.25,robust_eps0p08_lam0p25,0.1,all,predictive_entropy,certified_below_threshold,0.9,,0.782051282051282,,,0.5605339105339104,,1.0,0.1875
/home/user/thesis/UncertaintyAndRobustnessInBNNs/runs/mlp512x1/bbb/seed0_eps0p08_lam0p25.json,mlp512x1,bbb,0,val,0.08,0.25,robust_eps0p08_lam0p25,0.1,clean_correct,predictive_entropy,pgd_failure,,0.8949579831932774,0.7182539682539684,-0.17670401493930898,0.9512472335869574,0.3303911235113281,-0.6208561100756294,0.7083333333333334,0.125
/home/user/thesis/UncertaintyAndRobustnessInBNNs/runs/mlp512x1/bbb/seed0_eps0p08_lam0p25.json,mlp512x1,bbb,0,val,0.08,0.25,robust_eps0p08_lam0p25,0.1,clean_correct,predictive_entropy,certified_below_threshold,0.5,,0.7931034482758621,,,0.4769230769230769,,1.0,0.09375
/home/user/thesis/UncertaintyAndRobustnessInBNNs/runs/mlp512x1/bbb/seed0_eps0p08_lam0p25.json,mlp512x1,bbb,0,val,0.08,0.25,robust_eps0p08_lam0p25,0.1,clean_correct,predictive_entropy,certified_below_threshold,0.9,,0.75,,,0.4394230769230769,,1.0,0.13333333333333333
/home/user/thesis/UncertaintyAndRobustnessInBNNs/runs/mlp512x1/bbb/seed1_eps0p08_lam0p25.json,mlp512x1,bbb,1,val,0.08,0.25,robust_eps0p08_lam0p25,0.01,all,expected_entropy,pgd_failure,,0.9795918367346939,0.8020833333333334,-0.17750850340136048,0.5,0.5476190476190477,0.04761904761904767,0.02,0.04
/home/user/thesis/UncertaintyAndRobustnessInBNNs/runs/mlp512x1/bbb/seed1_eps0p08_lam0p25.json,mlp512x1,bbb,1,val,0.08,0.25,robust_eps0p08_lam0p25,0.01,all,expected_entropy,certified_below_threshold,0.5,1.0,0.8020833333333334,-0.19791666666666663,1.0,0.5476190476190477,-0.45238095238095233,0.041666666666666664,0.04
/home/user/thesis/UncertaintyAndRobustnessInBNNs/runs/mlp512x1/bbb/seed1_eps0p08_lam0p25.json,mlp512x1,bbb,1,val,0.08,0.25,robust_eps0p08_lam0p25,0.01,all,expected_entropy,certified_below_threshold,0.9,1.0,0.8020833333333334,-0.19791666666666663,1.0,0.5476190476190477,-0.45238095238095233,0.046511627906976744,0.04
/home/user/thesis/UncertaintyAndRobustnessInBNNs/runs/mlp512x1/bbb/seed1_eps0p08_lam0p25.json,mlp512x1,bbb,1,val,0.08,0.25,robust_eps0p08_lam0p25,0.01,clean_correct,expected_entropy,pgd_failure,,,,,,,,0.0,0.0
/home/user/thesis/UncertaintyAndRobustnessInBNNs/runs/mlp512x1/bbb/seed1_eps0p08_lam0p25.json,mlp512x1,bbb,1,val,0.08,0.25,robust_eps0p08_lam0p25,0.01,clean_correct,expected_entropy,certified_below_threshold,0.5,1.0,,,1.0,,,0.02127659574468085,0.0
/home/user/thesis/UncertaintyAndRobustnessInBNNs/runs/mlp512x1/bbb/seed1_eps0p08_lam0p25.json,mlp512x1,bbb,1,val,0.08,0.25,robust_eps0p08_lam0p25,0.01,clean_correct,expected_entropy,certified_below_threshold,0.9,1.0,,,1.0,,,0.023809523809523808,0.0
/home/user/thesis/UncertaintyAndRobustnessInBNNs/runs/mlp512x1/bbb/seed1_eps0p08_lam0p25.json,mlp512x1,bbb,1,val,0.08,0.25,robust_eps0p08_lam0p25,0.01,all,mutual_information,pgd_failure,,0.9795918367346939,0.8229166666666666,-0.15667517006802723,0.5,0.5526315789473684,0.05263157894736836,0.02,0.04
/home/user/thesis/UncertaintyAndRobustnessInBNNs/runs/mlp512x1/bbb/seed1_eps0p08_lam0p25.json,mlp512x1,bbb,1,val,0.08,0.25,robust_eps0p08_lam0p25,0.01,all,mutual_information,certified_below_threshold,0.5,1.0,0.8229166666666666,-0.17708333333333337,1.0,0.5526315789473684,-0.44736842105263164,0.041666666666666664,0.04
/home/user/thesis/UncertaintyAndRobustnessInBNNs/runs/mlp512x1/bbb/seed1_eps0p08_lam0p25.json,mlp512x1,bbb,1,val,0.08,0.25,robust_eps0p08_lam0p25,0.01,all,mutual_information,certified_below_threshold,0.9,1.0,0.8229166666666666,-0.17708333333333337,1.0,0.5526315789473684,-0.44736842105263164,0.046511627906976744,0.04
/home/user/thesis/UncertaintyAndRobustnessInBNNs/runs/mlp512x1/bbb/seed1_eps0p08_lam0p25.json,mlp512x1,bbb,1,val,0.08,0.25,robust_eps0p08_lam0p25,0.01,clean_correct,mutual_information,pgd_failure,,,,,,,,0.0,0.0
/home/user/thesis/UncertaintyAndRobustnessInBNNs/runs/mlp512x1/bbb/seed1_eps0p08_lam0p25.json,mlp512x1,bbb,1,val,0.08,0.25,robust_eps0p08_lam0p25,0.01,clean_correct,mutual_information,certified_below_threshold,0.5,1.0,,,1.0,,,0.02127659574468085,0.0
/home/user/thesis/UncertaintyAndRobustnessInBNNs/runs/mlp512x1/bbb/seed1_eps0p08_lam0p25.json,mlp512x1,bbb,1,val,0.08,0.25,robust_eps0p08_lam0p25,0.01,clean_correct,mutual_information,certified_below_threshold,0.9,1.0,,,1.0,,,0.023809523809523808,0.0
/home/user/thesis/UncertaintyAndRobustnessInBNNs/runs/mlp512x1/bbb/seed1_eps0p08_lam0p25.json,mlp512x1,bbb,1,val,0.08,0.25,robust_eps0p08_lam0p25,0.01,all,one_minus_confidence,pgd_failure,,0.9795918367346939,0.8020833333333334,-0.17750850340136048,0.5,0.5476190476190477,0.04761904761904767,0.02,0.04
/home/user/thesis/UncertaintyAndRobustnessInBNNs/runs/mlp512x1/bbb/seed1_eps0p08_lam0p25.json,mlp512x1,bbb,1,val,0.08,0.25,robust_eps0p08_lam0p25,0.01,all,one_minus_confidence,certified_below_threshold,0.5,1.0,0.8020833333333334,-0.19791666666666663,1.0,0.5476190476190477,-0.45238095238095233,0.041666666666666664,0.04
/home/user/thesis/UncertaintyAndRobustnessInBNNs/runs/mlp512x1/bbb/seed1_eps0p08_lam0p25.json,mlp512x1,bbb,1,val,0.08,0.25,robust_eps0p08_lam0p25,0.01,all,one_minus_confidence,certified_below_threshold,0.9,1.0,0.8020833333333334,-0.19791666666666663,1.0,0.5476190476190477,-0.45238095238095233,0.046511627906976744,0.04
/home/user/thesis/UncertaintyAndRobustnessInBNNs/runs/mlp512x1/bbb/seed1_eps0p08_lam0p25.json,mlp512x1,bbb,1,val,0.08,0.25,robust_eps0p08_lam0p25,0.01,clean_correct,one_minus_confidence,pgd_failure,,,,,,,,0.0,0.0
/home/user/thesis/UncertaintyAndRobustnessInBNNs/runs/mlp512x1/bbb/seed1_eps0p08_lam0p25.json,mlp512x1,bbb,1,val,0.08,0.25,robust_eps0p08_lam0p25,0.01,clean_correct,one_minus_confidence,certified_below_threshold,0.5,1.0,,,1.0,,,0.02127659574468085,0.0
/home/user/thesis/UncertaintyAndRobustnessInBNNs/runs/mlp512x1/bbb/seed1_eps0p08_lam0p25.json,mlp512x1,bbb,1,val,0.08,0.25,robust_eps0p08_lam0p25,0.01,clean_correct,one_minus_confidence,certified_below_threshold,0.9,1.0,,,1.0,,,0.023809523809523808,0.0
/home/user/thesis/UncertaintyAndRobustnessInBNNs/runs/mlp512x1/bbb/seed1_eps0p08_lam0p25.json,mlp512x1,bbb,1,val,0.08,0.25,robust_eps0p08_lam0p25,0.01,all,predictive_entropy,pgd_failure,,0.9795918367346939,0.8020833333333334,-0.17750850340136048,0.5,0.5476190476190477,0.04761904761904767,0.02,0.04
/home/user/thesis/UncertaintyAndRobustnessInBNNs/runs/mlp512x1/bbb/seed1_eps0p08_lam0p25.json,mlp512x1,bbb,1,val,0.08,0.25,robust_eps0p08_lam0p25,0.01,all,predictive_entropy,certified_below_threshold,0.5,1.0,0.8020833333333334,-0.19791666666666663,1.0,0.5476190476190477,-0.45238095238095233,0.041666666666666664,0.04
/home/user/thesis/UncertaintyAndRobustnessInBNNs/runs/mlp512x1/bbb/seed1_eps0p08_lam0p25.json,mlp512x1,bbb,1,val,0.08,0.25,robust_eps0p08_lam0p25,0.01,all,predictive_entropy,certified_below_threshold,0.9,1.0,0.8020833333333334,-0.19791666666666663,1.0,0.5476190476190477,-0.45238095238095233,0.046511627906976744,0.04
/home/user/thesis/UncertaintyAndRobustnessInBNNs/runs/mlp512x1/bbb/seed1_eps0p08_lam0p25.json,mlp512x1,bbb,1,val,0.08,0.25,robust_eps0p08_lam0p25,0.01,clean_correct,predictive_entropy,pgd_failure,,,,,,,,0.0,0.0
/home/user/thesis/UncertaintyAndRobustnessInBNNs/runs/mlp512x1/bbb/seed1_eps0p08_lam0p25.json,mlp512x1,bbb,1,val,0.08,0.25,robust_eps0p08_lam0p25,0.01,clean_correct,predictive_entropy,certified_below_threshold,0.5,1.0,,,1.0,,,0.02127659574468085,0.0
/home/user/thesis/UncertaintyAndRobustnessInBNNs/runs/mlp512x1/bbb/seed1_eps0p08_lam0p25.json,mlp512x1,bbb,1,val,0.08,0.25,robust_eps0p08_lam0p25,0.01,clean_correct,predictive_entropy,certified_below_threshold,0.9,1.0,,,1.0,,,0.023809523809523808,0.0
/home/user/thesis/UncertaintyAndRobustnessInBNNs/runs/mlp512x1/bbb/seed1_eps0p08_lam0p25.json,mlp512x1,bbb,1,val,0.08,0.25,robust_eps0p08_lam0p25,0.05,all,expected_entropy,pgd_failure,,1.0,0.8020833333333334,-0.19791666666666663,1.0,0.5476190476190477,-0.45238095238095233,0.04,0.04
/home/user/thesis/UncertaintyAndRobustnessInBNNs/runs/mlp512x1/bbb/seed1_eps0p08_lam0p25.json,mlp512x1,bbb,1,val,0.08,0.25,robust_eps0p08_lam0p25,0.05,all,expected_entropy,certified_below_threshold,0.5,,0.8020833333333334,,,0.5476190476190477,,1.0,0.04
/home/user/thesis/UncertaintyAndRobustnessInBNNs/runs/mlp512x1/bbb/seed1_eps0p08_lam0p25.json,mlp512x1,bbb,1,val,0.08,0.25,robust_eps0p08_lam0p25,0.05,all,expected_entropy,certified_below_threshold,0.9,,0.8152173913043479,,,0.5526315789473684,,1.0,0.041666666666666664
/home/user/thesis/UncertaintyAndRobustnessInBNNs/runs/mlp512x1/bbb/seed1_eps0p08_lam0p25.json,mlp512x1,bbb,1,val,0.08,0.25,robust_eps0p08_lam0p25,0.05,clean_correct,expected_entropy,pgd_failure,,1.0,,,1.0,,,0.02040816326530612,0.0
/home/user/thesis/UncertaintyAndRobustnessInBNNs/runs/mlp512x1/bbb/seed1_eps0p08_lam0p25.json,mlp512x1,bbb,1,val,0.08,0.25,robust_eps0p08_lam0p25,0.05,clean_correct,expected_entropy,certified_below_threshold,0.5,,,,,,,1.0,0.0
/home/user/thesis/UncertaintyAndRobustnessInBNNs/runs/mlp512x1/bbb/seed1_eps0p08_lam0p25.json,mlp512x1,bbb,1,val,0.08,0.25,robust_eps0p08_lam0p25,0.05,clean_correct,expected_entropy,certified_below_threshold,0.9,,,,,,,1.0,0.0
/home/user/thesis/UncertaintyAndRobustnessInBNNs/runs/mlp512x1/bbb/seed1_eps0p08_lam0p25.json,mlp512x1,bbb,1,val,0.08,0.25,robust_eps0p08_lam0p25,0.05,all,mutual_information,pgd_failure,,1.0,0.8229166666666666,-0.17708333333333337,1.0,0.5526315789473684,-0.44736842105263164,0.04,0.04
/home/user/thesis/UncertaintyAndRobustnessInBNNs/runs/mlp512x1/bbb/seed1_eps0p08_lam0p25.json,mlp512x1,bbb,1,val,0.08,0.25,robust_eps0p08_lam0p25,0.05,all,mutual_information,certified_below_threshold,0.5,,0.8229166666666666,,,0.5526315789473684,,1.0,0.04
/home/user/thesis/UncertaintyAndRobustnessInBNNs/runs/mlp512x1/bbb/seed1_eps0p08_lam0p25.json,mlp512x1,bbb,1,val,0.08,0.25,robust_eps0p08_lam0p25,0.05,all,mutual_information,certified_below_threshold,0.9,,0.8369565217391304,,,0.5588235294117647,,1.0,0.041666666666666664
/home/user/thesis/UncertaintyAndRobustnessInBNNs/runs/mlp512x1/bbb/seed1_eps0p08_lam0p25.json,mlp512x1,bbb,1,val,0.08,0.25,robust_eps0p08_lam0p25,0.05,clean_correct,mutual_information,pgd_failure,,1.0,,,1.0,,,0.02040816326530612,0.0
/home/user/thesis/UncertaintyAndRobustnessInBNNs/runs/mlp512x1/bbb/seed1_eps0p08_lam0p25.json,mlp512x1,bbb,1,val,0.08,0.25,robust_eps0p08_lam0p25,0.05,clean_correct,mutual_information,certified_below_threshold,0.5,,,,,,,1.0,0.0
/home/user/thesis/UncertaintyAndRobustnessInBNNs/runs/mlp512x1/bbb/seed1_eps0p08_lam0p25.json,mlp512x1,bbb,1,val,0.08,0.25,robust_eps0p08_lam0p25,0.05,clean_correct,mutual_information,certified_below_threshold,0.9,,,,,,,1.0,0.0
/home/user/thesis/UncertaintyAndRobustnessInBNNs/runs/mlp512x1/bbb/seed1_eps0p08_lam0p25.json,mlp512x1,bbb,1,val,0.08,0.25,robust_eps0p08_lam0p25,0.05,all,one_minus_confidence,pgd_failure,,1.0,0.8020833333333334,-0.19791666666666663,1.0,0.5476190476190477,-0.45238095238095233,0.04,0.04
/home/user/thesis/UncertaintyAndRobustnessInBNNs/runs/mlp512x1/bbb/seed1_eps0p08_lam0p25.json,mlp512x1,bbb,1,val,0.08,0.25,robust_eps0p08_lam0p25,0.05,all,one_minus_confidence,certified_below_threshold,0.5,,0.8020833333333334,,,0.5476190476190477,,1.0,0.04
/home/user/thesis/UncertaintyAndRobustnessInBNNs/runs/mlp512x1/bbb/seed1_eps0p08_lam0p25.json,mlp512x1,bbb,1,val,0.08,0.25,robust_eps0p08_lam0p25,0.05,all,one_minus_confidence,certified_below_threshold,0.9,,0.8152173913043479,,,0.5526315789473684,,1.0,0.041666666666666664
/home/user/thesis/UncertaintyAndRobustnessInBNNs/runs/mlp512x1/bbb/seed1_eps0p08_lam0p25.json,mlp512x1,bbb,1,val,0.08,0.25,robust_eps0p08_lam0p25,0.05,clean_correct,one_minus_confidence,pgd_failure,,1.0,,,1.0,,,0.02040816326530612,0.0
/home/user/thesis/UncertaintyAndRobustnessInBNNs/runs/mlp512x1/bbb/seed1_eps0p08_lam0p25.json,mlp512x1,bbb,1,val,0.08,0.25,robust_eps0p08_lam0p25,0.05,clean_correct,one_minus_confidence,certified_below_threshold,0.5,,,,,,,1.0,0.0
/home/user/thesis/UncertaintyAndRobustnessInBNNs/runs/mlp512x1/bbb/seed1_eps0p08_lam0p25.json,mlp512x1,bbb,1,val,0.08,0.25,robust_eps0p08_lam0p25,0.05,clean_correct,one_minus_confidence,certified_below_threshold,0.9,,,,,,,1.0,0.0
/home/user/thesis/UncertaintyAndRobustnessInBNNs/runs/mlp512x1/bbb/seed1_eps0p08_lam0p25.json,mlp512x1,bbb,1,val,0.08,0.25,robust_eps0p08_lam0p25,0.05,all,predictive_entropy,pgd_failure,,1.0,0.8020833333333334,-0.19791666666666663,1.0,0.5476190476190477,-0.45238095238095233,0.04,0.04
/home/user/thesis/UncertaintyAndRobustnessInBNNs/runs/mlp512x1/bbb/seed1_eps0p08_lam0p25.json,mlp512x1,bbb,1,val,0.08,0.25,robust_eps0p08_lam0p25,0.05,all,predictive_entropy,certified_below_threshold,0.5,,0.8020833333333334,,,0.5476190476190477,,1.0,0.04
/home/user/thesis/UncertaintyAndRobustnessInBNNs/runs/mlp512x1/bbb/seed1_eps0p08_lam0p25.json,mlp512x1,bbb,1,val,0.08,0.25,robust_eps0p08_lam0p25,0.05,all,predictive_entropy,certified_below_threshold,0.9,,0.8152173913043479,,,0.5526315789473684,,1.0,0.041666666666666664
/home/user/thesis/UncertaintyAndRobustnessInBNNs/runs/mlp512x1/bbb/seed1_eps0p08_lam0p25.json,mlp512x1,bbb,1,val,0.08,0.25,robust_eps0p08_lam0p25,0.05,clean_correct,predictive_entropy,pgd_failure,,1.0,,,1.0,,,0.02040816326530612,0.0
/home/user/thesis/UncertaintyAndRobustnessInBNNs/runs/mlp512x1/bbb/seed1_eps0p08_lam0p25.json,mlp512x1,bbb,1,val,0.08,0.25,robust_eps0p08_lam0p25,0.05,clean_correct,predictive_entropy,certified_below_threshold,0.5,,,,,,,1.0,0.0
/home/user/thesis/UncertaintyAndRobustnessInBNNs/runs/mlp512x1/bbb/seed1_eps0p08_lam0p25.json,mlp512x1,bbb,1,val,0.08,0.25,robust_eps0p08_lam0p25,0.05,clean_correct,predictive_entropy,certified_below_threshold,0.9,,,,,,,1.0,0.0
/home/user/thesis/UncertaintyAndRobustnessInBNNs/runs/mlp512x1/bbb/seed1_eps0p08_lam0p25.json,mlp512x1,bbb,1,val,0.08,0.25,robust_eps0p08_lam0p25,0.07,all,expected_entropy,pgd_failure,,0.9613970588235293,0.8097826086956522,-0.1516144501278771,0.9337705799102858,0.4392857142857143,-0.4944848656245715,0.32,0.08
/home/user/thesis/UncertaintyAndRobustnessInBNNs/runs/mlp512x1/bbb/seed1_eps0p08_lam0p25.json,mlp512x1,bbb,1,val,0.08,0.25,robust_eps0p08_lam0p25,0.07,all,expected_entropy,certified_below_threshold,0.5,,0.880952380952381,,,0.6143790849673203,,1.0,0.06666666666666667
/home/user/thesis/UncertaintyAndRobustnessInBNNs/runs/mlp512x1/bbb/seed1_eps0p08_lam0p25.json,mlp512x1,bbb,1,val,0.08,0.25,robust_eps0p08_lam0p25,0.07,all,expected_entropy,certified_below_threshold,0.9,,0.8475609756097561,,,0.52906162464986,,1.0,0.08888888888888889
/home/user/thesis/UncertaintyAndRobustnessInBNNs/runs/mlp512x1/bbb/seed1_eps0p08_lam0p25.json,mlp512x1,bbb,1,val,0.08,0.25,robust_eps0p08_lam0p25,0.07,clean_correct,expected_entropy,pgd_failure,,0.9588235294117646,0.8043478260869565,-0.1544757033248081,0.9253450052363095,0.18382352941176472,-0.7415214758245448,0.30612244897959184,0.041666666666666664
/home/user/thesis/UncertaintyAndRobustnessInBNNs/runs/mlp512x1/bbb/seed1_eps0p08_lam0p25.json,mlp512x1,bbb,1,val,0.08,0.25,robust_eps0p08_lam0p25,0.07,clean_correct,expected_entropy,certified_below_threshold,0.5,,0.9761904761904762,,,0.5,,1.0,0.023255813953488372
/home/user/thesis/UncertaintyAndRobustnessInBNNs/runs/mlp512x1/bbb/seed1_eps0p08_lam0p25.json,mlp512x1,bbb,1,val,0.08,0.25,robust_eps0p08_lam0p25,0.07,clean_correct,expected_entropy,certified_below_threshold,0.9,,0.8536585365853658,,,0.3269230769230769,,1.0,0.046511627906976744
/home/user/thesis/UncertaintyAndRobustnessInBNNs/runs/mlp512x1/bbb/seed1_eps0p08_lam0p25.json,mlp512x1,bbb,1,val,0.08,0.25,robust_eps0p08_lam0p25,0.07,all,mutual_information,pgd_failure,,0.9613970588235294,0.8206521739130435,-0.14074488491048598,0.9402585638998682,0.4442982456140351,-0.4959603182858331,0.32,0.08
/home/user/thesis/UncertaintyAndRobustnessInBNNs/runs/mlp512x1/bbb/seed1_eps0p08_lam0p25.json,mlp512x1,bbb,1,val,0.08,0.25,robust_eps0p08_lam0p25,0.07,all,mutual_information,certified_below_threshold,0.5,,0.8968253968253967,,,0.6222222222222222,,1.0,0.06666666666666667
/home/user/thesis/UncertaintyAndRobustnessInBNNs/runs/mlp512x1/bbb/seed1_eps0p08_lam0p25.json,mlp512x1,bbb,1,val,0.08,0.25,robust_eps0p08_lam0p25,0.07,all,mutual_information,certified_below_threshold,0.9,,0.8597560975609756,,,0.5369047619047619,,1.0,0.08888888888888889
/home/user/thesis/UncertaintyAndRobustnessInBNNs/runs/mlp512x1/bbb/seed1_eps0p08_lam0p25.json,mlp512x1,bbb,1,val,0.08,0.25,robust_eps0p08_lam0p25,0.07,clean_correct,mutual_information,pgd_failure,,0.9588235294117647,0.8043478260869565,-0.1544757033248082,0.9332323232323232,0.18382352941176472,-0.7494087938205585,0.30612244897959184,0.041666666666666664
/home/user/thesis/UncertaintyAndRobustnessInBNNs/runs/mlp512x1/bbb/seed1_eps0p08_lam0p25.json,mlp512x1,bbb,1,val,0.08,0.25,robust_eps0p08_lam0p25,0.07,clean_correct,mutual_information,certified_below_threshold,0.5,,0.9761904761904762,,,0.5,,1.0,0.023255813953488372
/home/user/thesis/UncertaintyAndRobustnessInBNNs/runs/mlp512x1/bbb/seed1_eps0p08_lam0p25.json,mlp512x1,bbb,1,val,0.08,0.25,robust_eps0p08_lam0p25,0.07,clean_correct,mutual_information,certified_below_threshold,0.9,,0.8536585365853658,,,0.3269230769230769,,1.0,0.046511627906976744
/home/user/thesis/UncertaintyAndRobustnessInBNNs/runs/mlp512x1/bbb/seed1_eps0p08_lam0p25.json,mlp512x1,bbb,1,val,0.08,0.25,robust_eps0p08_lam0p25,0.07,all,one_minus_confidence,pgd_failure,,0.9613970588235294,0.8043478260869565,-0.1570492327365729,0.9390743616287094,0.4370927318295739,-0.5019816297991355,0.32,0.08
/home/user/thesis/UncertaintyAndRobustnessInBNNs/runs/mlp512x1/bbb/seed1_eps0p08_lam0p25.json,mlp512x1,bbb,1,val,0.08,0.25,robust_eps0p08_lam0p25,0.07,all,one_minus_confidence,certified_below_threshold,0.5,,0.880952380952381,,,0.6143790849673203,,1.0,0.06666666666666667
/home/user/thesis/UncertaintyAndRobustnessInBNNs/runs/mlp512x1/bbb/seed1_eps0p08_lam0p25.json,mlp512x1,bbb,1,val,0.08,0.25,robust_eps0p08_lam0p25,0.07,all,one_minus_confidence,certified_below_threshold,0.9,,0.8414634146341463,,,0.5254901960784314,,1.0,0.08888888888888889
/home/user/thesis/UncertaintyAndRobustnessInBNNs/runs/mlp512x1/bbb/seed1_eps0p08_lam0p25.json,mlp512x1,bbb,1,val,0.08,0.25,robust_eps0p08_lam0p25,0.07,clean_correct,one_minus_confidence,pgd_failure,,0.9588235294117647,0.7934782608695652,-0.16534526854219955,0.9317546903224652,0.18055555555555555,-0.7511991347669096,0.30612244897959184,0.041666666666666664
/home/user/thesis/UncertaintyAndRobustnessInBNNs/runs/mlp512x1/bbb/seed1_eps0p08_lam0p25.json,mlp512x1,bbb,1,val,0.08,0.25,robust_eps0p08_lam0p25,0.07,clean_correct,one_minus_confidence,certified_below_threshold,0.5,,0.9761904761904762,,,0.5,,1.0,0.023255813953488372
/home/user/thesis/UncertaintyAndRobustnessInBNNs/runs/mlp512x1/bbb/seed1_eps0p08_lam0p25.json,mlp512x1,bbb,1,val,0.08,0.25,robust_eps0p08_lam0p25,0.07,clean_correct,one_minus_confidence,certified_below_threshold,0.9,,0.8414634146341463,,,0.3214285714285714,,1.0,0.046511627906976744
/home/user/thesis/UncertaintyAndRobustnessInBNNs/runs/mlp512x1/bbb/seed1_eps0p08_lam0p25.json,mlp512x1,bbb,1,val,0.08,0.25,robust_eps0p08_lam0p25,0.07,all,predictive_entropy,pgd_failure,,0.957720588235294,0.8097826086956522,-0.14793797953964183,0.9290583359876838,0.4392857142857143,-0.48977262170196956,0.32,0.08
/home/user/thesis/UncertaintyAndRobustnessInBNNs/runs/mlp512x1/bbb/seed1_eps0p08_lam0p25.json,mlp512x1,bbb,1,val,0.08,0.25,robust_eps0p08_lam0p25,0.07,all,predictive_entropy,certified_below_threshold,0.5,,0.880952380952381,,,0.6143790849673203,,1.0,0.06666666666666667
/home/user/thesis/UncertaintyAndRobustnessInBNNs/runs/mlp512x1/bbb/seed1_eps0p08_lam0p25.json,mlp512x1,bbb,1,val,0.08,0.25,robust_eps0p08_lam0p25,0.07,all,predictive_entropy,certified_below_threshold,0.9,,0.8475609756097561,,,0.52906162464986,,1.0,0.08888888888888889
/home/user/thesis/UncertaintyAndRobustnessInBNNs/runs/mlp512x1/bbb/seed1_eps0p08_lam0p25.json,mlp512x1,bbb,1,val,0.08,0.25,robust_eps0p08_lam0p25,0.07,clean_correct,predictive_entropy,pgd_failure,,0.9549019607843137,0.8043478260869565,-0.15055413469735712,0.9201385287063036,0.18382352941176472,-0.7363149992945389,0.30612244897959184,0.041666666666666664
/home/user/thesis/UncertaintyAndRobustnessInBNNs/runs/mlp512x1/bbb/seed1_eps0p08_lam0p25.json,mlp512x1,bbb,1,val,0.08,0.25,robust_eps0p08_lam0p25,0.07,clean_correct,predictive_entropy,certified_below_threshold,0.5,,0.9761904761904762,,,0.5,,1.0,0.023255813953488372
/home/user/thesis/UncertaintyAndRobustnessInBNNs/runs/mlp512x1/bbb/seed1_eps0p08_lam0p25.json,mlp512x1,bbb,1,val,0.08,0.25,robust_eps0p08_lam0p25,0.07,clean_correct,predictive_entropy,certified_below_threshold,0.9,,0.8536585365853658,,,0.3269230769230769,,1.0,0.046511627906976744
/home/user/thesis/UncertaintyAndRobustnessInBNNs/runs/mlp512x1/bbb/seed1_eps0p08_lam0p25.json,mlp512x1,bbb,1,val,0.08,0.25,robust_eps0p08_lam0p25,0.08,all,expected_entropy,pgd_failure,,0.9102564102564102,0.8097826086956522,-0.10047380156075802,0.9311346488375706,0.4392857142857143,-0.4918489345518563,0.52,0.08
/home/user/thesis/UncertaintyAndRobustnessInBNNs/runs/mlp512x1/bbb/seed1_eps0p08_lam0p25.json,mlp512x1,bbb,1,val,0.08,0.25,robust_eps0p08_lam0p25,0.08,all,expected_entropy,certified_below_threshold,0.5,,0.9099099099099099,,,0.7435897435897436,,1.0,0.075
/home/user/thesis/UncertaintyAndRobustnessInBNNs/runs/mlp512x1/bbb/seed1_eps0p08_lam0p25.json,mlp512x1,bbb,1,val,0.08,0.25,robust_eps0p08_lam0p25,0.08,all,expected_entropy,certified_below_threshold,0.9,,0.8971428571428571,,,0.7333333333333333,,1.0,0.125
/home/user/thesis/UncertaintyAndRobustnessInBNNs/runs/mlp512x1/bbb/seed1_eps0p08_lam0p25.json,mlp512x1,bbb,1,val,0.08,0.25,robust_eps0p08_lam0p25,0.08,clean_correct,expected_entropy,pgd_failure,,0.9066666666666666,0.8043478260869565,-0.10231884057971008,0.9258473957604393,0.18382352941176472,-0.7420238663486746,0.5102040816326531,0.041666666666666664
/home/user/thesis/UncertaintyAndRobustnessInBNNs/runs/mlp512x1/bbb/seed1_eps0p08_lam0p25.json,mlp512x1,bbb,1,val,0.08,0.25,robust_eps0p08_lam0p25,0.08,clean_correct,expected_entropy,certified_below_threshold,0.5,,1.0,,,1.0,,1.0,0.02631578947368421
/home/user/thesis/UncertaintyAndRobustnessInBNNs/runs/mlp512x1/bbb/seed1_eps0p08_lam0p25.json,mlp512x1,bbb,1,val,0.08,0.25,robust_eps0p08_lam0p25,0.08,clean_correct,expected_entropy,certified_below_threshold,0.9,,0.9238095238095239,,,0.7575757575757576,,1.0,0.07894736842105263
/home/user/thesis/UncertaintyAndRobustnessInBNNs/runs/mlp512x1/bbb/seed1_eps0p08_lam0p25.json,mlp512x1,bbb,1,val,0.08,0.25,robust_eps0p08_lam0p25,0.08,all,mutual_information,pgd_failure,,0.9086538461538461,0.8206521739130435,-0.08800167224080269,0.9292002784501078,0.4442982456140351,-0.4849020328360727,0.52,0.08
/home/user/thesis/UncertaintyAndRobustnessInBNNs/runs/mlp512x1/bbb/seed1_eps0p08_lam0p25.json,mlp512x1,bbb,1,val,0.08,0.25,robust_eps0p08_lam0p25,0.08,all,mutual_information,certified_below_threshold,0.5,,0.9279279279279279,,,0.7575757575757576,,1.0,0.075
/home/user/thesis/UncertaintyAndRobustnessInBNNs/runs/mlp512x1/bbb/seed1_eps0p08_lam0p25.json,mlp512x1,bbb,1,val,0.08,0.25,robust_eps0p08_lam0p25,0.08,all,mutual_information,certified_below_threshold,0.9,,0.9085714285714286,,,0.7435897435897435,,1.0,0.125
/home/user/thesis/UncertaintyAndRobustnessInBNNs/runs/mlp512x1/bbb/seed1_eps0p08_lam0p25.json,mlp512x1,bbb,1,val,0.08,0.25,robust_eps0p08_lam0p25,0.08,clean_correct,mutual_information,pgd_failure,,0.905,0.8043478260869565,-0.10065217391304349,0.9236658929530814,0.18382352941176472,-0.7398423635413167,0.5102040816326531,0.041666666666666664
/home/user/thesis/UncertaintyAndRobustnessInBNNs/runs/mlp512x1/bbb/seed1_eps0p08_lam0p25.json,mlp512x1,bbb,1,val,0.08,0.25,robust_eps0p08_lam0p25,0.08,clean_correct,mutual_information,certified_below_threshold,0.5,,1.0,,,1.0,,1.0,0.02631578947368421
/home/user/thesis/UncertaintyAndRobustnessInBNNs/runs/mlp512x1/bbb/seed1_eps0p08_lam0p25.json,mlp512x1,bbb,1,val,0.08,0.25,robust_eps0p08_lam0p25,0.08,clean_correct,mutual_information,certified_below_threshold,0.9,,0.9238095238095239,,,0.7575757575757576,,1.0,0.07894736842105263
/home/user/thesis/UncertaintyAndRobustnessInBNNs/runs/mlp512x1/bbb/seed1_eps0p08_lam0p25.json,mlp512x1,bbb,1,val,0.08,0.25,robust_eps0p08_lam0p25,0.08,all,one_minus_confidence,pgd_failure,,0.9086538461538461,0.8043478260869565,-0.1043060200668896,0.9289978967008183,0.4370927318295739,-0.4919051648712444,0.52,0.08
/home/user/thesis/UncertaintyAndRobustnessInBNNs/runs/mlp512x1/bbb/seed1_eps0p08_lam0p25.json,mlp512x1,bbb,1,val,0.08,0.25,robust_eps0p08_lam0p25,0.08,all,one_minus_confidence,certified_below_threshold,0.5,,0.9099099099099099,,,0.7435897435897436,,1.0,0.075
/home/user/thesis/UncertaintyAndRobustnessInBNNs/runs/mlp512x1/bbb/seed1_eps0p08_lam0p25.json,mlp512x1,bbb,1,val,0.08,0.25,robust_eps0p08_lam0p25,0.08,all,one_minus_confidence,certified_below_threshold,0.9,,0.8914285714285715,,,0.7282051282051282,,1.0,0.125
/home/user/thesis/UncertaintyAndRobustnessInBNNs/runs/mlp512x1/bbb/seed1_eps0p08_lam0p25.json,mlp512x1,bbb,1,val,0.08,0.25,robust_eps0p08_lam0p25,0.08,clean_correct,one_minus_confidence,pgd_failure,,0.905,0.7934782608695652,-0.11152173913043484,0.9234944545839687,0.18055555555555555,-0.7429388990284131,0.5102040816326531,0.041666666666666664
/home/user/thesis/UncertaintyAndRobustnessInBNNs/runs/mlp512x1/bbb/seed1_eps0p08_lam0p25.json,mlp512x1,bbb,1,val,0.08,0.25,robust_eps0p08_lam0p25,0.08,clean_correct,one_minus_confidence,certified_below_threshold,0.5,,1.0,,,1.0,,1.0,0.02631578947368421
/home/user/thesis/UncertaintyAndRobustnessInBNNs/runs/mlp512x1/bbb/seed1_eps0p08_lam0p25.json,mlp512x1,bbb,1,val,0.08,0.25,robust_eps0p08_lam0p25,0.08,clean_correct,one_minus_confidence,certified_below_threshold,0.9,,0.9142857142857144,,,0.75,,1.0,0.07894736842105263
/home/user/thesis/UncertaintyAndRobustnessInBNNs/runs/mlp512x1/bbb/seed1_eps0p08_lam0p25.json,mlp512x1,bbb,1,val,0.08,0.25,robust_eps0p08_lam0p25,0.08,all,predictive_entropy,pgd_failure,,0.9086538461538461,0.8097826086956522,-0.09887123745819393,0.9289978967008184,0.4392857142857143,-0.48971218241510417,0.52,0.08
/home/user/thesis/UncertaintyAndRobustnessInBNNs/runs/mlp512x1/bbb/seed1_eps0p08_lam0p25.json,mlp512x1,bbb,1,val,0.08,0.25,robust_eps0p08_lam0p25,0.08,all,predictive_entropy,certified_below_threshold,0.5,,0.9099099099099099,,,0.7435897435897436,,1.0,0.075
/home/user/thesis/UncertaintyAndRobustnessInBNNs/runs/mlp512x1/bbb/seed1_eps0p08_lam0p25.json,mlp512x1,bbb,1,val,0.08,0.25,robust_eps0p08_lam0p25,0.08,all,predictive_entropy,certified_below_threshold,0.9,,0.8971428571428571,,,0.7333333333333333,,1.0,0.125
/home/user/thesis/UncertaintyAndRobustnessInBNNs/runs/mlp512x1/bbb/seed1_eps0p08_lam0p25.json,mlp512x1,bbb,1,val,0.08,0.25,robust_eps0p08_lam0p25,0.08,clean_correct,predictive_entropy,pgd_failure,,0.905,0.8043478260869565,-0.10065217391304349,0.9234944545839687,0.18382352941176472,-0.739670925172204,0.5102040816326531,0.041666666666666664
/home/user/thesis/UncertaintyAndRobustnessInBNNs/runs/mlp512x1/bbb/seed1_eps0p08_lam0p25.json,mlp512x1,bbb,1,val,0.08,0.25,robust_eps0p08_lam0p25,0.08,clean_correct,predictive_entropy,certified_below_threshold,0.5,,1.0,,,1.0,,1.0,0.02631578947368421
/home/user/thesis/UncertaintyAndRobustnessInBNNs/runs/mlp512x1/bbb/seed1_eps0p08_lam0p25.json,mlp512x1,bbb,1,val,0.08,0.25,robust_eps0p08_lam0p25,0.08,clean_correct,predictive_entropy,certified_below_threshold,0.9,,0.9238095238095239,,,0.7575757575757576,,1.0,0.07894736842105263
/home/user/thesis/UncertaintyAndRobustnessInBNNs/runs/mlp512x1/bbb/seed1_eps0p08_lam0p25.json,mlp512x1,bbb,1,val,0.08,0.25,robust_eps0p08_lam0p25,0.1,all,expected_entropy,pgd_failure,,0.9207459207459207,0.7589285714285714,-0.16181734931734926,0.9767793212010466,0.47770146520146517,-0.49907785599958143,0.78,0.16
/home/user/thesis/UncertaintyAndRobustnessInBNNs/runs/mlp512x1/bbb/seed1_eps0p08_lam0p25.json,mlp512x1,bbb,1,val,0.08,0.25,robust_eps0p08_lam0p25,0.1,all,expected_entropy,certified_below_threshold,0.5,,0.7755102040816326,,,0.6258847035317623,,1.0,0.2
/home/user/thesis/UncertaintyAndRobustnessInBNNs/runs/mlp512x1/bbb/seed1_eps0p08_lam0p25.json,mlp512x1,bbb,1,val,0.08,0.25,robust_eps0p08_lam0p25,0.1,all,expected_entropy,certified_below_threshold,0.9,,0.7932692307692307,,,0.6484375,,1.0,0.23529411764705882
/home/user/thesis/UncertaintyAndRobustnessInBNNs/runs/mlp512x1/bbb/seed1_eps0p08_lam0p25.json,mlp512x1,bbb,1,val,0.08,0.25,robust_eps0p08_lam0p25,0.1,clean_correct,expected_entropy,pgd_failure,,0.9186602870813397,0.7380952380952381,-0.1805650489861016,0.9754940463957772,0.3422385620915033,-0.6332554843042739,0.7755102040816326,0.125
/home/user/thesis/UncertaintyAndRobustnessInBNNs/runs/mlp512x1/bbb/seed1_eps0p08_lam0p25.json,mlp512x1,bbb,1,val,0.08,0.25,robust_eps0p08_lam0p25,0.1,clean_correct,expected_entropy,certified_below_threshold,0.5,,0.7428571428571429,,,0.5568115942028986,,1.0,0.15151515151515152
/home/user/thesis/UncertaintyAndRobustnessInBNNs/runs/mlp512x1/bbb/seed1_eps0p08_lam0p25.json,mlp512x1,bbb,1,val,0.08,0.25,robust_eps0p08_lam0p25,0.1,clean_correct,expected_entropy,certified_below_threshold,0.9,,0.7756410256410257,,,0.5822510822510822,,1.0,0.1875
/home/user/thesis/UncertaintyAndRobustnessInBNNs/runs/mlp512x1/bbb/seed1_eps0p08_lam0p25.json,mlp512x1,bbb,1,val,0.08,0.25,robust_eps0p08_lam0p25,0.1,all,mutual_information,pgd_failure,,0.9020979020979021,0.7976190476190477,-0.10447885447885441,0.9731530236722896,0.5539060513602847,-0.4192469723120049,0.78,0.16
/home/user/thesis/UncertaintyAndRobustnessInBNNs/runs/mlp512x1/bbb/seed1_eps0p08_lam0p25.json,mlp512x1,bbb,1,val,0.08,0.25,robust_eps0p08_lam0p25,0.1,all,mutual_information,certified_below_threshold,0.5,,0.8214285714285714,,,0.6512677798392084,,1.0,0.2
/home/user/thesis/UncertaintyAndRobustnessInBNNs/runs/mlp512x1/bbb/seed1_eps0p08_lam0p25.json,mlp512x1,bbb,1,val,0.08,0.25,robust_eps0p08_lam0p25,0.1,all,mutual_information,certified_below_threshold,0.9,,0.8317307692307692,,,0.6790738866396762,,1.0,0.23529411764705882
/home/user/thesis/UncertaintyAndRobustnessInBNNs/runs/mlp512x1/bbb/seed1_eps0p08_lam0p25.json,mlp512x1,bbb,1,val,0.08,0.25,robust_eps0p08_lam0p25,0.1,clean_correct,mutual_information,pgd_failure,,0.8995215311004785,0.7817460317460317,-0.11777549935444676,0.9717227179919633,0.4646125116713352,-0.5071102063206281,0.7755102040816326,0.125
/home/user/thesis/UncertaintyAndRobustnessInBNNs/runs/mlp512x1/bbb/seed1_eps0p08_lam0p25.json,mlp512x1,bbb,1,val,0.08,0.25,robust_eps0p08_lam0p25,0.1,clean_correct,mutual_information,certified_below_threshold,0.5,,0.8,,,0.5822222222222222,,1.0,0.15151515151515152
/home/user/thesis/UncertaintyAndRobustnessInBNNs/runs/mlp512x1/bbb/seed1_eps0p08_lam0p25.json,mlp512x1,bbb,1,val,0.08,0.25,robust_eps0p08_lam0p25,0.1,clean_correct,mutual_information,certified_below_threshold,0.9,,0.8205128205128205,,,0.6168654874537227,,1.0,0.1875
/home/user/thesis/UncertaintyAndRobustnessInBNNs/runs/mlp512x1/bbb/seed1_eps0p08_lam0p25.json,mlp512x1,bbb,1,val,0.08,0.25,robust_eps0p08_lam0p25,0.1,all,one_minus_confidence,pgd_failure,,0.9184149184149184,0.7395833333333333,-0.17883158508158514,0.975040190766264,0.46809620204357044,-0.5069439887226936,0.78,0.16
/home/user/thesis/UncertaintyAndRobustnessInBNNs/runs/mlp512x1/bbb/seed1_eps0p08_lam0p25.json,mlp512x1,bbb,1,val,0.08,0.25,robust_eps0p08_lam0p25,0.1,all,one_minus_confidence,certified_below_threshold,0.5,,0.7576530612244898,,,0.6144561321031909,,1.0,0.2
/home/user/thesis/UncertaintyAndRobustnessInBNNs/runs/mlp512x1/bbb/seed1_eps0p08_lam0p25.json,mlp512x1,bbb,1,val,0.08,0.25,robust_eps0p08_lam0p25,0.1,all,one_minus_confidence,certified_below_threshold,0.9,,0.7764423076923077,,,0.6361825980392157,,1.0,0.23529411764705882
/home/user/thesis/UncertaintyAndRobustnessInBNNs/runs/mlp512x1/bbb/seed1_eps0p08_lam0p25.json,mlp512x1,bbb,1,val,0.08,0.25,robust_eps0p08_lam0p25,0.1,clean_correct,one_minus_confidence,pgd_failure,,0.916267942583732,0.7123015873015873,-0.20396635528214468,0.973679987438861,0.3314814814814815,-0.6421985059573795,0.7755102040816326,0.125
/home/user/thesis/UncertaintyAndRobustnessInBNNs/runs/mlp512x1/bbb/seed1_eps0p08_lam0p25.json,mlp512x1,bbb,1,val,0.08,0.25,robust_eps0p08_lam0p25,0.1,clean_correct,one_minus_confidence,certified_below_threshold,0.5,,0.7178571428571429,,,0.5436363636363637,,1.0,0.15151515151515152
/home/user/thesis/UncertaintyAndRobustnessInBNNs/runs/mlp512x1/bbb/seed1_eps0p08_lam0p25.json,mlp512x1,bbb,1,val,0.08,0.25,robust_eps0p08_lam0p25,0.1,clean_correct,one_minus_confidence,certified_below_threshold,0.9,,0.7532051282051282,,,0.5680465367965368,,1.0,0.1875
/home/user/thesis/UncertaintyAndRobustnessInBNNs/runs/mlp512x1/bbb/seed1_eps0p08_lam0p25.json,mlp512x1,bbb,1,val,0.08,0.25,robust_eps0p08_lam0p25,0.1,all,predictive_entropy,pgd_failure,,0.9184149184149184,0.7589285714285714,-0.159486346986347,0.9763167865109448,0.47770146520146517,-0.4986153213094796,0.78,0.16
/home/user/thesis/UncertaintyAndRobustnessInBNNs/runs/mlp512x1/bbb/seed1_eps0p08_lam0p25.json,mlp512x1,bbb,1,val,0.08,0.25,robust_eps0p08_lam0p25,0.1,all,predictive_entropy,certified_below_threshold,0.5,,0.7755102040816326,,,0.6258847035317623,,1.0,0.2
/home/user/thesis/UncertaintyAndRobustnessInBNNs/runs/mlp512x1/bbb/seed1_eps0p08_lam0p25.json,mlp512x1,bbb,1,val,0.08,0.25,robust_eps0p08_lam0p25,0.1,all,predictive_entropy,certified_below_threshold,0.9,,0.7932692307692307,,,0.6484375,,1.0,0.23529411764705882
/home/user/thesis/UncertaintyAndRobustnessInBNNs/runs/mlp512x1/bbb/seed1_eps0p08_lam0p25.json,mlp512x1,bbb,1,val,0.08,0.25,robust_eps0p08_lam0p25,0.1,clean_correct,predictive_entropy,pgd_failure,,0.9162679425837321,0.7380952380952381,-0.17817270448849398,0.9750109546083375,0.3422385620915033,-0.6327723925168343,0.7755102040816326,0.125
/home/user/thesis/UncertaintyAndRobustnessInBNNs/runs/mlp512x1/bbb/seed1_eps0p08_lam0p25.json,mlp512x1,bbb,1,val,0.08,0.25,robust_eps0p08_lam0p25,0.1,clean_correct,predictive_entropy,certified_below_threshold,0.5,,0.7428571428571429,,,0.5568115942028986,,1.0,0.15151515151515152
/home/user/thesis/UncertaintyAndRobustnessInBNNs/runs/mlp512x1/bbb/seed1_eps0p08_lam0p25.json,mlp512x1,bbb,1,val,0.08,0.25,robust_eps0p08_lam0p25,0.1,clean_correct,predictive_entropy,certified_below_threshold,0.9,,0.7756410256410257,,,0.5822510822510822,,1.0,0.1875
/home/user/thesis/UncertaintyAndRobustnessInBNNs/runs/mlp512x1/bbb/seed2_eps0p08_lam0p25.json,mlp512x1,bbb,2,val,0.08,0.25,robust_eps0p08_lam0p25,0.01,all,expected_entropy,pgd_failure,,1.0,0.9166666666666667,-0.08333333333333326,1.0,0.6,-0.4,0.04,0.04
/home/user/thesis/UncertaintyAndRobustnessInBNNs/runs/mlp512x1/bbb/seed2_eps0p08_lam0p25.json,mlp512x1,bbb,2,val,0.08,0.25,robust_eps0p08_lam0p25,0.01,all,expected_entropy,certified_below_threshold,0.5,1.0,0.9166666666666667,-0.08333333333333326,1.0,0.6,-0.4,0.04,0.04
/home/user/thesis/UncertaintyAndRobustnessInBNNs/runs/mlp512x1/bbb/seed2_eps0p08_lam0p25.json,mlp512x1,bbb,2,val,0.08,0.25,robust_eps0p08_lam0p25,0.01,all,expected_entropy,certified_below_threshold,0.9,1.0,0.9166666666666667,-0.08333333333333326,1.0,0.6,-0.4,0.047619047619047616,0.04
/home/user/thesis/UncertaintyAndRobustnessInBNNs/runs/mlp512x1/bbb/seed2_eps0p08_lam0p25.json,mlp512x1,bbb,2,val,0.08,0.25,robust_eps0p08_lam0p25,0.01,clean_correct,expected_entropy,pgd_failure,,,,,,,,0.0,0.0
/home/user/thesis/UncertaintyAndRobustnessInBNNs/runs/mlp512x1/bbb/seed2_eps0p08_lam0p25.json,mlp512x1,bbb,2,val,0.08,0.25,robust_eps0p08_lam0p25,0.01,clean_correct,expected_entropy,certified_below_threshold,0.5,,,,,,,0.0,0.0
/home/user/thesis/UncertaintyAndRobustnessInBNNs/runs/mlp512x1/bbb/seed2_eps0p08_lam0p25.json,mlp512x1,bbb,2,val,0.08,0.25,robust_eps0p08_lam0p25,0.01,clean_correct,expected_entropy,certified_below_threshold,0.9,,,,,,,0.0,0.0
/home/user/thesis/UncertaintyAndRobustnessInBNNs/runs/mlp512x1/bbb/seed2_eps0p08_lam0p25.json,mlp512x1,bbb,2,val,0.08,0.25,robust_eps0p08_lam0p25,0.01,all,mutual_information,pgd_failure,,1.0,0.9270833333333333,-0.07291666666666674,1.0,0.6111111111111112,-0.38888888888888884,0.04,0.04
/home/user/thesis/UncertaintyAndRobustnessInBNNs/runs/mlp512x1/bbb/seed2_eps0p08_lam0p25.json,mlp512x1,bbb,2,val,0.08,0.25,robust_eps0p08_lam0p25,0.01,all,mutual_information,certified_below_threshold,0.5,1.0,0.9270833333333333,-0.07291666666666674,1.0,0.6111111111111112,-0.38888888888888884,0.04,0.04
/home/user/thesis/UncertaintyAndRobustnessInBNNs/runs/mlp512x1/bbb/seed2_eps0p08_lam0p25.json,mlp512x1,bbb,2,val,0.08,0.25,robust_eps0p08_lam0p25,0.01,all,mutual_information,certified_below_threshold,0.9,1.0,0.9270833333333333,-0.07291666666666674,1.0,0.6111111111111112,-0.38888888888888884,0.047619047619047616,0.04
/home/user/thesis/UncertaintyAndRobustnessInBNNs/runs/mlp512x1/bbb/seed2_eps0p08_lam0p25.json,mlp512x1,bbb,2,val,0.08,0.25,robust_eps0p08_lam0p25,0.01,clean_correct,mutual_information,pgd_failure,,,,,,,,0.0,0.0
/home/user/thesis/UncertaintyAndRobustnessInBNNs/runs/mlp512x1/bbb/seed2_eps0p08_lam0p25.json,mlp512x1,bbb,2,val,0.08,0.25,robust_eps0p08_lam0p25,0.01,clean_correct,mutual_information,certified_below_threshold,0.5,,,,,,,0.0,0.0
/home/user/thesis/UncertaintyAndRobustnessInBNNs/runs/mlp512x1/bbb/seed2_eps0p08_lam0p25.json,mlp512x1,bbb,2,val,0.08,0.25,robust_eps0p08_lam0p25,0.01,clean_correct,mutual_information,certified_below_threshold,0.9,,,,,,,0.0,0.0
/home/user/thesis/UncertaintyAndRobustnessInBNNs/runs/mlp512x1/bbb/seed2_eps0p08_lam0p25.json,mlp512x1,bbb,2,val,0.08,0.25,robust_eps0p08_lam0p25,0.01,all,one_minus_confidence,pgd_failure,,1.0,0.9166666666666666,-0.08333333333333337,1.0,0.6,-0.4,0.04,0.04
/home/user/thesis/UncertaintyAndRobustnessInBNNs/runs/mlp512x1/bbb/seed2_eps0p08_lam0p25.json,mlp512x1,bbb,2,val,0.08,0.25,robust_eps0p08_lam0p25,0.01,all,one_minus_confidence,certified_below_threshold,0.5,1.0,0.9166666666666666,-0.08333333333333337,1.0,0.6,-0.4,0.04,0.04
/home/user/thesis/UncertaintyAndRobustnessInBNNs/runs/mlp512x1/bbb/seed2_eps0p08_lam0p25.json,mlp512x1,bbb,2,val,0.08,0.25,robust_eps0p08_lam0p25,0.01,all,one_minus_confidence,certified_below_threshold,0.9,1.0,0.9166666666666666,-0.08333333333333337,1.0,0.6,-0.4,0.047619047619047616,0.04
/home/user/thesis/UncertaintyAndRobustnessInBNNs/runs/mlp512x1/bbb/seed2_eps0p08_lam0p25.json,mlp512x1,bbb,2,val,0.08,0.25,robust_eps0p08_lam0p25,0.01,clean_correct,one_minus_confidence,pgd_failure,,,,,,,,0.0,0.0
/home/user/thesis/UncertaintyAndRobustnessInBNNs/runs/mlp512x1/bbb/seed2_eps0p08_lam0p25.json,mlp512x1,bbb,2,val,0.08,0.25,robust_eps0p08_lam0p25,0.01,clean_correct,one_minus_confidence,certified_below_threshold,0.5,,,,,,,0.0,0.0
/home/user/thesis/UncertaintyAndRobustnessInBNNs/runs/mlp512x1/bbb/seed2_eps0p08_lam0p25.json,mlp512x1,bbb,2,val,0.08,0.25,robust_eps0p08_lam0p25,0.01,clean_correct,one_minus_confidence,certified_below_threshold,0.9,,,,,,,0.0,0.0
/home/user/thesis/UncertaintyAndRobustnessInBNNs/runs/mlp512x1/bbb/seed2_eps0p08_lam0p25.json,mlp512x1,bbb,2,val,0.08,0.25,robust_eps0p08_lam0p25,0.01,all,predictive_entropy,pgd_failure,,1.0,0.9166666666666667,-0.08333333333333326,1.0,0.6,-0.4,0.04,0.04
/home/user/thesis/UncertaintyAndRobustnessInBNNs/runs/mlp512x1/bbb/seed2_eps0p08_lam0p25.json,mlp512x1,bbb,2,val,0.08,0.25,robust_eps0p08_lam0p25,0.01,all,predictive_entropy,certified_below_threshold,0.5,1.0,0.9166666666666667,-0.08333333333333326,1.0,0.6,-0.4,0.04,0.04
/home/user/thesis/UncertaintyAndRobustnessInBNNs/runs/mlp512x1/bbb/seed2_eps0p08_lam0p25.json,mlp512x1,bbb,2,val,0.08,0.25,robust_eps0p08_lam0p25,0.01,all,predictive_entropy,certified_below_threshold,0.9,1.0,0.9166666666666667,-0.08333333333333326,1.0,0.6,-0.4,0.047619047619047616,0.04
/home/user/thesis/UncertaintyAndRobustnessInBNNs/runs/mlp512x1/bbb/seed2_eps0p08_lam0p25.json,mlp512x1,bbb,2,val,0.08,0.25,robust_eps0p08_lam0p25,0.01,clean_correct,predictive_entropy,pgd_failure,,,,,,,,0.0,0.0
/home/user/thesis/UncertaintyAndRobustnessInBNNs/runs/mlp512x1/bbb/seed2_eps0p08_lam0p25.json,mlp512x1,bbb,2,val,0.08,0.25,robust_eps0p08_lam0p25,0.01,clean_correct,predictive_entropy,certified_below_threshold,0.5,,,,,,,0.0,0.0
/home/user/thesis/UncertaintyAndRobustnessInBNNs/runs/mlp512x1/bbb/seed2_eps0p08_lam0p25.json,mlp512x1,bbb,2,val,0.08,0.25,robust_eps0p08_lam0p25,0.01,clean_correct,predictive_entropy,certified_below_threshold,0.9,,,,,,,0.0,0.0
/home/user/thesis/UncertaintyAndRobustnessInBNNs/runs/mlp512x1/bbb/seed2_eps0p08_lam0p25.json,mlp512x1,bbb,2,val,0.08,0.25,robust_eps0p08_lam0p25,0.05,all,expected_entropy,pgd_failure,,0.9866666666666667,0.9166666666666667,-0.06999999999999995,0.9028571428571428,0.6,-0.3028571428571428,0.1,0.04
/home/user/thesis/UncertaintyAndRobustnessInBNNs/runs/mlp512x1/bbb/seed2_eps0p08_lam0p25.json,mlp512x1,bbb,2,val,0.08,0.25,robust_eps0p08_lam0p25,0.05,all,expected_entropy,certified_below_threshold,0.5,,0.925531914893617,,,0.6111111111111112,,1.0,0.04081632653061224
/home/user/thesis/UncertaintyAndRobustnessInBNNs/runs/mlp512x1/bbb/seed2_eps0p08_lam0p25.json,mlp512x1,bbb,2,val,0.08,0.25,robust_eps0p08_lam0p25,0.05,all,expected_entropy,certified_below_threshold,0.9,,0.925531914893617,,,0.6111111111111112,,1.0,0.04081632653061224
/home/user/thesis/UncertaintyAndRobustnessInBNNs/runs/mlp512x1/bbb/seed2_eps0p08_lam0p25.json,mlp512x1,bbb,2,val,0.08,0.25,robust_eps0p08_lam0p25,0.05,clean_correct,expected_entropy,pgd_failure,,0.9777777777777779,,,0.7555555555555555,,,0.0625,0.0
/home/user/thesis/UncertaintyAndRobustnessInBNNs/runs/mlp512x1/bbb/seed2_eps0p08_lam0p25.json,mlp512x1,bbb,2,val,0.08,0.25,robust_eps0p08_lam0p25,0.05,clean_correct,expected_entropy,certified_below_threshold,0.5,,,,,,,1.0,0.0
/home/user/thesis/UncertaintyAndRobustnessInBNNs/runs/mlp512x1/bbb/seed2_eps0p08_lam0p25.json,mlp512x1,bbb,2,val,0.08,0.25,robust_eps0p08_lam0p25,0.05,clean_correct,expected_entropy,certified_below_threshold,0.9,,,,,,,1.0,0.0
/home/user/thesis/UncertaintyAndRobustnessInBNNs/runs/mlp512x1/bbb/seed2_eps0p08_lam0p25.json,mlp512x1,bbb,2,val,0.08,0.25,robust_eps0p08_lam0p25,0.05,all,mutual_information,pgd_failure,,0.9911111111111112,0.9270833333333333,-0.0640277777777779,0.9428571428571428,0.6111111111111112,-0.3317460317460317,0.1,0.04
/home/user/thesis/UncertaintyAndRobustnessInBNNs/runs/mlp512x1/bbb/seed2_eps0p08_lam0p25.json,mlp512x1,bbb,2,val,0.08,0.25,robust_eps0p08_lam0p25,0.05,all,mutual_information,certified_below_threshold,0.5,,0.9361702127659575,,,0.625,,1.0,0.04081632653061224
/home/user/thesis/UncertaintyAndRobustnessInBNNs/runs/mlp512x1/bbb/seed2_eps0p08_lam0p25.json,mlp512x1,bbb,2,val,0.08,0.25,robust_eps0p08_lam0p25,0.05,all,mutual_information,certified_below_threshold,0.9,,0.9361702127659575,,,0.625,,1.0,0.04081632653061224
/home/user/thesis/UncertaintyAndRobustnessInBNNs/runs/mlp512x1/bbb/seed2_eps0p08_lam0p25.json,mlp512x1,bbb,2,val,0.08,0.25,robust_eps0p08_lam0p25,0.05,clean_correct,mutual_information,pgd_failure,,0.9851851851851853,,,0.8666666666666667,,,0.0625,0.0
/home/user/thesis/UncertaintyAndRobustnessInBNNs/runs/mlp512x1/bbb/seed2_eps0p08_lam0p25.json,mlp512x1,bbb,2,val,0.08,0.25,robust_eps0p08_lam0p25,0.05,clean_correct,mutual_information,certified_below_threshold,0.5,,,,,,,1.0,0.0
/home/user/thesis/UncertaintyAndRobustnessInBNNs/runs/mlp512x1/bbb/seed2_eps0p08_lam0p25.json,mlp512x1,bbb,2,val,0.08,0.25,robust_eps0p08_lam0p25,0.05,clean_correct,mutual_information,certified_below_threshold,0.9,,,,,,,1.0,0.0
/home/user/thesis/UncertaintyAndRobustnessInBNNs/runs/mlp512x1/bbb/seed2_eps0p08_lam0p25.json,mlp512x1,bbb,2,val,0.08,0.25,robust_eps0p08_lam0p25,0.05,all,one_minus_confidence,pgd_failure,,0.9866666666666667,0.9166666666666666,-0.07000000000000006,0.9028571428571428,0.6,-0.3028571428571428,0.1,0.04
/home/user/thesis/UncertaintyAndRobustnessInBNNs/runs/mlp512x1/bbb/seed2_eps0p08_lam0p25.json,mlp512x1,bbb,2,val,0.08,0.25,robust_eps0p08_lam0p25,0.05,all,one_minus_confidence,certified_below_threshold,0.5,,0.925531914893617,,,0.6111111111111112,,1.0,0.04081632653061224
/home/user/thesis/UncertaintyAndRobustnessInBNNs/runs/mlp512x1/bbb/seed2_eps0p08_lam0p25.json,mlp512x1,bbb,2,val,0.08,0.25,robust_eps0p08_lam0p25,0.05,all,one_minus_confidence,certified_below_threshold,0.9,,0.925531914893617,,,0.6111111111111112,,1.0,0.04081632653061224
/home/user/thesis/UncertaintyAndRobustnessInBNNs/runs/mlp512x1/bbb/seed2_eps0p08_lam0p25.json,mlp512x1,bbb,2,val,0.08,0.25,robust_eps0p08_lam0p25,0.05,clean_correct,one_minus_confidence,pgd_failure,,0.9777777777777779,,,0.7555555555555555,,,0.0625,0.0
/home/user/thesis/UncertaintyAndRobustnessInBNNs/runs/mlp512x1/bbb/seed2_eps0p08_lam0p25.json,mlp512x1,bbb,2,val,0.08,0.25,robust_eps0p08_lam0p25,0.05,clean_correct,one_minus_confidence,certified_below_threshold,0.5,,,,,,,1.0,0.0
/home/user/thesis/UncertaintyAndRobustnessInBNNs/runs/mlp512x1/bbb/seed2_eps0p08_lam0p25.json,mlp512x1,bbb,2,val,0.08,0.25,robust_eps0p08_lam0p25,0.05,clean_correct,one_minus_confidence,certified_below_threshold,0.9,,,,,,,1.0,0.0
/home/user/thesis/UncertaintyAndRobustnessInBNNs/runs/mlp512x1/bbb/seed2_eps0p08_lam0p25.json,mlp512x1,bbb,2,val,0.08,0.25,robust_eps0p08_lam0p25,0.05,all,predictive_entropy,pgd_failure,,0.9866666666666667,0.9166666666666667,-0.06999999999999995,0.9028571428571428,0.6,-0.3028571428571428,0.1,0.04
/home/user/thesis/UncertaintyAndRobustnessInBNNs/runs/mlp512x1/bbb/seed2_eps0p08_lam0p25.json,mlp512x1,bbb,2,val,0.08,0.25,robust_eps0p08_lam0p25,0.05,all,predictive_entropy,certified_below_threshold,0.5,,0.925531914893617,,,0.6111111111111112,,1.0,0.04081632653061224
/home/user/thesis/UncertaintyAndRobustnessInBNNs/runs/mlp512x1/bbb/seed2_eps0p08_lam0p25.json,mlp512x1,bbb,2,val,0.08,0.25,robust_eps0p08_lam0p25,0.05,all,predictive_entropy,certified_below_threshold,0.9,,0.925531914893617,,,0.6111111111111112,,1.0,0.04081632653061224
/home/user/thesis/UncertaintyAndRobustnessInBNNs/runs/mlp512x1/bbb/seed2_eps0p08_lam0p25.json,mlp512x1,bbb,2,val,0.08,0.25,robust_eps0p08_lam0p25,0.05,clean_correct,predictive_entropy,pgd_failure,,0.9777777777777779,,,0.7555555555555555,,,0.0625,0.0
/home/user/thesis/UncertaintyAndRobustnessInBNNs/runs/mlp512x1/bbb/seed2_eps0p08_lam0p25.json,mlp512x1,bbb,2,val,0.08,0.25,robust_eps0p08_lam0p25,0.05,clean_correct,predictive_entropy,certified_below_threshold,0.5,,,,,,,1.0,0.0
/home/user/thesis/UncertaintyAndRobustnessInBNNs/runs/mlp512x1/bbb/seed2_eps0p08_lam0p25.json,mlp512x1,bbb,2,val,0.08,0.25,robust_eps0p08_lam0p25,0.05,clean_correct,predictive_entropy,certified_below_threshold,0.9,,,,,,,1.0,0.0
/home/user/thesis/UncertaintyAndRobustnessInBNNs/runs/mlp512x1/bbb/seed2_eps0p08_lam0p25.json,mlp512x1,bbb,2,val,0.08,0.25,robust_eps0p08_lam0p25,0.07,all,expected_entropy,pgd_failure,,0.9037433155080213,0.8913043478260869,-0.01243896768193442,0.8950243255196815,0.5166666666666666,-0.37835765885301487,0.34,0.08
/home/user/thesis/UncertaintyAndRobustnessInBNNs/runs/mlp512x1/bbb/seed2_eps0p08_lam0p25.json,mlp512x1,bbb,2,val,0.08,0.25,robust_eps0p08_lam0p25,0.07,all,expected_entropy,certified_below_threshold,0.5,,0.8814814814814815,,,0.4935897435897436,,1.0,0.0625
/home/user/thesis/UncertaintyAndRobustnessInBNNs/runs/mlp512x1/bbb/seed2_eps0p08_lam0p25.json,mlp512x1,bbb,2,val,0.08,0.25,robust_eps0p08_lam0p25,0.07,all,expected_entropy,certified_below_threshold,0.9,,0.9047619047619048,,,0.5769230769230769,,1.0,0.08695652173913043
/home/user/thesis/UncertaintyAndRobustnessInBNNs/runs/mlp512x1/bbb/seed2_eps0p08_lam0p25.json,mlp512x1,bbb,2,val,0.08,0.25,robust_eps0p08_lam0p25,0.07,clean_correct,expected_entropy,pgd_failure,,0.8909090909090909,0.8586956521739131,-0.03221343873517779,0.8716574412859242,0.24358974358974358,-0.6280676976961805,0.3125,0.041666666666666664
/home/user/thesis/UncertaintyAndRobustnessInBNNs/runs/mlp512x1/bbb/seed2_eps0p08_lam0p25.json,mlp512x1,bbb,2,val,0.08,0.25,robust_eps0p08_lam0p25,0.07,clean_correct,expected_entropy,certified_below_threshold,0.5,,0.7777777777777778,,,0.09090909090909091,,1.0,0.021739130434782608
/home/user/thesis/UncertaintyAndRobustnessInBNNs/runs/mlp512x1/bbb/seed2_eps0p08_lam0p25.json,mlp512x1,bbb,2,val,0.08,0.25,robust_eps0p08_lam0p25,0.07,clean_correct,expected_entropy,certified_below_threshold,0.9,,0.8809523809523809,,,0.34090909090909094,,1.0,0.045454545454545456
/home/user/thesis/UncertaintyAndRobustnessInBNNs/runs/mlp512x1/bbb/seed2_eps0p08_lam0p25.json,mlp512x1,bbb,2,val,0.08,0.25,robust_eps0p08_lam0p25,0.07,all,mutual_information,pgd_failure,,0.8912655971479501,0.9293478260869565,0.03808222893900648,0.8747109583667522,0.6,-0.2747109583667522,0.34,0.08
/home/user/thesis/UncertaintyAndRobustnessInBNNs/runs/mlp512x1/bbb/seed2_eps0p08_lam0p25.json,mlp512x1,bbb,2,val,0.08,0.25,robust_eps0p08_lam0p25,0.07,all,mutual_information,certified_below_threshold,0.5,,0.9259259259259258,,,0.5535714285714286,,1.0,0.0625
/home/user/thesis/UncertaintyAndRobustnessInBNNs/runs/mlp512x1/bbb/seed2_eps0p08_lam0p25.json,mlp512x1,bbb,2,val,0.08,0.25,robust_eps0p08_lam0p25,0.07,all,mutual_information,certified_below_threshold,0.9,,0.9404761904761905,,,0.7048611111111112,,1.0,0.08695652173913043
/home/user/thesis/UncertaintyAndRobustnessInBNNs/runs/mlp512x1/bbb/seed2_eps0p08_lam0p25.json,mlp512x1,bbb,2,val,0.08,0.25,robust_eps0p08_lam0p25,0.07,clean_correct,mutual_information,pgd_failure,,0.8767676767676769,0.9239130434782609,0.047145366710584,0.8447351239742544,0.375,-0.46973512397425443,0.3125,0.041666666666666664
/home/user/thesis/UncertaintyAndRobustnessInBNNs/runs/mlp512x1/bbb/seed2_eps0p08_lam0p25.json,mlp512x1,bbb,2,val,0.08,0.25,robust_eps0p08_lam0p25,0.07,clean_correct,mutual_information,certified_below_threshold,0.5,,0.8888888888888888,,,0.16666666666666666,,1.0,0.021739130434782608
/home/user/thesis/UncertaintyAndRobustnessInBNNs/runs/mlp512x1/bbb/seed2_eps0p08_lam0p25.json,mlp512x1,bbb,2,val,0.08,0.25,robust_eps0p08_lam0p25,0.07,clean_correct,mutual_information,certified_below_threshold,0.9,,0.9404761904761905,,,0.6428571428571428,,1.0,0.045454545454545456
/home/user/thesis/UncertaintyAndRobustnessInBNNs/runs/mlp512x1/bbb/seed2_eps0p08_lam0p25.json,mlp512x1,bbb,2,val,0.08,0.25,robust_eps0p08_lam0p25,0.07,all,one_minus_confidence,pgd_failure,,0.9001782531194296,0.8913043478260869,-0.008873905293342643,0.8890288504065594,0.5166666666666666,-0.3723621837398928,0.34,0.08
/home/user/thesis/UncertaintyAndRobustnessInBNNs/runs/mlp512x1/bbb/seed2_eps0p08_lam0p25.json,mlp512x1,bbb,2,val,0.08,0.25,robust_eps0p08_lam0p25,0.07,all,one_minus_confidence,certified_below_threshold,0.5,,0.8814814814814815,,,0.4935897435897436,,1.0,0.0625
/home/user/thesis/UncertaintyAndRobustnessInBNNs/runs/mlp512x1/bbb/seed2_eps0p08_lam0p25.json,mlp512x1,bbb,2,val,0.08,0.25,robust_eps0p08_lam0p25,0.07,all,one_minus_confidence,certified_below_threshold,0.9,,0.9047619047619047,,,0.5769230769230769,,1.0,0.08695652173913043
/home/user/thesis/UncertaintyAndRobustnessInBNNs/runs/mlp512x1/bbb/seed2_eps0p08_lam0p25.json,mlp512x1,bbb,2,val,0.08,0.25,robust_eps0p08_lam0p25,0.07,clean_correct,one_minus_confidence,pgd_failure,,0.8868686868686868,0.858695652173913,-0.028173034694773835,0.8638840552516687,0.24358974358974358,-0.6202943116619251,0.3125,0.041666666666666664
/home/user/thesis/UncertaintyAndRobustnessInBNNs/runs/mlp512x1/bbb/seed2_eps0p08_lam0p25.json,mlp512x1,bbb,2,val,0.08,0.25,robust_eps0p08_lam0p25,0.07,clean_correct,one_minus_confidence,certified_below_threshold,0.5,,0.7777777777777778,,,0.09090909090909091,,1.0,0.021739130434782608
/home/user/thesis/UncertaintyAndRobustnessInBNNs/runs/mlp512x1/bbb/seed2_eps0p08_lam0p25.json,mlp512x1,bbb,2,val,0.08,0.25,robust_eps0p08_lam0p25,0.07,clean_correct,one_minus_confidence,certified_below_threshold,0.9,,0.8809523809523809,,,0.34090909090909094,,1.0,0.045454545454545456
/home/user/thesis/UncertaintyAndRobustnessInBNNs/runs/mlp512x1/bbb/seed2_eps0p08_lam0p25.json,mlp512x1,bbb,2,val,0.08,0.25,robust_eps0p08_lam0p25,0.07,all,predictive_entropy,pgd_failure,,0.9001782531194296,0.8913043478260869,-0.008873905293342643,0.8890288504065594,0.5166666666666666,-0.3723621837398928,0.34,0.08
/home/user/thesis/UncertaintyAndRobustnessInBNNs/runs/mlp512x1/bbb/seed2_eps0p08_lam0p25.json,mlp512x1,bbb,2,val,0.08,0.25,robust_eps0p08_lam0p25,0.07,all,predictive_entropy,certified_below_threshold,0.5,,0.8814814814814815,,,0.4935897435897436,,1.0,0.0625
/home/user/thesis/UncertaintyAndRobustnessInBNNs/runs/mlp512x1/bbb/seed2_eps0p08_lam0p25.json,mlp512x1,bbb,2,val,0.08,0.25,robust_eps0p08_lam0p25,0.07,all,predictive_entropy,certified_below_threshold,0.9,,0.9047619047619048,,,0.5769230769230769,,1.0,0.08695652173913043
/home/user/thesis/UncertaintyAndRobustnessInBNNs/runs/mlp512x1/bbb/seed2_eps0p08_lam0p25.json,mlp512x1,bbb,2,val,0.08,0.25,robust_eps0p08_lam0p25,0.07,clean_correct,predictive_entropy,pgd_failure,,0.8868686868686869,0.8586956521739131,-0.028173034694773835,0.8638840552516686,0.24358974358974358,-0.620294311661925,0.3125,0.041666666666666664
/home/user/thesis/UncertaintyAndRobustnessInBNNs/runs/mlp512x1/bbb/seed2_eps0p08_lam0p25.json,mlp512x1,bbb,2,val,0.08,0.25,robust_eps0p08_lam0p25,0.07,clean_correct,predictive_entropy,certified_below_threshold,0.5,,0.7777777777777778,,,0.09090909090909091,,1.0,0.021739130434782608
/home/user/thesis/UncertaintyAndRobustnessInBNNs/runs/mlp512x1/bbb/seed2_eps0p08_lam0p25.json,mlp512x1,bbb,2,val,0.08,0.25,robust_eps0p08_lam0p25,0.07,clean_correct,predictive_entropy,certified_below_threshold,0.9,,0.8809523809523809,,,0.34090909090909094,,1.0,0.045454545454545456
/home/user/thesis/UncertaintyAndRobustnessInBNNs/runs/mlp512x1/bbb/seed2_eps0p08_lam0p25.json,mlp512x1,bbb,2,val,0.08,0.25,robust_eps0p08_lam0p25,0.08,all,expected_entropy,pgd_failure,,0.8864000000000001,0.8913043478260869,0.004904347826086841,0.8984197307532154,0.5166666666666666,-0.38175306408654874,0.5,0.08
/home/user/thesis/UncertaintyAndRobustnessInBNNs/runs/mlp512x1/bbb/seed2_eps0p08_lam0p25.json,mlp512x1,bbb,2,val,0.08,0.25,robust_eps0p08_lam0p25,0.08,all,expected_entropy,certified_below_threshold,0.5,,0.888888888888889,,,0.5194805194805194,,1.0,0.07142857142857142
/home/user/thesis/UncertaintyAndRobustnessInBNNs/runs/mlp512x1/bbb/seed2_eps0p08_lam0p25.json,mlp512x1,bbb,2,val,0.08,0.25,robust_eps0p08_lam0p25,0.08,all,expected_entropy,certified_below_threshold,0.9,,0.9027777777777778,,,0.59375,,1.0,0.1
/home/user/thesis/UncertaintyAndRobustnessInBNNs/runs/mlp512x1/bbb/seed2_eps0p08_lam0p25.json,mlp512x1,bbb,2,val,0.08,0.25,robust_eps0p08_lam0p25,0.08,clean_correct,expected_entropy,pgd_failure,,0.8765217391304347,0.8586956521739131,-0.01782608695652166,0.8801402334398027,0.24358974358974358,-0.6365504898500591,0.4791666666666667,0.041666666666666664
/home/user/thesis/UncertaintyAndRobustnessInBNNs/runs/mlp512x1/bbb/seed2_eps0p08_lam0p25.json,mlp512x1,bbb,2,val,0.08,0.25,robust_eps0p08_lam0p25,0.08,clean_correct,expected_entropy,certified_below_threshold,0.5,,0.7948717948717949,,,0.1111111111111111,,1.0,0.025
/home/user/thesis/UncertaintyAndRobustnessInBNNs/runs/mlp512x1/bbb/seed2_eps0p08_lam0p25.json,mlp512x1,bbb,2,val,0.08,0.25,robust_eps0p08_lam0p25,0.08,clean_correct,expected_entropy,certified_below_threshold,0.9,,0.875,,,0.35,,1.0,0.05263157894736842
/home/user/thesis/UncertaintyAndRobustnessInBNNs/runs/mlp512x1/bbb/seed2_eps0p08_lam0p25.json,mlp512x1,bbb,2,val,0.08,0.25,robust_eps0p08_lam0p25,0.08,all,mutual_information,pgd_failure,,0.8656,0.9293478260869565,0.0637478260869565,0.8759990835663871,0.6,-0.27599908356638714,0.5,0.08
/home/user/thesis/UncertaintyAndRobustnessInBNNs/runs/mlp512x1/bbb/seed2_eps0p08_lam0p25.json,mlp512x1,bbb,2,val,0.08,0.25,robust_eps0p08_lam0p25,0.08,all,mutual_information,certified_below_threshold,0.5,,0.9316239316239316,,,0.5873015873015872,,1.0,0.07142857142857142
/home/user/thesis/UncertaintyAndRobustnessInBNNs/runs/mlp512x1/bbb/seed2_eps0p08_lam0p25.json,mlp512x1,bbb,2,val,0.08,0.25,robust_eps0p08_lam0p25,0.08,all,mutual_information,certified_below_threshold,0.9,,0.9444444444444444,,,0.7321428571428572,,1.0,0.1
/home/user/thesis/UncertaintyAndRobustnessInBNNs/runs/mlp512x1/bbb/seed2_eps0p08_lam0p25.json,mlp512x1,bbb,2,val,0.08,0.25,robust_eps0p08_lam0p25,0.08,clean_correct,mutual_information,pgd_failure,,0.8539130434782608,0.9239130434782609,0.07000000000000006,0.8525166416096422,0.375,-0.47751664160964225,0.4791666666666667,0.041666666666666664
/home/user/thesis/UncertaintyAndRobustnessInBNNs/runs/mlp512x1/bbb/seed2_eps0p08_lam0p25.json,mlp512x1,bbb,2,val,0.08,0.25,robust_eps0p08_lam0p25,0.08,clean_correct,mutual_information,certified_below_threshold,0.5,,0.8974358974358975,,,0.2,,1.0,0.025
/home/user/thesis/UncertaintyAndRobustnessInBNNs/runs/mlp512x1/bbb/seed2_eps0p08_lam0p25.json,mlp512x1,bbb,2,val,0.08,0.25,robust_eps0p08_lam0p25,0.08,clean_correct,mutual_information,certified_below_threshold,0.9,,0.9444444444444444,,,0.6666666666666666,,1.0,0.05263157894736842
/home/user/thesis/UncertaintyAndRobustnessInBNNs/runs/mlp512x1/bbb/seed2_eps0p08_lam0p25.json,mlp512x1,bbb,2,val,0.08,0.25,robust_eps0p08_lam0p25,0.08,all,one_minus_confidence,pgd_failure,,0.8824,0.8913043478260869,0.008904347826086956,0.8920665314000162,0.5166666666666666,-0.37539986473334963,0.5,0.08
/home/user/thesis/UncertaintyAndRobustnessInBNNs/runs/mlp512x1/bbb/seed2_eps0p08_lam0p25.json,mlp512x1,bbb,2,val,0.08,0.25,robust_eps0p08_lam0p25,0.08,all,one_minus_confidence,certified_below_threshold,0.5,,0.888888888888889,,,0.5194805194805194,,1.0,0.07142857142857142
/home/user/thesis/UncertaintyAndRobustnessInBNNs/runs/mlp512x1/bbb/seed2_eps0p08_lam0p25.json,mlp512x1,bbb,2,val,0.08,0.25,robust_eps0p08_lam0p25,0.08,all,one_minus_confidence,certified_below_threshold,0.9,,0.9027777777777778,,,0.59375,,1.0,0.1
/home/user/thesis/UncertaintyAndRobustnessInBNNs/runs/mlp512x1/bbb/seed2_eps0p08_lam0p25.json,mlp512x1,bbb,2,val,0.08,0.25,robust_eps0p08_lam0p25,0.08,clean_correct,one_minus_confidence,pgd_failure,,0.8721739130434784,0.858695652173913,-0.013478260869565384,0.8722414114789323,0.24358974358974358,-0.6286516678891887,0.4791666666666667,0.041666666666666664
/home/user/thesis/UncertaintyAndRobustnessInBNNs/runs/mlp512x1/bbb/seed2_eps0p08_lam0p25.json,mlp512x1,bbb,2,val,0.08,0.25,robust_eps0p08_lam0p25,0.08,clean_correct,one_minus_confidence,certified_below_threshold,0.5,,0.7948717948717949,,,0.1111111111111111,,1.0,0.025
/home/user/thesis/UncertaintyAndRobustnessInBNNs/runs/mlp512x1/bbb/seed2_eps0p08_lam0p25.json,mlp512x1,bbb,2,val,0.08,0.25,robust_eps0p08_lam0p25,0.08,clean_correct,one_minus_confidence,certified_below_threshold,0.9,,0.875,,,0.35,,1.0,0.05263157894736842
/home/user/thesis/UncertaintyAndRobustnessInBNNs/runs/mlp512x1/bbb/seed2_eps0p08_lam0p25.json,mlp512x1,bbb,2,val,0.08,0.25,robust_eps0p08_lam0p25,0.08,all,predictive_entropy,pgd_failure,,0.8816,0.8913043478260869,0.009704347826086868,0.892066531400016,0.5166666666666666,-0.3753998647333494,0.5,0.08
/home/user/thesis/UncertaintyAndRobustnessInBNNs/runs/mlp512x1/bbb/seed2_eps0p08_lam0p25.json,mlp512x1,bbb,2,val,0.08,0.25,robust_eps0p08_lam0p25,0.08,all,predictive_entropy,certified_below_threshold,0.5,,0.888888888888889,,,0.5194805194805194,,1.0,0.07142857142857142
/home/user/thesis/UncertaintyAndRobustnessInBNNs/runs/mlp512x1/bbb/seed2_eps0p08_lam0p25.json,mlp512x1,bbb,2,val,0.08,0.25,robust_eps0p08_lam0p25,0.08,all,predictive_entropy,certified_below_threshold,0.9,,0.9027777777777778,,,0.59375,,1.0,0.1
/home/user/thesis/UncertaintyAndRobustnessInBNNs/runs/mlp512x1/bbb/seed2_eps0p08_lam0p25.json,mlp512x1,bbb,2,val,0.08,0.25,robust_eps0p08_lam0p25,0.08,clean_correct,predictive_entropy,pgd_failure,,0.8713043478260869,0.8586956521739131,-0.012608695652173818,0.8722414114789324,0.24358974358974358,-0.6286516678891888,0.4791666666666667,0.041666666666666664
/home/user/thesis/UncertaintyAndRobustnessInBNNs/runs/mlp512x1/bbb/seed2_eps0p08_lam0p25.json,mlp512x1,bbb,2,val,0.08,0.25,robust_eps0p08_lam0p25,0.08,clean_correct,predictive_entropy,certified_below_threshold,0.5,,0.7948717948717949,,,0.1111111111111111,,1.0,0.025
/home/user/thesis/UncertaintyAndRobustnessInBNNs/runs/mlp512x1/bbb/seed2_eps0p08_lam0p25.json,mlp512x1,bbb,2,val,0.08,0.25,robust_eps0p08_lam0p25,0.08,clean_correct,predictive_entropy,certified_below_threshold,0.9,,0.875,,,0.35,,1.0,0.05263157894736842
/home/user/thesis/UncertaintyAndRobustnessInBNNs/runs/mlp512x1/bbb/seed2_eps0p08_lam0p25.json,mlp512x1,bbb,2,val,0.08,0.25,robust_eps0p08_lam0p25,0.1,all,expected_entropy,pgd_failure,,0.8815789473684211,0.8130081300813009,-0.06857081728712022,0.9619853065691608,0.5553306878306878,-0.406654618738473,0.76,0.18
/home/user/thesis/UncertaintyAndRobustnessInBNNs/runs/mlp512x1/bbb/seed2_eps0p08_lam0p25.json,mlp512x1,bbb,2,val,0.08,0.25,robust_eps0p08_lam0p25,0.1,all,expected_entropy,certified_below_threshold,0.5,,0.8214285714285715,,,0.4930555555555555,,1.0,0.15151515151515152
/home/user/thesis/UncertaintyAndRobustnessInBNNs/runs/mlp512x1/bbb/seed2_eps0p08_lam0p25.json,mlp512x1,bbb,2,val,0.08,0.25,robust_eps0p08_lam0p25,0.1,all,expected_entropy,certified_below_threshold,0.9,,0.7867132867132867,,,0.5733680680320996,,1.0,0.2972972972972973
/home/user/thesis/UncertaintyAndRobustnessInBNNs/runs/mlp512x1/bbb/seed2_eps0p08_lam0p25.json,mlp512x1,bbb,2,val,0.08,0.25,robust_eps0p08_lam0p25,0.1,clean_correct,expected_entropy,pgd_failure,,0.875,0.7804878048780488,-0.09451219512195119,0.9575267777968496,0.4460530566741746,-0.511473721122675,0.75,0.14583333333333334
/home/user/thesis/UncertaintyAndRobustnessInBNNs/runs/mlp512x1/bbb/seed2_eps0p08_lam0p25.json,mlp512x1,bbb,2,val,0.08,0.25,robust_eps0p08_lam0p25,0.1,clean_correct,expected_entropy,certified_below_threshold,0.5,,0.75,,,0.22222222222222224,,1.0,0.0967741935483871
/home/user/thesis/UncertaintyAndRobustnessInBNNs/runs/mlp512x1/bbb/seed2_eps0p08_lam0p25.json,mlp512x1,bbb,2,val,0.08,0.25,robust_eps0p08_lam0p25,0.1,clean_correct,expected_entropy,certified_below_threshold,0.9,,0.7564102564102564,,,0.44349986433319766,,1.0,0.2571428571428571
/home/user/thesis/UncertaintyAndRobustnessInBNNs/runs/mlp512x1/bbb/seed2_eps0p08_lam0p25.json,mlp512x1,bbb,2,val,0.08,0.25,robust_eps0p08_lam0p25,0.1,all,mutual_information,pgd_failure,,0.8442982456140351,0.7317073170731706,-0.1125909285408645,0.9468887664020553,0.5945902259308056,-0.35229854047124975,0.76,0.18
/home/user/thesis/UncertaintyAndRobustnessInBNNs/runs/mlp512x1/bbb/seed2_eps0p08_lam0p25.json,mlp512x1,bbb,2,val,0.08,0.25,robust_eps0p08_lam0p25,0.1,all,mutual_information,certified_below_threshold,0.5,,0.7500000000000001,,,0.5265437788018434,,1.0,0.15151515151515152
/home/user/thesis/UncertaintyAndRobustnessInBNNs/runs/mlp512x1/bbb/seed2_eps0p08_lam0p25.json,mlp512x1,bbb,2,val,0.08,0.25,robust_eps0p08_lam0p25,0.1,all,mutual_information,certified_below_threshold,0.9,,0.6818181818181817,,,0.5939172569854388,,1.0,0.2972972972972973
/home/user/thesis/UncertaintyAndRobustnessInBNNs/runs/mlp512x1/bbb/seed2_eps0p08_lam0p25.json,mlp512x1,bbb,2,val,0.08,0.25,robust_eps0p08_lam0p25,0.1,clean_correct,mutual_information,pgd_failure,,0.8356481481481481,0.6724738675958188,-0.1631742805523293,0.940319887629995,0.5035212372168894,-0.4367986504131056,0.75,0.14583333333333334
/home/user/thesis/UncertaintyAndRobustnessInBNNs/runs/mlp512x1/bbb/seed2_eps0p08_lam0p25.json,mlp512x1,bbb,2,val,0.08,0.25,robust_eps0p08_lam0p25,0.1,clean_correct,mutual_information,certified_below_threshold,0.5,,0.6190476190476191,,,0.25114942528735634,,1.0,0.0967741935483871
/home/user/thesis/UncertaintyAndRobustnessInBNNs/runs/mlp512x1/bbb/seed2_eps0p08_lam0p25.json,mlp512x1,bbb,2,val,0.08,0.25,robust_eps0p08_lam0p25,0.1,clean_correct,mutual_information,certified_below_threshold,0.9,,0.6239316239316239,,,0.4845059659575789,,1.0,0.2571428571428571
/home/user/thesis/UncertaintyAndRobustnessInBNNs/runs/mlp512x1/bbb/seed2_eps0p08_lam0p25.json,mlp512x1,bbb,2,val,0.08,0.25,robust_eps0p08_lam0p25,0.1,all,one_minus_confidence,pgd_failure,,0.875,0.8089430894308943,-0.06605691056910568,0.9590451414826422,0.5527764094143405,-0.4062687320683017,0.76,0.18
/home/user/thesis/UncertaintyAndRobustnessInBNNs/runs/mlp512x1/bbb/seed2_eps0p08_lam0p25.json,mlp512x1,bbb,2,val,0.08,0.25,robust_eps0p08_lam0p25,0.1,all,one_minus_confidence,certified_below_threshold,0.5,,0.8178571428571428,,,0.48937908496732024,,1.0,0.15151515151515152
/home/user/thesis/UncertaintyAndRobustnessInBNNs/runs/mlp512x1/bbb/seed2_eps0p08_lam0p25.json,mlp512x1,bbb,2,val,0.08,0.25,robust_eps0p08_lam0p25,0.1,all,one_minus_confidence,certified_below_threshold,0.9,,0.7867132867132867,,,0.5712035658675975,,1.0,0.2972972972972973
/home/user/thesis/UncertaintyAndRobustnessInBNNs/runs/mlp512x1/bbb/seed2_eps0p08_lam0p25.json,mlp512x1,bbb,2,val,0.08,0.25,robust_eps0p08_lam0p25,0.1,clean_correct,one_minus_confidence,pgd_failure,,0.8680555555555555,0.7752613240418118,-0.09279423151374366,0.9542228975241009,0.4430900937112117,-0.5111328038128893,0.75,0.14583333333333334
/home/user/thesis/UncertaintyAndRobustnessInBNNs/runs/mlp512x1/bbb/seed2_eps0p08_lam0p25.json,mlp512x1,bbb,2,val,0.08,0.25,robust_eps0p08_lam0p25,0.1,clean_correct,one_minus_confidence,certified_below_threshold,0.5,,0.7440476190476191,,,0.21746031746031746,,1.0,0.0967741935483871
/home/user/thesis/UncertaintyAndRobustnessInBNNs/runs/mlp512x1/bbb/seed2_eps0p08_lam0p25.json,mlp512x1,bbb,2,val,0.08,0.25,robust_eps0p08_lam0p25,0.1,clean_correct,one_minus_confidence,certified_below_threshold,0.9,,0.7564102564102564,,,0.4409007740148091,,1.0,0.2571428571428571
/home/user/thesis/UncertaintyAndRobustnessInBNNs/runs/mlp512x1/bbb/seed2_eps0p08_lam0p25.json,mlp512x1,bbb,2,val,0.08,0.25,robust_eps0p08_lam0p25,0.1,all,predictive_entropy,pgd_failure,,0.8771929824561403,0.8130081300813009,-0.0641848523748394,0.9602807072329826,0.5553306878306878,-0.4049500194022948,0.76,0.18
/home/user/thesis/UncertaintyAndRobustnessInBNNs/runs/mlp512x1/bbb/seed2_eps0p08_lam0p25.json,mlp512x1,bbb,2,val,0.08,0.25,robust_eps0p08_lam0p25,0.1,all,predictive_entropy,certified_below_threshold,0.5,,0.8214285714285715,,,0.4930555555555555,,1.0,0.15151515151515152
/home/user/thesis/UncertaintyAndRobustnessInBNNs/runs/mlp512x1/bbb/seed2_eps0p08_lam0p25.json,mlp512x1,bbb,2,val,0.08,0.25,robust_eps0p08_lam0p25,0.1,all,predictive_entropy,certified_below_threshold,0.9,,0.7867132867132867,,,0.5733680680320996,,1.0,0.2972972972972973
/home/user/thesis/UncertaintyAndRobustnessInBNNs/runs/mlp512x1/bbb/seed2_eps0p08_lam0p25.json,mlp512x1,bbb,2,val,0.08,0.25,robust_eps0p08_lam0p25,0.1,clean_correct,predictive_entropy,pgd_failure,,0.8703703703703703,0.7804878048780488,-0.08988256549232154,0.9555954255458043,0.4460530566741746,-0.5095423688716297,0.75,0.14583333333333334
/home/user/thesis/UncertaintyAndRobustnessInBNNs/runs/mlp512x1/bbb/seed2_eps0p08_lam0p25.json,mlp512x1,bbb,2,val,0.08,0.25,robust_eps0p08_lam0p25,0.1,clean_correct,predictive_entropy,certified_below_threshold,0.5,,0.75,,,0.22222222222222224,,1.0,0.0967741935483871
/home/user/thesis/UncertaintyAndRobustnessInBNNs/runs/mlp512x1/bbb/seed2_eps0p08_lam0p25.json,mlp512x1,bbb,2,val,0.08,0.25,robust_eps0p08_lam0p25,0.1,clean_correct,predictive_entropy,certified_below_threshold,0.9,,0.7564102564102564,,,0.44349986433319766,,1.0,0.2571428571428571
/home/user/thesis/UncertaintyAndRobustnessInBNNs/runs/mlp512x1/bbb/seed3_eps0p08_lam0p25.json,mlp512x1,bbb,3,val,0.08,0.25,robust_eps0p08_lam0p25,0.01,all,expected_entropy,pgd_failure,,1.0,0.8541666666666666,-0.14583333333333337,1.0,0.5625,-0.4375,0.04,0.04
/home/user/thesis/UncertaintyAndRobustnessInBNNs/runs/mlp512x1/bbb/seed3_eps0p08_lam0p25.json,mlp512x1,bbb,3,val,0.08,0.25,robust_eps0p08_lam0p25,0.01,all,expected_entropy,certified_below_threshold,0.5,1.0,0.8541666666666666,-0.14583333333333337,1.0,0.5625,-0.4375,0.041666666666666664,0.04
/home/user/thesis/UncertaintyAndRobustnessInBNNs/runs/mlp512x1/bbb/seed3_eps0p08_lam0p25.json,mlp512x1,bbb,3,val,0.08,0.25,robust_eps0p08_lam0p25,0.01,all,expected_entropy,certified_below_threshold,0.9,1.0,0.8541666666666666,-0.14583333333333337,1.0,0.5625,-0.4375,0.046511627906976744,0.04
/home/user/thesis/UncertaintyAndRobustnessInBNNs/runs/mlp512x1/bbb/seed3_eps0p08_lam0p25.json,mlp512x1,bbb,3,val,0.08,0.25,robust_eps0p08_lam0p25,0.01,clean_correct,expected_entropy,pgd_failure,,,,,,,,0.0,0.0
/home/user/thesis/UncertaintyAndRobustnessInBNNs/runs/mlp512x1/bbb/seed3_eps0p08_lam0p25.json,mlp512x1,bbb,3,val,0.08,0.25,robust_eps0p08_lam0p25,0.01,clean_correct,expected_entropy,certified_below_threshold,0.5,,,,,,,0.0,0.0
/home/user/thesis/UncertaintyAndRobustnessInBNNs/runs/mlp512x1/bbb/seed3_eps0p08_lam0p25.json,mlp512x1,bbb,3,val,0.08,0.25,robust_eps0p08_lam0p25,0.01,clean_correct,expected_entropy,certified_below_threshold,0.9,,,,,,,0.0,0.0
/home/user/thesis/UncertaintyAndRobustnessInBNNs/runs/mlp512x1/bbb/seed3_eps0p08_lam0p25.json,mlp512x1,bbb,3,val,0.08,0.25,robust_eps0p08_lam0p25,0.01,all,mutual_information,pgd_failure,,1.0,0.9375,-0.0625,1.0,0.625,-0.375,0.04,0.04
/home/user/thesis/UncertaintyAndRobustnessInBNNs/runs/mlp512x1/bbb/seed3_eps0p08_lam0p25.json,mlp512x1,bbb,3,val,0.08,0.25,robust_eps0p08_lam0p25,0.01,all,mutual_information,certified_below_threshold,0.5,1.0,0.9375,-0.0625,1.0,0.625,-0.375,0.041666666666666664,0.04
/home/user/thesis/UncertaintyAndRobustnessInBNNs/runs/mlp512x1/bbb/seed3_eps0p08_lam0p25.json,mlp512x1,bbb,3,val,0.08,0.25,robust_eps0p08_lam0p25,0.01,all,mutual_information,certified_below_threshold,0.9,1.0,0.9375,-0.0625,1.0,0.625,-0.375,0.046511627906976744,0.04
/home/user/thesis/UncertaintyAndRobustnessInBNNs/runs/mlp512x1/bbb/seed3_eps0p08_lam0p25.json,mlp512x1,bbb,3,val,0.08,0.25,robust_eps0p08_lam0p25,0.01,clean_correct,mutual_information,pgd_failure,,,,,,,,0.0,0.0
/home/user/thesis/UncertaintyAndRobustnessInBNNs/runs/mlp512x1/bbb/seed3_eps0p08_lam0p25.json,mlp512x1,bbb,3,val,0.08,0.25,robust_eps0p08_lam0p25,0.01,clean_correct,mutual_information,certified_below_threshold,0.5,,,,,,,0.0,0.0
/home/user/thesis/UncertaintyAndRobustnessInBNNs/runs/mlp512x1/bbb/seed3_eps0p08_lam0p25.json,mlp512x1,bbb,3,val,0.08,0.25,robust_eps0p08_lam0p25,0.01,clean_correct,mutual_information,certified_below_threshold,0.9,,,,,,,0.0,0.0
/home/user/thesis/UncertaintyAndRobustnessInBNNs/runs/mlp512x1/bbb/seed3_eps0p08_lam0p25.json,mlp512x1,bbb,3,val,0.08,0.25,robust_eps0p08_lam0p25,0.01,all,one_minus_confidence,pgd_failure,,1.0,0.84375,-0.15625,1.0,0.5588235294117647,-0.4411764705882353,0.04,0.04
/home/user/thesis/UncertaintyAndRobustnessInBNNs/runs/mlp512x1/bbb/seed3_eps0p08_lam0p25.json,mlp512x1,bbb,3,val,0.08,0.25,robust_eps0p08_lam0p25,0.01,all,one_minus_confidence,certified_below_threshold,0.5,1.0,0.84375,-0.15625,1.0,0.5588235294117647,-0.4411764705882353,0.041666666666666664,0.04
/home/user/thesis/UncertaintyAndRobustnessInBNNs/runs/mlp512x1/bbb/seed3_eps0p08_lam0p25.json,mlp512x1,bbb,3,val,0.08,0.25,robust_eps0p08_lam0p25,0.01,all,one_minus_confidence,certified_below_threshold,0.9,1.0,0.84375,-0.15625,1.0,0.5588235294117647,-0.4411764705882353,0.046511627906976744,0.04
/home/user/thesis/UncertaintyAndRobustnessInBNNs/runs/mlp512x1/bbb/seed3_eps0p08_lam0p25.json,mlp512x1,bbb,3,val,0.08,0.25,robust_eps0p08_lam0p25,0.01,clean_correct,one_minus_confidence,pgd_failure,,,,,,,,0.0,0.0
/home/user/thesis/UncertaintyAndRobustnessInBNNs/runs/mlp512x1/bbb/seed3_eps0p08_lam0p25.json,mlp512x1,bbb,3,val,0.08,0.25,robust_eps0p08_lam0p25,0.01,clean_correct,one_minus_confidence,certified_below_threshold,0.5,,,,,,,0.0,0.0
/home/user/thesis/UncertaintyAndRobustnessInBNNs/runs/mlp512x1/bbb/seed3_eps0p08_lam0p25.json,mlp512x1,bbb,3,val,0.08,0.25,robust_eps0p08_lam0p25,0.01,clean_correct,one_minus_confidence,certified_below_threshold,0.9,,,,,,,0.0,0.0
/home/user/thesis/UncertaintyAndRobustnessInBNNs/runs/mlp512x1/bbb/seed3_eps0p08_lam0p25.json,mlp512x1,bbb,3,val,0.08,0.25,robust_eps0p08_lam0p25,0.01,all,predictive_entropy,pgd_failure,,1.0,0.8541666666666666,-0.14583333333333337,1.0,0.5625,-0.4375,0.04,0.04
/home/user/thesis/UncertaintyAndRobustnessInBNNs/runs/mlp512x1/bbb/seed3_eps0p08_lam0p25.json,mlp512x1,bbb,3,val,0.08,0.25,robust_eps0p08_lam0p25,0.01,all,predictive_entropy,certified_below_threshold,0.5,1.0,0.8541666666666666,-0.14583333333333337,1.0,0.5625,-0.4375,0.041666666666666664,0.04
/home/user/thesis/UncertaintyAndRobustnessInBNNs/runs/mlp512x1/bbb/seed3_eps0p08_lam0p25.json,mlp512x1,bbb,3,val,0.08,0.25,robust_eps0p08_lam0p25,0.01,all,predictive_entropy,certified_below_threshold,0.9,1.0,0.8541666666666666,-0.14583333333333337,1.0,0.5625,-0.4375,0.046511627906976744,0.04
/home/user/thesis/UncertaintyAndRobustnessInBNNs/runs/mlp512x1/bbb/seed3_eps0p08_lam0p25.json,mlp512x1,bbb,3,val,0.08,0.25,robust_eps0p08_lam0p25,0.01,clean_correct,predictive_entropy,pgd_failure,,,,,,,,0.0,0.0
/home/user/thesis/UncertaintyAndRobustnessInBNNs/runs/mlp512x1/bbb/seed3_eps0p08_lam0p25.json,mlp512x1,bbb,3,val,0.08,0.25,robust_eps0p08_lam0p25,0.01,clean_correct,predictive_entropy,certified_below_threshold,0.5,,,,,,,0.0,0.0
/home/user/thesis/UncertaintyAndRobustnessInBNNs/runs/mlp512x1/bbb/seed3_eps0p08_lam0p25.json,mlp512x1,bbb,3,val,0.08,0.25,robust_eps0p08_lam0p25,0.01,clean_correct,predictive_entropy,certified_below_threshold,0.9,,,,,,,0.0,0.0
/home/user/thesis/UncertaintyAndRobustnessInBNNs/runs/mlp512x1/bbb/seed3_eps0p08_lam0p25.json,mlp512x1,bbb,3,val,0.08,0.25,robust_eps0p08_lam0p25,0.05,all,expected_entropy,pgd_failure,,0.9945652173913043,0.9078014184397163,-0.08676379895158803,0.95,0.7291666666666666,-0.22083333333333333,0.08,0.06
/home/user/thesis/UncertaintyAndRobustnessInBNNs/runs/mlp512x1/bbb/seed3_eps0p08_lam0p25.json,mlp512x1,bbb,3,val,0.08,0.25,robust_eps0p08_lam0p25,0.05,all,expected_entropy,certified_below_threshold,0.5,,0.9078014184397163,,,0.7291666666666666,,1.0,0.06
/home/user/thesis/UncertaintyAndRobustnessInBNNs/runs/mlp512x1/bbb/seed3_eps0p08_lam0p25.json,mlp512x1,bbb,3,val,0.08,0.25,robust_eps0p08_lam0p25,0.05,all,expected_entropy,certified_below_threshold,0.9,,0.9078014184397163,,,0.7291666666666666,,1.0,0.06
/home/user/thesis/UncertaintyAndRobustnessInBNNs/runs/mlp512x1/bbb/seed3_eps0p08_lam0p25.json,mlp512x1,bbb,3,val,0.08,0.25,robust_eps0p08_lam0p25,0.05,clean_correct,expected_entropy,pgd_failure,,0.9891304347826088,1.0,0.010869565217391242,0.8333333333333333,1.0,0.16666666666666674,0.041666666666666664,0.020833333333333332
/home/user/thesis/UncertaintyAndRobustnessInBNNs/runs/mlp512x1/bbb/seed3_eps0p08_lam0p25.json,mlp512x1,bbb,3,val,0.08,0.25,robust_eps0p08_lam0p25,0.05,clean_correct,expected_entropy,certified_below_threshold,0.5,,1.0,,,1.0,,1.0,0.020833333333333332
/home/user/thesis/UncertaintyAndRobustnessInBNNs/runs/mlp512x1/bbb/seed3_eps0p08_lam0p25.json,mlp512x1,bbb,3,val,0.08,0.25,robust_eps0p08_lam0p25,0.05,clean_correct,expected_entropy,certified_below_threshold,0.9,,1.0,,,1.0,,1.0,0.020833333333333332
/home/user/thesis/UncertaintyAndRobustnessInBNNs/runs/mlp512x1/bbb/seed3_eps0p08_lam0p25.json,mlp512x1,bbb,3,val,0.08,0.25,robust_eps0p08_lam0p25,0.05,all,mutual_information,pgd_failure,,0.9836956521739131,0.9645390070921985,-0.01915664508171455,0.8541666666666666,0.7916666666666666,-0.0625,0.08,0.06
/home/user/thesis/UncertaintyAndRobustnessInBNNs/runs/mlp512x1/bbb/seed3_eps0p08_lam0p25.json,mlp512x1,bbb,3,val,0.08,0.25,robust_eps0p08_lam0p25,0.05,all,mutual_information,certified_below_threshold,0.5,,0.9645390070921985,,,0.7916666666666666,,1.0,0.06
/home/user/thesis/UncertaintyAndRobustnessInBNNs/runs/mlp512x1/bbb/seed3_eps0p08_lam0p25.json,mlp512x1,bbb,3,val,0.08,0.25,robust_eps0p08_lam0p25,0.05,all,mutual_information,certified_below_threshold,0.9,,0.9645390070921985,,,0.7916666666666666,,1.0,0.06
/home/user/thesis/UncertaintyAndRobustnessInBNNs/runs/mlp512x1/bbb/seed3_eps0p08_lam0p25.json,mlp512x1,bbb,3,val,0.08,0.25,robust_eps0p08_lam0p25,0.05,clean_correct,mutual_information,pgd_failure,,0.9673913043478262,1.0,0.032608695652173836,0.5,1.0,0.5,0.041666666666666664,0.020833333333333332
/home/user/thesis/UncertaintyAndRobustnessInBNNs/runs/mlp512x1/bbb/seed3_eps0p08_lam0p25.json,mlp512x1,bbb,3,val,0.08,0.25,robust_eps0p08_lam0p25,0.05,clean_correct,mutual_information,certified_below_threshold,0.5,,1.0,,,1.0,,1.0,0.020833333333333332
/home/user/thesis/UncertaintyAndRobustnessInBNNs/runs/mlp512x1/bbb/seed3_eps0p08_lam0p25.json,mlp512x1,bbb,3,val,0.08,0.25,robust_eps0p08_lam0p25,0.05,clean_correct,mutual_information,certified_below_threshold,0.9,,1.0,,,1.0,,1.0,0.020833333333333332
/home/user/thesis/UncertaintyAndRobustnessInBNNs/runs/mlp512x1/bbb/seed3_eps0p08_lam0p25.json,mlp512x1,bbb,3,val,0.08,0.25,robust_eps0p08_lam0p25,0.05,all,one_minus_confidence,pgd_failure,,0.9945652173913043,0.900709219858156,-0.09385599753314833,0.95,0.7254901960784313,-0.2245098039215686,0.08,0.06
/home/user/thesis/UncertaintyAndRobustnessInBNNs/runs/mlp512x1/bbb/seed3_eps0p08_lam0p25.json,mlp512x1,bbb,3,val,0.08,0.25,robust_eps0p08_lam0p25,0.05,all,one_minus_confidence,certified_below_threshold,0.5,,0.900709219858156,,,0.7254901960784313,,1.0,0.06
/home/user/thesis/UncertaintyAndRobustnessInBNNs/runs/mlp512x1/bbb/seed3_eps0p08_lam0p25.json,mlp512x1,bbb,3,val,0.08,0.25,robust_eps0p08_lam0p25,0.05,all,one_minus_confidence,certified_below_threshold,0.9,,0.900709219858156,,,0.7254901960784313,,1.0,0.06
/home/user/thesis/UncertaintyAndRobustnessInBNNs/runs/mlp512x1/bbb/seed3_eps0p08_lam0p25.json,mlp512x1,bbb,3,val,0.08,0.25,robust_eps0p08_lam0p25,0.05,clean_correct,one_minus_confidence,pgd_failure,,0.9891304347826088,1.0,0.010869565217391242,0.8333333333333333,1.0,0.16666666666666674,0.041666666666666664,0.020833333333333332
/home/user/thesis/UncertaintyAndRobustnessInBNNs/runs/mlp512x1/bbb/seed3_eps0p08_lam0p25.json,mlp512x1,bbb,3,val,0.08,0.25,robust_eps0p08_lam0p25,0.05,clean_correct,one_minus_confidence,certified_below_threshold,0.5,,1.0,,,1.0,,1.0,0.020833333333333332
/home/user/thesis/UncertaintyAndRobustnessInBNNs/runs/mlp512x1/bbb/seed3_eps0p08_lam0p25.json,mlp512x1,bbb,3,val,0.08,0.25,robust_eps0p08_lam0p25,0.05,clean_correct,one_minus_confidence,certified_below_threshold,0.9,,1.0,,,1.0,,1.0,0.020833333333333332
/home/user/thesis/UncertaintyAndRobustnessInBNNs/runs/mlp512x1/bbb/seed3_eps0p08_lam0p25.json,mlp512x1,bbb,3,val,0.08,0.25,robust_eps0p08_lam0p25,0.05,all,predictive_entropy,pgd_failure,,0.9945652173913043,0.9078014184397163,-0.08676379895158803,0.95,0.7291666666666666,-0.22083333333333333,0.08,0.06
/home/user/thesis/UncertaintyAndRobustnessInBNNs/runs/mlp512x1/bbb/seed3_eps0p08_lam0p25.json,mlp512x1,bbb,3,val,0.08,0.25,robust_eps0p08_lam0p25,0.05,all,predictive_entropy,certified_below_threshold,0.5,,0.9078014184397163,,,0.7291666666666666,,1.0,0.06
/home/user/thesis/UncertaintyAndRobustnessInBNNs/runs/mlp512x1/bbb/seed3_eps0p08_lam0p25.json,mlp512x1,bbb,3,val,0.08,0.25,robust_eps0p08_lam0p25,0.05,all,predictive_entropy,certified_below_threshold,0.9,,0.9078014184397163,,,0.7291666666666666,,1.0,0.06
/home/user/thesis/UncertaintyAndRobustnessInBNNs/runs/mlp512x1/bbb/seed3_eps0p08_lam0p25.json,mlp512x1,bbb,3,val,0.08,0.25,robust_eps0p08_lam0p25,0.05,clean_correct,predictive_entropy,pgd_failure,,0.9891304347826088,1.0,0.010869565217391242,0.8333333333333333,1.0,0.16666666666666674,0.041666666666666664,0.020833333333333332
/home/user/thesis/UncertaintyAndRobustnessInBNNs/runs/mlp512x1/bbb/seed3_eps0p08_lam0p25.json,mlp512x1,bbb,3,val,0.08,0.25,robust_eps0p08_lam0p25,0.05,clean_correct,predictive_entropy,certified_below_threshold,0.5,,1.0,,,1.0,,1.0,0.020833333333333332
/home/user/thesis/UncertaintyAndRobustnessInBNNs/runs/mlp512x1/bbb/seed3_eps0p08_lam0p25.json,mlp512x1,bbb,3,val,0.08,0.25,robust_eps0p08_lam0p25,0.05,clean_correct,predictive_entropy,certified_below_threshold,0.9,,1.0,,,1.0,,1.0,0.020833333333333332
/home/user/thesis/UncertaintyAndRobustnessInBNNs/runs/mlp512x1/bbb/seed3_eps0p08_lam0p25.json,mlp512x1,bbb,3,val,0.08,0.25,robust_eps0p08_lam0p25,0.07,all,expected_entropy,pgd_failure,,0.8988970588235293,0.9078014184397163,0.008904359616186963,0.8387503234989647,0.7291666666666666,-0.1095836568322981,0.32,0.06
/home/user/thesis/UncertaintyAndRobustnessInBNNs/runs/mlp512x1/bbb/seed3_eps0p08_lam0p25.json,mlp512x1,bbb,3,val,0.08,0.25,robust_eps0p08_lam0p25,0.07,all,expected_entropy,certified_below_threshold,0.5,,0.9285714285714286,,,0.75,,1.0,0.06666666666666667
/home/user/thesis/UncertaintyAndRobustnessInBNNs/runs/mlp512x1/bbb/seed3_eps0p08_lam0p25.json,mlp512x1,bbb,3,val,0.08,0.25,robust_eps0p08_lam0p25,0.07,all,expected_entropy,certified_below_threshold,0.9,,0.9219512195121952,,,0.7014285714285713,,1.0,0.10869565217391304
/home/user/thesis/UncertaintyAndRobustnessInBNNs/runs/mlp512x1/bbb/seed3_eps0p08_lam0p25.json,mlp512x1,bbb,3,val,0.08,0.25,robust_eps0p08_lam0p25,0.07,clean_correct,expected_entropy,pgd_failure,,0.884453781512605,1.0,0.11554621848739499,0.7955211877040906,1.0,0.20447881229590936,0.2916666666666667,0.020833333333333332
/home/user/thesis/UncertaintyAndRobustnessInBNNs/runs/mlp512x1/bbb/seed3_eps0p08_lam0p25.json,mlp512x1,bbb,3,val,0.08,0.25,robust_eps0p08_lam0p25,0.07,clean_correct,expected_entropy,certified_below_threshold,0.5,,1.0,,,1.0,,1.0,0.023255813953488372
/home/user/thesis/UncertaintyAndRobustnessInBNNs/runs/mlp512x1/bbb/seed3_eps0p08_lam0p25.json,mlp512x1,bbb,3,val,0.08,0.25,robust_eps0p08_lam0p25,0.07,clean_correct,expected_entropy,certified_below_threshold,0.9,,0.943089430894309,,,0.6666666666666666,,1.0,0.06818181818181818
/home/user/thesis/UncertaintyAndRobustnessInBNNs/runs/mlp512x1/bbb/seed3_eps0p08_lam0p25.json,mlp512x1,bbb,3,val,0.08,0.25,robust_eps0p08_lam0p25,0.07,all,mutual_information,pgd_failure,,0.8676470588235294,0.9645390070921985,0.09689194826866909,0.7933874823691633,0.7916666666666666,-0.0017208157024967141,0.32,0.06
/home/user/thesis/UncertaintyAndRobustnessInBNNs/runs/mlp512x1/bbb/seed3_eps0p08_lam0p25.json,mlp512x1,bbb,3,val,0.08,0.25,robust_eps0p08_lam0p25,0.07,all,mutual_information,certified_below_threshold,0.5,,0.9841269841269841,,,0.8666666666666667,,1.0,0.06666666666666667
/home/user/thesis/UncertaintyAndRobustnessInBNNs/runs/mlp512x1/bbb/seed3_eps0p08_lam0p25.json,mlp512x1,bbb,3,val,0.08,0.25,robust_eps0p08_lam0p25,0.07,all,mutual_information,certified_below_threshold,0.9,,0.9804878048780488,,,0.8528571428571428,,1.0,0.10869565217391304
/home/user/thesis/UncertaintyAndRobustnessInBNNs/runs/mlp512x1/bbb/seed3_eps0p08_lam0p25.json,mlp512x1,bbb,3,val,0.08,0.25,robust_eps0p08_lam0p25,0.07,clean_correct,mutual_information,pgd_failure,,0.8487394957983193,1.0,0.1512605042016807,0.7368987542671754,1.0,0.26310124573282456,0.2916666666666667,0.020833333333333332
/home/user/thesis/UncertaintyAndRobustnessInBNNs/runs/mlp512x1/bbb/seed3_eps0p08_lam0p25.json,mlp512x1,bbb,3,val,0.08,0.25,robust_eps0p08_lam0p25,0.07,clean_correct,mutual_information,certified_below_threshold,0.5,,1.0,,,1.0,,1.0,0.023255813953488372
/home/user/thesis/UncertaintyAndRobustnessInBNNs/runs/mlp512x1/bbb/seed3_eps0p08_lam0p25.json,mlp512x1,bbb,3,val,0.08,0.25,robust_eps0p08_lam0p25,0.07,clean_correct,mutual_information,certified_below_threshold,0.9,,0.983739837398374,,,0.8055555555555556,,1.0,0.06818181818181818
/home/user/thesis/UncertaintyAndRobustnessInBNNs/runs/mlp512x1/bbb/seed3_eps0p08_lam0p25.json,mlp512x1,bbb,3,val,0.08,0.25,robust_eps0p08_lam0p25,0.07,all,one_minus_confidence,pgd_failure,,0.8952205882352942,0.900709219858156,0.005488631622861839,0.8321327110389611,0.7254901960784313,-0.10664251496052979,0.32,0.06
/home/user/thesis/UncertaintyAndRobustnessInBNNs/runs/mlp512x1/bbb/seed3_eps0p08_lam0p25.json,mlp512x1,bbb,3,val,0.08,0.25,robust_eps0p08_lam0p25,0.07,all,one_minus_confidence,certified_below_threshold,0.5,,0.9206349206349207,,,0.7435897435897436,,1.0,0.06666666666666667
/home/user/thesis/UncertaintyAndRobustnessInBNNs/runs/mlp512x1/bbb/seed3_eps0p08_lam0p25.json,mlp512x1,bbb,3,val,0.08,0.25,robust_eps0p08_lam0p25,0.07,all,one_minus_confidence,certified_below_threshold,0.9,,0.9219512195121952,,,0.7055555555555555,,1.0,0.10869565217391304
/home/user/thesis/UncertaintyAndRobustnessInBNNs/runs/mlp512x1/bbb/seed3_eps0p08_lam0p25.json,mlp512x1,bbb,3,val,0.08,0.25,robust_eps0p08_lam0p25,0.07,clean_correct,one_minus_confidence,pgd_failure,,0.8802521008403361,1.0,0.11974789915966388,0.7863326631960172,1.0,0.21366733680398275,0.2916666666666667,0.020833333333333332
/home/user/thesis/UncertaintyAndRobustnessInBNNs/runs/mlp512x1/bbb/seed3_eps0p08_lam0p25.json,mlp512x1,bbb,3,val,0.08,0.25,robust_eps0p08_lam0p25,0.07,clean_correct,one_minus_confidence,certified_below_threshold,0.5,,1.0,,,1.0,,1.0,0.023255813953488372
/home/user/thesis/UncertaintyAndRobustnessInBNNs/runs/mlp512x1/bbb/seed3_eps0p08_lam0p25.json,mlp512x1,bbb,3,val,0.08,0.25,robust_eps0p08_lam0p25,0.07,clean_correct,one_minus_confidence,certified_below_threshold,0.9,,0.9512195121951219,,,0.6805555555555556,,1.0,0.06818181818181818
/home/user/thesis/UncertaintyAndRobustnessInBNNs/runs/mlp512x1/bbb/seed3_eps0p08_lam0p25.json,mlp512x1,bbb,3,val,0.08,0.25,robust_eps0p08_lam0p25,0.07,all,predictive_entropy,pgd_failure,,0.895220588235294,0.9078014184397163,0.012580830204422244,0.832132711038961,0.7291666666666666,-0.1029660443722944,0.32,0.06
/home/user/thesis/UncertaintyAndRobustnessInBNNs/runs/mlp512x1/bbb/seed3_eps0p08_lam0p25.json,mlp512x1,bbb,3,val,0.08,0.25,robust_eps0p08_lam0p25,0.07,all,predictive_entropy,certified_below_threshold,0.5,,0.9285714285714286,,,0.75,,1.0,0.06666666666666667
/home/user/thesis/UncertaintyAndRobustnessInBNNs/runs/mlp512x1/bbb/seed3_eps0p08_lam0p25.json,mlp512x1,bbb,3,val,0.08,0.25,robust_eps0p08_lam0p25,0.07,all,predictive_entropy,certified_below_threshold,0.9,,0.9219512195121952,,,0.7014285714285713,,1.0,0.10869565217391304
/home/user/thesis/UncertaintyAndRobustnessInBNNs/runs/mlp512x1/bbb/seed3_eps0p08_lam0p25.json,mlp512x1,bbb,3,val,0.08,0.25,robust_eps0p08_lam0p25,0.07,clean_correct,predictive_entropy,pgd_failure,,0.8802521008403361,1.0,0.11974789915966388,0.7863326631960172,1.0,0.21366733680398275,0.2916666666666667,0.020833333333333332
/home/user/thesis/UncertaintyAndRobustnessInBNNs/runs/mlp512x1/bbb/seed3_eps0p08_lam0p25.json,mlp512x1,bbb,3,val,0.08,0.25,robust_eps0p08_lam0p25,0.07,clean_correct,predictive_entropy,certified_below_threshold,0.5,,1.0,,,1.0,,1.0,0.023255813953488372
/home/user/thesis/UncertaintyAndRobustnessInBNNs/runs/mlp512x1/bbb/seed3_eps0p08_lam0p25.json,mlp512x1,bbb,3,val,0.08,0.25,robust_eps0p08_lam0p25,0.07,clean_correct,predictive_entropy,certified_below_threshold,0.9,,0.943089430894309,,,0.6666666666666666,,1.0,0.06818181818181818
/home/user/thesis/UncertaintyAndRobustnessInBNNs/runs/mlp512x1/bbb/seed3_eps0p08_lam0p25.json,mlp512x1,bbb,3,val,0.08,0.25,robust_eps0p08_lam0p25,0.08,all,expected_entropy,pgd_failure,,0.9355877616747182,0.8471760797342193,-0.08841168194049898,0.9434768690976707,0.5703546453546453,-0.3731222237430254,0.54,0.14
/home/user/thesis/UncertaintyAndRobustnessInBNNs/runs/mlp512x1/bbb/seed3_eps0p08_lam0p25.json,mlp512x1,bbb,3,val,0.08,0.25,robust_eps0p08_lam0p25,0.08,all,expected_entropy,certified_below_threshold,0.5,,0.9065040650406504,,,0.6611111111111111,,1.0,0.1276595744680851
/home/user/thesis/UncertaintyAndRobustnessInBNNs/runs/mlp512x1/bbb/seed3_eps0p08_lam0p25.json,mlp512x1,bbb,3,val,0.08,0.25,robust_eps0p08_lam0p25,0.08,all,expected_entropy,certified_below_threshold,0.9,,0.9065040650406504,,,0.6611111111111111,,1.0,0.1276595744680851
/home/user/thesis/UncertaintyAndRobustnessInBNNs/runs/mlp512x1/bbb/seed3_eps0p08_lam0p25.json,mlp512x1,bbb,3,val,0.08,0.25,robust_eps0p08_lam0p25,0.08,clean_correct,expected_entropy,pgd_failure,,0.9304347826086957,0.8325581395348838,-0.09787664307381194,0.9333502488871314,0.4683333333333334,-0.465016915553798,0.5208333333333334,0.10416666666666667
/home/user/thesis/UncertaintyAndRobustnessInBNNs/runs/mlp512x1/bbb/seed3_eps0p08_lam0p25.json,mlp512x1,bbb,3,val,0.08,0.25,robust_eps0p08_lam0p25,0.08,clean_correct,expected_entropy,certified_below_threshold,0.5,,0.9146341463414633,,,0.5909090909090909,,1.0,0.08888888888888889
/home/user/thesis/UncertaintyAndRobustnessInBNNs/runs/mlp512x1/bbb/seed3_eps0p08_lam0p25.json,mlp512x1,bbb,3,val,0.08,0.25,robust_eps0p08_lam0p25,0.08,clean_correct,expected_entropy,certified_below_threshold,0.9,,0.9146341463414633,,,0.5909090909090909,,1.0,0.08888888888888889
/home/user/thesis/UncertaintyAndRobustnessInBNNs/runs/mlp512x1/bbb/seed3_eps0p08_lam0p25.json,mlp512x1,bbb,3,val,0.08,0.25,robust_eps0p08_lam0p25,0.08,all,mutual_information,pgd_failure,,0.9017713365539454,0.9036544850498338,0.0018831484958884426,0.9089551477425777,0.6708592132505176,-0.23809593449206012,0.54,0.14
/home/user/thesis/UncertaintyAndRobustnessInBNNs/runs/mlp512x1/bbb/seed3_eps0p08_lam0p25.json,mlp512x1,bbb,3,val,0.08,0.25,robust_eps0p08_lam0p25,0.08,all,mutual_information,certified_below_threshold,0.5,,0.9634146341463414,,,0.8016233766233766,,1.0,0.1276595744680851
/home/user/thesis/UncertaintyAndRobustnessInBNNs/runs/mlp512x1/bbb/seed3_eps0p08_lam0p25.json,mlp512x1,bbb,3,val,0.08,0.25,robust_eps0p08_lam0p25,0.08,all,mutual_information,certified_below_threshold,0.9,,0.9634146341463414,,,0.8016233766233766,,1.0,0.1276595744680851
/home/user/thesis/UncertaintyAndRobustnessInBNNs/runs/mlp512x1/bbb/seed3_eps0p08_lam0p25.json,mlp512x1,bbb,3,val,0.08,0.25,robust_eps0p08_lam0p25,0.08,clean_correct,mutual_information,pgd_failure,,0.893913043478261,0.8790697674418605,-0.014843276036400455,0.8917363215487593,0.5476190476190476,-0.3441172739297117,0.5208333333333334,0.10416666666666667
/home/user/thesis/UncertaintyAndRobustnessInBNNs/runs/mlp512x1/bbb/seed3_eps0p08_lam0p25.json,mlp512x1,bbb,3,val,0.08,0.25,robust_eps0p08_lam0p25,0.08,clean_correct,mutual_information,certified_below_threshold,0.5,,0.9573170731707317,,,0.7152777777777778,,1.0,0.08888888888888889
/home/user/thesis/UncertaintyAndRobustnessInBNNs/runs/mlp512x1/bbb/seed3_eps0p08_lam0p25.json,mlp512x1,bbb,3,val,0.08,0.25,robust_eps0p08_lam0p25,0.08,clean_correct,mutual_information,certified_below_threshold,0.9,,0.9573170731707317,,,0.7152777777777778,,1.0,0.08888888888888889
/home/user/thesis/UncertaintyAndRobustnessInBNNs/runs/mlp512x1/bbb/seed3_eps0p08_lam0p25.json,mlp512x1,bbb,3,val,0.08,0.25,robust_eps0p08_lam0p25,0.08,all,one_minus_confidence,pgd_failure,,0.9291465378421899,0.8471760797342193,-0.08197045810797066,0.9386889962208158,0.5723981900452488,-0.366290806175567,0.54,0.14
/home/user/thesis/UncertaintyAndRobustnessInBNNs/runs/mlp512x1/bbb/seed3_eps0p08_lam0p25.json,mlp512x1,bbb,3,val,0.08,0.25,robust_eps0p08_lam0p25,0.08,all,one_minus_confidence,certified_below_threshold,0.5,,0.9065040650406504,,,0.6643518518518517,,1.0,0.1276595744680851
/home/user/thesis/UncertaintyAndRobustnessInBNNs/runs/mlp512x1/bbb/seed3_eps0p08_lam0p25.json,mlp512x1,bbb,3,val,0.08,0.25,robust_eps0p08_lam0p25,0.08,all,one_minus_confidence,certified_below_threshold,0.9,,0.9065040650406504,,,0.6643518518518517,,1.0,0.1276595744680851
/home/user/thesis/UncertaintyAndRobustnessInBNNs/runs/mlp512x1/bbb/seed3_eps0p08_lam0p25.json,mlp512x1,bbb,3,val,0.08,0.25,robust_eps0p08_lam0p25,0.08,clean_correct,one_minus_confidence,pgd_failure,,0.9234782608695652,0.8372093023255814,-0.08626895854398375,0.9277999083894225,0.47500000000000003,-0.45279990838942247,0.5208333333333334,0.10416666666666667
/home/user/thesis/UncertaintyAndRobustnessInBNNs/runs/mlp512x1/bbb/seed3_eps0p08_lam0p25.json,mlp512x1,bbb,3,val,0.08,0.25,robust_eps0p08_lam0p25,0.08,clean_correct,one_minus_confidence,certified_below_threshold,0.5,,0.9207317073170731,,,0.6013257575757576,,1.0,0.08888888888888889
/home/user/thesis/UncertaintyAndRobustnessInBNNs/runs/mlp512x1/bbb/seed3_eps0p08_lam0p25.json,mlp512x1,bbb,3,val,0.08,0.25,robust_eps0p08_lam0p25,0.08,clean_correct,one_minus_confidence,certified_below_threshold,0.9,,0.9207317073170731,,,0.6013257575757576,,1.0,0.08888888888888889
/home/user/thesis/UncertaintyAndRobustnessInBNNs/runs/mlp512x1/bbb/seed3_eps0p08_lam0p25.json,mlp512x1,bbb,3,val,0.08,0.25,robust_eps0p08_lam0p25,0.08,all,predictive_entropy,pgd_failure,,0.9307568438003221,0.8471760797342193,-0.08358076406610282,0.9394002337741587,0.5703546453546453,-0.3690455884195134,0.54,0.14
/home/user/thesis/UncertaintyAndRobustnessInBNNs/runs/mlp512x1/bbb/seed3_eps0p08_lam0p25.json,mlp512x1,bbb,3,val,0.08,0.25,robust_eps0p08_lam0p25,0.08,all,predictive_entropy,certified_below_threshold,0.5,,0.9065040650406504,,,0.6611111111111111,,1.0,0.1276595744680851
/home/user/thesis/UncertaintyAndRobustnessInBNNs/runs/mlp512x1/bbb/seed3_eps0p08_lam0p25.json,mlp512x1,bbb,3,val,0.08,0.25,robust_eps0p08_lam0p25,0.08,all,predictive_entropy,certified_below_threshold,0.9,,0.9065040650406504,,,0.6611111111111111,,1.0,0.1276595744680851
/home/user/thesis/UncertaintyAndRobustnessInBNNs/runs/mlp512x1/bbb/seed3_eps0p08_lam0p25.json,mlp512x1,bbb,3,val,0.08,0.25,robust_eps0p08_lam0p25,0.08,clean_correct,predictive_entropy,pgd_failure,,0.9252173913043479,0.8325581395348838,-0.0926592517694641,0.9285935591830732,0.4683333333333334,-0.4602602258497398,0.5208333333333334,0.10416666666666667
/home/user/thesis/UncertaintyAndRobustnessInBNNs/runs/mlp512x1/bbb/seed3_eps0p08_lam0p25.json,mlp512x1,bbb,3,val,0.08,0.25,robust_eps0p08_lam0p25,0.08,clean_correct,predictive_entropy,certified_below_threshold,0.5,,0.9146341463414633,,,0.5909090909090909,,1.0,0.08888888888888889
/home/user/thesis/UncertaintyAndRobustnessInBNNs/runs/mlp512x1/bbb/seed3_eps0p08_lam0p25.json,mlp512x1,bbb,3,val,0.08,0.25,robust_eps0p08_lam0p25,0.08,clean_correct,predictive_entropy,certified_below_threshold,0.9,,0.9146341463414633,,,0.5909090909090909,,1.0,0.08888888888888889
/home/user/thesis/UncertaintyAndRobustnessInBNNs/runs/mlp512x1/bbb/seed3_eps0p08_lam0p25.json,mlp512x1,bbb,3,val,0.08,0.25,robust_eps0p08_lam0p25,0.1,all,expected_entropy,pgd_failure,,0.9085239085239085,0.840108401084011,-0.06841550743989755,0.9655553722325547,0.6438455063455064,-0.3217098658870483,0.74,0.18
/home/user/thesis/UncertaintyAndRobustnessInBNNs/runs/mlp512x1/bbb/seed3_eps0p08_lam0p25.json,mlp512x1,bbb,3,val,0.08,0.25,robust_eps0p08_lam0p25,0.1,all,expected_entropy,certified_below_threshold,0.5,,0.9247311827956989,,,0.7592592592592593,,1.0,0.16216216216216217
/home/user/thesis/UncertaintyAndRobustnessInBNNs/runs/mlp512x1/bbb/seed3_eps0p08_lam0p25.json,mlp512x1,bbb,3,val,0.08,0.25,robust_eps0p08_lam0p25,0.1,all,expected_entropy,certified_below_threshold,0.9,,0.8827586206896552,,,0.7741575091575091,,1.0,0.2564102564102564
/home/user/thesis/UncertaintyAndRobustnessInBNNs/runs/mlp512x1/bbb/seed3_eps0p08_lam0p25.json,mlp512x1,bbb,3,val,0.08,0.25,robust_eps0p08_lam0p25,0.1,clean_correct,expected_entropy,pgd_failure,,0.9032967032967033,0.8257839721254356,-0.07751273117126767,0.9612649996888052,0.5852380952380952,-0.37602690445070996,0.7291666666666666,0.14583333333333334
/home/user/thesis/UncertaintyAndRobustnessInBNNs/runs/mlp512x1/bbb/seed3_eps0p08_lam0p25.json,mlp512x1,bbb,3,val,0.08,0.25,robust_eps0p08_lam0p25,0.1,clean_correct,expected_entropy,certified_below_threshold,0.5,,0.935483870967742,,,0.7321428571428572,,1.0,0.11428571428571428
/home/user/thesis/UncertaintyAndRobustnessInBNNs/runs/mlp512x1/bbb/seed3_eps0p08_lam0p25.json,mlp512x1,bbb,3,val,0.08,0.25,robust_eps0p08_lam0p25,0.1,clean_correct,expected_entropy,certified_below_threshold,0.9,,0.875,,,0.7377010233918129,,1.0,0.21621621621621623
/home/user/thesis/UncertaintyAndRobustnessInBNNs/runs/mlp512x1/bbb/seed3_eps0p08_lam0p25.json,mlp512x1,bbb,3,val,0.08,0.25,robust_eps0p08_lam0p25,0.1,all,mutual_information,pgd_failure,,0.8711018711018711,0.8888888888888888,0.017787017787017745,0.9482163634039322,0.7138325281803544,-0.23438383522357786,0.74,0.18
/home/user/thesis/UncertaintyAndRobustnessInBNNs/runs/mlp512x1/bbb/seed3_eps0p08_lam0p25.json,mlp512x1,bbb,3,val,0.08,0.25,robust_eps0p08_lam0p25,0.1,all,mutual_information,certified_below_threshold,0.5,,0.9838709677419355,,,0.9444444444444444,,1.0,0.16216216216216217
/home/user/thesis/UncertaintyAndRobustnessInBNNs/runs/mlp512x1/bbb/seed3_eps0p08_lam0p25.json,mlp512x1,bbb,3,val,0.08,0.25,robust_eps0p08_lam0p25,0.1,all,mutual_information,certified_below_threshold,0.9,,0.9310344827586208,,,0.8826315789473683,,1.0,0.2564102564102564
/home/user/thesis/UncertaintyAndRobustnessInBNNs/runs/mlp512x1/bbb/seed3_eps0p08_lam0p25.json,mlp512x1,bbb,3,val,0.08,0.25,robust_eps0p08_lam0p25,0.1,clean_correct,mutual_information,pgd_failure,,0.8637362637362637,0.8641114982578397,0.0003752345215760622,0.9413759693063614,0.6152469683525584,-0.3261290009538029,0.7291666666666666,0.14583333333333334
/home/user/thesis/UncertaintyAndRobustnessInBNNs/runs/mlp512x1/bbb/seed3_eps0p08_lam0p25.json,mlp512x1,bbb,3,val,0.08,0.25,robust_eps0p08_lam0p25,0.1,clean_correct,mutual_information,certified_below_threshold,0.5,,0.9758064516129032,,,0.8928571428571428,,1.0,0.11428571428571428
/home/user/thesis/UncertaintyAndRobustnessInBNNs/runs/mlp512x1/bbb/seed3_eps0p08_lam0p25.json,mlp512x1,bbb,3,val,0.08,0.25,robust_eps0p08_lam0p25,0.1,clean_correct,mutual_information,certified_below_threshold,0.9,,0.9137931034482759,,,0.8322610294117647,,1.0,0.21621621621621623
/home/user/thesis/UncertaintyAndRobustnessInBNNs/runs/mlp512x1/bbb/seed3_eps0p08_lam0p25.json,mlp512x1,bbb,3,val,0.08,0.25,robust_eps0p08_lam0p25,0.1,all,one_minus_confidence,pgd_failure,,0.9043659043659044,0.8401084010840109,-0.0642575032818935,0.9637618460487845,0.6460365342718284,-0.31772531177695607,0.74,0.18
/home/user/thesis/UncertaintyAndRobustnessInBNNs/runs/mlp512x1/bbb/seed3_eps0p08_lam0p25.json,mlp512x1,bbb,3,val,0.08,0.25,robust_eps0p08_lam0p25,0.1,all,one_minus_confidence,certified_below_threshold,0.5,,0.9247311827956989,,,0.7647537647537647,,1.0,0.16216216216216217
/home/user/thesis/UncertaintyAndRobustnessInBNNs/runs/mlp512x1/bbb/seed3_eps0p08_lam0p25.json,mlp512x1,bbb,3,val,0.08,0.25,robust_eps0p08_lam0p25,0.1,all,one_minus_confidence,certified_below_threshold,0.9,,0.8827586206896552,,,0.778095238095238,,1.0,0.2564102564102564
/home/user/thesis/UncertaintyAndRobustnessInBNNs/runs/mlp512x1/bbb/seed3_eps0p08_lam0p25.json,mlp512x1,bbb,3,val,0.08,0.25,robust_eps0p08_lam0p25,0.1,clean_correct,one_minus_confidence,pgd_failure,,0.8989010989010989,0.8292682926829269,-0.06963280621817203,0.9592137176375232,0.5915873015873017,-0.3676264160502215,0.7291666666666666,0.14583333333333334
/home/user/thesis/UncertaintyAndRobustnessInBNNs/runs/mlp512x1/bbb/seed3_eps0p08_lam0p25.json,mlp512x1,bbb,3,val,0.08,0.25,robust_eps0p08_lam0p25,0.1,clean_correct,one_minus_confidence,certified_below_threshold,0.5,,0.9435483870967741,,,0.75,,1.0,0.11428571428571428
/home/user/thesis/UncertaintyAndRobustnessInBNNs/runs/mlp512x1/bbb/seed3_eps0p08_lam0p25.json,mlp512x1,bbb,3,val,0.08,0.25,robust_eps0p08_lam0p25,0.1,clean_correct,one_minus_confidence,certified_below_threshold,0.9,,0.8793103448275863,,,0.7488617376775271,,1.0,0.21621621621621623
/home/user/thesis/UncertaintyAndRobustnessInBNNs/runs/mlp512x1/bbb/seed3_eps0p08_lam0p25.json,mlp512x1,bbb,3,val,0.08,0.25,robust_eps0p08_lam0p25,0.1,all,predictive_entropy,pgd_failure,,0.9064449064449065,0.840108401084011,-0.06633650536089553,0.9643268710040533,0.6438455063455064,-0.32048136465854693,0.74,0.18
/home/user/thesis/UncertaintyAndRobustnessInBNNs/runs/mlp512x1/bbb/seed3_eps0p08_lam0p25.json,mlp512x1,bbb,3,val,0.08,0.25,robust_eps0p08_lam0p25,0.1,all,predictive_entropy,certified_below_threshold,0.5,,0.9247311827956989,,,0.7592592592592593,,1.0,0.16216216216216217
/home/user/thesis/UncertaintyAndRobustnessInBNNs/runs/mlp512x1/bbb/seed3_eps0p08_lam0p25.json,mlp512x1,bbb,3,val,0.08,0.25,robust_eps0p08_lam0p25,0.1,all,predictive_entropy,certified_below_threshold,0.9,,0.8827586206896552,,,0.7741575091575091,,1.0,0.2564102564102564
/home/user/thesis/UncertaintyAndRobustnessInBNNs/runs/mlp512x1/bbb/seed3_eps0p08_lam0p25.json,mlp512x1,bbb,3,val,0.08,0.25,robust_eps0p08_lam0p25,0.1,clean_correct,predictive_entropy,pgd_failure,,0.9010989010989011,0.8257839721254356,-0.07531492897346548,0.9598364282602337,0.5852380952380952,-0.3745983330221385,0.7291666666666666,0.14583333333333334
/home/user/thesis/UncertaintyAndRobustnessInBNNs/runs/mlp512x1/bbb/seed3_eps0p08_lam0p25.json,mlp512x1,bbb,3,val,0.08,0.25,robust_eps0p08_lam0p25,0.1,clean_correct,predictive_entropy,certified_below_threshold,0.5,,0.935483870967742,,,0.7321428571428572,,1.0,0.11428571428571428
/home/user/thesis/UncertaintyAndRobustnessInBNNs/runs/mlp512x1/bbb/seed3_eps0p08_lam0p25.json,mlp512x1,bbb,3,val,0.08,0.25,robust_eps0p08_lam0p25,0.1,clean_correct,predictive_entropy,certified_below_threshold,0.9,,0.875,,,0.7377010233918129,,1.0,0.21621621621621623
/home/user/thesis/UncertaintyAndRobustnessInBNNs/runs/mlp512x1/bbb/seed4_eps0p08_lam0p25.json,mlp512x1,bbb,4,val,0.08,0.25,robust_eps0p08_lam0p25,0.01,all,expected_entropy,pgd_failure,,1.0,0.78125,-0.21875,1.0,0.5434782608695652,-0.4565217391304348,0.04,0.04
/home/user/thesis/UncertaintyAndRobustnessInBNNs/runs/mlp512x1/bbb/seed4_eps0p08_lam0p25.json,mlp512x1,bbb,4,val,0.08,0.25,robust_eps0p08_lam0p25,0.01,all,expected_entropy,certified_below_threshold,0.5,1.0,0.78125,-0.21875,1.0,0.5434782608695652,-0.4565217391304348,0.043478260869565216,0.04
/home/user/thesis/UncertaintyAndRobustnessInBNNs/runs/mlp512x1/bbb/seed4_eps0p08_lam0p25.json,mlp512x1,bbb,4,val,0.08,0.25,robust_eps0p08_lam0p25,0.01,all,expected_entropy,certified_below_threshold,0.9,1.0,0.78125,-0.21875,1.0,0.5434782608695652,-0.4565217391304348,0.047619047619047616,0.04
/home/user/thesis/UncertaintyAndRobustnessInBNNs/runs/mlp512x1/bbb/seed4_eps0p08_lam0p25.json,mlp512x1,bbb,4,val,0.08,0.25,robust_eps0p08_lam0p25,0.01,clean_correct,expected_entropy,pgd_failure,,,,,,,,0.0,0.0
/home/user/thesis/UncertaintyAndRobustnessInBNNs/runs/mlp512x1/bbb/seed4_eps0p08_lam0p25.json,mlp512x1,bbb,4,val,0.08,0.25,robust_eps0p08_lam0p25,0.01,clean_correct,expected_entropy,certified_below_threshold,0.5,,,,,,,0.0,0.0
/home/user/thesis/UncertaintyAndRobustnessInBNNs/runs/mlp512x1/bbb/seed4_eps0p08_lam0p25.json,mlp512x1,bbb,4,val,0.08,0.25,robust_eps0p08_lam0p25,0.01,clean_correct,expected_entropy,certified_below_threshold,0.9,,,,,,,0.0,0.0
/home/user/thesis/UncertaintyAndRobustnessInBNNs/runs/mlp512x1/bbb/seed4_eps0p08_lam0p25.json,mlp512x1,bbb,4,val,0.08,0.25,robust_eps0p08_lam0p25,0.01,all,mutual_information,pgd_failure,,1.0,0.7916666666666666,-0.20833333333333337,1.0,0.5454545454545454,-0.4545454545454546,0.04,0.04
/home/user/thesis/UncertaintyAndRobustnessInBNNs/runs/mlp512x1/bbb/seed4_eps0p08_lam0p25.json,mlp512x1,bbb,4,val,0.08,0.25,robust_eps0p08_lam0p25,0.01,all,mutual_information,certified_below_threshold,0.5,1.0,0.7916666666666666,-0.20833333333333337,1.0,0.5454545454545454,-0.4545454545454546,0.043478260869565216,0.04
/home/user/thesis/UncertaintyAndRobustnessInBNNs/runs/mlp512x1/bbb/seed4_eps0p08_lam0p25.json,mlp512x1,bbb,4,val,0.08,0.25,robust_eps0p08_lam0p25,0.01,all,mutual_information,certified_below_threshold,0.9,1.0,0.7916666666666666,-0.20833333333333337,1.0,0.5454545454545454,-0.4545454545454546,0.047619047619047616,0.04
/home/user/thesis/UncertaintyAndRobustnessInBNNs/runs/mlp512x1/bbb/seed4_eps0p08_lam0p25.json,mlp512x1,bbb,4,val,0.08,0.25,robust_eps0p08_lam0p25,0.01,clean_correct,mutual_information,pgd_failure,,,,,,,,0.0,0.0
/home/user/thesis/UncertaintyAndRobustnessInBNNs/runs/mlp512x1/bbb/seed4_eps0p08_lam0p25.json,mlp512x1,bbb,4,val,0.08,0.25,robust_eps0p08_lam0p25,0.01,clean_correct,mutual_information,certified_below_threshold,0.5,,,,,,,0.0,0.0
/home/user/thesis/UncertaintyAndRobustnessInBNNs/runs/mlp512x1/bbb/seed4_eps0p08_lam0p25.json,mlp512x1,bbb,4,val,0.08,0.25,robust_eps0p08_lam0p25,0.01,clean_correct,mutual_information,certified_below_threshold,0.9,,,,,,,0.0,0.0
/home/user/thesis/UncertaintyAndRobustnessInBNNs/runs/mlp512x1/bbb/seed4_eps0p08_lam0p25.json,mlp512x1,bbb,4,val,0.08,0.25,robust_eps0p08_lam0p25,0.01,all,one_minus_confidence,pgd_failure,,1.0,0.78125,-0.21875,1.0,0.5434782608695652,-0.4565217391304348,0.04,0.04
/home/user/thesis/UncertaintyAndRobustnessInBNNs/runs/mlp512x1/bbb/seed4_eps0p08_lam0p25.json,mlp512x1,bbb,4,val,0.08,0.25,robust_eps0p08_lam0p25,0.01,all,one_minus_confidence,certified_below_threshold,0.5,1.0,0.78125,-0.21875,1.0,0.5434782608695652,-0.4565217391304348,0.043478260869565216,0.04
/home/user/thesis/UncertaintyAndRobustnessInBNNs/runs/mlp512x1/bbb/seed4_eps0p08_lam0p25.json,mlp512x1,bbb,4,val,0.08,0.25,robust_eps0p08_lam0p25,0.01,all,one_minus_confidence,certified_below_threshold,0.9,1.0,0.78125,-0.21875,1.0,0.5434782608695652,-0.4565217391304348,0.047619047619047616,0.04
/home/user/thesis/UncertaintyAndRobustnessInBNNs/runs/mlp512x1/bbb/seed4_eps0p08_lam0p25.json,mlp512x1,bbb,4,val,0.08,0.25,robust_eps0p08_lam0p25,0.01,clean_correct,one_minus_confidence,pgd_failure,,,,,,,,0.0,0.0
/home/user/thesis/UncertaintyAndRobustnessInBNNs/runs/mlp512x1/bbb/seed4_eps0p08_lam0p25.json,mlp512x1,bbb,4,val,0.08,0.25,robust_eps0p08_lam0p25,0.01,clean_correct,one_minus_confidence,certified_below_threshold,0.5,,,,,,,0.0,0.0
/home/user/thesis/UncertaintyAndRobustnessInBNNs/runs/mlp512x1/bbb/seed4_eps0p08_lam0p25.json,mlp512x1,bbb,4,val,0.08,0.25,robust_eps0p08_lam0p25,0.01,clean_correct,one_minus_confidence,certified_below_threshold,0.9,,,,,,,0.0,0.0
/home/user/thesis/UncertaintyAndRobustnessInBNNs/runs/mlp512x1/bbb/seed4_eps0p08_lam0p25.json,mlp512x1,bbb,4,val,0.08,0.25,robust_eps0p08_lam0p25,0.01,all,predictive_entropy,pgd_failure,,1.0,0.78125,-0.21875,1.0,0.5434782608695652,-0.4565217391304348,0.04,0.04
/home/user/thesis/UncertaintyAndRobustnessInBNNs/runs/mlp512x1/bbb/seed4_eps0p08_lam0p25.json,mlp512x1,bbb,4,val,0.08,0.25,robust_eps0p08_lam0p25,0.01,all,predictive_entropy,certified_below_threshold,0.5,1.0,0.78125,-0.21875,1.0,0.5434782608695652,-0.4565217391304348,0.043478260869565216,0.04
/home/user/thesis/UncertaintyAndRobustnessInBNNs/runs/mlp512x1/bbb/seed4_eps0p08_lam0p25.json,mlp512x1,bbb,4,val,0.08,0.25,robust_eps0p08_lam0p25,0.01,all,predictive_entropy,certified_below_threshold,0.9,1.0,0.78125,-0.21875,1.0,0.5434782608695652,-0.4565217391304348,0.047619047619047616,0.04
/home/user/thesis/UncertaintyAndRobustnessInBNNs/runs/mlp512x1/bbb/seed4_eps0p08_lam0p25.json,mlp512x1,bbb,4,val,0.08,0.25,robust_eps0p08_lam0p25,0.01,clean_correct,predictive_entropy,pgd_failure,,,,,,,,0.0,0.0
/home/user/thesis/UncertaintyAndRobustnessInBNNs/runs/mlp512x1/bbb/seed4_eps0p08_lam0p25.json,mlp512x1,bbb,4,val,0.08,0.25,robust_eps0p08_lam0p25,0.01,clean_correct,predictive_entropy,certified_below_threshold,0.5,,,,,,,0.0,0.0
/home/user/thesis/UncertaintyAndRobustnessInBNNs/runs/mlp512x1/bbb/seed4_eps0p08_lam0p25.json,mlp512x1,bbb,4,val,0.08,0.25,robust_eps0p08_lam0p25,0.01,clean_correct,predictive_entropy,certified_below_threshold,0.9,,,,,,,0.0,0.0
/home/user/thesis/UncertaintyAndRobustnessInBNNs/runs/mlp512x1/bbb/seed4_eps0p08_lam0p25.json,mlp512x1,bbb,4,val,0.08,0.25,robust_eps0p08_lam0p25,0.05,all,expected_entropy,pgd_failure,,0.9955555555555555,0.8510638297872342,-0.14449172576832137,0.9666666666666666,0.5990338164251208,-0.3676328502415458,0.1,0.06
/home/user/thesis/UncertaintyAndRobustnessInBNNs/runs/mlp512x1/bbb/seed4_eps0p08_lam0p25.json,mlp512x1,bbb,4,val,0.08,0.25,robust_eps0p08_lam0p25,0.05,all,expected_entropy,certified_below_threshold,0.5,,0.8510638297872342,,,0.5990338164251208,,1.0,0.06
/home/user/thesis/UncertaintyAndRobustnessInBNNs/runs/mlp512x1/bbb/seed4_eps0p08_lam0p25.json,mlp512x1,bbb,4,val,0.08,0.25,robust_eps0p08_lam0p25,0.05,all,expected_entropy,certified_below_threshold,0.9,,0.8550724637681159,,,0.601010101010101,,1.0,0.061224489795918366
/home/user/thesis/UncertaintyAndRobustnessInBNNs/runs/mlp512x1/bbb/seed4_eps0p08_lam0p25.json,mlp512x1,bbb,4,val,0.08,0.25,robust_eps0p08_lam0p25,0.05,clean_correct,expected_entropy,pgd_failure,,0.9925925925925926,0.9787234042553191,-0.013869188337273464,0.9166666666666666,0.5,-0.41666666666666663,0.0625,0.020833333333333332
/home/user/thesis/UncertaintyAndRobustnessInBNNs/runs/mlp512x1/bbb/seed4_eps0p08_lam0p25.json,mlp512x1,bbb,4,val,0.08,0.25,robust_eps0p08_lam0p25,0.05,clean_correct,expected_entropy,certified_below_threshold,0.5,,0.9787234042553191,,,0.5,,1.0,0.020833333333333332
/home/user/thesis/UncertaintyAndRobustnessInBNNs/runs/mlp512x1/bbb/seed4_eps0p08_lam0p25.json,mlp512x1,bbb,4,val,0.08,0.25,robust_eps0p08_lam0p25,0.05,clean_correct,expected_entropy,certified_below_threshold,0.9,,0.9782608695652174,,,0.5,,1.0,0.02127659574468085
/home/user/thesis/UncertaintyAndRobustnessInBNNs/runs/mlp512x1/bbb/seed4_eps0p08_lam0p25.json,mlp512x1,bbb,4,val,0.08,0.25,robust_eps0p08_lam0p25,0.05,all,mutual_information,pgd_failure,,0.9866666666666667,0.8652482269503545,-0.12141843971631217,0.9028571428571428,0.7121212121212122,-0.19073593073593065,0.1,0.06
/home/user/thesis/UncertaintyAndRobustnessInBNNs/runs/mlp512x1/bbb/seed4_eps0p08_lam0p25.json,mlp512x1,bbb,4,val,0.08,0.25,robust_eps0p08_lam0p25,0.05,all,mutual_information,certified_below_threshold,0.5,,0.8652482269503545,,,0.7121212121212122,,1.0,0.06
/home/user/thesis/UncertaintyAndRobustnessInBNNs/runs/mlp512x1/bbb/seed4_eps0p08_lam0p25.json,mlp512x1,bbb,4,val,0.08,0.25,robust_eps0p08_lam0p25,0.05,all,mutual_information,certified_below_threshold,0.9,,0.8695652173913044,,,0.7142857142857142,,1.0,0.061224489795918366
/home/user/thesis/UncertaintyAndRobustnessInBNNs/runs/mlp512x1/bbb/seed4_eps0p08_lam0p25.json,mlp512x1,bbb,4,val,0.08,0.25,robust_eps0p08_lam0p25,0.05,clean_correct,mutual_information,pgd_failure,,0.9777777777777779,1.0,0.022222222222222143,0.7555555555555555,1.0,0.24444444444444446,0.0625,0.020833333333333332
/home/user/thesis/UncertaintyAndRobustnessInBNNs/runs/mlp512x1/bbb/seed4_eps0p08_lam0p25.json,mlp512x1,bbb,4,val,0.08,0.25,robust_eps0p08_lam0p25,0.05,clean_correct,mutual_information,certified_below_threshold,0.5,,1.0,,,1.0,,1.0,0.020833333333333332
/home/user/thesis/UncertaintyAndRobustnessInBNNs/runs/mlp512x1/bbb/seed4_eps0p08_lam0p25.json,mlp512x1,bbb,4,val,0.08,0.25,robust_eps0p08_lam0p25,0.05,clean_correct,mutual_information,certified_below_threshold,0.9,,1.0,,,1.0,,1.0,0.02127659574468085
/home/user/thesis/UncertaintyAndRobustnessInBNNs/runs/mlp512x1/bbb/seed4_eps0p08_lam0p25.json,mlp512x1,bbb,4,val,0.08,0.25,robust_eps0p08_lam0p25,0.05,all,one_minus_confidence,pgd_failure,,0.9955555555555555,0.8510638297872342,-0.14449172576832137,0.9666666666666666,0.5990338164251208,-0.3676328502415458,0.1,0.06
/home/user/thesis/UncertaintyAndRobustnessInBNNs/runs/mlp512x1/bbb/seed4_eps0p08_lam0p25.json,mlp512x1,bbb,4,val,0.08,0.25,robust_eps0p08_lam0p25,0.05,all,one_minus_confidence,certified_below_threshold,0.5,,0.8510638297872342,,,0.5990338164251208,,1.0,0.06
/home/user/thesis/UncertaintyAndRobustnessInBNNs/runs/mlp512x1/bbb/seed4_eps0p08_lam0p25.json,mlp512x1,bbb,4,val,0.08,0.25,robust_eps0p08_lam0p25,0.05,all,one_minus_confidence,certified_below_threshold,0.9,,0.8550724637681159,,,0.601010101010101,,1.0,0.061224489795918366
/home/user/thesis/UncertaintyAndRobustnessInBNNs/runs/mlp512x1/bbb/seed4_eps0p08_lam0p25.json,mlp512x1,bbb,4,val,0.08,0.25,robust_eps0p08_lam0p25,0.05,clean_correct,one_minus_confidence,pgd_failure,,0.9925925925925926,0.9787234042553191,-0.013869188337273464,0.9166666666666665,0.5,-0.4166666666666665,0.0625,0.020833333333333332
/home/user/thesis/UncertaintyAndRobustnessInBNNs/runs/mlp512x1/bbb/seed4_eps0p08_lam0p25.json,mlp512x1,bbb,4,val,0.08,0.25,robust_eps0p08_lam0p25,0.05,clean_correct,one_minus_confidence,certified_below_threshold,0.5,,0.9787234042553191,,,0.5,,1.0,0.020833333333333332
/home/user/thesis/UncertaintyAndRobustnessInBNNs/runs/mlp512x1/bbb/seed4_eps0p08_lam0p25.json,mlp512x1,bbb,4,val,0.08,0.25,robust_eps0p08_lam0p25,0.05,clean_correct,one_minus_confidence,certified_below_threshold,0.9,,0.9782608695652174,,,0.5,,1.0,0.02127659574468085
/home/user/thesis/UncertaintyAndRobustnessInBNNs/runs/mlp512x1/bbb/seed4_eps0p08_lam0p25.json,mlp512x1,bbb,4,val,0.08,0.25,robust_eps0p08_lam0p25,0.05,all,predictive_entropy,pgd_failure,,0.9955555555555555,0.8510638297872342,-0.14449172576832137,0.9666666666666666,0.5990338164251208,-0.3676328502415458,0.1,0.06
/home/user/thesis/UncertaintyAndRobustnessInBNNs/runs/mlp512x1/bbb/seed4_eps0p08_lam0p25.json,mlp512x1,bbb,4,val,0.08,0.25,robust_eps0p08_lam0p25,0.05,all,predictive_entropy,certified_below_threshold,0.5,,0.8510638297872342,,,0.5990338164251208,,1.0,0.06
/home/user/thesis/UncertaintyAndRobustnessInBNNs/runs/mlp512x1/bbb/seed4_eps0p08_lam0p25.json,mlp512x1,bbb,4,val,0.08,0.25,robust_eps0p08_lam0p25,0.05,all,predictive_entropy,certified_below_threshold,0.9,,0.8550724637681159,,,0.601010101010101,,1.0,0.061224489795918366
/home/user/thesis/UncertaintyAndRobustnessInBNNs/runs/mlp512x1/bbb/seed4_eps0p08_lam0p25.json,mlp512x1,bbb,4,val,0.08,0.25,robust_eps0p08_lam0p25,0.05,clean_correct,predictive_entropy,pgd_failure,,0.9925925925925926,0.9787234042553191,-0.013869188337273464,0.9166666666666666,0.5,-0.41666666666666663,0.0625,0.020833333333333332
/home/user/thesis/UncertaintyAndRobustnessInBNNs/runs/mlp512x1/bbb/seed4_eps0p08_lam0p25.json,mlp512x1,bbb,4,val,0.08,0.25,robust_eps0p08_lam0p25,0.05,clean_correct,predictive_entropy,certified_below_threshold,0.5,,0.9787234042553191,,,0.5,,1.0,0.020833333333333332
/home/user/thesis/UncertaintyAndRobustnessInBNNs/runs/mlp512x1/bbb/seed4_eps0p08_lam0p25.json,mlp512x1,bbb,4,val,0.08,0.25,robust_eps0p08_lam0p25,0.05,clean_correct,predictive_entropy,certified_below_threshold,0.9,,0.9782608695652174,,,0.5,,1.0,0.02127659574468085
/home/user/thesis/UncertaintyAndRobustnessInBNNs/runs/mlp512x1/bbb/seed4_eps0p08_lam0p25.json,mlp512x1,bbb,4,val,0.08,0.25,robust_eps0p08_lam0p25,0.07,all,expected_entropy,pgd_failure,,0.9518716577540107,0.8043478260869564,-0.1475238316670543,0.9164175789608315,0.49961861174675815,-0.4167989672140734,0.34,0.08
/home/user/thesis/UncertaintyAndRobustnessInBNNs/runs/mlp512x1/bbb/seed4_eps0p08_lam0p25.json,mlp512x1,bbb,4,val,0.08,0.25,robust_eps0p08_lam0p25,0.07,all,expected_entropy,certified_below_threshold,0.5,,0.8392857142857142,,,0.6026315789473684,,1.0,0.08695652173913043
/home/user/thesis/UncertaintyAndRobustnessInBNNs/runs/mlp512x1/bbb/seed4_eps0p08_lam0p25.json,mlp512x1,bbb,4,val,0.08,0.25,robust_eps0p08_lam0p25,0.07,all,expected_entropy,certified_below_threshold,0.9,,0.824390243902439,,,0.5487854251012145,,1.0,0.10869565217391304
/home/user/thesis/UncertaintyAndRobustnessInBNNs/runs/mlp512x1/bbb/seed4_eps0p08_lam0p25.json,mlp512x1,bbb,4,val,0.08,0.25,robust_eps0p08_lam0p25,0.07,clean_correct,expected_entropy,pgd_failure,,0.9454545454545454,0.8152173913043479,-0.13023715415019754,0.8934472934472935,0.3055555555555556,-0.5878917378917379,0.3125,0.041666666666666664
/home/user/thesis/UncertaintyAndRobustnessInBNNs/runs/mlp512x1/bbb/seed4_eps0p08_lam0p25.json,mlp512x1,bbb,4,val,0.08,0.25,robust_eps0p08_lam0p25,0.07,clean_correct,expected_entropy,certified_below_threshold,0.5,,0.8571428571428572,,,0.5714285714285714,,1.0,0.045454545454545456
/home/user/thesis/UncertaintyAndRobustnessInBNNs/runs/mlp512x1/bbb/seed4_eps0p08_lam0p25.json,mlp512x1,bbb,4,val,0.08,0.25,robust_eps0p08_lam0p25,0.07,clean_correct,expected_entropy,certified_below_threshold,0.9,,0.8211382113821137,,,0.45555555555555555,,1.0,0.06818181818181818
/home/user/thesis/UncertaintyAndRobustnessInBNNs/runs/mlp512x1/bbb/seed4_eps0p08_lam0p25.json,mlp512x1,bbb,4,val,0.08,0.25,robust_eps0p08_lam0p25,0.07,all,mutual_information,pgd_failure,,0.9500891265597148,0.8260869565217392,-0.12400217003797553,0.9083737268030934,0.589572192513369,-0.31880153428972435,0.34,0.08
/home/user/thesis/UncertaintyAndRobustnessInBNNs/runs/mlp512x1/bbb/seed4_eps0p08_lam0p25.json,mlp512x1,bbb,4,val,0.08,0.25,robust_eps0p08_lam0p25,0.07,all,mutual_information,certified_below_threshold,0.5,,0.8571428571428572,,,0.6132478632478633,,1.0,0.08695652173913043
/home/user/thesis/UncertaintyAndRobustnessInBNNs/runs/mlp512x1/bbb/seed4_eps0p08_lam0p25.json,mlp512x1,bbb,4,val,0.08,0.25,robust_eps0p08_lam0p25,0.07,all,mutual_information,certified_below_threshold,0.9,,0.848780487804878,,,0.5672438672438673,,1.0,0.10869565217391304
/home/user/thesis/UncertaintyAndRobustnessInBNNs/runs/mlp512x1/bbb/seed4_eps0p08_lam0p25.json,mlp512x1,bbb,4,val,0.08,0.25,robust_eps0p08_lam0p25,0.07,clean_correct,mutual_information,pgd_failure,,0.9434343434343434,0.8478260869565217,-0.09560825647782167,0.8819775448722817,0.5625,-0.31947754487228175,0.3125,0.041666666666666664
/home/user/thesis/UncertaintyAndRobustnessInBNNs/runs/mlp512x1/bbb/seed4_eps0p08_lam0p25.json,mlp512x1,bbb,4,val,0.08,0.25,robust_eps0p08_lam0p25,0.07,clean_correct,mutual_information,certified_below_threshold,0.5,,0.8809523809523809,,,0.5833333333333334,,1.0,0.045454545454545456
/home/user/thesis/UncertaintyAndRobustnessInBNNs/runs/mlp512x1/bbb/seed4_eps0p08_lam0p25.json,mlp512x1,bbb,4,val,0.08,0.25,robust_eps0p08_lam0p25,0.07,clean_correct,mutual_information,certified_below_threshold,0.9,,0.8536585365853658,,,0.4769230769230769,,1.0,0.06818181818181818
/home/user/thesis/UncertaintyAndRobustnessInBNNs/runs/mlp512x1/bbb/seed4_eps0p08_lam0p25.json,mlp512x1,bbb,4,val,0.08,0.25,robust_eps0p08_lam0p25,0.07,all,one_minus_confidence,pgd_failure,,0.9483065953654188,0.8043478260869565,-0.1439587692784623,0.9099306835033478,0.4996186117467582,-0.4103120717565896,0.34,0.08
/home/user/thesis/UncertaintyAndRobustnessInBNNs/runs/mlp512x1/bbb/seed4_eps0p08_lam0p25.json,mlp512x1,bbb,4,val,0.08,0.25,robust_eps0p08_lam0p25,0.07,all,one_minus_confidence,certified_below_threshold,0.5,,0.8392857142857143,,,0.6026315789473684,,1.0,0.08695652173913043
/home/user/thesis/UncertaintyAndRobustnessInBNNs/runs/mlp512x1/bbb/seed4_eps0p08_lam0p25.json,mlp512x1,bbb,4,val,0.08,0.25,robust_eps0p08_lam0p25,0.07,all,one_minus_confidence,certified_below_threshold,0.9,,0.8195121951219513,,,0.5454887218045112,,1.0,0.10869565217391304
/home/user/thesis/UncertaintyAndRobustnessInBNNs/runs/mlp512x1/bbb/seed4_eps0p08_lam0p25.json,mlp512x1,bbb,4,val,0.08,0.25,robust_eps0p08_lam0p25,0.07,clean_correct,one_minus_confidence,pgd_failure,,0.9414141414141414,0.8152173913043479,-0.12619675010979348,0.8849310144046986,0.3055555555555556,-0.579375458849143,0.3125,0.041666666666666664
/home/user/thesis/UncertaintyAndRobustnessInBNNs/runs/mlp512x1/bbb/seed4_eps0p08_lam0p25.json,mlp512x1,bbb,4,val,0.08,0.25,robust_eps0p08_lam0p25,0.07,clean_correct,one_minus_confidence,certified_below_threshold,0.5,,0.8571428571428572,,,0.5714285714285714,,1.0,0.045454545454545456
/home/user/thesis/UncertaintyAndRobustnessInBNNs/runs/mlp512x1/bbb/seed4_eps0p08_lam0p25.json,mlp512x1,bbb,4,val,0.08,0.25,robust_eps0p08_lam0p25,0.07,clean_correct,one_minus_confidence,certified_below_threshold,0.9,,0.8130081300813008,,,0.4512820512820513,,1.0,0.06818181818181818
/home/user/thesis/UncertaintyAndRobustnessInBNNs/runs/mlp512x1/bbb/seed4_eps0p08_lam0p25.json,mlp512x1,bbb,4,val,0.08,0.25,robust_eps0p08_lam0p25,0.07,all,predictive_entropy,pgd_failure,,0.9518716577540107,0.8043478260869564,-0.1475238316670543,0.9184645515960396,0.49961861174675815,-0.4188459398492814,0.34,0.08
/home/user/thesis/UncertaintyAndRobustnessInBNNs/runs/mlp512x1/bbb/seed4_eps0p08_lam0p25.json,mlp512x1,bbb,4,val,0.08,0.25,robust_eps0p08_lam0p25,0.07,all,predictive_entropy,certified_below_threshold,0.5,,0.8392857142857142,,,0.6026315789473684,,1.0,0.08695652173913043
/home/user/thesis/UncertaintyAndRobustnessInBNNs/runs/mlp512x1/bbb/seed4_eps0p08_lam0p25.json,mlp512x1,bbb,4,val,0.08,0.25,robust_eps0p08_lam0p25,0.07,all,predictive_entropy,certified_below_threshold,0.9,,0.824390243902439,,,0.5487854251012145,,1.0,0.10869565217391304
/home/user/thesis/UncertaintyAndRobustnessInBNNs/runs/mlp512x1/bbb/seed4_eps0p08_lam0p25.json,mlp512x1,bbb,4,val,0.08,0.25,robust_eps0p08_lam0p25,0.07,clean_correct,predictive_entropy,pgd_failure,,0.9454545454545454,0.8152173913043479,-0.13023715415019754,0.89636772584141,0.3055555555555556,-0.5908121702858544,0.3125,0.041666666666666664
/home/user/thesis/UncertaintyAndRobustnessInBNNs/runs/mlp512x1/bbb/seed4_eps0p08_lam0p25.json,mlp512x1,bbb,4,val,0.08,0.25,robust_eps0p08_lam0p25,0.07,clean_correct,predictive_entropy,certified_below_threshold,0.5,,0.8571428571428572,,,0.5714285714285714,,1.0,0.045454545454545456
/home/user/thesis/UncertaintyAndRobustnessInBNNs/runs/mlp512x1/bbb/seed4_eps0p08_lam0p25.json,mlp512x1,bbb,4,val,0.08,0.25,robust_eps0p08_lam0p25,0.07,clean_correct,predictive_entropy,certified_below_threshold,0.9,,0.8211382113821137,,,0.45555555555555555,,1.0,0.06818181818181818
/home/user/thesis/UncertaintyAndRobustnessInBNNs/runs/mlp512x1/bbb/seed4_eps0p08_lam0p25.json,mlp512x1,bbb,4,val,0.08,0.25,robust_eps0p08_lam0p25,0.08,all,expected_entropy,pgd_failure,,0.8631239935587761,0.7955555555555556,-0.06756843800322054,0.8875571280936594,0.4589168573607933,-0.4286402707328661,0.54,0.1
/home/user/thesis/UncertaintyAndRobustnessInBNNs/runs/mlp512x1/bbb/seed4_eps0p08_lam0p25.json,mlp512x1,bbb,4,val,0.08,0.25,robust_eps0p08_lam0p25,0.08,all,expected_entropy,certified_below_threshold,0.5,,0.8166666666666667,,,0.5241593567251461,,1.0,0.13043478260869565
/home/user/thesis/UncertaintyAndRobustnessInBNNs/runs/mlp512x1/bbb/seed4_eps0p08_lam0p25.json,mlp512x1,bbb,4,val,0.08,0.25,robust_eps0p08_lam0p25,0.08,all,expected_entropy,certified_below_threshold,0.9,,0.829059829059829,,,0.5375180375180375,,1.0,0.13333333333333333
/home/user/thesis/UncertaintyAndRobustnessInBNNs/runs/mlp512x1/bbb/seed4_eps0p08_lam0p25.json,mlp512x1,bbb,4,val,0.08,0.25,robust_eps0p08_lam0p25,0.08,clean_correct,expected_entropy,pgd_failure,,0.8521739130434782,0.7925925925925926,-0.0595813204508856,0.8678446837634824,0.2698412698412698,-0.5980034139222126,0.5208333333333334,0.0625
/home/user/thesis/UncertaintyAndRobustnessInBNNs/runs/mlp512x1/bbb/seed4_eps0p08_lam0p25.json,mlp512x1,bbb,4,val,0.08,0.25,robust_eps0p08_lam0p25,0.08,clean_correct,expected_entropy,certified_below_threshold,0.5,,0.80625,,,0.41569264069264067,,1.0,0.09090909090909091
/home/user/thesis/UncertaintyAndRobustnessInBNNs/runs/mlp512x1/bbb/seed4_eps0p08_lam0p25.json,mlp512x1,bbb,4,val,0.08,0.25,robust_eps0p08_lam0p25,0.08,clean_correct,expected_entropy,certified_below_threshold,0.9,,0.8205128205128205,,,0.4291208791208791,,1.0,0.09302325581395349
/home/user/thesis/UncertaintyAndRobustnessInBNNs/runs/mlp512x1/bbb/seed4_eps0p08_lam0p25.json,mlp512x1,bbb,4,val,0.08,0.25,robust_eps0p08_lam0p25,0.08,all,mutual_information,pgd_failure,,0.855072463768116,0.8222222222222222,-0.03285024154589378,0.8708619972180573,0.5386672151378034,-0.332194782080254,0.54,0.1
/home/user/thesis/UncertaintyAndRobustnessInBNNs/runs/mlp512x1/bbb/seed4_eps0p08_lam0p25.json,mlp512x1,bbb,4,val,0.08,0.25,robust_eps0p08_lam0p25,0.08,all,mutual_information,certified_below_threshold,0.5,,0.8458333333333332,,,0.5494227994227994,,1.0,0.13043478260869565
/home/user/thesis/UncertaintyAndRobustnessInBNNs/runs/mlp512x1/bbb/seed4_eps0p08_lam0p25.json,mlp512x1,bbb,4,val,0.08,0.25,robust_eps0p08_lam0p25,0.08,all,mutual_information,certified_below_threshold,0.9,,0.858974358974359,,,0.5668654874537228,,1.0,0.13333333333333333
/home/user/thesis/UncertaintyAndRobustnessInBNNs/runs/mlp512x1/bbb/seed4_eps0p08_lam0p25.json,mlp512x1,bbb,4,val,0.08,0.25,robust_eps0p08_lam0p25,0.08,clean_correct,mutual_information,pgd_failure,,0.8434782608695652,0.8296296296296296,-0.013848631239935627,0.8465986952190294,0.45138888888888884,-0.3952098063301406,0.5208333333333334,0.0625
/home/user/thesis/UncertaintyAndRobustnessInBNNs/runs/mlp512x1/bbb/seed4_eps0p08_lam0p25.json,mlp512x1,bbb,4,val,0.08,0.25,robust_eps0p08_lam0p25,0.08,clean_correct,mutual_information,certified_below_threshold,0.5,,0.84375,,,0.4451048951048951,,1.0,0.09090909090909091
/home/user/thesis/UncertaintyAndRobustnessInBNNs/runs/mlp512x1/bbb/seed4_eps0p08_lam0p25.json,mlp512x1,bbb,4,val,0.08,0.25,robust_eps0p08_lam0p25,0.08,clean_correct,mutual_information,certified_below_threshold,0.9,,0.858974358974359,,,0.46388888888888885,,1.0,0.09302325581395349
/home/user/thesis/UncertaintyAndRobustnessInBNNs/runs/mlp512x1/bbb/seed4_eps0p08_lam0p25.json,mlp512x1,bbb,4,val,0.08,0.25,robust_eps0p08_lam0p25,0.08,all,one_minus_confidence,pgd_failure,,0.8582930756843801,0.7911111111111111,-0.06718196457326897,0.8796069984287029,0.4564168573607933,-0.42319014106790964,0.54,0.1
/home/user/thesis/UncertaintyAndRobustnessInBNNs/runs/mlp512x1/bbb/seed4_eps0p08_lam0p25.json,mlp512x1,bbb,4,val,0.08,0.25,robust_eps0p08_lam0p25,0.08,all,one_minus_confidence,certified_below_threshold,0.5,,0.8125,,,0.5209542285200179,,1.0,0.13043478260869565
/home/user/thesis/UncertaintyAndRobustnessInBNNs/runs/mlp512x1/bbb/seed4_eps0p08_lam0p25.json,mlp512x1,bbb,4,val,0.08,0.25,robust_eps0p08_lam0p25,0.08,all,one_minus_confidence,certified_below_threshold,0.9,,0.8247863247863247,,,0.5337301587301587,,1.0,0.13333333333333333
/home/user/thesis/UncertaintyAndRobustnessInBNNs/runs/mlp512x1/bbb/seed4_eps0p08_lam0p25.json,mlp512x1,bbb,4,val,0.08,0.25,robust_eps0p08_lam0p25,0.08,clean_correct,one_minus_confidence,pgd_failure,,0.8469565217391305,0.7851851851851852,-0.06177133655394529,0.8578587580964423,0.26666666666666666,-0.5911920914297757,0.5208333333333334,0.0625
/home/user/thesis/UncertaintyAndRobustnessInBNNs/runs/mlp512x1/bbb/seed4_eps0p08_lam0p25.json,mlp512x1,bbb,4,val,0.08,0.25,robust_eps0p08_lam0p25,0.08,clean_correct,one_minus_confidence,certified_below_threshold,0.5,,0.8,,,0.4119047619047619,,1.0,0.09090909090909091
/home/user/thesis/UncertaintyAndRobustnessInBNNs/runs/mlp512x1/bbb/seed4_eps0p08_lam0p25.json,mlp512x1,bbb,4,val,0.08,0.25,robust_eps0p08_lam0p25,0.08,clean_correct,one_minus_confidence,certified_below_threshold,0.9,,0.8141025641025641,,,0.4245754245754246,,1.0,0.09302325581395349
/home/user/thesis/UncertaintyAndRobustnessInBNNs/runs/mlp512x1/bbb/seed4_eps0p08_lam0p25.json,mlp512x1,bbb,4,val,0.08,0.25,robust_eps0p08_lam0p25,0.08,all,predictive_entropy,pgd_failure,,0.8631239935587762,0.7955555555555556,-0.06756843800322065,0.8860113194163575,0.4589168573607933,-0.4270944620555642,0.54,0.1
/home/user/thesis/UncertaintyAndRobustnessInBNNs/runs/mlp512x1/bbb/seed4_eps0p08_lam0p25.json,mlp512x1,bbb,4,val,0.08,0.25,robust_eps0p08_lam0p25,0.08,all,predictive_entropy,certified_below_threshold,0.5,,0.8166666666666667,,,0.5241593567251461,,1.0,0.13043478260869565
/home/user/thesis/UncertaintyAndRobustnessInBNNs/runs/mlp512x1/bbb/seed4_eps0p08_lam0p25.json,mlp512x1,bbb,4,val,0.08,0.25,robust_eps0p08_lam0p25,0.08,all,predictive_entropy,certified_below_threshold,0.9,,0.829059829059829,,,0.5375180375180375,,1.0,0.13333333333333333
/home/user/thesis/UncertaintyAndRobustnessInBNNs/runs/mlp512x1/bbb/seed4_eps0p08_lam0p25.json,mlp512x1,bbb,4,val,0.08,0.25,robust_eps0p08_lam0p25,0.08,clean_correct,predictive_entropy,pgd_failure,,0.8521739130434783,0.7925925925925926,-0.05958132045088571,0.8659298124900773,0.2698412698412698,-0.5960885426488074,0.5208333333333334,0.0625
/home/user/thesis/UncertaintyAndRobustnessInBNNs/runs/mlp512x1/bbb/seed4_eps0p08_lam0p25.json,mlp512x1,bbb,4,val,0.08,0.25,robust_eps0p08_lam0p25,0.08,clean_correct,predictive_entropy,certified_below_threshold,0.5,,0.80625,,,0.41569264069264067,,1.0,0.09090909090909091
/home/user/thesis/UncertaintyAndRobustnessInBNNs/runs/mlp512x1/bbb/seed4_eps0p08_lam0p25.json,mlp512x1,bbb,4,val,0.08,0.25,robust_eps0p08_lam0p25,0.08,clean_correct,predictive_entropy,certified_below_threshold,0.9,,0.8205128205128205,,,0.4291208791208791,,1.0,0.09302325581395349
/home/user/thesis/UncertaintyAndRobustnessInBNNs/runs/mlp512x1/bbb/seed4_eps0p08_lam0p25.json,mlp512x1,bbb,4,val,0.08,0.25,robust_eps0p08_lam0p25,0.1,all,expected_entropy,pgd_failure,,0.9295238095238095,0.8006644518272426,-0.12885935769656698,0.9681583875565121,0.4520831063165159,-0.5160752812399962,0.7,0.14
/home/user/thesis/UncertaintyAndRobustnessInBNNs/runs/mlp512x1/bbb/seed4_eps0p08_lam0p25.json,mlp512x1,bbb,4,val,0.08,0.25,robust_eps0p08_lam0p25,0.1,all,expected_entropy,certified_below_threshold,0.5,,0.838095238095238,,,0.5929552590266876,,1.0,0.1891891891891892
/home/user/thesis/UncertaintyAndRobustnessInBNNs/runs/mlp512x1/bbb/seed4_eps0p08_lam0p25.json,mlp512x1,bbb,4,val,0.08,0.25,robust_eps0p08_lam0p25,0.1,all,expected_entropy,certified_below_threshold,0.9,,0.832512315270936,,,0.5929552590266877,,1.0,0.19444444444444445
/home/user/thesis/UncertaintyAndRobustnessInBNNs/runs/mlp512x1/bbb/seed4_eps0p08_lam0p25.json,mlp512x1,bbb,4,val,0.08,0.25,robust_eps0p08_lam0p25,0.1,clean_correct,expected_entropy,pgd_failure,,0.9252525252525253,0.7953488372093023,-0.12990368804322305,0.9639612624590288,0.2954715219421102,-0.6684897405169186,0.6875,0.10416666666666667
/home/user/thesis/UncertaintyAndRobustnessInBNNs/runs/mlp512x1/bbb/seed4_eps0p08_lam0p25.json,mlp512x1,bbb,4,val,0.08,0.25,robust_eps0p08_lam0p25,0.1,clean_correct,expected_entropy,certified_below_threshold,0.5,,0.8333333333333335,,,0.49025641025641026,,1.0,0.14285714285714285
/home/user/thesis/UncertaintyAndRobustnessInBNNs/runs/mlp512x1/bbb/seed4_eps0p08_lam0p25.json,mlp512x1,bbb,4,val,0.08,0.25,robust_eps0p08_lam0p25,0.1,clean_correct,expected_entropy,certified_below_threshold,0.9,,0.8275862068965517,,,0.49025641025641026,,1.0,0.14705882352941177
/home/user/thesis/UncertaintyAndRobustnessInBNNs/runs/mlp512x1/bbb/seed4_eps0p08_lam0p25.json,mlp512x1,bbb,4,val,0.08,0.25,robust_eps0p08_lam0p25,0.1,all,mutual_information,pgd_failure,,0.9180952380952381,0.8305647840531563,-0.08753045404208182,0.9625023948317443,0.5207831384301973,-0.44171925640154697,0.7,0.14
/home/user/thesis/UncertaintyAndRobustnessInBNNs/runs/mlp512x1/bbb/seed4_eps0p08_lam0p25.json,mlp512x1,bbb,4,val,0.08,0.25,robust_eps0p08_lam0p25,0.1,all,mutual_information,certified_below_threshold,0.5,,0.8714285714285714,,,0.6301587301587301,,1.0,0.1891891891891892
/home/user/thesis/UncertaintyAndRobustnessInBNNs/runs/mlp512x1/bbb/seed4_eps0p08_lam0p25.json,mlp512x1,bbb,4,val,0.08,0.25,robust_eps0p08_lam0p25,0.1,all,mutual_information,certified_below_threshold,0.9,,0.8669950738916257,,,0.6301587301587301,,1.0,0.19444444444444445
/home/user/thesis/UncertaintyAndRobustnessInBNNs/runs/mlp512x1/bbb/seed4_eps0p08_lam0p25.json,mlp512x1,bbb,4,val,0.08,0.25,robust_eps0p08_lam0p25,0.1,clean_correct,mutual_information,pgd_failure,,0.9131313131313131,0.8325581395348838,-0.08057317359642935,0.9574766720925643,0.41964285714285715,-0.5378338149497071,0.6875,0.10416666666666667
/home/user/thesis/UncertaintyAndRobustnessInBNNs/runs/mlp512x1/bbb/seed4_eps0p08_lam0p25.json,mlp512x1,bbb,4,val,0.08,0.25,robust_eps0p08_lam0p25,0.1,clean_correct,mutual_information,certified_below_threshold,0.5,,0.8733333333333334,,,0.5347979797979798,,1.0,0.14285714285714285
/home/user/thesis/UncertaintyAndRobustnessInBNNs/runs/mlp512x1/bbb/seed4_eps0p08_lam0p25.json,mlp512x1,bbb,4,val,0.08,0.25,robust_eps0p08_lam0p25,0.1,clean_correct,mutual_information,certified_below_threshold,0.9,,0.8689655172413793,,,0.5347979797979798,,1.0,0.14705882352941177
/home/user/thesis/UncertaintyAndRobustnessInBNNs/runs/mlp512x1/bbb/seed4_eps0p08_lam0p25.json,mlp512x1,bbb,4,val,0.08,0.25,robust_eps0p08_lam0p25,0.1,all,one_minus_confidence,pgd_failure,,0.9257142857142857,0.7973421926910299,-0.1283720930232558,0.9661069268584347,0.44970215393556356,-0.5164047729228711,0.7,0.14
/home/user/thesis/UncertaintyAndRobustnessInBNNs/runs/mlp512x1/bbb/seed4_eps0p08_lam0p25.json,mlp512x1,bbb,4,val,0.08,0.25,robust_eps0p08_lam0p25,0.1,all,one_minus_confidence,certified_below_threshold,0.5,,0.8333333333333333,,,0.5877604538318824,,1.0,0.1891891891891892
/home/user/thesis/UncertaintyAndRobustnessInBNNs/runs/mlp512x1/bbb/seed4_eps0p08_lam0p25.json,mlp512x1,bbb,4,val,0.08,0.25,robust_eps0p08_lam0p25,0.1,all,one_minus_confidence,certified_below_threshold,0.9,,0.8275862068965516,,,0.5877604538318824,,1.0,0.19444444444444445
/home/user/thesis/UncertaintyAndRobustnessInBNNs/runs/mlp512x1/bbb/seed4_eps0p08_lam0p25.json,mlp512x1,bbb,4,val,0.08,0.25,robust_eps0p08_lam0p25,0.1,clean_correct,one_minus_confidence,pgd_failure,,0.9212121212121213,0.7906976744186047,-0.13051444679351654,0.9615967653576893,0.29261437908496735,-0.668982386272722,0.6875,0.10416666666666667
/home/user/thesis/UncertaintyAndRobustnessInBNNs/runs/mlp512x1/bbb/seed4_eps0p08_lam0p25.json,mlp512x1,bbb,4,val,0.08,0.25,robust_eps0p08_lam0p25,0.1,clean_correct,one_minus_confidence,certified_below_threshold,0.5,,0.8266666666666667,,,0.4835897435897436,,1.0,0.14285714285714285
/home/user/thesis/UncertaintyAndRobustnessInBNNs/runs/mlp512x1/bbb/seed4_eps0p08_lam0p25.json,mlp512x1,bbb,4,val,0.08,0.25,robust_eps0p08_lam0p25,0.1,clean_correct,one_minus_confidence,certified_below_threshold,0.9,,0.8206896551724137,,,0.4835897435897436,,1.0,0.14705882352941177
/home/user/thesis/UncertaintyAndRobustnessInBNNs/runs/mlp512x1/bbb/seed4_eps0p08_lam0p25.json,mlp512x1,bbb,4,val,0.08,0.25,robust_eps0p08_lam0p25,0.1,all,predictive_entropy,pgd_failure,,0.9295238095238095,0.8006644518272426,-0.12885935769656698,0.9676095316505131,0.4520831063165159,-0.5155264253339973,0.7,0.14
/home/user/thesis/UncertaintyAndRobustnessInBNNs/runs/mlp512x1/bbb/seed4_eps0p08_lam0p25.json,mlp512x1,bbb,4,val,0.08,0.25,robust_eps0p08_lam0p25,0.1,all,predictive_entropy,certified_below_threshold,0.5,,0.838095238095238,,,0.5929552590266876,,1.0,0.1891891891891892
/home/user/thesis/UncertaintyAndRobustnessInBNNs/runs/mlp512x1/bbb/seed4_eps0p08_lam0p25.json,mlp512x1,bbb,4,val,0.08,0.25,robust_eps0p08_lam0p25,0.1,all,predictive_entropy,certified_below_threshold,0.9,,0.832512315270936,,,0.5929552590266877,,1.0,0.19444444444444445
/home/user/thesis/UncertaintyAndRobustnessInBNNs/runs/mlp512x1/bbb/seed4_eps0p08_lam0p25.json,mlp512x1,bbb,4,val,0.08,0.25,robust_eps0p08_lam0p25,0.1,clean_correct,predictive_entropy,pgd_failure,,0.9252525252525253,0.7953488372093023,-0.12990368804322305,0.9632787154267364,0.2954715219421102,-0.6678071934846261,0.6875,0.10416666666666667
/home/user/thesis/UncertaintyAndRobustnessInBNNs/runs/mlp512x1/bbb/seed4_eps0p08_lam0p25.json,mlp512x1,bbb,4,val,0.08,0.25,robust_eps0p08_lam0p25,0.1,clean_correct,predictive_entropy,certified_below_threshold,0.5,,0.8333333333333335,,,0.49025641025641026,,1.0,0.14285714285714285
/home/user/thesis/UncertaintyAndRobustnessInBNNs/runs/mlp512x1/bbb/seed4_eps0p08_lam0p25.json,mlp512x1,bbb,4,val,0.08,0.25,robust_eps0p08_lam0p25,0.1,clean_correct,predictive_entropy,certified_below_threshold,0.9,,0.8275862068965517,,,0.49025641025641026,,1.0,0.14705882352941177
/home/user/thesis/UncertaintyAndRobustnessInBNNs/runs/mlp512x1/deterministic/seed0_eps0p08_lam0p25.json,mlp512x1,deterministic,0,val,0.08,0.25,robust_eps0p08_lam0p25,0.01,all,expected_entropy,pgd_failure,,0.9895833333333333,0.8854166666666667,-0.10416666666666652,0.8333333333333333,0.5769230769230769,-0.2564102564102564,0.04,0.04
/home/user/thesis/UncertaintyAndRobustnessInBNNs/runs/mlp512x1/deterministic/seed0_eps0p08_lam0p25.json,mlp512x1,deterministic,0,val,0.08,0.25,robust_eps0p08_lam0p25,0.01,all,expected_entropy,certified_below_threshold,0.5,1.0,0.8854166666666667,-0.11458333333333326,1.0,0.5769230769230769,-0.42307692307692313,0.04081632653061224,0.04
/home/user/thesis/UncertaintyAndRobustnessInBNNs/runs/mlp512x1/deterministic/seed0_eps0p08_lam0p25.json,mlp512x1,deterministic,0,val,0.08,0.25,robust_eps0p08_lam0p25,0.01,all,expected_entropy,certified_below_threshold,0.9,1.0,0.8854166666666667,-0.11458333333333326,1.0,0.5769230769230769,-0.42307692307692313,0.04081632653061224,0.04
/home/user/thesis/UncertaintyAndRobustnessInBNNs/runs/mlp512x1/deterministic/seed0_eps0p08_lam0p25.json,mlp512x1,deterministic,0,val,0.08,0.25,robust_eps0p08_lam0p25,0.01,clean_correct,expected_entropy,pgd_failure,,,,,,,,0.0,0.0
/home/user/thesis/UncertaintyAndRobustnessInBNNs/runs/mlp512x1/deterministic/seed0_eps0p08_lam0p25.json,mlp512x1,deterministic,0,val,0.08,0.25,robust_eps0p08_lam0p25,0.01,clean_correct,expected_entropy,certified_below_threshold,0.5,,,,,,,0.0,0.0
/home/user/thesis/UncertaintyAndRobustnessInBNNs/runs/mlp512x1/deterministic/seed0_eps0p08_lam0p25.json,mlp512x1,deterministic,0,val,0.08,0.25,robust_eps0p08_lam0p25,0.01,clean_correct,expected_entropy,certified_below_threshold,0.9,,,,,,,0.0,0.0
/home/user/thesis/UncertaintyAndRobustnessInBNNs/runs/mlp512x1/deterministic/seed0_eps0p08_lam0p25.json,mlp512x1,deterministic,0,val,0.08,0.25,robust_eps0p08_lam0p25,0.01,all,mutual_information,pgd_failure,,0.5208333333333333,0.4479166666666667,-0.07291666666666657,0.5208333333333334,0.10333333333333333,-0.41750000000000004,0.04,0.04
/home/user/thesis/UncertaintyAndRobustnessInBNNs/runs/mlp512x1/deterministic/seed0_eps0p08_lam0p25.json,mlp512x1,deterministic,0,val,0.08,0.25,robust_eps0p08_lam0p25,0.01,all,mutual_information,certified_below_threshold,0.5,0.5212765957446808,0.4479166666666667,-0.07335992907801409,0.5212765957446809,0.10333333333333333,-0.41794326241134755,0.04081632653061224,0.04
/home/user/thesis/UncertaintyAndRobustnessInBNNs/runs/mlp512x1/deterministic/seed0_eps0p08_lam0p25.json,mlp512x1,deterministic,0,val,0.08,0.25,robust_eps0p08_lam0p25,0.01,all,mutual_information,certified_below_threshold,0.9,0.5212765957446808,0.4479166666666667,-0.07335992907801409,0.5212765957446809,0.10333333333333333,-0.41794326241134755,0.04081632653061224,0.04
/home/user/thesis/UncertaintyAndRobustnessInBNNs/runs/mlp512x1/deterministic/seed0_eps0p08_lam0p25.json,mlp512x1,deterministic,0,val,0.08,0.25,robust_eps0p08_lam0p25,0.01,clean_correct,mutual_information,pgd_failure,,,,,,,,0.0,0.0
/home/user/thesis/UncertaintyAndRobustnessInBNNs/runs/mlp512x1/deterministic/seed0_eps0p08_lam0p25.json,mlp512x1,deterministic,0,val,0.08,0.25,robust_eps0p08_lam0p25,0.01,clean_correct,mutual_information,certified_below_threshold,0.5,,,,,,,0.0,0.0
/home/user/thesis/UncertaintyAndRobustnessInBNNs/runs/mlp512x1/deterministic/seed0_eps0p08_lam0p25.json,mlp512x1,deterministic,0,val,0.08,0.25,robust_eps0p08_lam0p25,0.01,clean_correct,mutual_information,certified_below_threshold,0.9,,,,,,,0.0,0.0
/home/user/thesis/UncertaintyAndRobustnessInBNNs/runs/mlp512x1/deterministic/seed0_eps0p08_lam0p25.json,mlp512x1,deterministic,0,val,0.08,0.25,robust_eps0p08_lam0p25,0.01,all,one_minus_confidence,pgd_failure,,0.9895833333333334,0.8854166666666667,-0.10416666666666663,0.8333333333333333,0.5769230769230769,-0.2564102564102564,0.04,0.04
/home/user/thesis/UncertaintyAndRobustnessInBNNs/runs/mlp512x1/deterministic/seed0_eps0p08_lam0p25.json,mlp512x1,deterministic,0,val,0.08,0.25,robust_eps0p08_lam0p25,0.01,all,one_minus_confidence,certified_below_threshold,0.5,1.0,0.8854166666666667,-0.11458333333333326,1.0,0.5769230769230769,-0.42307692307692313,0.04081632653061224,0.04
/home/user/thesis/UncertaintyAndRobustnessInBNNs/runs/mlp512x1/deterministic/seed0_eps0p08_lam0p25.json,mlp512x1,deterministic,0,val,0.08,0.25,robust_eps0p08_lam0p25,0.01,all,one_minus_confidence,certified_below_threshold,0.9,1.0,0.8854166666666667,-0.11458333333333326,1.0,0.5769230769230769,-0.42307692307692313,0.04081632653061224,0.04
/home/user/thesis/UncertaintyAndRobustnessInBNNs/runs/mlp512x1/deterministic/seed0_eps0p08_lam0p25.json,mlp512x1,deterministic,0,val,0.08,0.25,robust_eps0p08_lam0p25,0.01,clean_correct,one_minus_confidence,pgd_failure,,,,,,,,0.0,0.0
/home/user/thesis/UncertaintyAndRobustnessInBNNs/runs/mlp512x1/deterministic/seed0_eps0p08_lam0p25.json,mlp512x1,deterministic,0,val,0.08,0.25,robust_eps0p08_lam0p25,0.01,clean_correct,one_minus_confidence,certified_below_threshold,0.5,,,,,,,0.0,0.0
/home/user/thesis/UncertaintyAndRobustnessInBNNs/runs/mlp512x1/deterministic/seed0_eps0p08_lam0p25.json,mlp512x1,deterministic,0,val,0.08,0.25,robust_eps0p08_lam0p25,0.01,clean_correct,one_minus_confidence,certified_below_threshold,0.9,,,,,,,0.0,0.0
/home/user/thesis/UncertaintyAndRobustnessInBNNs/runs/mlp512x1/deterministic/seed0_eps0p08_lam0p25.json,mlp512x1,deterministic,0,val,0.08,0.25,robust_eps0p08_lam0p25,0.01,all,predictive_entropy,pgd_failure,,0.9895833333333333,0.8854166666666667,-0.10416666666666652,0.8333333333333333,0.5769230769230769,-0.2564102564102564,0.04,0.04
/home/user/thesis/UncertaintyAndRobustnessInBNNs/runs/mlp512x1/deterministic/seed0_eps0p08_lam0p25.json,mlp512x1,deterministic,0,val,0.08,0.25,robust_eps0p08_lam0p25,0.01,all,predictive_entropy,certified_below_threshold,0.5,1.0,0.8854166666666667,-0.11458333333333326,1.0,0.5769230769230769,-0.42307692307692313,0.04081632653061224,0.04
/home/user/thesis/UncertaintyAndRobustnessInBNNs/runs/mlp512x1/deterministic/seed0_eps0p08_lam0p25.json,mlp512x1,deterministic,0,val,0.08,0.25,robust_eps0p08_lam0p25,0.01,all,predictive_entropy,certified_below_threshold,0.9,1.0,0.8854166666666667,-0.11458333333333326,1.0,0.5769230769230769,-0.42307692307692313,0.04081632653061224,0.04
/home/user/thesis/UncertaintyAndRobustnessInBNNs/runs/mlp512x1/deterministic/seed0_eps0p08_lam0p25.json,mlp512x1,deterministic,0,val,0.08,0.25,robust_eps0p08_lam0p25,0.01,clean_correct,predictive_entropy,pgd_failure,,,,,,,,0.0,0.0
/home/user/thesis/UncertaintyAndRobustnessInBNNs/runs/mlp512x1/deterministic/seed0_eps0p08_lam0p25.json,mlp512x1,deterministic,0,val,0.08,0.25,robust_eps0p08_lam0p25,0.01,clean_correct,predictive_entropy,certified_below_threshold,0.5,,,,,,,0.0,0.0
/home/user/thesis/UncertaintyAndRobustnessInBNNs/runs/mlp512x1/deterministic/seed0_eps0p08_lam0p25.json,mlp512x1,deterministic,0,val,0.08,0.25,robust_eps0p08_lam0p25,0.01,clean_correct,predictive_entropy,certified_below_threshold,0.9,,,,,,,0.0,0.0
/home/user/thesis/UncertaintyAndRobustnessInBNNs/runs/mlp512x1/deterministic/seed0_eps0p08_lam0p25.json,mlp512x1,deterministic,0,val,0.08,0.25,robust_eps0p08_lam0p25,0.05,all,expected_entropy,pgd_failure,,0.9243156199677939,0.8854166666666667,-0.03889895330112714,0.9291943979725089,0.5769230769230769,-0.35227132104943204,0.46,0.04
/home/user/thesis/UncertaintyAndRobustnessInBNNs/runs/mlp512x1/deterministic/seed0_eps0p08_lam0p25.json,mlp512x1,deterministic,0,val,0.08,0.25,robust_eps0p08_lam0p25,0.05,all,expected_entropy,certified_below_threshold,0.5,,0.8854166666666667,,,0.5769230769230769,,1.0,0.04
/home/user/thesis/UncertaintyAndRobustnessInBNNs/runs/mlp512x1/deterministic/seed0_eps0p08_lam0p25.json,mlp512x1,deterministic,0,val,0.08,0.25,robust_eps0p08_lam0p25,0.05,all,expected_entropy,certified_below_threshold,0.9,,0.8854166666666667,,,0.5769230769230769,,1.0,0.04
/home/user/thesis/UncertaintyAndRobustnessInBNNs/runs/mlp512x1/deterministic/seed0_eps0p08_lam0p25.json,mlp512x1,deterministic,0,val,0.08,0.25,robust_eps0p08_lam0p25,0.05,clean_correct,expected_entropy,pgd_failure,,0.9171075837742504,,,0.9164502811008188,,,0.4375,0.0
/home/user/thesis/UncertaintyAndRobustnessInBNNs/runs/mlp512x1/deterministic/seed0_eps0p08_lam0p25.json,mlp512x1,deterministic,0,val,0.08,0.25,robust_eps0p08_lam0p25,0.05,clean_correct,expected_entropy,certified_below_threshold,0.5,,,,,,,1.0,0.0
/home/user/thesis/UncertaintyAndRobustnessInBNNs/runs/mlp512x1/deterministic/seed0_eps0p08_lam0p25.json,mlp512x1,deterministic,0,val,0.08,0.25,robust_eps0p08_lam0p25,0.05,clean_correct,expected_entropy,certified_below_threshold,0.9,,,,,,,1.0,0.0
/home/user/thesis/UncertaintyAndRobustnessInBNNs/runs/mlp512x1/deterministic/seed0_eps0p08_lam0p25.json,mlp512x1,deterministic,0,val,0.08,0.25,robust_eps0p08_lam0p25,0.05,all,mutual_information,pgd_failure,,0.32367149758454106,0.4479166666666667,0.12424516908212563,0.5218707865768886,0.10333333333333333,-0.41853745324355524,0.46,0.04
/home/user/thesis/UncertaintyAndRobustnessInBNNs/runs/mlp512x1/deterministic/seed0_eps0p08_lam0p25.json,mlp512x1,deterministic,0,val,0.08,0.25,robust_eps0p08_lam0p25,0.05,all,mutual_information,certified_below_threshold,0.5,,0.4479166666666667,,,0.10333333333333333,,1.0,0.04
/home/user/thesis/UncertaintyAndRobustnessInBNNs/runs/mlp512x1/deterministic/seed0_eps0p08_lam0p25.json,mlp512x1,deterministic,0,val,0.08,0.25,robust_eps0p08_lam0p25,0.05,all,mutual_information,certified_below_threshold,0.9,,0.4479166666666667,,,0.10333333333333333,,1.0,0.04
/home/user/thesis/UncertaintyAndRobustnessInBNNs/runs/mlp512x1/deterministic/seed0_eps0p08_lam0p25.json,mlp512x1,deterministic,0,val,0.08,0.25,robust_eps0p08_lam0p25,0.05,clean_correct,mutual_information,pgd_failure,,0.30687830687830686,,,0.48628923783884015,,,0.4375,0.0
/home/user/thesis/UncertaintyAndRobustnessInBNNs/runs/mlp512x1/deterministic/seed0_eps0p08_lam0p25.json,mlp512x1,deterministic,0,val,0.08,0.25,robust_eps0p08_lam0p25,0.05,clean_correct,mutual_information,certified_below_threshold,0.5,,,,,,,1.0,0.0
/home/user/thesis/UncertaintyAndRobustnessInBNNs/runs/mlp512x1/deterministic/seed0_eps0p08_lam0p25.json,mlp512x1,deterministic,0,val,0.08,0.25,robust_eps0p08_lam0p25,0.05,clean_correct,mutual_information,certified_below_threshold,0.9,,,,,,,1.0,0.0
/home/user/thesis/UncertaintyAndRobustnessInBNNs/runs/mlp512x1/deterministic/seed0_eps0p08_lam0p25.json,mlp512x1,deterministic,0,val,0.08,0.25,robust_eps0p08_lam0p25,0.05,all,one_minus_confidence,pgd_failure,,0.8454106280193237,0.8854166666666667,0.04000603864734309,0.8330434782608693,0.5769230769230769,-0.25612040133779246,0.46,0.04
/home/user/thesis/UncertaintyAndRobustnessInBNNs/runs/mlp512x1/deterministic/seed0_eps0p08_lam0p25.json,mlp512x1,deterministic,0,val,0.08,0.25,robust_eps0p08_lam0p25,0.05,all,one_minus_confidence,certified_below_threshold,0.5,,0.8854166666666667,,,0.5769230769230769,,1.0,0.04
/home/user/thesis/UncertaintyAndRobustnessInBNNs/runs/mlp512x1/deterministic/seed0_eps0p08_lam0p25.json,mlp512x1,deterministic,0,val,0.08,0.25,robust_eps0p08_lam0p25,0.05,all,one_minus_confidence,certified_below_threshold,0.9,,0.8854166666666667,,,0.5769230769230769,,1.0,0.04
/home/user/thesis/UncertaintyAndRobustnessInBNNs/runs/mlp512x1/deterministic/seed0_eps0p08_lam0p25.json,mlp512x1,deterministic,0,val,0.08,0.25,robust_eps0p08_lam0p25,0.05,clean_correct,one_minus_confidence,pgd_failure,,0.8306878306878307,,,0.8075396825396828,,,0.4375,0.0
/home/user/thesis/UncertaintyAndRobustnessInBNNs/runs/mlp512x1/deterministic/seed0_eps0p08_lam0p25.json,mlp512x1,deterministic,0,val,0.08,0.25,robust_eps0p08_lam0p25,0.05,clean_correct,one_minus_confidence,certified_below_threshold,0.5,,,,,,,1.0,0.0
/home/user/thesis/UncertaintyAndRobustnessInBNNs/runs/mlp512x1/deterministic/seed0_eps0p08_lam0p25.json,mlp512x1,deterministic,0,val,0.08,0.25,robust_eps0p08_lam0p25,0.05,clean_correct,one_minus_confidence,certified_below_threshold,0.9,,,,,,,1.0,0.0
/home/user/thesis/UncertaintyAndRobustnessInBNNs/runs/mlp512x1/deterministic/seed0_eps0p08_lam0p25.json,mlp512x1,deterministic,0,val,0.08,0.25,robust_eps0p08_lam0p25,0.05,all,predictive_entropy,pgd_failure,,0.9243156199677939,0.8854166666666667,-0.03889895330112714,0.9291943979725089,0.5769230769230769,-0.35227132104943204,0.46,0.04
/home/user/thesis/UncertaintyAndRobustnessInBNNs/runs/mlp512x1/deterministic/seed0_eps0p08_lam0p25.json,mlp512x1,deterministic,0,val,0.08,0.25,robust_eps0p08_lam0p25,0.05,all,predictive_entropy,certified_below_threshold,0.5,,0.8854166666666667,,,0.5769230769230769,,1.0,0.04
/home/user/thesis/UncertaintyAndRobustnessInBNNs/runs/mlp512x1/deterministic/seed0_eps0p08_lam0p25.json,mlp512x1,deterministic,0,val,0.08,0.25,robust_eps0p08_lam0p25,0.05,all,predictive_entropy,certified_below_threshold,0.9,,0.8854166666666667,,,0.5769230769230769,,1.0,0.04
/home/user/thesis/UncertaintyAndRobustnessInBNNs/runs/mlp512x1/deterministic/seed0_eps0p08_lam0p25.json,mlp512x1,deterministic,0,val,0.08,0.25,robust_eps0p08_lam0p25,0.05,clean_correct,predictive_entropy,pgd_failure,,0.9171075837742504,,,0.9164502811008188,,,0.4375,0.0
/home/user/thesis/UncertaintyAndRobustnessInBNNs/runs/mlp512x1/deterministic/seed0_eps0p08_lam0p25.json,mlp512x1,deterministic,0,val,0.08,0.25,robust_eps0p08_lam0p25,0.05,clean_correct,predictive_entropy,certified_below_threshold,0.5,,,,,,,1.0,0.0
/home/user/thesis/UncertaintyAndRobustnessInBNNs/runs/mlp512x1/deterministic/seed0_eps0p08_lam0p25.json,mlp512x1,deterministic,0,val,0.08,0.25,robust_eps0p08_lam0p25,0.05,clean_correct,predictive_entropy,certified_below_threshold,0.9,,,,,,,1.0,0.0
/home/user/thesis/UncertaintyAndRobustnessInBNNs/runs/mlp512x1/deterministic/seed0_eps0p08_lam0p25.json,mlp512x1,deterministic,0,val,0.08,0.25,robust_eps0p08_lam0p25,0.07,all,expected_entropy,pgd_failure,,0.9672619047619048,0.8854166666666667,-0.08184523809523803,0.9941146703684699,0.5769230769230769,-0.417191593445393,0.84,0.04
/home/user/thesis/UncertaintyAndRobustnessInBNNs/runs/mlp512x1/deterministic/seed0_eps0p08_lam0p25.json,mlp512x1,deterministic,0,val,0.08,0.25,robust_eps0p08_lam0p25,0.07,all,expected_entropy,certified_below_threshold,0.5,,0.8854166666666667,,,0.5769230769230769,,1.0,0.04
/home/user/thesis/UncertaintyAndRobustnessInBNNs/runs/mlp512x1/deterministic/seed0_eps0p08_lam0p25.json,mlp512x1,deterministic,0,val,0.08,0.25,robust_eps0p08_lam0p25,0.07,all,expected_entropy,certified_below_threshold,0.9,,0.8854166666666667,,,0.5769230769230769,,1.0,0.04
/home/user/thesis/UncertaintyAndRobustnessInBNNs/runs/mlp512x1/deterministic/seed0_eps0p08_lam0p25.json,mlp512x1,deterministic,0,val,0.08,0.25,robust_eps0p08_lam0p25,0.07,clean_correct,expected_entropy,pgd_failure,,0.965625,,,0.9935286131996658,,,0.8333333333333334,0.0
/home/user/thesis/UncertaintyAndRobustnessInBNNs/runs/mlp512x1/deterministic/seed0_eps0p08_lam0p25.json,mlp512x1,deterministic,0,val,0.08,0.25,robust_eps0p08_lam0p25,0.07,clean_correct,expected_entropy,certified_below_threshold,0.5,,,,,,,1.0,0.0
/home/user/thesis/UncertaintyAndRobustnessInBNNs/runs/mlp512x1/deterministic/seed0_eps0p08_lam0p25.json,mlp512x1,deterministic,0,val,0.08,0.25,robust_eps0p08_lam0p25,0.07,clean_correct,expected_entropy,certified_below_threshold,0.9,,,,,,,1.0,0.0
/home/user/thesis/UncertaintyAndRobustnessInBNNs/runs/mlp512x1/deterministic/seed0_eps0p08_lam0p25.json,mlp512x1,deterministic,0,val,0.08,0.25,robust_eps0p08_lam0p25,0.07,all,mutual_information,pgd_failure,,0.3645833333333333,0.4479166666666667,0.08333333333333337,0.8545526770219609,0.10333333333333333,-0.7512193436886276,0.84,0.04
/home/user/thesis/UncertaintyAndRobustnessInBNNs/runs/mlp512x1/deterministic/seed0_eps0p08_lam0p25.json,mlp512x1,deterministic,0,val,0.08,0.25,robust_eps0p08_lam0p25,0.07,all,mutual_information,certified_below_threshold,0.5,,0.4479166666666667,,,0.10333333333333333,,1.0,0.04
/home/user/thesis/UncertaintyAndRobustnessInBNNs/runs/mlp512x1/deterministic/seed0_eps0p08_lam0p25.json,mlp512x1,deterministic,0,val,0.08,0.25,robust_eps0p08_lam0p25,0.07,all,mutual_information,certified_below_threshold,0.9,,0.4479166666666667,,,0.10333333333333333,,1.0,0.04
/home/user/thesis/UncertaintyAndRobustnessInBNNs/runs/mlp512x1/deterministic/seed0_eps0p08_lam0p25.json,mlp512x1,deterministic,0,val,0.08,0.25,robust_eps0p08_lam0p25,0.07,clean_correct,mutual_information,pgd_failure,,0.3578125,,,0.84657954349116,,,0.8333333333333334,0.0
/home/user/thesis/UncertaintyAndRobustnessInBNNs/runs/mlp512x1/deterministic/seed0_eps0p08_lam0p25.json,mlp512x1,deterministic,0,val,0.08,0.25,robust_eps0p08_lam0p25,0.07,clean_correct,mutual_information,certified_below_threshold,0.5,,,,,,,1.0,0.0
/home/user/thesis/UncertaintyAndRobustnessInBNNs/runs/mlp512x1/deterministic/seed0_eps0p08_lam0p25.json,mlp512x1,deterministic,0,val,0.08,0.25,robust_eps0p08_lam0p25,0.07,clean_correct,mutual_information,certified_below_threshold,0.9,,,,,,,1.0,0.0
/home/user/thesis/UncertaintyAndRobustnessInBNNs/runs/mlp512x1/deterministic/seed0_eps0p08_lam0p25.json,mlp512x1,deterministic,0,val,0.08,0.25,robust_eps0p08_lam0p25,0.07,all,one_minus_confidence,pgd_failure,,0.7380952380952381,0.8854166666666667,0.1473214285714286,0.9161904761904763,0.5769230769230769,-0.33926739926739946,0.84,0.04
/home/user/thesis/UncertaintyAndRobustnessInBNNs/runs/mlp512x1/deterministic/seed0_eps0p08_lam0p25.json,mlp512x1,deterministic,0,val,0.08,0.25,robust_eps0p08_lam0p25,0.07,all,one_minus_confidence,certified_below_threshold,0.5,,0.8854166666666667,,,0.5769230769230769,,1.0,0.04
/home/user/thesis/UncertaintyAndRobustnessInBNNs/runs/mlp512x1/deterministic/seed0_eps0p08_lam0p25.json,mlp512x1,deterministic,0,val,0.08,0.25,robust_eps0p08_lam0p25,0.07,all,one_minus_confidence,certified_below_threshold,0.9,,0.8854166666666667,,,0.5769230769230769,,1.0,0.04
/home/user/thesis/UncertaintyAndRobustnessInBNNs/runs/mlp512x1/deterministic/seed0_eps0p08_lam0p25.json,mlp512x1,deterministic,0,val,0.08,0.25,robust_eps0p08_lam0p25,0.07,clean_correct,one_minus_confidence,pgd_failure,,0.725,,,0.9083333333333333,,,0.8333333333333334,0.0
/home/user/thesis/UncertaintyAndRobustnessInBNNs/runs/mlp512x1/deterministic/seed0_eps0p08_lam0p25.json,mlp512x1,deterministic,0,val,0.08,0.25,robust_eps0p08_lam0p25,0.07,clean_correct,one_minus_confidence,certified_below_threshold,0.5,,,,,,,1.0,0.0
/home/user/thesis/UncertaintyAndRobustnessInBNNs/runs/mlp512x1/deterministic/seed0_eps0p08_lam0p25.json,mlp512x1,deterministic,0,val,0.08,0.25,robust_eps0p08_lam0p25,0.07,clean_correct,one_minus_confidence,certified_below_threshold,0.9,,,,,,,1.0,0.0
/home/user/thesis/UncertaintyAndRobustnessInBNNs/runs/mlp512x1/deterministic/seed0_eps0p08_lam0p25.json,mlp512x1,deterministic,0,val,0.08,0.25,robust_eps0p08_lam0p25,0.07,all,predictive_entropy,pgd_failure,,0.9672619047619048,0.8854166666666667,-0.08184523809523803,0.9941146703684699,0.5769230769230769,-0.417191593445393,0.84,0.04
/home/user/thesis/UncertaintyAndRobustnessInBNNs/runs/mlp512x1/deterministic/seed0_eps0p08_lam0p25.json,mlp512x1,deterministic,0,val,0.08,0.25,robust_eps0p08_lam0p25,0.07,all,predictive_entropy,certified_below_threshold,0.5,,0.8854166666666667,,,0.5769230769230769,,1.0,0.04
/home/user/thesis/UncertaintyAndRobustnessInBNNs/runs/mlp512x1/deterministic/seed0_eps0p08_lam0p25.json,mlp512x1,deterministic,0,val,0.08,0.25,robust_eps0p08_lam0p25,0.07,all,predictive_entropy,certified_below_threshold,0.9,,0.8854166666666667,,,0.5769230769230769,,1.0,0.04
/home/user/thesis/UncertaintyAndRobustnessInBNNs/runs/mlp512x1/deterministic/seed0_eps0p08_lam0p25.json,mlp512x1,deterministic,0,val,0.08,0.25,robust_eps0p08_lam0p25,0.07,clean_correct,predictive_entropy,pgd_failure,,0.965625,,,0.9935286131996658,,,0.8333333333333334,0.0
/home/user/thesis/UncertaintyAndRobustnessInBNNs/runs/mlp512x1/deterministic/seed0_eps0p08_lam0p25.json,mlp512x1,deterministic,0,val,0.08,0.25,robust_eps0p08_lam0p25,0.07,clean_correct,predictive_entropy,certified_below_threshold,0.5,,,,,,,1.0,0.0
/home/user/thesis/UncertaintyAndRobustnessInBNNs/runs/mlp512x1/deterministic/seed0_eps0p08_lam0p25.json,mlp512x1,deterministic,0,val,0.08,0.25,robust_eps0p08_lam0p25,0.07,clean_correct,predictive_entropy,certified_below_threshold,0.9,,,,,,,1.0,0.0
/home/user/thesis/UncertaintyAndRobustnessInBNNs/runs/mlp512x1/deterministic/seed0_eps0p08_lam0p25.json,mlp512x1,deterministic,0,val,0.08,0.25,robust_eps0p08_lam0p25,0.08,all,expected_entropy,pgd_failure,,0.991111111111111,0.8854166666666667,-0.10569444444444431,0.9990543735224586,0.5769230769230769,-0.42213129659938176,0.9,0.04
/home/user/thesis/UncertaintyAndRobustnessInBNNs/runs/mlp512x1/deterministic/seed0_eps0p08_lam0p25.json,mlp512x1,deterministic,0,val,0.08,0.25,robust_eps0p08_lam0p25,0.08,all,expected_entropy,certified_below_threshold,0.5,,0.9021739130434783,,,0.5909090909090909,,1.0,0.041666666666666664
/home/user/thesis/UncertaintyAndRobustnessInBNNs/runs/mlp512x1/deterministic/seed0_eps0p08_lam0p25.json,mlp512x1,deterministic,0,val,0.08,0.25,robust_eps0p08_lam0p25,0.08,all,expected_entropy,certified_below_threshold,0.9,,0.9021739130434783,,,0.5909090909090909,,1.0,0.041666666666666664
/home/user/thesis/UncertaintyAndRobustnessInBNNs/runs/mlp512x1/deterministic/seed0_eps0p08_lam0p25.json,mlp512x1,deterministic,0,val,0.08,0.25,robust_eps0p08_lam0p25,0.08,clean_correct,expected_entropy,pgd_failure,,0.9906976744186047,,,0.9989664082687337,,,0.8958333333333334,0.0
/home/user/thesis/UncertaintyAndRobustnessInBNNs/runs/mlp512x1/deterministic/seed0_eps0p08_lam0p25.json,mlp512x1,deterministic,0,val,0.08,0.25,robust_eps0p08_lam0p25,0.08,clean_correct,expected_entropy,certified_below_threshold,0.5,,,,,,,1.0,0.0
/home/user/thesis/UncertaintyAndRobustnessInBNNs/runs/mlp512x1/deterministic/seed0_eps0p08_lam0p25.json,mlp512x1,deterministic,0,val,0.08,0.25,robust_eps0p08_lam0p25,0.08,clean_correct,expected_entropy,certified_below_threshold,0.9,,,,,,,1.0,0.0
/home/user/thesis/UncertaintyAndRobustnessInBNNs/runs/mlp512x1/deterministic/seed0_eps0p08_lam0p25.json,mlp512x1,deterministic,0,val,0.08,0.25,robust_eps0p08_lam0p25,0.08,all,mutual_information,pgd_failure,,0.4244444444444444,0.4479166666666667,0.023472222222222283,0.9190361539373538,0.10333333333333333,-0.8157028206040204,0.9,0.04
/home/user/thesis/UncertaintyAndRobustnessInBNNs/runs/mlp512x1/deterministic/seed0_eps0p08_lam0p25.json,mlp512x1,deterministic,0,val,0.08,0.25,robust_eps0p08_lam0p25,0.08,all,mutual_information,certified_below_threshold,0.5,,0.45652173913043476,,,0.12083333333333333,,1.0,0.041666666666666664
/home/user/thesis/UncertaintyAndRobustnessInBNNs/runs/mlp512x1/deterministic/seed0_eps0p08_lam0p25.json,mlp512x1,deterministic,0,val,0.08,0.25,robust_eps0p08_lam0p25,0.08,all,mutual_information,certified_below_threshold,0.9,,0.45652173913043476,,,0.12083333333333333,,1.0,0.041666666666666664
/home/user/thesis/UncertaintyAndRobustnessInBNNs/runs/mlp512x1/deterministic/seed0_eps0p08_lam0p25.json,mlp512x1,deterministic,0,val,0.08,0.25,robust_eps0p08_lam0p25,0.08,clean_correct,mutual_information,pgd_failure,,0.4209302325581395,,,0.915096080102834,,,0.8958333333333334,0.0
/home/user/thesis/UncertaintyAndRobustnessInBNNs/runs/mlp512x1/deterministic/seed0_eps0p08_lam0p25.json,mlp512x1,deterministic,0,val,0.08,0.25,robust_eps0p08_lam0p25,0.08,clean_correct,mutual_information,certified_below_threshold,0.5,,,,,,,1.0,0.0
/home/user/thesis/UncertaintyAndRobustnessInBNNs/runs/mlp512x1/deterministic/seed0_eps0p08_lam0p25.json,mlp512x1,deterministic,0,val,0.08,0.25,robust_eps0p08_lam0p25,0.08,clean_correct,mutual_information,certified_below_threshold,0.9,,,,,,,1.0,0.0
/home/user/thesis/UncertaintyAndRobustnessInBNNs/runs/mlp512x1/deterministic/seed0_eps0p08_lam0p25.json,mlp512x1,deterministic,0,val,0.08,0.25,robust_eps0p08_lam0p25,0.08,all,one_minus_confidence,pgd_failure,,0.7222222222222222,0.8854166666666667,0.16319444444444453,0.9444444444444446,0.5769230769230769,-0.36752136752136777,0.9,0.04
/home/user/thesis/UncertaintyAndRobustnessInBNNs/runs/mlp512x1/deterministic/seed0_eps0p08_lam0p25.json,mlp512x1,deterministic,0,val,0.08,0.25,robust_eps0p08_lam0p25,0.08,all,one_minus_confidence,certified_below_threshold,0.5,,0.9021739130434783,,,0.5909090909090909,,1.0,0.041666666666666664
/home/user/thesis/UncertaintyAndRobustnessInBNNs/runs/mlp512x1/deterministic/seed0_eps0p08_lam0p25.json,mlp512x1,deterministic,0,val,0.08,0.25,robust_eps0p08_lam0p25,0.08,all,one_minus_confidence,certified_below_threshold,0.9,,0.9021739130434783,,,0.5909090909090909,,1.0,0.041666666666666664
/home/user/thesis/UncertaintyAndRobustnessInBNNs/runs/mlp512x1/deterministic/seed0_eps0p08_lam0p25.json,mlp512x1,deterministic,0,val,0.08,0.25,robust_eps0p08_lam0p25,0.08,clean_correct,one_minus_confidence,pgd_failure,,0.7093023255813954,,,0.9394379844961243,,,0.8958333333333334,0.0
/home/user/thesis/UncertaintyAndRobustnessInBNNs/runs/mlp512x1/deterministic/seed0_eps0p08_lam0p25.json,mlp512x1,deterministic,0,val,0.08,0.25,robust_eps0p08_lam0p25,0.08,clean_correct,one_minus_confidence,certified_below_threshold,0.5,,,,,,,1.0,0.0
/home/user/thesis/UncertaintyAndRobustnessInBNNs/runs/mlp512x1/deterministic/seed0_eps0p08_lam0p25.json,mlp512x1,deterministic,0,val,0.08,0.25,robust_eps0p08_lam0p25,0.08,clean_correct,one_minus_confidence,certified_below_threshold,0.9,,,,,,,1.0,0.0
/home/user/thesis/UncertaintyAndRobustnessInBNNs/runs/mlp512x1/deterministic/seed0_eps0p08_lam0p25.json,mlp512x1,deterministic,0,val,0.08,0.25,robust_eps0p08_lam0p25,0.08,all,predictive_entropy,pgd_failure,,0.991111111111111,0.8854166666666667,-0.10569444444444431,0.9990543735224586,0.5769230769230769,-0.42213129659938176,0.9,0.04
/home/user/thesis/UncertaintyAndRobustnessInBNNs/runs/mlp512x1/deterministic/seed0_eps0p08_lam0p25.json,mlp512x1,deterministic,0,val,0.08,0.25,robust_eps0p08_lam0p25,0.08,all,predictive_entropy,certified_below_threshold,0.5,,0.9021739130434783,,,0.5909090909090909,,1.0,0.041666666666666664
/home/user/thesis/UncertaintyAndRobustnessInBNNs/runs/mlp512x1/deterministic/seed0_eps0p08_lam0p25.json,mlp512x1,deterministic,0,val,0.08,0.25,robust_eps0p08_lam0p25,0.08,all,predictive_entropy,certified_below_threshold,0.9,,0.9021739130434783,,,0.5909090909090909,,1.0,0.041666666666666664
/home/user/thesis/UncertaintyAndRobustnessInBNNs/runs/mlp512x1/deterministic/seed0_eps0p08_lam0p25.json,mlp512x1,deterministic,0,val,0.08,0.25,robust_eps0p08_lam0p25,0.08,clean_correct,predictive_entropy,pgd_failure,,0.9906976744186047,,,0.9989664082687337,,,0.8958333333333334,0.0
/home/user/thesis/UncertaintyAndRobustnessInBNNs/runs/mlp512x1/deterministic/seed0_eps0p08_lam0p25.json,mlp512x1,deterministic,0,val,0.08,0.25,robust_eps0p08_lam0p25,0.08,clean_correct,predictive_entropy,certified_below_threshold,0.5,,,,,,,1.0,0.0
/home/user/thesis/UncertaintyAndRobustnessInBNNs/runs/mlp512x1/deterministic/seed0_eps0p08_lam0p25.json,mlp512x1,deterministic,0,val,0.08,0.25,robust_eps0p08_lam0p25,0.08,clean_correct,predictive_entropy,certified_below_threshold,0.9,,,,,,,1.0,0.0
/home/user/thesis/UncertaintyAndRobustnessInBNNs/runs/mlp512x1/deterministic/seed0_eps0p08_lam0p25.json,mlp512x1,deterministic,0,val,0.08,0.25,robust_eps0p08_lam0p25,0.1,all,expected_entropy,pgd_failure,,0.9479166666666667,0.8355555555555555,-0.11236111111111124,0.9978730641192648,0.4391575091575092,-0.5587155549617556,0.96,0.1
/home/user/thesis/UncertaintyAndRobustnessInBNNs/runs/mlp512x1/deterministic/seed0_eps0p08_lam0p25.json,mlp512x1,deterministic,0,val,0.08,0.25,robust_eps0p08_lam0p25,0.1,all,expected_entropy,certified_below_threshold,0.5,,0.8290598290598291,,,0.4699074074074074,,1.0,0.07142857142857142
/home/user/thesis/UncertaintyAndRobustnessInBNNs/runs/mlp512x1/deterministic/seed0_eps0p08_lam0p25.json,mlp512x1,deterministic,0,val,0.08,0.25,robust_eps0p08_lam0p25,0.1,all,expected_entropy,certified_below_threshold,0.9,,0.8290598290598291,,,0.4699074074074074,,1.0,0.07142857142857142
/home/user/thesis/UncertaintyAndRobustnessInBNNs/runs/mlp512x1/deterministic/seed0_eps0p08_lam0p25.json,mlp512x1,deterministic,0,val,0.08,0.25,robust_eps0p08_lam0p25,0.1,clean_correct,expected_entropy,pgd_failure,,0.9456521739130435,0.7925925925925925,-0.15305958132045094,0.9976860417309077,0.19657097288676234,-0.8011150688441453,0.9583333333333334,0.0625
/home/user/thesis/UncertaintyAndRobustnessInBNNs/runs/mlp512x1/deterministic/seed0_eps0p08_lam0p25.json,mlp512x1,deterministic,0,val,0.08,0.25,robust_eps0p08_lam0p25,0.1,clean_correct,expected_entropy,certified_below_threshold,0.5,,0.6666666666666667,,,0.07142857142857142,,1.0,0.025
/home/user/thesis/UncertaintyAndRobustnessInBNNs/runs/mlp512x1/deterministic/seed0_eps0p08_lam0p25.json,mlp512x1,deterministic,0,val,0.08,0.25,robust_eps0p08_lam0p25,0.1,clean_correct,expected_entropy,certified_below_threshold,0.9,,0.6666666666666667,,,0.07142857142857142,,1.0,0.025
/home/user/thesis/UncertaintyAndRobustnessInBNNs/runs/mlp512x1/deterministic/seed0_eps0p08_lam0p25.json,mlp512x1,deterministic,0,val,0.08,0.25,robust_eps0p08_lam0p25,0.1,all,mutual_information,pgd_failure,,0.375,0.4177777777777778,0.0427777777777778,0.963124041378658,0.16913419913419914,-0.7939898422444589,0.96,0.1
/home/user/thesis/UncertaintyAndRobustnessInBNNs/runs/mlp512x1/deterministic/seed0_eps0p08_lam0p25.json,mlp512x1,deterministic,0,val,0.08,0.25,robust_eps0p08_lam0p25,0.1,all,mutual_information,certified_below_threshold,0.5,,0.3418803418803419,,,0.12516087516087515,,1.0,0.07142857142857142
/home/user/thesis/UncertaintyAndRobustnessInBNNs/runs/mlp512x1/deterministic/seed0_eps0p08_lam0p25.json,mlp512x1,deterministic,0,val,0.08,0.25,robust_eps0p08_lam0p25,0.1,all,mutual_information,certified_below_threshold,0.9,,0.3418803418803419,,,0.12516087516087515,,1.0,0.07142857142857142
/home/user/thesis/UncertaintyAndRobustnessInBNNs/runs/mlp512x1/deterministic/seed0_eps0p08_lam0p25.json,mlp512x1,deterministic,0,val,0.08,0.25,robust_eps0p08_lam0p25,0.1,clean_correct,mutual_information,pgd_failure,,0.3695652173913043,0.3925925925925926,0.02302737520128828,0.961160786250268,0.12284930988844772,-0.8383114763618202,0.9583333333333334,0.0625
/home/user/thesis/UncertaintyAndRobustnessInBNNs/runs/mlp512x1/deterministic/seed0_eps0p08_lam0p25.json,mlp512x1,deterministic,0,val,0.08,0.25,robust_eps0p08_lam0p25,0.1,clean_correct,mutual_information,certified_below_threshold,0.5,,0.10256410256410253,,,0.027777777777777776,,1.0,0.025
/home/user/thesis/UncertaintyAndRobustnessInBNNs/runs/mlp512x1/deterministic/seed0_eps0p08_lam0p25.json,mlp512x1,deterministic,0,val,0.08,0.25,robust_eps0p08_lam0p25,0.1,clean_correct,mutual_information,certified_below_threshold,0.9,,0.10256410256410253,,,0.027777777777777776,,1.0,0.025
/home/user/thesis/UncertaintyAndRobustnessInBNNs/runs/mlp512x1/deterministic/seed0_eps0p08_lam0p25.json,mlp512x1,deterministic,0,val,0.08,0.25,robust_eps0p08_lam0p25,0.1,all,one_minus_confidence,pgd_failure,,0.7083333333333334,0.8355555555555556,0.12722222222222224,0.9766666666666669,0.4391575091575092,-0.5375091575091577,0.96,0.1
/home/user/thesis/UncertaintyAndRobustnessInBNNs/runs/mlp512x1/deterministic/seed0_eps0p08_lam0p25.json,mlp512x1,deterministic,0,val,0.08,0.25,robust_eps0p08_lam0p25,0.1,all,one_minus_confidence,certified_below_threshold,0.5,,0.8290598290598291,,,0.4699074074074074,,1.0,0.07142857142857142
/home/user/thesis/UncertaintyAndRobustnessInBNNs/runs/mlp512x1/deterministic/seed0_eps0p08_lam0p25.json,mlp512x1,deterministic,0,val,0.08,0.25,robust_eps0p08_lam0p25,0.1,all,one_minus_confidence,certified_below_threshold,0.9,,0.8290598290598291,,,0.4699074074074074,,1.0,0.07142857142857142
/home/user/thesis/UncertaintyAndRobustnessInBNNs/runs/mlp512x1/deterministic/seed0_eps0p08_lam0p25.json,mlp512x1,deterministic,0,val,0.08,0.25,robust_eps0p08_lam0p25,0.1,clean_correct,one_minus_confidence,pgd_failure,,0.6956521739130435,0.7925925925925925,0.09694041867954906,0.9746376811594202,0.19657097288676234,-0.7780667082726578,0.9583333333333334,0.0625
/home/user/thesis/UncertaintyAndRobustnessInBNNs/runs/mlp512x1/deterministic/seed0_eps0p08_lam0p25.json,mlp512x1,deterministic,0,val,0.08,0.25,robust_eps0p08_lam0p25,0.1,clean_correct,one_minus_confidence,certified_below_threshold,0.5,,0.6666666666666667,,,0.07142857142857142,,1.0,0.025
/home/user/thesis/UncertaintyAndRobustnessInBNNs/runs/mlp512x1/deterministic/seed0_eps0p08_lam0p25.json,mlp512x1,deterministic,0,val,0.08,0.25,robust_eps0p08_lam0p25,0.1,clean_correct,one_minus_confidence,certified_below_threshold,0.9,,0.6666666666666667,,,0.07142857142857142,,1.0,0.025
/home/user/thesis/UncertaintyAndRobustnessInBNNs/runs/mlp512x1/deterministic/seed0_eps0p08_lam0p25.json,mlp512x1,deterministic,0,val,0.08,0.25,robust_eps0p08_lam0p25,0.1,all,predictive_entropy,pgd_failure,,0.9479166666666667,0.8355555555555555,-0.11236111111111124,0.9978730641192648,0.4391575091575092,-0.5587155549617556,0.96,0.1
/home/user/thesis/UncertaintyAndRobustnessInBNNs/runs/mlp512x1/deterministic/seed0_eps0p08_lam0p25.json,mlp512x1,deterministic,0,val,0.08,0.25,robust_eps0p08_lam0p25,0.1,all,predictive_entropy,certified_below_threshold,0.5,,0.8290598290598291,,,0.4699074074074074,,1.0,0.07142857142857142
/home/user/thesis/UncertaintyAndRobustnessInBNNs/runs/mlp512x1/deterministic/seed0_eps0p08_lam0p25.json,mlp512x1,deterministic,0,val,0.08,0.25,robust_eps0p08_lam0p25,0.1,all,predictive_entropy,certified_below_threshold,0.9,,0.8290598290598291,,,0.4699074074074074,,1.0,0.07142857142857142
/home/user/thesis/UncertaintyAndRobustnessInBNNs/runs/mlp512x1/deterministic/seed0_eps0p08_lam0p25.json,mlp512x1,deterministic,0,val,0.08,0.25,robust_eps0p08_lam0p25,0.1,clean_correct,predictive_entropy,pgd_failure,,0.9456521739130435,0.7925925925925925,-0.15305958132045094,0.9976860417309077,0.19657097288676234,-0.8011150688441453,0.9583333333333334,0.0625
/home/user/thesis/UncertaintyAndRobustnessInBNNs/runs/mlp512x1/deterministic/seed0_eps0p08_lam0p25.json,mlp512x1,deterministic,0,val,0.08,0.25,robust_eps0p08_lam0p25,0.1,clean_correct,predictive_entropy,certified_below_threshold,0.5,,0.6666666666666667,,,0.07142857142857142,,1.0,0.025
/home/user/thesis/UncertaintyAndRobustnessInBNNs/runs/mlp512x1/deterministic/seed0_eps0p08_lam0p25.json,mlp512x1,deterministic,0,val,0.08,0.25,robust_eps0p08_lam0p25,0.1,clean_correct,predictive_entropy,certified_below_threshold,0.9,,0.6666666666666667,,,0.07142857142857142,,1.0,0.025
/home/user/thesis/UncertaintyAndRobustnessInBNNs/runs/mlp512x1/deterministic/seed1_eps0p08_lam0p25.json,mlp512x1,deterministic,1,val,0.08,0.25,robust_eps0p08_lam0p25,0.01,all,expected_entropy,pgd_failure,,1.0,0.96875,-0.03125,1.0,0.7,-0.30000000000000004,0.04,0.04
/home/user/thesis/UncertaintyAndRobustnessInBNNs/runs/mlp512x1/deterministic/seed1_eps0p08_lam0p25.json,mlp512x1,deterministic,1,val,0.08,0.25,robust_eps0p08_lam0p25,0.01,all,expected_entropy,certified_below_threshold,0.5,1.0,0.96875,-0.03125,1.0,0.7,-0.30000000000000004,0.04,0.04
/home/user/thesis/UncertaintyAndRobustnessInBNNs/runs/mlp512x1/deterministic/seed1_eps0p08_lam0p25.json,mlp512x1,deterministic,1,val,0.08,0.25,robust_eps0p08_lam0p25,0.01,all,expected_entropy,certified_below_threshold,0.9,1.0,0.96875,-0.03125,1.0,0.7,-0.30000000000000004,0.04,0.04
/home/user/thesis/UncertaintyAndRobustnessInBNNs/runs/mlp512x1/deterministic/seed1_eps0p08_lam0p25.json,mlp512x1,deterministic,1,val,0.08,0.25,robust_eps0p08_lam0p25,0.01,clean_correct,expected_entropy,pgd_failure,,1.0,,,1.0,,,0.02040816326530612,0.0
/home/user/thesis/UncertaintyAndRobustnessInBNNs/runs/mlp512x1/deterministic/seed1_eps0p08_lam0p25.json,mlp512x1,deterministic,1,val,0.08,0.25,robust_eps0p08_lam0p25,0.01,clean_correct,expected_entropy,certified_below_threshold,0.5,1.0,,,1.0,,,0.02040816326530612,0.0
/home/user/thesis/UncertaintyAndRobustnessInBNNs/runs/mlp512x1/deterministic/seed1_eps0p08_lam0p25.json,mlp512x1,deterministic,1,val,0.08,0.25,robust_eps0p08_lam0p25,0.01,clean_correct,expected_entropy,certified_below_threshold,0.9,1.0,,,1.0,,,0.02040816326530612,0.0
/home/user/thesis/UncertaintyAndRobustnessInBNNs/runs/mlp512x1/deterministic/seed1_eps0p08_lam0p25.json,mlp512x1,deterministic,1,val,0.08,0.25,robust_eps0p08_lam0p25,0.01,all,mutual_information,pgd_failure,,0.8958333333333333,0.4375,-0.45833333333333326,0.22619047619047616,0.09142857142857143,-0.13476190476190475,0.04,0.04
/home/user/thesis/UncertaintyAndRobustnessInBNNs/runs/mlp512x1/deterministic/seed1_eps0p08_lam0p25.json,mlp512x1,deterministic,1,val,0.08,0.25,robust_eps0p08_lam0p25,0.01,all,mutual_information,certified_below_threshold,0.5,0.8958333333333333,0.4375,-0.45833333333333326,0.22619047619047616,0.09142857142857143,-0.13476190476190475,0.04,0.04
/home/user/thesis/UncertaintyAndRobustnessInBNNs/runs/mlp512x1/deterministic/seed1_eps0p08_lam0p25.json,mlp512x1,deterministic,1,val,0.08,0.25,robust_eps0p08_lam0p25,0.01,all,mutual_information,certified_below_threshold,0.9,0.8958333333333333,0.4375,-0.45833333333333326,0.22619047619047616,0.09142857142857143,-0.13476190476190475,0.04,0.04
/home/user/thesis/UncertaintyAndRobustnessInBNNs/runs/mlp512x1/deterministic/seed1_eps0p08_lam0p25.json,mlp512x1,deterministic,1,val,0.08,0.25,robust_eps0p08_lam0p25,0.01,clean_correct,mutual_information,pgd_failure,,0.8958333333333333,,,0.16666666666666666,,,0.02040816326530612,0.0
/home/user/thesis/UncertaintyAndRobustnessInBNNs/runs/mlp512x1/deterministic/seed1_eps0p08_lam0p25.json,mlp512x1,deterministic,1,val,0.08,0.25,robust_eps0p08_lam0p25,0.01,clean_correct,mutual_information,certified_below_threshold,0.5,0.8958333333333333,,,0.16666666666666666,,,0.02040816326530612,0.0
/home/user/thesis/UncertaintyAndRobustnessInBNNs/runs/mlp512x1/deterministic/seed1_eps0p08_lam0p25.json,mlp512x1,deterministic,1,val,0.08,0.25,robust_eps0p08_lam0p25,0.01,clean_correct,mutual_information,certified_below_threshold,0.9,0.8958333333333333,,,0.16666666666666666,,,0.02040816326530612,0.0
/home/user/thesis/UncertaintyAndRobustnessInBNNs/runs/mlp512x1/deterministic/seed1_eps0p08_lam0p25.json,mlp512x1,deterministic,1,val,0.08,0.25,robust_eps0p08_lam0p25,0.01,all,one_minus_confidence,pgd_failure,,1.0,0.96875,-0.03125,1.0,0.7,-0.30000000000000004,0.04,0.04
/home/user/thesis/UncertaintyAndRobustnessInBNNs/runs/mlp512x1/deterministic/seed1_eps0p08_lam0p25.json,mlp512x1,deterministic,1,val,0.08,0.25,robust_eps0p08_lam0p25,0.01,all,one_minus_confidence,certified_below_threshold,0.5,1.0,0.96875,-0.03125,1.0,0.7,-0.30000000000000004,0.04,0.04
/home/user/thesis/UncertaintyAndRobustnessInBNNs/runs/mlp512x1/deterministic/seed1_eps0p08_lam0p25.json,mlp512x1,deterministic,1,val,0.08,0.25,robust_eps0p08_lam0p25,0.01,all,one_minus_confidence,certified_below_threshold,0.9,1.0,0.96875,-0.03125,1.0,0.7,-0.30000000000000004,0.04,0.04
/home/user/thesis/UncertaintyAndRobustnessInBNNs/runs/mlp512x1/deterministic/seed1_eps0p08_lam0p25.json,mlp512x1,deterministic,1,val,0.08,0.25,robust_eps0p08_lam0p25,0.01,clean_correct,one_minus_confidence,pgd_failure,,1.0,,,1.0,,,0.02040816326530612,0.0
/home/user/thesis/UncertaintyAndRobustnessInBNNs/runs/mlp512x1/deterministic/seed1_eps0p08_lam0p25.json,mlp512x1,deterministic,1,val,0.08,0.25,robust_eps0p08_lam0p25,0.01,clean_correct,one_minus_confidence,certified_below_threshold,0.5,1.0,,,1.0,,,0.02040816326530612,0.0
/home/user/thesis/UncertaintyAndRobustnessInBNNs/runs/mlp512x1/deterministic/seed1_eps0p08_lam0p25.json,mlp512x1,deterministic,1,val,0.08,0.25,robust_eps0p08_lam0p25,0.01,clean_correct,one_minus_confidence,certified_below_threshold,0.9,1.0,,,1.0,,,0.02040816326530612,0.0
/home/user/thesis/UncertaintyAndRobustnessInBNNs/runs/mlp512x1/deterministic/seed1_eps0p08_lam0p25.json,mlp512x1,deterministic,1,val,0.08,0.25,robust_eps0p08_lam0p25,0.01,all,predictive_entropy,pgd_failure,,1.0,0.96875,-0.03125,1.0,0.7,-0.30000000000000004,0.04,0.04
/home/user/thesis/UncertaintyAndRobustnessInBNNs/runs/mlp512x1/deterministic/seed1_eps0p08_lam0p25.json,mlp512x1,deterministic,1,val,0.08,0.25,robust_eps0p08_lam0p25,0.01,all,predictive_entropy,certified_below_threshold,0.5,1.0,0.96875,-0.03125,1.0,0.7,-0.30000000000000004,0.04,0.04
/home/user/thesis/UncertaintyAndRobustnessInBNNs/runs/mlp512x1/deterministic/seed1_eps0p08_lam0p25.json,mlp512x1,deterministic,1,val,0.08,0.25,robust_eps0p08_lam0p25,0.01,all,predictive_entropy,certified_below_threshold,0.9,1.0,0.96875,-0.03125,1.0,0.7,-0.30000000000000004,0.04,0.04
/home/user/thesis/UncertaintyAndRobustnessInBNNs/runs/mlp512x1/deterministic/seed1_eps0p08_lam0p25.json,mlp512x1,deterministic,1,val,0.08,0.25,robust_eps0p08_lam0p25,0.01,clean_correct,predictive_entropy,pgd_failure,,1.0,,,1.0,,,0.02040816326530612,0.0
/home/user/thesis/UncertaintyAndRobustnessInBNNs/runs/mlp512x1/deterministic/seed1_eps0p08_lam0p25.json,mlp512x1,deterministic,1,val,0.08,0.25,robust_eps0p08_lam0p25,0.01,clean_correct,predictive_entropy,certified_below_threshold,0.5,1.0,,,1.0,,,0.02040816326530612,0.0
/home/user/thesis/UncertaintyAndRobustnessInBNNs/runs/mlp512x1/deterministic/seed1_eps0p08_lam0p25.json,mlp512x1,deterministic,1,val,0.08,0.25,robust_eps0p08_lam0p25,0.01,clean_correct,predictive_entropy,certified_below_threshold,0.9,1.0,,,1.0,,,0.02040816326530612,0.0
/home/user/thesis/UncertaintyAndRobustnessInBNNs/runs/mlp512x1/deterministic/seed1_eps0p08_lam0p25.json,mlp512x1,deterministic,1,val,0.08,0.25,robust_eps0p08_lam0p25,0.05,all,expected_entropy,pgd_failure,,0.9512987012987013,0.96875,0.01745129870129869,0.9658576029214017,0.7,-0.2658576029214017,0.56,0.04
/home/user/thesis/UncertaintyAndRobustnessInBNNs/runs/mlp512x1/deterministic/seed1_eps0p08_lam0p25.json,mlp512x1,deterministic,1,val,0.08,0.25,robust_eps0p08_lam0p25,0.05,all,expected_entropy,certified_below_threshold,0.5,,0.9787234042553192,,,0.75,,1.0,0.04081632653061224
/home/user/thesis/UncertaintyAndRobustnessInBNNs/runs/mlp512x1/deterministic/seed1_eps0p08_lam0p25.json,mlp512x1,deterministic,1,val,0.08,0.25,robust_eps0p08_lam0p25,0.05,all,expected_entropy,certified_below_threshold,0.9,,0.9787234042553192,,,0.75,,1.0,0.04081632653061224
/home/user/thesis/UncertaintyAndRobustnessInBNNs/runs/mlp512x1/deterministic/seed1_eps0p08_lam0p25.json,mlp512x1,deterministic,1,val,0.08,0.25,robust_eps0p08_lam0p25,0.05,clean_correct,expected_entropy,pgd_failure,,0.9494949494949495,,,0.9633503818689961,,,0.5510204081632653,0.0
/home/user/thesis/UncertaintyAndRobustnessInBNNs/runs/mlp512x1/deterministic/seed1_eps0p08_lam0p25.json,mlp512x1,deterministic,1,val,0.08,0.25,robust_eps0p08_lam0p25,0.05,clean_correct,expected_entropy,certified_below_threshold,0.5,,,,,,,1.0,0.0
/home/user/thesis/UncertaintyAndRobustnessInBNNs/runs/mlp512x1/deterministic/seed1_eps0p08_lam0p25.json,mlp512x1,deterministic,1,val,0.08,0.25,robust_eps0p08_lam0p25,0.05,clean_correct,expected_entropy,certified_below_threshold,0.9,,,,,,,1.0,0.0
/home/user/thesis/UncertaintyAndRobustnessInBNNs/runs/mlp512x1/deterministic/seed1_eps0p08_lam0p25.json,mlp512x1,deterministic,1,val,0.08,0.25,robust_eps0p08_lam0p25,0.05,all,mutual_information,pgd_failure,,0.41964285714285715,0.4375,0.01785714285714285,0.6745308588965582,0.09142857142857143,-0.5831022874679868,0.56,0.04
/home/user/thesis/UncertaintyAndRobustnessInBNNs/runs/mlp512x1/deterministic/seed1_eps0p08_lam0p25.json,mlp512x1,deterministic,1,val,0.08,0.25,robust_eps0p08_lam0p25,0.05,all,mutual_information,certified_below_threshold,0.5,,0.4361702127659574,,,0.09183673469387754,,1.0,0.04081632653061224
/home/user/thesis/UncertaintyAndRobustnessInBNNs/runs/mlp512x1/deterministic/seed1_eps0p08_lam0p25.json,mlp512x1,deterministic,1,val,0.08,0.25,robust_eps0p08_lam0p25,0.05,all,mutual_information,certified_below_threshold,0.9,,0.4361702127659574,,,0.09183673469387754,,1.0,0.04081632653061224
/home/user/thesis/UncertaintyAndRobustnessInBNNs/runs/mlp512x1/deterministic/seed1_eps0p08_lam0p25.json,mlp512x1,deterministic,1,val,0.08,0.25,robust_eps0p08_lam0p25,0.05,clean_correct,mutual_information,pgd_failure,,0.39814814814814814,,,0.6529395959698767,,,0.5510204081632653,0.0
/home/user/thesis/UncertaintyAndRobustnessInBNNs/runs/mlp512x1/deterministic/seed1_eps0p08_lam0p25.json,mlp512x1,deterministic,1,val,0.08,0.25,robust_eps0p08_lam0p25,0.05,clean_correct,mutual_information,certified_below_threshold,0.5,,,,,,,1.0,0.0
/home/user/thesis/UncertaintyAndRobustnessInBNNs/runs/mlp512x1/deterministic/seed1_eps0p08_lam0p25.json,mlp512x1,deterministic,1,val,0.08,0.25,robust_eps0p08_lam0p25,0.05,clean_correct,mutual_information,certified_below_threshold,0.9,,,,,,,1.0,0.0
/home/user/thesis/UncertaintyAndRobustnessInBNNs/runs/mlp512x1/deterministic/seed1_eps0p08_lam0p25.json,mlp512x1,deterministic,1,val,0.08,0.25,robust_eps0p08_lam0p25,0.05,all,one_minus_confidence,pgd_failure,,0.9253246753246753,0.96875,0.04342532467532467,0.9351984126984128,0.7,-0.2351984126984128,0.56,0.04
/home/user/thesis/UncertaintyAndRobustnessInBNNs/runs/mlp512x1/deterministic/seed1_eps0p08_lam0p25.json,mlp512x1,deterministic,1,val,0.08,0.25,robust_eps0p08_lam0p25,0.05,all,one_minus_confidence,certified_below_threshold,0.5,,0.9787234042553192,,,0.75,,1.0,0.04081632653061224
/home/user/thesis/UncertaintyAndRobustnessInBNNs/runs/mlp512x1/deterministic/seed1_eps0p08_lam0p25.json,mlp512x1,deterministic,1,val,0.08,0.25,robust_eps0p08_lam0p25,0.05,all,one_minus_confidence,certified_below_threshold,0.9,,0.9787234042553192,,,0.75,,1.0,0.04081632653061224
/home/user/thesis/UncertaintyAndRobustnessInBNNs/runs/mlp512x1/deterministic/seed1_eps0p08_lam0p25.json,mlp512x1,deterministic,1,val,0.08,0.25,robust_eps0p08_lam0p25,0.05,clean_correct,one_minus_confidence,pgd_failure,,0.9225589225589226,,,0.9310700438519985,,,0.5510204081632653,0.0
/home/user/thesis/UncertaintyAndRobustnessInBNNs/runs/mlp512x1/deterministic/seed1_eps0p08_lam0p25.json,mlp512x1,deterministic,1,val,0.08,0.25,robust_eps0p08_lam0p25,0.05,clean_correct,one_minus_confidence,certified_below_threshold,0.5,,,,,,,1.0,0.0
/home/user/thesis/UncertaintyAndRobustnessInBNNs/runs/mlp512x1/deterministic/seed1_eps0p08_lam0p25.json,mlp512x1,deterministic,1,val,0.08,0.25,robust_eps0p08_lam0p25,0.05,clean_correct,one_minus_confidence,certified_below_threshold,0.9,,,,,,,1.0,0.0
/home/user/thesis/UncertaintyAndRobustnessInBNNs/runs/mlp512x1/deterministic/seed1_eps0p08_lam0p25.json,mlp512x1,deterministic,1,val,0.08,0.25,robust_eps0p08_lam0p25,0.05,all,predictive_entropy,pgd_failure,,0.9512987012987013,0.96875,0.01745129870129869,0.9658576029214017,0.7,-0.2658576029214017,0.56,0.04
/home/user/thesis/UncertaintyAndRobustnessInBNNs/runs/mlp512x1/deterministic/seed1_eps0p08_lam0p25.json,mlp512x1,deterministic,1,val,0.08,0.25,robust_eps0p08_lam0p25,0.05,all,predictive_entropy,certified_below_threshold,0.5,,0.9787234042553192,,,0.75,,1.0,0.04081632653061224
/home/user/thesis/UncertaintyAndRobustnessInBNNs/runs/mlp512x1/deterministic/seed1_eps0p08_lam0p25.json,mlp512x1,deterministic,1,val,0.08,0.25,robust_eps0p08_lam0p25,0.05,all,predictive_entropy,certified_below_threshold,0.9,,0.9787234042553192,,,0.75,,1.0,0.04081632653061224
/home/user/thesis/UncertaintyAndRobustnessInBNNs/runs/mlp512x1/deterministic/seed1_eps0p08_lam0p25.json,mlp512x1,deterministic,1,val,0.08,0.25,robust_eps0p08_lam0p25,0.05,clean_correct,predictive_entropy,pgd_failure,,0.9494949494949495,,,0.9633503818689961,,,0.5510204081632653,0.0
/home/user/thesis/UncertaintyAndRobustnessInBNNs/runs/mlp512x1/deterministic/seed1_eps0p08_lam0p25.json,mlp512x1,deterministic,1,val,0.08,0.25,robust_eps0p08_lam0p25,0.05,clean_correct,predictive_entropy,certified_below_threshold,0.5,,,,,,,1.0,0.0
/home/user/thesis/UncertaintyAndRobustnessInBNNs/runs/mlp512x1/deterministic/seed1_eps0p08_lam0p25.json,mlp512x1,deterministic,1,val,0.08,0.25,robust_eps0p08_lam0p25,0.05,clean_correct,predictive_entropy,certified_below_threshold,0.9,,,,,,,1.0,0.0
/home/user/thesis/UncertaintyAndRobustnessInBNNs/runs/mlp512x1/deterministic/seed1_eps0p08_lam0p25.json,mlp512x1,deterministic,1,val,0.08,0.25,robust_eps0p08_lam0p25,0.07,all,expected_entropy,pgd_failure,,0.9860139860139859,0.9858156028368795,-0.0001983831771064093,0.9960117408275797,0.8666666666666667,-0.129345074160913,0.78,0.06
/home/user/thesis/UncertaintyAndRobustnessInBNNs/runs/mlp512x1/deterministic/seed1_eps0p08_lam0p25.json,mlp512x1,deterministic,1,val,0.08,0.25,robust_eps0p08_lam0p25,0.07,all,expected_entropy,certified_below_threshold,0.5,,0.9851851851851853,,,0.8666666666666667,,1.0,0.0625
/home/user/thesis/UncertaintyAndRobustnessInBNNs/runs/mlp512x1/deterministic/seed1_eps0p08_lam0p25.json,mlp512x1,deterministic,1,val,0.08,0.25,robust_eps0p08_lam0p25,0.07,all,expected_entropy,certified_below_threshold,0.9,,0.9851851851851853,,,0.8666666666666667,,1.0,0.0625
/home/user/thesis/UncertaintyAndRobustnessInBNNs/runs/mlp512x1/deterministic/seed1_eps0p08_lam0p25.json,mlp512x1,deterministic,1,val,0.08,0.25,robust_eps0p08_lam0p25,0.07,clean_correct,expected_entropy,pgd_failure,,0.985645933014354,1.0,0.014354066985646008,0.9957975783460548,1.0,0.004202421653945243,0.7755102040816326,0.020833333333333332
/home/user/thesis/UncertaintyAndRobustnessInBNNs/runs/mlp512x1/deterministic/seed1_eps0p08_lam0p25.json,mlp512x1,deterministic,1,val,0.08,0.25,robust_eps0p08_lam0p25,0.07,clean_correct,expected_entropy,certified_below_threshold,0.5,,1.0,,,1.0,,1.0,0.021739130434782608
/home/user/thesis/UncertaintyAndRobustnessInBNNs/runs/mlp512x1/deterministic/seed1_eps0p08_lam0p25.json,mlp512x1,deterministic,1,val,0.08,0.25,robust_eps0p08_lam0p25,0.07,clean_correct,expected_entropy,certified_below_threshold,0.9,,1.0,,,1.0,,1.0,0.021739130434782608
/home/user/thesis/UncertaintyAndRobustnessInBNNs/runs/mlp512x1/deterministic/seed1_eps0p08_lam0p25.json,mlp512x1,deterministic,1,val,0.08,0.25,robust_eps0p08_lam0p25,0.07,all,mutual_information,pgd_failure,,0.48251748251748255,0.2978723404255319,-0.18464514209195065,0.8542151489520622,0.0815079365079365,-0.7727072124441257,0.78,0.06
/home/user/thesis/UncertaintyAndRobustnessInBNNs/runs/mlp512x1/deterministic/seed1_eps0p08_lam0p25.json,mlp512x1,deterministic,1,val,0.08,0.25,robust_eps0p08_lam0p25,0.07,all,mutual_information,certified_below_threshold,0.5,,0.3037037037037037,,,0.0908816425120773,,1.0,0.0625
/home/user/thesis/UncertaintyAndRobustnessInBNNs/runs/mlp512x1/deterministic/seed1_eps0p08_lam0p25.json,mlp512x1,deterministic,1,val,0.08,0.25,robust_eps0p08_lam0p25,0.07,all,mutual_information,certified_below_threshold,0.9,,0.3037037037037037,,,0.0908816425120773,,1.0,0.0625
/home/user/thesis/UncertaintyAndRobustnessInBNNs/runs/mlp512x1/deterministic/seed1_eps0p08_lam0p25.json,mlp512x1,deterministic,1,val,0.08,0.25,robust_eps0p08_lam0p25,0.07,clean_correct,mutual_information,pgd_failure,,0.4688995215311005,0.021276595744680882,-0.4476229257864196,0.8463134767856972,0.02127659574468085,-0.8250368810410164,0.7755102040816326,0.020833333333333332
/home/user/thesis/UncertaintyAndRobustnessInBNNs/runs/mlp512x1/deterministic/seed1_eps0p08_lam0p25.json,mlp512x1,deterministic,1,val,0.08,0.25,robust_eps0p08_lam0p25,0.07,clean_correct,mutual_information,certified_below_threshold,0.5,,0.022222222222222254,,,0.022222222222222223,,1.0,0.021739130434782608
/home/user/thesis/UncertaintyAndRobustnessInBNNs/runs/mlp512x1/deterministic/seed1_eps0p08_lam0p25.json,mlp512x1,deterministic,1,val,0.08,0.25,robust_eps0p08_lam0p25,0.07,clean_correct,mutual_information,certified_below_threshold,0.9,,0.022222222222222254,,,0.022222222222222223,,1.0,0.021739130434782608
/home/user/thesis/UncertaintyAndRobustnessInBNNs/runs/mlp512x1/deterministic/seed1_eps0p08_lam0p25.json,mlp512x1,deterministic,1,val,0.08,0.25,robust_eps0p08_lam0p25,0.07,all,one_minus_confidence,pgd_failure,,0.8461538461538461,0.9858156028368794,0.13966175668303327,0.9323076923076923,0.8666666666666667,-0.06564102564102559,0.78,0.06
/home/user/thesis/UncertaintyAndRobustnessInBNNs/runs/mlp512x1/deterministic/seed1_eps0p08_lam0p25.json,mlp512x1,deterministic,1,val,0.08,0.25,robust_eps0p08_lam0p25,0.07,all,one_minus_confidence,certified_below_threshold,0.5,,0.9851851851851852,,,0.8666666666666667,,1.0,0.0625
/home/user/thesis/UncertaintyAndRobustnessInBNNs/runs/mlp512x1/deterministic/seed1_eps0p08_lam0p25.json,mlp512x1,deterministic,1,val,0.08,0.25,robust_eps0p08_lam0p25,0.07,all,one_minus_confidence,certified_below_threshold,0.9,,0.9851851851851852,,,0.8666666666666667,,1.0,0.0625
/home/user/thesis/UncertaintyAndRobustnessInBNNs/runs/mlp512x1/deterministic/seed1_eps0p08_lam0p25.json,mlp512x1,deterministic,1,val,0.08,0.25,robust_eps0p08_lam0p25,0.07,clean_correct,one_minus_confidence,pgd_failure,,0.8421052631578947,1.0,0.1578947368421053,0.9291084854994628,1.0,0.07089151450053721,0.7755102040816326,0.020833333333333332
/home/user/thesis/UncertaintyAndRobustnessInBNNs/runs/mlp512x1/deterministic/seed1_eps0p08_lam0p25.json,mlp512x1,deterministic,1,val,0.08,0.25,robust_eps0p08_lam0p25,0.07,clean_correct,one_minus_confidence,certified_below_threshold,0.5,,1.0,,,1.0,,1.0,0.021739130434782608
/home/user/thesis/UncertaintyAndRobustnessInBNNs/runs/mlp512x1/deterministic/seed1_eps0p08_lam0p25.json,mlp512x1,deterministic,1,val,0.08,0.25,robust_eps0p08_lam0p25,0.07,clean_correct,one_minus_confidence,certified_below_threshold,0.9,,1.0,,,1.0,,1.0,0.021739130434782608
/home/user/thesis/UncertaintyAndRobustnessInBNNs/runs/mlp512x1/deterministic/seed1_eps0p08_lam0p25.json,mlp512x1,deterministic,1,val,0.08,0.25,robust_eps0p08_lam0p25,0.07,all,predictive_entropy,pgd_failure,,0.9860139860139859,0.9858156028368795,-0.0001983831771064093,0.9960117408275797,0.8666666666666667,-0.129345074160913,0.78,0.06
/home/user/thesis/UncertaintyAndRobustnessInBNNs/runs/mlp512x1/deterministic/seed1_eps0p08_lam0p25.json,mlp512x1,deterministic,1,val,0.08,0.25,robust_eps0p08_lam0p25,0.07,all,predictive_entropy,certified_below_threshold,0.5,,0.9851851851851853,,,0.8666666666666667,,1.0,0.0625
/home/user/thesis/UncertaintyAndRobustnessInBNNs/runs/mlp512x1/deterministic/seed1_eps0p08_lam0p25.json,mlp512x1,deterministic,1,val,0.08,0.25,robust_eps0p08_lam0p25,0.07,all,predictive_entropy,certified_below_threshold,0.9,,0.9851851851851853,,,0.8666666666666667,,1.0,0.0625
/home/user/thesis/UncertaintyAndRobustnessInBNNs/runs/mlp512x1/deterministic/seed1_eps0p08_lam0p25.json,mlp512x1,deterministic,1,val,0.08,0.25,robust_eps0p08_lam0p25,0.07,clean_correct,predictive_entropy,pgd_failure,,0.985645933014354,1.0,0.014354066985646008,0.9957975783460548,1.0,0.004202421653945243,0.7755102040816326,0.020833333333333332
/home/user/thesis/UncertaintyAndRobustnessInBNNs/runs/mlp512x1/deterministic/seed1_eps0p08_lam0p25.json,mlp512x1,deterministic,1,val,0.08,0.25,robust_eps0p08_lam0p25,0.07,clean_correct,predictive_entropy,certified_below_threshold,0.5,,1.0,,,1.0,,1.0,0.021739130434782608
/home/user/thesis/UncertaintyAndRobustnessInBNNs/runs/mlp512x1/deterministic/seed1_eps0p08_lam0p25.json,mlp512x1,deterministic,1,val,0.08,0.25,robust_eps0p08_lam0p25,0.07,clean_correct,predictive_entropy,certified_below_threshold,0.9,,1.0,,,1.0,,1.0,0.021739130434782608
/home/user/thesis/UncertaintyAndRobustnessInBNNs/runs/mlp512x1/deterministic/seed1_eps0p08_lam0p25.json,mlp512x1,deterministic,1,val,0.08,0.25,robust_eps0p08_lam0p25,0.08,all,expected_entropy,pgd_failure,,0.9777777777777777,0.9111111111111112,-0.06666666666666654,0.9976122334455668,0.6842857142857143,-0.31332651915985255,0.9,0.1
/home/user/thesis/UncertaintyAndRobustnessInBNNs/runs/mlp512x1/deterministic/seed1_eps0p08_lam0p25.json,mlp512x1,deterministic,1,val,0.08,0.25,robust_eps0p08_lam0p25,0.08,all,expected_entropy,certified_below_threshold,0.5,,0.9922480620155039,,,0.9166666666666665,,1.0,0.06521739130434782
/home/user/thesis/UncertaintyAndRobustnessInBNNs/runs/mlp512x1/deterministic/seed1_eps0p08_lam0p25.json,mlp512x1,deterministic,1,val,0.08,0.25,robust_eps0p08_lam0p25,0.08,all,expected_entropy,certified_below_threshold,0.9,,0.9922480620155039,,,0.9166666666666665,,1.0,0.06521739130434782
/home/user/thesis/UncertaintyAndRobustnessInBNNs/runs/mlp512x1/deterministic/seed1_eps0p08_lam0p25.json,mlp512x1,deterministic,1,val,0.08,0.25,robust_eps0p08_lam0p25,0.08,clean_correct,expected_entropy,pgd_failure,,0.9772727272727273,0.8666666666666667,-0.1106060606060606,0.9975042528655726,0.5222222222222223,-0.4752820306433504,0.8979591836734694,0.0625
/home/user/thesis/UncertaintyAndRobustnessInBNNs/runs/mlp512x1/deterministic/seed1_eps0p08_lam0p25.json,mlp512x1,deterministic,1,val,0.08,0.25,robust_eps0p08_lam0p25,0.08,clean_correct,expected_entropy,certified_below_threshold,0.5,,1.0,,,1.0,,1.0,0.022727272727272728
/home/user/thesis/UncertaintyAndRobustnessInBNNs/runs/mlp512x1/deterministic/seed1_eps0p08_lam0p25.json,mlp512x1,deterministic,1,val,0.08,0.25,robust_eps0p08_lam0p25,0.08,clean_correct,expected_entropy,certified_below_threshold,0.9,,1.0,,,1.0,,1.0,0.022727272727272728
/home/user/thesis/UncertaintyAndRobustnessInBNNs/runs/mlp512x1/deterministic/seed1_eps0p08_lam0p25.json,mlp512x1,deterministic,1,val,0.08,0.25,robust_eps0p08_lam0p25,0.08,all,mutual_information,pgd_failure,,0.4444444444444444,0.20444444444444446,-0.23999999999999996,0.9231444851079564,0.08766233766233766,-0.8354821474456188,0.9,0.1
/home/user/thesis/UncertaintyAndRobustnessInBNNs/runs/mlp512x1/deterministic/seed1_eps0p08_lam0p25.json,mlp512x1,deterministic,1,val,0.08,0.25,robust_eps0p08_lam0p25,0.08,all,mutual_information,certified_below_threshold,0.5,,0.31007751937984496,,,0.10355731225296443,,1.0,0.06521739130434782
/home/user/thesis/UncertaintyAndRobustnessInBNNs/runs/mlp512x1/deterministic/seed1_eps0p08_lam0p25.json,mlp512x1,deterministic,1,val,0.08,0.25,robust_eps0p08_lam0p25,0.08,all,mutual_information,certified_below_threshold,0.9,,0.31007751937984496,,,0.10355731225296443,,1.0,0.06521739130434782
/home/user/thesis/UncertaintyAndRobustnessInBNNs/runs/mlp512x1/deterministic/seed1_eps0p08_lam0p25.json,mlp512x1,deterministic,1,val,0.08,0.25,robust_eps0p08_lam0p25,0.08,clean_correct,mutual_information,pgd_failure,,0.4318181818181819,0.05185185185185185,-0.37996632996633,0.9190401689234986,0.04418004888069213,-0.8748601200428064,0.8979591836734694,0.0625
/home/user/thesis/UncertaintyAndRobustnessInBNNs/runs/mlp512x1/deterministic/seed1_eps0p08_lam0p25.json,mlp512x1,deterministic,1,val,0.08,0.25,robust_eps0p08_lam0p25,0.08,clean_correct,mutual_information,certified_below_threshold,0.5,,0.023255813953488413,,,0.023255813953488372,,1.0,0.022727272727272728
/home/user/thesis/UncertaintyAndRobustnessInBNNs/runs/mlp512x1/deterministic/seed1_eps0p08_lam0p25.json,mlp512x1,deterministic,1,val,0.08,0.25,robust_eps0p08_lam0p25,0.08,clean_correct,mutual_information,certified_below_threshold,0.9,,0.023255813953488413,,,0.023255813953488372,,1.0,0.022727272727272728
/home/user/thesis/UncertaintyAndRobustnessInBNNs/runs/mlp512x1/deterministic/seed1_eps0p08_lam0p25.json,mlp512x1,deterministic,1,val,0.08,0.25,robust_eps0p08_lam0p25,0.08,all,one_minus_confidence,pgd_failure,,0.8,0.9111111111111112,0.11111111111111116,0.9600000000000002,0.6842857142857143,-0.2757142857142859,0.9,0.1
/home/user/thesis/UncertaintyAndRobustnessInBNNs/runs/mlp512x1/deterministic/seed1_eps0p08_lam0p25.json,mlp512x1,deterministic,1,val,0.08,0.25,robust_eps0p08_lam0p25,0.08,all,one_minus_confidence,certified_below_threshold,0.5,,0.9922480620155039,,,0.9166666666666665,,1.0,0.06521739130434782
/home/user/thesis/UncertaintyAndRobustnessInBNNs/runs/mlp512x1/deterministic/seed1_eps0p08_lam0p25.json,mlp512x1,deterministic,1,val,0.08,0.25,robust_eps0p08_lam0p25,0.08,all,one_minus_confidence,certified_below_threshold,0.9,,0.9922480620155039,,,0.9166666666666665,,1.0,0.06521739130434782
/home/user/thesis/UncertaintyAndRobustnessInBNNs/runs/mlp512x1/deterministic/seed1_eps0p08_lam0p25.json,mlp512x1,deterministic,1,val,0.08,0.25,robust_eps0p08_lam0p25,0.08,clean_correct,one_minus_confidence,pgd_failure,,0.7954545454545454,0.8666666666666667,0.07121212121212128,0.9582560296846011,0.5222222222222221,-0.43603380746237896,0.8979591836734694,0.0625
/home/user/thesis/UncertaintyAndRobustnessInBNNs/runs/mlp512x1/deterministic/seed1_eps0p08_lam0p25.json,mlp512x1,deterministic,1,val,0.08,0.25,robust_eps0p08_lam0p25,0.08,clean_correct,one_minus_confidence,certified_below_threshold,0.5,,1.0,,,1.0,,1.0,0.022727272727272728
/home/user/thesis/UncertaintyAndRobustnessInBNNs/runs/mlp512x1/deterministic/seed1_eps0p08_lam0p25.json,mlp512x1,deterministic,1,val,0.08,0.25,robust_eps0p08_lam0p25,0.08,clean_correct,one_minus_confidence,certified_below_threshold,0.9,,1.0,,,1.0,,1.0,0.022727272727272728
/home/user/thesis/UncertaintyAndRobustnessInBNNs/runs/mlp512x1/deterministic/seed1_eps0p08_lam0p25.json,mlp512x1,deterministic,1,val,0.08,0.25,robust_eps0p08_lam0p25,0.08,all,predictive_entropy,pgd_failure,,0.9777777777777777,0.9111111111111112,-0.06666666666666654,0.9976122334455668,0.6842857142857143,-0.31332651915985255,0.9,0.1
/home/user/thesis/UncertaintyAndRobustnessInBNNs/runs/mlp512x1/deterministic/seed1_eps0p08_lam0p25.json,mlp512x1,deterministic,1,val,0.08,0.25,robust_eps0p08_lam0p25,0.08,all,predictive_entropy,certified_below_threshold,0.5,,0.9922480620155039,,,0.9166666666666665,,1.0,0.06521739130434782
/home/user/thesis/UncertaintyAndRobustnessInBNNs/runs/mlp512x1/deterministic/seed1_eps0p08_lam0p25.json,mlp512x1,deterministic,1,val,0.08,0.25,robust_eps0p08_lam0p25,0.08,all,predictive_entropy,certified_below_threshold,0.9,,0.9922480620155039,,,0.9166666666666665,,1.0,0.06521739130434782
/home/user/thesis/UncertaintyAndRobustnessInBNNs/runs/mlp512x1/deterministic/seed1_eps0p08_lam0p25.json,mlp512x1,deterministic,1,val,0.08,0.25,robust_eps0p08_lam0p25,0.08,clean_correct,predictive_entropy,pgd_failure,,0.9772727272727273,0.8666666666666667,-0.1106060606060606,0.9975042528655726,0.5222222222222223,-0.4752820306433504,0.8979591836734694,0.0625
/home/user/thesis/UncertaintyAndRobustnessInBNNs/runs/mlp512x1/deterministic/seed1_eps0p08_lam0p25.json,mlp512x1,deterministic,1,val,0.08,0.25,robust_eps0p08_lam0p25,0.08,clean_correct,predictive_entropy,certified_below_threshold,0.5,,1.0,,,1.0,,1.0,0.022727272727272728
/home/user/thesis/UncertaintyAndRobustnessInBNNs/runs/mlp512x1/deterministic/seed1_eps0p08_lam0p25.json,mlp512x1,deterministic,1,val,0.08,0.25,robust_eps0p08_lam0p25,0.08,clean_correct,predictive_entropy,certified_below_threshold,0.9,,1.0,,,1.0,,1.0,0.022727272727272728
/home/user/thesis/UncertaintyAndRobustnessInBNNs/runs/mlp512x1/deterministic/seed1_eps0p08_lam0p25.json,mlp512x1,deterministic,1,val,0.08,0.25,robust_eps0p08_lam0p25,0.1,all,expected_entropy,pgd_failure,,1.0,0.9111111111111112,-0.0888888888888888,1.0,0.6842857142857143,-0.3157142857142857,0.98,0.1
/home/user/thesis/UncertaintyAndRobustnessInBNNs/runs/mlp512x1/deterministic/seed1_eps0p08_lam0p25.json,mlp512x1,deterministic,1,val,0.08,0.25,robust_eps0p08_lam0p25,0.1,all,expected_entropy,certified_below_threshold,0.5,,0.9166666666666666,,,0.7541666666666667,,1.0,0.1
/home/user/thesis/UncertaintyAndRobustnessInBNNs/runs/mlp512x1/deterministic/seed1_eps0p08_lam0p25.json,mlp512x1,deterministic,1,val,0.08,0.25,robust_eps0p08_lam0p25,0.1,all,expected_entropy,certified_below_threshold,0.9,,0.9166666666666666,,,0.7541666666666667,,1.0,0.1
/home/user/thesis/UncertaintyAndRobustnessInBNNs/runs/mlp512x1/deterministic/seed1_eps0p08_lam0p25.json,mlp512x1,deterministic,1,val,0.08,0.25,robust_eps0p08_lam0p25,0.1,clean_correct,expected_entropy,pgd_failure,,1.0,0.8666666666666667,-0.1333333333333333,0.9999999999999999,0.5222222222222223,-0.47777777777777763,0.9795918367346939,0.0625
/home/user/thesis/UncertaintyAndRobustnessInBNNs/runs/mlp512x1/deterministic/seed1_eps0p08_lam0p25.json,mlp512x1,deterministic,1,val,0.08,0.25,robust_eps0p08_lam0p25,0.1,clean_correct,expected_entropy,certified_below_threshold,0.5,,0.8472222222222222,,,0.5769230769230769,,1.0,0.05263157894736842
/home/user/thesis/UncertaintyAndRobustnessInBNNs/runs/mlp512x1/deterministic/seed1_eps0p08_lam0p25.json,mlp512x1,deterministic,1,val,0.08,0.25,robust_eps0p08_lam0p25,0.1,clean_correct,expected_entropy,certified_below_threshold,0.9,,0.8472222222222222,,,0.5769230769230769,,1.0,0.05263157894736842
/home/user/thesis/UncertaintyAndRobustnessInBNNs/runs/mlp512x1/deterministic/seed1_eps0p08_lam0p25.json,mlp512x1,deterministic,1,val,0.08,0.25,robust_eps0p08_lam0p25,0.1,all,mutual_information,pgd_failure,,0.4489795918367347,0.20444444444444446,-0.24453514739229024,0.9843895137297431,0.08766233766233766,-0.8967271760674055,0.98,0.1
/home/user/thesis/UncertaintyAndRobustnessInBNNs/runs/mlp512x1/deterministic/seed1_eps0p08_lam0p25.json,mlp512x1,deterministic,1,val,0.08,0.25,robust_eps0p08_lam0p25,0.1,all,mutual_information,certified_below_threshold,0.5,,0.2569444444444444,,,0.12152255639097745,,1.0,0.1
/home/user/thesis/UncertaintyAndRobustnessInBNNs/runs/mlp512x1/deterministic/seed1_eps0p08_lam0p25.json,mlp512x1,deterministic,1,val,0.08,0.25,robust_eps0p08_lam0p25,0.1,all,mutual_information,certified_below_threshold,0.9,,0.2569444444444444,,,0.12152255639097745,,1.0,0.1
/home/user/thesis/UncertaintyAndRobustnessInBNNs/runs/mlp512x1/deterministic/seed1_eps0p08_lam0p25.json,mlp512x1,deterministic,1,val,0.08,0.25,robust_eps0p08_lam0p25,0.1,clean_correct,mutual_information,pgd_failure,,0.4375,0.05185185185185185,-0.38564814814814813,0.983575164830997,0.04418004888069213,-0.9393951159503049,0.9795918367346939,0.0625
/home/user/thesis/UncertaintyAndRobustnessInBNNs/runs/mlp512x1/deterministic/seed1_eps0p08_lam0p25.json,mlp512x1,deterministic,1,val,0.08,0.25,robust_eps0p08_lam0p25,0.1,clean_correct,mutual_information,certified_below_threshold,0.5,,0.05555555555555558,,,0.04173290937996821,,1.0,0.05263157894736842
/home/user/thesis/UncertaintyAndRobustnessInBNNs/runs/mlp512x1/deterministic/seed1_eps0p08_lam0p25.json,mlp512x1,deterministic,1,val,0.08,0.25,robust_eps0p08_lam0p25,0.1,clean_correct,mutual_information,certified_below_threshold,0.9,,0.05555555555555558,,,0.04173290937996821,,1.0,0.05263157894736842
/home/user/thesis/UncertaintyAndRobustnessInBNNs/runs/mlp512x1/deterministic/seed1_eps0p08_lam0p25.json,mlp512x1,deterministic,1,val,0.08,0.25,robust_eps0p08_lam0p25,0.1,all,one_minus_confidence,pgd_failure,,0.7755102040816326,0.9111111111111112,0.13560090702947858,0.9910204081632654,0.6842857142857143,-0.30673469387755115,0.98,0.1
/home/user/thesis/UncertaintyAndRobustnessInBNNs/runs/mlp512x1/deterministic/seed1_eps0p08_lam0p25.json,mlp512x1,deterministic,1,val,0.08,0.25,robust_eps0p08_lam0p25,0.1,all,one_minus_confidence,certified_below_threshold,0.5,,0.9166666666666666,,,0.7541666666666667,,1.0,0.1
/home/user/thesis/UncertaintyAndRobustnessInBNNs/runs/mlp512x1/deterministic/seed1_eps0p08_lam0p25.json,mlp512x1,deterministic,1,val,0.08,0.25,robust_eps0p08_lam0p25,0.1,all,one_minus_confidence,certified_below_threshold,0.9,,0.9166666666666666,,,0.7541666666666667,,1.0,0.1
/home/user/thesis/UncertaintyAndRobustnessInBNNs/runs/mlp512x1/deterministic/seed1_eps0p08_lam0p25.json,mlp512x1,deterministic,1,val,0.08,0.25,robust_eps0p08_lam0p25,0.1,clean_correct,one_minus_confidence,pgd_failure,,0.7708333333333333,0.8666666666666667,0.09583333333333344,0.9906462585034014,0.5222222222222221,-0.46842403628117923,0.9795918367346939,0.0625
/home/user/thesis/UncertaintyAndRobustnessInBNNs/runs/mlp512x1/deterministic/seed1_eps0p08_lam0p25.json,mlp512x1,deterministic,1,val,0.08,0.25,robust_eps0p08_lam0p25,0.1,clean_correct,one_minus_confidence,certified_below_threshold,0.5,,0.8472222222222223,,,0.5769230769230769,,1.0,0.05263157894736842
/home/user/thesis/UncertaintyAndRobustnessInBNNs/runs/mlp512x1/deterministic/seed1_eps0p08_lam0p25.json,mlp512x1,deterministic,1,val,0.08,0.25,robust_eps0p08_lam0p25,0.1,clean_correct,one_minus_confidence,certified_below_threshold,0.9,,0.8472222222222223,,,0.5769230769230769,,1.0,0.05263157894736842
/home/user/thesis/UncertaintyAndRobustnessInBNNs/runs/mlp512x1/deterministic/seed1_eps0p08_lam0p25.json,mlp512x1,deterministic,1,val,0.08,0.25,robust_eps0p08_lam0p25,0.1,all,predictive_entropy,pgd_failure,,1.0,0.9111111111111112,-0.0888888888888888,1.0,0.6842857142857143,-0.3157142857142857,0.98,0.1
/home/user/thesis/UncertaintyAndRobustnessInBNNs/runs/mlp512x1/deterministic/seed1_eps0p08_lam0p25.json,mlp512x1,deterministic,1,val,0.08,0.25,robust_eps0p08_lam0p25,0.1,all,predictive_entropy,certified_below_threshold,0.5,,0.9166666666666666,,,0.7541666666666667,,1.0,0.1
/home/user/thesis/UncertaintyAndRobustnessInBNNs/runs/mlp512x1/deterministic/seed1_eps0p08_lam0p25.json,mlp512x1,deterministic,1,val,0.08,0.25,robust_eps0p08_lam0p25,0.1,all,predictive_entropy,certified_below_threshold,0.9,,0.9166666666666666,,,0.7541666666666667,,1.0,0.1
/home/user/thesis/UncertaintyAndRobustnessInBNNs/runs/mlp512x1/deterministic/seed1_eps0p08_lam0p25.json,mlp512x1,deterministic,1,val,0.08,0.25,robust_eps0p08_lam0p25,0.1,clean_correct,predictive_entropy,pgd_failure,,1.0,0.8666666666666667,-0.1333333333333333,0.9999999999999999,0.5222222222222223,-0.47777777777777763,0.9795918367346939,0.0625
/home/user/thesis/UncertaintyAndRobustnessInBNNs/runs/mlp512x1/deterministic/seed1_eps0p08_lam0p25.json,mlp512x1,deterministic,1,val,0.08,0.25,robust_eps0p08_lam0p25,0.1,clean_correct,predictive_entropy,certified_below_threshold,0.5,,0.8472222222222222,,,0.5769230769230769,,1.0,0.05263157894736842
/home/user/thesis/UncertaintyAndRobustnessInBNNs/runs/mlp512x1/deterministic/seed1_eps0p08_lam0p25.json,mlp512x1,deterministic,1,val,0.08,0.25,robust_eps0p08_lam0p25,0.1,clean_correct,predictive_entropy,certified_below_threshold,0.9,,0.8472222222222222,,,0.5769230769230769,,1.0,0.05263157894736842
/home/user/thesis/UncertaintyAndRobustnessInBNNs/runs/mlp512x1/deterministic/seed2_eps0p08_lam0p25.json,mlp512x1,deterministic,2,val,0.08,0.25,robust_eps0p08_lam0p25,0.01,all,expected_entropy,pgd_failure,,0.9895833333333333,0.8958333333333333,-0.09375,0.8333333333333333,0.5833333333333334,-0.2499999999999999,0.04,0.04
/home/user/thesis/UncertaintyAndRobustnessInBNNs/runs/mlp512x1/deterministic/seed2_eps0p08_lam0p25.json,mlp512x1,deterministic,2,val,0.08,0.25,robust_eps0p08_lam0p25,0.01,all,expected_entropy,certified_below_threshold,0.5,1.0,0.8958333333333333,-0.10416666666666674,1.0,0.5833333333333334,-0.41666666666666663,0.041666666666666664,0.04
/home/user/thesis/UncertaintyAndRobustnessInBNNs/runs/mlp512x1/deterministic/seed2_eps0p08_lam0p25.json,mlp512x1,deterministic,2,val,0.08,0.25,robust_eps0p08_lam0p25,0.01,all,expected_entropy,certified_below_threshold,0.9,1.0,0.8958333333333333,-0.10416666666666674,1.0,0.5833333333333334,-0.41666666666666663,0.041666666666666664,0.04
/home/user/thesis/UncertaintyAndRobustnessInBNNs/runs/mlp512x1/deterministic/seed2_eps0p08_lam0p25.json,mlp512x1,deterministic,2,val,0.08,0.25,robust_eps0p08_lam0p25,0.01,clean_correct,expected_entropy,pgd_failure,,,,,,,,0.0,0.0
/home/user/thesis/UncertaintyAndRobustnessInBNNs/runs/mlp512x1/deterministic/seed2_eps0p08_lam0p25.json,mlp512x1,deterministic,2,val,0.08,0.25,robust_eps0p08_lam0p25,0.01,clean_correct,expected_entropy,certified_below_threshold,0.5,,,,,,,0.0,0.0
/home/user/thesis/UncertaintyAndRobustnessInBNNs/runs/mlp512x1/deterministic/seed2_eps0p08_lam0p25.json,mlp512x1,deterministic,2,val,0.08,0.25,robust_eps0p08_lam0p25,0.01,clean_correct,expected_entropy,certified_below_threshold,0.9,,,,,,,0.0,0.0
/home/user/thesis/UncertaintyAndRobustnessInBNNs/runs/mlp512x1/deterministic/seed2_eps0p08_lam0p25.json,mlp512x1,deterministic,2,val,0.08,0.25,robust_eps0p08_lam0p25,0.01,all,mutual_information,pgd_failure,,0.59375,0.5833333333333333,-0.01041666666666674,0.1513157894736842,0.19166666666666665,0.04035087719298244,0.04,0.04
/home/user/thesis/UncertaintyAndRobustnessInBNNs/runs/mlp512x1/deterministic/seed2_eps0p08_lam0p25.json,mlp512x1,deterministic,2,val,0.08,0.25,robust_eps0p08_lam0p25,0.01,all,mutual_information,certified_below_threshold,0.5,0.6086956521739131,0.5833333333333333,-0.025362318840579823,0.19444444444444442,0.19166666666666665,-0.002777777777777768,0.041666666666666664,0.04
/home/user/thesis/UncertaintyAndRobustnessInBNNs/runs/mlp512x1/deterministic/seed2_eps0p08_lam0p25.json,mlp512x1,deterministic,2,val,0.08,0.25,robust_eps0p08_lam0p25,0.01,all,mutual_information,certified_below_threshold,0.9,0.6086956521739131,0.5833333333333333,-0.025362318840579823,0.19444444444444442,0.19166666666666665,-0.002777777777777768,0.041666666666666664,0.04
/home/user/thesis/UncertaintyAndRobustnessInBNNs/runs/mlp512x1/deterministic/seed2_eps0p08_lam0p25.json,mlp512x1,deterministic,2,val,0.08,0.25,robust_eps0p08_lam0p25,0.01,clean_correct,mutual_information,pgd_failure,,,,,,,,0.0,0.0
/home/user/thesis/UncertaintyAndRobustnessInBNNs/runs/mlp512x1/deterministic/seed2_eps0p08_lam0p25.json,mlp512x1,deterministic,2,val,0.08,0.25,robust_eps0p08_lam0p25,0.01,clean_correct,mutual_information,certified_below_threshold,0.5,,,,,,,0.0,0.0
/home/user/thesis/UncertaintyAndRobustnessInBNNs/runs/mlp512x1/deterministic/seed2_eps0p08_lam0p25.json,mlp512x1,deterministic,2,val,0.08,0.25,robust_eps0p08_lam0p25,0.01,clean_correct,mutual_information,certified_below_threshold,0.9,,,,,,,0.0,0.0
/home/user/thesis/UncertaintyAndRobustnessInBNNs/runs/mlp512x1/deterministic/seed2_eps0p08_lam0p25.json,mlp512x1,deterministic,2,val,0.08,0.25,robust_eps0p08_lam0p25,0.01,all,one_minus_confidence,pgd_failure,,0.9895833333333333,0.8958333333333333,-0.09375,0.8333333333333333,0.5833333333333334,-0.2499999999999999,0.04,0.04
/home/user/thesis/UncertaintyAndRobustnessInBNNs/runs/mlp512x1/deterministic/seed2_eps0p08_lam0p25.json,mlp512x1,deterministic,2,val,0.08,0.25,robust_eps0p08_lam0p25,0.01,all,one_minus_confidence,certified_below_threshold,0.5,1.0,0.8958333333333333,-0.10416666666666674,1.0,0.5833333333333334,-0.41666666666666663,0.041666666666666664,0.04
/home/user/thesis/UncertaintyAndRobustnessInBNNs/runs/mlp512x1/deterministic/seed2_eps0p08_lam0p25.json,mlp512x1,deterministic,2,val,0.08,0.25,robust_eps0p08_lam0p25,0.01,all,one_minus_confidence,certified_below_threshold,0.9,1.0,0.8958333333333333,-0.10416666666666674,1.0,0.5833333333333334,-0.41666666666666663,0.041666666666666664,0.04
/home/user/thesis/UncertaintyAndRobustnessInBNNs/runs/mlp512x1/deterministic/seed2_eps0p08_lam0p25.json,mlp512x1,deterministic,2,val,0.08,0.25,robust_eps0p08_lam0p25,0.01,clean_correct,one_minus_confidence,pgd_failure,,,,,,,,0.0,0.0
/home/user/thesis/UncertaintyAndRobustnessInBNNs/runs/mlp512x1/deterministic/seed2_eps0p08_lam0p25.json,mlp512x1,deterministic,2,val,0.08,0.25,robust_eps0p08_lam0p25,0.01,clean_correct,one_minus_confidence,certified_below_threshold,0.5,,,,,,,0.0,0.0
/home/user/thesis/UncertaintyAndRobustnessInBNNs/runs/mlp512x1/deterministic/seed2_eps0p08_lam0p25.json,mlp512x1,deterministic,2,val,0.08,0.25,robust_eps0p08_lam0p25,0.01,clean_correct,one_minus_confidence,certified_below_threshold,0.9,,,,,,,0.0,0.0
/home/user/thesis/UncertaintyAndRobustnessInBNNs/runs/mlp512x1/deterministic/seed2_eps0p08_lam0p25.json,mlp512x1,deterministic,2,val,0.08,0.25,robust_eps0p08_lam0p25,0.01,all,predictive_entropy,pgd_failure,,0.9895833333333333,0.8958333333333333,-0.09375,0.8333333333333333,0.5833333333333334,-0.2499999999999999,0.04,0.04
/home/user/thesis/UncertaintyAndRobustnessInBNNs/runs/mlp512x1/deterministic/seed2_eps0p08_lam0p25.json,mlp512x1,deterministic,2,val,0.08,0.25,robust_eps0p08_lam0p25,0.01,all,predictive_entropy,certified_below_threshold,0.5,1.0,0.8958333333333333,-0.10416666666666674,1.0,0.5833333333333334,-0.41666666666666663,0.041666666666666664,0.04
/home/user/thesis/UncertaintyAndRobustnessInBNNs/runs/mlp512x1/deterministic/seed2_eps0p08_lam0p25.json,mlp512x1,deterministic,2,val,0.08,0.25,robust_eps0p08_lam0p25,0.01,all,predictive_entropy,certified_below_threshold,0.9,1.0,0.8958333333333333,-0.10416666666666674,1.0,0.5833333333333334,-0.41666666666666663,0.041666666666666664,0.04
/home/user/thesis/UncertaintyAndRobustnessInBNNs/runs/mlp512x1/deterministic/seed2_eps0p08_lam0p25.json,mlp512x1,deterministic,2,val,0.08,0.25,robust_eps0p08_lam0p25,0.01,clean_correct,predictive_entropy,pgd_failure,,,,,,,,0.0,0.0
/home/user/thesis/UncertaintyAndRobustnessInBNNs/runs/mlp512x1/deterministic/seed2_eps0p08_lam0p25.json,mlp512x1,deterministic,2,val,0.08,0.25,robust_eps0p08_lam0p25,0.01,clean_correct,predictive_entropy,certified_below_threshold,0.5,,,,,,,0.0,0.0
/home/user/thesis/UncertaintyAndRobustnessInBNNs/runs/mlp512x1/deterministic/seed2_eps0p08_lam0p25.json,mlp512x1,deterministic,2,val,0.08,0.25,robust_eps0p08_lam0p25,0.01,clean_correct,predictive_entropy,certified_below_threshold,0.9,,,,,,,0.0,0.0
/home/user/thesis/UncertaintyAndRobustnessInBNNs/runs/mlp512x1/deterministic/seed2_eps0p08_lam0p25.json,mlp512x1,deterministic,2,val,0.08,0.25,robust_eps0p08_lam0p25,0.05,all,expected_entropy,pgd_failure,,0.932367149758454,0.9361702127659575,0.0038030630075034377,0.9348435167677442,0.75,-0.18484351676774424,0.46,0.06
/home/user/thesis/UncertaintyAndRobustnessInBNNs/runs/mlp512x1/deterministic/seed2_eps0p08_lam0p25.json,mlp512x1,deterministic,2,val,0.08,0.25,robust_eps0p08_lam0p25,0.05,all,expected_entropy,certified_below_threshold,0.5,1.0,0.9361702127659575,-0.06382978723404253,1.0,0.75,-0.25,0.9583333333333334,0.06
/home/user/thesis/UncertaintyAndRobustnessInBNNs/runs/mlp512x1/deterministic/seed2_eps0p08_lam0p25.json,mlp512x1,deterministic,2,val,0.08,0.25,robust_eps0p08_lam0p25,0.05,all,expected_entropy,certified_below_threshold,0.9,1.0,0.9361702127659575,-0.06382978723404253,1.0,0.75,-0.25,0.9583333333333334,0.06
/home/user/thesis/UncertaintyAndRobustnessInBNNs/runs/mlp512x1/deterministic/seed2_eps0p08_lam0p25.json,mlp512x1,deterministic,2,val,0.08,0.25,robust_eps0p08_lam0p25,0.05,clean_correct,expected_entropy,pgd_failure,,0.9259259259259258,1.0,0.07407407407407418,0.9227764248653074,1.0,0.07722357513469258,0.4375,0.020833333333333332
/home/user/thesis/UncertaintyAndRobustnessInBNNs/runs/mlp512x1/deterministic/seed2_eps0p08_lam0p25.json,mlp512x1,deterministic,2,val,0.08,0.25,robust_eps0p08_lam0p25,0.05,clean_correct,expected_entropy,certified_below_threshold,0.5,1.0,1.0,0.0,1.0000000000000002,1.0,-2.220446049250313e-16,0.9545454545454546,0.020833333333333332
/home/user/thesis/UncertaintyAndRobustnessInBNNs/runs/mlp512x1/deterministic/seed2_eps0p08_lam0p25.json,mlp512x1,deterministic,2,val,0.08,0.25,robust_eps0p08_lam0p25,0.05,clean_correct,expected_entropy,certified_below_threshold,0.9,1.0,1.0,0.0,1.0000000000000002,1.0,-2.220446049250313e-16,0.9545454545454546,0.020833333333333332
/home/user/thesis/UncertaintyAndRobustnessInBNNs/runs/mlp512x1/deterministic/seed2_eps0p08_lam0p25.json,mlp512x1,deterministic,2,val,0.08,0.25,robust_eps0p08_lam0p25,0.05,all,mutual_information,pgd_failure,,0.5539452495974235,0.46808510638297873,-0.0858601432144448,0.6245569226381653,0.1536549707602339,-0.4709019518779314,0.46,0.06
/home/user/thesis/UncertaintyAndRobustnessInBNNs/runs/mlp512x1/deterministic/seed2_eps0p08_lam0p25.json,mlp512x1,deterministic,2,val,0.08,0.25,robust_eps0p08_lam0p25,0.05,all,mutual_information,certified_below_threshold,0.5,0.5217391304347826,0.46808510638297873,-0.05365402405180386,0.9740945903208804,0.1536549707602339,-0.8204396195606465,0.9583333333333334,0.06
/home/user/thesis/UncertaintyAndRobustnessInBNNs/runs/mlp512x1/deterministic/seed2_eps0p08_lam0p25.json,mlp512x1,deterministic,2,val,0.08,0.25,robust_eps0p08_lam0p25,0.05,all,mutual_information,certified_below_threshold,0.9,0.5217391304347826,0.46808510638297873,-0.05365402405180386,0.9740945903208804,0.1536549707602339,-0.8204396195606465,0.9583333333333334,0.06
/home/user/thesis/UncertaintyAndRobustnessInBNNs/runs/mlp512x1/deterministic/seed2_eps0p08_lam0p25.json,mlp512x1,deterministic,2,val,0.08,0.25,robust_eps0p08_lam0p25,0.05,clean_correct,mutual_information,pgd_failure,,0.5537918871252205,0.23404255319148937,-0.3197493339337312,0.6088867450825189,0.02702702702702703,-0.5818597180554919,0.4375,0.020833333333333332
/home/user/thesis/UncertaintyAndRobustnessInBNNs/runs/mlp512x1/deterministic/seed2_eps0p08_lam0p25.json,mlp512x1,deterministic,2,val,0.08,0.25,robust_eps0p08_lam0p25,0.05,clean_correct,mutual_information,certified_below_threshold,0.5,0.5238095238095238,0.23404255319148937,-0.28976697061803447,0.9720189251425433,0.02702702702702703,-0.9449918981155163,0.9545454545454546,0.020833333333333332
/home/user/thesis/UncertaintyAndRobustnessInBNNs/runs/mlp512x1/deterministic/seed2_eps0p08_lam0p25.json,mlp512x1,deterministic,2,val,0.08,0.25,robust_eps0p08_lam0p25,0.05,clean_correct,mutual_information,certified_below_threshold,0.9,0.5238095238095238,0.23404255319148937,-0.28976697061803447,0.9720189251425433,0.02702702702702703,-0.9449918981155163,0.9545454545454546,0.020833333333333332
/home/user/thesis/UncertaintyAndRobustnessInBNNs/runs/mlp512x1/deterministic/seed2_eps0p08_lam0p25.json,mlp512x1,deterministic,2,val,0.08,0.25,robust_eps0p08_lam0p25,0.05,all,one_minus_confidence,pgd_failure,,0.9106280193236715,0.9361702127659575,0.02554219344228592,0.9089894468986539,0.75,-0.1589894468986539,0.46,0.06
/home/user/thesis/UncertaintyAndRobustnessInBNNs/runs/mlp512x1/deterministic/seed2_eps0p08_lam0p25.json,mlp512x1,deterministic,2,val,0.08,0.25,robust_eps0p08_lam0p25,0.05,all,one_minus_confidence,certified_below_threshold,0.5,0.9565217391304348,0.9361702127659575,-0.020351526364477346,0.9963768115942027,0.75,-0.24637681159420266,0.9583333333333334,0.06
/home/user/thesis/UncertaintyAndRobustnessInBNNs/runs/mlp512x1/deterministic/seed2_eps0p08_lam0p25.json,mlp512x1,deterministic,2,val,0.08,0.25,robust_eps0p08_lam0p25,0.05,all,one_minus_confidence,certified_below_threshold,0.9,0.9565217391304348,0.9361702127659575,-0.020351526364477346,0.9963768115942027,0.75,-0.24637681159420266,0.9583333333333334,0.06
/home/user/thesis/UncertaintyAndRobustnessInBNNs/runs/mlp512x1/deterministic/seed2_eps0p08_lam0p25.json,mlp512x1,deterministic,2,val,0.08,0.25,robust_eps0p08_lam0p25,0.05,clean_correct,one_minus_confidence,pgd_failure,,0.9021164021164022,1.0,0.0978835978835978,0.8938303099017388,1.0,0.10616969009826116,0.4375,0.020833333333333332
/home/user/thesis/UncertaintyAndRobustnessInBNNs/runs/mlp512x1/deterministic/seed2_eps0p08_lam0p25.json,mlp512x1,deterministic,2,val,0.08,0.25,robust_eps0p08_lam0p25,0.05,clean_correct,one_minus_confidence,certified_below_threshold,0.5,0.9523809523809523,1.0,0.04761904761904767,0.9956709956709957,1.0,0.0043290043290042934,0.9545454545454546,0.020833333333333332
/home/user/thesis/UncertaintyAndRobustnessInBNNs/runs/mlp512x1/deterministic/seed2_eps0p08_lam0p25.json,mlp512x1,deterministic,2,val,0.08,0.25,robust_eps0p08_lam0p25,0.05,clean_correct,one_minus_confidence,certified_below_threshold,0.9,0.9523809523809523,1.0,0.04761904761904767,0.9956709956709957,1.0,0.0043290043290042934,0.9545454545454546,0.020833333333333332
/home/user/thesis/UncertaintyAndRobustnessInBNNs/runs/mlp512x1/deterministic/seed2_eps0p08_lam0p25.json,mlp512x1,deterministic,2,val,0.08,0.25,robust_eps0p08_lam0p25,0.05,all,predictive_entropy,pgd_failure,,0.932367149758454,0.9361702127659575,0.0038030630075034377,0.9348435167677442,0.75,-0.18484351676774424,0.46,0.06
/home/user/thesis/UncertaintyAndRobustnessInBNNs/runs/mlp512x1/deterministic/seed2_eps0p08_lam0p25.json,mlp512x1,deterministic,2,val,0.08,0.25,robust_eps0p08_lam0p25,0.05,all,predictive_entropy,certified_below_threshold,0.5,1.0,0.9361702127659575,-0.06382978723404253,1.0,0.75,-0.25,0.9583333333333334,0.06
/home/user/thesis/UncertaintyAndRobustnessInBNNs/runs/mlp512x1/deterministic/seed2_eps0p08_lam0p25.json,mlp512x1,deterministic,2,val,0.08,0.25,robust_eps0p08_lam0p25,0.05,all,predictive_entropy,certified_below_threshold,0.9,1.0,0.9361702127659575,-0.06382978723404253,1.0,0.75,-0.25,0.9583333333333334,0.06
/home/user/thesis/UncertaintyAndRobustnessInBNNs/runs/mlp512x1/deterministic/seed2_eps0p08_lam0p25.json,mlp512x1,deterministic,2,val,0.08,0.25,robust_eps0p08_lam0p25,0.05,clean_correct,predictive_entropy,pgd_failure,,0.9259259259259258,1.0,0.07407407407407418,0.9227764248653074,1.0,0.07722357513469258,0.4375,0.020833333333333332
/home/user/thesis/UncertaintyAndRobustnessInBNNs/runs/mlp512x1/deterministic/seed2_eps0p08_lam0p25.json,mlp512x1,deterministic,2,val,0.08,0.25,robust_eps0p08_lam0p25,0.05,clean_correct,predictive_entropy,certified_below_threshold,0.5,1.0,1.0,0.0,1.0000000000000002,1.0,-2.220446049250313e-16,0.9545454545454546,0.020833333333333332
/home/user/thesis/UncertaintyAndRobustnessInBNNs/runs/mlp512x1/deterministic/seed2_eps0p08_lam0p25.json,mlp512x1,deterministic,2,val,0.08,0.25,robust_eps0p08_lam0p25,0.05,clean_correct,predictive_entropy,certified_below_threshold,0.9,1.0,1.0,0.0,1.0000000000000002,1.0,-2.220446049250313e-16,0.9545454545454546,0.020833333333333332
/home/user/thesis/UncertaintyAndRobustnessInBNNs/runs/mlp512x1/deterministic/seed2_eps0p08_lam0p25.json,mlp512x1,deterministic,2,val,0.08,0.25,robust_eps0p08_lam0p25,0.07,all,expected_entropy,pgd_failure,,0.8793859649122807,0.9361702127659575,0.05678424785367675,0.9545165024050146,0.75,-0.20451650240501462,0.76,0.06
/home/user/thesis/UncertaintyAndRobustnessInBNNs/runs/mlp512x1/deterministic/seed2_eps0p08_lam0p25.json,mlp512x1,deterministic,2,val,0.08,0.25,robust_eps0p08_lam0p25,0.07,all,expected_entropy,certified_below_threshold,0.5,,0.9361702127659575,,,0.75,,1.0,0.06
/home/user/thesis/UncertaintyAndRobustnessInBNNs/runs/mlp512x1/deterministic/seed2_eps0p08_lam0p25.json,mlp512x1,deterministic,2,val,0.08,0.25,robust_eps0p08_lam0p25,0.07,all,expected_entropy,certified_below_threshold,0.9,,0.9361702127659575,,,0.75,,1.0,0.06
/home/user/thesis/UncertaintyAndRobustnessInBNNs/runs/mlp512x1/deterministic/seed2_eps0p08_lam0p25.json,mlp512x1,deterministic,2,val,0.08,0.25,robust_eps0p08_lam0p25,0.07,clean_correct,expected_entropy,pgd_failure,,0.8726851851851851,1.0,0.12731481481481488,0.9483899853934078,1.0,0.0516100146065922,0.75,0.020833333333333332
/home/user/thesis/UncertaintyAndRobustnessInBNNs/runs/mlp512x1/deterministic/seed2_eps0p08_lam0p25.json,mlp512x1,deterministic,2,val,0.08,0.25,robust_eps0p08_lam0p25,0.07,clean_correct,expected_entropy,certified_below_threshold,0.5,,1.0,,,1.0,,1.0,0.020833333333333332
/home/user/thesis/UncertaintyAndRobustnessInBNNs/runs/mlp512x1/deterministic/seed2_eps0p08_lam0p25.json,mlp512x1,deterministic,2,val,0.08,0.25,robust_eps0p08_lam0p25,0.07,clean_correct,expected_entropy,certified_below_threshold,0.9,,1.0,,,1.0,,1.0,0.020833333333333332
/home/user/thesis/UncertaintyAndRobustnessInBNNs/runs/mlp512x1/deterministic/seed2_eps0p08_lam0p25.json,mlp512x1,deterministic,2,val,0.08,0.25,robust_eps0p08_lam0p25,0.07,all,mutual_information,pgd_failure,,0.42324561403508776,0.46808510638297873,0.044839492347890975,0.7652121374261626,0.1536549707602339,-0.6115571666659286,0.76,0.06
/home/user/thesis/UncertaintyAndRobustnessInBNNs/runs/mlp512x1/deterministic/seed2_eps0p08_lam0p25.json,mlp512x1,deterministic,2,val,0.08,0.25,robust_eps0p08_lam0p25,0.07,all,mutual_information,certified_below_threshold,0.5,,0.46808510638297873,,,0.1536549707602339,,1.0,0.06
/home/user/thesis/UncertaintyAndRobustnessInBNNs/runs/mlp512x1/deterministic/seed2_eps0p08_lam0p25.json,mlp512x1,deterministic,2,val,0.08,0.25,robust_eps0p08_lam0p25,0.07,all,mutual_information,certified_below_threshold,0.9,,0.46808510638297873,,,0.1536549707602339,,1.0,0.06
/home/user/thesis/UncertaintyAndRobustnessInBNNs/runs/mlp512x1/deterministic/seed2_eps0p08_lam0p25.json,mlp512x1,deterministic,2,val,0.08,0.25,robust_eps0p08_lam0p25,0.07,clean_correct,mutual_information,pgd_failure,,0.4212962962962963,0.23404255319148937,-0.1872537431048069,0.7555738004462847,0.02702702702702703,-0.7285467734192577,0.75,0.020833333333333332
/home/user/thesis/UncertaintyAndRobustnessInBNNs/runs/mlp512x1/deterministic/seed2_eps0p08_lam0p25.json,mlp512x1,deterministic,2,val,0.08,0.25,robust_eps0p08_lam0p25,0.07,clean_correct,mutual_information,certified_below_threshold,0.5,,0.23404255319148937,,,0.02702702702702703,,1.0,0.020833333333333332
/home/user/thesis/UncertaintyAndRobustnessInBNNs/runs/mlp512x1/deterministic/seed2_eps0p08_lam0p25.json,mlp512x1,deterministic,2,val,0.08,0.25,robust_eps0p08_lam0p25,0.07,clean_correct,mutual_information,certified_below_threshold,0.9,,0.23404255319148937,,,0.02702702702702703,,1.0,0.020833333333333332
/home/user/thesis/UncertaintyAndRobustnessInBNNs/runs/mlp512x1/deterministic/seed2_eps0p08_lam0p25.json,mlp512x1,deterministic,2,val,0.08,0.25,robust_eps0p08_lam0p25,0.07,all,one_minus_confidence,pgd_failure,,0.8081140350877193,0.9361702127659575,0.12805617767823818,0.9148258067182214,0.75,-0.16482580671822145,0.76,0.06
/home/user/thesis/UncertaintyAndRobustnessInBNNs/runs/mlp512x1/deterministic/seed2_eps0p08_lam0p25.json,mlp512x1,deterministic,2,val,0.08,0.25,robust_eps0p08_lam0p25,0.07,all,one_minus_confidence,certified_below_threshold,0.5,,0.9361702127659575,,,0.75,,1.0,0.06
/home/user/thesis/UncertaintyAndRobustnessInBNNs/runs/mlp512x1/deterministic/seed2_eps0p08_lam0p25.json,mlp512x1,deterministic,2,val,0.08,0.25,robust_eps0p08_lam0p25,0.07,all,one_minus_confidence,certified_below_threshold,0.9,,0.9361702127659575,,,0.75,,1.0,0.06
/home/user/thesis/UncertaintyAndRobustnessInBNNs/runs/mlp512x1/deterministic/seed2_eps0p08_lam0p25.json,mlp512x1,deterministic,2,val,0.08,0.25,robust_eps0p08_lam0p25,0.07,clean_correct,one_minus_confidence,pgd_failure,,0.7974537037037038,1.0,0.20254629629629617,0.9051572797735079,1.0,0.0948427202264921,0.75,0.020833333333333332
/home/user/thesis/UncertaintyAndRobustnessInBNNs/runs/mlp512x1/deterministic/seed2_eps0p08_lam0p25.json,mlp512x1,deterministic,2,val,0.08,0.25,robust_eps0p08_lam0p25,0.07,clean_correct,one_minus_confidence,certified_below_threshold,0.5,,1.0,,,1.0,,1.0,0.020833333333333332
/home/user/thesis/UncertaintyAndRobustnessInBNNs/runs/mlp512x1/deterministic/seed2_eps0p08_lam0p25.json,mlp512x1,deterministic,2,val,0.08,0.25,robust_eps0p08_lam0p25,0.07,clean_correct,one_minus_confidence,certified_below_threshold,0.9,,1.0,,,1.0,,1.0,0.020833333333333332
/home/user/thesis/UncertaintyAndRobustnessInBNNs/runs/mlp512x1/deterministic/seed2_eps0p08_lam0p25.json,mlp512x1,deterministic,2,val,0.08,0.25,robust_eps0p08_lam0p25,0.07,all,predictive_entropy,pgd_failure,,0.8793859649122807,0.9361702127659575,0.05678424785367675,0.9545165024050146,0.75,-0.20451650240501462,0.76,0.06
/home/user/thesis/UncertaintyAndRobustnessInBNNs/runs/mlp512x1/deterministic/seed2_eps0p08_lam0p25.json,mlp512x1,deterministic,2,val,0.08,0.25,robust_eps0p08_lam0p25,0.07,all,predictive_entropy,certified_below_threshold,0.5,,0.9361702127659575,,,0.75,,1.0,0.06
/home/user/thesis/UncertaintyAndRobustnessInBNNs/runs/mlp512x1/deterministic/seed2_eps0p08_lam0p25.json,mlp512x1,deterministic,2,val,0.08,0.25,robust_eps0p08_lam0p25,0.07,all,predictive_entropy,certified_below_threshold,0.9,,0.9361702127659575,,,0.75,,1.0,0.06
/home/user/thesis/UncertaintyAndRobustnessInBNNs/runs/mlp512x1/deterministic/seed2_eps0p08_lam0p25.json,mlp512x1,deterministic,2,val,0.08,0.25,robust_eps0p08_lam0p25,0.07,clean_correct,predictive_entropy,pgd_failure,,0.8726851851851851,1.0,0.12731481481481488,0.9483899853934078,1.0,0.0516100146065922,0.75,0.020833333333333332
/home/user/thesis/UncertaintyAndRobustnessInBNNs/runs/mlp512x1/deterministic/seed2_eps0p08_lam0p25.json,mlp512x1,deterministic,2,val,0.08,0.25,robust_eps0p08_lam0p25,0.07,clean_correct,predictive_entropy,certified_below_threshold,0.5,,1.0,,,1.0,,1.0,0.020833333333333332
/home/user/thesis/UncertaintyAndRobustnessInBNNs/runs/mlp512x1/deterministic/seed2_eps0p08_lam0p25.json,mlp512x1,deterministic,2,val,0.08,0.25,robust_eps0p08_lam0p25,0.07,clean_correct,predictive_entropy,certified_below_threshold,0.9,,1.0,,,1.0,,1.0,0.020833333333333332
/home/user/thesis/UncertaintyAndRobustnessInBNNs/runs/mlp512x1/deterministic/seed2_eps0p08_lam0p25.json,mlp512x1,deterministic,2,val,0.08,0.25,robust_eps0p08_lam0p25,0.08,all,expected_entropy,pgd_failure,,0.9523809523809523,0.9361702127659575,-0.016210739614994862,0.9905634906412162,0.75,-0.24056349064121618,0.84,0.06
/home/user/thesis/UncertaintyAndRobustnessInBNNs/runs/mlp512x1/deterministic/seed2_eps0p08_lam0p25.json,mlp512x1,deterministic,2,val,0.08,0.25,robust_eps0p08_lam0p25,0.08,all,expected_entropy,certified_below_threshold,0.5,,0.9361702127659575,,,0.75,,1.0,0.06
/home/user/thesis/UncertaintyAndRobustnessInBNNs/runs/mlp512x1/deterministic/seed2_eps0p08_lam0p25.json,mlp512x1,deterministic,2,val,0.08,0.25,robust_eps0p08_lam0p25,0.08,all,expected_entropy,certified_below_threshold,0.9,,0.9361702127659575,,,0.75,,1.0,0.06
/home/user/thesis/UncertaintyAndRobustnessInBNNs/runs/mlp512x1/deterministic/seed2_eps0p08_lam0p25.json,mlp512x1,deterministic,2,val,0.08,0.25,robust_eps0p08_lam0p25,0.08,clean_correct,expected_entropy,pgd_failure,,0.95,1.0,0.050000000000000044,0.9895733591898548,1.0,0.010426640810145216,0.8333333333333334,0.020833333333333332
/home/user/thesis/UncertaintyAndRobustnessInBNNs/runs/mlp512x1/deterministic/seed2_eps0p08_lam0p25.json,mlp512x1,deterministic,2,val,0.08,0.25,robust_eps0p08_lam0p25,0.08,clean_correct,expected_entropy,certified_below_threshold,0.5,,1.0,,,1.0,,1.0,0.020833333333333332
/home/user/thesis/UncertaintyAndRobustnessInBNNs/runs/mlp512x1/deterministic/seed2_eps0p08_lam0p25.json,mlp512x1,deterministic,2,val,0.08,0.25,robust_eps0p08_lam0p25,0.08,clean_correct,expected_entropy,certified_below_threshold,0.9,,1.0,,,1.0,,1.0,0.020833333333333332
/home/user/thesis/UncertaintyAndRobustnessInBNNs/runs/mlp512x1/deterministic/seed2_eps0p08_lam0p25.json,mlp512x1,deterministic,2,val,0.08,0.25,robust_eps0p08_lam0p25,0.08,all,mutual_information,pgd_failure,,0.4598214285714286,0.46808510638297873,0.00826367781155013,0.8850467851779251,0.1536549707602339,-0.7313918144176912,0.84,0.06
/home/user/thesis/UncertaintyAndRobustnessInBNNs/runs/mlp512x1/deterministic/seed2_eps0p08_lam0p25.json,mlp512x1,deterministic,2,val,0.08,0.25,robust_eps0p08_lam0p25,0.08,all,mutual_information,certified_below_threshold,0.5,,0.46808510638297873,,,0.1536549707602339,,1.0,0.06
/home/user/thesis/UncertaintyAndRobustnessInBNNs/runs/mlp512x1/deterministic/seed2_eps0p08_lam0p25.json,mlp512x1,deterministic,2,val,0.08,0.25,robust_eps0p08_lam0p25,0.08,all,mutual_information,certified_below_threshold,0.9,,0.46808510638297873,,,0.1536549707602339,,1.0,0.06
/home/user/thesis/UncertaintyAndRobustnessInBNNs/runs/mlp512x1/deterministic/seed2_eps0p08_lam0p25.json,mlp512x1,deterministic,2,val,0.08,0.25,robust_eps0p08_lam0p25,0.08,clean_correct,mutual_information,pgd_failure,,0.4578125,0.23404255319148937,-0.22376994680851064,0.8799613515455438,0.02702702702702703,-0.8529343245185168,0.8333333333333334,0.020833333333333332
/home/user/thesis/UncertaintyAndRobustnessInBNNs/runs/mlp512x1/deterministic/seed2_eps0p08_lam0p25.json,mlp512x1,deterministic,2,val,0.08,0.25,robust_eps0p08_lam0p25,0.08,clean_correct,mutual_information,certified_below_threshold,0.5,,0.23404255319148937,,,0.02702702702702703,,1.0,0.020833333333333332
/home/user/thesis/UncertaintyAndRobustnessInBNNs/runs/mlp512x1/deterministic/seed2_eps0p08_lam0p25.json,mlp512x1,deterministic,2,val,0.08,0.25,robust_eps0p08_lam0p25,0.08,clean_correct,mutual_information,certified_below_threshold,0.9,,0.23404255319148937,,,0.02702702702702703,,1.0,0.020833333333333332
/home/user/thesis/UncertaintyAndRobustnessInBNNs/runs/mlp512x1/deterministic/seed2_eps0p08_lam0p25.json,mlp512x1,deterministic,2,val,0.08,0.25,robust_eps0p08_lam0p25,0.08,all,one_minus_confidence,pgd_failure,,0.8571428571428572,0.9361702127659575,0.07902735562310026,0.9542857142857145,0.75,-0.20428571428571451,0.84,0.06
/home/user/thesis/UncertaintyAndRobustnessInBNNs/runs/mlp512x1/deterministic/seed2_eps0p08_lam0p25.json,mlp512x1,deterministic,2,val,0.08,0.25,robust_eps0p08_lam0p25,0.08,all,one_minus_confidence,certified_below_threshold,0.5,,0.9361702127659575,,,0.75,,1.0,0.06
/home/user/thesis/UncertaintyAndRobustnessInBNNs/runs/mlp512x1/deterministic/seed2_eps0p08_lam0p25.json,mlp512x1,deterministic,2,val,0.08,0.25,robust_eps0p08_lam0p25,0.08,all,one_minus_confidence,certified_below_threshold,0.9,,0.9361702127659575,,,0.75,,1.0,0.06
/home/user/thesis/UncertaintyAndRobustnessInBNNs/runs/mlp512x1/deterministic/seed2_eps0p08_lam0p25.json,mlp512x1,deterministic,2,val,0.08,0.25,robust_eps0p08_lam0p25,0.08,clean_correct,one_minus_confidence,pgd_failure,,0.85,1.0,0.15000000000000002,0.9500000000000001,1.0,0.04999999999999993,0.8333333333333334,0.020833333333333332
/home/user/thesis/UncertaintyAndRobustnessInBNNs/runs/mlp512x1/deterministic/seed2_eps0p08_lam0p25.json,mlp512x1,deterministic,2,val,0.08,0.25,robust_eps0p08_lam0p25,0.08,clean_correct,one_minus_confidence,certified_below_threshold,0.5,,1.0,,,1.0,,1.0,0.020833333333333332
/home/user/thesis/UncertaintyAndRobustnessInBNNs/runs/mlp512x1/deterministic/seed2_eps0p08_lam0p25.json,mlp512x1,deterministic,2,val,0.08,0.25,robust_eps0p08_lam0p25,0.08,clean_correct,one_minus_confidence,certified_below_threshold,0.9,,1.0,,,1.0,,1.0,0.020833333333333332
/home/user/thesis/UncertaintyAndRobustnessInBNNs/runs/mlp512x1/deterministic/seed2_eps0p08_lam0p25.json,mlp512x1,deterministic,2,val,0.08,0.25,robust_eps0p08_lam0p25,0.08,all,predictive_entropy,pgd_failure,,0.9523809523809523,0.9361702127659575,-0.016210739614994862,0.9905634906412162,0.75,-0.24056349064121618,0.84,0.06
/home/user/thesis/UncertaintyAndRobustnessInBNNs/runs/mlp512x1/deterministic/seed2_eps0p08_lam0p25.json,mlp512x1,deterministic,2,val,0.08,0.25,robust_eps0p08_lam0p25,0.08,all,predictive_entropy,certified_below_threshold,0.5,,0.9361702127659575,,,0.75,,1.0,0.06
/home/user/thesis/UncertaintyAndRobustnessInBNNs/runs/mlp512x1/deterministic/seed2_eps0p08_lam0p25.json,mlp512x1,deterministic,2,val,0.08,0.25,robust_eps0p08_lam0p25,0.08,all,predictive_entropy,certified_below_threshold,0.9,,0.9361702127659575,,,0.75,,1.0,0.06
/home/user/thesis/UncertaintyAndRobustnessInBNNs/runs/mlp512x1/deterministic/seed2_eps0p08_lam0p25.json,mlp512x1,deterministic,2,val,0.08,0.25,robust_eps0p08_lam0p25,0.08,clean_correct,predictive_entropy,pgd_failure,,0.95,1.0,0.050000000000000044,0.9895733591898548,1.0,0.010426640810145216,0.8333333333333334,0.020833333333333332
/home/user/thesis/UncertaintyAndRobustnessInBNNs/runs/mlp512x1/deterministic/seed2_eps0p08_lam0p25.json,mlp512x1,deterministic,2,val,0.08,0.25,robust_eps0p08_lam0p25,0.08,clean_correct,predictive_entropy,certified_below_threshold,0.5,,1.0,,,1.0,,1.0,0.020833333333333332
/home/user/thesis/UncertaintyAndRobustnessInBNNs/runs/mlp512x1/deterministic/seed2_eps0p08_lam0p25.json,mlp512x1,deterministic,2,val,0.08,0.25,robust_eps0p08_lam0p25,0.08,clean_correct,predictive_entropy,certified_below_threshold,0.9,,1.0,,,1.0,,1.0,0.020833333333333332
/home/user/thesis/UncertaintyAndRobustnessInBNNs/runs/mlp512x1/deterministic/seed2_eps0p08_lam0p25.json,mlp512x1,deterministic,2,val,0.08,0.25,robust_eps0p08_lam0p25,0.1,all,expected_entropy,pgd_failure,,1.0,0.8315217391304348,-0.1684782608695652,1.0,0.6009615384615384,-0.39903846153846156,0.98,0.08
/home/user/thesis/UncertaintyAndRobustnessInBNNs/runs/mlp512x1/deterministic/seed2_eps0p08_lam0p25.json,mlp512x1,deterministic,2,val,0.08,0.25,robust_eps0p08_lam0p25,0.1,all,expected_entropy,certified_below_threshold,0.5,,0.8618421052631579,,,0.6359649122807017,,1.0,0.09523809523809523
/home/user/thesis/UncertaintyAndRobustnessInBNNs/runs/mlp512x1/deterministic/seed2_eps0p08_lam0p25.json,mlp512x1,deterministic,2,val,0.08,0.25,robust_eps0p08_lam0p25,0.1,all,expected_entropy,certified_below_threshold,0.9,,0.8618421052631579,,,0.6359649122807017,,1.0,0.09523809523809523
/home/user/thesis/UncertaintyAndRobustnessInBNNs/runs/mlp512x1/deterministic/seed2_eps0p08_lam0p25.json,mlp512x1,deterministic,2,val,0.08,0.25,robust_eps0p08_lam0p25,0.1,clean_correct,expected_entropy,pgd_failure,,1.0,0.7608695652173914,-0.23913043478260865,1.0,0.5416666666666666,-0.45833333333333337,0.9791666666666666,0.041666666666666664
/home/user/thesis/UncertaintyAndRobustnessInBNNs/runs/mlp512x1/deterministic/seed2_eps0p08_lam0p25.json,mlp512x1,deterministic,2,val,0.08,0.25,robust_eps0p08_lam0p25,0.1,clean_correct,expected_entropy,certified_below_threshold,0.5,,0.8026315789473684,,,0.5588235294117647,,1.0,0.05
/home/user/thesis/UncertaintyAndRobustnessInBNNs/runs/mlp512x1/deterministic/seed2_eps0p08_lam0p25.json,mlp512x1,deterministic,2,val,0.08,0.25,robust_eps0p08_lam0p25,0.1,clean_correct,expected_entropy,certified_below_threshold,0.9,,0.8026315789473684,,,0.5588235294117647,,1.0,0.05
/home/user/thesis/UncertaintyAndRobustnessInBNNs/runs/mlp512x1/deterministic/seed2_eps0p08_lam0p25.json,mlp512x1,deterministic,2,val,0.08,0.25,robust_eps0p08_lam0p25,0.1,all,mutual_information,pgd_failure,,0.40816326530612246,0.42934782608695654,0.021184560780834083,0.9825907554536115,0.14277605779153768,-0.8398146976620738,0.98,0.08
/home/user/thesis/UncertaintyAndRobustnessInBNNs/runs/mlp512x1/deterministic/seed2_eps0p08_lam0p25.json,mlp512x1,deterministic,2,val,0.08,0.25,robust_eps0p08_lam0p25,0.1,all,mutual_information,certified_below_threshold,0.5,,0.35526315789473684,,,0.14681869369369369,,1.0,0.09523809523809523
/home/user/thesis/UncertaintyAndRobustnessInBNNs/runs/mlp512x1/deterministic/seed2_eps0p08_lam0p25.json,mlp512x1,deterministic,2,val,0.08,0.25,robust_eps0p08_lam0p25,0.1,all,mutual_information,certified_below_threshold,0.9,,0.35526315789473684,,,0.14681869369369369,,1.0,0.09523809523809523
/home/user/thesis/UncertaintyAndRobustnessInBNNs/runs/mlp512x1/deterministic/seed2_eps0p08_lam0p25.json,mlp512x1,deterministic,2,val,0.08,0.25,robust_eps0p08_lam0p25,0.1,clean_correct,mutual_information,pgd_failure,,0.40425531914893614,0.2717391304347826,-0.13251618871415355,0.9816975067705112,0.04217854217854218,-0.9395189645919689,0.9791666666666666,0.041666666666666664
/home/user/thesis/UncertaintyAndRobustnessInBNNs/runs/mlp512x1/deterministic/seed2_eps0p08_lam0p25.json,mlp512x1,deterministic,2,val,0.08,0.25,robust_eps0p08_lam0p25,0.1,clean_correct,mutual_information,certified_below_threshold,0.5,,0.17105263157894735,,,0.04470046082949308,,1.0,0.05
/home/user/thesis/UncertaintyAndRobustnessInBNNs/runs/mlp512x1/deterministic/seed2_eps0p08_lam0p25.json,mlp512x1,deterministic,2,val,0.08,0.25,robust_eps0p08_lam0p25,0.1,clean_correct,mutual_information,certified_below_threshold,0.9,,0.17105263157894735,,,0.04470046082949308,,1.0,0.05
/home/user/thesis/UncertaintyAndRobustnessInBNNs/runs/mlp512x1/deterministic/seed2_eps0p08_lam0p25.json,mlp512x1,deterministic,2,val,0.08,0.25,robust_eps0p08_lam0p25,0.1,all,one_minus_confidence,pgd_failure,,0.8061224489795918,0.8423913043478262,0.03626885536823432,0.9922448979591838,0.599537037037037,-0.3927078609221468,0.98,0.08
/home/user/thesis/UncertaintyAndRobustnessInBNNs/runs/mlp512x1/deterministic/seed2_eps0p08_lam0p25.json,mlp512x1,deterministic,2,val,0.08,0.25,robust_eps0p08_lam0p25,0.1,all,one_minus_confidence,certified_below_threshold,0.5,,0.8651315789473684,,,0.6333333333333333,,1.0,0.09523809523809523
/home/user/thesis/UncertaintyAndRobustnessInBNNs/runs/mlp512x1/deterministic/seed2_eps0p08_lam0p25.json,mlp512x1,deterministic,2,val,0.08,0.25,robust_eps0p08_lam0p25,0.1,all,one_minus_confidence,certified_below_threshold,0.9,,0.8651315789473684,,,0.6333333333333333,,1.0,0.09523809523809523
/home/user/thesis/UncertaintyAndRobustnessInBNNs/runs/mlp512x1/deterministic/seed2_eps0p08_lam0p25.json,mlp512x1,deterministic,2,val,0.08,0.25,robust_eps0p08_lam0p25,0.1,clean_correct,one_minus_confidence,pgd_failure,,0.7978723404255319,0.7826086956521738,-0.015263644773358065,0.9915780141843974,0.54,-0.45157801418439736,0.9791666666666666,0.041666666666666664
/home/user/thesis/UncertaintyAndRobustnessInBNNs/runs/mlp512x1/deterministic/seed2_eps0p08_lam0p25.json,mlp512x1,deterministic,2,val,0.08,0.25,robust_eps0p08_lam0p25,0.1,clean_correct,one_minus_confidence,certified_below_threshold,0.5,,0.8092105263157895,,,0.5555555555555556,,1.0,0.05
/home/user/thesis/UncertaintyAndRobustnessInBNNs/runs/mlp512x1/deterministic/seed2_eps0p08_lam0p25.json,mlp512x1,deterministic,2,val,0.08,0.25,robust_eps0p08_lam0p25,0.1,clean_correct,one_minus_confidence,certified_below_threshold,0.9,,0.8092105263157895,,,0.5555555555555556,,1.0,0.05
/home/user/thesis/UncertaintyAndRobustnessInBNNs/runs/mlp512x1/deterministic/seed2_eps0p08_lam0p25.json,mlp512x1,deterministic,2,val,0.08,0.25,robust_eps0p08_lam0p25,0.1,all,predictive_entropy,pgd_failure,,1.0,0.8315217391304348,-0.1684782608695652,1.0,0.6009615384615384,-0.39903846153846156,0.98,0.08
/home/user/thesis/UncertaintyAndRobustnessInBNNs/runs/mlp512x1/deterministic/seed2_eps0p08_lam0p25.json,mlp512x1,deterministic,2,val,0.08,0.25,robust_eps0p08_lam0p25,0.1,all,predictive_entropy,certified_below_threshold,0.5,,0.8618421052631579,,,0.6359649122807017,,1.0,0.09523809523809523
/home/user/thesis/UncertaintyAndRobustnessInBNNs/runs/mlp512x1/deterministic/seed2_eps0p08_lam0p25.json,mlp512x1,deterministic,2,val,0.08,0.25,robust_eps0p08_lam0p25,0.1,all,predictive_entropy,certified_below_threshold,0.9,,0.8618421052631579,,,0.6359649122807017,,1.0,0.09523809523809523
/home/user/thesis/UncertaintyAndRobustnessInBNNs/runs/mlp512x1/deterministic/seed2_eps0p08_lam0p25.json,mlp512x1,deterministic,2,val,0.08,0.25,robust_eps0p08_lam0p25,0.1,clean_correct,predictive_entropy,pgd_failure,,1.0,0.7608695652173914,-0.23913043478260865,1.0,0.5416666666666666,-0.45833333333333337,0.9791666666666666,0.041666666666666664
/home/user/thesis/UncertaintyAndRobustnessInBNNs/runs/mlp512x1/deterministic/seed2_eps0p08_lam0p25.json,mlp512x1,deterministic,2,val,0.08,0.25,robust_eps0p08_lam0p25,0.1,clean_correct,predictive_entropy,certified_below_threshold,0.5,,0.8026315789473684,,,0.5588235294117647,,1.0,0.05
/home/user/thesis/UncertaintyAndRobustnessInBNNs/runs/mlp512x1/deterministic/seed2_eps0p08_lam0p25.json,mlp512x1,deterministic,2,val,0.08,0.25,robust_eps0p08_lam0p25,0.1,clean_correct,predictive_entropy,certified_below_threshold,0.9,,0.8026315789473684,,,0.5588235294117647,,1.0,0.05
/home/user/thesis/UncertaintyAndRobustnessInBNNs/runs/mlp512x1/deterministic/seed3_eps0p08_lam0p25.json,mlp512x1,deterministic,3,val,0.08,0.25,robust_eps0p08_lam0p25,0.01,all,expected_entropy,pgd_failure,,1.0,0.9583333333333333,-0.04166666666666674,1.0,0.6666666666666666,-0.33333333333333337,0.04,0.04
/home/user/thesis/UncertaintyAndRobustnessInBNNs/runs/mlp512x1/deterministic/seed3_eps0p08_lam0p25.json,mlp512x1,deterministic,3,val,0.08,0.25,robust_eps0p08_lam0p25,0.01,all,expected_entropy,certified_below_threshold,0.5,1.0,0.9583333333333333,-0.04166666666666674,1.0,0.6666666666666666,-0.33333333333333337,0.04,0.04
/home/user/thesis/UncertaintyAndRobustnessInBNNs/runs/mlp512x1/deterministic/seed3_eps0p08_lam0p25.json,mlp512x1,deterministic,3,val,0.08,0.25,robust_eps0p08_lam0p25,0.01,all,expected_entropy,certified_below_threshold,0.9,1.0,0.9583333333333333,-0.04166666666666674,1.0,0.6666666666666666,-0.33333333333333337,0.04,0.04
/home/user/thesis/UncertaintyAndRobustnessInBNNs/runs/mlp512x1/deterministic/seed3_eps0p08_lam0p25.json,mlp512x1,deterministic,3,val,0.08,0.25,robust_eps0p08_lam0p25,0.01,clean_correct,expected_entropy,pgd_failure,,1.0,,,1.0,,,0.02040816326530612,0.0
/home/user/thesis/UncertaintyAndRobustnessInBNNs/runs/mlp512x1/deterministic/seed3_eps0p08_lam0p25.json,mlp512x1,deterministic,3,val,0.08,0.25,robust_eps0p08_lam0p25,0.01,clean_correct,expected_entropy,certified_below_threshold,0.5,1.0,,,1.0,,,0.02040816326530612,0.0
/home/user/thesis/UncertaintyAndRobustnessInBNNs/runs/mlp512x1/deterministic/seed3_eps0p08_lam0p25.json,mlp512x1,deterministic,3,val,0.08,0.25,robust_eps0p08_lam0p25,0.01,clean_correct,expected_entropy,certified_below_threshold,0.9,1.0,,,1.0,,,0.02040816326530612,0.0
/home/user/thesis/UncertaintyAndRobustnessInBNNs/runs/mlp512x1/deterministic/seed3_eps0p08_lam0p25.json,mlp512x1,deterministic,3,val,0.08,0.25,robust_eps0p08_lam0p25,0.01,all,mutual_information,pgd_failure,,0.6041666666666666,0.44791666666666663,-0.15625,0.27564102564102566,0.08333333333333333,-0.19230769230769235,0.04,0.04
/home/user/thesis/UncertaintyAndRobustnessInBNNs/runs/mlp512x1/deterministic/seed3_eps0p08_lam0p25.json,mlp512x1,deterministic,3,val,0.08,0.25,robust_eps0p08_lam0p25,0.01,all,mutual_information,certified_below_threshold,0.5,0.6041666666666666,0.44791666666666663,-0.15625,0.27564102564102566,0.08333333333333333,-0.19230769230769235,0.04,0.04
/home/user/thesis/UncertaintyAndRobustnessInBNNs/runs/mlp512x1/deterministic/seed3_eps0p08_lam0p25.json,mlp512x1,deterministic,3,val,0.08,0.25,robust_eps0p08_lam0p25,0.01,all,mutual_information,certified_below_threshold,0.9,0.6041666666666666,0.44791666666666663,-0.15625,0.27564102564102566,0.08333333333333333,-0.19230769230769235,0.04,0.04
/home/user/thesis/UncertaintyAndRobustnessInBNNs/runs/mlp512x1/deterministic/seed3_eps0p08_lam0p25.json,mlp512x1,deterministic,3,val,0.08,0.25,robust_eps0p08_lam0p25,0.01,clean_correct,mutual_information,pgd_failure,,0.22916666666666663,,,0.02631578947368421,,,0.02040816326530612,0.0
/home/user/thesis/UncertaintyAndRobustnessInBNNs/runs/mlp512x1/deterministic/seed3_eps0p08_lam0p25.json,mlp512x1,deterministic,3,val,0.08,0.25,robust_eps0p08_lam0p25,0.01,clean_correct,mutual_information,certified_below_threshold,0.5,0.22916666666666663,,,0.02631578947368421,,,0.02040816326530612,0.0
/home/user/thesis/UncertaintyAndRobustnessInBNNs/runs/mlp512x1/deterministic/seed3_eps0p08_lam0p25.json,mlp512x1,deterministic,3,val,0.08,0.25,robust_eps0p08_lam0p25,0.01,clean_correct,mutual_information,certified_below_threshold,0.9,0.22916666666666663,,,0.02631578947368421,,,0.02040816326530612,0.0
/home/user/thesis/UncertaintyAndRobustnessInBNNs/runs/mlp512x1/deterministic/seed3_eps0p08_lam0p25.json,mlp512x1,deterministic,3,val,0.08,0.25,robust_eps0p08_lam0p25,0.01,all,one_minus_confidence,pgd_failure,,1.0,0.9583333333333334,-0.04166666666666663,1.0,0.6666666666666666,-0.33333333333333337,0.04,0.04
/home/user/thesis/UncertaintyAndRobustnessInBNNs/runs/mlp512x1/deterministic/seed3_eps0p08_lam0p25.json,mlp512x1,deterministic,3,val,0.08,0.25,robust_eps0p08_lam0p25,0.01,all,one_minus_confidence,certified_below_threshold,0.5,1.0,0.9583333333333334,-0.04166666666666663,1.0,0.6666666666666666,-0.33333333333333337,0.04,0.04
/home/user/thesis/UncertaintyAndRobustnessInBNNs/runs/mlp512x1/deterministic/seed3_eps0p08_lam0p25.json,mlp512x1,deterministic,3,val,0.08,0.25,robust_eps0p08_lam0p25,0.01,all,one_minus_confidence,certified_below_threshold,0.9,1.0,0.9583333333333334,-0.04166666666666663,1.0,0.6666666666666666,-0.33333333333333337,0.04,0.04
/home/user/thesis/UncertaintyAndRobustnessInBNNs/runs/mlp512x1/deterministic/seed3_eps0p08_lam0p25.json,mlp512x1,deterministic,3,val,0.08,0.25,robust_eps0p08_lam0p25,0.01,clean_correct,one_minus_confidence,pgd_failure,,1.0,,,1.0,,,0.02040816326530612,0.0
/home/user/thesis/UncertaintyAndRobustnessInBNNs/runs/mlp512x1/deterministic/seed3_eps0p08_lam0p25.json,mlp512x1,deterministic,3,val,0.08,0.25,robust_eps0p08_lam0p25,0.01,clean_correct,one_minus_confidence,certified_below_threshold,0.5,1.0,,,1.0,,,0.02040816326530612,0.0
/home/user/thesis/UncertaintyAndRobustnessInBNNs/runs/mlp512x1/deterministic/seed3_eps0p08_lam0p25.json,mlp512x1,deterministic,3,val,0.08,0.25,robust_eps0p08_lam0p25,0.01,clean_correct,one_minus_confidence,certified_below_threshold,0.9,1.0,,,1.0,,,0.02040816326530612,0.0
/home/user/thesis/UncertaintyAndRobustnessInBNNs/runs/mlp512x1/deterministic/seed3_eps0p08_lam0p25.json,mlp512x1,deterministic,3,val,0.08,0.25,robust_eps0p08_lam0p25,0.01,all,predictive_entropy,pgd_failure,,1.0,0.9583333333333333,-0.04166666666666674,1.0,0.6666666666666666,-0.33333333333333337,0.04,0.04
/home/user/thesis/UncertaintyAndRobustnessInBNNs/runs/mlp512x1/deterministic/seed3_eps0p08_lam0p25.json,mlp512x1,deterministic,3,val,0.08,0.25,robust_eps0p08_lam0p25,0.01,all,predictive_entropy,certified_below_threshold,0.5,1.0,0.9583333333333333,-0.04166666666666674,1.0,0.6666666666666666,-0.33333333333333337,0.04,0.04
/home/user/thesis/UncertaintyAndRobustnessInBNNs/runs/mlp512x1/deterministic/seed3_eps0p08_lam0p25.json,mlp512x1,deterministic,3,val,0.08,0.25,robust_eps0p08_lam0p25,0.01,all,predictive_entropy,certified_below_threshold,0.9,1.0,0.9583333333333333,-0.04166666666666674,1.0,0.6666666666666666,-0.33333333333333337,0.04,0.04
/home/user/thesis/UncertaintyAndRobustnessInBNNs/runs/mlp512x1/deterministic/seed3_eps0p08_lam0p25.json,mlp512x1,deterministic,3,val,0.08,0.25,robust_eps0p08_lam0p25,0.01,clean_correct,predictive_entropy,pgd_failure,,1.0,,,1.0,,,0.02040816326530612,0.0
/home/user/thesis/UncertaintyAndRobustnessInBNNs/runs/mlp512x1/deterministic/seed3_eps0p08_lam0p25.json,mlp512x1,deterministic,3,val,0.08,0.25,robust_eps0p08_lam0p25,0.01,clean_correct,predictive_entropy,certified_below_threshold,0.5,1.0,,,1.0,,,0.02040816326530612,0.0
/home/user/thesis/UncertaintyAndRobustnessInBNNs/runs/mlp512x1/deterministic/seed3_eps0p08_lam0p25.json,mlp512x1,deterministic,3,val,0.08,0.25,robust_eps0p08_lam0p25,0.01,clean_correct,predictive_entropy,certified_below_threshold,0.9,1.0,,,1.0,,,0.02040816326530612,0.0
/home/user/thesis/UncertaintyAndRobustnessInBNNs/runs/mlp512x1/deterministic/seed3_eps0p08_lam0p25.json,mlp512x1,deterministic,3,val,0.08,0.25,robust_eps0p08_lam0p25,0.05,all,expected_entropy,pgd_failure,,0.8928,0.9583333333333333,0.06553333333333322,0.873429415355886,0.6666666666666666,-0.2067627486892194,0.5,0.04
/home/user/thesis/UncertaintyAndRobustnessInBNNs/runs/mlp512x1/deterministic/seed3_eps0p08_lam0p25.json,mlp512x1,deterministic,3,val,0.08,0.25,robust_eps0p08_lam0p25,0.05,all,expected_entropy,certified_below_threshold,0.5,1.0,0.9583333333333333,-0.04166666666666674,0.9999999999999999,0.6666666666666666,-0.33333333333333326,0.96,0.04
/home/user/thesis/UncertaintyAndRobustnessInBNNs/runs/mlp512x1/deterministic/seed3_eps0p08_lam0p25.json,mlp512x1,deterministic,3,val,0.08,0.25,robust_eps0p08_lam0p25,0.05,all,expected_entropy,certified_below_threshold,0.9,1.0,0.9583333333333333,-0.04166666666666674,0.9999999999999999,0.6666666666666666,-0.33333333333333326,0.96,0.04
/home/user/thesis/UncertaintyAndRobustnessInBNNs/runs/mlp512x1/deterministic/seed3_eps0p08_lam0p25.json,mlp512x1,deterministic,3,val,0.08,0.25,robust_eps0p08_lam0p25,0.05,clean_correct,expected_entropy,pgd_failure,,0.8883333333333333,,,0.8574484325080933,,,0.4897959183673469,0.0
/home/user/thesis/UncertaintyAndRobustnessInBNNs/runs/mlp512x1/deterministic/seed3_eps0p08_lam0p25.json,mlp512x1,deterministic,3,val,0.08,0.25,robust_eps0p08_lam0p25,0.05,clean_correct,expected_entropy,certified_below_threshold,0.5,1.0,,,1.0,,,0.9583333333333334,0.0
/home/user/thesis/UncertaintyAndRobustnessInBNNs/runs/mlp512x1/deterministic/seed3_eps0p08_lam0p25.json,mlp512x1,deterministic,3,val,0.08,0.25,robust_eps0p08_lam0p25,0.05,clean_correct,expected_entropy,certified_below_threshold,0.9,1.0,,,1.0,,,0.9583333333333334,0.0
/home/user/thesis/UncertaintyAndRobustnessInBNNs/runs/mlp512x1/deterministic/seed3_eps0p08_lam0p25.json,mlp512x1,deterministic,3,val,0.08,0.25,robust_eps0p08_lam0p25,0.05,all,mutual_information,pgd_failure,,0.16240000000000004,0.44791666666666663,0.2855166666666666,0.4089616787933654,0.08333333333333333,-0.3256283454600321,0.5,0.04
/home/user/thesis/UncertaintyAndRobustnessInBNNs/runs/mlp512x1/deterministic/seed3_eps0p08_lam0p25.json,mlp512x1,deterministic,3,val,0.08,0.25,robust_eps0p08_lam0p25,0.05,all,mutual_information,certified_below_threshold,0.5,0.08333333333333333,0.44791666666666663,0.3645833333333333,0.9175267970598348,0.08333333333333333,-0.8341934637265014,0.96,0.04
/home/user/thesis/UncertaintyAndRobustnessInBNNs/runs/mlp512x1/deterministic/seed3_eps0p08_lam0p25.json,mlp512x1,deterministic,3,val,0.08,0.25,robust_eps0p08_lam0p25,0.05,all,mutual_information,certified_below_threshold,0.9,0.08333333333333333,0.44791666666666663,0.3645833333333333,0.9175267970598348,0.08333333333333333,-0.8341934637265014,0.96,0.04
/home/user/thesis/UncertaintyAndRobustnessInBNNs/runs/mlp512x1/deterministic/seed3_eps0p08_lam0p25.json,mlp512x1,deterministic,3,val,0.08,0.25,robust_eps0p08_lam0p25,0.05,clean_correct,mutual_information,pgd_failure,,0.1275,,,0.36530326164057386,,,0.4897959183673469,0.0
/home/user/thesis/UncertaintyAndRobustnessInBNNs/runs/mlp512x1/deterministic/seed3_eps0p08_lam0p25.json,mlp512x1,deterministic,3,val,0.08,0.25,robust_eps0p08_lam0p25,0.05,clean_correct,mutual_information,certified_below_threshold,0.5,0.043478260869565216,,,0.9012051431667274,,,0.9583333333333334,0.0
/home/user/thesis/UncertaintyAndRobustnessInBNNs/runs/mlp512x1/deterministic/seed3_eps0p08_lam0p25.json,mlp512x1,deterministic,3,val,0.08,0.25,robust_eps0p08_lam0p25,0.05,clean_correct,mutual_information,certified_below_threshold,0.9,0.043478260869565216,,,0.9012051431667274,,,0.9583333333333334,0.0
/home/user/thesis/UncertaintyAndRobustnessInBNNs/runs/mlp512x1/deterministic/seed3_eps0p08_lam0p25.json,mlp512x1,deterministic,3,val,0.08,0.25,robust_eps0p08_lam0p25,0.05,all,one_minus_confidence,pgd_failure,,0.816,0.9583333333333334,0.14233333333333342,0.7835527322918628,0.6666666666666666,-0.11688606562519621,0.5,0.04
/home/user/thesis/UncertaintyAndRobustnessInBNNs/runs/mlp512x1/deterministic/seed3_eps0p08_lam0p25.json,mlp512x1,deterministic,3,val,0.08,0.25,robust_eps0p08_lam0p25,0.05,all,one_minus_confidence,certified_below_threshold,0.5,0.8958333333333333,0.9583333333333334,0.06250000000000011,0.9916666666666665,0.6666666666666666,-0.32499999999999984,0.96,0.04
/home/user/thesis/UncertaintyAndRobustnessInBNNs/runs/mlp512x1/deterministic/seed3_eps0p08_lam0p25.json,mlp512x1,deterministic,3,val,0.08,0.25,robust_eps0p08_lam0p25,0.05,all,one_minus_confidence,certified_below_threshold,0.9,0.8958333333333333,0.9583333333333334,0.06250000000000011,0.9916666666666665,0.6666666666666666,-0.32499999999999984,0.96,0.04
/home/user/thesis/UncertaintyAndRobustnessInBNNs/runs/mlp512x1/deterministic/seed3_eps0p08_lam0p25.json,mlp512x1,deterministic,3,val,0.08,0.25,robust_eps0p08_lam0p25,0.05,clean_correct,one_minus_confidence,pgd_failure,,0.8083333333333333,,,0.7624035851714422,,,0.4897959183673469,0.0
/home/user/thesis/UncertaintyAndRobustnessInBNNs/runs/mlp512x1/deterministic/seed3_eps0p08_lam0p25.json,mlp512x1,deterministic,3,val,0.08,0.25,robust_eps0p08_lam0p25,0.05,clean_correct,one_minus_confidence,certified_below_threshold,0.5,0.8913043478260869,,,0.9909420289855072,,,0.9583333333333334,0.0
/home/user/thesis/UncertaintyAndRobustnessInBNNs/runs/mlp512x1/deterministic/seed3_eps0p08_lam0p25.json,mlp512x1,deterministic,3,val,0.08,0.25,robust_eps0p08_lam0p25,0.05,clean_correct,one_minus_confidence,certified_below_threshold,0.9,0.8913043478260869,,,0.9909420289855072,,,0.9583333333333334,0.0
/home/user/thesis/UncertaintyAndRobustnessInBNNs/runs/mlp512x1/deterministic/seed3_eps0p08_lam0p25.json,mlp512x1,deterministic,3,val,0.08,0.25,robust_eps0p08_lam0p25,0.05,all,predictive_entropy,pgd_failure,,0.8928,0.9583333333333333,0.06553333333333322,0.873429415355886,0.6666666666666666,-0.2067627486892194,0.5,0.04
/home/user/thesis/UncertaintyAndRobustnessInBNNs/runs/mlp512x1/deterministic/seed3_eps0p08_lam0p25.json,mlp512x1,deterministic,3,val,0.08,0.25,robust_eps0p08_lam0p25,0.05,all,predictive_entropy,certified_below_threshold,0.5,1.0,0.9583333333333333,-0.04166666666666674,0.9999999999999999,0.6666666666666666,-0.33333333333333326,0.96,0.04
/home/user/thesis/UncertaintyAndRobustnessInBNNs/runs/mlp512x1/deterministic/seed3_eps0p08_lam0p25.json,mlp512x1,deterministic,3,val,0.08,0.25,robust_eps0p08_lam0p25,0.05,all,predictive_entropy,certified_below_threshold,0.9,1.0,0.9583333333333333,-0.04166666666666674,0.9999999999999999,0.6666666666666666,-0.33333333333333326,0.96,0.04
/home/user/thesis/UncertaintyAndRobustnessInBNNs/runs/mlp512x1/deterministic/seed3_eps0p08_lam0p25.json,mlp512x1,deterministic,3,val,0.08,0.25,robust_eps0p08_lam0p25,0.05,clean_correct,predictive_entropy,pgd_failure,,0.8883333333333333,,,0.8574484325080933,,,0.4897959183673469,0.0
/home/user/thesis/UncertaintyAndRobustnessInBNNs/runs/mlp512x1/deterministic/seed3_eps0p08_lam0p25.json,mlp512x1,deterministic,3,val,0.08,0.25,robust_eps0p08_lam0p25,0.05,clean_correct,predictive_entropy,certified_below_threshold,0.5,1.0,,,1.0,,,0.9583333333333334,0.0
/home/user/thesis/UncertaintyAndRobustnessInBNNs/runs/mlp512x1/deterministic/seed3_eps0p08_lam0p25.json,mlp512x1,deterministic,3,val,0.08,0.25,robust_eps0p08_lam0p25,0.05,clean_correct,predictive_entropy,certified_below_threshold,0.9,1.0,,,1.0,,,0.9583333333333334,0.0
/home/user/thesis/UncertaintyAndRobustnessInBNNs/runs/mlp512x1/deterministic/seed3_eps0p08_lam0p25.json,mlp512x1,deterministic,3,val,0.08,0.25,robust_eps0p08_lam0p25,0.07,all,expected_entropy,pgd_failure,,0.965034965034965,0.9787234042553191,0.01368843922035412,0.9905957204713007,0.8333333333333333,-0.15726238713796747,0.78,0.06
/home/user/thesis/UncertaintyAndRobustnessInBNNs/runs/mlp512x1/deterministic/seed3_eps0p08_lam0p25.json,mlp512x1,deterministic,3,val,0.08,0.25,robust_eps0p08_lam0p25,0.07,all,expected_entropy,certified_below_threshold,0.5,,0.9851851851851853,,,0.8666666666666667,,1.0,0.0625
/home/user/thesis/UncertaintyAndRobustnessInBNNs/runs/mlp512x1/deterministic/seed3_eps0p08_lam0p25.json,mlp512x1,deterministic,3,val,0.08,0.25,robust_eps0p08_lam0p25,0.07,all,expected_entropy,certified_below_threshold,0.9,,0.9851851851851853,,,0.8666666666666667,,1.0,0.0625
/home/user/thesis/UncertaintyAndRobustnessInBNNs/runs/mlp512x1/deterministic/seed3_eps0p08_lam0p25.json,mlp512x1,deterministic,3,val,0.08,0.25,robust_eps0p08_lam0p25,0.07,clean_correct,expected_entropy,pgd_failure,,0.9641148325358853,1.0,0.03588516746411474,0.9901044088778324,1.0,0.009895591122167646,0.7755102040816326,0.020833333333333332
/home/user/thesis/UncertaintyAndRobustnessInBNNs/runs/mlp512x1/deterministic/seed3_eps0p08_lam0p25.json,mlp512x1,deterministic,3,val,0.08,0.25,robust_eps0p08_lam0p25,0.07,clean_correct,expected_entropy,certified_below_threshold,0.5,,1.0,,,1.0,,1.0,0.021739130434782608
/home/user/thesis/UncertaintyAndRobustnessInBNNs/runs/mlp512x1/deterministic/seed3_eps0p08_lam0p25.json,mlp512x1,deterministic,3,val,0.08,0.25,robust_eps0p08_lam0p25,0.07,clean_correct,expected_entropy,certified_below_threshold,0.9,,1.0,,,1.0,,1.0,0.021739130434782608
/home/user/thesis/UncertaintyAndRobustnessInBNNs/runs/mlp512x1/deterministic/seed3_eps0p08_lam0p25.json,mlp512x1,deterministic,3,val,0.08,0.25,robust_eps0p08_lam0p25,0.07,all,mutual_information,pgd_failure,,0.2564102564102564,0.6382978723404255,0.38188761593016907,0.7524418028841903,0.4375,-0.31494180288419027,0.78,0.06
/home/user/thesis/UncertaintyAndRobustnessInBNNs/runs/mlp512x1/deterministic/seed3_eps0p08_lam0p25.json,mlp512x1,deterministic,3,val,0.08,0.25,robust_eps0p08_lam0p25,0.07,all,mutual_information,certified_below_threshold,0.5,,0.637037037037037,,,0.4384057971014492,,1.0,0.0625
/home/user/thesis/UncertaintyAndRobustnessInBNNs/runs/mlp512x1/deterministic/seed3_eps0p08_lam0p25.json,mlp512x1,deterministic,3,val,0.08,0.25,robust_eps0p08_lam0p25,0.07,all,mutual_information,certified_below_threshold,0.9,,0.637037037037037,,,0.4384057971014492,,1.0,0.0625
/home/user/thesis/UncertaintyAndRobustnessInBNNs/runs/mlp512x1/deterministic/seed3_eps0p08_lam0p25.json,mlp512x1,deterministic,3,val,0.08,0.25,robust_eps0p08_lam0p25,0.07,clean_correct,mutual_information,pgd_failure,,0.2368421052631579,1.0,0.763157894736842,0.7369101254198036,1.0,0.2630898745801964,0.7755102040816326,0.020833333333333332
/home/user/thesis/UncertaintyAndRobustnessInBNNs/runs/mlp512x1/deterministic/seed3_eps0p08_lam0p25.json,mlp512x1,deterministic,3,val,0.08,0.25,robust_eps0p08_lam0p25,0.07,clean_correct,mutual_information,certified_below_threshold,0.5,,1.0,,,1.0,,1.0,0.021739130434782608
/home/user/thesis/UncertaintyAndRobustnessInBNNs/runs/mlp512x1/deterministic/seed3_eps0p08_lam0p25.json,mlp512x1,deterministic,3,val,0.08,0.25,robust_eps0p08_lam0p25,0.07,clean_correct,mutual_information,certified_below_threshold,0.9,,1.0,,,1.0,,1.0,0.021739130434782608
/home/user/thesis/UncertaintyAndRobustnessInBNNs/runs/mlp512x1/deterministic/seed3_eps0p08_lam0p25.json,mlp512x1,deterministic,3,val,0.08,0.25,robust_eps0p08_lam0p25,0.07,all,one_minus_confidence,pgd_failure,,0.7948717948717949,0.9787234042553192,0.1838516093835243,0.9097435897435898,0.8333333333333333,-0.07641025641025656,0.78,0.06
/home/user/thesis/UncertaintyAndRobustnessInBNNs/runs/mlp512x1/deterministic/seed3_eps0p08_lam0p25.json,mlp512x1,deterministic,3,val,0.08,0.25,robust_eps0p08_lam0p25,0.07,all,one_minus_confidence,certified_below_threshold,0.5,,0.9851851851851852,,,0.8666666666666667,,1.0,0.0625
/home/user/thesis/UncertaintyAndRobustnessInBNNs/runs/mlp512x1/deterministic/seed3_eps0p08_lam0p25.json,mlp512x1,deterministic,3,val,0.08,0.25,robust_eps0p08_lam0p25,0.07,all,one_minus_confidence,certified_below_threshold,0.9,,0.9851851851851852,,,0.8666666666666667,,1.0,0.0625
/home/user/thesis/UncertaintyAndRobustnessInBNNs/runs/mlp512x1/deterministic/seed3_eps0p08_lam0p25.json,mlp512x1,deterministic,3,val,0.08,0.25,robust_eps0p08_lam0p25,0.07,clean_correct,one_minus_confidence,pgd_failure,,0.7894736842105263,1.0,0.21052631578947367,0.9054779806659504,1.0,0.09452201933404958,0.7755102040816326,0.020833333333333332
/home/user/thesis/UncertaintyAndRobustnessInBNNs/runs/mlp512x1/deterministic/seed3_eps0p08_lam0p25.json,mlp512x1,deterministic,3,val,0.08,0.25,robust_eps0p08_lam0p25,0.07,clean_correct,one_minus_confidence,certified_below_threshold,0.5,,1.0,,,1.0,,1.0,0.021739130434782608
/home/user/thesis/UncertaintyAndRobustnessInBNNs/runs/mlp512x1/deterministic/seed3_eps0p08_lam0p25.json,mlp512x1,deterministic,3,val,0.08,0.25,robust_eps0p08_lam0p25,0.07,clean_correct,one_minus_confidence,certified_below_threshold,0.9,,1.0,,,1.0,,1.0,0.021739130434782608
/home/user/thesis/UncertaintyAndRobustnessInBNNs/runs/mlp512x1/deterministic/seed3_eps0p08_lam0p25.json,mlp512x1,deterministic,3,val,0.08,0.25,robust_eps0p08_lam0p25,0.07,all,predictive_entropy,pgd_failure,,0.965034965034965,0.9787234042553191,0.01368843922035412,0.9905957204713007,0.8333333333333333,-0.15726238713796747,0.78,0.06
/home/user/thesis/UncertaintyAndRobustnessInBNNs/runs/mlp512x1/deterministic/seed3_eps0p08_lam0p25.json,mlp512x1,deterministic,3,val,0.08,0.25,robust_eps0p08_lam0p25,0.07,all,predictive_entropy,certified_below_threshold,0.5,,0.9851851851851853,,,0.8666666666666667,,1.0,0.0625
/home/user/thesis/UncertaintyAndRobustnessInBNNs/runs/mlp512x1/deterministic/seed3_eps0p08_lam0p25.json,mlp512x1,deterministic,3,val,0.08,0.25,robust_eps0p08_lam0p25,0.07,all,predictive_entropy,certified_below_threshold,0.9,,0.9851851851851853,,,0.8666666666666667,,1.0,0.0625
/home/user/thesis/UncertaintyAndRobustnessInBNNs/runs/mlp512x1/deterministic/seed3_eps0p08_lam0p25.json,mlp512x1,deterministic,3,val,0.08,0.25,robust_eps0p08_lam0p25,0.07,clean_correct,predictive_entropy,pgd_failure,,0.9641148325358853,1.0,0.03588516746411474,0.9901044088778324,1.0,0.009895591122167646,0.7755102040816326,0.020833333333333332
/home/user/thesis/UncertaintyAndRobustnessInBNNs/runs/mlp512x1/deterministic/seed3_eps0p08_lam0p25.json,mlp512x1,deterministic,3,val,0.08,0.25,robust_eps0p08_lam0p25,0.07,clean_correct,predictive_entropy,certified_below_threshold,0.5,,1.0,,,1.0,,1.0,0.021739130434782608
/home/user/thesis/UncertaintyAndRobustnessInBNNs/runs/mlp512x1/deterministic/seed3_eps0p08_lam0p25.json,mlp512x1,deterministic,3,val,0.08,0.25,robust_eps0p08_lam0p25,0.07,clean_correct,predictive_entropy,certified_below_threshold,0.9,,1.0,,,1.0,,1.0,0.021739130434782608
/home/user/thesis/UncertaintyAndRobustnessInBNNs/runs/mlp512x1/deterministic/seed3_eps0p08_lam0p25.json,mlp512x1,deterministic,3,val,0.08,0.25,robust_eps0p08_lam0p25,0.08,all,expected_entropy,pgd_failure,,0.9659090909090909,0.9787234042553191,0.012814313346228179,0.995471969103563,0.8333333333333333,-0.1621386357702297,0.88,0.06
/home/user/thesis/UncertaintyAndRobustnessInBNNs/runs/mlp512x1/deterministic/seed3_eps0p08_lam0p25.json,mlp512x1,deterministic,3,val,0.08,0.25,robust_eps0p08_lam0p25,0.08,all,expected_entropy,certified_below_threshold,0.5,,0.9851851851851853,,,0.8666666666666667,,1.0,0.0625
/home/user/thesis/UncertaintyAndRobustnessInBNNs/runs/mlp512x1/deterministic/seed3_eps0p08_lam0p25.json,mlp512x1,deterministic,3,val,0.08,0.25,robust_eps0p08_lam0p25,0.08,all,expected_entropy,certified_below_threshold,0.9,,0.9851851851851853,,,0.8666666666666667,,1.0,0.0625
/home/user/thesis/UncertaintyAndRobustnessInBNNs/runs/mlp512x1/deterministic/seed3_eps0p08_lam0p25.json,mlp512x1,deterministic,3,val,0.08,0.25,robust_eps0p08_lam0p25,0.08,clean_correct,expected_entropy,pgd_failure,,0.9651162790697675,1.0,0.03488372093023251,0.9952613791594133,1.0,0.004738620840586738,0.8775510204081632,0.020833333333333332
/home/user/thesis/UncertaintyAndRobustnessInBNNs/runs/mlp512x1/deterministic/seed3_eps0p08_lam0p25.json,mlp512x1,deterministic,3,val,0.08,0.25,robust_eps0p08_lam0p25,0.08,clean_correct,expected_entropy,certified_below_threshold,0.5,,1.0,,,1.0,,1.0,0.021739130434782608
/home/user/thesis/UncertaintyAndRobustnessInBNNs/runs/mlp512x1/deterministic/seed3_eps0p08_lam0p25.json,mlp512x1,deterministic,3,val,0.08,0.25,robust_eps0p08_lam0p25,0.08,clean_correct,expected_entropy,certified_below_threshold,0.9,,1.0,,,1.0,,1.0,0.021739130434782608
/home/user/thesis/UncertaintyAndRobustnessInBNNs/runs/mlp512x1/deterministic/seed3_eps0p08_lam0p25.json,mlp512x1,deterministic,3,val,0.08,0.25,robust_eps0p08_lam0p25,0.08,all,mutual_information,pgd_failure,,0.30303030303030304,0.6382978723404255,0.3352675693101224,0.8712611841916058,0.4375,-0.4337611841916058,0.88,0.06
/home/user/thesis/UncertaintyAndRobustnessInBNNs/runs/mlp512x1/deterministic/seed3_eps0p08_lam0p25.json,mlp512x1,deterministic,3,val,0.08,0.25,robust_eps0p08_lam0p25,0.08,all,mutual_information,certified_below_threshold,0.5,,0.637037037037037,,,0.4384057971014492,,1.0,0.0625
/home/user/thesis/UncertaintyAndRobustnessInBNNs/runs/mlp512x1/deterministic/seed3_eps0p08_lam0p25.json,mlp512x1,deterministic,3,val,0.08,0.25,robust_eps0p08_lam0p25,0.08,all,mutual_information,certified_below_threshold,0.9,,0.637037037037037,,,0.4384057971014492,,1.0,0.0625
/home/user/thesis/UncertaintyAndRobustnessInBNNs/runs/mlp512x1/deterministic/seed3_eps0p08_lam0p25.json,mlp512x1,deterministic,3,val,0.08,0.25,robust_eps0p08_lam0p25,0.08,clean_correct,mutual_information,pgd_failure,,0.2868217054263566,1.0,0.7131782945736433,0.8636759902169858,1.0,0.13632400978301418,0.8775510204081632,0.020833333333333332
/home/user/thesis/UncertaintyAndRobustnessInBNNs/runs/mlp512x1/deterministic/seed3_eps0p08_lam0p25.json,mlp512x1,deterministic,3,val,0.08,0.25,robust_eps0p08_lam0p25,0.08,clean_correct,mutual_information,certified_below_threshold,0.5,,1.0,,,1.0,,1.0,0.021739130434782608
/home/user/thesis/UncertaintyAndRobustnessInBNNs/runs/mlp512x1/deterministic/seed3_eps0p08_lam0p25.json,mlp512x1,deterministic,3,val,0.08,0.25,robust_eps0p08_lam0p25,0.08,clean_correct,mutual_information,certified_below_threshold,0.9,,1.0,,,1.0,,1.0,0.021739130434782608
/home/user/thesis/UncertaintyAndRobustnessInBNNs/runs/mlp512x1/deterministic/seed3_eps0p08_lam0p25.json,mlp512x1,deterministic,3,val,0.08,0.25,robust_eps0p08_lam0p25,0.08,all,one_minus_confidence,pgd_failure,,0.7613636363636364,0.9787234042553192,0.21735976789168288,0.9427272727272726,0.8333333333333333,-0.10939393939393938,0.88,0.06
/home/user/thesis/UncertaintyAndRobustnessInBNNs/runs/mlp512x1/deterministic/seed3_eps0p08_lam0p25.json,mlp512x1,deterministic,3,val,0.08,0.25,robust_eps0p08_lam0p25,0.08,all,one_minus_confidence,certified_below_threshold,0.5,,0.9851851851851852,,,0.8666666666666667,,1.0,0.0625
/home/user/thesis/UncertaintyAndRobustnessInBNNs/runs/mlp512x1/deterministic/seed3_eps0p08_lam0p25.json,mlp512x1,deterministic,3,val,0.08,0.25,robust_eps0p08_lam0p25,0.08,all,one_minus_confidence,certified_below_threshold,0.9,,0.9851851851851852,,,0.8666666666666667,,1.0,0.0625
/home/user/thesis/UncertaintyAndRobustnessInBNNs/runs/mlp512x1/deterministic/seed3_eps0p08_lam0p25.json,mlp512x1,deterministic,3,val,0.08,0.25,robust_eps0p08_lam0p25,0.08,clean_correct,one_minus_confidence,pgd_failure,,0.7558139534883721,1.0,0.2441860465116279,0.940199335548173,1.0,0.05980066445182697,0.8775510204081632,0.020833333333333332
/home/user/thesis/UncertaintyAndRobustnessInBNNs/runs/mlp512x1/deterministic/seed3_eps0p08_lam0p25.json,mlp512x1,deterministic,3,val,0.08,0.25,robust_eps0p08_lam0p25,0.08,clean_correct,one_minus_confidence,certified_below_threshold,0.5,,1.0,,,1.0,,1.0,0.021739130434782608
/home/user/thesis/UncertaintyAndRobustnessInBNNs/runs/mlp512x1/deterministic/seed3_eps0p08_lam0p25.json,mlp512x1,deterministic,3,val,0.08,0.25,robust_eps0p08_lam0p25,0.08,clean_correct,one_minus_confidence,certified_below_threshold,0.9,,1.0,,,1.0,,1.0,0.021739130434782608
/home/user/thesis/UncertaintyAndRobustnessInBNNs/runs/mlp512x1/deterministic/seed3_eps0p08_lam0p25.json,mlp512x1,deterministic,3,val,0.08,0.25,robust_eps0p08_lam0p25,0.08,all,predictive_entropy,pgd_failure,,0.9659090909090909,0.9787234042553191,0.012814313346228179,0.995471969103563,0.8333333333333333,-0.1621386357702297,0.88,0.06
/home/user/thesis/UncertaintyAndRobustnessInBNNs/runs/mlp512x1/deterministic/seed3_eps0p08_lam0p25.json,mlp512x1,deterministic,3,val,0.08,0.25,robust_eps0p08_lam0p25,0.08,all,predictive_entropy,certified_below_threshold,0.5,,0.9851851851851853,,,0.8666666666666667,,1.0,0.0625
/home/user/thesis/UncertaintyAndRobustnessInBNNs/runs/mlp512x1/deterministic/seed3_eps0p08_lam0p25.json,mlp512x1,deterministic,3,val,0.08,0.25,robust_eps0p08_lam0p25,0.08,all,predictive_entropy,certified_below_threshold,0.9,,0.9851851851851853,,,0.8666666666666667,,1.0,0.0625
/home/user/thesis/UncertaintyAndRobustnessInBNNs/runs/mlp512x1/deterministic/seed3_eps0p08_lam0p25.json,mlp512x1,deterministic,3,val,0.08,0.25,robust_eps0p08_lam0p25,0.08,clean_correct,predictive_entropy,pgd_failure,,0.9651162790697675,1.0,0.03488372093023251,0.9952613791594133,1.0,0.004738620840586738,0.8775510204081632,0.020833333333333332
/home/user/thesis/UncertaintyAndRobustnessInBNNs/runs/mlp512x1/deterministic/seed3_eps0p08_lam0p25.json,mlp512x1,deterministic,3,val,0.08,0.25,robust_eps0p08_lam0p25,0.08,clean_correct,predictive_entropy,certified_below_threshold,0.5,,1.0,,,1.0,,1.0,0.021739130434782608
/home/user/thesis/UncertaintyAndRobustnessInBNNs/runs/mlp512x1/deterministic/seed3_eps0p08_lam0p25.json,mlp512x1,deterministic,3,val,0.08,0.25,robust_eps0p08_lam0p25,0.08,clean_correct,predictive_entropy,certified_below_threshold,0.9,,1.0,,,1.0,,1.0,0.021739130434782608
/home/user/thesis/UncertaintyAndRobustnessInBNNs/runs/mlp512x1/deterministic/seed3_eps0p08_lam0p25.json,mlp512x1,deterministic,3,val,0.08,0.25,robust_eps0p08_lam0p25,0.1,all,expected_entropy,pgd_failure,,1.0,0.7242524916943522,-0.27574750830564776,1.0,0.49472525357280345,-0.5052747464271965,0.96,0.14
/home/user/thesis/UncertaintyAndRobustnessInBNNs/runs/mlp512x1/deterministic/seed3_eps0p08_lam0p25.json,mlp512x1,deterministic,3,val,0.08,0.25,robust_eps0p08_lam0p25,0.1,all,expected_entropy,certified_below_threshold,0.5,,0.7945945945945946,,,0.6803921568627451,,1.0,0.11904761904761904
/home/user/thesis/UncertaintyAndRobustnessInBNNs/runs/mlp512x1/deterministic/seed3_eps0p08_lam0p25.json,mlp512x1,deterministic,3,val,0.08,0.25,robust_eps0p08_lam0p25,0.1,all,expected_entropy,certified_below_threshold,0.9,,0.7522522522522522,,,0.6093525386694266,,1.0,0.13953488372093023
/home/user/thesis/UncertaintyAndRobustnessInBNNs/runs/mlp512x1/deterministic/seed3_eps0p08_lam0p25.json,mlp512x1,deterministic,3,val,0.08,0.25,robust_eps0p08_lam0p25,0.1,clean_correct,expected_entropy,pgd_failure,,1.0,0.627906976744186,-0.37209302325581395,1.0,0.32912457912457915,-0.6708754208754208,0.9591836734693877,0.10416666666666667
/home/user/thesis/UncertaintyAndRobustnessInBNNs/runs/mlp512x1/deterministic/seed3_eps0p08_lam0p25.json,mlp512x1,deterministic,3,val,0.08,0.25,robust_eps0p08_lam0p25,0.1,clean_correct,expected_entropy,certified_below_threshold,0.5,,0.6576576576576576,,,0.41349206349206347,,1.0,0.075
/home/user/thesis/UncertaintyAndRobustnessInBNNs/runs/mlp512x1/deterministic/seed3_eps0p08_lam0p25.json,mlp512x1,deterministic,3,val,0.08,0.25,robust_eps0p08_lam0p25,0.1,clean_correct,expected_entropy,certified_below_threshold,0.9,,0.6283783783783783,,,0.355316091954023,,1.0,0.0975609756097561
/home/user/thesis/UncertaintyAndRobustnessInBNNs/runs/mlp512x1/deterministic/seed3_eps0p08_lam0p25.json,mlp512x1,deterministic,3,val,0.08,0.25,robust_eps0p08_lam0p25,0.1,all,mutual_information,pgd_failure,,0.30208333333333337,0.686046511627907,0.3839631782945736,0.9546049266891128,0.3541659670861351,-0.6004389596029777,0.96,0.14
/home/user/thesis/UncertaintyAndRobustnessInBNNs/runs/mlp512x1/deterministic/seed3_eps0p08_lam0p25.json,mlp512x1,deterministic,3,val,0.08,0.25,robust_eps0p08_lam0p25,0.1,all,mutual_information,certified_below_threshold,0.5,,0.672972972972973,,,0.3885919245747079,,1.0,0.11904761904761904
/home/user/thesis/UncertaintyAndRobustnessInBNNs/runs/mlp512x1/deterministic/seed3_eps0p08_lam0p25.json,mlp512x1,deterministic,3,val,0.08,0.25,robust_eps0p08_lam0p25,0.1,all,mutual_information,certified_below_threshold,0.9,,0.6869369369369369,,,0.3856735856735857,,1.0,0.13953488372093023
/home/user/thesis/UncertaintyAndRobustnessInBNNs/runs/mlp512x1/deterministic/seed3_eps0p08_lam0p25.json,mlp512x1,deterministic,3,val,0.08,0.25,robust_eps0p08_lam0p25,0.1,clean_correct,mutual_information,pgd_failure,,0.2872340425531915,0.7790697674418605,0.491835724888669,0.9519017592876997,0.3771062271062271,-0.5747955321814726,0.9591836734693877,0.10416666666666667
/home/user/thesis/UncertaintyAndRobustnessInBNNs/runs/mlp512x1/deterministic/seed3_eps0p08_lam0p25.json,mlp512x1,deterministic,3,val,0.08,0.25,robust_eps0p08_lam0p25,0.1,clean_correct,mutual_information,certified_below_threshold,0.5,,0.8243243243243243,,,0.4699074074074074,,1.0,0.075
/home/user/thesis/UncertaintyAndRobustnessInBNNs/runs/mlp512x1/deterministic/seed3_eps0p08_lam0p25.json,mlp512x1,deterministic,3,val,0.08,0.25,robust_eps0p08_lam0p25,0.1,clean_correct,mutual_information,certified_below_threshold,0.9,,0.8074324324324325,,,0.42687908496732024,,1.0,0.0975609756097561
/home/user/thesis/UncertaintyAndRobustnessInBNNs/runs/mlp512x1/deterministic/seed3_eps0p08_lam0p25.json,mlp512x1,deterministic,3,val,0.08,0.25,robust_eps0p08_lam0p25,0.1,all,one_minus_confidence,pgd_failure,,0.7395833333333334,0.6578073089700996,-0.08177602436323372,0.9791666666666667,0.46909090909090906,-0.5100757575757577,0.96,0.14
/home/user/thesis/UncertaintyAndRobustnessInBNNs/runs/mlp512x1/deterministic/seed3_eps0p08_lam0p25.json,mlp512x1,deterministic,3,val,0.08,0.25,robust_eps0p08_lam0p25,0.1,all,one_minus_confidence,certified_below_threshold,0.5,,0.7297297297297298,,,0.6476190476190475,,1.0,0.11904761904761904
/home/user/thesis/UncertaintyAndRobustnessInBNNs/runs/mlp512x1/deterministic/seed3_eps0p08_lam0p25.json,mlp512x1,deterministic,3,val,0.08,0.25,robust_eps0p08_lam0p25,0.1,all,one_minus_confidence,certified_below_threshold,0.9,,0.6621621621621622,,,0.5697674418604651,,1.0,0.13953488372093023
/home/user/thesis/UncertaintyAndRobustnessInBNNs/runs/mlp512x1/deterministic/seed3_eps0p08_lam0p25.json,mlp512x1,deterministic,3,val,0.08,0.25,robust_eps0p08_lam0p25,0.1,clean_correct,one_minus_confidence,pgd_failure,,0.7340425531914894,0.5348837209302326,-0.19915883226125675,0.9782891880156319,0.30694444444444446,-0.6713447435711875,0.9591836734693877,0.10416666666666667
/home/user/thesis/UncertaintyAndRobustnessInBNNs/runs/mlp512x1/deterministic/seed3_eps0p08_lam0p25.json,mlp512x1,deterministic,3,val,0.08,0.25,robust_eps0p08_lam0p25,0.1,clean_correct,one_minus_confidence,certified_below_threshold,0.5,,0.5495495495495496,,,0.3833333333333333,,1.0,0.075
/home/user/thesis/UncertaintyAndRobustnessInBNNs/runs/mlp512x1/deterministic/seed3_eps0p08_lam0p25.json,mlp512x1,deterministic,3,val,0.08,0.25,robust_eps0p08_lam0p25,0.1,clean_correct,one_minus_confidence,certified_below_threshold,0.9,,0.49324324324324326,,,0.3231707317073171,,1.0,0.0975609756097561
/home/user/thesis/UncertaintyAndRobustnessInBNNs/runs/mlp512x1/deterministic/seed3_eps0p08_lam0p25.json,mlp512x1,deterministic,3,val,0.08,0.25,robust_eps0p08_lam0p25,0.1,all,predictive_entropy,pgd_failure,,1.0,0.7242524916943522,-0.27574750830564776,1.0,0.49472525357280345,-0.5052747464271965,0.96,0.14
/home/user/thesis/UncertaintyAndRobustnessInBNNs/runs/mlp512x1/deterministic/seed3_eps0p08_lam0p25.json,mlp512x1,deterministic,3,val,0.08,0.25,robust_eps0p08_lam0p25,0.1,all,predictive_entropy,certified_below_threshold,0.5,,0.7945945945945946,,,0.6803921568627451,,1.0,0.11904761904761904
/home/user/thesis/UncertaintyAndRobustnessInBNNs/runs/mlp512x1/deterministic/seed3_eps0p08_lam0p25.json,mlp512x1,deterministic,3,val,0.08,0.25,robust_eps0p08_lam0p25,0.1,all,predictive_entropy,certified_below_threshold,0.9,,0.7522522522522522,,,0.6093525386694266,,1.0,0.13953488372093023
/home/user/thesis/UncertaintyAndRobustnessInBNNs/runs/mlp512x1/deterministic/seed3_eps0p08_lam0p25.json,mlp512x1,deterministic,3,val,0.08,0.25,robust_eps0p08_lam0p25,0.1,clean_correct,predictive_entropy,pgd_failure,,1.0,0.627906976744186,-0.37209302325581395,1.0,0.32912457912457915,-0.6708754208754208,0.9591836734693877,0.10416666666666667
/home/user/thesis/UncertaintyAndRobustnessInBNNs/runs/mlp512x1/deterministic/seed3_eps0p08_lam0p25.json,mlp512x1,deterministic,3,val,0.08,0.25,robust_eps0p08_lam0p25,0.1,clean_correct,predictive_entropy,certified_below_threshold,0.5,,0.6576576576576576,,,0.41349206349206347,,1.0,0.075
/home/user/thesis/UncertaintyAndRobustnessInBNNs/runs/mlp512x1/deterministic/seed3_eps0p08_lam0p25.json,mlp512x1,deterministic,3,val,0.08,0.25,robust_eps0p08_lam0p25,0.1,clean_correct,predictive_entropy,certified_below_threshold,0.9,,0.6283783783783783,,,0.355316091954023,,1.0,0.0975609756097561
/home/user/thesis/UncertaintyAndRobustnessInBNNs/runs/mlp512x1/deterministic/seed4_eps0p08_lam0p25.json,mlp512x1,deterministic,4,val,0.08,0.25,robust_eps0p08_lam0p25,0.01,all,expected_entropy,pgd_failure,,1.0,0.96875,-0.03125,1.0,0.7,-0.30000000000000004,0.04,0.04
/home/user/thesis/UncertaintyAndRobustnessInBNNs/runs/mlp512x1/deterministic/seed4_eps0p08_lam0p25.json,mlp512x1,deterministic,4,val,0.08,0.25,robust_eps0p08_lam0p25,0.01,all,expected_entropy,certified_below_threshold,0.5,1.0,0.96875,-0.03125,1.0,0.7,-0.30000000000000004,0.04,0.04
/home/user/thesis/UncertaintyAndRobustnessInBNNs/runs/mlp512x1/deterministic/seed4_eps0p08_lam0p25.json,mlp512x1,deterministic,4,val,0.08,0.25,robust_eps0p08_lam0p25,0.01,all,expected_entropy,certified_below_threshold,0.9,1.0,0.96875,-0.03125,1.0,0.7,-0.30000000000000004,0.04,0.04
/home/user/thesis/UncertaintyAndRobustnessInBNNs/runs/mlp512x1/deterministic/seed4_eps0p08_lam0p25.json,mlp512x1,deterministic,4,val,0.08,0.25,robust_eps0p08_lam0p25,0.01,clean_correct,expected_entropy,pgd_failure,,,,,,,,0.0,0.0
/home/user/thesis/UncertaintyAndRobustnessInBNNs/runs/mlp512x1/deterministic/seed4_eps0p08_lam0p25.json,mlp512x1,deterministic,4,val,0.08,0.25,robust_eps0p08_lam0p25,0.01,clean_correct,expected_entropy,certified_below_threshold,0.5,,,,,,,0.0,0.0
/home/user/thesis/UncertaintyAndRobustnessInBNNs/runs/mlp512x1/deterministic/seed4_eps0p08_lam0p25.json,mlp512x1,deterministic,4,val,0.08,0.25,robust_eps0p08_lam0p25,0.01,clean_correct,expected_entropy,certified_below_threshold,0.9,,,,,,,0.0,0.0
/home/user/thesis/UncertaintyAndRobustnessInBNNs/runs/mlp512x1/deterministic/seed4_eps0p08_lam0p25.json,mlp512x1,deterministic,4,val,0.08,0.25,robust_eps0p08_lam0p25,0.01,all,mutual_information,pgd_failure,,0.14583333333333331,0.5208333333333333,0.37499999999999994,0.03443449048152296,0.2712765957446808,0.23684210526315785,0.04,0.04
/home/user/thesis/UncertaintyAndRobustnessInBNNs/runs/mlp512x1/deterministic/seed4_eps0p08_lam0p25.json,mlp512x1,deterministic,4,val,0.08,0.25,robust_eps0p08_lam0p25,0.01,all,mutual_information,certified_below_threshold,0.5,0.14583333333333331,0.5208333333333333,0.37499999999999994,0.03443449048152296,0.2712765957446808,0.23684210526315785,0.04,0.04
/home/user/thesis/UncertaintyAndRobustnessInBNNs/runs/mlp512x1/deterministic/seed4_eps0p08_lam0p25.json,mlp512x1,deterministic,4,val,0.08,0.25,robust_eps0p08_lam0p25,0.01,all,mutual_information,certified_below_threshold,0.9,0.14583333333333331,0.5208333333333333,0.37499999999999994,0.03443449048152296,0.2712765957446808,0.23684210526315785,0.04,0.04
/home/user/thesis/UncertaintyAndRobustnessInBNNs/runs/mlp512x1/deterministic/seed4_eps0p08_lam0p25.json,mlp512x1,deterministic,4,val,0.08,0.25,robust_eps0p08_lam0p25,0.01,clean_correct,mutual_information,pgd_failure,,,,,,,,0.0,0.0
/home/user/thesis/UncertaintyAndRobustnessInBNNs/runs/mlp512x1/deterministic/seed4_eps0p08_lam0p25.json,mlp512x1,deterministic,4,val,0.08,0.25,robust_eps0p08_lam0p25,0.01,clean_correct,mutual_information,certified_below_threshold,0.5,,,,,,,0.0,0.0
/home/user/thesis/UncertaintyAndRobustnessInBNNs/runs/mlp512x1/deterministic/seed4_eps0p08_lam0p25.json,mlp512x1,deterministic,4,val,0.08,0.25,robust_eps0p08_lam0p25,0.01,clean_correct,mutual_information,certified_below_threshold,0.9,,,,,,,0.0,0.0
/home/user/thesis/UncertaintyAndRobustnessInBNNs/runs/mlp512x1/deterministic/seed4_eps0p08_lam0p25.json,mlp512x1,deterministic,4,val,0.08,0.25,robust_eps0p08_lam0p25,0.01,all,one_minus_confidence,pgd_failure,,1.0,0.96875,-0.03125,1.0,0.7,-0.30000000000000004,0.04,0.04
/home/user/thesis/UncertaintyAndRobustnessInBNNs/runs/mlp512x1/deterministic/seed4_eps0p08_lam0p25.json,mlp512x1,deterministic,4,val,0.08,0.25,robust_eps0p08_lam0p25,0.01,all,one_minus_confidence,certified_below_threshold,0.5,1.0,0.96875,-0.03125,1.0,0.7,-0.30000000000000004,0.04,0.04
/home/user/thesis/UncertaintyAndRobustnessInBNNs/runs/mlp512x1/deterministic/seed4_eps0p08_lam0p25.json,mlp512x1,deterministic,4,val,0.08,0.25,robust_eps0p08_lam0p25,0.01,all,one_minus_confidence,certified_below_threshold,0.9,1.0,0.96875,-0.03125,1.0,0.7,-0.30000000000000004,0.04,0.04
/home/user/thesis/UncertaintyAndRobustnessInBNNs/runs/mlp512x1/deterministic/seed4_eps0p08_lam0p25.json,mlp512x1,deterministic,4,val,0.08,0.25,robust_eps0p08_lam0p25,0.01,clean_correct,one_minus_confidence,pgd_failure,,,,,,,,0.0,0.0
/home/user/thesis/UncertaintyAndRobustnessInBNNs/runs/mlp512x1/deterministic/seed4_eps0p08_lam0p25.json,mlp512x1,deterministic,4,val,0.08,0.25,robust_eps0p08_lam0p25,0.01,clean_correct,one_minus_confidence,certified_below_threshold,0.5,,,,,,,0.0,0.0
/home/user/thesis/UncertaintyAndRobustnessInBNNs/runs/mlp512x1/deterministic/seed4_eps0p08_lam0p25.json,mlp512x1,deterministic,4,val,0.08,0.25,robust_eps0p08_lam0p25,0.01,clean_correct,one_minus_confidence,certified_below_threshold,0.9,,,,,,,0.0,0.0
/home/user/thesis/UncertaintyAndRobustnessInBNNs/runs/mlp512x1/deterministic/seed4_eps0p08_lam0p25.json,mlp512x1,deterministic,4,val,0.08,0.25,robust_eps0p08_lam0p25,0.01,all,predictive_entropy,pgd_failure,,1.0,0.96875,-0.03125,1.0,0.7,-0.30000000000000004,0.04,0.04
/home/user/thesis/UncertaintyAndRobustnessInBNNs/runs/mlp512x1/deterministic/seed4_eps0p08_lam0p25.json,mlp512x1,deterministic,4,val,0.08,0.25,robust_eps0p08_lam0p25,0.01,all,predictive_entropy,certified_below_threshold,0.5,1.0,0.96875,-0.03125,1.0,0.7,-0.30000000000000004,0.04,0.04
/home/user/thesis/UncertaintyAndRobustnessInBNNs/runs/mlp512x1/deterministic/seed4_eps0p08_lam0p25.json,mlp512x1,deterministic,4,val,0.08,0.25,robust_eps0p08_lam0p25,0.01,all,predictive_entropy,certified_below_threshold,0.9,1.0,0.96875,-0.03125,1.0,0.7,-0.30000000000000004,0.04,0.04
/home/user/thesis/UncertaintyAndRobustnessInBNNs/runs/mlp512x1/deterministic/seed4_eps0p08_lam0p25.json,mlp512x1,deterministic,4,val,0.08,0.25,robust_eps0p08_lam0p25,0.01,clean_correct,predictive_entropy,pgd_failure,,,,,,,,0.0,0.0
/home/user/thesis/UncertaintyAndRobustnessInBNNs/runs/mlp512x1/deterministic/seed4_eps0p08_lam0p25.json,mlp512x1,deterministic,4,val,0.08,0.25,robust_eps0p08_lam0p25,0.01,clean_correct,predictive_entropy,certified_below_threshold,0.5,,,,,,,0.0,0.0
/home/user/thesis/UncertaintyAndRobustnessInBNNs/runs/mlp512x1/deterministic/seed4_eps0p08_lam0p25.json,mlp512x1,deterministic,4,val,0.08,0.25,robust_eps0p08_lam0p25,0.01,clean_correct,predictive_entropy,certified_below_threshold,0.9,,,,,,,0.0,0.0
/home/user/thesis/UncertaintyAndRobustnessInBNNs/runs/mlp512x1/deterministic/seed4_eps0p08_lam0p25.json,mlp512x1,deterministic,4,val,0.08,0.25,robust_eps0p08_lam0p25,0.05,all,expected_entropy,pgd_failure,,0.9243156199677939,0.96875,0.04443438003220612,0.9245898090274856,0.7,-0.2245898090274856,0.46,0.04
/home/user/thesis/UncertaintyAndRobustnessInBNNs/runs/mlp512x1/deterministic/seed4_eps0p08_lam0p25.json,mlp512x1,deterministic,4,val,0.08,0.25,robust_eps0p08_lam0p25,0.05,all,expected_entropy,certified_below_threshold,0.5,,0.9787234042553192,,,0.75,,1.0,0.04081632653061224
/home/user/thesis/UncertaintyAndRobustnessInBNNs/runs/mlp512x1/deterministic/seed4_eps0p08_lam0p25.json,mlp512x1,deterministic,4,val,0.08,0.25,robust_eps0p08_lam0p25,0.05,all,expected_entropy,certified_below_threshold,0.9,,0.9787234042553192,,,0.75,,1.0,0.04081632653061224
/home/user/thesis/UncertaintyAndRobustnessInBNNs/runs/mlp512x1/deterministic/seed4_eps0p08_lam0p25.json,mlp512x1,deterministic,4,val,0.08,0.25,robust_eps0p08_lam0p25,0.05,clean_correct,expected_entropy,pgd_failure,,0.9171075837742504,,,0.909858306046651,,,0.4375,0.0
/home/user/thesis/UncertaintyAndRobustnessInBNNs/runs/mlp512x1/deterministic/seed4_eps0p08_lam0p25.json,mlp512x1,deterministic,4,val,0.08,0.25,robust_eps0p08_lam0p25,0.05,clean_correct,expected_entropy,certified_below_threshold,0.5,,,,,,,1.0,0.0
/home/user/thesis/UncertaintyAndRobustnessInBNNs/runs/mlp512x1/deterministic/seed4_eps0p08_lam0p25.json,mlp512x1,deterministic,4,val,0.08,0.25,robust_eps0p08_lam0p25,0.05,clean_correct,expected_entropy,certified_below_threshold,0.9,,,,,,,1.0,0.0
/home/user/thesis/UncertaintyAndRobustnessInBNNs/runs/mlp512x1/deterministic/seed4_eps0p08_lam0p25.json,mlp512x1,deterministic,4,val,0.08,0.25,robust_eps0p08_lam0p25,0.05,all,mutual_information,pgd_failure,,0.4492753623188406,0.5208333333333333,0.07155797101449268,0.6361360481403602,0.2712765957446808,-0.36485945239567935,0.46,0.04
/home/user/thesis/UncertaintyAndRobustnessInBNNs/runs/mlp512x1/deterministic/seed4_eps0p08_lam0p25.json,mlp512x1,deterministic,4,val,0.08,0.25,robust_eps0p08_lam0p25,0.05,all,mutual_information,certified_below_threshold,0.5,,0.5212765957446809,,,0.2717391304347826,,1.0,0.04081632653061224
/home/user/thesis/UncertaintyAndRobustnessInBNNs/runs/mlp512x1/deterministic/seed4_eps0p08_lam0p25.json,mlp512x1,deterministic,4,val,0.08,0.25,robust_eps0p08_lam0p25,0.05,all,mutual_information,certified_below_threshold,0.9,,0.5212765957446809,,,0.2717391304347826,,1.0,0.04081632653061224
/home/user/thesis/UncertaintyAndRobustnessInBNNs/runs/mlp512x1/deterministic/seed4_eps0p08_lam0p25.json,mlp512x1,deterministic,4,val,0.08,0.25,robust_eps0p08_lam0p25,0.05,clean_correct,mutual_information,pgd_failure,,0.4885361552028219,,,0.6525857272088924,,,0.4375,0.0
/home/user/thesis/UncertaintyAndRobustnessInBNNs/runs/mlp512x1/deterministic/seed4_eps0p08_lam0p25.json,mlp512x1,deterministic,4,val,0.08,0.25,robust_eps0p08_lam0p25,0.05,clean_correct,mutual_information,certified_below_threshold,0.5,,,,,,,1.0,0.0
/home/user/thesis/UncertaintyAndRobustnessInBNNs/runs/mlp512x1/deterministic/seed4_eps0p08_lam0p25.json,mlp512x1,deterministic,4,val,0.08,0.25,robust_eps0p08_lam0p25,0.05,clean_correct,mutual_information,certified_below_threshold,0.9,,,,,,,1.0,0.0
/home/user/thesis/UncertaintyAndRobustnessInBNNs/runs/mlp512x1/deterministic/seed4_eps0p08_lam0p25.json,mlp512x1,deterministic,4,val,0.08,0.25,robust_eps0p08_lam0p25,0.05,all,one_minus_confidence,pgd_failure,,0.859098228663446,0.96875,0.10965177133655402,0.8528278307370376,0.7,-0.15282783073703765,0.46,0.04
/home/user/thesis/UncertaintyAndRobustnessInBNNs/runs/mlp512x1/deterministic/seed4_eps0p08_lam0p25.json,mlp512x1,deterministic,4,val,0.08,0.25,robust_eps0p08_lam0p25,0.05,all,one_minus_confidence,certified_below_threshold,0.5,,0.9787234042553191,,,0.75,,1.0,0.04081632653061224
/home/user/thesis/UncertaintyAndRobustnessInBNNs/runs/mlp512x1/deterministic/seed4_eps0p08_lam0p25.json,mlp512x1,deterministic,4,val,0.08,0.25,robust_eps0p08_lam0p25,0.05,all,one_minus_confidence,certified_below_threshold,0.9,,0.9787234042553191,,,0.75,,1.0,0.04081632653061224
/home/user/thesis/UncertaintyAndRobustnessInBNNs/runs/mlp512x1/deterministic/seed4_eps0p08_lam0p25.json,mlp512x1,deterministic,4,val,0.08,0.25,robust_eps0p08_lam0p25,0.05,clean_correct,one_minus_confidence,pgd_failure,,0.845679012345679,,,0.8294588348159777,,,0.4375,0.0
/home/user/thesis/UncertaintyAndRobustnessInBNNs/runs/mlp512x1/deterministic/seed4_eps0p08_lam0p25.json,mlp512x1,deterministic,4,val,0.08,0.25,robust_eps0p08_lam0p25,0.05,clean_correct,one_minus_confidence,certified_below_threshold,0.5,,,,,,,1.0,0.0
/home/user/thesis/UncertaintyAndRobustnessInBNNs/runs/mlp512x1/deterministic/seed4_eps0p08_lam0p25.json,mlp512x1,deterministic,4,val,0.08,0.25,robust_eps0p08_lam0p25,0.05,clean_correct,one_minus_confidence,certified_below_threshold,0.9,,,,,,,1.0,0.0
/home/user/thesis/UncertaintyAndRobustnessInBNNs/runs/mlp512x1/deterministic/seed4_eps0p08_lam0p25.json,mlp512x1,deterministic,4,val,0.08,0.25,robust_eps0p08_lam0p25,0.05,all,predictive_entropy,pgd_failure,,0.9243156199677939,0.96875,0.04443438003220612,0.9245898090274856,0.7,-0.2245898090274856,0.46,0.04
/home/user/thesis/UncertaintyAndRobustnessInBNNs/runs/mlp512x1/deterministic/seed4_eps0p08_lam0p25.json,mlp512x1,deterministic,4,val,0.08,0.25,robust_eps0p08_lam0p25,0.05,all,predictive_entropy,certified_below_threshold,0.5,,0.9787234042553192,,,0.75,,1.0,0.04081632653061224
/home/user/thesis/UncertaintyAndRobustnessInBNNs/runs/mlp512x1/deterministic/seed4_eps0p08_lam0p25.json,mlp512x1,deterministic,4,val,0.08,0.25,robust_eps0p08_lam0p25,0.05,all,predictive_entropy,certified_below_threshold,0.9,,0.9787234042553192,,,0.75,,1.0,0.04081632653061224
/home/user/thesis/UncertaintyAndRobustnessInBNNs/runs/mlp512x1/deterministic/seed4_eps0p08_lam0p25.json,mlp512x1,deterministic,4,val,0.08,0.25,robust_eps0p08_lam0p25,0.05,clean_correct,predictive_entropy,pgd_failure,,0.9171075837742504,,,0.909858306046651,,,0.4375,0.0
/home/user/thesis/UncertaintyAndRobustnessInBNNs/runs/mlp512x1/deterministic/seed4_eps0p08_lam0p25.json,mlp512x1,deterministic,4,val,0.08,0.25,robust_eps0p08_lam0p25,0.05,clean_correct,predictive_entropy,certified_below_threshold,0.5,,,,,,,1.0,0.0
/home/user/thesis/UncertaintyAndRobustnessInBNNs/runs/mlp512x1/deterministic/seed4_eps0p08_lam0p25.json,mlp512x1,deterministic,4,val,0.08,0.25,robust_eps0p08_lam0p25,0.05,clean_correct,predictive_entropy,certified_below_threshold,0.9,,,,,,,1.0,0.0
/home/user/thesis/UncertaintyAndRobustnessInBNNs/runs/mlp512x1/deterministic/seed4_eps0p08_lam0p25.json,mlp512x1,deterministic,4,val,0.08,0.25,robust_eps0p08_lam0p25,0.07,all,expected_entropy,pgd_failure,,0.9166666666666667,0.9787234042553192,0.06205673758865249,0.9758742447878567,0.7555555555555555,-0.22031868923230113,0.76,0.06
/home/user/thesis/UncertaintyAndRobustnessInBNNs/runs/mlp512x1/deterministic/seed4_eps0p08_lam0p25.json,mlp512x1,deterministic,4,val,0.08,0.25,robust_eps0p08_lam0p25,0.07,all,expected_entropy,certified_below_threshold,0.5,,0.9787234042553192,,,0.7555555555555555,,1.0,0.06
/home/user/thesis/UncertaintyAndRobustnessInBNNs/runs/mlp512x1/deterministic/seed4_eps0p08_lam0p25.json,mlp512x1,deterministic,4,val,0.08,0.25,robust_eps0p08_lam0p25,0.07,all,expected_entropy,certified_below_threshold,0.9,,0.9787234042553192,,,0.7555555555555555,,1.0,0.06
/home/user/thesis/UncertaintyAndRobustnessInBNNs/runs/mlp512x1/deterministic/seed4_eps0p08_lam0p25.json,mlp512x1,deterministic,4,val,0.08,0.25,robust_eps0p08_lam0p25,0.07,clean_correct,expected_entropy,pgd_failure,,0.9120370370370371,0.9787234042553191,0.06668636721828203,0.9732188414660171,0.5,-0.4732188414660171,0.75,0.020833333333333332
/home/user/thesis/UncertaintyAndRobustnessInBNNs/runs/mlp512x1/deterministic/seed4_eps0p08_lam0p25.json,mlp512x1,deterministic,4,val,0.08,0.25,robust_eps0p08_lam0p25,0.07,clean_correct,expected_entropy,certified_below_threshold,0.5,,0.9787234042553191,,,0.5,,1.0,0.020833333333333332
/home/user/thesis/UncertaintyAndRobustnessInBNNs/runs/mlp512x1/deterministic/seed4_eps0p08_lam0p25.json,mlp512x1,deterministic,4,val,0.08,0.25,robust_eps0p08_lam0p25,0.07,clean_correct,expected_entropy,certified_below_threshold,0.9,,0.9787234042553191,,,0.5,,1.0,0.020833333333333332
/home/user/thesis/UncertaintyAndRobustnessInBNNs/runs/mlp512x1/deterministic/seed4_eps0p08_lam0p25.json,mlp512x1,deterministic,4,val,0.08,0.25,robust_eps0p08_lam0p25,0.07,all,mutual_information,pgd_failure,,0.4276315789473684,0.652482269503546,0.22485069055617762,0.8153360451955323,0.2990543735224586,-0.5162816716730736,0.76,0.06
/home/user/thesis/UncertaintyAndRobustnessInBNNs/runs/mlp512x1/deterministic/seed4_eps0p08_lam0p25.json,mlp512x1,deterministic,4,val,0.08,0.25,robust_eps0p08_lam0p25,0.07,all,mutual_information,certified_below_threshold,0.5,,0.652482269503546,,,0.2990543735224586,,1.0,0.06
/home/user/thesis/UncertaintyAndRobustnessInBNNs/runs/mlp512x1/deterministic/seed4_eps0p08_lam0p25.json,mlp512x1,deterministic,4,val,0.08,0.25,robust_eps0p08_lam0p25,0.07,all,mutual_information,certified_below_threshold,0.9,,0.652482269503546,,,0.2990543735224586,,1.0,0.06
/home/user/thesis/UncertaintyAndRobustnessInBNNs/runs/mlp512x1/deterministic/seed4_eps0p08_lam0p25.json,mlp512x1,deterministic,4,val,0.08,0.25,robust_eps0p08_lam0p25,0.07,clean_correct,mutual_information,pgd_failure,,0.4513888888888889,0.9148936170212766,0.4635047281323877,0.8185567475315412,0.2,-0.6185567475315412,0.75,0.020833333333333332
/home/user/thesis/UncertaintyAndRobustnessInBNNs/runs/mlp512x1/deterministic/seed4_eps0p08_lam0p25.json,mlp512x1,deterministic,4,val,0.08,0.25,robust_eps0p08_lam0p25,0.07,clean_correct,mutual_information,certified_below_threshold,0.5,,0.9148936170212766,,,0.2,,1.0,0.020833333333333332
/home/user/thesis/UncertaintyAndRobustnessInBNNs/runs/mlp512x1/deterministic/seed4_eps0p08_lam0p25.json,mlp512x1,deterministic,4,val,0.08,0.25,robust_eps0p08_lam0p25,0.07,clean_correct,mutual_information,certified_below_threshold,0.9,,0.9148936170212766,,,0.2,,1.0,0.020833333333333332
/home/user/thesis/UncertaintyAndRobustnessInBNNs/runs/mlp512x1/deterministic/seed4_eps0p08_lam0p25.json,mlp512x1,deterministic,4,val,0.08,0.25,robust_eps0p08_lam0p25,0.07,all,one_minus_confidence,pgd_failure,,0.7894736842105263,0.9858156028368794,0.19634191862635308,0.8989473684210525,0.8666666666666667,-0.0322807017543858,0.76,0.06
/home/user/thesis/UncertaintyAndRobustnessInBNNs/runs/mlp512x1/deterministic/seed4_eps0p08_lam0p25.json,mlp512x1,deterministic,4,val,0.08,0.25,robust_eps0p08_lam0p25,0.07,all,one_minus_confidence,certified_below_threshold,0.5,,0.9858156028368794,,,0.8666666666666667,,1.0,0.06
/home/user/thesis/UncertaintyAndRobustnessInBNNs/runs/mlp512x1/deterministic/seed4_eps0p08_lam0p25.json,mlp512x1,deterministic,4,val,0.08,0.25,robust_eps0p08_lam0p25,0.07,all,one_minus_confidence,certified_below_threshold,0.9,,0.9858156028368794,,,0.8666666666666667,,1.0,0.06
/home/user/thesis/UncertaintyAndRobustnessInBNNs/runs/mlp512x1/deterministic/seed4_eps0p08_lam0p25.json,mlp512x1,deterministic,4,val,0.08,0.25,robust_eps0p08_lam0p25,0.07,clean_correct,one_minus_confidence,pgd_failure,,0.7777777777777778,1.0,0.2222222222222222,0.888888888888889,1.0,0.11111111111111105,0.75,0.020833333333333332
/home/user/thesis/UncertaintyAndRobustnessInBNNs/runs/mlp512x1/deterministic/seed4_eps0p08_lam0p25.json,mlp512x1,deterministic,4,val,0.08,0.25,robust_eps0p08_lam0p25,0.07,clean_correct,one_minus_confidence,certified_below_threshold,0.5,,1.0,,,1.0,,1.0,0.020833333333333332
/home/user/thesis/UncertaintyAndRobustnessInBNNs/runs/mlp512x1/deterministic/seed4_eps0p08_lam0p25.json,mlp512x1,deterministic,4,val,0.08,0.25,robust_eps0p08_lam0p25,0.07,clean_correct,one_minus_confidence,certified_below_threshold,0.9,,1.0,,,1.0,,1.0,0.020833333333333332
/home/user/thesis/UncertaintyAndRobustnessInBNNs/runs/mlp512x1/deterministic/seed4_eps0p08_lam0p25.json,mlp512x1,deterministic,4,val,0.08,0.25,robust_eps0p08_lam0p25,0.07,all,predictive_entropy,pgd_failure,,0.9166666666666667,0.9787234042553192,0.06205673758865249,0.9758742447878567,0.7555555555555555,-0.22031868923230113,0.76,0.06
/home/user/thesis/UncertaintyAndRobustnessInBNNs/runs/mlp512x1/deterministic/seed4_eps0p08_lam0p25.json,mlp512x1,deterministic,4,val,0.08,0.25,robust_eps0p08_lam0p25,0.07,all,predictive_entropy,certified_below_threshold,0.5,,0.9787234042553192,,,0.7555555555555555,,1.0,0.06
/home/user/thesis/UncertaintyAndRobustnessInBNNs/runs/mlp512x1/deterministic/seed4_eps0p08_lam0p25.json,mlp512x1,deterministic,4,val,0.08,0.25,robust_eps0p08_lam0p25,0.07,all,predictive_entropy,certified_below_threshold,0.9,,0.9787234042553192,,,0.7555555555555555,,1.0,0.06
/home/user/thesis/UncertaintyAndRobustnessInBNNs/runs/mlp512x1/deterministic/seed4_eps0p08_lam0p25.json,mlp512x1,deterministic,4,val,0.08,0.25,robust_eps0p08_lam0p25,0.07,clean_correct,predictive_entropy,pgd_failure,,0.9120370370370371,0.9787234042553191,0.06668636721828203,0.9732188414660171,0.5,-0.4732188414660171,0.75,0.020833333333333332
/home/user/thesis/UncertaintyAndRobustnessInBNNs/runs/mlp512x1/deterministic/seed4_eps0p08_lam0p25.json,mlp512x1,deterministic,4,val,0.08,0.25,robust_eps0p08_lam0p25,0.07,clean_correct,predictive_entropy,certified_below_threshold,0.5,,0.9787234042553191,,,0.5,,1.0,0.020833333333333332
/home/user/thesis/UncertaintyAndRobustnessInBNNs/runs/mlp512x1/deterministic/seed4_eps0p08_lam0p25.json,mlp512x1,deterministic,4,val,0.08,0.25,robust_eps0p08_lam0p25,0.07,clean_correct,predictive_entropy,certified_below_threshold,0.9,,0.9787234042553191,,,0.5,,1.0,0.020833333333333332
/home/user/thesis/UncertaintyAndRobustnessInBNNs/runs/mlp512x1/deterministic/seed4_eps0p08_lam0p25.json,mlp512x1,deterministic,4,val,0.08,0.25,robust_eps0p08_lam0p25,0.08,all,expected_entropy,pgd_failure,,0.9293478260869565,0.9787234042553192,0.04937557816836269,0.9936783287687707,0.7555555555555555,-0.23812277321321518,0.92,0.06
/home/user/thesis/UncertaintyAndRobustnessInBNNs/runs/mlp512x1/deterministic/seed4_eps0p08_lam0p25.json,mlp512x1,deterministic,4,val,0.08,0.25,robust_eps0p08_lam0p25,0.08,all,expected_entropy,certified_below_threshold,0.5,,0.9772727272727273,,,0.7555555555555555,,1.0,0.06382978723404255
/home/user/thesis/UncertaintyAndRobustnessInBNNs/runs/mlp512x1/deterministic/seed4_eps0p08_lam0p25.json,mlp512x1,deterministic,4,val,0.08,0.25,robust_eps0p08_lam0p25,0.08,all,expected_entropy,certified_below_threshold,0.9,,0.9772727272727273,,,0.7555555555555555,,1.0,0.06382978723404255
/home/user/thesis/UncertaintyAndRobustnessInBNNs/runs/mlp512x1/deterministic/seed4_eps0p08_lam0p25.json,mlp512x1,deterministic,4,val,0.08,0.25,robust_eps0p08_lam0p25,0.08,clean_correct,expected_entropy,pgd_failure,,0.9261363636363636,0.9787234042553191,0.05258704061895547,0.9930803467861525,0.5,-0.49308034678615253,0.9166666666666666,0.020833333333333332
/home/user/thesis/UncertaintyAndRobustnessInBNNs/runs/mlp512x1/deterministic/seed4_eps0p08_lam0p25.json,mlp512x1,deterministic,4,val,0.08,0.25,robust_eps0p08_lam0p25,0.08,clean_correct,expected_entropy,certified_below_threshold,0.5,,0.9772727272727273,,,0.5,,1.0,0.022222222222222223
/home/user/thesis/UncertaintyAndRobustnessInBNNs/runs/mlp512x1/deterministic/seed4_eps0p08_lam0p25.json,mlp512x1,deterministic,4,val,0.08,0.25,robust_eps0p08_lam0p25,0.08,clean_correct,expected_entropy,certified_below_threshold,0.9,,0.9772727272727273,,,0.5,,1.0,0.022222222222222223
/home/user/thesis/UncertaintyAndRobustnessInBNNs/runs/mlp512x1/deterministic/seed4_eps0p08_lam0p25.json,mlp512x1,deterministic,4,val,0.08,0.25,robust_eps0p08_lam0p25,0.08,all,mutual_information,pgd_failure,,0.34782608695652173,0.652482269503546,0.3046561825470243,0.9205371783294874,0.2990543735224586,-0.6214828048070289,0.92,0.06
/home/user/thesis/UncertaintyAndRobustnessInBNNs/runs/mlp512x1/deterministic/seed4_eps0p08_lam0p25.json,mlp512x1,deterministic,4,val,0.08,0.25,robust_eps0p08_lam0p25,0.08,all,mutual_information,certified_below_threshold,0.5,,0.6666666666666666,,,0.3560606060606061,,1.0,0.06382978723404255
/home/user/thesis/UncertaintyAndRobustnessInBNNs/runs/mlp512x1/deterministic/seed4_eps0p08_lam0p25.json,mlp512x1,deterministic,4,val,0.08,0.25,robust_eps0p08_lam0p25,0.08,all,mutual_information,certified_below_threshold,0.9,,0.6666666666666666,,,0.3560606060606061,,1.0,0.06382978723404255
/home/user/thesis/UncertaintyAndRobustnessInBNNs/runs/mlp512x1/deterministic/seed4_eps0p08_lam0p25.json,mlp512x1,deterministic,4,val,0.08,0.25,robust_eps0p08_lam0p25,0.08,clean_correct,mutual_information,pgd_failure,,0.36363636363636365,0.9148936170212766,0.5512572533849129,0.9206015439634434,0.2,-0.7206015439634434,0.9166666666666666,0.020833333333333332
/home/user/thesis/UncertaintyAndRobustnessInBNNs/runs/mlp512x1/deterministic/seed4_eps0p08_lam0p25.json,mlp512x1,deterministic,4,val,0.08,0.25,robust_eps0p08_lam0p25,0.08,clean_correct,mutual_information,certified_below_threshold,0.5,,0.9545454545454545,,,0.3333333333333333,,1.0,0.022222222222222223
/home/user/thesis/UncertaintyAndRobustnessInBNNs/runs/mlp512x1/deterministic/seed4_eps0p08_lam0p25.json,mlp512x1,deterministic,4,val,0.08,0.25,robust_eps0p08_lam0p25,0.08,clean_correct,mutual_information,certified_below_threshold,0.9,,0.9545454545454545,,,0.3333333333333333,,1.0,0.022222222222222223
/home/user/thesis/UncertaintyAndRobustnessInBNNs/runs/mlp512x1/deterministic/seed4_eps0p08_lam0p25.json,mlp512x1,deterministic,4,val,0.08,0.25,robust_eps0p08_lam0p25,0.08,all,one_minus_confidence,pgd_failure,,0.7391304347826086,0.9858156028368794,0.24668516805427076,0.9582608695652173,0.8666666666666667,-0.09159420289855058,0.92,0.06
/home/user/thesis/UncertaintyAndRobustnessInBNNs/runs/mlp512x1/deterministic/seed4_eps0p08_lam0p25.json,mlp512x1,deterministic,4,val,0.08,0.25,robust_eps0p08_lam0p25,0.08,all,one_minus_confidence,certified_below_threshold,0.5,,0.9848484848484849,,,0.8666666666666667,,1.0,0.06382978723404255
/home/user/thesis/UncertaintyAndRobustnessInBNNs/runs/mlp512x1/deterministic/seed4_eps0p08_lam0p25.json,mlp512x1,deterministic,4,val,0.08,0.25,robust_eps0p08_lam0p25,0.08,all,one_minus_confidence,certified_below_threshold,0.9,,0.9848484848484849,,,0.8666666666666667,,1.0,0.06382978723404255
/home/user/thesis/UncertaintyAndRobustnessInBNNs/runs/mlp512x1/deterministic/seed4_eps0p08_lam0p25.json,mlp512x1,deterministic,4,val,0.08,0.25,robust_eps0p08_lam0p25,0.08,clean_correct,one_minus_confidence,pgd_failure,,0.7272727272727273,1.0,0.2727272727272727,0.9545454545454544,1.0,0.045454545454545636,0.9166666666666666,0.020833333333333332
/home/user/thesis/UncertaintyAndRobustnessInBNNs/runs/mlp512x1/deterministic/seed4_eps0p08_lam0p25.json,mlp512x1,deterministic,4,val,0.08,0.25,robust_eps0p08_lam0p25,0.08,clean_correct,one_minus_confidence,certified_below_threshold,0.5,,1.0,,,1.0,,1.0,0.022222222222222223
/home/user/thesis/UncertaintyAndRobustnessInBNNs/runs/mlp512x1/deterministic/seed4_eps0p08_lam0p25.json,mlp512x1,deterministic,4,val,0.08,0.25,robust_eps0p08_lam0p25,0.08,clean_correct,one_minus_confidence,certified_below_threshold,0.9,,1.0,,,1.0,,1.0,0.022222222222222223
/home/user/thesis/UncertaintyAndRobustnessInBNNs/runs/mlp512x1/deterministic/seed4_eps0p08_lam0p25.json,mlp512x1,deterministic,4,val,0.08,0.25,robust_eps0p08_lam0p25,0.08,all,predictive_entropy,pgd_failure,,0.9293478260869565,0.9787234042553192,0.04937557816836269,0.9936783287687707,0.7555555555555555,-0.23812277321321518,0.92,0.06
/home/user/thesis/UncertaintyAndRobustnessInBNNs/runs/mlp512x1/deterministic/seed4_eps0p08_lam0p25.json,mlp512x1,deterministic,4,val,0.08,0.25,robust_eps0p08_lam0p25,0.08,all,predictive_entropy,certified_below_threshold,0.5,,0.9772727272727273,,,0.7555555555555555,,1.0,0.06382978723404255
/home/user/thesis/UncertaintyAndRobustnessInBNNs/runs/mlp512x1/deterministic/seed4_eps0p08_lam0p25.json,mlp512x1,deterministic,4,val,0.08,0.25,robust_eps0p08_lam0p25,0.08,all,predictive_entropy,certified_below_threshold,0.9,,0.9772727272727273,,,0.7555555555555555,,1.0,0.06382978723404255
/home/user/thesis/UncertaintyAndRobustnessInBNNs/runs/mlp512x1/deterministic/seed4_eps0p08_lam0p25.json,mlp512x1,deterministic,4,val,0.08,0.25,robust_eps0p08_lam0p25,0.08,clean_correct,predictive_entropy,pgd_failure,,0.9261363636363636,0.9787234042553191,0.05258704061895547,0.9930803467861525,0.5,-0.49308034678615253,0.9166666666666666,0.020833333333333332
/home/user/thesis/UncertaintyAndRobustnessInBNNs/runs/mlp512x1/deterministic/seed4_eps0p08_lam0p25.json,mlp512x1,deterministic,4,val,0.08,0.25,robust_eps0p08_lam0p25,0.08,clean_correct,predictive_entropy,certified_below_threshold,0.5,,0.9772727272727273,,,0.5,,1.0,0.022222222222222223
/home/user/thesis/UncertaintyAndRobustnessInBNNs/runs/mlp512x1/deterministic/seed4_eps0p08_lam0p25.json,mlp512x1,deterministic,4,val,0.08,0.25,robust_eps0p08_lam0p25,0.08,clean_correct,predictive_entropy,certified_below_threshold,0.9,,0.9772727272727273,,,0.5,,1.0,0.022222222222222223
/home/user/thesis/UncertaintyAndRobustnessInBNNs/runs/mlp512x1/deterministic/seed4_eps0p08_lam0p25.json,mlp512x1,deterministic,4,val,0.08,0.25,robust_eps0p08_lam0p25,0.1,all,expected_entropy,pgd_failure,,1.0,0.8888888888888888,-0.11111111111111116,1.0,0.5691666666666666,-0.4308333333333334,0.98,0.1
/home/user/thesis/UncertaintyAndRobustnessInBNNs/runs/mlp512x1/deterministic/seed4_eps0p08_lam0p25.json,mlp512x1,deterministic,4,val,0.08,0.25,robust_eps0p08_lam0p25,0.1,all,expected_entropy,certified_below_threshold,0.5,,0.9149999999999999,,,0.6093939393939394,,1.0,0.1111111111111111
/home/user/thesis/UncertaintyAndRobustnessInBNNs/runs/mlp512x1/deterministic/seed4_eps0p08_lam0p25.json,mlp512x1,deterministic,4,val,0.08,0.25,robust_eps0p08_lam0p25,0.1,all,expected_entropy,certified_below_threshold,0.9,,0.9149999999999999,,,0.6093939393939394,,1.0,0.1111111111111111
/home/user/thesis/UncertaintyAndRobustnessInBNNs/runs/mlp512x1/deterministic/seed4_eps0p08_lam0p25.json,mlp512x1,deterministic,4,val,0.08,0.25,robust_eps0p08_lam0p25,0.1,clean_correct,expected_entropy,pgd_failure,,1.0,0.8296296296296296,-0.1703703703703704,1.0,0.28937728937728935,-0.7106227106227107,0.9791666666666666,0.0625
/home/user/thesis/UncertaintyAndRobustnessInBNNs/runs/mlp512x1/deterministic/seed4_eps0p08_lam0p25.json,mlp512x1,deterministic,4,val,0.08,0.25,robust_eps0p08_lam0p25,0.1,clean_correct,expected_entropy,certified_below_threshold,0.5,,0.875,,,0.34074074074074073,,1.0,0.06976744186046512
/home/user/thesis/UncertaintyAndRobustnessInBNNs/runs/mlp512x1/deterministic/seed4_eps0p08_lam0p25.json,mlp512x1,deterministic,4,val,0.08,0.25,robust_eps0p08_lam0p25,0.1,clean_correct,expected_entropy,certified_below_threshold,0.9,,0.875,,,0.34074074074074073,,1.0,0.06976744186046512
/home/user/thesis/UncertaintyAndRobustnessInBNNs/runs/mlp512x1/deterministic/seed4_eps0p08_lam0p25.json,mlp512x1,deterministic,4,val,0.08,0.25,robust_eps0p08_lam0p25,0.1,all,mutual_information,pgd_failure,,0.40816326530612246,0.7866666666666667,0.3785034013605443,0.9826104601595557,0.5079432624113475,-0.4746671977482082,0.98,0.1
/home/user/thesis/UncertaintyAndRobustnessInBNNs/runs/mlp512x1/deterministic/seed4_eps0p08_lam0p25.json,mlp512x1,deterministic,4,val,0.08,0.25,robust_eps0p08_lam0p25,0.1,all,mutual_information,certified_below_threshold,0.5,,0.785,,,0.5104761904761904,,1.0,0.1111111111111111
/home/user/thesis/UncertaintyAndRobustnessInBNNs/runs/mlp512x1/deterministic/seed4_eps0p08_lam0p25.json,mlp512x1,deterministic,4,val,0.08,0.25,robust_eps0p08_lam0p25,0.1,all,mutual_information,certified_below_threshold,0.9,,0.785,,,0.5104761904761904,,1.0,0.1111111111111111
/home/user/thesis/UncertaintyAndRobustnessInBNNs/runs/mlp512x1/deterministic/seed4_eps0p08_lam0p25.json,mlp512x1,deterministic,4,val,0.08,0.25,robust_eps0p08_lam0p25,0.1,clean_correct,mutual_information,pgd_failure,,0.425531914893617,0.9629629629629629,0.5374310480693458,0.9827308932048298,0.5333333333333333,-0.44939755987149643,0.9791666666666666,0.0625
/home/user/thesis/UncertaintyAndRobustnessInBNNs/runs/mlp512x1/deterministic/seed4_eps0p08_lam0p25.json,mlp512x1,deterministic,4,val,0.08,0.25,robust_eps0p08_lam0p25,0.1,clean_correct,mutual_information,certified_below_threshold,0.5,,0.9583333333333333,,,0.5333333333333333,,1.0,0.06976744186046512
/home/user/thesis/UncertaintyAndRobustnessInBNNs/runs/mlp512x1/deterministic/seed4_eps0p08_lam0p25.json,mlp512x1,deterministic,4,val,0.08,0.25,robust_eps0p08_lam0p25,0.1,clean_correct,mutual_information,certified_below_threshold,0.9,,0.9583333333333333,,,0.5333333333333333,,1.0,0.06976744186046512
/home/user/thesis/UncertaintyAndRobustnessInBNNs/runs/mlp512x1/deterministic/seed4_eps0p08_lam0p25.json,mlp512x1,deterministic,4,val,0.08,0.25,robust_eps0p08_lam0p25,0.1,all,one_minus_confidence,pgd_failure,,0.7244897959183674,0.8933333333333333,0.16884353741496594,0.9889795918367349,0.632156862745098,-0.3568227290916369,0.98,0.1
/home/user/thesis/UncertaintyAndRobustnessInBNNs/runs/mlp512x1/deterministic/seed4_eps0p08_lam0p25.json,mlp512x1,deterministic,4,val,0.08,0.25,robust_eps0p08_lam0p25,0.1,all,one_minus_confidence,certified_below_threshold,0.5,,0.9175000000000001,,,0.6696503496503496,,1.0,0.1111111111111111
/home/user/thesis/UncertaintyAndRobustnessInBNNs/runs/mlp512x1/deterministic/seed4_eps0p08_lam0p25.json,mlp512x1,deterministic,4,val,0.08,0.25,robust_eps0p08_lam0p25,0.1,all,one_minus_confidence,certified_below_threshold,0.9,,0.9175000000000001,,,0.6696503496503496,,1.0,0.1111111111111111
/home/user/thesis/UncertaintyAndRobustnessInBNNs/runs/mlp512x1/deterministic/seed4_eps0p08_lam0p25.json,mlp512x1,deterministic,4,val,0.08,0.25,robust_eps0p08_lam0p25,0.1,clean_correct,one_minus_confidence,pgd_failure,,0.7127659574468085,0.837037037037037,0.12427107959022854,0.9880319148936172,0.4512820512820513,-0.536749863611566,0.9791666666666666,0.0625
/home/user/thesis/UncertaintyAndRobustnessInBNNs/runs/mlp512x1/deterministic/seed4_eps0p08_lam0p25.json,mlp512x1,deterministic,4,val,0.08,0.25,robust_eps0p08_lam0p25,0.1,clean_correct,one_minus_confidence,certified_below_threshold,0.5,,0.8791666666666668,,,0.49831649831649827,,1.0,0.06976744186046512
/home/user/thesis/UncertaintyAndRobustnessInBNNs/runs/mlp512x1/deterministic/seed4_eps0p08_lam0p25.json,mlp512x1,deterministic,4,val,0.08,0.25,robust_eps0p08_lam0p25,0.1,clean_correct,one_minus_confidence,certified_below_threshold,0.9,,0.8791666666666668,,,0.49831649831649827,,1.0,0.06976744186046512
/home/user/thesis/UncertaintyAndRobustnessInBNNs/runs/mlp512x1/deterministic/seed4_eps0p08_lam0p25.json,mlp512x1,deterministic,4,val,0.08,0.25,robust_eps0p08_lam0p25,0.1,all,predictive_entropy,pgd_failure,,1.0,0.8888888888888888,-0.11111111111111116,1.0,0.5691666666666666,-0.4308333333333334,0.98,0.1
/home/user/thesis/UncertaintyAndRobustnessInBNNs/runs/mlp512x1/deterministic/seed4_eps0p08_lam0p25.json,mlp512x1,deterministic,4,val,0.08,0.25,robust_eps0p08_lam0p25,0.1,all,predictive_entropy,certified_below_threshold,0.5,,0.9149999999999999,,,0.6093939393939394,,1.0,0.1111111111111111
/home/user/thesis/UncertaintyAndRobustnessInBNNs/runs/mlp512x1/deterministic/seed4_eps0p08_lam0p25.json,mlp512x1,deterministic,4,val,0.08,0.25,robust_eps0p08_lam0p25,0.1,all,predictive_entropy,certified_below_threshold,0.9,,0.9149999999999999,,,0.6093939393939394,,1.0,0.1111111111111111
/home/user/thesis/UncertaintyAndRobustnessInBNNs/runs/mlp512x1/deterministic/seed4_eps0p08_lam0p25.json,mlp512x1,deterministic,4,val,0.08,0.25,robust_eps0p08_lam0p25,0.1,clean_correct,predictive_entropy,pgd_failure,,1.0,0.8296296296296296,-0.1703703703703704,1.0,0.28937728937728935,-0.7106227106227107,0.9791666666666666,0.0625
/home/user/thesis/UncertaintyAndRobustnessInBNNs/runs/mlp512x1/deterministic/seed4_eps0p08_lam0p25.json,mlp512x1,deterministic,4,val,0.08,0.25,robust_eps0p08_lam0p25,0.1,clean_correct,predictive_entropy,certified_below_threshold,0.5,,0.875,,,0.34074074074074073,,1.0,0.06976744186046512
/home/user/thesis/UncertaintyAndRobustnessInBNNs/runs/mlp512x1/deterministic/seed4_eps0p08_lam0p25.json,mlp512x1,deterministic,4,val,0.08,0.25,robust_eps0p08_lam0p25,0.1,clean_correct,predictive_entropy,certified_below_threshold,0.9,,0.875,,,0.34074074074074073,,1.0,0.06976744186046512
/home/user/thesis/UncertaintyAndRobustnessInBNNs/runs/mlp512x1/mc_dropout/seed0_eps0p08_lam0p25.json,mlp512x1,mc_dropout,0,val,0.08,0.25,robust_eps0p08_lam0p25,0.01,all,expected_entropy,pgd_failure,,1.0,0.875,-0.125,1.0,0.5714285714285714,-0.4285714285714286,0.06,0.04
/home/user/thesis/UncertaintyAndRobustnessInBNNs/runs/mlp512x1/mc_dropout/seed0_eps0p08_lam0p25.json,mlp512x1,mc_dropout,0,val,0.08,0.25,robust_eps0p08_lam0p25,0.01,all,expected_entropy,certified_below_threshold,0.5,1.0,0.875,-0.125,1.0,0.5714285714285714,-0.4285714285714286,0.06,0.04
/home/user/thesis/UncertaintyAndRobustnessInBNNs/runs/mlp512x1/mc_dropout/seed0_eps0p08_lam0p25.json,mlp512x1,mc_dropout,0,val,0.08,0.25,robust_eps0p08_lam0p25,0.01,all,expected_entropy,certified_below_threshold,0.9,1.0,0.875,-0.125,1.0,0.5714285714285714,-0.4285714285714286,0.09090909090909091,0.04
/home/user/thesis/UncertaintyAndRobustnessInBNNs/runs/mlp512x1/mc_dropout/seed0_eps0p08_lam0p25.json,mlp512x1,mc_dropout,0,val,0.08,0.25,robust_eps0p08_lam0p25,0.01,clean_correct,expected_entropy,pgd_failure,,1.0,,,1.0,,,0.020833333333333332,0.0
/home/user/thesis/UncertaintyAndRobustnessInBNNs/runs/mlp512x1/mc_dropout/seed0_eps0p08_lam0p25.json,mlp512x1,mc_dropout,0,val,0.08,0.25,robust_eps0p08_lam0p25,0.01,clean_correct,expected_entropy,certified_below_threshold,0.5,1.0,,,1.0,,,0.020833333333333332,0.0
/home/user/thesis/UncertaintyAndRobustnessInBNNs/runs/mlp512x1/mc_dropout/seed0_eps0p08_lam0p25.json,mlp512x1,mc_dropout,0,val,0.08,0.25,robust_eps0p08_lam0p25,0.01,clean_correct,expected_entropy,certified_below_threshold,0.9,1.0,,,1.0,,,0.047619047619047616,0.0
/home/user/thesis/UncertaintyAndRobustnessInBNNs/runs/mlp512x1/mc_dropout/seed0_eps0p08_lam0p25.json,mlp512x1,mc_dropout,0,val,0.08,0.25,robust_eps0p08_lam0p25,0.01,all,mutual_information,pgd_failure,,1.0,0.8229166666666666,-0.17708333333333337,1.0,0.5526315789473684,-0.44736842105263164,0.06,0.04
/home/user/thesis/UncertaintyAndRobustnessInBNNs/runs/mlp512x1/mc_dropout/seed0_eps0p08_lam0p25.json,mlp512x1,mc_dropout,0,val,0.08,0.25,robust_eps0p08_lam0p25,0.01,all,mutual_information,certified_below_threshold,0.5,1.0,0.8229166666666666,-0.17708333333333337,1.0,0.5526315789473684,-0.44736842105263164,0.06,0.04
/home/user/thesis/UncertaintyAndRobustnessInBNNs/runs/mlp512x1/mc_dropout/seed0_eps0p08_lam0p25.json,mlp512x1,mc_dropout,0,val,0.08,0.25,robust_eps0p08_lam0p25,0.01,all,mutual_information,certified_below_threshold,0.9,1.0,0.8229166666666666,-0.17708333333333337,1.0,0.5526315789473684,-0.44736842105263164,0.09090909090909091,0.04
/home/user/thesis/UncertaintyAndRobustnessInBNNs/runs/mlp512x1/mc_dropout/seed0_eps0p08_lam0p25.json,mlp512x1,mc_dropout,0,val,0.08,0.25,robust_eps0p08_lam0p25,0.01,clean_correct,mutual_information,pgd_failure,,1.0,,,1.0,,,0.020833333333333332,0.0
/home/user/thesis/UncertaintyAndRobustnessInBNNs/runs/mlp512x1/mc_dropout/seed0_eps0p08_lam0p25.json,mlp512x1,mc_dropout,0,val,0.08,0.25,robust_eps0p08_lam0p25,0.01,clean_correct,mutual_information,certified_below_threshold,0.5,1.0,,,1.0,,,0.020833333333333332,0.0
/home/user/thesis/UncertaintyAndRobustnessInBNNs/runs/mlp512x1/mc_dropout/seed0_eps0p08_lam0p25.json,mlp512x1,mc_dropout,0,val,0.08,0.25,robust_eps0p08_lam0p25,0.01,clean_correct,mutual_information,certified_below_threshold,0.9,1.0,,,1.0,,,0.047619047619047616,0.0
/home/user/thesis/UncertaintyAndRobustnessInBNNs/runs/mlp512x1/mc_dropout/seed0_eps0p08_lam0p25.json,mlp512x1,mc_dropout,0,val,0.08,0.25,robust_eps0p08_lam0p25,0.01,all,one_minus_confidence,pgd_failure,,1.0,0.875,-0.125,1.0,0.5714285714285714,-0.4285714285714286,0.06,0.04
/home/user/thesis/UncertaintyAndRobustnessInBNNs/runs/mlp512x1/mc_dropout/seed0_eps0p08_lam0p25.json,mlp512x1,mc_dropout,0,val,0.08,0.25,robust_eps0p08_lam0p25,0.01,all,one_minus_confidence,certified_below_threshold,0.5,1.0,0.875,-0.125,1.0,0.5714285714285714,-0.4285714285714286,0.06,0.04
/home/user/thesis/UncertaintyAndRobustnessInBNNs/runs/mlp512x1/mc_dropout/seed0_eps0p08_lam0p25.json,mlp512x1,mc_dropout,0,val,0.08,0.25,robust_eps0p08_lam0p25,0.01,all,one_minus_confidence,certified_below_threshold,0.9,1.0,0.875,-0.125,1.0,0.5714285714285714,-0.4285714285714286,0.09090909090909091,0.04
/home/user/thesis/UncertaintyAndRobustnessInBNNs/runs/mlp512x1/mc_dropout/seed0_eps0p08_lam0p25.json,mlp512x1,mc_dropout,0,val,0.08,0.25,robust_eps0p08_lam0p25,0.01,clean_correct,one_minus_confidence,pgd_failure,,1.0,,,1.0,,,0.020833333333333332,0.0
/home/user/thesis/UncertaintyAndRobustnessInBNNs/runs/mlp512x1/mc_dropout/seed0_eps0p08_lam0p25.json,mlp512x1,mc_dropout,0,val,0.08,0.25,robust_eps0p08_lam0p25,0.01,clean_correct,one_minus_confidence,certified_below_threshold,0.5,1.0,,,1.0,,,0.020833333333333332,0.0
/home/user/thesis/UncertaintyAndRobustnessInBNNs/runs/mlp512x1/mc_dropout/seed0_eps0p08_lam0p25.json,mlp512x1,mc_dropout,0,val,0.08,0.25,robust_eps0p08_lam0p25,0.01,clean_correct,one_minus_confidence,certified_below_threshold,0.9,1.0,,,1.0,,,0.047619047619047616,0.0
/home/user/thesis/UncertaintyAndRobustnessInBNNs/runs/mlp512x1/mc_dropout/seed0_eps0p08_lam0p25.json,mlp512x1,mc_dropout,0,val,0.08,0.25,robust_eps0p08_lam0p25,0.01,all,predictive_entropy,pgd_failure,,1.0,0.875,-0.125,1.0,0.5714285714285714,-0.4285714285714286,0.06,0.04
/home/user/thesis/UncertaintyAndRobustnessInBNNs/runs/mlp512x1/mc_dropout/seed0_eps0p08_lam0p25.json,mlp512x1,mc_dropout,0,val,0.08,0.25,robust_eps0p08_lam0p25,0.01,all,predictive_entropy,certified_below_threshold,0.5,1.0,0.875,-0.125,1.0,0.5714285714285714,-0.4285714285714286,0.06,0.04
/home/user/thesis/UncertaintyAndRobustnessInBNNs/runs/mlp512x1/mc_dropout/seed0_eps0p08_lam0p25.json,mlp512x1,mc_dropout,0,val,0.08,0.25,robust_eps0p08_lam0p25,0.01,all,predictive_entropy,certified_below_threshold,0.9,1.0,0.875,-0.125,1.0,0.5714285714285714,-0.4285714285714286,0.09090909090909091,0.04
/home/user/thesis/UncertaintyAndRobustnessInBNNs/runs/mlp512x1/mc_dropout/seed0_eps0p08_lam0p25.json,mlp512x1,mc_dropout,0,val,0.08,0.25,robust_eps0p08_lam0p25,0.01,clean_correct,predictive_entropy,pgd_failure,,1.0,,,1.0,,,0.020833333333333332,0.0
/home/user/thesis/UncertaintyAndRobustnessInBNNs/runs/mlp512x1/mc_dropout/seed0_eps0p08_lam0p25.json,mlp512x1,mc_dropout,0,val,0.08,0.25,robust_eps0p08_lam0p25,0.01,clean_correct,predictive_entropy,certified_below_threshold,0.5,1.0,,,1.0,,,0.020833333333333332,0.0
/home/user/thesis/UncertaintyAndRobustnessInBNNs/runs/mlp512x1/mc_dropout/seed0_eps0p08_lam0p25.json,mlp512x1,mc_dropout,0,val,0.08,0.25,robust_eps0p08_lam0p25,0.01,clean_correct,predictive_entropy,certified_below_threshold,0.9,1.0,,,1.0,,,0.047619047619047616,0.0
/home/user/thesis/UncertaintyAndRobustnessInBNNs/runs/mlp512x1/mc_dropout/seed0_eps0p08_lam0p25.json,mlp512x1,mc_dropout,0,val,0.08,0.25,robust_eps0p08_lam0p25,0.05,all,expected_entropy,pgd_failure,,0.8267543859649122,0.875,0.04824561403508776,0.691622749231445,0.5714285714285714,-0.12019417780287356,0.24,0.04
/home/user/thesis/UncertaintyAndRobustnessInBNNs/runs/mlp512x1/mc_dropout/seed0_eps0p08_lam0p25.json,mlp512x1,mc_dropout,0,val,0.08,0.25,robust_eps0p08_lam0p25,0.05,all,expected_entropy,certified_below_threshold,0.5,,0.891304347826087,,,0.5833333333333334,,1.0,0.041666666666666664
/home/user/thesis/UncertaintyAndRobustnessInBNNs/runs/mlp512x1/mc_dropout/seed0_eps0p08_lam0p25.json,mlp512x1,mc_dropout,0,val,0.08,0.25,robust_eps0p08_lam0p25,0.05,all,expected_entropy,certified_below_threshold,0.9,,0.9224806201550387,,,0.6388888888888888,,1.0,0.06521739130434782
/home/user/thesis/UncertaintyAndRobustnessInBNNs/runs/mlp512x1/mc_dropout/seed0_eps0p08_lam0p25.json,mlp512x1,mc_dropout,0,val,0.08,0.25,robust_eps0p08_lam0p25,0.05,clean_correct,expected_entropy,pgd_failure,,0.7921052631578948,,,0.5741071428571429,,,0.20833333333333334,0.0
/home/user/thesis/UncertaintyAndRobustnessInBNNs/runs/mlp512x1/mc_dropout/seed0_eps0p08_lam0p25.json,mlp512x1,mc_dropout,0,val,0.08,0.25,robust_eps0p08_lam0p25,0.05,clean_correct,expected_entropy,certified_below_threshold,0.5,,,,,,,1.0,0.0
/home/user/thesis/UncertaintyAndRobustnessInBNNs/runs/mlp512x1/mc_dropout/seed0_eps0p08_lam0p25.json,mlp512x1,mc_dropout,0,val,0.08,0.25,robust_eps0p08_lam0p25,0.05,clean_correct,expected_entropy,certified_below_threshold,0.9,,0.9767441860465116,,,0.5,,1.0,0.022727272727272728
/home/user/thesis/UncertaintyAndRobustnessInBNNs/runs/mlp512x1/mc_dropout/seed0_eps0p08_lam0p25.json,mlp512x1,mc_dropout,0,val,0.08,0.25,robust_eps0p08_lam0p25,0.05,all,mutual_information,pgd_failure,,0.8135964912280702,0.8229166666666666,0.009320175438596423,0.6723339160839161,0.5526315789473684,-0.11970233713654777,0.24,0.04
/home/user/thesis/UncertaintyAndRobustnessInBNNs/runs/mlp512x1/mc_dropout/seed0_eps0p08_lam0p25.json,mlp512x1,mc_dropout,0,val,0.08,0.25,robust_eps0p08_lam0p25,0.05,all,mutual_information,certified_below_threshold,0.5,,0.8369565217391304,,,0.5588235294117647,,1.0,0.041666666666666664
/home/user/thesis/UncertaintyAndRobustnessInBNNs/runs/mlp512x1/mc_dropout/seed0_eps0p08_lam0p25.json,mlp512x1,mc_dropout,0,val,0.08,0.25,robust_eps0p08_lam0p25,0.05,all,mutual_information,certified_below_threshold,0.9,,0.9069767441860465,,,0.7333333333333334,,1.0,0.06521739130434782
/home/user/thesis/UncertaintyAndRobustnessInBNNs/runs/mlp512x1/mc_dropout/seed0_eps0p08_lam0p25.json,mlp512x1,mc_dropout,0,val,0.08,0.25,robust_eps0p08_lam0p25,0.05,clean_correct,mutual_information,pgd_failure,,0.7763157894736843,,,0.5502525252525252,,,0.20833333333333334,0.0
/home/user/thesis/UncertaintyAndRobustnessInBNNs/runs/mlp512x1/mc_dropout/seed0_eps0p08_lam0p25.json,mlp512x1,mc_dropout,0,val,0.08,0.25,robust_eps0p08_lam0p25,0.05,clean_correct,mutual_information,certified_below_threshold,0.5,,,,,,,1.0,0.0
/home/user/thesis/UncertaintyAndRobustnessInBNNs/runs/mlp512x1/mc_dropout/seed0_eps0p08_lam0p25.json,mlp512x1,mc_dropout,0,val,0.08,0.25,robust_eps0p08_lam0p25,0.05,clean_correct,mutual_information,certified_below_threshold,0.9,,1.0,,,1.0,,1.0,0.022727272727272728
/home/user/thesis/UncertaintyAndRobustnessInBNNs/runs/mlp512x1/mc_dropout/seed0_eps0p08_lam0p25.json,mlp512x1,mc_dropout,0,val,0.08,0.25,robust_eps0p08_lam0p25,0.05,all,one_minus_confidence,pgd_failure,,0.8267543859649124,0.875,0.04824561403508765,0.691622749231445,0.5714285714285714,-0.12019417780287356,0.24,0.04
/home/user/thesis/UncertaintyAndRobustnessInBNNs/runs/mlp512x1/mc_dropout/seed0_eps0p08_lam0p25.json,mlp512x1,mc_dropout,0,val,0.08,0.25,robust_eps0p08_lam0p25,0.05,all,one_minus_confidence,certified_below_threshold,0.5,,0.891304347826087,,,0.5833333333333334,,1.0,0.041666666666666664
/home/user/thesis/UncertaintyAndRobustnessInBNNs/runs/mlp512x1/mc_dropout/seed0_eps0p08_lam0p25.json,mlp512x1,mc_dropout,0,val,0.08,0.25,robust_eps0p08_lam0p25,0.05,all,one_minus_confidence,certified_below_threshold,0.9,,0.9224806201550387,,,0.6388888888888888,,1.0,0.06521739130434782
/home/user/thesis/UncertaintyAndRobustnessInBNNs/runs/mlp512x1/mc_dropout/seed0_eps0p08_lam0p25.json,mlp512x1,mc_dropout,0,val,0.08,0.25,robust_eps0p08_lam0p25,0.05,clean_correct,one_minus_confidence,pgd_failure,,0.7921052631578949,,,0.5741071428571428,,,0.20833333333333334,0.0
/home/user/thesis/UncertaintyAndRobustnessInBNNs/runs/mlp512x1/mc_dropout/seed0_eps0p08_lam0p25.json,mlp512x1,mc_dropout,0,val,0.08,0.25,robust_eps0p08_lam0p25,0.05,clean_correct,one_minus_confidence,certified_below_threshold,0.5,,,,,,,1.0,0.0
/home/user/thesis/UncertaintyAndRobustnessInBNNs/runs/mlp512x1/mc_dropout/seed0_eps0p08_lam0p25.json,mlp512x1,mc_dropout,0,val,0.08,0.25,robust_eps0p08_lam0p25,0.05,clean_correct,one_minus_confidence,certified_below_threshold,0.9,,0.9767441860465116,,,0.5,,1.0,0.022727272727272728
/home/user/thesis/UncertaintyAndRobustnessInBNNs/runs/mlp512x1/mc_dropout/seed0_eps0p08_lam0p25.json,mlp512x1,mc_dropout,0,val,0.08,0.25,robust_eps0p08_lam0p25,0.05,all,predictive_entropy,pgd_failure,,0.8223684210526316,0.875,0.05263157894736836,0.6838687385362578,0.5714285714285714,-0.11244016710768645,0.24,0.04
/home/user/thesis/UncertaintyAndRobustnessInBNNs/runs/mlp512x1/mc_dropout/seed0_eps0p08_lam0p25.json,mlp512x1,mc_dropout,0,val,0.08,0.25,robust_eps0p08_lam0p25,0.05,all,predictive_entropy,certified_below_threshold,0.5,,0.891304347826087,,,0.5833333333333334,,1.0,0.041666666666666664
/home/user/thesis/UncertaintyAndRobustnessInBNNs/runs/mlp512x1/mc_dropout/seed0_eps0p08_lam0p25.json,mlp512x1,mc_dropout,0,val,0.08,0.25,robust_eps0p08_lam0p25,0.05,all,predictive_entropy,certified_below_threshold,0.9,,0.9224806201550387,,,0.6388888888888888,,1.0,0.06521739130434782
/home/user/thesis/UncertaintyAndRobustnessInBNNs/runs/mlp512x1/mc_dropout/seed0_eps0p08_lam0p25.json,mlp512x1,mc_dropout,0,val,0.08,0.25,robust_eps0p08_lam0p25,0.05,clean_correct,predictive_entropy,pgd_failure,,0.7868421052631579,,,0.5643055555555555,,,0.20833333333333334,0.0
/home/user/thesis/UncertaintyAndRobustnessInBNNs/runs/mlp512x1/mc_dropout/seed0_eps0p08_lam0p25.json,mlp512x1,mc_dropout,0,val,0.08,0.25,robust_eps0p08_lam0p25,0.05,clean_correct,predictive_entropy,certified_below_threshold,0.5,,,,,,,1.0,0.0
/home/user/thesis/UncertaintyAndRobustnessInBNNs/runs/mlp512x1/mc_dropout/seed0_eps0p08_lam0p25.json,mlp512x1,mc_dropout,0,val,0.08,0.25,robust_eps0p08_lam0p25,0.05,clean_correct,predictive_entropy,certified_below_threshold,0.9,,0.9767441860465116,,,0.5,,1.0,0.022727272727272728
/home/user/thesis/UncertaintyAndRobustnessInBNNs/runs/mlp512x1/mc_dropout/seed0_eps0p08_lam0p25.json,mlp512x1,mc_dropout,0,val,0.08,0.25,robust_eps0p08_lam0p25,0.07,all,expected_entropy,pgd_failure,,0.8547794117647058,0.9078014184397163,0.05302200667501045,0.9249251095695549,0.5714285714285714,-0.3534965381409835,0.68,0.06
/home/user/thesis/UncertaintyAndRobustnessInBNNs/runs/mlp512x1/mc_dropout/seed0_eps0p08_lam0p25.json,mlp512x1,mc_dropout,0,val,0.08,0.25,robust_eps0p08_lam0p25,0.07,all,expected_entropy,certified_below_threshold,0.5,,0.8863636363636364,,,0.5833333333333334,,1.0,0.043478260869565216
/home/user/thesis/UncertaintyAndRobustnessInBNNs/runs/mlp512x1/mc_dropout/seed0_eps0p08_lam0p25.json,mlp512x1,mc_dropout,0,val,0.08,0.25,robust_eps0p08_lam0p25,0.07,all,expected_entropy,certified_below_threshold,0.9,,0.9315789473684211,,,0.7209090909090909,,1.0,0.11627906976744186
/home/user/thesis/UncertaintyAndRobustnessInBNNs/runs/mlp512x1/mc_dropout/seed0_eps0p08_lam0p25.json,mlp512x1,mc_dropout,0,val,0.08,0.25,robust_eps0p08_lam0p25,0.07,clean_correct,expected_entropy,pgd_failure,,0.845703125,0.9574468085106383,0.11174368351063835,0.9138268062023878,0.3333333333333333,-0.5804934728690545,0.6666666666666666,0.020833333333333332
/home/user/thesis/UncertaintyAndRobustnessInBNNs/runs/mlp512x1/mc_dropout/seed0_eps0p08_lam0p25.json,mlp512x1,mc_dropout,0,val,0.08,0.25,robust_eps0p08_lam0p25,0.07,clean_correct,expected_entropy,certified_below_threshold,0.5,,,,,,,1.0,0.0
/home/user/thesis/UncertaintyAndRobustnessInBNNs/runs/mlp512x1/mc_dropout/seed0_eps0p08_lam0p25.json,mlp512x1,mc_dropout,0,val,0.08,0.25,robust_eps0p08_lam0p25,0.07,clean_correct,expected_entropy,certified_below_threshold,0.9,,0.9385964912280701,,,0.6666666666666666,,1.0,0.07317073170731707
/home/user/thesis/UncertaintyAndRobustnessInBNNs/runs/mlp512x1/mc_dropout/seed0_eps0p08_lam0p25.json,mlp512x1,mc_dropout,0,val,0.08,0.25,robust_eps0p08_lam0p25,0.07,all,mutual_information,pgd_failure,,0.8400735294117647,0.8794326241134751,0.039359094701710395,0.914881489182328,0.6081871345029239,-0.3066943546794041,0.68,0.06
/home/user/thesis/UncertaintyAndRobustnessInBNNs/runs/mlp512x1/mc_dropout/seed0_eps0p08_lam0p25.json,mlp512x1,mc_dropout,0,val,0.08,0.25,robust_eps0p08_lam0p25,0.07,all,mutual_information,certified_below_threshold,0.5,,0.8522727272727273,,,0.5666666666666667,,1.0,0.043478260869565216
/home/user/thesis/UncertaintyAndRobustnessInBNNs/runs/mlp512x1/mc_dropout/seed0_eps0p08_lam0p25.json,mlp512x1,mc_dropout,0,val,0.08,0.25,robust_eps0p08_lam0p25,0.07,all,mutual_information,certified_below_threshold,0.9,,0.9105263157894737,,,0.7380952380952381,,1.0,0.11627906976744186
/home/user/thesis/UncertaintyAndRobustnessInBNNs/runs/mlp512x1/mc_dropout/seed0_eps0p08_lam0p25.json,mlp512x1,mc_dropout,0,val,0.08,0.25,robust_eps0p08_lam0p25,0.07,clean_correct,mutual_information,pgd_failure,,0.830078125,0.9787234042553191,0.14864527925531912,0.9019495644292681,0.5,-0.4019495644292681,0.6666666666666666,0.020833333333333332
/home/user/thesis/UncertaintyAndRobustnessInBNNs/runs/mlp512x1/mc_dropout/seed0_eps0p08_lam0p25.json,mlp512x1,mc_dropout,0,val,0.08,0.25,robust_eps0p08_lam0p25,0.07,clean_correct,mutual_information,certified_below_threshold,0.5,,,,,,,1.0,0.0
/home/user/thesis/UncertaintyAndRobustnessInBNNs/runs/mlp512x1/mc_dropout/seed0_eps0p08_lam0p25.json,mlp512x1,mc_dropout,0,val,0.08,0.25,robust_eps0p08_lam0p25,0.07,clean_correct,mutual_information,certified_below_threshold,0.9,,0.9298245614035088,,,0.7575757575757576,,1.0,0.07317073170731707
/home/user/thesis/UncertaintyAndRobustnessInBNNs/runs/mlp512x1/mc_dropout/seed0_eps0p08_lam0p25.json,mlp512x1,mc_dropout,0,val,0.08,0.25,robust_eps0p08_lam0p25,0.07,all,one_minus_confidence,pgd_failure,,0.8529411764705882,0.9078014184397163,0.05486024196912809,0.9242330680470635,0.5714285714285714,-0.3528044966184921,0.68,0.06
/home/user/thesis/UncertaintyAndRobustnessInBNNs/runs/mlp512x1/mc_dropout/seed0_eps0p08_lam0p25.json,mlp512x1,mc_dropout,0,val,0.08,0.25,robust_eps0p08_lam0p25,0.07,all,one_minus_confidence,certified_below_threshold,0.5,,0.8863636363636364,,,0.5833333333333334,,1.0,0.043478260869565216
/home/user/thesis/UncertaintyAndRobustnessInBNNs/runs/mlp512x1/mc_dropout/seed0_eps0p08_lam0p25.json,mlp512x1,mc_dropout,0,val,0.08,0.25,robust_eps0p08_lam0p25,0.07,all,one_minus_confidence,certified_below_threshold,0.9,,0.9263157894736842,,,0.7133333333333334,,1.0,0.11627906976744186
/home/user/thesis/UncertaintyAndRobustnessInBNNs/runs/mlp512x1/mc_dropout/seed0_eps0p08_lam0p25.json,mlp512x1,mc_dropout,0,val,0.08,0.25,robust_eps0p08_lam0p25,0.07,clean_correct,one_minus_confidence,pgd_failure,,0.84375,0.9574468085106383,0.11369680851063835,0.9130573933235999,0.3333333333333333,-0.5797240599902667,0.6666666666666666,0.020833333333333332
/home/user/thesis/UncertaintyAndRobustnessInBNNs/runs/mlp512x1/mc_dropout/seed0_eps0p08_lam0p25.json,mlp512x1,mc_dropout,0,val,0.08,0.25,robust_eps0p08_lam0p25,0.07,clean_correct,one_minus_confidence,certified_below_threshold,0.5,,,,,,,1.0,0.0
/home/user/thesis/UncertaintyAndRobustnessInBNNs/runs/mlp512x1/mc_dropout/seed0_eps0p08_lam0p25.json,mlp512x1,mc_dropout,0,val,0.08,0.25,robust_eps0p08_lam0p25,0.07,clean_correct,one_minus_confidence,certified_below_threshold,0.9,,0.9298245614035088,,,0.6555555555555554,,1.0,0.07317073170731707
/home/user/thesis/UncertaintyAndRobustnessInBNNs/runs/mlp512x1/mc_dropout/seed0_eps0p08_lam0p25.json,mlp512x1,mc_dropout,0,val,0.08,0.25,robust_eps0p08_lam0p25,0.07,all,predictive_entropy,pgd_failure,,0.8547794117647058,0.9078014184397163,0.05302200667501045,0.9249251095695549,0.5714285714285714,-0.3534965381409835,0.68,0.06
/home/user/thesis/UncertaintyAndRobustnessInBNNs/runs/mlp512x1/mc_dropout/seed0_eps0p08_lam0p25.json,mlp512x1,mc_dropout,0,val,0.08,0.25,robust_eps0p08_lam0p25,0.07,all,predictive_entropy,certified_below_threshold,0.5,,0.8863636363636364,,,0.5833333333333334,,1.0,0.043478260869565216
/home/user/thesis/UncertaintyAndRobustnessInBNNs/runs/mlp512x1/mc_dropout/seed0_eps0p08_lam0p25.json,mlp512x1,mc_dropout,0,val,0.08,0.25,robust_eps0p08_lam0p25,0.07,all,predictive_entropy,certified_below_threshold,0.9,,0.9263157894736842,,,0.7133333333333334,,1.0,0.11627906976744186
/home/user/thesis/UncertaintyAndRobustnessInBNNs/runs/mlp512x1/mc_dropout/seed0_eps0p08_lam0p25.json,mlp512x1,mc_dropout,0,val,0.08,0.25,robust_eps0p08_lam0p25,0.07,clean_correct,predictive_entropy,pgd_failure,,0.845703125,0.9574468085106383,0.11174368351063835,0.9138268062023878,0.3333333333333333,-0.5804934728690545,0.6666666666666666,0.020833333333333332
/home/user/thesis/UncertaintyAndRobustnessInBNNs/runs/mlp512x1/mc_dropout/seed0_eps0p08_lam0p25.json,mlp512x1,mc_dropout,0,val,0.08,0.25,robust_eps0p08_lam0p25,0.07,clean_correct,predictive_entropy,certified_below_threshold,0.5,,,,,,,1.0,0.0
/home/user/thesis/UncertaintyAndRobustnessInBNNs/runs/mlp512x1/mc_dropout/seed0_eps0p08_lam0p25.json,mlp512x1,mc_dropout,0,val,0.08,0.25,robust_eps0p08_lam0p25,0.07,clean_correct,predictive_entropy,certified_below_threshold,0.9,,0.9298245614035088,,,0.6555555555555554,,1.0,0.07317073170731707
/home/user/thesis/UncertaintyAndRobustnessInBNNs/runs/mlp512x1/mc_dropout/seed0_eps0p08_lam0p25.json,mlp512x1,mc_dropout,0,val,0.08,0.25,robust_eps0p08_lam0p25,0.08,all,expected_entropy,pgd_failure,,0.9189189189189189,0.8695652173913044,-0.049353701527614424,0.9722853126008753,0.49523809523809526,-0.47704721736278,0.74,0.08
/home/user/thesis/UncertaintyAndRobustnessInBNNs/runs/mlp512x1/mc_dropout/seed0_eps0p08_lam0p25.json,mlp512x1,mc_dropout,0,val,0.08,0.25,robust_eps0p08_lam0p25,0.08,all,expected_entropy,certified_below_threshold,0.5,,0.8604651162790697,,,0.4772727272727273,,1.0,0.06521739130434782
/home/user/thesis/UncertaintyAndRobustnessInBNNs/runs/mlp512x1/mc_dropout/seed0_eps0p08_lam0p25.json,mlp512x1,mc_dropout,0,val,0.08,0.25,robust_eps0p08_lam0p25,0.08,all,expected_entropy,certified_below_threshold,0.9,,0.9215686274509803,,,0.7066498316498315,,1.0,0.15
/home/user/thesis/UncertaintyAndRobustnessInBNNs/runs/mlp512x1/mc_dropout/seed0_eps0p08_lam0p25.json,mlp512x1,mc_dropout,0,val,0.08,0.25,robust_eps0p08_lam0p25,0.08,clean_correct,expected_entropy,pgd_failure,,0.9142857142857143,0.8586956521739131,-0.055590062111801175,0.9690572486443247,0.24358974358974358,-0.7254675050545811,0.7291666666666666,0.041666666666666664
/home/user/thesis/UncertaintyAndRobustnessInBNNs/runs/mlp512x1/mc_dropout/seed0_eps0p08_lam0p25.json,mlp512x1,mc_dropout,0,val,0.08,0.25,robust_eps0p08_lam0p25,0.08,clean_correct,expected_entropy,certified_below_threshold,0.5,,0.7906976744186046,,,0.1,,1.0,0.022727272727272728
/home/user/thesis/UncertaintyAndRobustnessInBNNs/runs/mlp512x1/mc_dropout/seed0_eps0p08_lam0p25.json,mlp512x1,mc_dropout,0,val,0.08,0.25,robust_eps0p08_lam0p25,0.08,clean_correct,expected_entropy,certified_below_threshold,0.9,,0.9191176470588235,,,0.6215277777777778,,1.0,0.10526315789473684
/home/user/thesis/UncertaintyAndRobustnessInBNNs/runs/mlp512x1/mc_dropout/seed0_eps0p08_lam0p25.json,mlp512x1,mc_dropout,0,val,0.08,0.25,robust_eps0p08_lam0p25,0.08,all,mutual_information,pgd_failure,,0.9126819126819127,0.8369565217391304,-0.0757253909427823,0.9695979905656669,0.5134158926728586,-0.4561820978928083,0.74,0.08
/home/user/thesis/UncertaintyAndRobustnessInBNNs/runs/mlp512x1/mc_dropout/seed0_eps0p08_lam0p25.json,mlp512x1,mc_dropout,0,val,0.08,0.25,robust_eps0p08_lam0p25,0.08,all,mutual_information,certified_below_threshold,0.5,,0.821705426356589,,,0.4512820512820513,,1.0,0.06521739130434782
/home/user/thesis/UncertaintyAndRobustnessInBNNs/runs/mlp512x1/mc_dropout/seed0_eps0p08_lam0p25.json,mlp512x1,mc_dropout,0,val,0.08,0.25,robust_eps0p08_lam0p25,0.08,all,mutual_information,certified_below_threshold,0.9,,0.8970588235294118,,,0.706973581973582,,1.0,0.15
/home/user/thesis/UncertaintyAndRobustnessInBNNs/runs/mlp512x1/mc_dropout/seed0_eps0p08_lam0p25.json,mlp512x1,mc_dropout,0,val,0.08,0.25,robust_eps0p08_lam0p25,0.08,clean_correct,mutual_information,pgd_failure,,0.9076923076923077,0.8369565217391304,-0.07073578595317731,0.9660134469798336,0.3125,-0.6535134469798336,0.7291666666666666,0.041666666666666664
/home/user/thesis/UncertaintyAndRobustnessInBNNs/runs/mlp512x1/mc_dropout/seed0_eps0p08_lam0p25.json,mlp512x1,mc_dropout,0,val,0.08,0.25,robust_eps0p08_lam0p25,0.08,clean_correct,mutual_information,certified_below_threshold,0.5,,0.7441860465116279,,,0.08333333333333333,,1.0,0.022727272727272728
/home/user/thesis/UncertaintyAndRobustnessInBNNs/runs/mlp512x1/mc_dropout/seed0_eps0p08_lam0p25.json,mlp512x1,mc_dropout,0,val,0.08,0.25,robust_eps0p08_lam0p25,0.08,clean_correct,mutual_information,certified_below_threshold,0.9,,0.8970588235294118,,,0.6659090909090909,,1.0,0.10526315789473684
/home/user/thesis/UncertaintyAndRobustnessInBNNs/runs/mlp512x1/mc_dropout/seed0_eps0p08_lam0p25.json,mlp512x1,mc_dropout,0,val,0.08,0.25,robust_eps0p08_lam0p25,0.08,all,one_minus_confidence,pgd_failure,,0.9189189189189189,0.8641304347826088,-0.0547884841363101,0.972285312600875,0.4910714285714286,-0.4812138840294464,0.74,0.08
/home/user/thesis/UncertaintyAndRobustnessInBNNs/runs/mlp512x1/mc_dropout/seed0_eps0p08_lam0p25.json,mlp512x1,mc_dropout,0,val,0.08,0.25,robust_eps0p08_lam0p25,0.08,all,one_minus_confidence,certified_below_threshold,0.5,,0.8527131782945736,,,0.47086247086247085,,1.0,0.06521739130434782
/home/user/thesis/UncertaintyAndRobustnessInBNNs/runs/mlp512x1/mc_dropout/seed0_eps0p08_lam0p25.json,mlp512x1,mc_dropout,0,val,0.08,0.25,robust_eps0p08_lam0p25,0.08,all,one_minus_confidence,certified_below_threshold,0.9,,0.9117647058823529,,,0.6914983164983165,,1.0,0.15
/home/user/thesis/UncertaintyAndRobustnessInBNNs/runs/mlp512x1/mc_dropout/seed0_eps0p08_lam0p25.json,mlp512x1,mc_dropout,0,val,0.08,0.25,robust_eps0p08_lam0p25,0.08,clean_correct,one_minus_confidence,pgd_failure,,0.9142857142857143,0.8478260869565218,-0.06645962732919242,0.9690572486443249,0.23809523809523808,-0.7309620105490868,0.7291666666666666,0.041666666666666664
/home/user/thesis/UncertaintyAndRobustnessInBNNs/runs/mlp512x1/mc_dropout/seed0_eps0p08_lam0p25.json,mlp512x1,mc_dropout,0,val,0.08,0.25,robust_eps0p08_lam0p25,0.08,clean_correct,one_minus_confidence,certified_below_threshold,0.5,,0.7674418604651163,,,0.09090909090909091,,1.0,0.022727272727272728
/home/user/thesis/UncertaintyAndRobustnessInBNNs/runs/mlp512x1/mc_dropout/seed0_eps0p08_lam0p25.json,mlp512x1,mc_dropout,0,val,0.08,0.25,robust_eps0p08_lam0p25,0.08,clean_correct,one_minus_confidence,certified_below_threshold,0.9,,0.9044117647058824,,,0.6,,1.0,0.10526315789473684
/home/user/thesis/UncertaintyAndRobustnessInBNNs/runs/mlp512x1/mc_dropout/seed0_eps0p08_lam0p25.json,mlp512x1,mc_dropout,0,val,0.08,0.25,robust_eps0p08_lam0p25,0.08,all,predictive_entropy,pgd_failure,,0.9189189189189189,0.8641304347826086,-0.05478848413631021,0.9722853126008753,0.4910714285714286,-0.48121388402944665,0.74,0.08
/home/user/thesis/UncertaintyAndRobustnessInBNNs/runs/mlp512x1/mc_dropout/seed0_eps0p08_lam0p25.json,mlp512x1,mc_dropout,0,val,0.08,0.25,robust_eps0p08_lam0p25,0.08,all,predictive_entropy,certified_below_threshold,0.5,,0.8527131782945736,,,0.47086247086247085,,1.0,0.06521739130434782
/home/user/thesis/UncertaintyAndRobustnessInBNNs/runs/mlp512x1/mc_dropout/seed0_eps0p08_lam0p25.json,mlp512x1,mc_dropout,0,val,0.08,0.25,robust_eps0p08_lam0p25,0.08,all,predictive_entropy,certified_below_threshold,0.9,,0.9117647058823529,,,0.6914983164983164,,1.0,0.15
/home/user/thesis/UncertaintyAndRobustnessInBNNs/runs/mlp512x1/mc_dropout/seed0_eps0p08_lam0p25.json,mlp512x1,mc_dropout,0,val,0.08,0.25,robust_eps0p08_lam0p25,0.08,clean_correct,predictive_entropy,pgd_failure,,0.9142857142857143,0.8478260869565217,-0.06645962732919253,0.9690572486443247,0.23809523809523808,-0.7309620105490866,0.7291666666666666,0.041666666666666664
/home/user/thesis/UncertaintyAndRobustnessInBNNs/runs/mlp512x1/mc_dropout/seed0_eps0p08_lam0p25.json,mlp512x1,mc_dropout,0,val,0.08,0.25,robust_eps0p08_lam0p25,0.08,clean_correct,predictive_entropy,certified_below_threshold,0.5,,0.7674418604651163,,,0.09090909090909091,,1.0,0.022727272727272728
/home/user/thesis/UncertaintyAndRobustnessInBNNs/runs/mlp512x1/mc_dropout/seed0_eps0p08_lam0p25.json,mlp512x1,mc_dropout,0,val,0.08,0.25,robust_eps0p08_lam0p25,0.08,clean_correct,predictive_entropy,certified_below_threshold,0.9,,0.9044117647058824,,,0.6,,1.0,0.10526315789473684
/home/user/thesis/UncertaintyAndRobustnessInBNNs/runs/mlp512x1/mc_dropout/seed0_eps0p08_lam0p25.json,mlp512x1,mc_dropout,0,val,0.08,0.25,robust_eps0p08_lam0p25,0.1,all,expected_entropy,pgd_failure,,0.9645390070921986,0.8444444444444444,-0.1200945626477542,0.9976851371391002,0.4586904761904762,-0.538994660948624,0.94,0.1
/home/user/thesis/UncertaintyAndRobustnessInBNNs/runs/mlp512x1/mc_dropout/seed0_eps0p08_lam0p25.json,mlp512x1,mc_dropout,0,val,0.08,0.25,robust_eps0p08_lam0p25,0.1,all,expected_entropy,certified_below_threshold,0.5,,0.926470588235294,,,0.7048611111111112,,1.0,0.10526315789473684
/home/user/thesis/UncertaintyAndRobustnessInBNNs/runs/mlp512x1/mc_dropout/seed0_eps0p08_lam0p25.json,mlp512x1,mc_dropout,0,val,0.08,0.25,robust_eps0p08_lam0p25,0.1,all,expected_entropy,certified_below_threshold,0.9,,0.9293478260869565,,,0.7947781385281385,,1.0,0.25806451612903225
/home/user/thesis/UncertaintyAndRobustnessInBNNs/runs/mlp512x1/mc_dropout/seed0_eps0p08_lam0p25.json,mlp512x1,mc_dropout,0,val,0.08,0.25,robust_eps0p08_lam0p25,0.1,clean_correct,expected_entropy,pgd_failure,,0.962962962962963,0.8222222222222222,-0.14074074074074083,0.9974721341522825,0.23382173382173382,-0.7636504003305487,0.9375,0.0625
/home/user/thesis/UncertaintyAndRobustnessInBNNs/runs/mlp512x1/mc_dropout/seed0_eps0p08_lam0p25.json,mlp512x1,mc_dropout,0,val,0.08,0.25,robust_eps0p08_lam0p25,0.1,clean_correct,expected_entropy,certified_below_threshold,0.5,,0.926470588235294,,,0.6428571428571428,,1.0,0.05555555555555555
/home/user/thesis/UncertaintyAndRobustnessInBNNs/runs/mlp512x1/mc_dropout/seed0_eps0p08_lam0p25.json,mlp512x1,mc_dropout,0,val,0.08,0.25,robust_eps0p08_lam0p25,0.1,clean_correct,expected_entropy,certified_below_threshold,0.9,,0.927536231884058,,,0.7291666666666666,,1.0,0.20689655172413793
/home/user/thesis/UncertaintyAndRobustnessInBNNs/runs/mlp512x1/mc_dropout/seed0_eps0p08_lam0p25.json,mlp512x1,mc_dropout,0,val,0.08,0.25,robust_eps0p08_lam0p25,0.1,all,mutual_information,pgd_failure,,0.9645390070921986,0.8177777777777778,-0.14676122931442082,0.9976851371391002,0.4705237358101135,-0.5271614013289867,0.94,0.1
/home/user/thesis/UncertaintyAndRobustnessInBNNs/runs/mlp512x1/mc_dropout/seed0_eps0p08_lam0p25.json,mlp512x1,mc_dropout,0,val,0.08,0.25,robust_eps0p08_lam0p25,0.1,all,mutual_information,certified_below_threshold,0.5,,0.8897058823529411,,,0.6583333333333333,,1.0,0.10526315789473684
/home/user/thesis/UncertaintyAndRobustnessInBNNs/runs/mlp512x1/mc_dropout/seed0_eps0p08_lam0p25.json,mlp512x1,mc_dropout,0,val,0.08,0.25,robust_eps0p08_lam0p25,0.1,all,mutual_information,certified_below_threshold,0.9,,0.9184782608695652,,,0.8021645021645022,,1.0,0.25806451612903225
/home/user/thesis/UncertaintyAndRobustnessInBNNs/runs/mlp512x1/mc_dropout/seed0_eps0p08_lam0p25.json,mlp512x1,mc_dropout,0,val,0.08,0.25,robust_eps0p08_lam0p25,0.1,clean_correct,mutual_information,pgd_failure,,0.962962962962963,0.8,-0.16296296296296298,0.9974721341522825,0.2736111111111111,-0.7238610230411715,0.9375,0.0625
/home/user/thesis/UncertaintyAndRobustnessInBNNs/runs/mlp512x1/mc_dropout/seed0_eps0p08_lam0p25.json,mlp512x1,mc_dropout,0,val,0.08,0.25,robust_eps0p08_lam0p25,0.1,clean_correct,mutual_information,certified_below_threshold,0.5,,0.8970588235294118,,,0.6111111111111112,,1.0,0.05555555555555555
/home/user/thesis/UncertaintyAndRobustnessInBNNs/runs/mlp512x1/mc_dropout/seed0_eps0p08_lam0p25.json,mlp512x1,mc_dropout,0,val,0.08,0.25,robust_eps0p08_lam0p25,0.1,clean_correct,mutual_information,certified_below_threshold,0.9,,0.9202898550724637,,,0.762037037037037,,1.0,0.20689655172413793
/home/user/thesis/UncertaintyAndRobustnessInBNNs/runs/mlp512x1/mc_dropout/seed0_eps0p08_lam0p25.json,mlp512x1,mc_dropout,0,val,0.08,0.25,robust_eps0p08_lam0p25,0.1,all,one_minus_confidence,pgd_failure,,0.9574468085106383,0.8355555555555556,-0.12189125295508274,0.996862082354436,0.45168067226890757,-0.5451814100855283,0.94,0.1
/home/user/thesis/UncertaintyAndRobustnessInBNNs/runs/mlp512x1/mc_dropout/seed0_eps0p08_lam0p25.json,mlp512x1,mc_dropout,0,val,0.08,0.25,robust_eps0p08_lam0p25,0.1,all,one_minus_confidence,certified_below_threshold,0.5,,0.9191176470588235,,,0.69375,,1.0,0.10526315789473684
/home/user/thesis/UncertaintyAndRobustnessInBNNs/runs/mlp512x1/mc_dropout/seed0_eps0p08_lam0p25.json,mlp512x1,mc_dropout,0,val,0.08,0.25,robust_eps0p08_lam0p25,0.1,all,one_minus_confidence,certified_below_threshold,0.9,,0.9184782608695652,,,0.7792478354978354,,1.0,0.25806451612903225
/home/user/thesis/UncertaintyAndRobustnessInBNNs/runs/mlp512x1/mc_dropout/seed0_eps0p08_lam0p25.json,mlp512x1,mc_dropout,0,val,0.08,0.25,robust_eps0p08_lam0p25,0.1,clean_correct,one_minus_confidence,pgd_failure,,0.9555555555555556,0.8074074074074074,-0.14814814814814825,0.996578082411416,0.2253968253968254,-0.7711812570145906,0.9375,0.0625
/home/user/thesis/UncertaintyAndRobustnessInBNNs/runs/mlp512x1/mc_dropout/seed0_eps0p08_lam0p25.json,mlp512x1,mc_dropout,0,val,0.08,0.25,robust_eps0p08_lam0p25,0.1,clean_correct,one_minus_confidence,certified_below_threshold,0.5,,0.9117647058823529,,,0.625,,1.0,0.05555555555555555
/home/user/thesis/UncertaintyAndRobustnessInBNNs/runs/mlp512x1/mc_dropout/seed0_eps0p08_lam0p25.json,mlp512x1,mc_dropout,0,val,0.08,0.25,robust_eps0p08_lam0p25,0.1,clean_correct,one_minus_confidence,certified_below_threshold,0.9,,0.9130434782608696,,,0.7064814814814814,,1.0,0.20689655172413793
/home/user/thesis/UncertaintyAndRobustnessInBNNs/runs/mlp512x1/mc_dropout/seed0_eps0p08_lam0p25.json,mlp512x1,mc_dropout,0,val,0.08,0.25,robust_eps0p08_lam0p25,0.1,all,predictive_entropy,pgd_failure,,0.9645390070921986,0.8355555555555556,-0.12898345153664303,0.9976851371391002,0.45168067226890757,-0.5460044648701927,0.94,0.1
/home/user/thesis/UncertaintyAndRobustnessInBNNs/runs/mlp512x1/mc_dropout/seed0_eps0p08_lam0p25.json,mlp512x1,mc_dropout,0,val,0.08,0.25,robust_eps0p08_lam0p25,0.1,all,predictive_entropy,certified_below_threshold,0.5,,0.9191176470588235,,,0.69375,,1.0,0.10526315789473684
/home/user/thesis/UncertaintyAndRobustnessInBNNs/runs/mlp512x1/mc_dropout/seed0_eps0p08_lam0p25.json,mlp512x1,mc_dropout,0,val,0.08,0.25,robust_eps0p08_lam0p25,0.1,all,predictive_entropy,certified_below_threshold,0.9,,0.9184782608695652,,,0.7792478354978355,,1.0,0.25806451612903225
/home/user/thesis/UncertaintyAndRobustnessInBNNs/runs/mlp512x1/mc_dropout/seed0_eps0p08_lam0p25.json,mlp512x1,mc_dropout,0,val,0.08,0.25,robust_eps0p08_lam0p25,0.1,clean_correct,predictive_entropy,pgd_failure,,0.962962962962963,0.8074074074074075,-0.15555555555555556,0.9974721341522825,0.2253968253968254,-0.7720753087554572,0.9375,0.0625
/home/user/thesis/UncertaintyAndRobustnessInBNNs/runs/mlp512x1/mc_dropout/seed0_eps0p08_lam0p25.json,mlp512x1,mc_dropout,0,val,0.08,0.25,robust_eps0p08_lam0p25,0.1,clean_correct,predictive_entropy,certified_below_threshold,0.5,,0.9117647058823529,,,0.625,,1.0,0.05555555555555555
/home/user/thesis/UncertaintyAndRobustnessInBNNs/runs/mlp512x1/mc_dropout/seed0_eps0p08_lam0p25.json,mlp512x1,mc_dropout,0,val,0.08,0.25,robust_eps0p08_lam0p25,0.1,clean_correct,predictive_entropy,certified_below_threshold,0.9,,0.9130434782608696,,,0.7064814814814814,,1.0,0.20689655172413793
/home/user/thesis/UncertaintyAndRobustnessInBNNs/runs/mlp512x1/mc_dropout/seed1_eps0p08_lam0p25.json,mlp512x1,mc_dropout,1,val,0.08,0.25,robust_eps0p08_lam0p25,0.01,all,expected_entropy,pgd_failure,,1.0,0.9583333333333333,-0.04166666666666674,1.0,0.6666666666666666,-0.33333333333333337,0.04,0.04
/home/user/thesis/UncertaintyAndRobustnessInBNNs/runs/mlp512x1/mc_dropout/seed1_eps0p08_lam0p25.json,mlp512x1,mc_dropout,1,val,0.08,0.25,robust_eps0p08_lam0p25,0.01,all,expected_entropy,certified_below_threshold,0.5,1.0,0.9583333333333333,-0.04166666666666674,1.0,0.6666666666666666,-0.33333333333333337,0.04,0.04
/home/user/thesis/UncertaintyAndRobustnessInBNNs/runs/mlp512x1/mc_dropout/seed1_eps0p08_lam0p25.json,mlp512x1,mc_dropout,1,val,0.08,0.25,robust_eps0p08_lam0p25,0.01,all,expected_entropy,certified_below_threshold,0.9,1.0,0.9680851063829787,-0.03191489361702127,1.0,0.7,-0.30000000000000004,0.05,0.04081632653061224
/home/user/thesis/UncertaintyAndRobustnessInBNNs/runs/mlp512x1/mc_dropout/seed1_eps0p08_lam0p25.json,mlp512x1,mc_dropout,1,val,0.08,0.25,robust_eps0p08_lam0p25,0.01,clean_correct,expected_entropy,pgd_failure,,1.0,,,1.0,,,0.02040816326530612,0.0
/home/user/thesis/UncertaintyAndRobustnessInBNNs/runs/mlp512x1/mc_dropout/seed1_eps0p08_lam0p25.json,mlp512x1,mc_dropout,1,val,0.08,0.25,robust_eps0p08_lam0p25,0.01,clean_correct,expected_entropy,certified_below_threshold,0.5,1.0,,,1.0,,,0.02040816326530612,0.0
/home/user/thesis/UncertaintyAndRobustnessInBNNs/runs/mlp512x1/mc_dropout/seed1_eps0p08_lam0p25.json,mlp512x1,mc_dropout,1,val,0.08,0.25,robust_eps0p08_lam0p25,0.01,clean_correct,expected_entropy,certified_below_threshold,0.9,1.0,,,1.0,,,0.02564102564102564,0.0
/home/user/thesis/UncertaintyAndRobustnessInBNNs/runs/mlp512x1/mc_dropout/seed1_eps0p08_lam0p25.json,mlp512x1,mc_dropout,1,val,0.08,0.25,robust_eps0p08_lam0p25,0.01,all,mutual_information,pgd_failure,,1.0,0.96875,-0.03125,1.0,0.7,-0.30000000000000004,0.04,0.04
/home/user/thesis/UncertaintyAndRobustnessInBNNs/runs/mlp512x1/mc_dropout/seed1_eps0p08_lam0p25.json,mlp512x1,mc_dropout,1,val,0.08,0.25,robust_eps0p08_lam0p25,0.01,all,mutual_information,certified_below_threshold,0.5,1.0,0.96875,-0.03125,1.0,0.7,-0.30000000000000004,0.04,0.04
/home/user/thesis/UncertaintyAndRobustnessInBNNs/runs/mlp512x1/mc_dropout/seed1_eps0p08_lam0p25.json,mlp512x1,mc_dropout,1,val,0.08,0.25,robust_eps0p08_lam0p25,0.01,all,mutual_information,certified_below_threshold,0.9,1.0,0.9787234042553192,-0.02127659574468077,1.0,0.75,-0.25,0.05,0.04081632653061224
/home/user/thesis/UncertaintyAndRobustnessInBNNs/runs/mlp512x1/mc_dropout/seed1_eps0p08_lam0p25.json,mlp512x1,mc_dropout,1,val,0.08,0.25,robust_eps0p08_lam0p25,0.01,clean_correct,mutual_information,pgd_failure,,1.0,,,1.0,,,0.02040816326530612,0.0
/home/user/thesis/UncertaintyAndRobustnessInBNNs/runs/mlp512x1/mc_dropout/seed1_eps0p08_lam0p25.json,mlp512x1,mc_dropout,1,val,0.08,0.25,robust_eps0p08_lam0p25,0.01,clean_correct,mutual_information,certified_below_threshold,0.5,1.0,,,1.0,,,0.02040816326530612,0.0
/home/user/thesis/UncertaintyAndRobustnessInBNNs/runs/mlp512x1/mc_dropout/seed1_eps0p08_lam0p25.json,mlp512x1,mc_dropout,1,val,0.08,0.25,robust_eps0p08_lam0p25,0.01,clean_correct,mutual_information,certified_below_threshold,0.9,1.0,,,1.0,,,0.02564102564102564,0.0
/home/user/thesis/UncertaintyAndRobustnessInBNNs/runs/mlp512x1/mc_dropout/seed1_eps0p08_lam0p25.json,mlp512x1,mc_dropout,1,val,0.08,0.25,robust_eps0p08_lam0p25,0.01,all,one_minus_confidence,pgd_failure,,1.0,0.9583333333333333,-0.04166666666666674,1.0,0.6666666666666666,-0.33333333333333337,0.04,0.04
/home/user/thesis/UncertaintyAndRobustnessInBNNs/runs/mlp512x1/mc_dropout/seed1_eps0p08_lam0p25.json,mlp512x1,mc_dropout,1,val,0.08,0.25,robust_eps0p08_lam0p25,0.01,all,one_minus_confidence,certified_below_threshold,0.5,1.0,0.9583333333333333,-0.04166666666666674,1.0,0.6666666666666666,-0.33333333333333337,0.04,0.04
/home/user/thesis/UncertaintyAndRobustnessInBNNs/runs/mlp512x1/mc_dropout/seed1_eps0p08_lam0p25.json,mlp512x1,mc_dropout,1,val,0.08,0.25,robust_eps0p08_lam0p25,0.01,all,one_minus_confidence,certified_below_threshold,0.9,1.0,0.9680851063829787,-0.03191489361702127,1.0,0.7,-0.30000000000000004,0.05,0.04081632653061224
/home/user/thesis/UncertaintyAndRobustnessInBNNs/runs/mlp512x1/mc_dropout/seed1_eps0p08_lam0p25.json,mlp512x1,mc_dropout,1,val,0.08,0.25,robust_eps0p08_lam0p25,0.01,clean_correct,one_minus_confidence,pgd_failure,,1.0,,,1.0,,,0.02040816326530612,0.0
/home/user/thesis/UncertaintyAndRobustnessInBNNs/runs/mlp512x1/mc_dropout/seed1_eps0p08_lam0p25.json,mlp512x1,mc_dropout,1,val,0.08,0.25,robust_eps0p08_lam0p25,0.01,clean_correct,one_minus_confidence,certified_below_threshold,0.5,1.0,,,1.0,,,0.02040816326530612,0.0
/home/user/thesis/UncertaintyAndRobustnessInBNNs/runs/mlp512x1/mc_dropout/seed1_eps0p08_lam0p25.json,mlp512x1,mc_dropout,1,val,0.08,0.25,robust_eps0p08_lam0p25,0.01,clean_correct,one_minus_confidence,certified_below_threshold,0.9,1.0,,,1.0,,,0.02564102564102564,0.0
/home/user/thesis/UncertaintyAndRobustnessInBNNs/runs/mlp512x1/mc_dropout/seed1_eps0p08_lam0p25.json,mlp512x1,mc_dropout,1,val,0.08,0.25,robust_eps0p08_lam0p25,0.01,all,predictive_entropy,pgd_failure,,1.0,0.9583333333333333,-0.04166666666666674,1.0,0.6666666666666666,-0.33333333333333337,0.04,0.04
/home/user/thesis/UncertaintyAndRobustnessInBNNs/runs/mlp512x1/mc_dropout/seed1_eps0p08_lam0p25.json,mlp512x1,mc_dropout,1,val,0.08,0.25,robust_eps0p08_lam0p25,0.01,all,predictive_entropy,certified_below_threshold,0.5,1.0,0.9583333333333333,-0.04166666666666674,1.0,0.6666666666666666,-0.33333333333333337,0.04,0.04
/home/user/thesis/UncertaintyAndRobustnessInBNNs/runs/mlp512x1/mc_dropout/seed1_eps0p08_lam0p25.json,mlp512x1,mc_dropout,1,val,0.08,0.25,robust_eps0p08_lam0p25,0.01,all,predictive_entropy,certified_below_threshold,0.9,1.0,0.9680851063829787,-0.03191489361702127,1.0,0.7,-0.30000000000000004,0.05,0.04081632653061224
/home/user/thesis/UncertaintyAndRobustnessInBNNs/runs/mlp512x1/mc_dropout/seed1_eps0p08_lam0p25.json,mlp512x1,mc_dropout,1,val,0.08,0.25,robust_eps0p08_lam0p25,0.01,clean_correct,predictive_entropy,pgd_failure,,1.0,,,1.0,,,0.02040816326530612,0.0
/home/user/thesis/UncertaintyAndRobustnessInBNNs/runs/mlp512x1/mc_dropout/seed1_eps0p08_lam0p25.json,mlp512x1,mc_dropout,1,val,0.08,0.25,robust_eps0p08_lam0p25,0.01,clean_correct,predictive_entropy,certified_below_threshold,0.5,1.0,,,1.0,,,0.02040816326530612,0.0
/home/user/thesis/UncertaintyAndRobustnessInBNNs/runs/mlp512x1/mc_dropout/seed1_eps0p08_lam0p25.json,mlp512x1,mc_dropout,1,val,0.08,0.25,robust_eps0p08_lam0p25,0.01,clean_correct,predictive_entropy,certified_below_threshold,0.9,1.0,,,1.0,,,0.02564102564102564,0.0
/home/user/thesis/UncertaintyAndRobustnessInBNNs/runs/mlp512x1/mc_dropout/seed1_eps0p08_lam0p25.json,mlp512x1,mc_dropout,1,val,0.08,0.25,robust_eps0p08_lam0p25,0.05,all,expected_entropy,pgd_failure,,0.8760611205432937,0.9583333333333333,0.0822722127900396,0.7872366963573394,0.6666666666666666,-0.12057002969067276,0.38,0.04
/home/user/thesis/UncertaintyAndRobustnessInBNNs/runs/mlp512x1/mc_dropout/seed1_eps0p08_lam0p25.json,mlp512x1,mc_dropout,1,val,0.08,0.25,robust_eps0p08_lam0p25,0.05,all,expected_entropy,certified_below_threshold,0.5,,0.9782608695652174,,,0.8333333333333333,,1.0,0.061224489795918366
/home/user/thesis/UncertaintyAndRobustnessInBNNs/runs/mlp512x1/mc_dropout/seed1_eps0p08_lam0p25.json,mlp512x1,mc_dropout,1,val,0.08,0.25,robust_eps0p08_lam0p25,0.05,all,expected_entropy,certified_below_threshold,0.9,,0.9418604651162791,,,0.7333333333333334,,1.0,0.0851063829787234
/home/user/thesis/UncertaintyAndRobustnessInBNNs/runs/mlp512x1/mc_dropout/seed1_eps0p08_lam0p25.json,mlp512x1,mc_dropout,1,val,0.08,0.25,robust_eps0p08_lam0p25,0.05,clean_correct,expected_entropy,pgd_failure,,0.8691756272401432,,,0.7538726293486355,,,0.3673469387755102,0.0
/home/user/thesis/UncertaintyAndRobustnessInBNNs/runs/mlp512x1/mc_dropout/seed1_eps0p08_lam0p25.json,mlp512x1,mc_dropout,1,val,0.08,0.25,robust_eps0p08_lam0p25,0.05,clean_correct,expected_entropy,certified_below_threshold,0.5,,1.0,,,1.0,,1.0,0.02127659574468085
/home/user/thesis/UncertaintyAndRobustnessInBNNs/runs/mlp512x1/mc_dropout/seed1_eps0p08_lam0p25.json,mlp512x1,mc_dropout,1,val,0.08,0.25,robust_eps0p08_lam0p25,0.05,clean_correct,expected_entropy,certified_below_threshold,0.9,,0.9069767441860466,,,0.6,,1.0,0.044444444444444446
/home/user/thesis/UncertaintyAndRobustnessInBNNs/runs/mlp512x1/mc_dropout/seed1_eps0p08_lam0p25.json,mlp512x1,mc_dropout,1,val,0.08,0.25,robust_eps0p08_lam0p25,0.05,all,mutual_information,pgd_failure,,0.8743633276740238,0.96875,0.0943866723259762,0.7741672960881467,0.7,-0.07416729608814676,0.38,0.04
/home/user/thesis/UncertaintyAndRobustnessInBNNs/runs/mlp512x1/mc_dropout/seed1_eps0p08_lam0p25.json,mlp512x1,mc_dropout,1,val,0.08,0.25,robust_eps0p08_lam0p25,0.05,all,mutual_information,certified_below_threshold,0.5,,0.9855072463768116,,,0.8666666666666667,,1.0,0.061224489795918366
/home/user/thesis/UncertaintyAndRobustnessInBNNs/runs/mlp512x1/mc_dropout/seed1_eps0p08_lam0p25.json,mlp512x1,mc_dropout,1,val,0.08,0.25,robust_eps0p08_lam0p25,0.05,all,mutual_information,certified_below_threshold,0.9,,0.9418604651162791,,,0.7333333333333334,,1.0,0.0851063829787234
/home/user/thesis/UncertaintyAndRobustnessInBNNs/runs/mlp512x1/mc_dropout/seed1_eps0p08_lam0p25.json,mlp512x1,mc_dropout,1,val,0.08,0.25,robust_eps0p08_lam0p25,0.05,clean_correct,mutual_information,pgd_failure,,0.8673835125448028,,,0.738136734584963,,,0.3673469387755102,0.0
/home/user/thesis/UncertaintyAndRobustnessInBNNs/runs/mlp512x1/mc_dropout/seed1_eps0p08_lam0p25.json,mlp512x1,mc_dropout,1,val,0.08,0.25,robust_eps0p08_lam0p25,0.05,clean_correct,mutual_information,certified_below_threshold,0.5,,1.0,,,1.0,,1.0,0.02127659574468085
/home/user/thesis/UncertaintyAndRobustnessInBNNs/runs/mlp512x1/mc_dropout/seed1_eps0p08_lam0p25.json,mlp512x1,mc_dropout,1,val,0.08,0.25,robust_eps0p08_lam0p25,0.05,clean_correct,mutual_information,certified_below_threshold,0.9,,0.9069767441860466,,,0.6,,1.0,0.044444444444444446
/home/user/thesis/UncertaintyAndRobustnessInBNNs/runs/mlp512x1/mc_dropout/seed1_eps0p08_lam0p25.json,mlp512x1,mc_dropout,1,val,0.08,0.25,robust_eps0p08_lam0p25,0.05,all,one_minus_confidence,pgd_failure,,0.8760611205432938,0.9583333333333333,0.08227221279003949,0.785675165353084,0.6666666666666666,-0.11900849868641739,0.38,0.04
/home/user/thesis/UncertaintyAndRobustnessInBNNs/runs/mlp512x1/mc_dropout/seed1_eps0p08_lam0p25.json,mlp512x1,mc_dropout,1,val,0.08,0.25,robust_eps0p08_lam0p25,0.05,all,one_minus_confidence,certified_below_threshold,0.5,,0.9782608695652174,,,0.8333333333333333,,1.0,0.061224489795918366
/home/user/thesis/UncertaintyAndRobustnessInBNNs/runs/mlp512x1/mc_dropout/seed1_eps0p08_lam0p25.json,mlp512x1,mc_dropout,1,val,0.08,0.25,robust_eps0p08_lam0p25,0.05,all,one_minus_confidence,certified_below_threshold,0.9,,0.9418604651162791,,,0.7333333333333334,,1.0,0.0851063829787234
/home/user/thesis/UncertaintyAndRobustnessInBNNs/runs/mlp512x1/mc_dropout/seed1_eps0p08_lam0p25.json,mlp512x1,mc_dropout,1,val,0.08,0.25,robust_eps0p08_lam0p25,0.05,clean_correct,one_minus_confidence,pgd_failure,,0.8691756272401434,,,0.7519159594752989,,,0.3673469387755102,0.0
/home/user/thesis/UncertaintyAndRobustnessInBNNs/runs/mlp512x1/mc_dropout/seed1_eps0p08_lam0p25.json,mlp512x1,mc_dropout,1,val,0.08,0.25,robust_eps0p08_lam0p25,0.05,clean_correct,one_minus_confidence,certified_below_threshold,0.5,,1.0,,,1.0,,1.0,0.02127659574468085
/home/user/thesis/UncertaintyAndRobustnessInBNNs/runs/mlp512x1/mc_dropout/seed1_eps0p08_lam0p25.json,mlp512x1,mc_dropout,1,val,0.08,0.25,robust_eps0p08_lam0p25,0.05,clean_correct,one_minus_confidence,certified_below_threshold,0.9,,0.9069767441860466,,,0.6,,1.0,0.044444444444444446
/home/user/thesis/UncertaintyAndRobustnessInBNNs/runs/mlp512x1/mc_dropout/seed1_eps0p08_lam0p25.json,mlp512x1,mc_dropout,1,val,0.08,0.25,robust_eps0p08_lam0p25,0.05,all,predictive_entropy,pgd_failure,,0.8794567062818336,0.9583333333333333,0.07887662705149967,0.7912447935233313,0.6666666666666666,-0.1245781268566647,0.38,0.04
/home/user/thesis/UncertaintyAndRobustnessInBNNs/runs/mlp512x1/mc_dropout/seed1_eps0p08_lam0p25.json,mlp512x1,mc_dropout,1,val,0.08,0.25,robust_eps0p08_lam0p25,0.05,all,predictive_entropy,certified_below_threshold,0.5,,0.9782608695652174,,,0.8333333333333333,,1.0,0.061224489795918366
/home/user/thesis/UncertaintyAndRobustnessInBNNs/runs/mlp512x1/mc_dropout/seed1_eps0p08_lam0p25.json,mlp512x1,mc_dropout,1,val,0.08,0.25,robust_eps0p08_lam0p25,0.05,all,predictive_entropy,certified_below_threshold,0.9,,0.9418604651162791,,,0.7333333333333334,,1.0,0.0851063829787234
/home/user/thesis/UncertaintyAndRobustnessInBNNs/runs/mlp512x1/mc_dropout/seed1_eps0p08_lam0p25.json,mlp512x1,mc_dropout,1,val,0.08,0.25,robust_eps0p08_lam0p25,0.05,clean_correct,predictive_entropy,pgd_failure,,0.8727598566308243,,,0.7582641637401699,,,0.3673469387755102,0.0
/home/user/thesis/UncertaintyAndRobustnessInBNNs/runs/mlp512x1/mc_dropout/seed1_eps0p08_lam0p25.json,mlp512x1,mc_dropout,1,val,0.08,0.25,robust_eps0p08_lam0p25,0.05,clean_correct,predictive_entropy,certified_below_threshold,0.5,,1.0,,,1.0,,1.0,0.02127659574468085
/home/user/thesis/UncertaintyAndRobustnessInBNNs/runs/mlp512x1/mc_dropout/seed1_eps0p08_lam0p25.json,mlp512x1,mc_dropout,1,val,0.08,0.25,robust_eps0p08_lam0p25,0.05,clean_correct,predictive_entropy,certified_below_threshold,0.9,,0.9069767441860466,,,0.6,,1.0,0.044444444444444446
/home/user/thesis/UncertaintyAndRobustnessInBNNs/runs/mlp512x1/mc_dropout/seed1_eps0p08_lam0p25.json,mlp512x1,mc_dropout,1,val,0.08,0.25,robust_eps0p08_lam0p25,0.07,all,expected_entropy,pgd_failure,,0.9028571428571429,0.923913043478261,0.021055900621118062,0.9540269058115282,0.6916666666666667,-0.2623602391448615,0.7,0.08
/home/user/thesis/UncertaintyAndRobustnessInBNNs/runs/mlp512x1/mc_dropout/seed1_eps0p08_lam0p25.json,mlp512x1,mc_dropout,1,val,0.08,0.25,robust_eps0p08_lam0p25,0.07,all,expected_entropy,certified_below_threshold,0.5,,0.9375,,,0.7269230769230769,,1.0,0.08333333333333333
/home/user/thesis/UncertaintyAndRobustnessInBNNs/runs/mlp512x1/mc_dropout/seed1_eps0p08_lam0p25.json,mlp512x1,mc_dropout,1,val,0.08,0.25,robust_eps0p08_lam0p25,0.07,all,expected_entropy,certified_below_threshold,0.9,,0.9333333333333333,,,0.7709090909090908,,1.0,0.12195121951219512
/home/user/thesis/UncertaintyAndRobustnessInBNNs/runs/mlp512x1/mc_dropout/seed1_eps0p08_lam0p25.json,mlp512x1,mc_dropout,1,val,0.08,0.25,robust_eps0p08_lam0p25,0.07,clean_correct,expected_entropy,pgd_failure,,0.9,0.8804347826086957,-0.019565217391304346,0.9509533492592238,0.5769230769230769,-0.37403027233614694,0.6938775510204082,0.041666666666666664
/home/user/thesis/UncertaintyAndRobustnessInBNNs/runs/mlp512x1/mc_dropout/seed1_eps0p08_lam0p25.json,mlp512x1,mc_dropout,1,val,0.08,0.25,robust_eps0p08_lam0p25,0.07,clean_correct,expected_entropy,certified_below_threshold,0.5,,0.8977272727272727,,,0.5909090909090909,,1.0,0.043478260869565216
/home/user/thesis/UncertaintyAndRobustnessInBNNs/runs/mlp512x1/mc_dropout/seed1_eps0p08_lam0p25.json,mlp512x1,mc_dropout,1,val,0.08,0.25,robust_eps0p08_lam0p25,0.07,clean_correct,expected_entropy,certified_below_threshold,0.9,,0.888888888888889,,,0.5277777777777778,,1.0,0.07692307692307693
/home/user/thesis/UncertaintyAndRobustnessInBNNs/runs/mlp512x1/mc_dropout/seed1_eps0p08_lam0p25.json,mlp512x1,mc_dropout,1,val,0.08,0.25,robust_eps0p08_lam0p25,0.07,all,mutual_information,pgd_failure,,0.9047619047619048,0.9347826086956522,0.03002070393374745,0.9557543193761888,0.7214285714285714,-0.2343257479476174,0.7,0.08
/home/user/thesis/UncertaintyAndRobustnessInBNNs/runs/mlp512x1/mc_dropout/seed1_eps0p08_lam0p25.json,mlp512x1,mc_dropout,1,val,0.08,0.25,robust_eps0p08_lam0p25,0.07,all,mutual_information,certified_below_threshold,0.5,,0.9431818181818181,,,0.7644230769230769,,1.0,0.08333333333333333
/home/user/thesis/UncertaintyAndRobustnessInBNNs/runs/mlp512x1/mc_dropout/seed1_eps0p08_lam0p25.json,mlp512x1,mc_dropout,1,val,0.08,0.25,robust_eps0p08_lam0p25,0.07,all,mutual_information,certified_below_threshold,0.9,,0.9333333333333333,,,0.7709090909090908,,1.0,0.12195121951219512
/home/user/thesis/UncertaintyAndRobustnessInBNNs/runs/mlp512x1/mc_dropout/seed1_eps0p08_lam0p25.json,mlp512x1,mc_dropout,1,val,0.08,0.25,robust_eps0p08_lam0p25,0.07,clean_correct,mutual_information,pgd_failure,,0.9019607843137255,0.891304347826087,-0.010656436487638477,0.9528558303256814,0.5833333333333334,-0.36952249699234807,0.6938775510204082,0.041666666666666664
/home/user/thesis/UncertaintyAndRobustnessInBNNs/runs/mlp512x1/mc_dropout/seed1_eps0p08_lam0p25.json,mlp512x1,mc_dropout,1,val,0.08,0.25,robust_eps0p08_lam0p25,0.07,clean_correct,mutual_information,certified_below_threshold,0.5,,0.8977272727272727,,,0.5909090909090909,,1.0,0.043478260869565216
/home/user/thesis/UncertaintyAndRobustnessInBNNs/runs/mlp512x1/mc_dropout/seed1_eps0p08_lam0p25.json,mlp512x1,mc_dropout,1,val,0.08,0.25,robust_eps0p08_lam0p25,0.07,clean_correct,mutual_information,certified_below_threshold,0.9,,0.888888888888889,,,0.5277777777777778,,1.0,0.07692307692307693
/home/user/thesis/UncertaintyAndRobustnessInBNNs/runs/mlp512x1/mc_dropout/seed1_eps0p08_lam0p25.json,mlp512x1,mc_dropout,1,val,0.08,0.25,robust_eps0p08_lam0p25,0.07,all,one_minus_confidence,pgd_failure,,0.9009523809523811,0.923913043478261,0.022960662525879916,0.9543043804377424,0.6916666666666667,-0.2626377137710757,0.7,0.08
/home/user/thesis/UncertaintyAndRobustnessInBNNs/runs/mlp512x1/mc_dropout/seed1_eps0p08_lam0p25.json,mlp512x1,mc_dropout,1,val,0.08,0.25,robust_eps0p08_lam0p25,0.07,all,one_minus_confidence,certified_below_threshold,0.5,,0.9375,,,0.7269230769230769,,1.0,0.08333333333333333
/home/user/thesis/UncertaintyAndRobustnessInBNNs/runs/mlp512x1/mc_dropout/seed1_eps0p08_lam0p25.json,mlp512x1,mc_dropout,1,val,0.08,0.25,robust_eps0p08_lam0p25,0.07,all,one_minus_confidence,certified_below_threshold,0.9,,0.9333333333333333,,,0.7709090909090908,,1.0,0.12195121951219512
/home/user/thesis/UncertaintyAndRobustnessInBNNs/runs/mlp512x1/mc_dropout/seed1_eps0p08_lam0p25.json,mlp512x1,mc_dropout,1,val,0.08,0.25,robust_eps0p08_lam0p25,0.07,clean_correct,one_minus_confidence,pgd_failure,,0.8980392156862745,0.8804347826086957,-0.017604433077578863,0.9513200133045213,0.5769230769230769,-0.37439693638144445,0.6938775510204082,0.041666666666666664
/home/user/thesis/UncertaintyAndRobustnessInBNNs/runs/mlp512x1/mc_dropout/seed1_eps0p08_lam0p25.json,mlp512x1,mc_dropout,1,val,0.08,0.25,robust_eps0p08_lam0p25,0.07,clean_correct,one_minus_confidence,certified_below_threshold,0.5,,0.8977272727272727,,,0.5909090909090909,,1.0,0.043478260869565216
/home/user/thesis/UncertaintyAndRobustnessInBNNs/runs/mlp512x1/mc_dropout/seed1_eps0p08_lam0p25.json,mlp512x1,mc_dropout,1,val,0.08,0.25,robust_eps0p08_lam0p25,0.07,clean_correct,one_minus_confidence,certified_below_threshold,0.9,,0.888888888888889,,,0.5277777777777778,,1.0,0.07692307692307693
/home/user/thesis/UncertaintyAndRobustnessInBNNs/runs/mlp512x1/mc_dropout/seed1_eps0p08_lam0p25.json,mlp512x1,mc_dropout,1,val,0.08,0.25,robust_eps0p08_lam0p25,0.07,all,predictive_entropy,pgd_failure,,0.9047619047619048,0.923913043478261,0.01915113871635621,0.9558126200972424,0.6916666666666667,-0.2641459534305758,0.7,0.08
/home/user/thesis/UncertaintyAndRobustnessInBNNs/runs/mlp512x1/mc_dropout/seed1_eps0p08_lam0p25.json,mlp512x1,mc_dropout,1,val,0.08,0.25,robust_eps0p08_lam0p25,0.07,all,predictive_entropy,certified_below_threshold,0.5,,0.9375,,,0.7269230769230769,,1.0,0.08333333333333333
/home/user/thesis/UncertaintyAndRobustnessInBNNs/runs/mlp512x1/mc_dropout/seed1_eps0p08_lam0p25.json,mlp512x1,mc_dropout,1,val,0.08,0.25,robust_eps0p08_lam0p25,0.07,all,predictive_entropy,certified_below_threshold,0.9,,0.9333333333333333,,,0.7709090909090908,,1.0,0.12195121951219512
/home/user/thesis/UncertaintyAndRobustnessInBNNs/runs/mlp512x1/mc_dropout/seed1_eps0p08_lam0p25.json,mlp512x1,mc_dropout,1,val,0.08,0.25,robust_eps0p08_lam0p25,0.07,clean_correct,predictive_entropy,pgd_failure,,0.9019607843137255,0.8804347826086957,-0.02152600170502983,0.9529141335729493,0.5769230769230769,-0.3759910566498724,0.6938775510204082,0.041666666666666664
/home/user/thesis/UncertaintyAndRobustnessInBNNs/runs/mlp512x1/mc_dropout/seed1_eps0p08_lam0p25.json,mlp512x1,mc_dropout,1,val,0.08,0.25,robust_eps0p08_lam0p25,0.07,clean_correct,predictive_entropy,certified_below_threshold,0.5,,0.8977272727272727,,,0.5909090909090909,,1.0,0.043478260869565216
/home/user/thesis/UncertaintyAndRobustnessInBNNs/runs/mlp512x1/mc_dropout/seed1_eps0p08_lam0p25.json,mlp512x1,mc_dropout,1,val,0.08,0.25,robust_eps0p08_lam0p25,0.07,clean_correct,predictive_entropy,certified_below_threshold,0.9,,0.888888888888889,,,0.5277777777777778,,1.0,0.07692307692307693
/home/user/thesis/UncertaintyAndRobustnessInBNNs/runs/mlp512x1/mc_dropout/seed1_eps0p08_lam0p25.json,mlp512x1,mc_dropout,1,val,0.08,0.25,robust_eps0p08_lam0p25,0.08,all,expected_entropy,pgd_failure,,0.8624708624708625,0.923913043478261,0.06144218100739851,0.9550678929290458,0.6916666666666667,-0.26340122626237916,0.78,0.08
/home/user/thesis/UncertaintyAndRobustnessInBNNs/runs/mlp512x1/mc_dropout/seed1_eps0p08_lam0p25.json,mlp512x1,mc_dropout,1,val,0.08,0.25,robust_eps0p08_lam0p25,0.08,all,expected_entropy,certified_below_threshold,0.5,,0.9512195121951219,,,0.7784090909090909,,1.0,0.08888888888888889
/home/user/thesis/UncertaintyAndRobustnessInBNNs/runs/mlp512x1/mc_dropout/seed1_eps0p08_lam0p25.json,mlp512x1,mc_dropout,1,val,0.08,0.25,robust_eps0p08_lam0p25,0.08,all,expected_entropy,certified_below_threshold,0.9,,0.9448275862068964,,,0.8111111111111111,,1.0,0.14705882352941177
/home/user/thesis/UncertaintyAndRobustnessInBNNs/runs/mlp512x1/mc_dropout/seed1_eps0p08_lam0p25.json,mlp512x1,mc_dropout,1,val,0.08,0.25,robust_eps0p08_lam0p25,0.08,clean_correct,expected_entropy,pgd_failure,,0.8588516746411483,0.8804347826086957,0.021583107967547366,0.9522894791511187,0.5769230769230769,-0.37536640222804185,0.7755102040816326,0.041666666666666664
/home/user/thesis/UncertaintyAndRobustnessInBNNs/runs/mlp512x1/mc_dropout/seed1_eps0p08_lam0p25.json,mlp512x1,mc_dropout,1,val,0.08,0.25,robust_eps0p08_lam0p25,0.08,clean_correct,expected_entropy,certified_below_threshold,0.5,,0.9146341463414633,,,0.6111111111111112,,1.0,0.046511627906976744
/home/user/thesis/UncertaintyAndRobustnessInBNNs/runs/mlp512x1/mc_dropout/seed1_eps0p08_lam0p25.json,mlp512x1,mc_dropout,1,val,0.08,0.25,robust_eps0p08_lam0p25,0.08,clean_correct,expected_entropy,certified_below_threshold,0.9,,0.9080459770114941,,,0.5873015873015872,,1.0,0.09375
/home/user/thesis/UncertaintyAndRobustnessInBNNs/runs/mlp512x1/mc_dropout/seed1_eps0p08_lam0p25.json,mlp512x1,mc_dropout,1,val,0.08,0.25,robust_eps0p08_lam0p25,0.08,all,mutual_information,pgd_failure,,0.8578088578088578,0.9347826086956522,0.07697375088679437,0.9543243583865129,0.7214285714285714,-0.23289578695794144,0.78,0.08
/home/user/thesis/UncertaintyAndRobustnessInBNNs/runs/mlp512x1/mc_dropout/seed1_eps0p08_lam0p25.json,mlp512x1,mc_dropout,1,val,0.08,0.25,robust_eps0p08_lam0p25,0.08,all,mutual_information,certified_below_threshold,0.5,,0.9512195121951219,,,0.7784090909090909,,1.0,0.08888888888888889
/home/user/thesis/UncertaintyAndRobustnessInBNNs/runs/mlp512x1/mc_dropout/seed1_eps0p08_lam0p25.json,mlp512x1,mc_dropout,1,val,0.08,0.25,robust_eps0p08_lam0p25,0.08,all,mutual_information,certified_below_threshold,0.9,,0.9448275862068964,,,0.8111111111111111,,1.0,0.14705882352941177
/home/user/thesis/UncertaintyAndRobustnessInBNNs/runs/mlp512x1/mc_dropout/seed1_eps0p08_lam0p25.json,mlp512x1,mc_dropout,1,val,0.08,0.25,robust_eps0p08_lam0p25,0.08,clean_correct,mutual_information,pgd_failure,,0.8540669856459331,0.891304347826087,0.03723736218015394,0.9515633267583016,0.5833333333333334,-0.3682299934249682,0.7755102040816326,0.041666666666666664
/home/user/thesis/UncertaintyAndRobustnessInBNNs/runs/mlp512x1/mc_dropout/seed1_eps0p08_lam0p25.json,mlp512x1,mc_dropout,1,val,0.08,0.25,robust_eps0p08_lam0p25,0.08,clean_correct,mutual_information,certified_below_threshold,0.5,,0.9146341463414633,,,0.6111111111111112,,1.0,0.046511627906976744
/home/user/thesis/UncertaintyAndRobustnessInBNNs/runs/mlp512x1/mc_dropout/seed1_eps0p08_lam0p25.json,mlp512x1,mc_dropout,1,val,0.08,0.25,robust_eps0p08_lam0p25,0.08,clean_correct,mutual_information,certified_below_threshold,0.9,,0.9080459770114941,,,0.5873015873015872,,1.0,0.09375
/home/user/thesis/UncertaintyAndRobustnessInBNNs/runs/mlp512x1/mc_dropout/seed1_eps0p08_lam0p25.json,mlp512x1,mc_dropout,1,val,0.08,0.25,robust_eps0p08_lam0p25,0.08,all,one_minus_confidence,pgd_failure,,0.8578088578088578,0.923913043478261,0.06610418566940313,0.9539959128301573,0.6916666666666667,-0.2623292461634906,0.78,0.08
/home/user/thesis/UncertaintyAndRobustnessInBNNs/runs/mlp512x1/mc_dropout/seed1_eps0p08_lam0p25.json,mlp512x1,mc_dropout,1,val,0.08,0.25,robust_eps0p08_lam0p25,0.08,all,one_minus_confidence,certified_below_threshold,0.5,,0.9512195121951219,,,0.7784090909090909,,1.0,0.08888888888888889
/home/user/thesis/UncertaintyAndRobustnessInBNNs/runs/mlp512x1/mc_dropout/seed1_eps0p08_lam0p25.json,mlp512x1,mc_dropout,1,val,0.08,0.25,robust_eps0p08_lam0p25,0.08,all,one_minus_confidence,certified_below_threshold,0.9,,0.9448275862068964,,,0.8111111111111111,,1.0,0.14705882352941177
/home/user/thesis/UncertaintyAndRobustnessInBNNs/runs/mlp512x1/mc_dropout/seed1_eps0p08_lam0p25.json,mlp512x1,mc_dropout,1,val,0.08,0.25,robust_eps0p08_lam0p25,0.08,clean_correct,one_minus_confidence,pgd_failure,,0.8540669856459331,0.8804347826086957,0.02636779696276259,0.9512382051986419,0.5769230769230769,-0.374315128275565,0.7755102040816326,0.041666666666666664
/home/user/thesis/UncertaintyAndRobustnessInBNNs/runs/mlp512x1/mc_dropout/seed1_eps0p08_lam0p25.json,mlp512x1,mc_dropout,1,val,0.08,0.25,robust_eps0p08_lam0p25,0.08,clean_correct,one_minus_confidence,certified_below_threshold,0.5,,0.9146341463414633,,,0.6111111111111112,,1.0,0.046511627906976744
/home/user/thesis/UncertaintyAndRobustnessInBNNs/runs/mlp512x1/mc_dropout/seed1_eps0p08_lam0p25.json,mlp512x1,mc_dropout,1,val,0.08,0.25,robust_eps0p08_lam0p25,0.08,clean_correct,one_minus_confidence,certified_below_threshold,0.9,,0.9080459770114941,,,0.5873015873015872,,1.0,0.09375
/home/user/thesis/UncertaintyAndRobustnessInBNNs/runs/mlp512x1/mc_dropout/seed1_eps0p08_lam0p25.json,mlp512x1,mc_dropout,1,val,0.08,0.25,robust_eps0p08_lam0p25,0.08,all,predictive_entropy,pgd_failure,,0.8648018648018648,0.923913043478261,0.05911117867639615,0.9566704570316099,0.6916666666666667,-0.26500379036494326,0.78,0.08
/home/user/thesis/UncertaintyAndRobustnessInBNNs/runs/mlp512x1/mc_dropout/seed1_eps0p08_lam0p25.json,mlp512x1,mc_dropout,1,val,0.08,0.25,robust_eps0p08_lam0p25,0.08,all,predictive_entropy,certified_below_threshold,0.5,,0.9512195121951219,,,0.7784090909090909,,1.0,0.08888888888888889
/home/user/thesis/UncertaintyAndRobustnessInBNNs/runs/mlp512x1/mc_dropout/seed1_eps0p08_lam0p25.json,mlp512x1,mc_dropout,1,val,0.08,0.25,robust_eps0p08_lam0p25,0.08,all,predictive_entropy,certified_below_threshold,0.9,,0.9448275862068964,,,0.8111111111111111,,1.0,0.14705882352941177
/home/user/thesis/UncertaintyAndRobustnessInBNNs/runs/mlp512x1/mc_dropout/seed1_eps0p08_lam0p25.json,mlp512x1,mc_dropout,1,val,0.08,0.25,robust_eps0p08_lam0p25,0.08,clean_correct,predictive_entropy,pgd_failure,,0.8612440191387559,0.8804347826086957,0.019190763469939753,0.954043865116031,0.5769230769230769,-0.37712078819295414,0.7755102040816326,0.041666666666666664
/home/user/thesis/UncertaintyAndRobustnessInBNNs/runs/mlp512x1/mc_dropout/seed1_eps0p08_lam0p25.json,mlp512x1,mc_dropout,1,val,0.08,0.25,robust_eps0p08_lam0p25,0.08,clean_correct,predictive_entropy,certified_below_threshold,0.5,,0.9146341463414633,,,0.6111111111111112,,1.0,0.046511627906976744
/home/user/thesis/UncertaintyAndRobustnessInBNNs/runs/mlp512x1/mc_dropout/seed1_eps0p08_lam0p25.json,mlp512x1,mc_dropout,1,val,0.08,0.25,robust_eps0p08_lam0p25,0.08,clean_correct,predictive_entropy,certified_below_threshold,0.9,,0.9080459770114941,,,0.5873015873015872,,1.0,0.09375
/home/user/thesis/UncertaintyAndRobustnessInBNNs/runs/mlp512x1/mc_dropout/seed1_eps0p08_lam0p25.json,mlp512x1,mc_dropout,1,val,0.08,0.25,robust_eps0p08_lam0p25,0.1,all,expected_entropy,pgd_failure,,1.0,0.7954545454545454,-0.20454545454545459,1.0,0.5468682968682969,-0.45313170313170315,0.98,0.12
/home/user/thesis/UncertaintyAndRobustnessInBNNs/runs/mlp512x1/mc_dropout/seed1_eps0p08_lam0p25.json,mlp512x1,mc_dropout,1,val,0.08,0.25,robust_eps0p08_lam0p25,0.1,all,expected_entropy,certified_below_threshold,0.5,,0.8411764705882353,,,0.7259259259259259,,1.0,0.1282051282051282
/home/user/thesis/UncertaintyAndRobustnessInBNNs/runs/mlp512x1/mc_dropout/seed1_eps0p08_lam0p25.json,mlp512x1,mc_dropout,1,val,0.08,0.25,robust_eps0p08_lam0p25,0.1,all,expected_entropy,certified_below_threshold,0.9,,0.8148148148148148,,,0.716442199775533,,1.0,0.3
/home/user/thesis/UncertaintyAndRobustnessInBNNs/runs/mlp512x1/mc_dropout/seed1_eps0p08_lam0p25.json,mlp512x1,mc_dropout,1,val,0.08,0.25,robust_eps0p08_lam0p25,0.1,clean_correct,expected_entropy,pgd_failure,,1.0,0.7102272727272727,-0.2897727272727273,0.9999999999999999,0.3779304029304029,-0.622069597069597,0.9795918367346939,0.08333333333333333
/home/user/thesis/UncertaintyAndRobustnessInBNNs/runs/mlp512x1/mc_dropout/seed1_eps0p08_lam0p25.json,mlp512x1,mc_dropout,1,val,0.08,0.25,robust_eps0p08_lam0p25,0.1,clean_correct,expected_entropy,certified_below_threshold,0.5,,0.7352941176470588,,,0.4685714285714285,,1.0,0.08108108108108109
/home/user/thesis/UncertaintyAndRobustnessInBNNs/runs/mlp512x1/mc_dropout/seed1_eps0p08_lam0p25.json,mlp512x1,mc_dropout,1,val,0.08,0.25,robust_eps0p08_lam0p25,0.1,clean_correct,expected_entropy,certified_below_threshold,0.9,,0.7619047619047619,,,0.5534013605442176,,1.0,0.25
/home/user/thesis/UncertaintyAndRobustnessInBNNs/runs/mlp512x1/mc_dropout/seed1_eps0p08_lam0p25.json,mlp512x1,mc_dropout,1,val,0.08,0.25,robust_eps0p08_lam0p25,0.1,all,mutual_information,pgd_failure,,1.0,0.803030303030303,-0.19696969696969702,1.0,0.5642857142857143,-0.4357142857142857,0.98,0.12
/home/user/thesis/UncertaintyAndRobustnessInBNNs/runs/mlp512x1/mc_dropout/seed1_eps0p08_lam0p25.json,mlp512x1,mc_dropout,1,val,0.08,0.25,robust_eps0p08_lam0p25,0.1,all,mutual_information,certified_below_threshold,0.5,,0.8470588235294118,,,0.7273504273504272,,1.0,0.1282051282051282
/home/user/thesis/UncertaintyAndRobustnessInBNNs/runs/mlp512x1/mc_dropout/seed1_eps0p08_lam0p25.json,mlp512x1,mc_dropout,1,val,0.08,0.25,robust_eps0p08_lam0p25,0.1,all,mutual_information,certified_below_threshold,0.9,,0.8253968253968254,,,0.7434532061983044,,1.0,0.3
/home/user/thesis/UncertaintyAndRobustnessInBNNs/runs/mlp512x1/mc_dropout/seed1_eps0p08_lam0p25.json,mlp512x1,mc_dropout,1,val,0.08,0.25,robust_eps0p08_lam0p25,0.1,clean_correct,mutual_information,pgd_failure,,1.0,0.7159090909090908,-0.28409090909090917,0.9999999999999999,0.37877073906485675,-0.6212292609351431,0.9795918367346939,0.08333333333333333
/home/user/thesis/UncertaintyAndRobustnessInBNNs/runs/mlp512x1/mc_dropout/seed1_eps0p08_lam0p25.json,mlp512x1,mc_dropout,1,val,0.08,0.25,robust_eps0p08_lam0p25,0.1,clean_correct,mutual_information,certified_below_threshold,0.5,,0.7450980392156863,,,0.47023809523809523,,1.0,0.08108108108108109
/home/user/thesis/UncertaintyAndRobustnessInBNNs/runs/mlp512x1/mc_dropout/seed1_eps0p08_lam0p25.json,mlp512x1,mc_dropout,1,val,0.08,0.25,robust_eps0p08_lam0p25,0.1,clean_correct,mutual_information,certified_below_threshold,0.9,,0.7755102040816326,,,0.6075068623940805,,1.0,0.25
/home/user/thesis/UncertaintyAndRobustnessInBNNs/runs/mlp512x1/mc_dropout/seed1_eps0p08_lam0p25.json,mlp512x1,mc_dropout,1,val,0.08,0.25,robust_eps0p08_lam0p25,0.1,all,one_minus_confidence,pgd_failure,,0.9591836734693877,0.7954545454545454,-0.1637291280148423,0.9983673469387756,0.5468682968682969,-0.45149905007047875,0.98,0.12
/home/user/thesis/UncertaintyAndRobustnessInBNNs/runs/mlp512x1/mc_dropout/seed1_eps0p08_lam0p25.json,mlp512x1,mc_dropout,1,val,0.08,0.25,robust_eps0p08_lam0p25,0.1,all,one_minus_confidence,certified_below_threshold,0.5,,0.8411764705882353,,,0.7259259259259259,,1.0,0.1282051282051282
/home/user/thesis/UncertaintyAndRobustnessInBNNs/runs/mlp512x1/mc_dropout/seed1_eps0p08_lam0p25.json,mlp512x1,mc_dropout,1,val,0.08,0.25,robust_eps0p08_lam0p25,0.1,all,one_minus_confidence,certified_below_threshold,0.9,,0.8253968253968254,,,0.7445566778900112,,1.0,0.3
/home/user/thesis/UncertaintyAndRobustnessInBNNs/runs/mlp512x1/mc_dropout/seed1_eps0p08_lam0p25.json,mlp512x1,mc_dropout,1,val,0.08,0.25,robust_eps0p08_lam0p25,0.1,clean_correct,one_minus_confidence,pgd_failure,,0.9583333333333333,0.7102272727272727,-0.24810606060606055,0.9982993197278913,0.3779304029304029,-0.6203689167974884,0.9795918367346939,0.08333333333333333
/home/user/thesis/UncertaintyAndRobustnessInBNNs/runs/mlp512x1/mc_dropout/seed1_eps0p08_lam0p25.json,mlp512x1,mc_dropout,1,val,0.08,0.25,robust_eps0p08_lam0p25,0.1,clean_correct,one_minus_confidence,certified_below_threshold,0.5,,0.7352941176470588,,,0.4685714285714285,,1.0,0.08108108108108109
/home/user/thesis/UncertaintyAndRobustnessInBNNs/runs/mlp512x1/mc_dropout/seed1_eps0p08_lam0p25.json,mlp512x1,mc_dropout,1,val,0.08,0.25,robust_eps0p08_lam0p25,0.1,clean_correct,one_minus_confidence,certified_below_threshold,0.9,,0.7755102040816326,,,0.6089569160997732,,1.0,0.25
/home/user/thesis/UncertaintyAndRobustnessInBNNs/runs/mlp512x1/mc_dropout/seed1_eps0p08_lam0p25.json,mlp512x1,mc_dropout,1,val,0.08,0.25,robust_eps0p08_lam0p25,0.1,all,predictive_entropy,pgd_failure,,1.0,0.7954545454545454,-0.20454545454545459,1.0,0.5468682968682969,-0.45313170313170315,0.98,0.12
/home/user/thesis/UncertaintyAndRobustnessInBNNs/runs/mlp512x1/mc_dropout/seed1_eps0p08_lam0p25.json,mlp512x1,mc_dropout,1,val,0.08,0.25,robust_eps0p08_lam0p25,0.1,all,predictive_entropy,certified_below_threshold,0.5,,0.8411764705882353,,,0.7259259259259259,,1.0,0.1282051282051282
/home/user/thesis/UncertaintyAndRobustnessInBNNs/runs/mlp512x1/mc_dropout/seed1_eps0p08_lam0p25.json,mlp512x1,mc_dropout,1,val,0.08,0.25,robust_eps0p08_lam0p25,0.1,all,predictive_entropy,certified_below_threshold,0.9,,0.8253968253968254,,,0.7445566778900112,,1.0,0.3
/home/user/thesis/UncertaintyAndRobustnessInBNNs/runs/mlp512x1/mc_dropout/seed1_eps0p08_lam0p25.json,mlp512x1,mc_dropout,1,val,0.08,0.25,robust_eps0p08_lam0p25,0.1,clean_correct,predictive_entropy,pgd_failure,,1.0,0.7102272727272727,-0.2897727272727273,0.9999999999999999,0.3779304029304029,-0.622069597069597,0.9795918367346939,0.08333333333333333
/home/user/thesis/UncertaintyAndRobustnessInBNNs/runs/mlp512x1/mc_dropout/seed1_eps0p08_lam0p25.json,mlp512x1,mc_dropout,1,val,0.08,0.25,robust_eps0p08_lam0p25,0.1,clean_correct,predictive_entropy,certified_below_threshold,0.5,,0.7352941176470588,,,0.4685714285714285,,1.0,0.08108108108108109
/home/user/thesis/UncertaintyAndRobustnessInBNNs/runs/mlp512x1/mc_dropout/seed1_eps0p08_lam0p25.json,mlp512x1,mc_dropout,1,val,0.08,0.25,robust_eps0p08_lam0p25,0.1,clean_correct,predictive_entropy,certified_below_threshold,0.9,,0.7755102040816326,,,0.6089569160997732,,1.0,0.25
/home/user/thesis/UncertaintyAndRobustnessInBNNs/runs/mlp512x1/mc_dropout/seed2_eps0p08_lam0p25.json,mlp512x1,mc_dropout,2,val,0.08,0.25,robust_eps0p08_lam0p25,0.01,all,expected_entropy,pgd_failure,,1.0,0.9583333333333333,-0.04166666666666674,1.0,0.6666666666666666,-0.33333333333333337,0.04,0.04
/home/user/thesis/UncertaintyAndRobustnessInBNNs/runs/mlp512x1/mc_dropout/seed2_eps0p08_lam0p25.json,mlp512x1,mc_dropout,2,val,0.08,0.25,robust_eps0p08_lam0p25,0.01,all,expected_entropy,certified_below_threshold,0.5,1.0,0.9583333333333333,-0.04166666666666674,1.0,0.6666666666666666,-0.33333333333333337,0.04081632653061224,0.04
/home/user/thesis/UncertaintyAndRobustnessInBNNs/runs/mlp512x1/mc_dropout/seed2_eps0p08_lam0p25.json,mlp512x1,mc_dropout,2,val,0.08,0.25,robust_eps0p08_lam0p25,0.01,all,expected_entropy,certified_below_threshold,0.9,1.0,0.9583333333333333,-0.04166666666666674,1.0,0.6666666666666666,-0.33333333333333337,0.047619047619047616,0.04
/home/user/thesis/UncertaintyAndRobustnessInBNNs/runs/mlp512x1/mc_dropout/seed2_eps0p08_lam0p25.json,mlp512x1,mc_dropout,2,val,0.08,0.25,robust_eps0p08_lam0p25,0.01,clean_correct,expected_entropy,pgd_failure,,,,,,,,0.0,0.0
/home/user/thesis/UncertaintyAndRobustnessInBNNs/runs/mlp512x1/mc_dropout/seed2_eps0p08_lam0p25.json,mlp512x1,mc_dropout,2,val,0.08,0.25,robust_eps0p08_lam0p25,0.01,clean_correct,expected_entropy,certified_below_threshold,0.5,,,,,,,0.0,0.0
/home/user/thesis/UncertaintyAndRobustnessInBNNs/runs/mlp512x1/mc_dropout/seed2_eps0p08_lam0p25.json,mlp512x1,mc_dropout,2,val,0.08,0.25,robust_eps0p08_lam0p25,0.01,clean_correct,expected_entropy,certified_below_threshold,0.9,,,,,,,0.0,0.0
/home/user/thesis/UncertaintyAndRobustnessInBNNs/runs/mlp512x1/mc_dropout/seed2_eps0p08_lam0p25.json,mlp512x1,mc_dropout,2,val,0.08,0.25,robust_eps0p08_lam0p25,0.01,all,mutual_information,pgd_failure,,1.0,0.9791666666666667,-0.02083333333333326,1.0,0.75,-0.25,0.04,0.04
/home/user/thesis/UncertaintyAndRobustnessInBNNs/runs/mlp512x1/mc_dropout/seed2_eps0p08_lam0p25.json,mlp512x1,mc_dropout,2,val,0.08,0.25,robust_eps0p08_lam0p25,0.01,all,mutual_information,certified_below_threshold,0.5,1.0,0.9791666666666667,-0.02083333333333326,1.0,0.75,-0.25,0.04081632653061224,0.04
/home/user/thesis/UncertaintyAndRobustnessInBNNs/runs/mlp512x1/mc_dropout/seed2_eps0p08_lam0p25.json,mlp512x1,mc_dropout,2,val,0.08,0.25,robust_eps0p08_lam0p25,0.01,all,mutual_information,certified_below_threshold,0.9,1.0,0.9791666666666667,-0.02083333333333326,1.0,0.75,-0.25,0.047619047619047616,0.04
/home/user/thesis/UncertaintyAndRobustnessInBNNs/runs/mlp512x1/mc_dropout/seed2_eps0p08_lam0p25.json,mlp512x1,mc_dropout,2,val,0.08,0.25,robust_eps0p08_lam0p25,0.01,clean_correct,mutual_information,pgd_failure,,,,,,,,0.0,0.0
/home/user/thesis/UncertaintyAndRobustnessInBNNs/runs/mlp512x1/mc_dropout/seed2_eps0p08_lam0p25.json,mlp512x1,mc_dropout,2,val,0.08,0.25,robust_eps0p08_lam0p25,0.01,clean_correct,mutual_information,certified_below_threshold,0.5,,,,,,,0.0,0.0
/home/user/thesis/UncertaintyAndRobustnessInBNNs/runs/mlp512x1/mc_dropout/seed2_eps0p08_lam0p25.json,mlp512x1,mc_dropout,2,val,0.08,0.25,robust_eps0p08_lam0p25,0.01,clean_correct,mutual_information,certified_below_threshold,0.9,,,,,,,0.0,0.0
/home/user/thesis/UncertaintyAndRobustnessInBNNs/runs/mlp512x1/mc_dropout/seed2_eps0p08_lam0p25.json,mlp512x1,mc_dropout,2,val,0.08,0.25,robust_eps0p08_lam0p25,0.01,all,one_minus_confidence,pgd_failure,,1.0,0.9791666666666667,-0.02083333333333326,1.0,0.75,-0.25,0.04,0.04
/home/user/thesis/UncertaintyAndRobustnessInBNNs/runs/mlp512x1/mc_dropout/seed2_eps0p08_lam0p25.json,mlp512x1,mc_dropout,2,val,0.08,0.25,robust_eps0p08_lam0p25,0.01,all,one_minus_confidence,certified_below_threshold,0.5,1.0,0.9791666666666667,-0.02083333333333326,1.0,0.75,-0.25,0.04081632653061224,0.04
/home/user/thesis/UncertaintyAndRobustnessInBNNs/runs/mlp512x1/mc_dropout/seed2_eps0p08_lam0p25.json,mlp512x1,mc_dropout,2,val,0.08,0.25,robust_eps0p08_lam0p25,0.01,all,one_minus_confidence,certified_below_threshold,0.9,1.0,0.9791666666666667,-0.02083333333333326,1.0,0.75,-0.25,0.047619047619047616,0.04
/home/user/thesis/UncertaintyAndRobustnessInBNNs/runs/mlp512x1/mc_dropout/seed2_eps0p08_lam0p25.json,mlp512x1,mc_dropout,2,val,0.08,0.25,robust_eps0p08_lam0p25,0.01,clean_correct,one_minus_confidence,pgd_failure,,,,,,,,0.0,0.0
/home/user/thesis/UncertaintyAndRobustnessInBNNs/runs/mlp512x1/mc_dropout/seed2_eps0p08_lam0p25.json,mlp512x1,mc_dropout,2,val,0.08,0.25,robust_eps0p08_lam0p25,0.01,clean_correct,one_minus_confidence,certified_below_threshold,0.5,,,,,,,0.0,0.0
/home/user/thesis/UncertaintyAndRobustnessInBNNs/runs/mlp512x1/mc_dropout/seed2_eps0p08_lam0p25.json,mlp512x1,mc_dropout,2,val,0.08,0.25,robust_eps0p08_lam0p25,0.01,clean_correct,one_minus_confidence,certified_below_threshold,0.9,,,,,,,0.0,0.0
/home/user/thesis/UncertaintyAndRobustnessInBNNs/runs/mlp512x1/mc_dropout/seed2_eps0p08_lam0p25.json,mlp512x1,mc_dropout,2,val,0.08,0.25,robust_eps0p08_lam0p25,0.01,all,predictive_entropy,pgd_failure,,1.0,0.9791666666666667,-0.02083333333333326,1.0,0.75,-0.25,0.04,0.04
/home/user/thesis/UncertaintyAndRobustnessInBNNs/runs/mlp512x1/mc_dropout/seed2_eps0p08_lam0p25.json,mlp512x1,mc_dropout,2,val,0.08,0.25,robust_eps0p08_lam0p25,0.01,all,predictive_entropy,certified_below_threshold,0.5,1.0,0.9791666666666667,-0.02083333333333326,1.0,0.75,-0.25,0.04081632653061224,0.04
/home/user/thesis/UncertaintyAndRobustnessInBNNs/runs/mlp512x1/mc_dropout/seed2_eps0p08_lam0p25.json,mlp512x1,mc_dropout,2,val,0.08,0.25,robust_eps0p08_lam0p25,0.01,all,predictive_entropy,certified_below_threshold,0.9,1.0,0.9791666666666667,-0.02083333333333326,1.0,0.75,-0.25,0.047619047619047616,0.04
/home/user/thesis/UncertaintyAndRobustnessInBNNs/runs/mlp512x1/mc_dropout/seed2_eps0p08_lam0p25.json,mlp512x1,mc_dropout,2,val,0.08,0.25,robust_eps0p08_lam0p25,0.01,clean_correct,predictive_entropy,pgd_failure,,,,,,,,0.0,0.0
/home/user/thesis/UncertaintyAndRobustnessInBNNs/runs/mlp512x1/mc_dropout/seed2_eps0p08_lam0p25.json,mlp512x1,mc_dropout,2,val,0.08,0.25,robust_eps0p08_lam0p25,0.01,clean_correct,predictive_entropy,certified_below_threshold,0.5,,,,,,,0.0,0.0
/home/user/thesis/UncertaintyAndRobustnessInBNNs/runs/mlp512x1/mc_dropout/seed2_eps0p08_lam0p25.json,mlp512x1,mc_dropout,2,val,0.08,0.25,robust_eps0p08_lam0p25,0.01,clean_correct,predictive_entropy,certified_below_threshold,0.9,,,,,,,0.0,0.0
/home/user/thesis/UncertaintyAndRobustnessInBNNs/runs/mlp512x1/mc_dropout/seed2_eps0p08_lam0p25.json,mlp512x1,mc_dropout,2,val,0.08,0.25,robust_eps0p08_lam0p25,0.05,all,expected_entropy,pgd_failure,,0.7573529411764706,0.9583333333333333,0.2009803921568627,0.6673717299725365,0.6666666666666666,-0.0007050633058698352,0.32,0.04
/home/user/thesis/UncertaintyAndRobustnessInBNNs/runs/mlp512x1/mc_dropout/seed2_eps0p08_lam0p25.json,mlp512x1,mc_dropout,2,val,0.08,0.25,robust_eps0p08_lam0p25,0.05,all,expected_entropy,certified_below_threshold,0.5,,0.9583333333333333,,,0.6666666666666666,,1.0,0.04
/home/user/thesis/UncertaintyAndRobustnessInBNNs/runs/mlp512x1/mc_dropout/seed2_eps0p08_lam0p25.json,mlp512x1,mc_dropout,2,val,0.08,0.25,robust_eps0p08_lam0p25,0.05,all,expected_entropy,certified_below_threshold,0.9,,0.975609756097561,,,0.75,,1.0,0.046511627906976744
/home/user/thesis/UncertaintyAndRobustnessInBNNs/runs/mlp512x1/mc_dropout/seed2_eps0p08_lam0p25.json,mlp512x1,mc_dropout,2,val,0.08,0.25,robust_eps0p08_lam0p25,0.05,clean_correct,expected_entropy,pgd_failure,,0.7226890756302521,,,0.563643442858087,,,0.2916666666666667,0.0
/home/user/thesis/UncertaintyAndRobustnessInBNNs/runs/mlp512x1/mc_dropout/seed2_eps0p08_lam0p25.json,mlp512x1,mc_dropout,2,val,0.08,0.25,robust_eps0p08_lam0p25,0.05,clean_correct,expected_entropy,certified_below_threshold,0.5,,,,,,,1.0,0.0
/home/user/thesis/UncertaintyAndRobustnessInBNNs/runs/mlp512x1/mc_dropout/seed2_eps0p08_lam0p25.json,mlp512x1,mc_dropout,2,val,0.08,0.25,robust_eps0p08_lam0p25,0.05,clean_correct,expected_entropy,certified_below_threshold,0.9,,,,,,,1.0,0.0
/home/user/thesis/UncertaintyAndRobustnessInBNNs/runs/mlp512x1/mc_dropout/seed2_eps0p08_lam0p25.json,mlp512x1,mc_dropout,2,val,0.08,0.25,robust_eps0p08_lam0p25,0.05,all,mutual_information,pgd_failure,,0.7389705882352942,0.9791666666666667,0.24019607843137258,0.6452351730800249,0.75,0.10476482691997513,0.32,0.04
/home/user/thesis/UncertaintyAndRobustnessInBNNs/runs/mlp512x1/mc_dropout/seed2_eps0p08_lam0p25.json,mlp512x1,mc_dropout,2,val,0.08,0.25,robust_eps0p08_lam0p25,0.05,all,mutual_information,certified_below_threshold,0.5,,0.9791666666666667,,,0.75,,1.0,0.04
/home/user/thesis/UncertaintyAndRobustnessInBNNs/runs/mlp512x1/mc_dropout/seed2_eps0p08_lam0p25.json,mlp512x1,mc_dropout,2,val,0.08,0.25,robust_eps0p08_lam0p25,0.05,all,mutual_information,certified_below_threshold,0.9,,1.0,,,1.0,,1.0,0.046511627906976744
/home/user/thesis/UncertaintyAndRobustnessInBNNs/runs/mlp512x1/mc_dropout/seed2_eps0p08_lam0p25.json,mlp512x1,mc_dropout,2,val,0.08,0.25,robust_eps0p08_lam0p25,0.05,clean_correct,mutual_information,pgd_failure,,0.7016806722689075,,,0.5349733212135851,,,0.2916666666666667,0.0
/home/user/thesis/UncertaintyAndRobustnessInBNNs/runs/mlp512x1/mc_dropout/seed2_eps0p08_lam0p25.json,mlp512x1,mc_dropout,2,val,0.08,0.25,robust_eps0p08_lam0p25,0.05,clean_correct,mutual_information,certified_below_threshold,0.5,,,,,,,1.0,0.0
/home/user/thesis/UncertaintyAndRobustnessInBNNs/runs/mlp512x1/mc_dropout/seed2_eps0p08_lam0p25.json,mlp512x1,mc_dropout,2,val,0.08,0.25,robust_eps0p08_lam0p25,0.05,clean_correct,mutual_information,certified_below_threshold,0.9,,,,,,,1.0,0.0
/home/user/thesis/UncertaintyAndRobustnessInBNNs/runs/mlp512x1/mc_dropout/seed2_eps0p08_lam0p25.json,mlp512x1,mc_dropout,2,val,0.08,0.25,robust_eps0p08_lam0p25,0.05,all,one_minus_confidence,pgd_failure,,0.7490808823529411,0.9791666666666667,0.23008578431372562,0.6534294222802288,0.75,0.09657057771977118,0.32,0.04
/home/user/thesis/UncertaintyAndRobustnessInBNNs/runs/mlp512x1/mc_dropout/seed2_eps0p08_lam0p25.json,mlp512x1,mc_dropout,2,val,0.08,0.25,robust_eps0p08_lam0p25,0.05,all,one_minus_confidence,certified_below_threshold,0.5,,0.9791666666666667,,,0.75,,1.0,0.04
/home/user/thesis/UncertaintyAndRobustnessInBNNs/runs/mlp512x1/mc_dropout/seed2_eps0p08_lam0p25.json,mlp512x1,mc_dropout,2,val,0.08,0.25,robust_eps0p08_lam0p25,0.05,all,one_minus_confidence,certified_below_threshold,0.9,,0.9878048780487805,,,0.8333333333333333,,1.0,0.046511627906976744
/home/user/thesis/UncertaintyAndRobustnessInBNNs/runs/mlp512x1/mc_dropout/seed2_eps0p08_lam0p25.json,mlp512x1,mc_dropout,2,val,0.08,0.25,robust_eps0p08_lam0p25,0.05,clean_correct,one_minus_confidence,pgd_failure,,0.713235294117647,,,0.5449788271346477,,,0.2916666666666667,0.0
/home/user/thesis/UncertaintyAndRobustnessInBNNs/runs/mlp512x1/mc_dropout/seed2_eps0p08_lam0p25.json,mlp512x1,mc_dropout,2,val,0.08,0.25,robust_eps0p08_lam0p25,0.05,clean_correct,one_minus_confidence,certified_below_threshold,0.5,,,,,,,1.0,0.0
/home/user/thesis/UncertaintyAndRobustnessInBNNs/runs/mlp512x1/mc_dropout/seed2_eps0p08_lam0p25.json,mlp512x1,mc_dropout,2,val,0.08,0.25,robust_eps0p08_lam0p25,0.05,clean_correct,one_minus_confidence,certified_below_threshold,0.9,,,,,,,1.0,0.0
/home/user/thesis/UncertaintyAndRobustnessInBNNs/runs/mlp512x1/mc_dropout/seed2_eps0p08_lam0p25.json,mlp512x1,mc_dropout,2,val,0.08,0.25,robust_eps0p08_lam0p25,0.05,all,predictive_entropy,pgd_failure,,0.7536764705882353,0.9791666666666667,0.22549019607843146,0.6630621319129384,0.75,0.08693786808706161,0.32,0.04
/home/user/thesis/UncertaintyAndRobustnessInBNNs/runs/mlp512x1/mc_dropout/seed2_eps0p08_lam0p25.json,mlp512x1,mc_dropout,2,val,0.08,0.25,robust_eps0p08_lam0p25,0.05,all,predictive_entropy,certified_below_threshold,0.5,,0.9791666666666667,,,0.75,,1.0,0.04
/home/user/thesis/UncertaintyAndRobustnessInBNNs/runs/mlp512x1/mc_dropout/seed2_eps0p08_lam0p25.json,mlp512x1,mc_dropout,2,val,0.08,0.25,robust_eps0p08_lam0p25,0.05,all,predictive_entropy,certified_below_threshold,0.9,,0.9878048780487805,,,0.8333333333333333,,1.0,0.046511627906976744
/home/user/thesis/UncertaintyAndRobustnessInBNNs/runs/mlp512x1/mc_dropout/seed2_eps0p08_lam0p25.json,mlp512x1,mc_dropout,2,val,0.08,0.25,robust_eps0p08_lam0p25,0.05,clean_correct,predictive_entropy,pgd_failure,,0.7184873949579832,,,0.5583176761877824,,,0.2916666666666667,0.0
/home/user/thesis/UncertaintyAndRobustnessInBNNs/runs/mlp512x1/mc_dropout/seed2_eps0p08_lam0p25.json,mlp512x1,mc_dropout,2,val,0.08,0.25,robust_eps0p08_lam0p25,0.05,clean_correct,predictive_entropy,certified_below_threshold,0.5,,,,,,,1.0,0.0
/home/user/thesis/UncertaintyAndRobustnessInBNNs/runs/mlp512x1/mc_dropout/seed2_eps0p08_lam0p25.json,mlp512x1,mc_dropout,2,val,0.08,0.25,robust_eps0p08_lam0p25,0.05,clean_correct,predictive_entropy,certified_below_threshold,0.9,,,,,,,1.0,0.0
/home/user/thesis/UncertaintyAndRobustnessInBNNs/runs/mlp512x1/mc_dropout/seed2_eps0p08_lam0p25.json,mlp512x1,mc_dropout,2,val,0.08,0.25,robust_eps0p08_lam0p25,0.07,all,expected_entropy,pgd_failure,,0.8574561403508772,0.9583333333333333,0.10087719298245601,0.9511999580026135,0.6666666666666666,-0.28453329133594685,0.76,0.04
/home/user/thesis/UncertaintyAndRobustnessInBNNs/runs/mlp512x1/mc_dropout/seed2_eps0p08_lam0p25.json,mlp512x1,mc_dropout,2,val,0.08,0.25,robust_eps0p08_lam0p25,0.07,all,expected_entropy,certified_below_threshold,0.5,,0.9666666666666667,,,0.7,,1.0,0.0425531914893617
/home/user/thesis/UncertaintyAndRobustnessInBNNs/runs/mlp512x1/mc_dropout/seed2_eps0p08_lam0p25.json,mlp512x1,mc_dropout,2,val,0.08,0.25,robust_eps0p08_lam0p25,0.07,all,expected_entropy,certified_below_threshold,0.9,,0.96,,,0.850909090909091,,1.0,0.125
/home/user/thesis/UncertaintyAndRobustnessInBNNs/runs/mlp512x1/mc_dropout/seed2_eps0p08_lam0p25.json,mlp512x1,mc_dropout,2,val,0.08,0.25,robust_eps0p08_lam0p25,0.07,clean_correct,expected_entropy,pgd_failure,,0.849537037037037,,,0.9451209750302014,,,0.75,0.0
/home/user/thesis/UncertaintyAndRobustnessInBNNs/runs/mlp512x1/mc_dropout/seed2_eps0p08_lam0p25.json,mlp512x1,mc_dropout,2,val,0.08,0.25,robust_eps0p08_lam0p25,0.07,clean_correct,expected_entropy,certified_below_threshold,0.5,,,,,,,1.0,0.0
/home/user/thesis/UncertaintyAndRobustnessInBNNs/runs/mlp512x1/mc_dropout/seed2_eps0p08_lam0p25.json,mlp512x1,mc_dropout,2,val,0.08,0.25,robust_eps0p08_lam0p25,0.07,clean_correct,expected_entropy,certified_below_threshold,0.9,,0.9333333333333332,,,0.6666666666666666,,1.0,0.07894736842105263
/home/user/thesis/UncertaintyAndRobustnessInBNNs/runs/mlp512x1/mc_dropout/seed2_eps0p08_lam0p25.json,mlp512x1,mc_dropout,2,val,0.08,0.25,robust_eps0p08_lam0p25,0.07,all,mutual_information,pgd_failure,,0.8464912280701754,0.9791666666666667,0.13267543859649134,0.9463721653841746,0.75,-0.19637216538417457,0.76,0.04
/home/user/thesis/UncertaintyAndRobustnessInBNNs/runs/mlp512x1/mc_dropout/seed2_eps0p08_lam0p25.json,mlp512x1,mc_dropout,2,val,0.08,0.25,robust_eps0p08_lam0p25,0.07,all,mutual_information,certified_below_threshold,0.5,,0.9888888888888888,,,0.8333333333333333,,1.0,0.0425531914893617
/home/user/thesis/UncertaintyAndRobustnessInBNNs/runs/mlp512x1/mc_dropout/seed2_eps0p08_lam0p25.json,mlp512x1,mc_dropout,2,val,0.08,0.25,robust_eps0p08_lam0p25,0.07,all,mutual_information,certified_below_threshold,0.9,,0.9657142857142856,,,0.8909090909090909,,1.0,0.125
/home/user/thesis/UncertaintyAndRobustnessInBNNs/runs/mlp512x1/mc_dropout/seed2_eps0p08_lam0p25.json,mlp512x1,mc_dropout,2,val,0.08,0.25,robust_eps0p08_lam0p25,0.07,clean_correct,mutual_information,pgd_failure,,0.8379629629629629,,,0.939594609875672,,,0.75,0.0
/home/user/thesis/UncertaintyAndRobustnessInBNNs/runs/mlp512x1/mc_dropout/seed2_eps0p08_lam0p25.json,mlp512x1,mc_dropout,2,val,0.08,0.25,robust_eps0p08_lam0p25,0.07,clean_correct,mutual_information,certified_below_threshold,0.5,,,,,,,1.0,0.0
/home/user/thesis/UncertaintyAndRobustnessInBNNs/runs/mlp512x1/mc_dropout/seed2_eps0p08_lam0p25.json,mlp512x1,mc_dropout,2,val,0.08,0.25,robust_eps0p08_lam0p25,0.07,clean_correct,mutual_information,certified_below_threshold,0.9,,0.9428571428571428,,,0.7777777777777777,,1.0,0.07894736842105263
/home/user/thesis/UncertaintyAndRobustnessInBNNs/runs/mlp512x1/mc_dropout/seed2_eps0p08_lam0p25.json,mlp512x1,mc_dropout,2,val,0.08,0.25,robust_eps0p08_lam0p25,0.07,all,one_minus_confidence,pgd_failure,,0.8508771929824562,0.9791666666666667,0.1282894736842105,0.9492055445608316,0.75,-0.19920554456083162,0.76,0.04
/home/user/thesis/UncertaintyAndRobustnessInBNNs/runs/mlp512x1/mc_dropout/seed2_eps0p08_lam0p25.json,mlp512x1,mc_dropout,2,val,0.08,0.25,robust_eps0p08_lam0p25,0.07,all,one_minus_confidence,certified_below_threshold,0.5,,0.9888888888888888,,,0.8333333333333333,,1.0,0.0425531914893617
/home/user/thesis/UncertaintyAndRobustnessInBNNs/runs/mlp512x1/mc_dropout/seed2_eps0p08_lam0p25.json,mlp512x1,mc_dropout,2,val,0.08,0.25,robust_eps0p08_lam0p25,0.07,all,one_minus_confidence,certified_below_threshold,0.9,,0.9542857142857143,,,0.8433333333333333,,1.0,0.125
/home/user/thesis/UncertaintyAndRobustnessInBNNs/runs/mlp512x1/mc_dropout/seed2_eps0p08_lam0p25.json,mlp512x1,mc_dropout,2,val,0.08,0.25,robust_eps0p08_lam0p25,0.07,clean_correct,one_minus_confidence,pgd_failure,,0.8425925925925927,,,0.9429357472375568,,,0.75,0.0
/home/user/thesis/UncertaintyAndRobustnessInBNNs/runs/mlp512x1/mc_dropout/seed2_eps0p08_lam0p25.json,mlp512x1,mc_dropout,2,val,0.08,0.25,robust_eps0p08_lam0p25,0.07,clean_correct,one_minus_confidence,certified_below_threshold,0.5,,,,,,,1.0,0.0
/home/user/thesis/UncertaintyAndRobustnessInBNNs/runs/mlp512x1/mc_dropout/seed2_eps0p08_lam0p25.json,mlp512x1,mc_dropout,2,val,0.08,0.25,robust_eps0p08_lam0p25,0.07,clean_correct,one_minus_confidence,certified_below_threshold,0.9,,0.9238095238095239,,,0.6555555555555556,,1.0,0.07894736842105263
/home/user/thesis/UncertaintyAndRobustnessInBNNs/runs/mlp512x1/mc_dropout/seed2_eps0p08_lam0p25.json,mlp512x1,mc_dropout,2,val,0.08,0.25,robust_eps0p08_lam0p25,0.07,all,predictive_entropy,pgd_failure,,0.8530701754385965,0.9791666666666667,0.1260964912280702,0.9499500931793415,0.75,-0.19995009317934154,0.76,0.04
/home/user/thesis/UncertaintyAndRobustnessInBNNs/runs/mlp512x1/mc_dropout/seed2_eps0p08_lam0p25.json,mlp512x1,mc_dropout,2,val,0.08,0.25,robust_eps0p08_lam0p25,0.07,all,predictive_entropy,certified_below_threshold,0.5,,0.9888888888888888,,,0.8333333333333333,,1.0,0.0425531914893617
/home/user/thesis/UncertaintyAndRobustnessInBNNs/runs/mlp512x1/mc_dropout/seed2_eps0p08_lam0p25.json,mlp512x1,mc_dropout,2,val,0.08,0.25,robust_eps0p08_lam0p25,0.07,all,predictive_entropy,certified_below_threshold,0.9,,0.9542857142857144,,,0.8433333333333334,,1.0,0.125
/home/user/thesis/UncertaintyAndRobustnessInBNNs/runs/mlp512x1/mc_dropout/seed2_eps0p08_lam0p25.json,mlp512x1,mc_dropout,2,val,0.08,0.25,robust_eps0p08_lam0p25,0.07,clean_correct,predictive_entropy,pgd_failure,,0.8449074074074073,,,0.9437372734014018,,,0.75,0.0
/home/user/thesis/UncertaintyAndRobustnessInBNNs/runs/mlp512x1/mc_dropout/seed2_eps0p08_lam0p25.json,mlp512x1,mc_dropout,2,val,0.08,0.25,robust_eps0p08_lam0p25,0.07,clean_correct,predictive_entropy,certified_below_threshold,0.5,,,,,,,1.0,0.0
/home/user/thesis/UncertaintyAndRobustnessInBNNs/runs/mlp512x1/mc_dropout/seed2_eps0p08_lam0p25.json,mlp512x1,mc_dropout,2,val,0.08,0.25,robust_eps0p08_lam0p25,0.07,clean_correct,predictive_entropy,certified_below_threshold,0.9,,0.9238095238095239,,,0.6555555555555554,,1.0,0.07894736842105263
/home/user/thesis/UncertaintyAndRobustnessInBNNs/runs/mlp512x1/mc_dropout/seed2_eps0p08_lam0p25.json,mlp512x1,mc_dropout,2,val,0.08,0.25,robust_eps0p08_lam0p25,0.08,all,expected_entropy,pgd_failure,,0.9280303030303031,0.9583333333333333,0.030303030303030165,0.9894942526976352,0.6666666666666666,-0.3228275860309686,0.88,0.04
/home/user/thesis/UncertaintyAndRobustnessInBNNs/runs/mlp512x1/mc_dropout/seed2_eps0p08_lam0p25.json,mlp512x1,mc_dropout,2,val,0.08,0.25,robust_eps0p08_lam0p25,0.08,all,expected_entropy,certified_below_threshold,0.5,,0.9874999999999999,,,0.8333333333333333,,1.0,0.047619047619047616
/home/user/thesis/UncertaintyAndRobustnessInBNNs/runs/mlp512x1/mc_dropout/seed2_eps0p08_lam0p25.json,mlp512x1,mc_dropout,2,val,0.08,0.25,robust_eps0p08_lam0p25,0.08,all,expected_entropy,certified_below_threshold,0.9,,0.9635416666666667,,,0.8888888888888888,,1.0,0.15789473684210525
/home/user/thesis/UncertaintyAndRobustnessInBNNs/runs/mlp512x1/mc_dropout/seed2_eps0p08_lam0p25.json,mlp512x1,mc_dropout,2,val,0.08,0.25,robust_eps0p08_lam0p25,0.08,clean_correct,expected_entropy,pgd_failure,,0.9246031746031745,,,0.9884211120105719,,,0.875,0.0
/home/user/thesis/UncertaintyAndRobustnessInBNNs/runs/mlp512x1/mc_dropout/seed2_eps0p08_lam0p25.json,mlp512x1,mc_dropout,2,val,0.08,0.25,robust_eps0p08_lam0p25,0.08,clean_correct,expected_entropy,certified_below_threshold,0.5,,,,,,,1.0,0.0
/home/user/thesis/UncertaintyAndRobustnessInBNNs/runs/mlp512x1/mc_dropout/seed2_eps0p08_lam0p25.json,mlp512x1,mc_dropout,2,val,0.08,0.25,robust_eps0p08_lam0p25,0.08,clean_correct,expected_entropy,certified_below_threshold,0.9,,0.9453125,,,0.7875,,1.0,0.1111111111111111
/home/user/thesis/UncertaintyAndRobustnessInBNNs/runs/mlp512x1/mc_dropout/seed2_eps0p08_lam0p25.json,mlp512x1,mc_dropout,2,val,0.08,0.25,robust_eps0p08_lam0p25,0.08,all,mutual_information,pgd_failure,,0.9166666666666666,0.9791666666666667,0.06250000000000011,0.9875349306836902,0.75,-0.23753493068369025,0.88,0.04
/home/user/thesis/UncertaintyAndRobustnessInBNNs/runs/mlp512x1/mc_dropout/seed2_eps0p08_lam0p25.json,mlp512x1,mc_dropout,2,val,0.08,0.25,robust_eps0p08_lam0p25,0.08,all,mutual_information,certified_below_threshold,0.5,,1.0,,,1.0,,1.0,0.047619047619047616
/home/user/thesis/UncertaintyAndRobustnessInBNNs/runs/mlp512x1/mc_dropout/seed2_eps0p08_lam0p25.json,mlp512x1,mc_dropout,2,val,0.08,0.25,robust_eps0p08_lam0p25,0.08,all,mutual_information,certified_below_threshold,0.9,,0.96875,,,0.9166666666666666,,1.0,0.15789473684210525
/home/user/thesis/UncertaintyAndRobustnessInBNNs/runs/mlp512x1/mc_dropout/seed2_eps0p08_lam0p25.json,mlp512x1,mc_dropout,2,val,0.08,0.25,robust_eps0p08_lam0p25,0.08,clean_correct,mutual_information,pgd_failure,,0.9126984126984127,,,0.9862402410639314,,,0.875,0.0
/home/user/thesis/UncertaintyAndRobustnessInBNNs/runs/mlp512x1/mc_dropout/seed2_eps0p08_lam0p25.json,mlp512x1,mc_dropout,2,val,0.08,0.25,robust_eps0p08_lam0p25,0.08,clean_correct,mutual_information,certified_below_threshold,0.5,,,,,,,1.0,0.0
/home/user/thesis/UncertaintyAndRobustnessInBNNs/runs/mlp512x1/mc_dropout/seed2_eps0p08_lam0p25.json,mlp512x1,mc_dropout,2,val,0.08,0.25,robust_eps0p08_lam0p25,0.08,clean_correct,mutual_information,certified_below_threshold,0.9,,0.953125,,,0.85,,1.0,0.1111111111111111
/home/user/thesis/UncertaintyAndRobustnessInBNNs/runs/mlp512x1/mc_dropout/seed2_eps0p08_lam0p25.json,mlp512x1,mc_dropout,2,val,0.08,0.25,robust_eps0p08_lam0p25,0.08,all,one_minus_confidence,pgd_failure,,0.9223484848484849,0.9791666666666667,0.05681818181818188,0.9882242323678992,0.75,-0.23822423236789925,0.88,0.04
/home/user/thesis/UncertaintyAndRobustnessInBNNs/runs/mlp512x1/mc_dropout/seed2_eps0p08_lam0p25.json,mlp512x1,mc_dropout,2,val,0.08,0.25,robust_eps0p08_lam0p25,0.08,all,one_minus_confidence,certified_below_threshold,0.5,,1.0,,,1.0,,1.0,0.047619047619047616
/home/user/thesis/UncertaintyAndRobustnessInBNNs/runs/mlp512x1/mc_dropout/seed2_eps0p08_lam0p25.json,mlp512x1,mc_dropout,2,val,0.08,0.25,robust_eps0p08_lam0p25,0.08,all,one_minus_confidence,certified_below_threshold,0.9,,0.9583333333333334,,,0.8824786324786325,,1.0,0.15789473684210525
/home/user/thesis/UncertaintyAndRobustnessInBNNs/runs/mlp512x1/mc_dropout/seed2_eps0p08_lam0p25.json,mlp512x1,mc_dropout,2,val,0.08,0.25,robust_eps0p08_lam0p25,0.08,clean_correct,one_minus_confidence,pgd_failure,,0.9186507936507937,,,0.9870401644339722,,,0.875,0.0
/home/user/thesis/UncertaintyAndRobustnessInBNNs/runs/mlp512x1/mc_dropout/seed2_eps0p08_lam0p25.json,mlp512x1,mc_dropout,2,val,0.08,0.25,robust_eps0p08_lam0p25,0.08,clean_correct,one_minus_confidence,certified_below_threshold,0.5,,,,,,,1.0,0.0
/home/user/thesis/UncertaintyAndRobustnessInBNNs/runs/mlp512x1/mc_dropout/seed2_eps0p08_lam0p25.json,mlp512x1,mc_dropout,2,val,0.08,0.25,robust_eps0p08_lam0p25,0.08,clean_correct,one_minus_confidence,certified_below_threshold,0.9,,0.9375,,,0.7784090909090909,,1.0,0.1111111111111111
/home/user/thesis/UncertaintyAndRobustnessInBNNs/runs/mlp512x1/mc_dropout/seed2_eps0p08_lam0p25.json,mlp512x1,mc_dropout,2,val,0.08,0.25,robust_eps0p08_lam0p25,0.08,all,predictive_entropy,pgd_failure,,0.9280303030303031,0.9791666666666667,0.051136363636363646,0.9894942526976352,0.75,-0.23949425269763525,0.88,0.04
/home/user/thesis/UncertaintyAndRobustnessInBNNs/runs/mlp512x1/mc_dropout/seed2_eps0p08_lam0p25.json,mlp512x1,mc_dropout,2,val,0.08,0.25,robust_eps0p08_lam0p25,0.08,all,predictive_entropy,certified_below_threshold,0.5,,1.0,,,1.0,,1.0,0.047619047619047616
/home/user/thesis/UncertaintyAndRobustnessInBNNs/runs/mlp512x1/mc_dropout/seed2_eps0p08_lam0p25.json,mlp512x1,mc_dropout,2,val,0.08,0.25,robust_eps0p08_lam0p25,0.08,all,predictive_entropy,certified_below_threshold,0.9,,0.9583333333333334,,,0.8824786324786325,,1.0,0.15789473684210525
/home/user/thesis/UncertaintyAndRobustnessInBNNs/runs/mlp512x1/mc_dropout/seed2_eps0p08_lam0p25.json,mlp512x1,mc_dropout,2,val,0.08,0.25,robust_eps0p08_lam0p25,0.08,clean_correct,predictive_entropy,pgd_failure,,0.9246031746031745,,,0.9884211120105719,,,0.875,0.0
/home/user/thesis/UncertaintyAndRobustnessInBNNs/runs/mlp512x1/mc_dropout/seed2_eps0p08_lam0p25.json,mlp512x1,mc_dropout,2,val,0.08,0.25,robust_eps0p08_lam0p25,0.08,clean_correct,predictive_entropy,certified_below_threshold,0.5,,,,,,,1.0,0.0
/home/user/thesis/UncertaintyAndRobustnessInBNNs/runs/mlp512x1/mc_dropout/seed2_eps0p08_lam0p25.json,mlp512x1,mc_dropout,2,val,0.08,0.25,robust_eps0p08_lam0p25,0.08,clean_correct,predictive_entropy,certified_below_threshold,0.9,,0.9375,,,0.7784090909090909,,1.0,0.1111111111111111
/home/user/thesis/UncertaintyAndRobustnessInBNNs/runs/mlp512x1/mc_dropout/seed2_eps0p08_lam0p25.json,mlp512x1,mc_dropout,2,val,0.08,0.25,robust_eps0p08_lam0p25,0.1,all,expected_entropy,pgd_failure,,0.9619565217391304,0.7386363636363636,-0.22332015810276673,0.9967298827879811,0.4031197365805689,-0.5936101462074123,0.92,0.12
/home/user/thesis/UncertaintyAndRobustnessInBNNs/runs/mlp512x1/mc_dropout/seed2_eps0p08_lam0p25.json,mlp512x1,mc_dropout,2,val,0.08,0.25,robust_eps0p08_lam0p25,0.1,all,expected_entropy,certified_below_threshold,0.5,,0.9313725490196079,,,0.7666666666666666,,1.0,0.08108108108108109
/home/user/thesis/UncertaintyAndRobustnessInBNNs/runs/mlp512x1/mc_dropout/seed2_eps0p08_lam0p25.json,mlp512x1,mc_dropout,2,val,0.08,0.25,robust_eps0p08_lam0p25,0.1,all,expected_entropy,certified_below_threshold,0.9,,0.8380952380952381,,,0.8303571428571428,,1.0,0.3225806451612903
/home/user/thesis/UncertaintyAndRobustnessInBNNs/runs/mlp512x1/mc_dropout/seed2_eps0p08_lam0p25.json,mlp512x1,mc_dropout,2,val,0.08,0.25,robust_eps0p08_lam0p25,0.1,clean_correct,expected_entropy,pgd_failure,,0.9602272727272727,0.6306818181818181,-0.3295454545454546,0.9964275733050436,0.15562910308247468,-0.8407984702225689,0.9166666666666666,0.08333333333333333
/home/user/thesis/UncertaintyAndRobustnessInBNNs/runs/mlp512x1/mc_dropout/seed2_eps0p08_lam0p25.json,mlp512x1,mc_dropout,2,val,0.08,0.25,robust_eps0p08_lam0p25,0.1,clean_correct,expected_entropy,certified_below_threshold,0.5,,0.7941176470588236,,,0.125,,1.0,0.02857142857142857
/home/user/thesis/UncertaintyAndRobustnessInBNNs/runs/mlp512x1/mc_dropout/seed2_eps0p08_lam0p25.json,mlp512x1,mc_dropout,2,val,0.08,0.25,robust_eps0p08_lam0p25,0.1,clean_correct,expected_entropy,certified_below_threshold,0.9,,0.7976190476190477,,,0.760067783094099,,1.0,0.27586206896551724
/home/user/thesis/UncertaintyAndRobustnessInBNNs/runs/mlp512x1/mc_dropout/seed2_eps0p08_lam0p25.json,mlp512x1,mc_dropout,2,val,0.08,0.25,robust_eps0p08_lam0p25,0.1,all,mutual_information,pgd_failure,,0.9565217391304348,0.7575757575757576,-0.19894598155467724,0.9962243216150792,0.4491500951109274,-0.5470742265041518,0.92,0.12
/home/user/thesis/UncertaintyAndRobustnessInBNNs/runs/mlp512x1/mc_dropout/seed2_eps0p08_lam0p25.json,mlp512x1,mc_dropout,2,val,0.08,0.25,robust_eps0p08_lam0p25,0.1,all,mutual_information,certified_below_threshold,0.5,,0.9411764705882353,,,0.7777777777777777,,1.0,0.08108108108108109
/home/user/thesis/UncertaintyAndRobustnessInBNNs/runs/mlp512x1/mc_dropout/seed2_eps0p08_lam0p25.json,mlp512x1,mc_dropout,2,val,0.08,0.25,robust_eps0p08_lam0p25,0.1,all,mutual_information,certified_below_threshold,0.9,,0.8523809523809524,,,0.8540459540459541,,1.0,0.3225806451612903
/home/user/thesis/UncertaintyAndRobustnessInBNNs/runs/mlp512x1/mc_dropout/seed2_eps0p08_lam0p25.json,mlp512x1,mc_dropout,2,val,0.08,0.25,robust_eps0p08_lam0p25,0.1,clean_correct,mutual_information,pgd_failure,,0.9545454545454546,0.6477272727272727,-0.3068181818181819,0.9958732495799882,0.1740634465168181,-0.8218098030631702,0.9166666666666666,0.08333333333333333
/home/user/thesis/UncertaintyAndRobustnessInBNNs/runs/mlp512x1/mc_dropout/seed2_eps0p08_lam0p25.json,mlp512x1,mc_dropout,2,val,0.08,0.25,robust_eps0p08_lam0p25,0.1,clean_correct,mutual_information,certified_below_threshold,0.5,,0.8235294117647058,,,0.14285714285714285,,1.0,0.02857142857142857
/home/user/thesis/UncertaintyAndRobustnessInBNNs/runs/mlp512x1/mc_dropout/seed2_eps0p08_lam0p25.json,mlp512x1,mc_dropout,2,val,0.08,0.25,robust_eps0p08_lam0p25,0.1,clean_correct,mutual_information,certified_below_threshold,0.9,,0.8154761904761905,,,0.7960526315789473,,1.0,0.27586206896551724
/home/user/thesis/UncertaintyAndRobustnessInBNNs/runs/mlp512x1/mc_dropout/seed2_eps0p08_lam0p25.json,mlp512x1,mc_dropout,2,val,0.08,0.25,robust_eps0p08_lam0p25,0.1,all,one_minus_confidence,pgd_failure,,0.9565217391304348,0.7291666666666667,-0.22735507246376807,0.9959166596585652,0.4227777777777778,-0.5731388818807874,0.92,0.12
/home/user/thesis/UncertaintyAndRobustnessInBNNs/runs/mlp512x1/mc_dropout/seed2_eps0p08_lam0p25.json,mlp512x1,mc_dropout,2,val,0.08,0.25,robust_eps0p08_lam0p25,0.1,all,one_minus_confidence,certified_below_threshold,0.5,,0.9313725490196078,,,0.7666666666666666,,1.0,0.08108108108108109
/home/user/thesis/UncertaintyAndRobustnessInBNNs/runs/mlp512x1/mc_dropout/seed2_eps0p08_lam0p25.json,mlp512x1,mc_dropout,2,val,0.08,0.25,robust_eps0p08_lam0p25,0.1,all,one_minus_confidence,certified_below_threshold,0.9,,0.8261904761904761,,,0.8241536689117334,,1.0,0.3225806451612903
/home/user/thesis/UncertaintyAndRobustnessInBNNs/runs/mlp512x1/mc_dropout/seed2_eps0p08_lam0p25.json,mlp512x1,mc_dropout,2,val,0.08,0.25,robust_eps0p08_lam0p25,0.1,clean_correct,one_minus_confidence,pgd_failure,,0.9545454545454546,0.6051136363636362,-0.34943181818181834,0.9955447330447329,0.14821428571428572,-0.8473304473304472,0.9166666666666666,0.08333333333333333
/home/user/thesis/UncertaintyAndRobustnessInBNNs/runs/mlp512x1/mc_dropout/seed2_eps0p08_lam0p25.json,mlp512x1,mc_dropout,2,val,0.08,0.25,robust_eps0p08_lam0p25,0.1,clean_correct,one_minus_confidence,certified_below_threshold,0.5,,0.7941176470588235,,,0.125,,1.0,0.02857142857142857
/home/user/thesis/UncertaintyAndRobustnessInBNNs/runs/mlp512x1/mc_dropout/seed2_eps0p08_lam0p25.json,mlp512x1,mc_dropout,2,val,0.08,0.25,robust_eps0p08_lam0p25,0.1,clean_correct,one_minus_confidence,certified_below_threshold,0.9,,0.7827380952380953,,,0.7528838750481219,,1.0,0.27586206896551724
/home/user/thesis/UncertaintyAndRobustnessInBNNs/runs/mlp512x1/mc_dropout/seed2_eps0p08_lam0p25.json,mlp512x1,mc_dropout,2,val,0.08,0.25,robust_eps0p08_lam0p25,0.1,all,predictive_entropy,pgd_failure,,0.9619565217391304,0.7386363636363636,-0.22332015810276673,0.9967298827879811,0.42176008745776183,-0.5749697953302193,0.92,0.12
/home/user/thesis/UncertaintyAndRobustnessInBNNs/runs/mlp512x1/mc_dropout/seed2_eps0p08_lam0p25.json,mlp512x1,mc_dropout,2,val,0.08,0.25,robust_eps0p08_lam0p25,0.1,all,predictive_entropy,certified_below_threshold,0.5,,0.9313725490196079,,,0.7666666666666666,,1.0,0.08108108108108109
/home/user/thesis/UncertaintyAndRobustnessInBNNs/runs/mlp512x1/mc_dropout/seed2_eps0p08_lam0p25.json,mlp512x1,mc_dropout,2,val,0.08,0.25,robust_eps0p08_lam0p25,0.1,all,predictive_entropy,certified_below_threshold,0.9,,0.8380952380952381,,,0.8303571428571428,,1.0,0.3225806451612903
/home/user/thesis/UncertaintyAndRobustnessInBNNs/runs/mlp512x1/mc_dropout/seed2_eps0p08_lam0p25.json,mlp512x1,mc_dropout,2,val,0.08,0.25,robust_eps0p08_lam0p25,0.1,clean_correct,predictive_entropy,pgd_failure,,0.9602272727272727,0.6193181818181818,-0.34090909090909094,0.9964275733050436,0.14722574173793684,-0.8492018315671068,0.9166666666666666,0.08333333333333333
/home/user/thesis/UncertaintyAndRobustnessInBNNs/runs/mlp512x1/mc_dropout/seed2_eps0p08_lam0p25.json,mlp512x1,mc_dropout,2,val,0.08,0.25,robust_eps0p08_lam0p25,0.1,clean_correct,predictive_entropy,certified_below_threshold,0.5,,0.7941176470588236,,,0.125,,1.0,0.02857142857142857
/home/user/thesis/UncertaintyAndRobustnessInBNNs/runs/mlp512x1/mc_dropout/seed2_eps0p08_lam0p25.json,mlp512x1,mc_dropout,2,val,0.08,0.25,robust_eps0p08_lam0p25,0.1,clean_correct,predictive_entropy,certified_below_threshold,0.9,,0.7976190476190477,,,0.760067783094099,,1.0,0.27586206896551724
/home/user/thesis/UncertaintyAndRobustnessInBNNs/runs/mlp512x1/mc_dropout/seed3_eps0p08_lam0p25.json,mlp512x1,mc_dropout,3,val,0.08,0.25,robust_eps0p08_lam0p25,0.01,all,expected_entropy,pgd_failure,,1.0,0.9583333333333333,-0.04166666666666674,1.0,0.6666666666666666,-0.33333333333333337,0.04,0.04
/home/user/thesis/UncertaintyAndRobustnessInBNNs/runs/mlp512x1/mc_dropout/seed3_eps0p08_lam0p25.json,mlp512x1,mc_dropout,3,val,0.08,0.25,robust_eps0p08_lam0p25,0.01,all,expected_entropy,certified_below_threshold,0.5,1.0,0.9583333333333333,-0.04166666666666674,1.0,0.6666666666666666,-0.33333333333333337,0.04081632653061224,0.04
/home/user/thesis/UncertaintyAndRobustnessInBNNs/runs/mlp512x1/mc_dropout/seed3_eps0p08_lam0p25.json,mlp512x1,mc_dropout,3,val,0.08,0.25,robust_eps0p08_lam0p25,0.01,all,expected_entropy,certified_below_threshold,0.9,1.0,0.9583333333333333,-0.04166666666666674,1.0,0.6666666666666666,-0.33333333333333337,0.06976744186046512,0.04
/home/user/thesis/UncertaintyAndRobustnessInBNNs/runs/mlp512x1/mc_dropout/seed3_eps0p08_lam0p25.json,mlp512x1,mc_dropout,3,val,0.08,0.25,robust_eps0p08_lam0p25,0.01,clean_correct,expected_entropy,pgd_failure,,,,,,,,0.0,0.0
/home/user/thesis/UncertaintyAndRobustnessInBNNs/runs/mlp512x1/mc_dropout/seed3_eps0p08_lam0p25.json,mlp512x1,mc_dropout,3,val,0.08,0.25,robust_eps0p08_lam0p25,0.01,clean_correct,expected_entropy,certified_below_threshold,0.5,,,,,,,0.0,0.0
/home/user/thesis/UncertaintyAndRobustnessInBNNs/runs/mlp512x1/mc_dropout/seed3_eps0p08_lam0p25.json,mlp512x1,mc_dropout,3,val,0.08,0.25,robust_eps0p08_lam0p25,0.01,clean_correct,expected_entropy,certified_below_threshold,0.9,1.0,,,1.0,,,0.024390243902439025,0.0
/home/user/thesis/UncertaintyAndRobustnessInBNNs/runs/mlp512x1/mc_dropout/seed3_eps0p08_lam0p25.json,mlp512x1,mc_dropout,3,val,0.08,0.25,robust_eps0p08_lam0p25,0.01,all,mutual_information,pgd_failure,,1.0,0.9270833333333333,-0.07291666666666674,1.0,0.6111111111111112,-0.38888888888888884,0.04,0.04
/home/user/thesis/UncertaintyAndRobustnessInBNNs/runs/mlp512x1/mc_dropout/seed3_eps0p08_lam0p25.json,mlp512x1,mc_dropout,3,val,0.08,0.25,robust_eps0p08_lam0p25,0.01,all,mutual_information,certified_below_threshold,0.5,1.0,0.9270833333333333,-0.07291666666666674,1.0,0.6111111111111112,-0.38888888888888884,0.04081632653061224,0.04
/home/user/thesis/UncertaintyAndRobustnessInBNNs/runs/mlp512x1/mc_dropout/seed3_eps0p08_lam0p25.json,mlp512x1,mc_dropout,3,val,0.08,0.25,robust_eps0p08_lam0p25,0.01,all,mutual_information,certified_below_threshold,0.9,1.0,0.9270833333333333,-0.07291666666666674,1.0,0.6111111111111112,-0.38888888888888884,0.06976744186046512,0.04
/home/user/thesis/UncertaintyAndRobustnessInBNNs/runs/mlp512x1/mc_dropout/seed3_eps0p08_lam0p25.json,mlp512x1,mc_dropout,3,val,0.08,0.25,robust_eps0p08_lam0p25,0.01,clean_correct,mutual_information,pgd_failure,,,,,,,,0.0,0.0
/home/user/thesis/UncertaintyAndRobustnessInBNNs/runs/mlp512x1/mc_dropout/seed3_eps0p08_lam0p25.json,mlp512x1,mc_dropout,3,val,0.08,0.25,robust_eps0p08_lam0p25,0.01,clean_correct,mutual_information,certified_below_threshold,0.5,,,,,,,0.0,0.0
/home/user/thesis/UncertaintyAndRobustnessInBNNs/runs/mlp512x1/mc_dropout/seed3_eps0p08_lam0p25.json,mlp512x1,mc_dropout,3,val,0.08,0.25,robust_eps0p08_lam0p25,0.01,clean_correct,mutual_information,certified_below_threshold,0.9,1.0,,,1.0,,,0.024390243902439025,0.0
/home/user/thesis/UncertaintyAndRobustnessInBNNs/runs/mlp512x1/mc_dropout/seed3_eps0p08_lam0p25.json,mlp512x1,mc_dropout,3,val,0.08,0.25,robust_eps0p08_lam0p25,0.01,all,one_minus_confidence,pgd_failure,,1.0,0.9479166666666667,-0.05208333333333326,1.0,0.6428571428571428,-0.3571428571428572,0.04,0.04
/home/user/thesis/UncertaintyAndRobustnessInBNNs/runs/mlp512x1/mc_dropout/seed3_eps0p08_lam0p25.json,mlp512x1,mc_dropout,3,val,0.08,0.25,robust_eps0p08_lam0p25,0.01,all,one_minus_confidence,certified_below_threshold,0.5,1.0,0.9479166666666667,-0.05208333333333326,1.0,0.6428571428571428,-0.3571428571428572,0.04081632653061224,0.04
/home/user/thesis/UncertaintyAndRobustnessInBNNs/runs/mlp512x1/mc_dropout/seed3_eps0p08_lam0p25.json,mlp512x1,mc_dropout,3,val,0.08,0.25,robust_eps0p08_lam0p25,0.01,all,one_minus_confidence,certified_below_threshold,0.9,1.0,0.9479166666666667,-0.05208333333333326,1.0,0.6428571428571428,-0.3571428571428572,0.06976744186046512,0.04
/home/user/thesis/UncertaintyAndRobustnessInBNNs/runs/mlp512x1/mc_dropout/seed3_eps0p08_lam0p25.json,mlp512x1,mc_dropout,3,val,0.08,0.25,robust_eps0p08_lam0p25,0.01,clean_correct,one_minus_confidence,pgd_failure,,,,,,,,0.0,0.0
/home/user/thesis/UncertaintyAndRobustnessInBNNs/runs/mlp512x1/mc_dropout/seed3_eps0p08_lam0p25.json,mlp512x1,mc_dropout,3,val,0.08,0.25,robust_eps0p08_lam0p25,0.01,clean_correct,one_minus_confidence,certified_below_threshold,0.5,,,,,,,0.0,0.0
/home/user/thesis/UncertaintyAndRobustnessInBNNs/runs/mlp512x1/mc_dropout/seed3_eps0p08_lam0p25.json,mlp512x1,mc_dropout,3,val,0.08,0.25,robust_eps0p08_lam0p25,0.01,clean_correct,one_minus_confidence,certified_below_threshold,0.9,1.0,,,1.0,,,0.024390243902439025,0.0
/home/user/thesis/UncertaintyAndRobustnessInBNNs/runs/mlp512x1/mc_dropout/seed3_eps0p08_lam0p25.json,mlp512x1,mc_dropout,3,val,0.08,0.25,robust_eps0p08_lam0p25,0.01,all,predictive_entropy,pgd_failure,,1.0,0.9479166666666667,-0.05208333333333326,1.0,0.6428571428571428,-0.3571428571428572,0.04,0.04
/home/user/thesis/UncertaintyAndRobustnessInBNNs/runs/mlp512x1/mc_dropout/seed3_eps0p08_lam0p25.json,mlp512x1,mc_dropout,3,val,0.08,0.25,robust_eps0p08_lam0p25,0.01,all,predictive_entropy,certified_below_threshold,0.5,1.0,0.9479166666666667,-0.05208333333333326,1.0,0.6428571428571428,-0.3571428571428572,0.04081632653061224,0.04
/home/user/thesis/UncertaintyAndRobustnessInBNNs/runs/mlp512x1/mc_dropout/seed3_eps0p08_lam0p25.json,mlp512x1,mc_dropout,3,val,0.08,0.25,robust_eps0p08_lam0p25,0.01,all,predictive_entropy,certified_below_threshold,0.9,1.0,0.9479166666666667,-0.05208333333333326,1.0,0.6428571428571428,-0.3571428571428572,0.06976744186046512,0.04
/home/user/thesis/UncertaintyAndRobustnessInBNNs/runs/mlp512x1/mc_dropout/seed3_eps0p08_lam0p25.json,mlp512x1,mc_dropout,3,val,0.08,0.25,robust_eps0p08_lam0p25,0.01,clean_correct,predictive_entropy,pgd_failure,,,,,,,,0.0,0.0
/home/user/thesis/UncertaintyAndRobustnessInBNNs/runs/mlp512x1/mc_dropout/seed3_eps0p08_lam0p25.json,mlp512x1,mc_dropout,3,val,0.08,0.25,robust_eps0p08_lam0p25,0.01,clean_correct,predictive_entropy,certified_below_threshold,0.5,,,,,,,0.0,0.0
/home/user/thesis/UncertaintyAndRobustnessInBNNs/runs/mlp512x1/mc_dropout/seed3_eps0p08_lam0p25.json,mlp512x1,mc_dropout,3,val,0.08,0.25,robust_eps0p08_lam0p25,0.01,clean_correct,predictive_entropy,certified_below_threshold,0.9,1.0,,,1.0,,,0.024390243902439025,0.0
/home/user/thesis/UncertaintyAndRobustnessInBNNs/runs/mlp512x1/mc_dropout/seed3_eps0p08_lam0p25.json,mlp512x1,mc_dropout,3,val,0.08,0.25,robust_eps0p08_lam0p25,0.05,all,expected_entropy,pgd_failure,,0.8988970588235294,0.9583333333333333,0.05943627450980382,0.8296586628448042,0.6666666666666666,-0.16299199617813753,0.32,0.04
/home/user/thesis/UncertaintyAndRobustnessInBNNs/runs/mlp512x1/mc_dropout/seed3_eps0p08_lam0p25.json,mlp512x1,mc_dropout,3,val,0.08,0.25,robust_eps0p08_lam0p25,0.05,all,expected_entropy,certified_below_threshold,0.5,,0.9583333333333333,,,0.6666666666666666,,1.0,0.04
/home/user/thesis/UncertaintyAndRobustnessInBNNs/runs/mlp512x1/mc_dropout/seed3_eps0p08_lam0p25.json,mlp512x1,mc_dropout,3,val,0.08,0.25,robust_eps0p08_lam0p25,0.05,all,expected_entropy,certified_below_threshold,0.9,,0.975609756097561,,,0.75,,1.0,0.046511627906976744
/home/user/thesis/UncertaintyAndRobustnessInBNNs/runs/mlp512x1/mc_dropout/seed3_eps0p08_lam0p25.json,mlp512x1,mc_dropout,3,val,0.08,0.25,robust_eps0p08_lam0p25,0.05,clean_correct,expected_entropy,pgd_failure,,0.8844537815126051,,,0.7813574520717378,,,0.2916666666666667,0.0
/home/user/thesis/UncertaintyAndRobustnessInBNNs/runs/mlp512x1/mc_dropout/seed3_eps0p08_lam0p25.json,mlp512x1,mc_dropout,3,val,0.08,0.25,robust_eps0p08_lam0p25,0.05,clean_correct,expected_entropy,certified_below_threshold,0.5,,,,,,,1.0,0.0
/home/user/thesis/UncertaintyAndRobustnessInBNNs/runs/mlp512x1/mc_dropout/seed3_eps0p08_lam0p25.json,mlp512x1,mc_dropout,3,val,0.08,0.25,robust_eps0p08_lam0p25,0.05,clean_correct,expected_entropy,certified_below_threshold,0.9,,,,,,,1.0,0.0
/home/user/thesis/UncertaintyAndRobustnessInBNNs/runs/mlp512x1/mc_dropout/seed3_eps0p08_lam0p25.json,mlp512x1,mc_dropout,3,val,0.08,0.25,robust_eps0p08_lam0p25,0.05,all,mutual_information,pgd_failure,,0.9044117647058825,0.9270833333333333,0.02267156862745079,0.8260509379752801,0.6111111111111112,-0.2149398268641689,0.32,0.04
/home/user/thesis/UncertaintyAndRobustnessInBNNs/runs/mlp512x1/mc_dropout/seed3_eps0p08_lam0p25.json,mlp512x1,mc_dropout,3,val,0.08,0.25,robust_eps0p08_lam0p25,0.05,all,mutual_information,certified_below_threshold,0.5,,0.9270833333333333,,,0.6111111111111112,,1.0,0.04
/home/user/thesis/UncertaintyAndRobustnessInBNNs/runs/mlp512x1/mc_dropout/seed3_eps0p08_lam0p25.json,mlp512x1,mc_dropout,3,val,0.08,0.25,robust_eps0p08_lam0p25,0.05,all,mutual_information,certified_below_threshold,0.9,,0.9390243902439024,,,0.6428571428571428,,1.0,0.046511627906976744
/home/user/thesis/UncertaintyAndRobustnessInBNNs/runs/mlp512x1/mc_dropout/seed3_eps0p08_lam0p25.json,mlp512x1,mc_dropout,3,val,0.08,0.25,robust_eps0p08_lam0p25,0.05,clean_correct,mutual_information,pgd_failure,,0.8907563025210085,,,0.7713494044036032,,,0.2916666666666667,0.0
/home/user/thesis/UncertaintyAndRobustnessInBNNs/runs/mlp512x1/mc_dropout/seed3_eps0p08_lam0p25.json,mlp512x1,mc_dropout,3,val,0.08,0.25,robust_eps0p08_lam0p25,0.05,clean_correct,mutual_information,certified_below_threshold,0.5,,,,,,,1.0,0.0
/home/user/thesis/UncertaintyAndRobustnessInBNNs/runs/mlp512x1/mc_dropout/seed3_eps0p08_lam0p25.json,mlp512x1,mc_dropout,3,val,0.08,0.25,robust_eps0p08_lam0p25,0.05,clean_correct,mutual_information,certified_below_threshold,0.9,,,,,,,1.0,0.0
/home/user/thesis/UncertaintyAndRobustnessInBNNs/runs/mlp512x1/mc_dropout/seed3_eps0p08_lam0p25.json,mlp512x1,mc_dropout,3,val,0.08,0.25,robust_eps0p08_lam0p25,0.05,all,one_minus_confidence,pgd_failure,,0.8988970588235294,0.9479166666666667,0.0490196078431373,0.8315302287788701,0.6428571428571428,-0.18867308592172727,0.32,0.04
/home/user/thesis/UncertaintyAndRobustnessInBNNs/runs/mlp512x1/mc_dropout/seed3_eps0p08_lam0p25.json,mlp512x1,mc_dropout,3,val,0.08,0.25,robust_eps0p08_lam0p25,0.05,all,one_minus_confidence,certified_below_threshold,0.5,,0.9479166666666667,,,0.6428571428571428,,1.0,0.04
/home/user/thesis/UncertaintyAndRobustnessInBNNs/runs/mlp512x1/mc_dropout/seed3_eps0p08_lam0p25.json,mlp512x1,mc_dropout,3,val,0.08,0.25,robust_eps0p08_lam0p25,0.05,all,one_minus_confidence,certified_below_threshold,0.9,,0.9634146341463415,,,0.7,,1.0,0.046511627906976744
/home/user/thesis/UncertaintyAndRobustnessInBNNs/runs/mlp512x1/mc_dropout/seed3_eps0p08_lam0p25.json,mlp512x1,mc_dropout,3,val,0.08,0.25,robust_eps0p08_lam0p25,0.05,clean_correct,one_minus_confidence,pgd_failure,,0.884453781512605,,,0.7838513350004033,,,0.2916666666666667,0.0
/home/user/thesis/UncertaintyAndRobustnessInBNNs/runs/mlp512x1/mc_dropout/seed3_eps0p08_lam0p25.json,mlp512x1,mc_dropout,3,val,0.08,0.25,robust_eps0p08_lam0p25,0.05,clean_correct,one_minus_confidence,certified_below_threshold,0.5,,,,,,,1.0,0.0
/home/user/thesis/UncertaintyAndRobustnessInBNNs/runs/mlp512x1/mc_dropout/seed3_eps0p08_lam0p25.json,mlp512x1,mc_dropout,3,val,0.08,0.25,robust_eps0p08_lam0p25,0.05,clean_correct,one_minus_confidence,certified_below_threshold,0.9,,,,,,,1.0,0.0
/home/user/thesis/UncertaintyAndRobustnessInBNNs/runs/mlp512x1/mc_dropout/seed3_eps0p08_lam0p25.json,mlp512x1,mc_dropout,3,val,0.08,0.25,robust_eps0p08_lam0p25,0.05,all,predictive_entropy,pgd_failure,,0.8988970588235294,0.9479166666666667,0.0490196078431373,0.8315302287788701,0.6428571428571428,-0.18867308592172727,0.32,0.04
/home/user/thesis/UncertaintyAndRobustnessInBNNs/runs/mlp512x1/mc_dropout/seed3_eps0p08_lam0p25.json,mlp512x1,mc_dropout,3,val,0.08,0.25,robust_eps0p08_lam0p25,0.05,all,predictive_entropy,certified_below_threshold,0.5,,0.9479166666666667,,,0.6428571428571428,,1.0,0.04
/home/user/thesis/UncertaintyAndRobustnessInBNNs/runs/mlp512x1/mc_dropout/seed3_eps0p08_lam0p25.json,mlp512x1,mc_dropout,3,val,0.08,0.25,robust_eps0p08_lam0p25,0.05,all,predictive_entropy,certified_below_threshold,0.9,,0.9634146341463415,,,0.7,,1.0,0.046511627906976744
/home/user/thesis/UncertaintyAndRobustnessInBNNs/runs/mlp512x1/mc_dropout/seed3_eps0p08_lam0p25.json,mlp512x1,mc_dropout,3,val,0.08,0.25,robust_eps0p08_lam0p25,0.05,clean_correct,predictive_entropy,pgd_failure,,0.8844537815126051,,,0.7838513350004033,,,0.2916666666666667,0.0
/home/user/thesis/UncertaintyAndRobustnessInBNNs/runs/mlp512x1/mc_dropout/seed3_eps0p08_lam0p25.json,mlp512x1,mc_dropout,3,val,0.08,0.25,robust_eps0p08_lam0p25,0.05,clean_correct,predictive_entropy,certified_below_threshold,0.5,,,,,,,1.0,0.0
/home/user/thesis/UncertaintyAndRobustnessInBNNs/runs/mlp512x1/mc_dropout/seed3_eps0p08_lam0p25.json,mlp512x1,mc_dropout,3,val,0.08,0.25,robust_eps0p08_lam0p25,0.05,clean_correct,predictive_entropy,certified_below_threshold,0.9,,,,,,,1.0,0.0
/home/user/thesis/UncertaintyAndRobustnessInBNNs/runs/mlp512x1/mc_dropout/seed3_eps0p08_lam0p25.json,mlp512x1,mc_dropout,3,val,0.08,0.25,robust_eps0p08_lam0p25,0.07,all,expected_entropy,pgd_failure,,0.8761904761904762,0.9583333333333333,0.08214285714285707,0.9365985110501915,0.6666666666666666,-0.2699318443835249,0.7,0.04
/home/user/thesis/UncertaintyAndRobustnessInBNNs/runs/mlp512x1/mc_dropout/seed3_eps0p08_lam0p25.json,mlp512x1,mc_dropout,3,val,0.08,0.25,robust_eps0p08_lam0p25,0.07,all,expected_entropy,certified_below_threshold,0.5,,0.9761904761904762,,,0.75,,1.0,0.045454545454545456
/home/user/thesis/UncertaintyAndRobustnessInBNNs/runs/mlp512x1/mc_dropout/seed3_eps0p08_lam0p25.json,mlp512x1,mc_dropout,3,val,0.08,0.25,robust_eps0p08_lam0p25,0.07,all,expected_entropy,certified_below_threshold,0.9,,0.9555555555555556,,,0.800909090909091,,1.0,0.12195121951219512
/home/user/thesis/UncertaintyAndRobustnessInBNNs/runs/mlp512x1/mc_dropout/seed3_eps0p08_lam0p25.json,mlp512x1,mc_dropout,3,val,0.08,0.25,robust_eps0p08_lam0p25,0.07,clean_correct,expected_entropy,pgd_failure,,0.8686868686868687,,,0.927179116594282,,,0.6875,0.0
/home/user/thesis/UncertaintyAndRobustnessInBNNs/runs/mlp512x1/mc_dropout/seed3_eps0p08_lam0p25.json,mlp512x1,mc_dropout,3,val,0.08,0.25,robust_eps0p08_lam0p25,0.07,clean_correct,expected_entropy,certified_below_threshold,0.5,,,,,,,1.0,0.0
/home/user/thesis/UncertaintyAndRobustnessInBNNs/runs/mlp512x1/mc_dropout/seed3_eps0p08_lam0p25.json,mlp512x1,mc_dropout,3,val,0.08,0.25,robust_eps0p08_lam0p25,0.07,clean_correct,expected_entropy,certified_below_threshold,0.9,,0.9351851851851852,,,0.6666666666666666,,1.0,0.07692307692307693
/home/user/thesis/UncertaintyAndRobustnessInBNNs/runs/mlp512x1/mc_dropout/seed3_eps0p08_lam0p25.json,mlp512x1,mc_dropout,3,val,0.08,0.25,robust_eps0p08_lam0p25,0.07,all,mutual_information,pgd_failure,,0.8819047619047619,0.9270833333333333,0.0451785714285714,0.9411067704586324,0.6111111111111112,-0.3299956593475213,0.7,0.04
/home/user/thesis/UncertaintyAndRobustnessInBNNs/runs/mlp512x1/mc_dropout/seed3_eps0p08_lam0p25.json,mlp512x1,mc_dropout,3,val,0.08,0.25,robust_eps0p08_lam0p25,0.07,all,mutual_information,certified_below_threshold,0.5,,0.9404761904761905,,,0.6428571428571428,,1.0,0.045454545454545456
/home/user/thesis/UncertaintyAndRobustnessInBNNs/runs/mlp512x1/mc_dropout/seed3_eps0p08_lam0p25.json,mlp512x1,mc_dropout,3,val,0.08,0.25,robust_eps0p08_lam0p25,0.07,all,mutual_information,certified_below_threshold,0.9,,0.9277777777777778,,,0.6909090909090909,,1.0,0.12195121951219512
/home/user/thesis/UncertaintyAndRobustnessInBNNs/runs/mlp512x1/mc_dropout/seed3_eps0p08_lam0p25.json,mlp512x1,mc_dropout,3,val,0.08,0.25,robust_eps0p08_lam0p25,0.07,clean_correct,mutual_information,pgd_failure,,0.8747474747474747,,,0.9326125659116802,,,0.6875,0.0
/home/user/thesis/UncertaintyAndRobustnessInBNNs/runs/mlp512x1/mc_dropout/seed3_eps0p08_lam0p25.json,mlp512x1,mc_dropout,3,val,0.08,0.25,robust_eps0p08_lam0p25,0.07,clean_correct,mutual_information,certified_below_threshold,0.5,,,,,,,1.0,0.0
/home/user/thesis/UncertaintyAndRobustnessInBNNs/runs/mlp512x1/mc_dropout/seed3_eps0p08_lam0p25.json,mlp512x1,mc_dropout,3,val,0.08,0.25,robust_eps0p08_lam0p25,0.07,clean_correct,mutual_information,certified_below_threshold,0.9,,0.9074074074074074,,,0.5555555555555556,,1.0,0.07692307692307693
/home/user/thesis/UncertaintyAndRobustnessInBNNs/runs/mlp512x1/mc_dropout/seed3_eps0p08_lam0p25.json,mlp512x1,mc_dropout,3,val,0.08,0.25,robust_eps0p08_lam0p25,0.07,all,one_minus_confidence,pgd_failure,,0.8733333333333333,0.9479166666666667,0.07458333333333345,0.9360219447593395,0.6428571428571428,-0.29316480190219674,0.7,0.04
/home/user/thesis/UncertaintyAndRobustnessInBNNs/runs/mlp512x1/mc_dropout/seed3_eps0p08_lam0p25.json,mlp512x1,mc_dropout,3,val,0.08,0.25,robust_eps0p08_lam0p25,0.07,all,one_minus_confidence,certified_below_threshold,0.5,,0.9642857142857143,,,0.7,,1.0,0.045454545454545456
/home/user/thesis/UncertaintyAndRobustnessInBNNs/runs/mlp512x1/mc_dropout/seed3_eps0p08_lam0p25.json,mlp512x1,mc_dropout,3,val,0.08,0.25,robust_eps0p08_lam0p25,0.07,all,one_minus_confidence,certified_below_threshold,0.9,,0.9555555555555556,,,0.7833333333333332,,1.0,0.12195121951219512
/home/user/thesis/UncertaintyAndRobustnessInBNNs/runs/mlp512x1/mc_dropout/seed3_eps0p08_lam0p25.json,mlp512x1,mc_dropout,3,val,0.08,0.25,robust_eps0p08_lam0p25,0.07,clean_correct,one_minus_confidence,pgd_failure,,0.8656565656565657,,,0.9268574945621334,,,0.6875,0.0
/home/user/thesis/UncertaintyAndRobustnessInBNNs/runs/mlp512x1/mc_dropout/seed3_eps0p08_lam0p25.json,mlp512x1,mc_dropout,3,val,0.08,0.25,robust_eps0p08_lam0p25,0.07,clean_correct,one_minus_confidence,certified_below_threshold,0.5,,,,,,,1.0,0.0
/home/user/thesis/UncertaintyAndRobustnessInBNNs/runs/mlp512x1/mc_dropout/seed3_eps0p08_lam0p25.json,mlp512x1,mc_dropout,3,val,0.08,0.25,robust_eps0p08_lam0p25,0.07,clean_correct,one_minus_confidence,certified_below_threshold,0.9,,0.9351851851851851,,,0.625,,1.0,0.07692307692307693
/home/user/thesis/UncertaintyAndRobustnessInBNNs/runs/mlp512x1/mc_dropout/seed3_eps0p08_lam0p25.json,mlp512x1,mc_dropout,3,val,0.08,0.25,robust_eps0p08_lam0p25,0.07,all,predictive_entropy,pgd_failure,,0.878095238095238,0.9479166666666667,0.0698214285714287,0.9386393273767222,0.6428571428571428,-0.2957821845195794,0.7,0.04
/home/user/thesis/UncertaintyAndRobustnessInBNNs/runs/mlp512x1/mc_dropout/seed3_eps0p08_lam0p25.json,mlp512x1,mc_dropout,3,val,0.08,0.25,robust_eps0p08_lam0p25,0.07,all,predictive_entropy,certified_below_threshold,0.5,,0.9642857142857143,,,0.7,,1.0,0.045454545454545456
/home/user/thesis/UncertaintyAndRobustnessInBNNs/runs/mlp512x1/mc_dropout/seed3_eps0p08_lam0p25.json,mlp512x1,mc_dropout,3,val,0.08,0.25,robust_eps0p08_lam0p25,0.07,all,predictive_entropy,certified_below_threshold,0.9,,0.9555555555555556,,,0.7833333333333332,,1.0,0.12195121951219512
/home/user/thesis/UncertaintyAndRobustnessInBNNs/runs/mlp512x1/mc_dropout/seed3_eps0p08_lam0p25.json,mlp512x1,mc_dropout,3,val,0.08,0.25,robust_eps0p08_lam0p25,0.07,clean_correct,predictive_entropy,pgd_failure,,0.8707070707070708,,,0.9297043691195345,,,0.6875,0.0
/home/user/thesis/UncertaintyAndRobustnessInBNNs/runs/mlp512x1/mc_dropout/seed3_eps0p08_lam0p25.json,mlp512x1,mc_dropout,3,val,0.08,0.25,robust_eps0p08_lam0p25,0.07,clean_correct,predictive_entropy,certified_below_threshold,0.5,,,,,,,1.0,0.0
/home/user/thesis/UncertaintyAndRobustnessInBNNs/runs/mlp512x1/mc_dropout/seed3_eps0p08_lam0p25.json,mlp512x1,mc_dropout,3,val,0.08,0.25,robust_eps0p08_lam0p25,0.07,clean_correct,predictive_entropy,certified_below_threshold,0.9,,0.9351851851851852,,,0.625,,1.0,0.07692307692307693
/home/user/thesis/UncertaintyAndRobustnessInBNNs/runs/mlp512x1/mc_dropout/seed3_eps0p08_lam0p25.json,mlp512x1,mc_dropout,3,val,0.08,0.25,robust_eps0p08_lam0p25,0.08,all,expected_entropy,pgd_failure,,0.965,0.9583333333333333,-0.00666666666666671,0.991308568425064,0.6666666666666666,-0.32464190175839736,0.8,0.04
/home/user/thesis/UncertaintyAndRobustnessInBNNs/runs/mlp512x1/mc_dropout/seed3_eps0p08_lam0p25.json,mlp512x1,mc_dropout,3,val,0.08,0.25,robust_eps0p08_lam0p25,0.08,all,expected_entropy,certified_below_threshold,0.5,,0.975609756097561,,,0.75,,1.0,0.046511627906976744
/home/user/thesis/UncertaintyAndRobustnessInBNNs/runs/mlp512x1/mc_dropout/seed3_eps0p08_lam0p25.json,mlp512x1,mc_dropout,3,val,0.08,0.25,robust_eps0p08_lam0p25,0.08,all,expected_entropy,certified_below_threshold,0.9,,0.9393939393939394,,,0.7659090909090909,,1.0,0.15384615384615385
/home/user/thesis/UncertaintyAndRobustnessInBNNs/runs/mlp512x1/mc_dropout/seed3_eps0p08_lam0p25.json,mlp512x1,mc_dropout,3,val,0.08,0.25,robust_eps0p08_lam0p25,0.08,clean_correct,expected_entropy,pgd_failure,,0.9631578947368421,,,0.9903709423100004,,,0.7916666666666666,0.0
/home/user/thesis/UncertaintyAndRobustnessInBNNs/runs/mlp512x1/mc_dropout/seed3_eps0p08_lam0p25.json,mlp512x1,mc_dropout,3,val,0.08,0.25,robust_eps0p08_lam0p25,0.08,clean_correct,expected_entropy,certified_below_threshold,0.5,,,,,,,1.0,0.0
/home/user/thesis/UncertaintyAndRobustnessInBNNs/runs/mlp512x1/mc_dropout/seed3_eps0p08_lam0p25.json,mlp512x1,mc_dropout,3,val,0.08,0.25,robust_eps0p08_lam0p25,0.08,clean_correct,expected_entropy,certified_below_threshold,0.9,,0.9166666666666667,,,0.6215277777777778,,1.0,0.10810810810810811
/home/user/thesis/UncertaintyAndRobustnessInBNNs/runs/mlp512x1/mc_dropout/seed3_eps0p08_lam0p25.json,mlp512x1,mc_dropout,3,val,0.08,0.25,robust_eps0p08_lam0p25,0.08,all,mutual_information,pgd_failure,,0.9625,0.9270833333333333,-0.03541666666666676,0.990894222736328,0.6111111111111112,-0.37978311162521683,0.8,0.04
/home/user/thesis/UncertaintyAndRobustnessInBNNs/runs/mlp512x1/mc_dropout/seed3_eps0p08_lam0p25.json,mlp512x1,mc_dropout,3,val,0.08,0.25,robust_eps0p08_lam0p25,0.08,all,mutual_information,certified_below_threshold,0.5,,0.9390243902439024,,,0.6428571428571428,,1.0,0.046511627906976744
/home/user/thesis/UncertaintyAndRobustnessInBNNs/runs/mlp512x1/mc_dropout/seed3_eps0p08_lam0p25.json,mlp512x1,mc_dropout,3,val,0.08,0.25,robust_eps0p08_lam0p25,0.08,all,mutual_information,certified_below_threshold,0.9,,0.9343434343434344,,,0.7211640211640211,,1.0,0.15384615384615385
/home/user/thesis/UncertaintyAndRobustnessInBNNs/runs/mlp512x1/mc_dropout/seed3_eps0p08_lam0p25.json,mlp512x1,mc_dropout,3,val,0.08,0.25,robust_eps0p08_lam0p25,0.08,clean_correct,mutual_information,pgd_failure,,0.9605263157894737,,,0.9899228414992025,,,0.7916666666666666,0.0
/home/user/thesis/UncertaintyAndRobustnessInBNNs/runs/mlp512x1/mc_dropout/seed3_eps0p08_lam0p25.json,mlp512x1,mc_dropout,3,val,0.08,0.25,robust_eps0p08_lam0p25,0.08,clean_correct,mutual_information,certified_below_threshold,0.5,,,,,,,1.0,0.0
/home/user/thesis/UncertaintyAndRobustnessInBNNs/runs/mlp512x1/mc_dropout/seed3_eps0p08_lam0p25.json,mlp512x1,mc_dropout,3,val,0.08,0.25,robust_eps0p08_lam0p25,0.08,clean_correct,mutual_information,certified_below_threshold,0.9,,0.9166666666666666,,,0.5821428571428572,,1.0,0.10810810810810811
/home/user/thesis/UncertaintyAndRobustnessInBNNs/runs/mlp512x1/mc_dropout/seed3_eps0p08_lam0p25.json,mlp512x1,mc_dropout,3,val,0.08,0.25,robust_eps0p08_lam0p25,0.08,all,one_minus_confidence,pgd_failure,,0.95625,0.9479166666666667,-0.008333333333333304,0.9875072777796156,0.6428571428571428,-0.34465013492247276,0.8,0.04
/home/user/thesis/UncertaintyAndRobustnessInBNNs/runs/mlp512x1/mc_dropout/seed3_eps0p08_lam0p25.json,mlp512x1,mc_dropout,3,val,0.08,0.25,robust_eps0p08_lam0p25,0.08,all,one_minus_confidence,certified_below_threshold,0.5,,0.9634146341463415,,,0.7,,1.0,0.046511627906976744
/home/user/thesis/UncertaintyAndRobustnessInBNNs/runs/mlp512x1/mc_dropout/seed3_eps0p08_lam0p25.json,mlp512x1,mc_dropout,3,val,0.08,0.25,robust_eps0p08_lam0p25,0.08,all,one_minus_confidence,certified_below_threshold,0.9,,0.9393939393939394,,,0.7529461279461279,,1.0,0.15384615384615385
/home/user/thesis/UncertaintyAndRobustnessInBNNs/runs/mlp512x1/mc_dropout/seed3_eps0p08_lam0p25.json,mlp512x1,mc_dropout,3,val,0.08,0.25,robust_eps0p08_lam0p25,0.08,clean_correct,one_minus_confidence,pgd_failure,,0.9539473684210528,,,0.9862143189595725,,,0.7916666666666666,0.0
/home/user/thesis/UncertaintyAndRobustnessInBNNs/runs/mlp512x1/mc_dropout/seed3_eps0p08_lam0p25.json,mlp512x1,mc_dropout,3,val,0.08,0.25,robust_eps0p08_lam0p25,0.08,clean_correct,one_minus_confidence,certified_below_threshold,0.5,,,,,,,1.0,0.0
/home/user/thesis/UncertaintyAndRobustnessInBNNs/runs/mlp512x1/mc_dropout/seed3_eps0p08_lam0p25.json,mlp512x1,mc_dropout,3,val,0.08,0.25,robust_eps0p08_lam0p25,0.08,clean_correct,one_minus_confidence,certified_below_threshold,0.9,,0.9166666666666666,,,0.5932539682539683,,1.0,0.10810810810810811
/home/user/thesis/UncertaintyAndRobustnessInBNNs/runs/mlp512x1/mc_dropout/seed3_eps0p08_lam0p25.json,mlp512x1,mc_dropout,3,val,0.08,0.25,robust_eps0p08_lam0p25,0.08,all,predictive_entropy,pgd_failure,,0.965,0.9479166666666667,-0.017083333333333228,0.991308568425064,0.6428571428571428,-0.3484514255679212,0.8,0.04
/home/user/thesis/UncertaintyAndRobustnessInBNNs/runs/mlp512x1/mc_dropout/seed3_eps0p08_lam0p25.json,mlp512x1,mc_dropout,3,val,0.08,0.25,robust_eps0p08_lam0p25,0.08,all,predictive_entropy,certified_below_threshold,0.5,,0.9634146341463415,,,0.7,,1.0,0.046511627906976744
/home/user/thesis/UncertaintyAndRobustnessInBNNs/runs/mlp512x1/mc_dropout/seed3_eps0p08_lam0p25.json,mlp512x1,mc_dropout,3,val,0.08,0.25,robust_eps0p08_lam0p25,0.08,all,predictive_entropy,certified_below_threshold,0.9,,0.9393939393939394,,,0.7529461279461279,,1.0,0.15384615384615385
/home/user/thesis/UncertaintyAndRobustnessInBNNs/runs/mlp512x1/mc_dropout/seed3_eps0p08_lam0p25.json,mlp512x1,mc_dropout,3,val,0.08,0.25,robust_eps0p08_lam0p25,0.08,clean_correct,predictive_entropy,pgd_failure,,0.9631578947368421,,,0.9903709423100004,,,0.7916666666666666,0.0
/home/user/thesis/UncertaintyAndRobustnessInBNNs/runs/mlp512x1/mc_dropout/seed3_eps0p08_lam0p25.json,mlp512x1,mc_dropout,3,val,0.08,0.25,robust_eps0p08_lam0p25,0.08,clean_correct,predictive_entropy,certified_below_threshold,0.5,,,,,,,1.0,0.0
/home/user/thesis/UncertaintyAndRobustnessInBNNs/runs/mlp512x1/mc_dropout/seed3_eps0p08_lam0p25.json,mlp512x1,mc_dropout,3,val,0.08,0.25,robust_eps0p08_lam0p25,0.08,clean_correct,predictive_entropy,certified_below_threshold,0.9,,0.9166666666666666,,,0.5932539682539683,,1.0,0.10810810810810811
/home/user/thesis/UncertaintyAndRobustnessInBNNs/runs/mlp512x1/mc_dropout/seed3_eps0p08_lam0p25.json,mlp512x1,mc_dropout,3,val,0.08,0.25,robust_eps0p08_lam0p25,0.1,all,expected_entropy,pgd_failure,,0.9293478260869565,0.8844444444444445,-0.044903381642512064,0.9934053795872309,0.6121568627450981,-0.3812485168421328,0.92,0.1
/home/user/thesis/UncertaintyAndRobustnessInBNNs/runs/mlp512x1/mc_dropout/seed3_eps0p08_lam0p25.json,mlp512x1,mc_dropout,3,val,0.08,0.25,robust_eps0p08_lam0p25,0.1,all,expected_entropy,certified_below_threshold,0.5,,0.9470588235294117,,,0.8,,1.0,0.1282051282051282
/home/user/thesis/UncertaintyAndRobustnessInBNNs/runs/mlp512x1/mc_dropout/seed3_eps0p08_lam0p25.json,mlp512x1,mc_dropout,3,val,0.08,0.25,robust_eps0p08_lam0p25,0.1,all,expected_entropy,certified_below_threshold,0.9,,0.8737373737373738,,,0.8113636363636363,,1.0,0.2903225806451613
/home/user/thesis/UncertaintyAndRobustnessInBNNs/runs/mlp512x1/mc_dropout/seed3_eps0p08_lam0p25.json,mlp512x1,mc_dropout,3,val,0.08,0.25,robust_eps0p08_lam0p25,0.1,clean_correct,expected_entropy,pgd_failure,,0.9261363636363636,0.8296296296296297,-0.09650673400673393,0.9927648706791429,0.4512820512820513,-0.5414828193970915,0.9166666666666666,0.0625
/home/user/thesis/UncertaintyAndRobustnessInBNNs/runs/mlp512x1/mc_dropout/seed3_eps0p08_lam0p25.json,mlp512x1,mc_dropout,3,val,0.08,0.25,robust_eps0p08_lam0p25,0.1,clean_correct,expected_entropy,certified_below_threshold,0.5,,0.9117647058823529,,,0.5694444444444444,,1.0,0.08108108108108109
/home/user/thesis/UncertaintyAndRobustnessInBNNs/runs/mlp512x1/mc_dropout/seed3_eps0p08_lam0p25.json,mlp512x1,mc_dropout,3,val,0.08,0.25,robust_eps0p08_lam0p25,0.1,clean_correct,expected_entropy,certified_below_threshold,0.9,,0.8376623376623377,,,0.7044681508967223,,1.0,0.2413793103448276
/home/user/thesis/UncertaintyAndRobustnessInBNNs/runs/mlp512x1/mc_dropout/seed3_eps0p08_lam0p25.json,mlp512x1,mc_dropout,3,val,0.08,0.25,robust_eps0p08_lam0p25,0.1,all,mutual_information,pgd_failure,,0.9239130434782609,0.8755555555555555,-0.04835748792270533,0.9928015148529313,0.49047619047619045,-0.5023253243767409,0.92,0.1
/home/user/thesis/UncertaintyAndRobustnessInBNNs/runs/mlp512x1/mc_dropout/seed3_eps0p08_lam0p25.json,mlp512x1,mc_dropout,3,val,0.08,0.25,robust_eps0p08_lam0p25,0.1,all,mutual_information,certified_below_threshold,0.5,,0.9470588235294117,,,0.7611111111111111,,1.0,0.1282051282051282
/home/user/thesis/UncertaintyAndRobustnessInBNNs/runs/mlp512x1/mc_dropout/seed3_eps0p08_lam0p25.json,mlp512x1,mc_dropout,3,val,0.08,0.25,robust_eps0p08_lam0p25,0.1,all,mutual_information,certified_below_threshold,0.9,,0.888888888888889,,,0.8373456790123459,,1.0,0.2903225806451613
/home/user/thesis/UncertaintyAndRobustnessInBNNs/runs/mlp512x1/mc_dropout/seed3_eps0p08_lam0p25.json,mlp512x1,mc_dropout,3,val,0.08,0.25,robust_eps0p08_lam0p25,0.1,clean_correct,mutual_information,pgd_failure,,0.9204545454545454,0.837037037037037,-0.08341750841750839,0.992096421481282,0.2435897435897436,-0.7485066778915384,0.9166666666666666,0.0625
/home/user/thesis/UncertaintyAndRobustnessInBNNs/runs/mlp512x1/mc_dropout/seed3_eps0p08_lam0p25.json,mlp512x1,mc_dropout,3,val,0.08,0.25,robust_eps0p08_lam0p25,0.1,clean_correct,mutual_information,certified_below_threshold,0.5,,0.9215686274509803,,,0.5873015873015872,,1.0,0.08108108108108109
/home/user/thesis/UncertaintyAndRobustnessInBNNs/runs/mlp512x1/mc_dropout/seed3_eps0p08_lam0p25.json,mlp512x1,mc_dropout,3,val,0.08,0.25,robust_eps0p08_lam0p25,0.1,clean_correct,mutual_information,certified_below_threshold,0.9,,0.8571428571428571,,,0.7427334570191713,,1.0,0.2413793103448276
/home/user/thesis/UncertaintyAndRobustnessInBNNs/runs/mlp512x1/mc_dropout/seed3_eps0p08_lam0p25.json,mlp512x1,mc_dropout,3,val,0.08,0.25,robust_eps0p08_lam0p25,0.1,all,one_minus_confidence,pgd_failure,,0.9021739130434783,0.8888888888888888,-0.013285024154589431,0.9886926677089521,0.606076276664512,-0.3826163910444401,0.92,0.1
/home/user/thesis/UncertaintyAndRobustnessInBNNs/runs/mlp512x1/mc_dropout/seed3_eps0p08_lam0p25.json,mlp512x1,mc_dropout,3,val,0.08,0.25,robust_eps0p08_lam0p25,0.1,all,one_minus_confidence,certified_below_threshold,0.5,,0.9529411764705882,,,0.8142857142857143,,1.0,0.1282051282051282
/home/user/thesis/UncertaintyAndRobustnessInBNNs/runs/mlp512x1/mc_dropout/seed3_eps0p08_lam0p25.json,mlp512x1,mc_dropout,3,val,0.08,0.25,robust_eps0p08_lam0p25,0.1,all,one_minus_confidence,certified_below_threshold,0.9,,0.8838383838383839,,,0.8391414141414142,,1.0,0.2903225806451613
/home/user/thesis/UncertaintyAndRobustnessInBNNs/runs/mlp512x1/mc_dropout/seed3_eps0p08_lam0p25.json,mlp512x1,mc_dropout,3,val,0.08,0.25,robust_eps0p08_lam0p25,0.1,clean_correct,one_minus_confidence,pgd_failure,,0.8977272727272727,0.8444444444444446,-0.053282828282828154,0.9876350845702577,0.4606060606060606,-0.5270290239641972,0.9166666666666666,0.0625
/home/user/thesis/UncertaintyAndRobustnessInBNNs/runs/mlp512x1/mc_dropout/seed3_eps0p08_lam0p25.json,mlp512x1,mc_dropout,3,val,0.08,0.25,robust_eps0p08_lam0p25,0.1,clean_correct,one_minus_confidence,certified_below_threshold,0.5,,0.9215686274509803,,,0.5916666666666666,,1.0,0.08108108108108109
/home/user/thesis/UncertaintyAndRobustnessInBNNs/runs/mlp512x1/mc_dropout/seed3_eps0p08_lam0p25.json,mlp512x1,mc_dropout,3,val,0.08,0.25,robust_eps0p08_lam0p25,0.1,clean_correct,one_minus_confidence,certified_below_threshold,0.9,,0.8506493506493507,,,0.7537878787878787,,1.0,0.2413793103448276
/home/user/thesis/UncertaintyAndRobustnessInBNNs/runs/mlp512x1/mc_dropout/seed3_eps0p08_lam0p25.json,mlp512x1,mc_dropout,3,val,0.08,0.25,robust_eps0p08_lam0p25,0.1,all,predictive_entropy,pgd_failure,,0.9239130434782609,0.888888888888889,-0.035024154589371914,0.9928015148529313,0.606076276664512,-0.3867252381884193,0.92,0.1
/home/user/thesis/UncertaintyAndRobustnessInBNNs/runs/mlp512x1/mc_dropout/seed3_eps0p08_lam0p25.json,mlp512x1,mc_dropout,3,val,0.08,0.25,robust_eps0p08_lam0p25,0.1,all,predictive_entropy,certified_below_threshold,0.5,,0.9529411764705882,,,0.8142857142857143,,1.0,0.1282051282051282
/home/user/thesis/UncertaintyAndRobustnessInBNNs/runs/mlp512x1/mc_dropout/seed3_eps0p08_lam0p25.json,mlp512x1,mc_dropout,3,val,0.08,0.25,robust_eps0p08_lam0p25,0.1,all,predictive_entropy,certified_below_threshold,0.9,,0.8787878787878788,,,0.8206228956228956,,1.0,0.2903225806451613
/home/user/thesis/UncertaintyAndRobustnessInBNNs/runs/mlp512x1/mc_dropout/seed3_eps0p08_lam0p25.json,mlp512x1,mc_dropout,3,val,0.08,0.25,robust_eps0p08_lam0p25,0.1,clean_correct,predictive_entropy,pgd_failure,,0.9204545454545454,0.8444444444444446,-0.07601010101010086,0.992096421481282,0.4606060606060606,-0.5314903608752214,0.9166666666666666,0.0625
/home/user/thesis/UncertaintyAndRobustnessInBNNs/runs/mlp512x1/mc_dropout/seed3_eps0p08_lam0p25.json,mlp512x1,mc_dropout,3,val,0.08,0.25,robust_eps0p08_lam0p25,0.1,clean_correct,predictive_entropy,certified_below_threshold,0.5,,0.9215686274509803,,,0.5916666666666666,,1.0,0.08108108108108109
/home/user/thesis/UncertaintyAndRobustnessInBNNs/runs/mlp512x1/mc_dropout/seed3_eps0p08_lam0p25.json,mlp512x1,mc_dropout,3,val,0.08,0.25,robust_eps0p08_lam0p25,0.1,clean_correct,predictive_entropy,certified_below_threshold,0.9,,0.8441558441558441,,,0.7180735930735931,,1.0,0.2413793103448276
/home/user/thesis/UncertaintyAndRobustnessInBNNs/runs/mlp512x1/mc_dropout/seed4_eps0p08_lam0p25.json,mlp512x1,mc_dropout,4,val,0.08,0.25,robust_eps0p08_lam0p25,0.01,all,expected_entropy,pgd_failure,,1.0,0.9895833333333333,-0.01041666666666674,1.0,0.8333333333333333,-0.16666666666666674,0.04,0.04
/home/user/thesis/UncertaintyAndRobustnessInBNNs/runs/mlp512x1/mc_dropout/seed4_eps0p08_lam0p25.json,mlp512x1,mc_dropout,4,val,0.08,0.25,robust_eps0p08_lam0p25,0.01,all,expected_entropy,certified_below_threshold,0.5,1.0,0.9895833333333333,-0.01041666666666674,1.0,0.8333333333333333,-0.16666666666666674,0.04,0.04
/home/user/thesis/UncertaintyAndRobustnessInBNNs/runs/mlp512x1/mc_dropout/seed4_eps0p08_lam0p25.json,mlp512x1,mc_dropout,4,val,0.08,0.25,robust_eps0p08_lam0p25,0.01,all,expected_entropy,certified_below_threshold,0.9,1.0,0.9895833333333333,-0.01041666666666674,1.0,0.8333333333333333,-0.16666666666666674,0.044444444444444446,0.04
/home/user/thesis/UncertaintyAndRobustnessInBNNs/runs/mlp512x1/mc_dropout/seed4_eps0p08_lam0p25.json,mlp512x1,mc_dropout,4,val,0.08,0.25,robust_eps0p08_lam0p25,0.01,clean_correct,expected_entropy,pgd_failure,,1.0,,,1.0,,,0.02040816326530612,0.0
/home/user/thesis/UncertaintyAndRobustnessInBNNs/runs/mlp512x1/mc_dropout/seed4_eps0p08_lam0p25.json,mlp512x1,mc_dropout,4,val,0.08,0.25,robust_eps0p08_lam0p25,0.01,clean_correct,expected_entropy,certified_below_threshold,0.5,1.0,,,1.0,,,0.02040816326530612,0.0
/home/user/thesis/UncertaintyAndRobustnessInBNNs/runs/mlp512x1/mc_dropout/seed4_eps0p08_lam0p25.json,mlp512x1,mc_dropout,4,val,0.08,0.25,robust_eps0p08_lam0p25,0.01,clean_correct,expected_entropy,certified_below_threshold,0.9,1.0,,,1.0,,,0.022727272727272728,0.0
/home/user/thesis/UncertaintyAndRobustnessInBNNs/runs/mlp512x1/mc_dropout/seed4_eps0p08_lam0p25.json,mlp512x1,mc_dropout,4,val,0.08,0.25,robust_eps0p08_lam0p25,0.01,all,mutual_information,pgd_failure,,1.0,1.0,0.0,1.0,1.0,0.0,0.04,0.04
/home/user/thesis/UncertaintyAndRobustnessInBNNs/runs/mlp512x1/mc_dropout/seed4_eps0p08_lam0p25.json,mlp512x1,mc_dropout,4,val,0.08,0.25,robust_eps0p08_lam0p25,0.01,all,mutual_information,certified_below_threshold,0.5,1.0,1.0,0.0,1.0,1.0,0.0,0.04,0.04
/home/user/thesis/UncertaintyAndRobustnessInBNNs/runs/mlp512x1/mc_dropout/seed4_eps0p08_lam0p25.json,mlp512x1,mc_dropout,4,val,0.08,0.25,robust_eps0p08_lam0p25,0.01,all,mutual_information,certified_below_threshold,0.9,1.0,1.0,0.0,1.0,1.0,0.0,0.044444444444444446,0.04
/home/user/thesis/UncertaintyAndRobustnessInBNNs/runs/mlp512x1/mc_dropout/seed4_eps0p08_lam0p25.json,mlp512x1,mc_dropout,4,val,0.08,0.25,robust_eps0p08_lam0p25,0.01,clean_correct,mutual_information,pgd_failure,,1.0,,,1.0,,,0.02040816326530612,0.0
/home/user/thesis/UncertaintyAndRobustnessInBNNs/runs/mlp512x1/mc_dropout/seed4_eps0p08_lam0p25.json,mlp512x1,mc_dropout,4,val,0.08,0.25,robust_eps0p08_lam0p25,0.01,clean_correct,mutual_information,certified_below_threshold,0.5,1.0,,,1.0,,,0.02040816326530612,0.0
/home/user/thesis/UncertaintyAndRobustnessInBNNs/runs/mlp512x1/mc_dropout/seed4_eps0p08_lam0p25.json,mlp512x1,mc_dropout,4,val,0.08,0.25,robust_eps0p08_lam0p25,0.01,clean_correct,mutual_information,certified_below_threshold,0.9,1.0,,,1.0,,,0.022727272727272728,0.0
/home/user/thesis/UncertaintyAndRobustnessInBNNs/runs/mlp512x1/mc_dropout/seed4_eps0p08_lam0p25.json,mlp512x1,mc_dropout,4,val,0.08,0.25,robust_eps0p08_lam0p25,0.01,all,one_minus_confidence,pgd_failure,,1.0,0.9895833333333333,-0.01041666666666674,1.0,0.8333333333333333,-0.16666666666666674,0.04,0.04
/home/user/thesis/UncertaintyAndRobustnessInBNNs/runs/mlp512x1/mc_dropout/seed4_eps0p08_lam0p25.json,mlp512x1,mc_dropout,4,val,0.08,0.25,robust_eps0p08_lam0p25,0.01,all,one_minus_confidence,certified_below_threshold,0.5,1.0,0.9895833333333333,-0.01041666666666674,1.0,0.8333333333333333,-0.16666666666666674,0.04,0.04
/home/user/thesis/UncertaintyAndRobustnessInBNNs/runs/mlp512x1/mc_dropout/seed4_eps0p08_lam0p25.json,mlp512x1,mc_dropout,4,val,0.08,0.25,robust_eps0p08_lam0p25,0.01,all,one_minus_confidence,certified_below_threshold,0.9,1.0,0.9895833333333333,-0.01041666666666674,1.0,0.8333333333333333,-0.16666666666666674,0.044444444444444446,0.04
/home/user/thesis/UncertaintyAndRobustnessInBNNs/runs/mlp512x1/mc_dropout/seed4_eps0p08_lam0p25.json,mlp512x1,mc_dropout,4,val,0.08,0.25,robust_eps0p08_lam0p25,0.01,clean_correct,one_minus_confidence,pgd_failure,,1.0,,,1.0,,,0.02040816326530612,0.0
/home/user/thesis/UncertaintyAndRobustnessInBNNs/runs/mlp512x1/mc_dropout/seed4_eps0p08_lam0p25.json,mlp512x1,mc_dropout,4,val,0.08,0.25,robust_eps0p08_lam0p25,0.01,clean_correct,one_minus_confidence,certified_below_threshold,0.5,1.0,,,1.0,,,0.02040816326530612,0.0
/home/user/thesis/UncertaintyAndRobustnessInBNNs/runs/mlp512x1/mc_dropout/seed4_eps0p08_lam0p25.json,mlp512x1,mc_dropout,4,val,0.08,0.25,robust_eps0p08_lam0p25,0.01,clean_correct,one_minus_confidence,certified_below_threshold,0.9,1.0,,,1.0,,,0.022727272727272728,0.0
/home/user/thesis/UncertaintyAndRobustnessInBNNs/runs/mlp512x1/mc_dropout/seed4_eps0p08_lam0p25.json,mlp512x1,mc_dropout,4,val,0.08,0.25,robust_eps0p08_lam0p25,0.01,all,predictive_entropy,pgd_failure,,1.0,0.9895833333333333,-0.01041666666666674,1.0,0.8333333333333333,-0.16666666666666674,0.04,0.04
/home/user/thesis/UncertaintyAndRobustnessInBNNs/runs/mlp512x1/mc_dropout/seed4_eps0p08_lam0p25.json,mlp512x1,mc_dropout,4,val,0.08,0.25,robust_eps0p08_lam0p25,0.01,all,predictive_entropy,certified_below_threshold,0.5,1.0,0.9895833333333333,-0.01041666666666674,1.0,0.8333333333333333,-0.16666666666666674,0.04,0.04
/home/user/thesis/UncertaintyAndRobustnessInBNNs/runs/mlp512x1/mc_dropout/seed4_eps0p08_lam0p25.json,mlp512x1,mc_dropout,4,val,0.08,0.25,robust_eps0p08_lam0p25,0.01,all,predictive_entropy,certified_below_threshold,0.9,1.0,0.9895833333333333,-0.01041666666666674,1.0,0.8333333333333333,-0.16666666666666674,0.044444444444444446,0.04
/home/user/thesis/UncertaintyAndRobustnessInBNNs/runs/mlp512x1/mc_dropout/seed4_eps0p08_lam0p25.json,mlp512x1,mc_dropout,4,val,0.08,0.25,robust_eps0p08_lam0p25,0.01,clean_correct,predictive_entropy,pgd_failure,,1.0,,,1.0,,,0.02040816326530612,0.0
/home/user/thesis/UncertaintyAndRobustnessInBNNs/runs/mlp512x1/mc_dropout/seed4_eps0p08_lam0p25.json,mlp512x1,mc_dropout,4,val,0.08,0.25,robust_eps0p08_lam0p25,0.01,clean_correct,predictive_entropy,certified_below_threshold,0.5,1.0,,,1.0,,,0.02040816326530612,0.0
/home/user/thesis/UncertaintyAndRobustnessInBNNs/runs/mlp512x1/mc_dropout/seed4_eps0p08_lam0p25.json,mlp512x1,mc_dropout,4,val,0.08,0.25,robust_eps0p08_lam0p25,0.01,clean_correct,predictive_entropy,certified_below_threshold,0.9,1.0,,,1.0,,,0.022727272727272728,0.0
/home/user/thesis/UncertaintyAndRobustnessInBNNs/runs/mlp512x1/mc_dropout/seed4_eps0p08_lam0p25.json,mlp512x1,mc_dropout,4,val,0.08,0.25,robust_eps0p08_lam0p25,0.05,all,expected_entropy,pgd_failure,,0.8419047619047619,0.9895833333333333,0.14767857142857133,0.7629683740718199,0.8333333333333333,0.07036495926151332,0.3,0.04
/home/user/thesis/UncertaintyAndRobustnessInBNNs/runs/mlp512x1/mc_dropout/seed4_eps0p08_lam0p25.json,mlp512x1,mc_dropout,4,val,0.08,0.25,robust_eps0p08_lam0p25,0.05,all,expected_entropy,certified_below_threshold,0.5,,0.9565217391304348,,,0.7777777777777777,,1.0,0.061224489795918366
/home/user/thesis/UncertaintyAndRobustnessInBNNs/runs/mlp512x1/mc_dropout/seed4_eps0p08_lam0p25.json,mlp512x1,mc_dropout,4,val,0.08,0.25,robust_eps0p08_lam0p25,0.05,all,expected_entropy,certified_below_threshold,0.9,,0.9612403100775194,,,0.7916666666666666,,1.0,0.06521739130434782
/home/user/thesis/UncertaintyAndRobustnessInBNNs/runs/mlp512x1/mc_dropout/seed4_eps0p08_lam0p25.json,mlp512x1,mc_dropout,4,val,0.08,0.25,robust_eps0p08_lam0p25,0.05,clean_correct,expected_entropy,pgd_failure,,0.8306122448979592,,,0.7314848093812729,,,0.2857142857142857,0.0
/home/user/thesis/UncertaintyAndRobustnessInBNNs/runs/mlp512x1/mc_dropout/seed4_eps0p08_lam0p25.json,mlp512x1,mc_dropout,4,val,0.08,0.25,robust_eps0p08_lam0p25,0.05,clean_correct,expected_entropy,certified_below_threshold,0.5,,0.8695652173913043,,,0.14285714285714285,,1.0,0.02127659574468085
/home/user/thesis/UncertaintyAndRobustnessInBNNs/runs/mlp512x1/mc_dropout/seed4_eps0p08_lam0p25.json,mlp512x1,mc_dropout,4,val,0.08,0.25,robust_eps0p08_lam0p25,0.05,clean_correct,expected_entropy,certified_below_threshold,0.9,,0.8837209302325582,,,0.16666666666666666,,1.0,0.022727272727272728
/home/user/thesis/UncertaintyAndRobustnessInBNNs/runs/mlp512x1/mc_dropout/seed4_eps0p08_lam0p25.json,mlp512x1,mc_dropout,4,val,0.08,0.25,robust_eps0p08_lam0p25,0.05,all,mutual_information,pgd_failure,,0.8495238095238095,1.0,0.15047619047619054,0.7772826110568045,1.0,0.22271738894319548,0.3,0.04
/home/user/thesis/UncertaintyAndRobustnessInBNNs/runs/mlp512x1/mc_dropout/seed4_eps0p08_lam0p25.json,mlp512x1,mc_dropout,4,val,0.08,0.25,robust_eps0p08_lam0p25,0.05,all,mutual_information,certified_below_threshold,0.5,,0.927536231884058,,,0.7435897435897436,,1.0,0.061224489795918366
/home/user/thesis/UncertaintyAndRobustnessInBNNs/runs/mlp512x1/mc_dropout/seed4_eps0p08_lam0p25.json,mlp512x1,mc_dropout,4,val,0.08,0.25,robust_eps0p08_lam0p25,0.05,all,mutual_information,certified_below_threshold,0.9,,0.937984496124031,,,0.7575757575757576,,1.0,0.06521739130434782
/home/user/thesis/UncertaintyAndRobustnessInBNNs/runs/mlp512x1/mc_dropout/seed4_eps0p08_lam0p25.json,mlp512x1,mc_dropout,4,val,0.08,0.25,robust_eps0p08_lam0p25,0.05,clean_correct,mutual_information,pgd_failure,,0.8387755102040816,,,0.7484005196281411,,,0.2857142857142857,0.0
/home/user/thesis/UncertaintyAndRobustnessInBNNs/runs/mlp512x1/mc_dropout/seed4_eps0p08_lam0p25.json,mlp512x1,mc_dropout,4,val,0.08,0.25,robust_eps0p08_lam0p25,0.05,clean_correct,mutual_information,certified_below_threshold,0.5,,0.782608695652174,,,0.09090909090909091,,1.0,0.02127659574468085
/home/user/thesis/UncertaintyAndRobustnessInBNNs/runs/mlp512x1/mc_dropout/seed4_eps0p08_lam0p25.json,mlp512x1,mc_dropout,4,val,0.08,0.25,robust_eps0p08_lam0p25,0.05,clean_correct,mutual_information,certified_below_threshold,0.9,,0.813953488372093,,,0.1111111111111111,,1.0,0.022727272727272728
/home/user/thesis/UncertaintyAndRobustnessInBNNs/runs/mlp512x1/mc_dropout/seed4_eps0p08_lam0p25.json,mlp512x1,mc_dropout,4,val,0.08,0.25,robust_eps0p08_lam0p25,0.05,all,one_minus_confidence,pgd_failure,,0.8419047619047618,0.9895833333333333,0.14767857142857144,0.771047739151185,0.8333333333333333,0.062285594182148296,0.3,0.04
/home/user/thesis/UncertaintyAndRobustnessInBNNs/runs/mlp512x1/mc_dropout/seed4_eps0p08_lam0p25.json,mlp512x1,mc_dropout,4,val,0.08,0.25,robust_eps0p08_lam0p25,0.05,all,one_minus_confidence,certified_below_threshold,0.5,,0.9420289855072463,,,0.7575757575757576,,1.0,0.061224489795918366
/home/user/thesis/UncertaintyAndRobustnessInBNNs/runs/mlp512x1/mc_dropout/seed4_eps0p08_lam0p25.json,mlp512x1,mc_dropout,4,val,0.08,0.25,robust_eps0p08_lam0p25,0.05,all,one_minus_confidence,certified_below_threshold,0.9,,0.945736434108527,,,0.7666666666666666,,1.0,0.06521739130434782
/home/user/thesis/UncertaintyAndRobustnessInBNNs/runs/mlp512x1/mc_dropout/seed4_eps0p08_lam0p25.json,mlp512x1,mc_dropout,4,val,0.08,0.25,robust_eps0p08_lam0p25,0.05,clean_correct,one_minus_confidence,pgd_failure,,0.8306122448979593,,,0.7418367762549789,,,0.2857142857142857,0.0
/home/user/thesis/UncertaintyAndRobustnessInBNNs/runs/mlp512x1/mc_dropout/seed4_eps0p08_lam0p25.json,mlp512x1,mc_dropout,4,val,0.08,0.25,robust_eps0p08_lam0p25,0.05,clean_correct,one_minus_confidence,certified_below_threshold,0.5,,0.8260869565217391,,,0.1111111111111111,,1.0,0.02127659574468085
/home/user/thesis/UncertaintyAndRobustnessInBNNs/runs/mlp512x1/mc_dropout/seed4_eps0p08_lam0p25.json,mlp512x1,mc_dropout,4,val,0.08,0.25,robust_eps0p08_lam0p25,0.05,clean_correct,one_minus_confidence,certified_below_threshold,0.9,,0.8372093023255813,,,0.125,,1.0,0.022727272727272728
/home/user/thesis/UncertaintyAndRobustnessInBNNs/runs/mlp512x1/mc_dropout/seed4_eps0p08_lam0p25.json,mlp512x1,mc_dropout,4,val,0.08,0.25,robust_eps0p08_lam0p25,0.05,all,predictive_entropy,pgd_failure,,0.8419047619047619,0.9895833333333333,0.14767857142857133,0.7710477391511851,0.8333333333333333,0.062285594182148185,0.3,0.04
/home/user/thesis/UncertaintyAndRobustnessInBNNs/runs/mlp512x1/mc_dropout/seed4_eps0p08_lam0p25.json,mlp512x1,mc_dropout,4,val,0.08,0.25,robust_eps0p08_lam0p25,0.05,all,predictive_entropy,certified_below_threshold,0.5,,0.9420289855072463,,,0.7575757575757576,,1.0,0.061224489795918366
/home/user/thesis/UncertaintyAndRobustnessInBNNs/runs/mlp512x1/mc_dropout/seed4_eps0p08_lam0p25.json,mlp512x1,mc_dropout,4,val,0.08,0.25,robust_eps0p08_lam0p25,0.05,all,predictive_entropy,certified_below_threshold,0.9,,0.945736434108527,,,0.7666666666666666,,1.0,0.06521739130434782
/home/user/thesis/UncertaintyAndRobustnessInBNNs/runs/mlp512x1/mc_dropout/seed4_eps0p08_lam0p25.json,mlp512x1,mc_dropout,4,val,0.08,0.25,robust_eps0p08_lam0p25,0.05,clean_correct,predictive_entropy,pgd_failure,,0.8306122448979593,,,0.741836776254979,,,0.2857142857142857,0.0
/home/user/thesis/UncertaintyAndRobustnessInBNNs/runs/mlp512x1/mc_dropout/seed4_eps0p08_lam0p25.json,mlp512x1,mc_dropout,4,val,0.08,0.25,robust_eps0p08_lam0p25,0.05,clean_correct,predictive_entropy,certified_below_threshold,0.5,,0.8260869565217391,,,0.1111111111111111,,1.0,0.02127659574468085
/home/user/thesis/UncertaintyAndRobustnessInBNNs/runs/mlp512x1/mc_dropout/seed4_eps0p08_lam0p25.json,mlp512x1,mc_dropout,4,val,0.08,0.25,robust_eps0p08_lam0p25,0.05,clean_correct,predictive_entropy,certified_below_threshold,0.9,,0.8372093023255813,,,0.125,,1.0,0.022727272727272728
/home/user/thesis/UncertaintyAndRobustnessInBNNs/runs/mlp512x1/mc_dropout/seed4_eps0p08_lam0p25.json,mlp512x1,mc_dropout,4,val,0.08,0.25,robust_eps0p08_lam0p25,0.07,all,expected_entropy,pgd_failure,,0.8293650793650793,0.9347826086956521,0.1054175293305728,0.9272152675385825,0.6104166666666666,-0.3167986008719159,0.72,0.08
/home/user/thesis/UncertaintyAndRobustnessInBNNs/runs/mlp512x1/mc_dropout/seed4_eps0p08_lam0p25.json,mlp512x1,mc_dropout,4,val,0.08,0.25,robust_eps0p08_lam0p25,0.07,all,expected_entropy,certified_below_threshold,0.5,,0.9629629629629629,,,0.7916666666666666,,1.0,0.0625
/home/user/thesis/UncertaintyAndRobustnessInBNNs/runs/mlp512x1/mc_dropout/seed4_eps0p08_lam0p25.json,mlp512x1,mc_dropout,4,val,0.08,0.25,robust_eps0p08_lam0p25,0.07,all,expected_entropy,certified_below_threshold,0.9,,0.9714285714285714,,,0.8583333333333333,,1.0,0.125
/home/user/thesis/UncertaintyAndRobustnessInBNNs/runs/mlp512x1/mc_dropout/seed4_eps0p08_lam0p25.json,mlp512x1,mc_dropout,4,val,0.08,0.25,robust_eps0p08_lam0p25,0.07,clean_correct,expected_entropy,pgd_failure,,0.8244897959183672,0.8804347826086957,0.055944986690328435,0.9222688743443022,0.20833333333333331,-0.7139355410109689,0.7142857142857143,0.041666666666666664
/home/user/thesis/UncertaintyAndRobustnessInBNNs/runs/mlp512x1/mc_dropout/seed4_eps0p08_lam0p25.json,mlp512x1,mc_dropout,4,val,0.08,0.25,robust_eps0p08_lam0p25,0.07,clean_correct,expected_entropy,certified_below_threshold,0.5,,0.8888888888888888,,,0.16666666666666666,,1.0,0.021739130434782608
/home/user/thesis/UncertaintyAndRobustnessInBNNs/runs/mlp512x1/mc_dropout/seed4_eps0p08_lam0p25.json,mlp512x1,mc_dropout,4,val,0.08,0.25,robust_eps0p08_lam0p25,0.07,clean_correct,expected_entropy,certified_below_threshold,0.9,,0.9523809523809523,,,0.6666666666666667,,1.0,0.07894736842105263
/home/user/thesis/UncertaintyAndRobustnessInBNNs/runs/mlp512x1/mc_dropout/seed4_eps0p08_lam0p25.json,mlp512x1,mc_dropout,4,val,0.08,0.25,robust_eps0p08_lam0p25,0.07,all,mutual_information,pgd_failure,,0.8154761904761905,0.907608695652174,0.09213250517598348,0.9169189838215293,0.6464285714285714,-0.2704904123929579,0.72,0.08
/home/user/thesis/UncertaintyAndRobustnessInBNNs/runs/mlp512x1/mc_dropout/seed4_eps0p08_lam0p25.json,mlp512x1,mc_dropout,4,val,0.08,0.25,robust_eps0p08_lam0p25,0.07,all,mutual_information,certified_below_threshold,0.5,,0.9333333333333333,,,0.75,,1.0,0.0625
/home/user/thesis/UncertaintyAndRobustnessInBNNs/runs/mlp512x1/mc_dropout/seed4_eps0p08_lam0p25.json,mlp512x1,mc_dropout,4,val,0.08,0.25,robust_eps0p08_lam0p25,0.07,all,mutual_information,certified_below_threshold,0.9,,0.9542857142857144,,,0.8142857142857143,,1.0,0.125
/home/user/thesis/UncertaintyAndRobustnessInBNNs/runs/mlp512x1/mc_dropout/seed4_eps0p08_lam0p25.json,mlp512x1,mc_dropout,4,val,0.08,0.25,robust_eps0p08_lam0p25,0.07,clean_correct,mutual_information,pgd_failure,,0.810204081632653,0.8152173913043479,0.005013309671694888,0.9109070753427516,0.14583333333333331,-0.7650737420094182,0.7142857142857143,0.041666666666666664
/home/user/thesis/UncertaintyAndRobustnessInBNNs/runs/mlp512x1/mc_dropout/seed4_eps0p08_lam0p25.json,mlp512x1,mc_dropout,4,val,0.08,0.25,robust_eps0p08_lam0p25,0.07,clean_correct,mutual_information,certified_below_threshold,0.5,,0.8,,,0.1,,1.0,0.021739130434782608
/home/user/thesis/UncertaintyAndRobustnessInBNNs/runs/mlp512x1/mc_dropout/seed4_eps0p08_lam0p25.json,mlp512x1,mc_dropout,4,val,0.08,0.25,robust_eps0p08_lam0p25,0.07,clean_correct,mutual_information,certified_below_threshold,0.9,,0.9238095238095239,,,0.5916666666666666,,1.0,0.07894736842105263
/home/user/thesis/UncertaintyAndRobustnessInBNNs/runs/mlp512x1/mc_dropout/seed4_eps0p08_lam0p25.json,mlp512x1,mc_dropout,4,val,0.08,0.25,robust_eps0p08_lam0p25,0.07,all,one_minus_confidence,pgd_failure,,0.8253968253968255,0.9239130434782609,0.0985162180814354,0.9242273025157176,0.59375,-0.3304773025157176,0.72,0.08
/home/user/thesis/UncertaintyAndRobustnessInBNNs/runs/mlp512x1/mc_dropout/seed4_eps0p08_lam0p25.json,mlp512x1,mc_dropout,4,val,0.08,0.25,robust_eps0p08_lam0p25,0.07,all,one_minus_confidence,certified_below_threshold,0.5,,0.9481481481481482,,,0.7666666666666666,,1.0,0.0625
/home/user/thesis/UncertaintyAndRobustnessInBNNs/runs/mlp512x1/mc_dropout/seed4_eps0p08_lam0p25.json,mlp512x1,mc_dropout,4,val,0.08,0.25,robust_eps0p08_lam0p25,0.07,all,one_minus_confidence,certified_below_threshold,0.9,,0.9657142857142856,,,0.8444444444444443,,1.0,0.125
/home/user/thesis/UncertaintyAndRobustnessInBNNs/runs/mlp512x1/mc_dropout/seed4_eps0p08_lam0p25.json,mlp512x1,mc_dropout,4,val,0.08,0.25,robust_eps0p08_lam0p25,0.07,clean_correct,one_minus_confidence,pgd_failure,,0.8204081632653062,0.8586956521739131,0.03828748890860689,0.9191009207613889,0.18333333333333335,-0.7357675874280556,0.7142857142857143,0.041666666666666664
/home/user/thesis/UncertaintyAndRobustnessInBNNs/runs/mlp512x1/mc_dropout/seed4_eps0p08_lam0p25.json,mlp512x1,mc_dropout,4,val,0.08,0.25,robust_eps0p08_lam0p25,0.07,clean_correct,one_minus_confidence,certified_below_threshold,0.5,,0.8444444444444444,,,0.125,,1.0,0.021739130434782608
/home/user/thesis/UncertaintyAndRobustnessInBNNs/runs/mlp512x1/mc_dropout/seed4_eps0p08_lam0p25.json,mlp512x1,mc_dropout,4,val,0.08,0.25,robust_eps0p08_lam0p25,0.07,clean_correct,one_minus_confidence,certified_below_threshold,0.9,,0.9428571428571428,,,0.6428571428571428,,1.0,0.07894736842105263
/home/user/thesis/UncertaintyAndRobustnessInBNNs/runs/mlp512x1/mc_dropout/seed4_eps0p08_lam0p25.json,mlp512x1,mc_dropout,4,val,0.08,0.25,robust_eps0p08_lam0p25,0.07,all,predictive_entropy,pgd_failure,,0.8253968253968254,0.9239130434782609,0.09851621808143551,0.9252883837582504,0.59375,-0.3315383837582504,0.72,0.08
/home/user/thesis/UncertaintyAndRobustnessInBNNs/runs/mlp512x1/mc_dropout/seed4_eps0p08_lam0p25.json,mlp512x1,mc_dropout,4,val,0.08,0.25,robust_eps0p08_lam0p25,0.07,all,predictive_entropy,certified_below_threshold,0.5,,0.9481481481481482,,,0.7666666666666666,,1.0,0.0625
/home/user/thesis/UncertaintyAndRobustnessInBNNs/runs/mlp512x1/mc_dropout/seed4_eps0p08_lam0p25.json,mlp512x1,mc_dropout,4,val,0.08,0.25,robust_eps0p08_lam0p25,0.07,all,predictive_entropy,certified_below_threshold,0.9,,0.9657142857142856,,,0.8444444444444443,,1.0,0.125
/home/user/thesis/UncertaintyAndRobustnessInBNNs/runs/mlp512x1/mc_dropout/seed4_eps0p08_lam0p25.json,mlp512x1,mc_dropout,4,val,0.08,0.25,robust_eps0p08_lam0p25,0.07,clean_correct,predictive_entropy,pgd_failure,,0.8204081632653061,0.8586956521739131,0.038287488908607004,0.9202153092900947,0.18333333333333335,-0.7368819759567613,0.7142857142857143,0.041666666666666664
/home/user/thesis/UncertaintyAndRobustnessInBNNs/runs/mlp512x1/mc_dropout/seed4_eps0p08_lam0p25.json,mlp512x1,mc_dropout,4,val,0.08,0.25,robust_eps0p08_lam0p25,0.07,clean_correct,predictive_entropy,certified_below_threshold,0.5,,0.8444444444444444,,,0.125,,1.0,0.021739130434782608
/home/user/thesis/UncertaintyAndRobustnessInBNNs/runs/mlp512x1/mc_dropout/seed4_eps0p08_lam0p25.json,mlp512x1,mc_dropout,4,val,0.08,0.25,robust_eps0p08_lam0p25,0.07,clean_correct,predictive_entropy,certified_below_threshold,0.9,,0.9428571428571428,,,0.6428571428571428,,1.0,0.07894736842105263
/home/user/thesis/UncertaintyAndRobustnessInBNNs/runs/mlp512x1/mc_dropout/seed4_eps0p08_lam0p25.json,mlp512x1,mc_dropout,4,val,0.08,0.25,robust_eps0p08_lam0p25,0.08,all,expected_entropy,pgd_failure,,0.8770764119601329,0.9347826086956521,0.057706196735519244,0.9784374510635845,0.6104166666666666,-0.3680207843969179,0.86,0.08
/home/user/thesis/UncertaintyAndRobustnessInBNNs/runs/mlp512x1/mc_dropout/seed4_eps0p08_lam0p25.json,mlp512x1,mc_dropout,4,val,0.08,0.25,robust_eps0p08_lam0p25,0.08,all,expected_entropy,certified_below_threshold,0.5,,0.9612403100775194,,,0.7916666666666666,,1.0,0.06521739130434782
/home/user/thesis/UncertaintyAndRobustnessInBNNs/runs/mlp512x1/mc_dropout/seed4_eps0p08_lam0p25.json,mlp512x1,mc_dropout,4,val,0.08,0.25,robust_eps0p08_lam0p25,0.08,all,expected_entropy,certified_below_threshold,0.9,,0.9400921658986175,,,0.7897186147186146,,1.0,0.18421052631578946
/home/user/thesis/UncertaintyAndRobustnessInBNNs/runs/mlp512x1/mc_dropout/seed4_eps0p08_lam0p25.json,mlp512x1,mc_dropout,4,val,0.08,0.25,robust_eps0p08_lam0p25,0.08,clean_correct,expected_entropy,pgd_failure,,0.8741496598639455,0.8804347826086957,0.006285122744750127,0.9773277155849248,0.20833333333333331,-0.7689943822515914,0.8571428571428571,0.041666666666666664
/home/user/thesis/UncertaintyAndRobustnessInBNNs/runs/mlp512x1/mc_dropout/seed4_eps0p08_lam0p25.json,mlp512x1,mc_dropout,4,val,0.08,0.25,robust_eps0p08_lam0p25,0.08,clean_correct,expected_entropy,certified_below_threshold,0.5,,0.8837209302325582,,,0.16666666666666666,,1.0,0.022727272727272728
/home/user/thesis/UncertaintyAndRobustnessInBNNs/runs/mlp512x1/mc_dropout/seed4_eps0p08_lam0p25.json,mlp512x1,mc_dropout,4,val,0.08,0.25,robust_eps0p08_lam0p25,0.08,clean_correct,expected_entropy,certified_below_threshold,0.9,,0.9161290322580645,,,0.6111111111111112,,1.0,0.1388888888888889
/home/user/thesis/UncertaintyAndRobustnessInBNNs/runs/mlp512x1/mc_dropout/seed4_eps0p08_lam0p25.json,mlp512x1,mc_dropout,4,val,0.08,0.25,robust_eps0p08_lam0p25,0.08,all,mutual_information,pgd_failure,,0.8604651162790697,0.907608695652174,0.047143579373104205,0.9744473696923099,0.6464285714285714,-0.3280187982637386,0.86,0.08
/home/user/thesis/UncertaintyAndRobustnessInBNNs/runs/mlp512x1/mc_dropout/seed4_eps0p08_lam0p25.json,mlp512x1,mc_dropout,4,val,0.08,0.25,robust_eps0p08_lam0p25,0.08,all,mutual_information,certified_below_threshold,0.5,,0.937984496124031,,,0.7575757575757576,,1.0,0.06521739130434782
/home/user/thesis/UncertaintyAndRobustnessInBNNs/runs/mlp512x1/mc_dropout/seed4_eps0p08_lam0p25.json,mlp512x1,mc_dropout,4,val,0.08,0.25,robust_eps0p08_lam0p25,0.08,all,mutual_information,certified_below_threshold,0.9,,0.935483870967742,,,0.7761131725417438,,1.0,0.18421052631578946
/home/user/thesis/UncertaintyAndRobustnessInBNNs/runs/mlp512x1/mc_dropout/seed4_eps0p08_lam0p25.json,mlp512x1,mc_dropout,4,val,0.08,0.25,robust_eps0p08_lam0p25,0.08,clean_correct,mutual_information,pgd_failure,,0.8571428571428571,0.8152173913043479,-0.0419254658385092,0.9730865446549946,0.14583333333333331,-0.8272532113216613,0.8571428571428571,0.041666666666666664
/home/user/thesis/UncertaintyAndRobustnessInBNNs/runs/mlp512x1/mc_dropout/seed4_eps0p08_lam0p25.json,mlp512x1,mc_dropout,4,val,0.08,0.25,robust_eps0p08_lam0p25,0.08,clean_correct,mutual_information,certified_below_threshold,0.5,,0.813953488372093,,,0.1111111111111111,,1.0,0.022727272727272728
/home/user/thesis/UncertaintyAndRobustnessInBNNs/runs/mlp512x1/mc_dropout/seed4_eps0p08_lam0p25.json,mlp512x1,mc_dropout,4,val,0.08,0.25,robust_eps0p08_lam0p25,0.08,clean_correct,mutual_information,certified_below_threshold,0.9,,0.9096774193548387,,,0.5911111111111111,,1.0,0.1388888888888889
/home/user/thesis/UncertaintyAndRobustnessInBNNs/runs/mlp512x1/mc_dropout/seed4_eps0p08_lam0p25.json,mlp512x1,mc_dropout,4,val,0.08,0.25,robust_eps0p08_lam0p25,0.08,all,one_minus_confidence,pgd_failure,,0.8787375415282391,0.9239130434782609,0.045175501950021735,0.9771583812961427,0.59375,-0.38340838129614274,0.86,0.08
/home/user/thesis/UncertaintyAndRobustnessInBNNs/runs/mlp512x1/mc_dropout/seed4_eps0p08_lam0p25.json,mlp512x1,mc_dropout,4,val,0.08,0.25,robust_eps0p08_lam0p25,0.08,all,one_minus_confidence,certified_below_threshold,0.5,,0.945736434108527,,,0.7666666666666666,,1.0,0.06521739130434782
/home/user/thesis/UncertaintyAndRobustnessInBNNs/runs/mlp512x1/mc_dropout/seed4_eps0p08_lam0p25.json,mlp512x1,mc_dropout,4,val,0.08,0.25,robust_eps0p08_lam0p25,0.08,all,one_minus_confidence,certified_below_threshold,0.9,,0.9354838709677419,,,0.7797979797979797,,1.0,0.18421052631578946
/home/user/thesis/UncertaintyAndRobustnessInBNNs/runs/mlp512x1/mc_dropout/seed4_eps0p08_lam0p25.json,mlp512x1,mc_dropout,4,val,0.08,0.25,robust_eps0p08_lam0p25,0.08,clean_correct,one_minus_confidence,pgd_failure,,0.8758503401360543,0.8586956521739131,-0.017154687962141257,0.9759738052264553,0.18333333333333335,-0.7926404718931219,0.8571428571428571,0.041666666666666664
/home/user/thesis/UncertaintyAndRobustnessInBNNs/runs/mlp512x1/mc_dropout/seed4_eps0p08_lam0p25.json,mlp512x1,mc_dropout,4,val,0.08,0.25,robust_eps0p08_lam0p25,0.08,clean_correct,one_minus_confidence,certified_below_threshold,0.5,,0.8372093023255813,,,0.125,,1.0,0.022727272727272728
/home/user/thesis/UncertaintyAndRobustnessInBNNs/runs/mlp512x1/mc_dropout/seed4_eps0p08_lam0p25.json,mlp512x1,mc_dropout,4,val,0.08,0.25,robust_eps0p08_lam0p25,0.08,clean_correct,one_minus_confidence,certified_below_threshold,0.9,,0.9096774193548387,,,0.5968253968253969,,1.0,0.1388888888888889
/home/user/thesis/UncertaintyAndRobustnessInBNNs/runs/mlp512x1/mc_dropout/seed4_eps0p08_lam0p25.json,mlp512x1,mc_dropout,4,val,0.08,0.25,robust_eps0p08_lam0p25,0.08,all,predictive_entropy,pgd_failure,,0.8737541528239201,0.9239130434782609,0.05015889065434076,0.9775072185054449,0.59375,-0.38375721850544486,0.86,0.08
/home/user/thesis/UncertaintyAndRobustnessInBNNs/runs/mlp512x1/mc_dropout/seed4_eps0p08_lam0p25.json,mlp512x1,mc_dropout,4,val,0.08,0.25,robust_eps0p08_lam0p25,0.08,all,predictive_entropy,certified_below_threshold,0.5,,0.945736434108527,,,0.7666666666666666,,1.0,0.06521739130434782
/home/user/thesis/UncertaintyAndRobustnessInBNNs/runs/mlp512x1/mc_dropout/seed4_eps0p08_lam0p25.json,mlp512x1,mc_dropout,4,val,0.08,0.25,robust_eps0p08_lam0p25,0.08,all,predictive_entropy,certified_below_threshold,0.9,,0.935483870967742,,,0.7797979797979797,,1.0,0.18421052631578946
/home/user/thesis/UncertaintyAndRobustnessInBNNs/runs/mlp512x1/mc_dropout/seed4_eps0p08_lam0p25.json,mlp512x1,mc_dropout,4,val,0.08,0.25,robust_eps0p08_lam0p25,0.08,clean_correct,predictive_entropy,pgd_failure,,0.8707482993197279,0.8586956521739131,-0.012052647145814777,0.9763356520928613,0.18333333333333335,-0.793002318759528,0.8571428571428571,0.041666666666666664
/home/user/thesis/UncertaintyAndRobustnessInBNNs/runs/mlp512x1/mc_dropout/seed4_eps0p08_lam0p25.json,mlp512x1,mc_dropout,4,val,0.08,0.25,robust_eps0p08_lam0p25,0.08,clean_correct,predictive_entropy,certified_below_threshold,0.5,,0.8372093023255813,,,0.125,,1.0,0.022727272727272728
/home/user/thesis/UncertaintyAndRobustnessInBNNs/runs/mlp512x1/mc_dropout/seed4_eps0p08_lam0p25.json,mlp512x1,mc_dropout,4,val,0.08,0.25,robust_eps0p08_lam0p25,0.08,clean_correct,predictive_entropy,certified_below_threshold,0.9,,0.9096774193548387,,,0.5968253968253969,,1.0,0.1388888888888889
/home/user/thesis/UncertaintyAndRobustnessInBNNs/runs/mlp512x1/mc_dropout/seed4_eps0p08_lam0p25.json,mlp512x1,mc_dropout,4,val,0.08,0.25,robust_eps0p08_lam0p25,0.1,all,expected_entropy,pgd_failure,,0.9078014184397163,0.9015151515151516,-0.006286266924564687,0.9940936785335196,0.5533119658119658,-0.44078171272155375,0.94,0.12
/home/user/thesis/UncertaintyAndRobustnessInBNNs/runs/mlp512x1/mc_dropout/seed4_eps0p08_lam0p25.json,mlp512x1,mc_dropout,4,val,0.08,0.25,robust_eps0p08_lam0p25,0.1,all,expected_entropy,certified_below_threshold,0.5,,0.937142857142857,,,0.711111111111111,,1.0,0.125
/home/user/thesis/UncertaintyAndRobustnessInBNNs/runs/mlp512x1/mc_dropout/seed4_eps0p08_lam0p25.json,mlp512x1,mc_dropout,4,val,0.08,0.25,robust_eps0p08_lam0p25,0.1,all,expected_entropy,certified_below_threshold,0.9,,0.8616600790513834,,,0.7933565318254314,,1.0,0.3235294117647059
/home/user/thesis/UncertaintyAndRobustnessInBNNs/runs/mlp512x1/mc_dropout/seed4_eps0p08_lam0p25.json,mlp512x1,mc_dropout,4,val,0.08,0.25,robust_eps0p08_lam0p25,0.1,clean_correct,expected_entropy,pgd_failure,,0.9057971014492754,0.8579545454545455,-0.04784255599472986,0.9938333356530259,0.2700757575757575,-0.7237575780772684,0.9387755102040817,0.08333333333333333
/home/user/thesis/UncertaintyAndRobustnessInBNNs/runs/mlp512x1/mc_dropout/seed4_eps0p08_lam0p25.json,mlp512x1,mc_dropout,4,val,0.08,0.25,robust_eps0p08_lam0p25,0.1,clean_correct,expected_entropy,certified_below_threshold,0.5,,0.8952380952380952,,,0.33730158730158727,,1.0,0.07894736842105263
/home/user/thesis/UncertaintyAndRobustnessInBNNs/runs/mlp512x1/mc_dropout/seed4_eps0p08_lam0p25.json,mlp512x1,mc_dropout,4,val,0.08,0.25,robust_eps0p08_lam0p25,0.1,clean_correct,expected_entropy,certified_below_threshold,0.9,,0.8309178743961353,,,0.6966917684948376,,1.0,0.28125
/home/user/thesis/UncertaintyAndRobustnessInBNNs/runs/mlp512x1/mc_dropout/seed4_eps0p08_lam0p25.json,mlp512x1,mc_dropout,4,val,0.08,0.25,robust_eps0p08_lam0p25,0.1,all,mutual_information,pgd_failure,,0.8936170212765957,0.9204545454545454,0.026837524177949712,0.9930681515609247,0.6721861471861471,-0.32088200437477754,0.94,0.12
/home/user/thesis/UncertaintyAndRobustnessInBNNs/runs/mlp512x1/mc_dropout/seed4_eps0p08_lam0p25.json,mlp512x1,mc_dropout,4,val,0.08,0.25,robust_eps0p08_lam0p25,0.1,all,mutual_information,certified_below_threshold,0.5,,0.9542857142857144,,,0.8142857142857143,,1.0,0.125
/home/user/thesis/UncertaintyAndRobustnessInBNNs/runs/mlp512x1/mc_dropout/seed4_eps0p08_lam0p25.json,mlp512x1,mc_dropout,4,val,0.08,0.25,robust_eps0p08_lam0p25,0.1,all,mutual_information,certified_below_threshold,0.9,,0.8735177865612649,,,0.818236914600551,,1.0,0.3235294117647059
/home/user/thesis/UncertaintyAndRobustnessInBNNs/runs/mlp512x1/mc_dropout/seed4_eps0p08_lam0p25.json,mlp512x1,mc_dropout,4,val,0.08,0.25,robust_eps0p08_lam0p25,0.1,clean_correct,mutual_information,pgd_failure,,0.891304347826087,0.8806818181818181,-0.010622529644268908,0.992759634698625,0.35416666666666663,-0.6385929680319584,0.9387755102040817,0.08333333333333333
/home/user/thesis/UncertaintyAndRobustnessInBNNs/runs/mlp512x1/mc_dropout/seed4_eps0p08_lam0p25.json,mlp512x1,mc_dropout,4,val,0.08,0.25,robust_eps0p08_lam0p25,0.1,clean_correct,mutual_information,certified_below_threshold,0.5,,0.9238095238095239,,,0.5916666666666666,,1.0,0.07894736842105263
/home/user/thesis/UncertaintyAndRobustnessInBNNs/runs/mlp512x1/mc_dropout/seed4_eps0p08_lam0p25.json,mlp512x1,mc_dropout,4,val,0.08,0.25,robust_eps0p08_lam0p25,0.1,clean_correct,mutual_information,certified_below_threshold,0.9,,0.8454106280193237,,,0.7376581550494594,,1.0,0.28125
/home/user/thesis/UncertaintyAndRobustnessInBNNs/runs/mlp512x1/mc_dropout/seed4_eps0p08_lam0p25.json,mlp512x1,mc_dropout,4,val,0.08,0.25,robust_eps0p08_lam0p25,0.1,all,one_minus_confidence,pgd_failure,,0.8971631205673758,0.9053030303030303,0.008139909735654483,0.9928463704041874,0.5607193732193733,-0.4321269971848142,0.94,0.12
/home/user/thesis/UncertaintyAndRobustnessInBNNs/runs/mlp512x1/mc_dropout/seed4_eps0p08_lam0p25.json,mlp512x1,mc_dropout,4,val,0.08,0.25,robust_eps0p08_lam0p25,0.1,all,one_minus_confidence,certified_below_threshold,0.5,,0.9428571428571428,,,0.731111111111111,,1.0,0.125
/home/user/thesis/UncertaintyAndRobustnessInBNNs/runs/mlp512x1/mc_dropout/seed4_eps0p08_lam0p25.json,mlp512x1,mc_dropout,4,val,0.08,0.25,robust_eps0p08_lam0p25,0.1,all,one_minus_confidence,certified_below_threshold,0.9,,0.865612648221344,,,0.803096791565691,,1.0,0.3235294117647059
/home/user/thesis/UncertaintyAndRobustnessInBNNs/runs/mlp512x1/mc_dropout/seed4_eps0p08_lam0p25.json,mlp512x1,mc_dropout,4,val,0.08,0.25,robust_eps0p08_lam0p25,0.1,clean_correct,one_minus_confidence,pgd_failure,,0.894927536231884,0.8636363636363636,-0.03129117259552039,0.9925333863024769,0.279004329004329,-0.7135290572981479,0.9387755102040817,0.08333333333333333
/home/user/thesis/UncertaintyAndRobustnessInBNNs/runs/mlp512x1/mc_dropout/seed4_eps0p08_lam0p25.json,mlp512x1,mc_dropout,4,val,0.08,0.25,robust_eps0p08_lam0p25,0.1,clean_correct,one_minus_confidence,certified_below_threshold,0.5,,0.9047619047619048,,,0.36507936507936506,,1.0,0.07894736842105263
/home/user/thesis/UncertaintyAndRobustnessInBNNs/runs/mlp512x1/mc_dropout/seed4_eps0p08_lam0p25.json,mlp512x1,mc_dropout,4,val,0.08,0.25,robust_eps0p08_lam0p25,0.1,clean_correct,one_minus_confidence,certified_below_threshold,0.9,,0.8357487922705314,,,0.7115065833096523,,1.0,0.28125
/home/user/thesis/UncertaintyAndRobustnessInBNNs/runs/mlp512x1/mc_dropout/seed4_eps0p08_lam0p25.json,mlp512x1,mc_dropout,4,val,0.08,0.25,robust_eps0p08_lam0p25,0.1,all,predictive_entropy,pgd_failure,,0.900709219858156,0.9053030303030303,0.00459381044487428,0.993587092920551,0.5607193732193733,-0.43286771970117777,0.94,0.12
/home/user/thesis/UncertaintyAndRobustnessInBNNs/runs/mlp512x1/mc_dropout/seed4_eps0p08_lam0p25.json,mlp512x1,mc_dropout,4,val,0.08,0.25,robust_eps0p08_lam0p25,0.1,all,predictive_entropy,certified_below_threshold,0.5,,0.9428571428571428,,,0.731111111111111,,1.0,0.125
/home/user/thesis/UncertaintyAndRobustnessInBNNs/runs/mlp512x1/mc_dropout/seed4_eps0p08_lam0p25.json,mlp512x1,mc_dropout,4,val,0.08,0.25,robust_eps0p08_lam0p25,0.1,all,predictive_entropy,certified_below_threshold,0.9,,0.865612648221344,,,0.8030967915656911,,1.0,0.3235294117647059
/home/user/thesis/UncertaintyAndRobustnessInBNNs/runs/mlp512x1/mc_dropout/seed4_eps0p08_lam0p25.json,mlp512x1,mc_dropout,4,val,0.08,0.25,robust_eps0p08_lam0p25,0.1,clean_correct,predictive_entropy,pgd_failure,,0.8985507246376812,0.8636363636363636,-0.034914361001317507,0.9933031129594946,0.279004329004329,-0.7142987839551656,0.9387755102040817,0.08333333333333333
/home/user/thesis/UncertaintyAndRobustnessInBNNs/runs/mlp512x1/mc_dropout/seed4_eps0p08_lam0p25.json,mlp512x1,mc_dropout,4,val,0.08,0.25,robust_eps0p08_lam0p25,0.1,clean_correct,predictive_entropy,certified_below_threshold,0.5,,0.9047619047619048,,,0.36507936507936506,,1.0,0.07894736842105263
/home/user/thesis/UncertaintyAndRobustnessInBNNs/runs/mlp512x1/mc_dropout/seed4_eps0p08_lam0p25.json,mlp512x1,mc_dropout,4,val,0.08,0.25,robust_eps0p08_lam0p25,0.1,clean_correct,predictive_entropy,certified_below_threshold,0.9,,0.8357487922705314,,,0.7115065833096524,,1.0,0.28125
/home/user/thesis/UncertaintyAndRobustnessInBNNs/runs/mlp512x1/vogn/seed0_eps0p08_lam0p25.json,mlp512x1,vogn,0,val,0.08,0.25,robust_eps0p08_lam0p25,0.01,all,expected_entropy,pgd_failure,,1.0,0.8085106382978723,-0.19148936170212771,1.0,0.5900383141762452,-0.4099616858237548,0.04,0.06
/home/user/thesis/UncertaintyAndRobustnessInBNNs/runs/mlp512x1/vogn/seed0_eps0p08_lam0p25.json,mlp512x1,vogn,0,val,0.08,0.25,robust_eps0p08_lam0p25,0.01,all,expected_entropy,certified_below_threshold,0.5,1.0,0.8085106382978723,-0.19148936170212771,1.0,0.5900383141762452,-0.4099616858237548,0.0625,0.06
/home/user/thesis/UncertaintyAndRobustnessInBNNs/runs/mlp512x1/vogn/seed0_eps0p08_lam0p25.json,mlp512x1,vogn,0,val,0.08,0.25,robust_eps0p08_lam0p25,0.01,all,expected_entropy,certified_below_threshold,0.9,1.0,0.8579545454545454,-0.14204545454545459,1.0,0.6412037037037037,-0.3587962962962963,0.2222222222222222,0.08333333333333333
/home/user/thesis/UncertaintyAndRobustnessInBNNs/runs/mlp512x1/vogn/seed0_eps0p08_lam0p25.json,mlp512x1,vogn,0,val,0.08,0.25,robust_eps0p08_lam0p25,0.01,clean_correct,expected_entropy,pgd_failure,,,,,,,,0.0,0.0
/home/user/thesis/UncertaintyAndRobustnessInBNNs/runs/mlp512x1/vogn/seed0_eps0p08_lam0p25.json,mlp512x1,vogn,0,val,0.08,0.25,robust_eps0p08_lam0p25,0.01,clean_correct,expected_entropy,certified_below_threshold,0.5,,,,,,,0.0,0.0
/home/user/thesis/UncertaintyAndRobustnessInBNNs/runs/mlp512x1/vogn/seed0_eps0p08_lam0p25.json,mlp512x1,vogn,0,val,0.08,0.25,robust_eps0p08_lam0p25,0.01,clean_correct,expected_entropy,certified_below_threshold,0.9,1.0,0.9772727272727273,-0.022727272727272707,1.0,0.5,-0.5,0.125,0.022222222222222223
/home/user/thesis/UncertaintyAndRobustnessInBNNs/runs/mlp512x1/vogn/seed0_eps0p08_lam0p25.json,mlp512x1,vogn,0,val,0.08,0.25,robust_eps0p08_lam0p25,0.01,all,mutual_information,pgd_failure,,1.0,0.801418439716312,-0.198581560283688,1.0,0.6989247311827957,-0.30107526881720426,0.04,0.06
/home/user/thesis/UncertaintyAndRobustnessInBNNs/runs/mlp512x1/vogn/seed0_eps0p08_lam0p25.json,mlp512x1,vogn,0,val,0.08,0.25,robust_eps0p08_lam0p25,0.01,all,mutual_information,certified_below_threshold,0.5,1.0,0.801418439716312,-0.198581560283688,1.0,0.6989247311827957,-0.30107526881720426,0.0625,0.06
/home/user/thesis/UncertaintyAndRobustnessInBNNs/runs/mlp512x1/vogn/seed0_eps0p08_lam0p25.json,mlp512x1,vogn,0,val,0.08,0.25,robust_eps0p08_lam0p25,0.01,all,mutual_information,certified_below_threshold,0.9,1.0,0.8579545454545454,-0.14204545454545459,1.0,0.7844827586206896,-0.2155172413793104,0.2222222222222222,0.08333333333333333
/home/user/thesis/UncertaintyAndRobustnessInBNNs/runs/mlp512x1/vogn/seed0_eps0p08_lam0p25.json,mlp512x1,vogn,0,val,0.08,0.25,robust_eps0p08_lam0p25,0.01,clean_correct,mutual_information,pgd_failure,,,,,,,,0.0,0.0
/home/user/thesis/UncertaintyAndRobustnessInBNNs/runs/mlp512x1/vogn/seed0_eps0p08_lam0p25.json,mlp512x1,vogn,0,val,0.08,0.25,robust_eps0p08_lam0p25,0.01,clean_correct,mutual_information,certified_below_threshold,0.5,,,,,,,0.0,0.0
/home/user/thesis/UncertaintyAndRobustnessInBNNs/runs/mlp512x1/vogn/seed0_eps0p08_lam0p25.json,mlp512x1,vogn,0,val,0.08,0.25,robust_eps0p08_lam0p25,0.01,clean_correct,mutual_information,certified_below_threshold,0.9,1.0,1.0,0.0,1.0,1.0,0.0,0.125,0.022222222222222223
/home/user/thesis/UncertaintyAndRobustnessInBNNs/runs/mlp512x1/vogn/seed0_eps0p08_lam0p25.json,mlp512x1,vogn,0,val,0.08,0.25,robust_eps0p08_lam0p25,0.01,all,one_minus_confidence,pgd_failure,,0.9895833333333333,0.8156028368794326,-0.17398049645390068,0.8333333333333333,0.7011494252873562,-0.13218390804597702,0.04,0.06
/home/user/thesis/UncertaintyAndRobustnessInBNNs/runs/mlp512x1/vogn/seed0_eps0p08_lam0p25.json,mlp512x1,vogn,0,val,0.08,0.25,robust_eps0p08_lam0p25,0.01,all,one_minus_confidence,certified_below_threshold,0.5,1.0,0.8156028368794326,-0.18439716312056742,1.0,0.7011494252873562,-0.29885057471264376,0.0625,0.06
/home/user/thesis/UncertaintyAndRobustnessInBNNs/runs/mlp512x1/vogn/seed0_eps0p08_lam0p25.json,mlp512x1,vogn,0,val,0.08,0.25,robust_eps0p08_lam0p25,0.01,all,one_minus_confidence,certified_below_threshold,0.9,1.0,0.8693181818181819,-0.13068181818181812,1.0,0.787037037037037,-0.21296296296296302,0.2222222222222222,0.08333333333333333
/home/user/thesis/UncertaintyAndRobustnessInBNNs/runs/mlp512x1/vogn/seed0_eps0p08_lam0p25.json,mlp512x1,vogn,0,val,0.08,0.25,robust_eps0p08_lam0p25,0.01,clean_correct,one_minus_confidence,pgd_failure,,,,,,,,0.0,0.0
/home/user/thesis/UncertaintyAndRobustnessInBNNs/runs/mlp512x1/vogn/seed0_eps0p08_lam0p25.json,mlp512x1,vogn,0,val,0.08,0.25,robust_eps0p08_lam0p25,0.01,clean_correct,one_minus_confidence,certified_below_threshold,0.5,,,,,,,0.0,0.0
/home/user/thesis/UncertaintyAndRobustnessInBNNs/runs/mlp512x1/vogn/seed0_eps0p08_lam0p25.json,mlp512x1,vogn,0,val,0.08,0.25,robust_eps0p08_lam0p25,0.01,clean_correct,one_minus_confidence,certified_below_threshold,0.9,1.0,1.0,0.0,1.0,1.0,0.0,0.125,0.022222222222222223
/home/user/thesis/UncertaintyAndRobustnessInBNNs/runs/mlp512x1/vogn/seed0_eps0p08_lam0p25.json,mlp512x1,vogn,0,val,0.08,0.25,robust_eps0p08_lam0p25,0.01,all,predictive_entropy,pgd_failure,,1.0,0.8156028368794326,-0.18439716312056742,1.0,0.7011494252873562,-0.29885057471264376,0.04,0.06
/home/user/thesis/UncertaintyAndRobustnessInBNNs/runs/mlp512x1/vogn/seed0_eps0p08_lam0p25.json,mlp512x1,vogn,0,val,0.08,0.25,robust_eps0p08_lam0p25,0.01,all,predictive_entropy,certified_below_threshold,0.5,1.0,0.8156028368794326,-0.18439716312056742,1.0,0.7011494252873562,-0.29885057471264376,0.0625,0.06
/home/user/thesis/UncertaintyAndRobustnessInBNNs/runs/mlp512x1/vogn/seed0_eps0p08_lam0p25.json,mlp512x1,vogn,0,val,0.08,0.25,robust_eps0p08_lam0p25,0.01,all,predictive_entropy,certified_below_threshold,0.9,1.0,0.8636363636363636,-0.13636363636363635,1.0,0.724537037037037,-0.275462962962963,0.2222222222222222,0.08333333333333333
/home/user/thesis/UncertaintyAndRobustnessInBNNs/runs/mlp512x1/vogn/seed0_eps0p08_lam0p25.json,mlp512x1,vogn,0,val,0.08,0.25,robust_eps0p08_lam0p25,0.01,clean_correct,predictive_entropy,pgd_failure,,,,,,,,0.0,0.0
/home/user/thesis/UncertaintyAndRobustnessInBNNs/runs/mlp512x1/vogn/seed0_eps0p08_lam0p25.json,mlp512x1,vogn,0,val,0.08,0.25,robust_eps0p08_lam0p25,0.01,clean_correct,predictive_entropy,certified_below_threshold,0.5,,,,,,,0.0,0.0
/home/user/thesis/UncertaintyAndRobustnessInBNNs/runs/mlp512x1/vogn/seed0_eps0p08_lam0p25.json,mlp512x1,vogn,0,val,0.08,0.25,robust_eps0p08_lam0p25,0.01,clean_correct,predictive_entropy,certified_below_threshold,0.9,1.0,0.9772727272727273,-0.022727272727272707,1.0,0.5,-0.5,0.125,0.022222222222222223
/home/user/thesis/UncertaintyAndRobustnessInBNNs/runs/mlp512x1/vogn/seed0_eps0p08_lam0p25.json,mlp512x1,vogn,0,val,0.08,0.25,robust_eps0p08_lam0p25,0.05,all,expected_entropy,pgd_failure,,0.9673913043478262,0.8571428571428572,-0.11024844720496896,0.775,0.6105479215279578,-0.16445207847204224,0.08,0.14
/home/user/thesis/UncertaintyAndRobustnessInBNNs/runs/mlp512x1/vogn/seed0_eps0p08_lam0p25.json,mlp512x1,vogn,0,val,0.08,0.25,robust_eps0p08_lam0p25,0.05,all,expected_entropy,certified_below_threshold,0.5,,0.7673611111111112,,,0.51356734165238,,1.0,0.18181818181818182
/home/user/thesis/UncertaintyAndRobustnessInBNNs/runs/mlp512x1/vogn/seed0_eps0p08_lam0p25.json,mlp512x1,vogn,0,val,0.08,0.25,robust_eps0p08_lam0p25,0.05,all,expected_entropy,certified_below_threshold,0.9,,0.8387096774193548,,,0.7099771487542386,,1.0,0.2619047619047619
/home/user/thesis/UncertaintyAndRobustnessInBNNs/runs/mlp512x1/vogn/seed0_eps0p08_lam0p25.json,mlp512x1,vogn,0,val,0.08,0.25,robust_eps0p08_lam0p25,0.05,clean_correct,expected_entropy,pgd_failure,,0.9130434782608696,0.8837209302325582,-0.029322548028311468,0.2,0.44424019607843135,0.24424019607843134,0.02127659574468085,0.0851063829787234
/home/user/thesis/UncertaintyAndRobustnessInBNNs/runs/mlp512x1/vogn/seed0_eps0p08_lam0p25.json,mlp512x1,vogn,0,val,0.08,0.25,robust_eps0p08_lam0p25,0.05,clean_correct,expected_entropy,certified_below_threshold,0.5,,0.7333333333333334,,,0.296390977443609,,1.0,0.12195121951219512
/home/user/thesis/UncertaintyAndRobustnessInBNNs/runs/mlp512x1/vogn/seed0_eps0p08_lam0p25.json,mlp512x1,vogn,0,val,0.08,0.25,robust_eps0p08_lam0p25,0.05,clean_correct,expected_entropy,certified_below_threshold,0.9,,0.8306451612903225,,,0.6105124235929189,,1.0,0.20512820512820512
/home/user/thesis/UncertaintyAndRobustnessInBNNs/runs/mlp512x1/vogn/seed0_eps0p08_lam0p25.json,mlp512x1,vogn,0,val,0.08,0.25,robust_eps0p08_lam0p25,0.05,all,mutual_information,pgd_failure,,0.9619565217391304,0.9036544850498338,-0.058302036689296566,0.7611111111111111,0.8009655475093262,0.039854436398215176,0.08,0.14
/home/user/thesis/UncertaintyAndRobustnessInBNNs/runs/mlp512x1/vogn/seed0_eps0p08_lam0p25.json,mlp512x1,vogn,0,val,0.08,0.25,robust_eps0p08_lam0p25,0.05,all,mutual_information,certified_below_threshold,0.5,,0.9027777777777778,,,0.7892015392015392,,1.0,0.18181818181818182
/home/user/thesis/UncertaintyAndRobustnessInBNNs/runs/mlp512x1/vogn/seed0_eps0p08_lam0p25.json,mlp512x1,vogn,0,val,0.08,0.25,robust_eps0p08_lam0p25,0.05,all,mutual_information,certified_below_threshold,0.9,,0.9354838709677418,,,0.892157943067034,,1.0,0.2619047619047619
/home/user/thesis/UncertaintyAndRobustnessInBNNs/runs/mlp512x1/vogn/seed0_eps0p08_lam0p25.json,mlp512x1,vogn,0,val,0.08,0.25,robust_eps0p08_lam0p25,0.05,clean_correct,mutual_information,pgd_failure,,0.8913043478260869,0.9709302325581395,0.07962588473205257,0.16666666666666666,0.7928571428571428,0.6261904761904762,0.02127659574468085,0.0851063829787234
/home/user/thesis/UncertaintyAndRobustnessInBNNs/runs/mlp512x1/vogn/seed0_eps0p08_lam0p25.json,mlp512x1,vogn,0,val,0.08,0.25,robust_eps0p08_lam0p25,0.05,clean_correct,mutual_information,certified_below_threshold,0.5,,0.95,,,0.7453968253968253,,1.0,0.12195121951219512
/home/user/thesis/UncertaintyAndRobustnessInBNNs/runs/mlp512x1/vogn/seed0_eps0p08_lam0p25.json,mlp512x1,vogn,0,val,0.08,0.25,robust_eps0p08_lam0p25,0.05,clean_correct,mutual_information,certified_below_threshold,0.9,,0.967741935483871,,,0.9062881562881563,,1.0,0.20512820512820512
/home/user/thesis/UncertaintyAndRobustnessInBNNs/runs/mlp512x1/vogn/seed0_eps0p08_lam0p25.json,mlp512x1,vogn,0,val,0.08,0.25,robust_eps0p08_lam0p25,0.05,all,one_minus_confidence,pgd_failure,,0.9782608695652174,0.883720930232558,-0.09453993933265936,0.875,0.7583723144430186,-0.11662768555698144,0.08,0.14
/home/user/thesis/UncertaintyAndRobustnessInBNNs/runs/mlp512x1/vogn/seed0_eps0p08_lam0p25.json,mlp512x1,vogn,0,val,0.08,0.25,robust_eps0p08_lam0p25,0.05,all,one_minus_confidence,certified_below_threshold,0.5,,0.7881944444444444,,,0.6122193024366938,,1.0,0.18181818181818182
/home/user/thesis/UncertaintyAndRobustnessInBNNs/runs/mlp512x1/vogn/seed0_eps0p08_lam0p25.json,mlp512x1,vogn,0,val,0.08,0.25,robust_eps0p08_lam0p25,0.05,all,one_minus_confidence,certified_below_threshold,0.9,,0.8416422287390029,,,0.7264649093596462,,1.0,0.2619047619047619
/home/user/thesis/UncertaintyAndRobustnessInBNNs/runs/mlp512x1/vogn/seed0_eps0p08_lam0p25.json,mlp512x1,vogn,0,val,0.08,0.25,robust_eps0p08_lam0p25,0.05,clean_correct,one_minus_confidence,pgd_failure,,0.9130434782608696,0.9244186046511629,0.011375126390293255,0.2,0.7166666666666667,0.5166666666666666,0.02127659574468085,0.0851063829787234
/home/user/thesis/UncertaintyAndRobustnessInBNNs/runs/mlp512x1/vogn/seed0_eps0p08_lam0p25.json,mlp512x1,vogn,0,val,0.08,0.25,robust_eps0p08_lam0p25,0.05,clean_correct,one_minus_confidence,certified_below_threshold,0.5,,0.7611111111111111,,,0.4358781569307885,,1.0,0.12195121951219512
/home/user/thesis/UncertaintyAndRobustnessInBNNs/runs/mlp512x1/vogn/seed0_eps0p08_lam0p25.json,mlp512x1,vogn,0,val,0.08,0.25,robust_eps0p08_lam0p25,0.05,clean_correct,one_minus_confidence,certified_below_threshold,0.9,,0.8346774193548387,,,0.6452953490008444,,1.0,0.20512820512820512
/home/user/thesis/UncertaintyAndRobustnessInBNNs/runs/mlp512x1/vogn/seed0_eps0p08_lam0p25.json,mlp512x1,vogn,0,val,0.08,0.25,robust_eps0p08_lam0p25,0.05,all,predictive_entropy,pgd_failure,,0.9673913043478262,0.8637873754152824,-0.10360392893254378,0.775,0.6606732348111657,-0.11432676518883433,0.08,0.14
/home/user/thesis/UncertaintyAndRobustnessInBNNs/runs/mlp512x1/vogn/seed0_eps0p08_lam0p25.json,mlp512x1,vogn,0,val,0.08,0.25,robust_eps0p08_lam0p25,0.05,all,predictive_entropy,certified_below_threshold,0.5,,0.7743055555555556,,,0.5575318024366938,,1.0,0.18181818181818182
/home/user/thesis/UncertaintyAndRobustnessInBNNs/runs/mlp512x1/vogn/seed0_eps0p08_lam0p25.json,mlp512x1,vogn,0,val,0.08,0.25,robust_eps0p08_lam0p25,0.05,all,predictive_entropy,certified_below_threshold,0.9,,0.8416422287390029,,,0.7130074517845416,,1.0,0.2619047619047619
/home/user/thesis/UncertaintyAndRobustnessInBNNs/runs/mlp512x1/vogn/seed0_eps0p08_lam0p25.json,mlp512x1,vogn,0,val,0.08,0.25,robust_eps0p08_lam0p25,0.05,clean_correct,predictive_entropy,pgd_failure,,0.9130434782608696,0.8895348837209303,-0.023508594539939365,0.2,0.44791666666666663,0.24791666666666662,0.02127659574468085,0.0851063829787234
/home/user/thesis/UncertaintyAndRobustnessInBNNs/runs/mlp512x1/vogn/seed0_eps0p08_lam0p25.json,mlp512x1,vogn,0,val,0.08,0.25,robust_eps0p08_lam0p25,0.05,clean_correct,predictive_entropy,certified_below_threshold,0.5,,0.7388888888888889,,,0.2992481203007519,,1.0,0.12195121951219512
/home/user/thesis/UncertaintyAndRobustnessInBNNs/runs/mlp512x1/vogn/seed0_eps0p08_lam0p25.json,mlp512x1,vogn,0,val,0.08,0.25,robust_eps0p08_lam0p25,0.05,clean_correct,predictive_entropy,certified_below_threshold,0.9,,0.8346774193548387,,,0.6145188338493293,,1.0,0.20512820512820512
/home/user/thesis/UncertaintyAndRobustnessInBNNs/runs/mlp512x1/vogn/seed0_eps0p08_lam0p25.json,mlp512x1,vogn,0,val,0.08,0.25,robust_eps0p08_lam0p25,0.07,all,expected_entropy,pgd_failure,,0.9910714285714285,0.8125,-0.1785714285714285,0.959375,0.5764958040547876,-0.38287919594521236,0.16,0.2
/home/user/thesis/UncertaintyAndRobustnessInBNNs/runs/mlp512x1/vogn/seed0_eps0p08_lam0p25.json,mlp512x1,vogn,0,val,0.08,0.25,robust_eps0p08_lam0p25,0.07,all,expected_entropy,certified_below_threshold,0.5,,0.8254437869822486,,,0.7072266856474017,,1.0,0.3333333333333333
/home/user/thesis/UncertaintyAndRobustnessInBNNs/runs/mlp512x1/vogn/seed0_eps0p08_lam0p25.json,mlp512x1,vogn,0,val,0.08,0.25,robust_eps0p08_lam0p25,0.07,all,expected_entropy,certified_below_threshold,0.9,,0.8194444444444444,,,0.7808981033221062,,1.0,0.47368421052631576
/home/user/thesis/UncertaintyAndRobustnessInBNNs/runs/mlp512x1/vogn/seed0_eps0p08_lam0p25.json,mlp512x1,vogn,0,val,0.08,0.25,robust_eps0p08_lam0p25,0.07,clean_correct,expected_entropy,pgd_failure,,0.9857142857142857,0.8035714285714285,-0.18214285714285716,0.9028571428571428,0.4219642402415512,-0.4808929026155916,0.10638297872340426,0.14893617021276595
/home/user/thesis/UncertaintyAndRobustnessInBNNs/runs/mlp512x1/vogn/seed0_eps0p08_lam0p25.json,mlp512x1,vogn,0,val,0.08,0.25,robust_eps0p08_lam0p25,0.07,clean_correct,expected_entropy,certified_below_threshold,0.5,,0.8076923076923077,,,0.5918482905982906,,1.0,0.2777777777777778
/home/user/thesis/UncertaintyAndRobustnessInBNNs/runs/mlp512x1/vogn/seed0_eps0p08_lam0p25.json,mlp512x1,vogn,0,val,0.08,0.25,robust_eps0p08_lam0p25,0.07,clean_correct,expected_entropy,certified_below_threshold,0.9,,0.8033333333333333,,,0.7115472249914974,,1.0,0.42857142857142855
/home/user/thesis/UncertaintyAndRobustnessInBNNs/runs/mlp512x1/vogn/seed0_eps0p08_lam0p25.json,mlp512x1,vogn,0,val,0.08,0.25,robust_eps0p08_lam0p25,0.07,all,mutual_information,pgd_failure,,0.9910714285714285,0.915,-0.07607142857142846,0.9526289682539683,0.7984224556805202,-0.15420651257344808,0.16,0.2
/home/user/thesis/UncertaintyAndRobustnessInBNNs/runs/mlp512x1/vogn/seed0_eps0p08_lam0p25.json,mlp512x1,vogn,0,val,0.08,0.25,robust_eps0p08_lam0p25,0.07,all,mutual_information,certified_below_threshold,0.5,,0.9171597633136095,,,0.8820174994088035,,1.0,0.3333333333333333
/home/user/thesis/UncertaintyAndRobustnessInBNNs/runs/mlp512x1/vogn/seed0_eps0p08_lam0p25.json,mlp512x1,vogn,0,val,0.08,0.25,robust_eps0p08_lam0p25,0.07,all,mutual_information,certified_below_threshold,0.9,,0.8944444444444444,,,0.8887851599836727,,1.0,0.47368421052631576
/home/user/thesis/UncertaintyAndRobustnessInBNNs/runs/mlp512x1/vogn/seed0_eps0p08_lam0p25.json,mlp512x1,vogn,0,val,0.08,0.25,robust_eps0p08_lam0p25,0.07,clean_correct,mutual_information,pgd_failure,,0.9857142857142857,0.9535714285714286,-0.03214285714285703,0.8766666666666667,0.7548546691403835,-0.12181199752628324,0.10638297872340426,0.14893617021276595
/home/user/thesis/UncertaintyAndRobustnessInBNNs/runs/mlp512x1/vogn/seed0_eps0p08_lam0p25.json,mlp512x1,vogn,0,val,0.08,0.25,robust_eps0p08_lam0p25,0.07,clean_correct,mutual_information,certified_below_threshold,0.5,,0.9307692307692308,,,0.8724450549450549,,1.0,0.2777777777777778
/home/user/thesis/UncertaintyAndRobustnessInBNNs/runs/mlp512x1/vogn/seed0_eps0p08_lam0p25.json,mlp512x1,vogn,0,val,0.08,0.25,robust_eps0p08_lam0p25,0.07,clean_correct,mutual_information,certified_below_threshold,0.9,,0.8933333333333333,,,0.867402738873327,,1.0,0.42857142857142855
/home/user/thesis/UncertaintyAndRobustnessInBNNs/runs/mlp512x1/vogn/seed0_eps0p08_lam0p25.json,mlp512x1,vogn,0,val,0.08,0.25,robust_eps0p08_lam0p25,0.07,all,one_minus_confidence,pgd_failure,,0.9910714285714285,0.825,-0.16607142857142854,0.9526289682539683,0.6650365185862143,-0.287592449667754,0.16,0.2
/home/user/thesis/UncertaintyAndRobustnessInBNNs/runs/mlp512x1/vogn/seed0_eps0p08_lam0p25.json,mlp512x1,vogn,0,val,0.08,0.25,robust_eps0p08_lam0p25,0.07,all,one_minus_confidence,certified_below_threshold,0.5,,0.8284023668639053,,,0.7128972970872438,,1.0,0.3333333333333333
/home/user/thesis/UncertaintyAndRobustnessInBNNs/runs/mlp512x1/vogn/seed0_eps0p08_lam0p25.json,mlp512x1,vogn,0,val,0.08,0.25,robust_eps0p08_lam0p25,0.07,all,one_minus_confidence,certified_below_threshold,0.9,,0.8222222222222222,,,0.7869522343762372,,1.0,0.47368421052631576
/home/user/thesis/UncertaintyAndRobustnessInBNNs/runs/mlp512x1/vogn/seed0_eps0p08_lam0p25.json,mlp512x1,vogn,0,val,0.08,0.25,robust_eps0p08_lam0p25,0.07,clean_correct,one_minus_confidence,pgd_failure,,0.9857142857142857,0.8178571428571428,-0.16785714285714282,0.8766666666666667,0.5568181818181818,-0.31984848484848494,0.10638297872340426,0.14893617021276595
/home/user/thesis/UncertaintyAndRobustnessInBNNs/runs/mlp512x1/vogn/seed0_eps0p08_lam0p25.json,mlp512x1,vogn,0,val,0.08,0.25,robust_eps0p08_lam0p25,0.07,clean_correct,one_minus_confidence,certified_below_threshold,0.5,,0.8115384615384615,,,0.6085732323232322,,1.0,0.2777777777777778
/home/user/thesis/UncertaintyAndRobustnessInBNNs/runs/mlp512x1/vogn/seed0_eps0p08_lam0p25.json,mlp512x1,vogn,0,val,0.08,0.25,robust_eps0p08_lam0p25,0.07,clean_correct,one_minus_confidence,certified_below_threshold,0.9,,0.8066666666666666,,,0.7228603563046287,,1.0,0.42857142857142855
/home/user/thesis/UncertaintyAndRobustnessInBNNs/runs/mlp512x1/vogn/seed0_eps0p08_lam0p25.json,mlp512x1,vogn,0,val,0.08,0.25,robust_eps0p08_lam0p25,0.07,all,predictive_entropy,pgd_failure,,0.9910714285714285,0.8175,-0.1735714285714285,0.9526289682539683,0.611875921013852,-0.34075304724011624,0.16,0.2
/home/user/thesis/UncertaintyAndRobustnessInBNNs/runs/mlp512x1/vogn/seed0_eps0p08_lam0p25.json,mlp512x1,vogn,0,val,0.08,0.25,robust_eps0p08_lam0p25,0.07,all,predictive_entropy,certified_below_threshold,0.5,,0.8284023668639053,,,0.7101570885778046,,1.0,0.3333333333333333
/home/user/thesis/UncertaintyAndRobustnessInBNNs/runs/mlp512x1/vogn/seed0_eps0p08_lam0p25.json,mlp512x1,vogn,0,val,0.08,0.25,robust_eps0p08_lam0p25,0.07,all,predictive_entropy,certified_below_threshold,0.9,,0.8194444444444444,,,0.7808981033221062,,1.0,0.47368421052631576
/home/user/thesis/UncertaintyAndRobustnessInBNNs/runs/mlp512x1/vogn/seed0_eps0p08_lam0p25.json,mlp512x1,vogn,0,val,0.08,0.25,robust_eps0p08_lam0p25,0.07,clean_correct,predictive_entropy,pgd_failure,,0.9857142857142857,0.807142857142857,-0.1785714285714286,0.8766666666666667,0.42459029066171927,-0.45207637600494743,0.10638297872340426,0.14893617021276595
/home/user/thesis/UncertaintyAndRobustnessInBNNs/runs/mlp512x1/vogn/seed0_eps0p08_lam0p25.json,mlp512x1,vogn,0,val,0.08,0.25,robust_eps0p08_lam0p25,0.07,clean_correct,predictive_entropy,certified_below_threshold,0.5,,0.8115384615384615,,,0.5956944444444444,,1.0,0.2777777777777778
/home/user/thesis/UncertaintyAndRobustnessInBNNs/runs/mlp512x1/vogn/seed0_eps0p08_lam0p25.json,mlp512x1,vogn,0,val,0.08,0.25,robust_eps0p08_lam0p25,0.07,clean_correct,predictive_entropy,certified_below_threshold,0.9,,0.8033333333333333,,,0.7115472249914974,,1.0,0.42857142857142855
/home/user/thesis/UncertaintyAndRobustnessInBNNs/runs/mlp512x1/vogn/seed0_eps0p08_lam0p25.json,mlp512x1,vogn,0,val,0.08,0.25,robust_eps0p08_lam0p25,0.08,all,expected_entropy,pgd_failure,,0.94,0.7338877338877339,-0.20611226611226607,0.8986469534050179,0.5376641491816697,-0.36098280422334816,0.2,0.26
/home/user/thesis/UncertaintyAndRobustnessInBNNs/runs/mlp512x1/vogn/seed0_eps0p08_lam0p25.json,mlp512x1,vogn,0,val,0.08,0.25,robust_eps0p08_lam0p25,0.08,all,expected_entropy,certified_below_threshold,0.5,,0.8060606060606061,,,0.723001556631251,,1.0,0.40540540540540543
/home/user/thesis/UncertaintyAndRobustnessInBNNs/runs/mlp512x1/vogn/seed0_eps0p08_lam0p25.json,mlp512x1,vogn,0,val,0.08,0.25,robust_eps0p08_lam0p25,0.08,all,expected_entropy,certified_below_threshold,0.9,,0.8596491228070176,,,0.8619429265335954,,1.0,0.5588235294117647
/home/user/thesis/UncertaintyAndRobustnessInBNNs/runs/mlp512x1/vogn/seed0_eps0p08_lam0p25.json,mlp512x1,vogn,0,val,0.08,0.25,robust_eps0p08_lam0p25,0.08,clean_correct,expected_entropy,pgd_failure,,0.9142857142857143,0.7054054054054054,-0.20888030888030884,0.8200680272108842,0.3963715721398277,-0.4236964550710565,0.14893617021276595,0.2127659574468085
/home/user/thesis/UncertaintyAndRobustnessInBNNs/runs/mlp512x1/vogn/seed0_eps0p08_lam0p25.json,mlp512x1,vogn,0,val,0.08,0.25,robust_eps0p08_lam0p25,0.08,clean_correct,expected_entropy,certified_below_threshold,0.5,,0.7878787878787878,,,0.6202550037108862,,1.0,0.35294117647058826
/home/user/thesis/UncertaintyAndRobustnessInBNNs/runs/mlp512x1/vogn/seed0_eps0p08_lam0p25.json,mlp512x1,vogn,0,val,0.08,0.25,robust_eps0p08_lam0p25,0.08,clean_correct,expected_entropy,certified_below_threshold,0.9,,0.8458333333333334,,,0.8183279496239055,,1.0,0.5161290322580645
/home/user/thesis/UncertaintyAndRobustnessInBNNs/runs/mlp512x1/vogn/seed0_eps0p08_lam0p25.json,mlp512x1,vogn,0,val,0.08,0.25,robust_eps0p08_lam0p25,0.08,all,mutual_information,pgd_failure,,0.9125,0.8232848232848233,-0.08921517671517665,0.846924603174603,0.712531630211531,-0.13439297296307207,0.2,0.26
/home/user/thesis/UncertaintyAndRobustnessInBNNs/runs/mlp512x1/vogn/seed0_eps0p08_lam0p25.json,mlp512x1,vogn,0,val,0.08,0.25,robust_eps0p08_lam0p25,0.08,all,mutual_information,certified_below_threshold,0.5,,0.9030303030303031,,,0.8794082762732648,,1.0,0.40540540540540543
/home/user/thesis/UncertaintyAndRobustnessInBNNs/runs/mlp512x1/vogn/seed0_eps0p08_lam0p25.json,mlp512x1,vogn,0,val,0.08,0.25,robust_eps0p08_lam0p25,0.08,all,mutual_information,certified_below_threshold,0.9,,0.9192982456140352,,,0.933610951491094,,1.0,0.5588235294117647
/home/user/thesis/UncertaintyAndRobustnessInBNNs/runs/mlp512x1/vogn/seed0_eps0p08_lam0p25.json,mlp512x1,vogn,0,val,0.08,0.25,robust_eps0p08_lam0p25,0.08,clean_correct,mutual_information,pgd_failure,,0.875,0.8243243243243243,-0.05067567567567566,0.7233745421245421,0.6351271956013336,-0.08824734652320854,0.14893617021276595,0.2127659574468085
/home/user/thesis/UncertaintyAndRobustnessInBNNs/runs/mlp512x1/vogn/seed0_eps0p08_lam0p25.json,mlp512x1,vogn,0,val,0.08,0.25,robust_eps0p08_lam0p25,0.08,clean_correct,mutual_information,certified_below_threshold,0.5,,0.9090909090909092,,,0.8593057677616502,,1.0,0.35294117647058826
/home/user/thesis/UncertaintyAndRobustnessInBNNs/runs/mlp512x1/vogn/seed0_eps0p08_lam0p25.json,mlp512x1,vogn,0,val,0.08,0.25,robust_eps0p08_lam0p25,0.08,clean_correct,mutual_information,certified_below_threshold,0.9,,0.9166666666666667,,,0.9202879687714247,,1.0,0.5161290322580645
/home/user/thesis/UncertaintyAndRobustnessInBNNs/runs/mlp512x1/vogn/seed0_eps0p08_lam0p25.json,mlp512x1,vogn,0,val,0.08,0.25,robust_eps0p08_lam0p25,0.08,all,one_minus_confidence,pgd_failure,,0.9325,0.7422037422037422,-0.1902962577962578,0.8751713564213564,0.6045562159997024,-0.2706151404216539,0.2,0.26
/home/user/thesis/UncertaintyAndRobustnessInBNNs/runs/mlp512x1/vogn/seed0_eps0p08_lam0p25.json,mlp512x1,vogn,0,val,0.08,0.25,robust_eps0p08_lam0p25,0.08,all,one_minus_confidence,certified_below_threshold,0.5,,0.8060606060606061,,,0.7253764040060984,,1.0,0.40540540540540543
/home/user/thesis/UncertaintyAndRobustnessInBNNs/runs/mlp512x1/vogn/seed0_eps0p08_lam0p25.json,mlp512x1,vogn,0,val,0.08,0.25,robust_eps0p08_lam0p25,0.08,all,one_minus_confidence,certified_below_threshold,0.9,,0.856140350877193,,,0.8544241295411139,,1.0,0.5588235294117647
/home/user/thesis/UncertaintyAndRobustnessInBNNs/runs/mlp512x1/vogn/seed0_eps0p08_lam0p25.json,mlp512x1,vogn,0,val,0.08,0.25,robust_eps0p08_lam0p25,0.08,clean_correct,one_minus_confidence,pgd_failure,,0.9035714285714285,0.7135135135135136,-0.19005791505791492,0.7678160919540229,0.48934075981489766,-0.27847533213912523,0.14893617021276595,0.2127659574468085
/home/user/thesis/UncertaintyAndRobustnessInBNNs/runs/mlp512x1/vogn/seed0_eps0p08_lam0p25.json,mlp512x1,vogn,0,val,0.08,0.25,robust_eps0p08_lam0p25,0.08,clean_correct,one_minus_confidence,certified_below_threshold,0.5,,0.7878787878787878,,,0.6309873269432094,,1.0,0.35294117647058826
/home/user/thesis/UncertaintyAndRobustnessInBNNs/runs/mlp512x1/vogn/seed0_eps0p08_lam0p25.json,mlp512x1,vogn,0,val,0.08,0.25,robust_eps0p08_lam0p25,0.08,clean_correct,one_minus_confidence,certified_below_threshold,0.9,,0.8416666666666667,,,0.8058279496239056,,1.0,0.5161290322580645
/home/user/thesis/UncertaintyAndRobustnessInBNNs/runs/mlp512x1/vogn/seed0_eps0p08_lam0p25.json,mlp512x1,vogn,0,val,0.08,0.25,robust_eps0p08_lam0p25,0.08,all,predictive_entropy,pgd_failure,,0.9299999999999999,0.738045738045738,-0.1919542619542619,0.8683531746031745,0.5648796237655654,-0.3034735508376091,0.2,0.26
/home/user/thesis/UncertaintyAndRobustnessInBNNs/runs/mlp512x1/vogn/seed0_eps0p08_lam0p25.json,mlp512x1,vogn,0,val,0.08,0.25,robust_eps0p08_lam0p25,0.08,all,predictive_entropy,certified_below_threshold,0.5,,0.8060606060606061,,,0.723001556631251,,1.0,0.40540540540540543
/home/user/thesis/UncertaintyAndRobustnessInBNNs/runs/mlp512x1/vogn/seed0_eps0p08_lam0p25.json,mlp512x1,vogn,0,val,0.08,0.25,robust_eps0p08_lam0p25,0.08,all,predictive_entropy,certified_below_threshold,0.9,,0.8596491228070176,,,0.8619429265335954,,1.0,0.5588235294117647
/home/user/thesis/UncertaintyAndRobustnessInBNNs/runs/mlp512x1/vogn/seed0_eps0p08_lam0p25.json,mlp512x1,vogn,0,val,0.08,0.25,robust_eps0p08_lam0p25,0.08,clean_correct,predictive_entropy,pgd_failure,,0.8999999999999999,0.7081081081081081,-0.19189189189189182,0.755911330049261,0.39820980743394535,-0.3577015226153157,0.14893617021276595,0.2127659574468085
/home/user/thesis/UncertaintyAndRobustnessInBNNs/runs/mlp512x1/vogn/seed0_eps0p08_lam0p25.json,mlp512x1,vogn,0,val,0.08,0.25,robust_eps0p08_lam0p25,0.08,clean_correct,predictive_entropy,certified_below_threshold,0.5,,0.7878787878787878,,,0.6202550037108862,,1.0,0.35294117647058826
/home/user/thesis/UncertaintyAndRobustnessInBNNs/runs/mlp512x1/vogn/seed0_eps0p08_lam0p25.json,mlp512x1,vogn,0,val,0.08,0.25,robust_eps0p08_lam0p25,0.08,clean_correct,predictive_entropy,certified_below_threshold,0.9,,0.8458333333333334,,,0.8183279496239055,,1.0,0.5161290322580645
/home/user/thesis/UncertaintyAndRobustnessInBNNs/runs/mlp512x1/vogn/seed0_eps0p08_lam0p25.json,mlp512x1,vogn,0,val,0.08,0.25,robust_eps0p08_lam0p25,0.1,all,expected_entropy,pgd_failure,,0.9100169779286926,0.7379679144385027,-0.1720490634901899,0.9147056833320504,0.5753556474011263,-0.33935003593092405,0.38,0.34
/home/user/thesis/UncertaintyAndRobustnessInBNNs/runs/mlp512x1/vogn/seed0_eps0p08_lam0p25.json,mlp512x1,vogn,0,val,0.08,0.25,robust_eps0p08_lam0p25,0.1,all,expected_entropy,certified_below_threshold,0.5,,0.990909090909091,,,0.9980237154150198,,1.0,0.8148148148148148
/home/user/thesis/UncertaintyAndRobustnessInBNNs/runs/mlp512x1/vogn/seed0_eps0p08_lam0p25.json,mlp512x1,vogn,0,val,0.08,0.25,robust_eps0p08_lam0p25,0.1,all,expected_entropy,certified_below_threshold,0.9,,1.0,,,0.9999999999999998,,1.0,0.9310344827586207
/home/user/thesis/UncertaintyAndRobustnessInBNNs/runs/mlp512x1/vogn/seed0_eps0p08_lam0p25.json,mlp512x1,vogn,0,val,0.08,0.25,robust_eps0p08_lam0p25,0.1,clean_correct,expected_entropy,pgd_failure,,0.8931451612903225,0.7164502164502164,-0.17669494484010606,0.887703634085213,0.4612666537959931,-0.42643698028921995,0.3404255319148936,0.2978723404255319
/home/user/thesis/UncertaintyAndRobustnessInBNNs/runs/mlp512x1/vogn/seed0_eps0p08_lam0p25.json,mlp512x1,vogn,0,val,0.08,0.25,robust_eps0p08_lam0p25,0.1,clean_correct,expected_entropy,certified_below_threshold,0.5,,0.9894736842105264,,,0.9973684210526316,,1.0,0.7916666666666666
/home/user/thesis/UncertaintyAndRobustnessInBNNs/runs/mlp512x1/vogn/seed0_eps0p08_lam0p25.json,mlp512x1,vogn,0,val,0.08,0.25,robust_eps0p08_lam0p25,0.1,clean_correct,expected_entropy,certified_below_threshold,0.9,,1.0,,,1.0,,1.0,0.9230769230769231
/home/user/thesis/UncertaintyAndRobustnessInBNNs/runs/mlp512x1/vogn/seed0_eps0p08_lam0p25.json,mlp512x1,vogn,0,val,0.08,0.25,robust_eps0p08_lam0p25,0.1,all,mutual_information,pgd_failure,,0.8539898132427844,0.8270944741532977,-0.026895339089486714,0.8372721664567984,0.7298479853438554,-0.10742418111294294,0.38,0.34
/home/user/thesis/UncertaintyAndRobustnessInBNNs/runs/mlp512x1/vogn/seed0_eps0p08_lam0p25.json,mlp512x1,vogn,0,val,0.08,0.25,robust_eps0p08_lam0p25,0.1,all,mutual_information,certified_below_threshold,0.5,,0.990909090909091,,,0.9980237154150198,,1.0,0.8148148148148148
/home/user/thesis/UncertaintyAndRobustnessInBNNs/runs/mlp512x1/vogn/seed0_eps0p08_lam0p25.json,mlp512x1,vogn,0,val,0.08,0.25,robust_eps0p08_lam0p25,0.1,all,mutual_information,certified_below_threshold,0.9,,1.0,,,0.9999999999999998,,1.0,0.9310344827586207
/home/user/thesis/UncertaintyAndRobustnessInBNNs/runs/mlp512x1/vogn/seed0_eps0p08_lam0p25.json,mlp512x1,vogn,0,val,0.08,0.25,robust_eps0p08_lam0p25,0.1,clean_correct,mutual_information,pgd_failure,,0.8266129032258064,0.8246753246753247,-0.0019375785504817111,0.7781756883876291,0.659790009525231,-0.11838567886239804,0.3404255319148936,0.2978723404255319
/home/user/thesis/UncertaintyAndRobustnessInBNNs/runs/mlp512x1/vogn/seed0_eps0p08_lam0p25.json,mlp512x1,vogn,0,val,0.08,0.25,robust_eps0p08_lam0p25,0.1,clean_correct,mutual_information,certified_below_threshold,0.5,,0.9894736842105264,,,0.9973684210526316,,1.0,0.7916666666666666
/home/user/thesis/UncertaintyAndRobustnessInBNNs/runs/mlp512x1/vogn/seed0_eps0p08_lam0p25.json,mlp512x1,vogn,0,val,0.08,0.25,robust_eps0p08_lam0p25,0.1,clean_correct,mutual_information,certified_below_threshold,0.9,,1.0,,,1.0,,1.0,0.9230769230769231
/home/user/thesis/UncertaintyAndRobustnessInBNNs/runs/mlp512x1/vogn/seed0_eps0p08_lam0p25.json,mlp512x1,vogn,0,val,0.08,0.25,robust_eps0p08_lam0p25,0.1,all,one_minus_confidence,pgd_failure,,0.8862478777589134,0.7450980392156863,-0.14114983854322716,0.8839961250736059,0.6268881130369072,-0.25710801203669875,0.38,0.34
/home/user/thesis/UncertaintyAndRobustnessInBNNs/runs/mlp512x1/vogn/seed0_eps0p08_lam0p25.json,mlp512x1,vogn,0,val,0.08,0.25,robust_eps0p08_lam0p25,0.1,all,one_minus_confidence,certified_below_threshold,0.5,,0.9909090909090909,,,0.9980237154150197,,1.0,0.8148148148148148
/home/user/thesis/UncertaintyAndRobustnessInBNNs/runs/mlp512x1/vogn/seed0_eps0p08_lam0p25.json,mlp512x1,vogn,0,val,0.08,0.25,robust_eps0p08_lam0p25,0.1,all,one_minus_confidence,certified_below_threshold,0.9,,1.0,,,0.9999999999999998,,1.0,0.9310344827586207
/home/user/thesis/UncertaintyAndRobustnessInBNNs/runs/mlp512x1/vogn/seed0_eps0p08_lam0p25.json,mlp512x1,vogn,0,val,0.08,0.25,robust_eps0p08_lam0p25,0.1,clean_correct,one_minus_confidence,pgd_failure,,0.8649193548387096,0.7229437229437229,-0.14197563189498674,0.8448275862068966,0.5282834605186822,-0.31654412568821433,0.3404255319148936,0.2978723404255319
/home/user/thesis/UncertaintyAndRobustnessInBNNs/runs/mlp512x1/vogn/seed0_eps0p08_lam0p25.json,mlp512x1,vogn,0,val,0.08,0.25,robust_eps0p08_lam0p25,0.1,clean_correct,one_minus_confidence,certified_below_threshold,0.5,,0.9894736842105263,,,0.9973684210526312,,1.0,0.7916666666666666
/home/user/thesis/UncertaintyAndRobustnessInBNNs/runs/mlp512x1/vogn/seed0_eps0p08_lam0p25.json,mlp512x1,vogn,0,val,0.08,0.25,robust_eps0p08_lam0p25,0.1,clean_correct,one_minus_confidence,certified_below_threshold,0.9,,1.0,,,0.9999999999999999,,1.0,0.9230769230769231
/home/user/thesis/UncertaintyAndRobustnessInBNNs/runs/mlp512x1/vogn/seed0_eps0p08_lam0p25.json,mlp512x1,vogn,0,val,0.08,0.25,robust_eps0p08_lam0p25,0.1,all,predictive_entropy,pgd_failure,,0.8896434634974533,0.7415329768270944,-0.14811048667035887,0.8890135059871902,0.5965114781544802,-0.29250202783270995,0.38,0.34
/home/user/thesis/UncertaintyAndRobustnessInBNNs/runs/mlp512x1/vogn/seed0_eps0p08_lam0p25.json,mlp512x1,vogn,0,val,0.08,0.25,robust_eps0p08_lam0p25,0.1,all,predictive_entropy,certified_below_threshold,0.5,,0.990909090909091,,,0.9980237154150198,,1.0,0.8148148148148148
/home/user/thesis/UncertaintyAndRobustnessInBNNs/runs/mlp512x1/vogn/seed0_eps0p08_lam0p25.json,mlp512x1,vogn,0,val,0.08,0.25,robust_eps0p08_lam0p25,0.1,all,predictive_entropy,certified_below_threshold,0.9,,1.0,,,0.9999999999999998,,1.0,0.9310344827586207
/home/user/thesis/UncertaintyAndRobustnessInBNNs/runs/mlp512x1/vogn/seed0_eps0p08_lam0p25.json,mlp512x1,vogn,0,val,0.08,0.25,robust_eps0p08_lam0p25,0.1,clean_correct,predictive_entropy,pgd_failure,,0.8689516129032259,0.7186147186147186,-0.15033689428850727,0.8517300587343691,0.4631048890901107,-0.3886251696442584,0.3404255319148936,0.2978723404255319
/home/user/thesis/UncertaintyAndRobustnessInBNNs/runs/mlp512x1/vogn/seed0_eps0p08_lam0p25.json,mlp512x1,vogn,0,val,0.08,0.25,robust_eps0p08_lam0p25,0.1,clean_correct,predictive_entropy,certified_below_threshold,0.5,,0.9894736842105264,,,0.9973684210526316,,1.0,0.7916666666666666
/home/user/thesis/UncertaintyAndRobustnessInBNNs/runs/mlp512x1/vogn/seed0_eps0p08_lam0p25.json,mlp512x1,vogn,0,val,0.08,0.25,robust_eps0p08_lam0p25,0.1,clean_correct,predictive_entropy,certified_below_threshold,0.9,,1.0,,,1.0,,1.0,0.9230769230769231
/home/user/thesis/UncertaintyAndRobustnessInBNNs/runs/mlp512x1/vogn/seed1_eps0p08_lam0p25.json,mlp512x1,vogn,1,val,0.08,0.25,robust_eps0p08_lam0p25,0.01,all,expected_entropy,pgd_failure,,1.0,0.8368794326241135,-0.16312056737588654,1.0,0.5955555555555555,-0.4044444444444445,0.04,0.06
/home/user/thesis/UncertaintyAndRobustnessInBNNs/runs/mlp512x1/vogn/seed1_eps0p08_lam0p25.json,mlp512x1,vogn,1,val,0.08,0.25,robust_eps0p08_lam0p25,0.01,all,expected_entropy,certified_below_threshold,0.5,1.0,0.8368794326241135,-0.16312056737588654,1.0,0.5955555555555555,-0.4044444444444445,0.045454545454545456,0.06
/home/user/thesis/UncertaintyAndRobustnessInBNNs/runs/mlp512x1/vogn/seed1_eps0p08_lam0p25.json,mlp512x1,vogn,1,val,0.08,0.25,robust_eps0p08_lam0p25,0.01,all,expected_entropy,certified_below_threshold,0.9,1.0,0.875,-0.125,0.9999999999999998,0.6441666666666666,-0.3558333333333332,0.3181818181818182,0.08
/home/user/thesis/UncertaintyAndRobustnessInBNNs/runs/mlp512x1/vogn/seed1_eps0p08_lam0p25.json,mlp512x1,vogn,1,val,0.08,0.25,robust_eps0p08_lam0p25,0.01,clean_correct,expected_entropy,pgd_failure,,,0.9787234042553191,,,0.5,,0.0,0.020833333333333332
/home/user/thesis/UncertaintyAndRobustnessInBNNs/runs/mlp512x1/vogn/seed1_eps0p08_lam0p25.json,mlp512x1,vogn,1,val,0.08,0.25,robust_eps0p08_lam0p25,0.01,clean_correct,expected_entropy,certified_below_threshold,0.5,,0.9787234042553191,,,0.5,,0.0,0.020833333333333332
/home/user/thesis/UncertaintyAndRobustnessInBNNs/runs/mlp512x1/vogn/seed1_eps0p08_lam0p25.json,mlp512x1,vogn,1,val,0.08,0.25,robust_eps0p08_lam0p25,0.01,clean_correct,expected_entropy,certified_below_threshold,0.9,1.0,0.9782608695652174,-0.021739130434782594,1.0,0.5833333333333333,-0.41666666666666674,0.25,0.041666666666666664
/home/user/thesis/UncertaintyAndRobustnessInBNNs/runs/mlp512x1/vogn/seed1_eps0p08_lam0p25.json,mlp512x1,vogn,1,val,0.08,0.25,robust_eps0p08_lam0p25,0.01,all,mutual_information,pgd_failure,,1.0,0.8439716312056738,-0.15602836879432624,1.0,0.7066666666666666,-0.29333333333333345,0.04,0.06
/home/user/thesis/UncertaintyAndRobustnessInBNNs/runs/mlp512x1/vogn/seed1_eps0p08_lam0p25.json,mlp512x1,vogn,1,val,0.08,0.25,robust_eps0p08_lam0p25,0.01,all,mutual_information,certified_below_threshold,0.5,1.0,0.8439716312056738,-0.15602836879432624,1.0,0.7066666666666666,-0.29333333333333345,0.045454545454545456,0.06
/home/user/thesis/UncertaintyAndRobustnessInBNNs/runs/mlp512x1/vogn/seed1_eps0p08_lam0p25.json,mlp512x1,vogn,1,val,0.08,0.25,robust_eps0p08_lam0p25,0.01,all,mutual_information,certified_below_threshold,0.9,1.0,0.8858695652173912,-0.11413043478260876,0.9999999999999998,0.79,-0.20999999999999974,0.3181818181818182,0.08
/home/user/thesis/UncertaintyAndRobustnessInBNNs/runs/mlp512x1/vogn/seed1_eps0p08_lam0p25.json,mlp512x1,vogn,1,val,0.08,0.25,robust_eps0p08_lam0p25,0.01,clean_correct,mutual_information,pgd_failure,,,1.0,,,1.0,,0.0,0.020833333333333332
/home/user/thesis/UncertaintyAndRobustnessInBNNs/runs/mlp512x1/vogn/seed1_eps0p08_lam0p25.json,mlp512x1,vogn,1,val,0.08,0.25,robust_eps0p08_lam0p25,0.01,clean_correct,mutual_information,certified_below_threshold,0.5,,1.0,,,1.0,,0.0,0.020833333333333332
/home/user/thesis/UncertaintyAndRobustnessInBNNs/runs/mlp512x1/vogn/seed1_eps0p08_lam0p25.json,mlp512x1,vogn,1,val,0.08,0.25,robust_eps0p08_lam0p25,0.01,clean_correct,mutual_information,certified_below_threshold,0.9,1.0,1.0,0.0,1.0,1.0,0.0,0.25,0.041666666666666664
/home/user/thesis/UncertaintyAndRobustnessInBNNs/runs/mlp512x1/vogn/seed1_eps0p08_lam0p25.json,mlp512x1,vogn,1,val,0.08,0.25,robust_eps0p08_lam0p25,0.01,all,one_minus_confidence,pgd_failure,,1.0,0.8439716312056738,-0.15602836879432624,1.0,0.7066666666666666,-0.29333333333333345,0.04,0.06
/home/user/thesis/UncertaintyAndRobustnessInBNNs/runs/mlp512x1/vogn/seed1_eps0p08_lam0p25.json,mlp512x1,vogn,1,val,0.08,0.25,robust_eps0p08_lam0p25,0.01,all,one_minus_confidence,certified_below_threshold,0.5,1.0,0.8439716312056738,-0.15602836879432624,1.0,0.7066666666666666,-0.29333333333333345,0.045454545454545456,0.06
/home/user/thesis/UncertaintyAndRobustnessInBNNs/runs/mlp512x1/vogn/seed1_eps0p08_lam0p25.json,mlp512x1,vogn,1,val,0.08,0.25,robust_eps0p08_lam0p25,0.01,all,one_minus_confidence,certified_below_threshold,0.9,1.0,0.8858695652173912,-0.11413043478260876,0.9999999999999998,0.79,-0.20999999999999974,0.3181818181818182,0.08
/home/user/thesis/UncertaintyAndRobustnessInBNNs/runs/mlp512x1/vogn/seed1_eps0p08_lam0p25.json,mlp512x1,vogn,1,val,0.08,0.25,robust_eps0p08_lam0p25,0.01,clean_correct,one_minus_confidence,pgd_failure,,,1.0,,,1.0,,0.0,0.020833333333333332
/home/user/thesis/UncertaintyAndRobustnessInBNNs/runs/mlp512x1/vogn/seed1_eps0p08_lam0p25.json,mlp512x1,vogn,1,val,0.08,0.25,robust_eps0p08_lam0p25,0.01,clean_correct,one_minus_confidence,certified_below_threshold,0.5,,1.0,,,1.0,,0.0,0.020833333333333332
/home/user/thesis/UncertaintyAndRobustnessInBNNs/runs/mlp512x1/vogn/seed1_eps0p08_lam0p25.json,mlp512x1,vogn,1,val,0.08,0.25,robust_eps0p08_lam0p25,0.01,clean_correct,one_minus_confidence,certified_below_threshold,0.9,1.0,1.0,0.0,1.0,1.0,0.0,0.25,0.041666666666666664
/home/user/thesis/UncertaintyAndRobustnessInBNNs/runs/mlp512x1/vogn/seed1_eps0p08_lam0p25.json,mlp512x1,vogn,1,val,0.08,0.25,robust_eps0p08_lam0p25,0.01,all,predictive_entropy,pgd_failure,,1.0,0.8368794326241135,-0.16312056737588654,1.0,0.5955555555555555,-0.4044444444444445,0.04,0.06
/home/user/thesis/UncertaintyAndRobustnessInBNNs/runs/mlp512x1/vogn/seed1_eps0p08_lam0p25.json,mlp512x1,vogn,1,val,0.08,0.25,robust_eps0p08_lam0p25,0.01,all,predictive_entropy,certified_below_threshold,0.5,1.0,0.8368794326241135,-0.16312056737588654,1.0,0.5955555555555555,-0.4044444444444445,0.045454545454545456,0.06
/home/user/thesis/UncertaintyAndRobustnessInBNNs/runs/mlp512x1/vogn/seed1_eps0p08_lam0p25.json,mlp512x1,vogn,1,val,0.08,0.25,robust_eps0p08_lam0p25,0.01,all,predictive_entropy,certified_below_threshold,0.9,1.0,0.875,-0.125,0.9999999999999998,0.6441666666666666,-0.3558333333333332,0.3181818181818182,0.08
/home/user/thesis/UncertaintyAndRobustnessInBNNs/runs/mlp512x1/vogn/seed1_eps0p08_lam0p25.json,mlp512x1,vogn,1,val,0.08,0.25,robust_eps0p08_lam0p25,0.01,clean_correct,predictive_entropy,pgd_failure,,,0.9787234042553191,,,0.5,,0.0,0.020833333333333332
/home/user/thesis/UncertaintyAndRobustnessInBNNs/runs/mlp512x1/vogn/seed1_eps0p08_lam0p25.json,mlp512x1,vogn,1,val,0.08,0.25,robust_eps0p08_lam0p25,0.01,clean_correct,predictive_entropy,certified_below_threshold,0.5,,0.9787234042553191,,,0.5,,0.0,0.020833333333333332
/home/user/thesis/UncertaintyAndRobustnessInBNNs/runs/mlp512x1/vogn/seed1_eps0p08_lam0p25.json,mlp512x1,vogn,1,val,0.08,0.25,robust_eps0p08_lam0p25,0.01,clean_correct,predictive_entropy,certified_below_threshold,0.9,1.0,0.9782608695652174,-0.021739130434782594,1.0,0.5833333333333333,-0.41666666666666674,0.25,0.041666666666666664
/home/user/thesis/UncertaintyAndRobustnessInBNNs/runs/mlp512x1/vogn/seed1_eps0p08_lam0p25.json,mlp512x1,vogn,1,val,0.08,0.25,robust_eps0p08_lam0p25,0.05,all,expected_entropy,pgd_failure,,1.0,0.8225,-0.1775,1.0,0.5322049093276715,-0.4677950906723285,0.14,0.2
/home/user/thesis/UncertaintyAndRobustnessInBNNs/runs/mlp512x1/vogn/seed1_eps0p08_lam0p25.json,mlp512x1,vogn,1,val,0.08,0.25,robust_eps0p08_lam0p25,0.05,all,expected_entropy,certified_below_threshold,0.5,,0.8494623655913979,,,0.6620825933325934,,1.0,0.27906976744186046
/home/user/thesis/UncertaintyAndRobustnessInBNNs/runs/mlp512x1/vogn/seed1_eps0p08_lam0p25.json,mlp512x1,vogn,1,val,0.08,0.25,robust_eps0p08_lam0p25,0.05,all,expected_entropy,certified_below_threshold,0.9,,0.825,,,0.666467668253659,,1.0,0.34782608695652173
/home/user/thesis/UncertaintyAndRobustnessInBNNs/runs/mlp512x1/vogn/seed1_eps0p08_lam0p25.json,mlp512x1,vogn,1,val,0.08,0.25,robust_eps0p08_lam0p25,0.05,clean_correct,expected_entropy,pgd_failure,,1.0,0.825,-0.17500000000000004,1.0,0.4267903971028971,-0.5732096028971029,0.10416666666666667,0.16666666666666666
/home/user/thesis/UncertaintyAndRobustnessInBNNs/runs/mlp512x1/vogn/seed1_eps0p08_lam0p25.json,mlp512x1,vogn,1,val,0.08,0.25,robust_eps0p08_lam0p25,0.05,clean_correct,expected_entropy,certified_below_threshold,0.5,,0.8451612903225806,,,0.602767085855321,,1.0,0.24390243902439024
/home/user/thesis/UncertaintyAndRobustnessInBNNs/runs/mlp512x1/vogn/seed1_eps0p08_lam0p25.json,mlp512x1,vogn,1,val,0.08,0.25,robust_eps0p08_lam0p25,0.05,clean_correct,expected_entropy,certified_below_threshold,0.9,,0.8166666666666667,,,0.6126975569796176,,1.0,0.3181818181818182
/home/user/thesis/UncertaintyAndRobustnessInBNNs/runs/mlp512x1/vogn/seed1_eps0p08_lam0p25.json,mlp512x1,vogn,1,val,0.08,0.25,robust_eps0p08_lam0p25,0.05,all,mutual_information,pgd_failure,,0.9867109634551494,0.92,-0.06671096345514937,0.9093537414965986,0.7986554621848738,-0.11069827931172482,0.14,0.2
/home/user/thesis/UncertaintyAndRobustnessInBNNs/runs/mlp512x1/vogn/seed1_eps0p08_lam0p25.json,mlp512x1,vogn,1,val,0.08,0.25,robust_eps0p08_lam0p25,0.05,all,mutual_information,certified_below_threshold,0.5,,0.9650537634408602,,,0.92921888053467,,1.0,0.27906976744186046
/home/user/thesis/UncertaintyAndRobustnessInBNNs/runs/mlp512x1/vogn/seed1_eps0p08_lam0p25.json,mlp512x1,vogn,1,val,0.08,0.25,robust_eps0p08_lam0p25,0.05,all,mutual_information,certified_below_threshold,0.9,,0.94375,,,0.908426593786648,,1.0,0.34782608695652173
/home/user/thesis/UncertaintyAndRobustnessInBNNs/runs/mlp512x1/vogn/seed1_eps0p08_lam0p25.json,mlp512x1,vogn,1,val,0.08,0.25,robust_eps0p08_lam0p25,0.05,clean_correct,mutual_information,pgd_failure,,0.9813953488372092,0.946875,-0.034520348837209225,0.81,0.8045454545454545,-0.005454545454545601,0.10416666666666667,0.16666666666666666
/home/user/thesis/UncertaintyAndRobustnessInBNNs/runs/mlp512x1/vogn/seed1_eps0p08_lam0p25.json,mlp512x1,vogn,1,val,0.08,0.25,robust_eps0p08_lam0p25,0.05,clean_correct,mutual_information,certified_below_threshold,0.5,,0.9806451612903225,,,0.9476301476301475,,1.0,0.24390243902439024
/home/user/thesis/UncertaintyAndRobustnessInBNNs/runs/mlp512x1/vogn/seed1_eps0p08_lam0p25.json,mlp512x1,vogn,1,val,0.08,0.25,robust_eps0p08_lam0p25,0.05,clean_correct,mutual_information,certified_below_threshold,0.9,,0.95,,,0.9093117408906881,,1.0,0.3181818181818182
/home/user/thesis/UncertaintyAndRobustnessInBNNs/runs/mlp512x1/vogn/seed1_eps0p08_lam0p25.json,mlp512x1,vogn,1,val,0.08,0.25,robust_eps0p08_lam0p25,0.05,all,one_minus_confidence,pgd_failure,,1.0,0.8275,-0.1725,1.0,0.5911289917811657,-0.40887100821883426,0.14,0.2
/home/user/thesis/UncertaintyAndRobustnessInBNNs/runs/mlp512x1/vogn/seed1_eps0p08_lam0p25.json,mlp512x1,vogn,1,val,0.08,0.25,robust_eps0p08_lam0p25,0.05,all,one_minus_confidence,certified_below_threshold,0.5,,0.8521505376344086,,,0.6658704721204721,,1.0,0.27906976744186046
/home/user/thesis/UncertaintyAndRobustnessInBNNs/runs/mlp512x1/vogn/seed1_eps0p08_lam0p25.json,mlp512x1,vogn,1,val,0.08,0.25,robust_eps0p08_lam0p25,0.05,all,one_minus_confidence,certified_below_threshold,0.9,,0.8291666666666667,,,0.6710069469097855,,1.0,0.34782608695652173
/home/user/thesis/UncertaintyAndRobustnessInBNNs/runs/mlp512x1/vogn/seed1_eps0p08_lam0p25.json,mlp512x1,vogn,1,val,0.08,0.25,robust_eps0p08_lam0p25,0.05,clean_correct,one_minus_confidence,pgd_failure,,1.0,0.83125,-0.16874999999999996,1.0,0.5315280307927367,-0.4684719692072633,0.10416666666666667,0.16666666666666666
/home/user/thesis/UncertaintyAndRobustnessInBNNs/runs/mlp512x1/vogn/seed1_eps0p08_lam0p25.json,mlp512x1,vogn,1,val,0.08,0.25,robust_eps0p08_lam0p25,0.05,clean_correct,one_minus_confidence,certified_below_threshold,0.5,,0.8483870967741935,,,0.6072115302997655,,1.0,0.24390243902439024
/home/user/thesis/UncertaintyAndRobustnessInBNNs/runs/mlp512x1/vogn/seed1_eps0p08_lam0p25.json,mlp512x1,vogn,1,val,0.08,0.25,robust_eps0p08_lam0p25,0.05,clean_correct,one_minus_confidence,certified_below_threshold,0.9,,0.8214285714285714,,,0.6178820550212585,,1.0,0.3181818181818182
/home/user/thesis/UncertaintyAndRobustnessInBNNs/runs/mlp512x1/vogn/seed1_eps0p08_lam0p25.json,mlp512x1,vogn,1,val,0.08,0.25,robust_eps0p08_lam0p25,0.05,all,predictive_entropy,pgd_failure,,1.0,0.8200000000000001,-0.17999999999999994,1.0,0.5295905302427042,-0.4704094697572958,0.14,0.2
/home/user/thesis/UncertaintyAndRobustnessInBNNs/runs/mlp512x1/vogn/seed1_eps0p08_lam0p25.json,mlp512x1,vogn,1,val,0.08,0.25,robust_eps0p08_lam0p25,0.05,all,predictive_entropy,certified_below_threshold,0.5,,0.8494623655913979,,,0.6620825933325934,,1.0,0.27906976744186046
/home/user/thesis/UncertaintyAndRobustnessInBNNs/runs/mlp512x1/vogn/seed1_eps0p08_lam0p25.json,mlp512x1,vogn,1,val,0.08,0.25,robust_eps0p08_lam0p25,0.05,all,predictive_entropy,certified_below_threshold,0.9,,0.8270833333333333,,,0.6681660378188763,,1.0,0.34782608695652173
/home/user/thesis/UncertaintyAndRobustnessInBNNs/runs/mlp512x1/vogn/seed1_eps0p08_lam0p25.json,mlp512x1,vogn,1,val,0.08,0.25,robust_eps0p08_lam0p25,0.05,clean_correct,predictive_entropy,pgd_failure,,1.0,0.821875,-0.17812499999999998,1.0,0.4235734853381912,-0.5764265146618088,0.10416666666666667,0.16666666666666666
/home/user/thesis/UncertaintyAndRobustnessInBNNs/runs/mlp512x1/vogn/seed1_eps0p08_lam0p25.json,mlp512x1,vogn,1,val,0.08,0.25,robust_eps0p08_lam0p25,0.05,clean_correct,predictive_entropy,certified_below_threshold,0.5,,0.8451612903225806,,,0.602767085855321,,1.0,0.24390243902439024
/home/user/thesis/UncertaintyAndRobustnessInBNNs/runs/mlp512x1/vogn/seed1_eps0p08_lam0p25.json,mlp512x1,vogn,1,val,0.08,0.25,robust_eps0p08_lam0p25,0.05,clean_correct,predictive_entropy,certified_below_threshold,0.9,,0.819047619047619,,,0.6147074518466553,,1.0,0.3181818181818182
/home/user/thesis/UncertaintyAndRobustnessInBNNs/runs/mlp512x1/vogn/seed1_eps0p08_lam0p25.json,mlp512x1,vogn,1,val,0.08,0.25,robust_eps0p08_lam0p25,0.07,all,expected_entropy,pgd_failure,,0.975609756097561,0.8157894736842106,-0.15982028241335033,0.9252525252525254,0.5456524287023009,-0.37960009655022453,0.18,0.24
/home/user/thesis/UncertaintyAndRobustnessInBNNs/runs/mlp512x1/vogn/seed1_eps0p08_lam0p25.json,mlp512x1,vogn,1,val,0.08,0.25,robust_eps0p08_lam0p25,0.07,all,expected_entropy,certified_below_threshold,0.5,,0.840958605664488,,,0.7094193230217198,,1.0,0.38636363636363635
/home/user/thesis/UncertaintyAndRobustnessInBNNs/runs/mlp512x1/vogn/seed1_eps0p08_lam0p25.json,mlp512x1,vogn,1,val,0.08,0.25,robust_eps0p08_lam0p25,0.07,all,expected_entropy,certified_below_threshold,0.9,,0.8042328042328042,,,0.7207435396892816,,1.0,0.46153846153846156
/home/user/thesis/UncertaintyAndRobustnessInBNNs/runs/mlp512x1/vogn/seed1_eps0p08_lam0p25.json,mlp512x1,vogn,1,val,0.08,0.25,robust_eps0p08_lam0p25,0.07,clean_correct,expected_entropy,pgd_failure,,0.9686411149825784,0.8131578947368421,-0.15548322024573635,0.8864468864468864,0.450808314492525,-0.4356385719543614,0.14583333333333334,0.20833333333333334
/home/user/thesis/UncertaintyAndRobustnessInBNNs/runs/mlp512x1/vogn/seed1_eps0p08_lam0p25.json,mlp512x1,vogn,1,val,0.08,0.25,robust_eps0p08_lam0p25,0.07,clean_correct,expected_entropy,certified_below_threshold,0.5,,0.8320987654320987,,,0.6593867733573615,,1.0,0.35714285714285715
/home/user/thesis/UncertaintyAndRobustnessInBNNs/runs/mlp512x1/vogn/seed1_eps0p08_lam0p25.json,mlp512x1,vogn,1,val,0.08,0.25,robust_eps0p08_lam0p25,0.07,clean_correct,expected_entropy,certified_below_threshold,0.9,,0.7946428571428571,,,0.6744414761902184,,1.0,0.43243243243243246
/home/user/thesis/UncertaintyAndRobustnessInBNNs/runs/mlp512x1/vogn/seed1_eps0p08_lam0p25.json,mlp512x1,vogn,1,val,0.08,0.25,robust_eps0p08_lam0p25,0.07,all,mutual_information,pgd_failure,,0.953929539295393,0.9298245614035088,-0.02410497789188426,0.8344747300629654,0.8257668067226891,-0.008707923340276258,0.18,0.24
/home/user/thesis/UncertaintyAndRobustnessInBNNs/runs/mlp512x1/vogn/seed1_eps0p08_lam0p25.json,mlp512x1,vogn,1,val,0.08,0.25,robust_eps0p08_lam0p25,0.07,all,mutual_information,certified_below_threshold,0.5,,0.9477124183006537,,,0.9222300575241753,,1.0,0.38636363636363635
/home/user/thesis/UncertaintyAndRobustnessInBNNs/runs/mlp512x1/vogn/seed1_eps0p08_lam0p25.json,mlp512x1,vogn,1,val,0.08,0.25,robust_eps0p08_lam0p25,0.07,all,mutual_information,certified_below_threshold,0.9,,0.9259259259259258,,,0.9166662976540934,,1.0,0.46153846153846156
/home/user/thesis/UncertaintyAndRobustnessInBNNs/runs/mlp512x1/vogn/seed1_eps0p08_lam0p25.json,mlp512x1,vogn,1,val,0.08,0.25,robust_eps0p08_lam0p25,0.07,clean_correct,mutual_information,pgd_failure,,0.9407665505226481,0.95,0.00923344947735183,0.7231601731601732,0.8263383838383839,0.10317821067821065,0.14583333333333334,0.20833333333333334
/home/user/thesis/UncertaintyAndRobustnessInBNNs/runs/mlp512x1/vogn/seed1_eps0p08_lam0p25.json,mlp512x1,vogn,1,val,0.08,0.25,robust_eps0p08_lam0p25,0.07,clean_correct,mutual_information,certified_below_threshold,0.5,,0.9530864197530865,,,0.9222965613677687,,1.0,0.35714285714285715
/home/user/thesis/UncertaintyAndRobustnessInBNNs/runs/mlp512x1/vogn/seed1_eps0p08_lam0p25.json,mlp512x1,vogn,1,val,0.08,0.25,robust_eps0p08_lam0p25,0.07,clean_correct,mutual_information,certified_below_threshold,0.9,,0.931547619047619,,,0.9148305534334946,,1.0,0.43243243243243246
/home/user/thesis/UncertaintyAndRobustnessInBNNs/runs/mlp512x1/vogn/seed1_eps0p08_lam0p25.json,mlp512x1,vogn,1,val,0.08,0.25,robust_eps0p08_lam0p25,0.07,all,one_minus_confidence,pgd_failure,,0.9728997289972899,0.8179824561403509,-0.15491727285693901,0.9210858585858586,0.5920325192000384,-0.32905333938582015,0.18,0.24
/home/user/thesis/UncertaintyAndRobustnessInBNNs/runs/mlp512x1/vogn/seed1_eps0p08_lam0p25.json,mlp512x1,vogn,1,val,0.08,0.25,robust_eps0p08_lam0p25,0.07,all,one_minus_confidence,certified_below_threshold,0.5,,0.8453159041394336,,,0.7145473294284986,,1.0,0.38636363636363635
/home/user/thesis/UncertaintyAndRobustnessInBNNs/runs/mlp512x1/vogn/seed1_eps0p08_lam0p25.json,mlp512x1,vogn,1,val,0.08,0.25,robust_eps0p08_lam0p25,0.07,all,one_minus_confidence,certified_below_threshold,0.9,,0.8068783068783069,,,0.723829959442368,,1.0,0.46153846153846156
/home/user/thesis/UncertaintyAndRobustnessInBNNs/runs/mlp512x1/vogn/seed1_eps0p08_lam0p25.json,mlp512x1,vogn,1,val,0.08,0.25,robust_eps0p08_lam0p25,0.07,clean_correct,one_minus_confidence,pgd_failure,,0.9651567944250871,0.8157894736842105,-0.14936732074087655,0.8809523809523809,0.5313141077189064,-0.3496382732334745,0.14583333333333334,0.20833333333333334
/home/user/thesis/UncertaintyAndRobustnessInBNNs/runs/mlp512x1/vogn/seed1_eps0p08_lam0p25.json,mlp512x1,vogn,1,val,0.08,0.25,robust_eps0p08_lam0p25,0.07,clean_correct,one_minus_confidence,certified_below_threshold,0.5,,0.837037037037037,,,0.6653126992832874,,1.0,0.35714285714285715
/home/user/thesis/UncertaintyAndRobustnessInBNNs/runs/mlp512x1/vogn/seed1_eps0p08_lam0p25.json,mlp512x1,vogn,1,val,0.08,0.25,robust_eps0p08_lam0p25,0.07,clean_correct,one_minus_confidence,certified_below_threshold,0.9,,0.7976190476190476,,,0.6779136984124406,,1.0,0.43243243243243246
/home/user/thesis/UncertaintyAndRobustnessInBNNs/runs/mlp512x1/vogn/seed1_eps0p08_lam0p25.json,mlp512x1,vogn,1,val,0.08,0.25,robust_eps0p08_lam0p25,0.07,all,predictive_entropy,pgd_failure,,0.9701897018970189,0.8135964912280703,-0.1565932106689486,0.9143518518518519,0.543201448310144,-0.3711504035417078,0.18,0.24
/home/user/thesis/UncertaintyAndRobustnessInBNNs/runs/mlp512x1/vogn/seed1_eps0p08_lam0p25.json,mlp512x1,vogn,1,val,0.08,0.25,robust_eps0p08_lam0p25,0.07,all,predictive_entropy,certified_below_threshold,0.5,,0.8431372549019607,,,0.7112793555722895,,1.0,0.38636363636363635
/home/user/thesis/UncertaintyAndRobustnessInBNNs/runs/mlp512x1/vogn/seed1_eps0p08_lam0p25.json,mlp512x1,vogn,1,val,0.08,0.25,robust_eps0p08_lam0p25,0.07,all,predictive_entropy,certified_below_threshold,0.9,,0.8042328042328042,,,0.7207435396892816,,1.0,0.46153846153846156
/home/user/thesis/UncertaintyAndRobustnessInBNNs/runs/mlp512x1/vogn/seed1_eps0p08_lam0p25.json,mlp512x1,vogn,1,val,0.08,0.25,robust_eps0p08_lam0p25,0.07,clean_correct,predictive_entropy,pgd_failure,,0.9616724738675958,0.8105263157894738,-0.15114615807812204,0.8714285714285714,0.4478671380219368,-0.42356143340663466,0.14583333333333334,0.20833333333333334
/home/user/thesis/UncertaintyAndRobustnessInBNNs/runs/mlp512x1/vogn/seed1_eps0p08_lam0p25.json,mlp512x1,vogn,1,val,0.08,0.25,robust_eps0p08_lam0p25,0.07,clean_correct,predictive_entropy,certified_below_threshold,0.5,,0.8345679012345679,,,0.6616089955795837,,1.0,0.35714285714285715
/home/user/thesis/UncertaintyAndRobustnessInBNNs/runs/mlp512x1/vogn/seed1_eps0p08_lam0p25.json,mlp512x1,vogn,1,val,0.08,0.25,robust_eps0p08_lam0p25,0.07,clean_correct,predictive_entropy,certified_below_threshold,0.9,,0.7946428571428571,,,0.6744414761902184,,1.0,0.43243243243243246
/home/user/thesis/UncertaintyAndRobustnessInBNNs/runs/mlp512x1/vogn/seed1_eps0p08_lam0p25.json,mlp512x1,vogn,1,val,0.08,0.25,robust_eps0p08_lam0p25,0.08,all,expected_entropy,pgd_failure,,0.8835758835758836,0.8134920634920635,-0.07008382008382008,0.8293785888907839,0.567806327867382,-0.2615722610234018,0.26,0.28
/home/user/thesis/UncertaintyAndRobustnessInBNNs/runs/mlp512x1/vogn/seed1_eps0p08_lam0p25.json,mlp512x1,vogn,1,val,0.08,0.25,robust_eps0p08_lam0p25,0.08,all,expected_entropy,certified_below_threshold,0.5,,0.8042328042328042,,,0.7207435396892816,,1.0,0.46153846153846156
/home/user/thesis/UncertaintyAndRobustnessInBNNs/runs/mlp512x1/vogn/seed1_eps0p08_lam0p25.json,mlp512x1,vogn,1,val,0.08,0.25,robust_eps0p08_lam0p25,0.08,all,expected_entropy,certified_below_threshold,0.9,,0.8315789473684211,,,0.8040821183867459,,1.0,0.5588235294117647
/home/user/thesis/UncertaintyAndRobustnessInBNNs/runs/mlp512x1/vogn/seed1_eps0p08_lam0p25.json,mlp512x1,vogn,1,val,0.08,0.25,robust_eps0p08_lam0p25,0.08,clean_correct,expected_entropy,pgd_failure,,0.8624078624078624,0.8078703703703703,-0.05453749203749203,0.7754217400956531,0.4824352261658763,-0.2929865139297768,0.22916666666666666,0.25
/home/user/thesis/UncertaintyAndRobustnessInBNNs/runs/mlp512x1/vogn/seed1_eps0p08_lam0p25.json,mlp512x1,vogn,1,val,0.08,0.25,robust_eps0p08_lam0p25,0.08,clean_correct,expected_entropy,certified_below_threshold,0.5,,0.7946428571428571,,,0.6744414761902184,,1.0,0.43243243243243246
/home/user/thesis/UncertaintyAndRobustnessInBNNs/runs/mlp512x1/vogn/seed1_eps0p08_lam0p25.json,mlp512x1,vogn,1,val,0.08,0.25,robust_eps0p08_lam0p25,0.08,clean_correct,expected_entropy,certified_below_threshold,0.9,,0.823529411764706,,,0.7680459428569972,,1.0,0.53125
/home/user/thesis/UncertaintyAndRobustnessInBNNs/runs/mlp512x1/vogn/seed1_eps0p08_lam0p25.json,mlp512x1,vogn,1,val,0.08,0.25,robust_eps0p08_lam0p25,0.08,all,mutual_information,pgd_failure,,0.8440748440748441,0.9523809523809523,0.1083061083061082,0.7542392373840336,0.90312525010004,0.14888601271600632,0.26,0.28
/home/user/thesis/UncertaintyAndRobustnessInBNNs/runs/mlp512x1/vogn/seed1_eps0p08_lam0p25.json,mlp512x1,vogn,1,val,0.08,0.25,robust_eps0p08_lam0p25,0.08,all,mutual_information,certified_below_threshold,0.5,,0.9259259259259258,,,0.9166662976540934,,1.0,0.46153846153846156
/home/user/thesis/UncertaintyAndRobustnessInBNNs/runs/mlp512x1/vogn/seed1_eps0p08_lam0p25.json,mlp512x1,vogn,1,val,0.08,0.25,robust_eps0p08_lam0p25,0.08,all,mutual_information,certified_below_threshold,0.9,,0.9333333333333333,,,0.9472799293477148,,1.0,0.5588235294117647
/home/user/thesis/UncertaintyAndRobustnessInBNNs/runs/mlp512x1/vogn/seed1_eps0p08_lam0p25.json,mlp512x1,vogn,1,val,0.08,0.25,robust_eps0p08_lam0p25,0.08,clean_correct,mutual_information,pgd_failure,,0.8157248157248157,0.9699074074074073,0.15418259168259163,0.6567113849005344,0.9176679801679801,0.26095659526744575,0.22916666666666666,0.25
/home/user/thesis/UncertaintyAndRobustnessInBNNs/runs/mlp512x1/vogn/seed1_eps0p08_lam0p25.json,mlp512x1,vogn,1,val,0.08,0.25,robust_eps0p08_lam0p25,0.08,clean_correct,mutual_information,certified_below_threshold,0.5,,0.931547619047619,,,0.9148305534334946,,1.0,0.43243243243243246
/home/user/thesis/UncertaintyAndRobustnessInBNNs/runs/mlp512x1/vogn/seed1_eps0p08_lam0p25.json,mlp512x1,vogn,1,val,0.08,0.25,robust_eps0p08_lam0p25,0.08,clean_correct,mutual_information,certified_below_threshold,0.9,,0.9372549019607843,,,0.9461497018431093,,1.0,0.53125
/home/user/thesis/UncertaintyAndRobustnessInBNNs/runs/mlp512x1/vogn/seed1_eps0p08_lam0p25.json,mlp512x1,vogn,1,val,0.08,0.25,robust_eps0p08_lam0p25,0.08,all,one_minus_confidence,pgd_failure,,0.869022869022869,0.8194444444444444,-0.04957842457842454,0.8175454804787281,0.611762371823426,-0.20578310865530214,0.26,0.28
/home/user/thesis/UncertaintyAndRobustnessInBNNs/runs/mlp512x1/vogn/seed1_eps0p08_lam0p25.json,mlp512x1,vogn,1,val,0.08,0.25,robust_eps0p08_lam0p25,0.08,all,one_minus_confidence,certified_below_threshold,0.5,,0.8068783068783069,,,0.723829959442368,,1.0,0.46153846153846156
/home/user/thesis/UncertaintyAndRobustnessInBNNs/runs/mlp512x1/vogn/seed1_eps0p08_lam0p25.json,mlp512x1,vogn,1,val,0.08,0.25,robust_eps0p08_lam0p25,0.08,all,one_minus_confidence,certified_below_threshold,0.9,,0.831578947368421,,,0.8040821183867459,,1.0,0.5588235294117647
/home/user/thesis/UncertaintyAndRobustnessInBNNs/runs/mlp512x1/vogn/seed1_eps0p08_lam0p25.json,mlp512x1,vogn,1,val,0.08,0.25,robust_eps0p08_lam0p25,0.08,clean_correct,one_minus_confidence,pgd_failure,,0.8452088452088452,0.8148148148148148,-0.030394030394030436,0.7613595554772025,0.5544049231355732,-0.20695463234162925,0.22916666666666666,0.25
/home/user/thesis/UncertaintyAndRobustnessInBNNs/runs/mlp512x1/vogn/seed1_eps0p08_lam0p25.json,mlp512x1,vogn,1,val,0.08,0.25,robust_eps0p08_lam0p25,0.08,clean_correct,one_minus_confidence,certified_below_threshold,0.5,,0.7976190476190476,,,0.6779136984124406,,1.0,0.43243243243243246
/home/user/thesis/UncertaintyAndRobustnessInBNNs/runs/mlp512x1/vogn/seed1_eps0p08_lam0p25.json,mlp512x1,vogn,1,val,0.08,0.25,robust_eps0p08_lam0p25,0.08,clean_correct,one_minus_confidence,certified_below_threshold,0.9,,0.8235294117647058,,,0.7680459428569973,,1.0,0.53125
/home/user/thesis/UncertaintyAndRobustnessInBNNs/runs/mlp512x1/vogn/seed1_eps0p08_lam0p25.json,mlp512x1,vogn,1,val,0.08,0.25,robust_eps0p08_lam0p25,0.08,all,predictive_entropy,pgd_failure,,0.8752598752598753,0.8134920634920635,-0.061767811767811764,0.8255196700318652,0.567806327867382,-0.25771334216448316,0.26,0.28
/home/user/thesis/UncertaintyAndRobustnessInBNNs/runs/mlp512x1/vogn/seed1_eps0p08_lam0p25.json,mlp512x1,vogn,1,val,0.08,0.25,robust_eps0p08_lam0p25,0.08,all,predictive_entropy,certified_below_threshold,0.5,,0.8042328042328042,,,0.7207435396892816,,1.0,0.46153846153846156
/home/user/thesis/UncertaintyAndRobustnessInBNNs/runs/mlp512x1/vogn/seed1_eps0p08_lam0p25.json,mlp512x1,vogn,1,val,0.08,0.25,robust_eps0p08_lam0p25,0.08,all,predictive_entropy,certified_below_threshold,0.9,,0.8315789473684211,,,0.8040821183867459,,1.0,0.5588235294117647
/home/user/thesis/UncertaintyAndRobustnessInBNNs/runs/mlp512x1/vogn/seed1_eps0p08_lam0p25.json,mlp512x1,vogn,1,val,0.08,0.25,robust_eps0p08_lam0p25,0.08,clean_correct,predictive_entropy,pgd_failure,,0.8525798525798526,0.8078703703703703,-0.04470948220948223,0.7727813852813852,0.4824352261658763,-0.2903461591155089,0.22916666666666666,0.25
/home/user/thesis/UncertaintyAndRobustnessInBNNs/runs/mlp512x1/vogn/seed1_eps0p08_lam0p25.json,mlp512x1,vogn,1,val,0.08,0.25,robust_eps0p08_lam0p25,0.08,clean_correct,predictive_entropy,certified_below_threshold,0.5,,0.7946428571428571,,,0.6744414761902184,,1.0,0.43243243243243246
/home/user/thesis/UncertaintyAndRobustnessInBNNs/runs/mlp512x1/vogn/seed1_eps0p08_lam0p25.json,mlp512x1,vogn,1,val,0.08,0.25,robust_eps0p08_lam0p25,0.08,clean_correct,predictive_entropy,certified_below_threshold,0.9,,0.823529411764706,,,0.7680459428569972,,1.0,0.53125
/home/user/thesis/UncertaintyAndRobustnessInBNNs/runs/mlp512x1/vogn/seed1_eps0p08_lam0p25.json,mlp512x1,vogn,1,val,0.08,0.25,robust_eps0p08_lam0p25,0.1,all,expected_entropy,pgd_failure,,0.8621794871794871,0.7777777777777778,-0.08440170940170932,0.8644957392567671,0.5888604933116114,-0.27563524594515576,0.48,0.36
/home/user/thesis/UncertaintyAndRobustnessInBNNs/runs/mlp512x1/vogn/seed1_eps0p08_lam0p25.json,mlp512x1,vogn,1,val,0.08,0.25,robust_eps0p08_lam0p25,0.1,all,expected_entropy,certified_below_threshold,0.5,,0.8412698412698413,,,0.9196654585033621,,1.0,0.7777777777777778
/home/user/thesis/UncertaintyAndRobustnessInBNNs/runs/mlp512x1/vogn/seed1_eps0p08_lam0p25.json,mlp512x1,vogn,1,val,0.08,0.25,robust_eps0p08_lam0p25,0.1,all,expected_entropy,certified_below_threshold,0.9,,0.9791666666666667,,,0.9983333333333333,,1.0,0.9230769230769231
/home/user/thesis/UncertaintyAndRobustnessInBNNs/runs/mlp512x1/vogn/seed1_eps0p08_lam0p25.json,mlp512x1,vogn,1,val,0.08,0.25,robust_eps0p08_lam0p25,0.1,clean_correct,expected_entropy,pgd_failure,,0.8496503496503497,0.767578125,-0.08207222465034969,0.8378661524654537,0.516793443341431,-0.32107270912402275,0.4583333333333333,0.3333333333333333
/home/user/thesis/UncertaintyAndRobustnessInBNNs/runs/mlp512x1/vogn/seed1_eps0p08_lam0p25.json,mlp512x1,vogn,1,val,0.08,0.25,robust_eps0p08_lam0p25,0.1,clean_correct,expected_entropy,certified_below_threshold,0.5,,0.8333333333333334,,,0.902591054727685,,1.0,0.76
/home/user/thesis/UncertaintyAndRobustnessInBNNs/runs/mlp512x1/vogn/seed1_eps0p08_lam0p25.json,mlp512x1,vogn,1,val,0.08,0.25,robust_eps0p08_lam0p25,0.1,clean_correct,expected_entropy,certified_below_threshold,0.9,,0.9772727272727273,,,0.9980237154150198,,1.0,0.9166666666666666
/home/user/thesis/UncertaintyAndRobustnessInBNNs/runs/mlp512x1/vogn/seed1_eps0p08_lam0p25.json,mlp512x1,vogn,1,val,0.08,0.25,robust_eps0p08_lam0p25,0.1,all,mutual_information,pgd_failure,,0.796474358974359,0.9097222222222222,0.11324786324786318,0.7816090141739452,0.8580873157343746,0.07647830156042934,0.48,0.36
/home/user/thesis/UncertaintyAndRobustnessInBNNs/runs/mlp512x1/vogn/seed1_eps0p08_lam0p25.json,mlp512x1,vogn,1,val,0.08,0.25,robust_eps0p08_lam0p25,0.1,all,mutual_information,certified_below_threshold,0.5,,0.9285714285714286,,,0.9771070047647843,,1.0,0.7777777777777778
/home/user/thesis/UncertaintyAndRobustnessInBNNs/runs/mlp512x1/vogn/seed1_eps0p08_lam0p25.json,mlp512x1,vogn,1,val,0.08,0.25,robust_eps0p08_lam0p25,0.1,all,mutual_information,certified_below_threshold,0.9,,1.0,,,1.0,,1.0,0.9230769230769231
/home/user/thesis/UncertaintyAndRobustnessInBNNs/runs/mlp512x1/vogn/seed1_eps0p08_lam0p25.json,mlp512x1,vogn,1,val,0.08,0.25,robust_eps0p08_lam0p25,0.1,clean_correct,mutual_information,pgd_failure,,0.777972027972028,0.9140625,0.13609047202797198,0.7262645329947649,0.8513035213578692,0.12503898836310434,0.4583333333333333,0.3333333333333333
/home/user/thesis/UncertaintyAndRobustnessInBNNs/runs/mlp512x1/vogn/seed1_eps0p08_lam0p25.json,mlp512x1,vogn,1,val,0.08,0.25,robust_eps0p08_lam0p25,0.1,clean_correct,mutual_information,certified_below_threshold,0.5,,0.9298245614035088,,,0.9756397896185252,,1.0,0.76
/home/user/thesis/UncertaintyAndRobustnessInBNNs/runs/mlp512x1/vogn/seed1_eps0p08_lam0p25.json,mlp512x1,vogn,1,val,0.08,0.25,robust_eps0p08_lam0p25,0.1,clean_correct,mutual_information,certified_below_threshold,0.9,,1.0,,,1.0,,1.0,0.9166666666666666
/home/user/thesis/UncertaintyAndRobustnessInBNNs/runs/mlp512x1/vogn/seed1_eps0p08_lam0p25.json,mlp512x1,vogn,1,val,0.08,0.25,robust_eps0p08_lam0p25,0.1,all,one_minus_confidence,pgd_failure,,0.8365384615384615,0.7847222222222223,-0.05181623931623913,0.8407279246399008,0.6242977926377996,-0.21643013200210115,0.48,0.36
/home/user/thesis/UncertaintyAndRobustnessInBNNs/runs/mlp512x1/vogn/seed1_eps0p08_lam0p25.json,mlp512x1,vogn,1,val,0.08,0.25,robust_eps0p08_lam0p25,0.1,all,one_minus_confidence,certified_below_threshold,0.5,,0.8412698412698413,,,0.9196654585033621,,1.0,0.7777777777777778
/home/user/thesis/UncertaintyAndRobustnessInBNNs/runs/mlp512x1/vogn/seed1_eps0p08_lam0p25.json,mlp512x1,vogn,1,val,0.08,0.25,robust_eps0p08_lam0p25,0.1,all,one_minus_confidence,certified_below_threshold,0.9,,0.9791666666666667,,,0.9983333333333333,,1.0,0.9230769230769231
/home/user/thesis/UncertaintyAndRobustnessInBNNs/runs/mlp512x1/vogn/seed1_eps0p08_lam0p25.json,mlp512x1,vogn,1,val,0.08,0.25,robust_eps0p08_lam0p25,0.1,clean_correct,one_minus_confidence,pgd_failure,,0.8216783216783217,0.775390625,-0.046287696678321666,0.8085514155675967,0.5722130237610114,-0.23633839180658534,0.4583333333333333,0.3333333333333333
/home/user/thesis/UncertaintyAndRobustnessInBNNs/runs/mlp512x1/vogn/seed1_eps0p08_lam0p25.json,mlp512x1,vogn,1,val,0.08,0.25,robust_eps0p08_lam0p25,0.1,clean_correct,one_minus_confidence,certified_below_threshold,0.5,,0.8333333333333335,,,0.902591054727685,,1.0,0.76
/home/user/thesis/UncertaintyAndRobustnessInBNNs/runs/mlp512x1/vogn/seed1_eps0p08_lam0p25.json,mlp512x1,vogn,1,val,0.08,0.25,robust_eps0p08_lam0p25,0.1,clean_correct,one_minus_confidence,certified_below_threshold,0.9,,0.9772727272727273,,,0.9980237154150198,,1.0,0.9166666666666666
/home/user/thesis/UncertaintyAndRobustnessInBNNs/runs/mlp512x1/vogn/seed1_eps0p08_lam0p25.json,mlp512x1,vogn,1,val,0.08,0.25,robust_eps0p08_lam0p25,0.1,all,predictive_entropy,pgd_failure,,0.8477564102564102,0.7795138888888888,-0.0682425213675214,0.8512822065554043,0.5901097584497654,-0.2611724481056389,0.48,0.36
/home/user/thesis/UncertaintyAndRobustnessInBNNs/runs/mlp512x1/vogn/seed1_eps0p08_lam0p25.json,mlp512x1,vogn,1,val,0.08,0.25,robust_eps0p08_lam0p25,0.1,all,predictive_entropy,certified_below_threshold,0.5,,0.8412698412698413,,,0.9196654585033621,,1.0,0.7777777777777778
/home/user/thesis/UncertaintyAndRobustnessInBNNs/runs/mlp512x1/vogn/seed1_eps0p08_lam0p25.json,mlp512x1,vogn,1,val,0.08,0.25,robust_eps0p08_lam0p25,0.1,all,predictive_entropy,certified_below_threshold,0.9,,0.9791666666666667,,,0.9983333333333333,,1.0,0.9230769230769231
/home/user/thesis/UncertaintyAndRobustnessInBNNs/runs/mlp512x1/vogn/seed1_eps0p08_lam0p25.json,mlp512x1,vogn,1,val,0.08,0.25,robust_eps0p08_lam0p25,0.1,clean_correct,predictive_entropy,pgd_failure,,0.833916083916084,0.76953125,-0.06438483391608396,0.8221864373000736,0.5182357510337386,-0.3039506862663349,0.4583333333333333,0.3333333333333333
/home/user/thesis/UncertaintyAndRobustnessInBNNs/runs/mlp512x1/vogn/seed1_eps0p08_lam0p25.json,mlp512x1,vogn,1,val,0.08,0.25,robust_eps0p08_lam0p25,0.1,clean_correct,predictive_entropy,certified_below_threshold,0.5,,0.8333333333333334,,,0.902591054727685,,1.0,0.76
/home/user/thesis/UncertaintyAndRobustnessInBNNs/runs/mlp512x1/vogn/seed1_eps0p08_lam0p25.json,mlp512x1,vogn,1,val,0.08,0.25,robust_eps0p08_lam0p25,0.1,clean_correct,predictive_entropy,certified_below_threshold,0.9,,0.9772727272727273,,,0.9980237154150198,,1.0,0.9166666666666666
/home/user/thesis/UncertaintyAndRobustnessInBNNs/runs/mlp512x1/vogn/seed2_eps0p08_lam0p25.json,mlp512x1,vogn,2,val,0.08,0.25,robust_eps0p08_lam0p25,0.01,all,expected_entropy,pgd_failure,,1.0,0.8229166666666666,-0.17708333333333337,1.0,0.5526315789473684,-0.44736842105263164,0.04,0.04
/home/user/thesis/UncertaintyAndRobustnessInBNNs/runs/mlp512x1/vogn/seed2_eps0p08_lam0p25.json,mlp512x1,vogn,2,val,0.08,0.25,robust_eps0p08_lam0p25,0.01,all,expected_entropy,certified_below_threshold,0.5,1.0,0.8297872340425532,-0.17021276595744683,1.0,0.5555555555555556,-0.4444444444444444,0.043478260869565216,0.04081632653061224
/home/user/thesis/UncertaintyAndRobustnessInBNNs/runs/mlp512x1/vogn/seed2_eps0p08_lam0p25.json,mlp512x1,vogn,2,val,0.08,0.25,robust_eps0p08_lam0p25,0.01,all,expected_entropy,certified_below_threshold,0.9,1.0,0.8840579710144928,-0.1159420289855072,1.0,0.6111111111111112,-0.38888888888888884,0.21428571428571427,0.061224489795918366
/home/user/thesis/UncertaintyAndRobustnessInBNNs/runs/mlp512x1/vogn/seed2_eps0p08_lam0p25.json,mlp512x1,vogn,2,val,0.08,0.25,robust_eps0p08_lam0p25,0.01,clean_correct,expected_entropy,pgd_failure,,,,,,,,0.0,0.0
/home/user/thesis/UncertaintyAndRobustnessInBNNs/runs/mlp512x1/vogn/seed2_eps0p08_lam0p25.json,mlp512x1,vogn,2,val,0.08,0.25,robust_eps0p08_lam0p25,0.01,clean_correct,expected_entropy,certified_below_threshold,0.5,,,,,,,0.0,0.0
/home/user/thesis/UncertaintyAndRobustnessInBNNs/runs/mlp512x1/vogn/seed2_eps0p08_lam0p25.json,mlp512x1,vogn,2,val,0.08,0.25,robust_eps0p08_lam0p25,0.01,clean_correct,expected_entropy,certified_below_threshold,0.9,1.0,0.9782608695652174,-0.021739130434782594,1.0,0.5,-0.5,0.15384615384615385,0.02127659574468085
/home/user/thesis/UncertaintyAndRobustnessInBNNs/runs/mlp512x1/vogn/seed2_eps0p08_lam0p25.json,mlp512x1,vogn,2,val,0.08,0.25,robust_eps0p08_lam0p25,0.01,all,mutual_information,pgd_failure,,0.96875,0.8125,-0.15625,0.7,0.55,-0.1499999999999999,0.04,0.04
/home/user/thesis/UncertaintyAndRobustnessInBNNs/runs/mlp512x1/vogn/seed2_eps0p08_lam0p25.json,mlp512x1,vogn,2,val,0.08,0.25,robust_eps0p08_lam0p25,0.01,all,mutual_information,certified_below_threshold,0.5,0.9886363636363636,0.8191489361702128,-0.16948742746615086,0.8333333333333333,0.5526315789473684,-0.2807017543859649,0.043478260869565216,0.04081632653061224
/home/user/thesis/UncertaintyAndRobustnessInBNNs/runs/mlp512x1/vogn/seed2_eps0p08_lam0p25.json,mlp512x1,vogn,2,val,0.08,0.25,robust_eps0p08_lam0p25,0.01,all,mutual_information,certified_below_threshold,0.9,1.0,0.8840579710144927,-0.11594202898550732,1.0,0.7192982456140351,-0.2807017543859649,0.21428571428571427,0.061224489795918366
/home/user/thesis/UncertaintyAndRobustnessInBNNs/runs/mlp512x1/vogn/seed2_eps0p08_lam0p25.json,mlp512x1,vogn,2,val,0.08,0.25,robust_eps0p08_lam0p25,0.01,clean_correct,mutual_information,pgd_failure,,,,,,,,0.0,0.0
/home/user/thesis/UncertaintyAndRobustnessInBNNs/runs/mlp512x1/vogn/seed2_eps0p08_lam0p25.json,mlp512x1,vogn,2,val,0.08,0.25,robust_eps0p08_lam0p25,0.01,clean_correct,mutual_information,certified_below_threshold,0.5,,,,,,,0.0,0.0
/home/user/thesis/UncertaintyAndRobustnessInBNNs/runs/mlp512x1/vogn/seed2_eps0p08_lam0p25.json,mlp512x1,vogn,2,val,0.08,0.25,robust_eps0p08_lam0p25,0.01,clean_correct,mutual_information,certified_below_threshold,0.9,1.0,1.0,0.0,1.0,1.0,0.0,0.15384615384615385,0.02127659574468085
/home/user/thesis/UncertaintyAndRobustnessInBNNs/runs/mlp512x1/vogn/seed2_eps0p08_lam0p25.json,mlp512x1,vogn,2,val,0.08,0.25,robust_eps0p08_lam0p25,0.01,all,one_minus_confidence,pgd_failure,,0.9895833333333333,0.8020833333333334,-0.1874999999999999,0.8333333333333333,0.5476190476190477,-0.2857142857142856,0.04,0.04
/home/user/thesis/UncertaintyAndRobustnessInBNNs/runs/mlp512x1/vogn/seed2_eps0p08_lam0p25.json,mlp512x1,vogn,2,val,0.08,0.25,robust_eps0p08_lam0p25,0.01,all,one_minus_confidence,certified_below_threshold,0.5,1.0,0.8085106382978724,-0.1914893617021276,1.0,0.55,-0.44999999999999996,0.043478260869565216,0.04081632653061224
/home/user/thesis/UncertaintyAndRobustnessInBNNs/runs/mlp512x1/vogn/seed2_eps0p08_lam0p25.json,mlp512x1,vogn,2,val,0.08,0.25,robust_eps0p08_lam0p25,0.01,all,one_minus_confidence,certified_below_threshold,0.9,1.0,0.8768115942028986,-0.12318840579710144,1.0,0.7166666666666666,-0.28333333333333344,0.21428571428571427,0.061224489795918366
/home/user/thesis/UncertaintyAndRobustnessInBNNs/runs/mlp512x1/vogn/seed2_eps0p08_lam0p25.json,mlp512x1,vogn,2,val,0.08,0.25,robust_eps0p08_lam0p25,0.01,clean_correct,one_minus_confidence,pgd_failure,,,,,,,,0.0,0.0
/home/user/thesis/UncertaintyAndRobustnessInBNNs/runs/mlp512x1/vogn/seed2_eps0p08_lam0p25.json,mlp512x1,vogn,2,val,0.08,0.25,robust_eps0p08_lam0p25,0.01,clean_correct,one_minus_confidence,certified_below_threshold,0.5,,,,,,,0.0,0.0
/home/user/thesis/UncertaintyAndRobustnessInBNNs/runs/mlp512x1/vogn/seed2_eps0p08_lam0p25.json,mlp512x1,vogn,2,val,0.08,0.25,robust_eps0p08_lam0p25,0.01,clean_correct,one_minus_confidence,certified_below_threshold,0.9,1.0,1.0,0.0,1.0,1.0,0.0,0.15384615384615385,0.02127659574468085
/home/user/thesis/UncertaintyAndRobustnessInBNNs/runs/mlp512x1/vogn/seed2_eps0p08_lam0p25.json,mlp512x1,vogn,2,val,0.08,0.25,robust_eps0p08_lam0p25,0.01,all,predictive_entropy,pgd_failure,,0.9895833333333333,0.8125,-0.17708333333333326,0.8333333333333333,0.55,-0.2833333333333332,0.04,0.04
/home/user/thesis/UncertaintyAndRobustnessInBNNs/runs/mlp512x1/vogn/seed2_eps0p08_lam0p25.json,mlp512x1,vogn,2,val,0.08,0.25,robust_eps0p08_lam0p25,0.01,all,predictive_entropy,certified_below_threshold,0.5,1.0,0.8191489361702128,-0.18085106382978722,1.0,0.5526315789473684,-0.44736842105263164,0.043478260869565216,0.04081632653061224
/home/user/thesis/UncertaintyAndRobustnessInBNNs/runs/mlp512x1/vogn/seed2_eps0p08_lam0p25.json,mlp512x1,vogn,2,val,0.08,0.25,robust_eps0p08_lam0p25,0.01,all,predictive_entropy,certified_below_threshold,0.9,1.0,0.8840579710144927,-0.11594202898550732,1.0,0.7192982456140351,-0.2807017543859649,0.21428571428571427,0.061224489795918366
/home/user/thesis/UncertaintyAndRobustnessInBNNs/runs/mlp512x1/vogn/seed2_eps0p08_lam0p25.json,mlp512x1,vogn,2,val,0.08,0.25,robust_eps0p08_lam0p25,0.01,clean_correct,predictive_entropy,pgd_failure,,,,,,,,0.0,0.0
/home/user/thesis/UncertaintyAndRobustnessInBNNs/runs/mlp512x1/vogn/seed2_eps0p08_lam0p25.json,mlp512x1,vogn,2,val,0.08,0.25,robust_eps0p08_lam0p25,0.01,clean_correct,predictive_entropy,certified_below_threshold,0.5,,,,,,,0.0,0.0
/home/user/thesis/UncertaintyAndRobustnessInBNNs/runs/mlp512x1/vogn/seed2_eps0p08_lam0p25.json,mlp512x1,vogn,2,val,0.08,0.25,robust_eps0p08_lam0p25,0.01,clean_correct,predictive_entropy,certified_below_threshold,0.9,1.0,1.0,0.0,1.0,1.0,0.0,0.15384615384615385,0.02127659574468085
/home/user/thesis/UncertaintyAndRobustnessInBNNs/runs/mlp512x1/vogn/seed2_eps0p08_lam0p25.json,mlp512x1,vogn,2,val,0.08,0.25,robust_eps0p08_lam0p25,0.05,all,expected_entropy,pgd_failure,,0.9886363636363636,0.813953488372093,-0.17468287526427062,0.915079365079365,0.45735767991407084,-0.4577216851652942,0.12,0.14
/home/user/thesis/UncertaintyAndRobustnessInBNNs/runs/mlp512x1/vogn/seed2_eps0p08_lam0p25.json,mlp512x1,vogn,2,val,0.08,0.25,robust_eps0p08_lam0p25,0.05,all,expected_entropy,certified_below_threshold,0.5,,0.8272727272727273,,,0.5392576785959139,,1.0,0.23255813953488372
/home/user/thesis/UncertaintyAndRobustnessInBNNs/runs/mlp512x1/vogn/seed2_eps0p08_lam0p25.json,mlp512x1,vogn,2,val,0.08,0.25,robust_eps0p08_lam0p25,0.05,all,expected_entropy,certified_below_threshold,0.9,,0.8266666666666667,,,0.6337474773771717,,1.0,0.3333333333333333
/home/user/thesis/UncertaintyAndRobustnessInBNNs/runs/mlp512x1/vogn/seed2_eps0p08_lam0p25.json,mlp512x1,vogn,2,val,0.08,0.25,robust_eps0p08_lam0p25,0.05,clean_correct,expected_entropy,pgd_failure,,0.9829545454545455,0.8,-0.18295454545454548,0.8041666666666667,0.29521589521589525,-0.5089507714507715,0.08333333333333333,0.10416666666666667
/home/user/thesis/UncertaintyAndRobustnessInBNNs/runs/mlp512x1/vogn/seed2_eps0p08_lam0p25.json,mlp512x1,vogn,2,val,0.08,0.25,robust_eps0p08_lam0p25,0.05,clean_correct,expected_entropy,certified_below_threshold,0.5,,0.8106060606060606,,,0.4121746309246309,,1.0,0.1951219512195122
/home/user/thesis/UncertaintyAndRobustnessInBNNs/runs/mlp512x1/vogn/seed2_eps0p08_lam0p25.json,mlp512x1,vogn,2,val,0.08,0.25,robust_eps0p08_lam0p25,0.05,clean_correct,expected_entropy,certified_below_threshold,0.9,,0.8153846153846154,,,0.5631118682857192,,1.0,0.3023255813953488
/home/user/thesis/UncertaintyAndRobustnessInBNNs/runs/mlp512x1/vogn/seed2_eps0p08_lam0p25.json,mlp512x1,vogn,2,val,0.08,0.25,robust_eps0p08_lam0p25,0.05,all,mutual_information,pgd_failure,,0.9734848484848484,0.9235880398671097,-0.04989680861773871,0.8305555555555555,0.7846938775510204,-0.04586167800453511,0.12,0.14
/home/user/thesis/UncertaintyAndRobustnessInBNNs/runs/mlp512x1/vogn/seed2_eps0p08_lam0p25.json,mlp512x1,vogn,2,val,0.08,0.25,robust_eps0p08_lam0p25,0.05,all,mutual_information,certified_below_threshold,0.5,,0.9363636363636363,,,0.823560606060606,,1.0,0.23255813953488372
/home/user/thesis/UncertaintyAndRobustnessInBNNs/runs/mlp512x1/vogn/seed2_eps0p08_lam0p25.json,mlp512x1,vogn,2,val,0.08,0.25,robust_eps0p08_lam0p25,0.05,all,mutual_information,certified_below_threshold,0.9,,0.9422222222222223,,,0.8861367190314559,,1.0,0.3333333333333333
/home/user/thesis/UncertaintyAndRobustnessInBNNs/runs/mlp512x1/vogn/seed2_eps0p08_lam0p25.json,mlp512x1,vogn,2,val,0.08,0.25,robust_eps0p08_lam0p25,0.05,clean_correct,mutual_information,pgd_failure,,0.9659090909090908,0.9534883720930233,-0.012420718816067544,0.7291666666666666,0.8102564102564103,0.08108974358974363,0.08333333333333333,0.10416666666666667
/home/user/thesis/UncertaintyAndRobustnessInBNNs/runs/mlp512x1/vogn/seed2_eps0p08_lam0p25.json,mlp512x1,vogn,2,val,0.08,0.25,robust_eps0p08_lam0p25,0.05,clean_correct,mutual_information,certified_below_threshold,0.5,,0.9431818181818181,,,0.8065476190476191,,1.0,0.1951219512195122
/home/user/thesis/UncertaintyAndRobustnessInBNNs/runs/mlp512x1/vogn/seed2_eps0p08_lam0p25.json,mlp512x1,vogn,2,val,0.08,0.25,robust_eps0p08_lam0p25,0.05,clean_correct,mutual_information,certified_below_threshold,0.9,,0.9461538461538462,,,0.878454210312986,,1.0,0.3023255813953488
/home/user/thesis/UncertaintyAndRobustnessInBNNs/runs/mlp512x1/vogn/seed2_eps0p08_lam0p25.json,mlp512x1,vogn,2,val,0.08,0.25,robust_eps0p08_lam0p25,0.05,all,one_minus_confidence,pgd_failure,,0.9848484848484849,0.8172757475083057,-0.1675727373401792,0.8972222222222221,0.5057354925775979,-0.3914867296446243,0.12,0.14
/home/user/thesis/UncertaintyAndRobustnessInBNNs/runs/mlp512x1/vogn/seed2_eps0p08_lam0p25.json,mlp512x1,vogn,2,val,0.08,0.25,robust_eps0p08_lam0p25,0.05,all,one_minus_confidence,certified_below_threshold,0.5,,0.8242424242424243,,,0.5660142145436263,,1.0,0.23255813953488372
/home/user/thesis/UncertaintyAndRobustnessInBNNs/runs/mlp512x1/vogn/seed2_eps0p08_lam0p25.json,mlp512x1,vogn,2,val,0.08,0.25,robust_eps0p08_lam0p25,0.05,all,one_minus_confidence,certified_below_threshold,0.9,,0.8333333333333333,,,0.6526363662660606,,1.0,0.3333333333333333
/home/user/thesis/UncertaintyAndRobustnessInBNNs/runs/mlp512x1/vogn/seed2_eps0p08_lam0p25.json,mlp512x1,vogn,2,val,0.08,0.25,robust_eps0p08_lam0p25,0.05,clean_correct,one_minus_confidence,pgd_failure,,0.9772727272727273,0.8093023255813954,-0.16797040169133193,0.7708333333333333,0.3990620490620491,-0.37177128427128414,0.08333333333333333,0.10416666666666667
/home/user/thesis/UncertaintyAndRobustnessInBNNs/runs/mlp512x1/vogn/seed2_eps0p08_lam0p25.json,mlp512x1,vogn,2,val,0.08,0.25,robust_eps0p08_lam0p25,0.05,clean_correct,one_minus_confidence,certified_below_threshold,0.5,,0.8106060606060606,,,0.47050796425796426,,1.0,0.1951219512195122
/home/user/thesis/UncertaintyAndRobustnessInBNNs/runs/mlp512x1/vogn/seed2_eps0p08_lam0p25.json,mlp512x1,vogn,2,val,0.08,0.25,robust_eps0p08_lam0p25,0.05,clean_correct,one_minus_confidence,certified_below_threshold,0.9,,0.823076923076923,,,0.586323744129174,,1.0,0.3023255813953488
/home/user/thesis/UncertaintyAndRobustnessInBNNs/runs/mlp512x1/vogn/seed2_eps0p08_lam0p25.json,mlp512x1,vogn,2,val,0.08,0.25,robust_eps0p08_lam0p25,0.05,all,predictive_entropy,pgd_failure,,0.9772727272727273,0.8205980066445183,-0.15667472062820897,0.8551587301587301,0.5081164449585502,-0.3470422852001799,0.12,0.14
/home/user/thesis/UncertaintyAndRobustnessInBNNs/runs/mlp512x1/vogn/seed2_eps0p08_lam0p25.json,mlp512x1,vogn,2,val,0.08,0.25,robust_eps0p08_lam0p25,0.05,all,predictive_entropy,certified_below_threshold,0.5,,0.8303030303030303,,,0.5725910119292472,,1.0,0.23255813953488372
/home/user/thesis/UncertaintyAndRobustnessInBNNs/runs/mlp512x1/vogn/seed2_eps0p08_lam0p25.json,mlp512x1,vogn,2,val,0.08,0.25,robust_eps0p08_lam0p25,0.05,all,predictive_entropy,certified_below_threshold,0.9,,0.8311111111111111,,,0.6426363662660607,,1.0,0.3333333333333333
/home/user/thesis/UncertaintyAndRobustnessInBNNs/runs/mlp512x1/vogn/seed2_eps0p08_lam0p25.json,mlp512x1,vogn,2,val,0.08,0.25,robust_eps0p08_lam0p25,0.05,clean_correct,predictive_entropy,pgd_failure,,0.9659090909090909,0.8093023255813954,-0.15660676532769557,0.6916666666666667,0.39906204906204906,-0.2926046176046176,0.08333333333333333,0.10416666666666667
/home/user/thesis/UncertaintyAndRobustnessInBNNs/runs/mlp512x1/vogn/seed2_eps0p08_lam0p25.json,mlp512x1,vogn,2,val,0.08,0.25,robust_eps0p08_lam0p25,0.05,clean_correct,predictive_entropy,certified_below_threshold,0.5,,0.8143939393939393,,,0.4746746309246309,,1.0,0.1951219512195122
/home/user/thesis/UncertaintyAndRobustnessInBNNs/runs/mlp512x1/vogn/seed2_eps0p08_lam0p25.json,mlp512x1,vogn,2,val,0.08,0.25,robust_eps0p08_lam0p25,0.05,clean_correct,predictive_entropy,certified_below_threshold,0.9,,0.8205128205128206,,,0.5735032313086612,,1.0,0.3023255813953488
/home/user/thesis/UncertaintyAndRobustnessInBNNs/runs/mlp512x1/vogn/seed2_eps0p08_lam0p25.json,mlp512x1,vogn,2,val,0.08,0.25,robust_eps0p08_lam0p25,0.07,all,expected_entropy,pgd_failure,,0.9910714285714286,0.8201754385964912,-0.17089598997493738,0.9659090909090909,0.5272297920517736,-0.4386792988573174,0.16,0.24
/home/user/thesis/UncertaintyAndRobustnessInBNNs/runs/mlp512x1/vogn/seed2_eps0p08_lam0p25.json,mlp512x1,vogn,2,val,0.08,0.25,robust_eps0p08_lam0p25,0.07,all,expected_entropy,certified_below_threshold,0.5,,0.83,,,0.682991259740002,,1.0,0.3902439024390244
/home/user/thesis/UncertaintyAndRobustnessInBNNs/runs/mlp512x1/vogn/seed2_eps0p08_lam0p25.json,mlp512x1,vogn,2,val,0.08,0.25,robust_eps0p08_lam0p25,0.07,all,expected_entropy,certified_below_threshold,0.9,,0.794486215538847,,,0.7004997276588516,,1.0,0.475
/home/user/thesis/UncertaintyAndRobustnessInBNNs/runs/mlp512x1/vogn/seed2_eps0p08_lam0p25.json,mlp512x1,vogn,2,val,0.08,0.25,robust_eps0p08_lam0p25,0.07,clean_correct,expected_entropy,pgd_failure,,0.9880952380952381,0.8078947368421053,-0.1802005012531328,0.9444444444444444,0.41869847773485547,-0.525745966709589,0.125,0.20833333333333334
/home/user/thesis/UncertaintyAndRobustnessInBNNs/runs/mlp512x1/vogn/seed2_eps0p08_lam0p25.json,mlp512x1,vogn,2,val,0.08,0.25,robust_eps0p08_lam0p25,0.07,clean_correct,expected_entropy,certified_below_threshold,0.5,,0.8200000000000001,,,0.6206246659502962,,1.0,0.358974358974359
/home/user/thesis/UncertaintyAndRobustnessInBNNs/runs/mlp512x1/vogn/seed2_eps0p08_lam0p25.json,mlp512x1,vogn,2,val,0.08,0.25,robust_eps0p08_lam0p25,0.07,clean_correct,expected_entropy,certified_below_threshold,0.9,,0.7843137254901961,,,0.6476599684234906,,1.0,0.4473684210526316
/home/user/thesis/UncertaintyAndRobustnessInBNNs/runs/mlp512x1/vogn/seed2_eps0p08_lam0p25.json,mlp512x1,vogn,2,val,0.08,0.25,robust_eps0p08_lam0p25,0.07,all,mutual_information,pgd_failure,,0.9702380952380952,0.9232456140350878,-0.046992481203007475,0.8334686147186147,0.8110449735449736,-0.02242364117364104,0.16,0.24
/home/user/thesis/UncertaintyAndRobustnessInBNNs/runs/mlp512x1/vogn/seed2_eps0p08_lam0p25.json,mlp512x1,vogn,2,val,0.08,0.25,robust_eps0p08_lam0p25,0.07,all,mutual_information,certified_below_threshold,0.5,,0.9400000000000001,,,0.9041944881099293,,1.0,0.3902439024390244
/home/user/thesis/UncertaintyAndRobustnessInBNNs/runs/mlp512x1/vogn/seed2_eps0p08_lam0p25.json,mlp512x1,vogn,2,val,0.08,0.25,robust_eps0p08_lam0p25,0.07,all,mutual_information,certified_below_threshold,0.9,,0.9022556390977443,,,0.8849533918318412,,1.0,0.475
/home/user/thesis/UncertaintyAndRobustnessInBNNs/runs/mlp512x1/vogn/seed2_eps0p08_lam0p25.json,mlp512x1,vogn,2,val,0.08,0.25,robust_eps0p08_lam0p25,0.07,clean_correct,mutual_information,pgd_failure,,0.9642857142857143,0.9315789473684211,-0.03270676691729324,0.7513888888888889,0.8004254517412411,0.04903656285235225,0.125,0.20833333333333334
/home/user/thesis/UncertaintyAndRobustnessInBNNs/runs/mlp512x1/vogn/seed2_eps0p08_lam0p25.json,mlp512x1,vogn,2,val,0.08,0.25,robust_eps0p08_lam0p25,0.07,clean_correct,mutual_information,certified_below_threshold,0.5,,0.9428571428571428,,,0.8968466892339071,,1.0,0.358974358974359
/home/user/thesis/UncertaintyAndRobustnessInBNNs/runs/mlp512x1/vogn/seed2_eps0p08_lam0p25.json,mlp512x1,vogn,2,val,0.08,0.25,robust_eps0p08_lam0p25,0.07,clean_correct,mutual_information,certified_below_threshold,0.9,,0.9019607843137254,,,0.872969746112161,,1.0,0.4473684210526316
/home/user/thesis/UncertaintyAndRobustnessInBNNs/runs/mlp512x1/vogn/seed2_eps0p08_lam0p25.json,mlp512x1,vogn,2,val,0.08,0.25,robust_eps0p08_lam0p25,0.07,all,one_minus_confidence,pgd_failure,,0.9880952380952381,0.8223684210526316,-0.1657268170426065,0.9502840909090909,0.5649462422682237,-0.3853378486408673,0.16,0.24
/home/user/thesis/UncertaintyAndRobustnessInBNNs/runs/mlp512x1/vogn/seed2_eps0p08_lam0p25.json,mlp512x1,vogn,2,val,0.08,0.25,robust_eps0p08_lam0p25,0.07,all,one_minus_confidence,certified_below_threshold,0.5,,0.8325,,,0.692366259740002,,1.0,0.3902439024390244
/home/user/thesis/UncertaintyAndRobustnessInBNNs/runs/mlp512x1/vogn/seed2_eps0p08_lam0p25.json,mlp512x1,vogn,2,val,0.08,0.25,robust_eps0p08_lam0p25,0.07,all,one_minus_confidence,certified_below_threshold,0.9,,0.7969924812030075,,,0.7083944645009568,,1.0,0.475
/home/user/thesis/UncertaintyAndRobustnessInBNNs/runs/mlp512x1/vogn/seed2_eps0p08_lam0p25.json,mlp512x1,vogn,2,val,0.08,0.25,robust_eps0p08_lam0p25,0.07,clean_correct,one_minus_confidence,pgd_failure,,0.9841269841269842,0.8131578947368421,-0.1709690893901421,0.9166666666666666,0.4827335654541537,-0.43393310121251294,0.125,0.20833333333333334
/home/user/thesis/UncertaintyAndRobustnessInBNNs/runs/mlp512x1/vogn/seed2_eps0p08_lam0p25.json,mlp512x1,vogn,2,val,0.08,0.25,robust_eps0p08_lam0p25,0.07,clean_correct,one_minus_confidence,certified_below_threshold,0.5,,0.8228571428571428,,,0.6325294278550582,,1.0,0.358974358974359
/home/user/thesis/UncertaintyAndRobustnessInBNNs/runs/mlp512x1/vogn/seed2_eps0p08_lam0p25.json,mlp512x1,vogn,2,val,0.08,0.25,robust_eps0p08_lam0p25,0.07,clean_correct,one_minus_confidence,certified_below_threshold,0.9,,0.7871148459383754,,,0.657463889992118,,1.0,0.4473684210526316
/home/user/thesis/UncertaintyAndRobustnessInBNNs/runs/mlp512x1/vogn/seed2_eps0p08_lam0p25.json,mlp512x1,vogn,2,val,0.08,0.25,robust_eps0p08_lam0p25,0.07,all,predictive_entropy,pgd_failure,,0.9791666666666666,0.8245614035087719,-0.1546052631578947,0.9040178571428572,0.5609599507819323,-0.3430579063609249,0.16,0.24
/home/user/thesis/UncertaintyAndRobustnessInBNNs/runs/mlp512x1/vogn/seed2_eps0p08_lam0p25.json,mlp512x1,vogn,2,val,0.08,0.25,robust_eps0p08_lam0p25,0.07,all,predictive_entropy,certified_below_threshold,0.5,,0.8325,,,0.692366259740002,,1.0,0.3902439024390244
/home/user/thesis/UncertaintyAndRobustnessInBNNs/runs/mlp512x1/vogn/seed2_eps0p08_lam0p25.json,mlp512x1,vogn,2,val,0.08,0.25,robust_eps0p08_lam0p25,0.07,all,predictive_entropy,certified_below_threshold,0.9,,0.7969924812030075,,,0.7083944645009568,,1.0,0.475
/home/user/thesis/UncertaintyAndRobustnessInBNNs/runs/mlp512x1/vogn/seed2_eps0p08_lam0p25.json,mlp512x1,vogn,2,val,0.08,0.25,robust_eps0p08_lam0p25,0.07,clean_correct,predictive_entropy,pgd_failure,,0.9722222222222222,0.8131578947368422,-0.15906432748538002,0.8305555555555555,0.4753651444015221,-0.3551904111540334,0.125,0.20833333333333334
/home/user/thesis/UncertaintyAndRobustnessInBNNs/runs/mlp512x1/vogn/seed2_eps0p08_lam0p25.json,mlp512x1,vogn,2,val,0.08,0.25,robust_eps0p08_lam0p25,0.07,clean_correct,predictive_entropy,certified_below_threshold,0.5,,0.8228571428571428,,,0.6325294278550582,,1.0,0.358974358974359
/home/user/thesis/UncertaintyAndRobustnessInBNNs/runs/mlp512x1/vogn/seed2_eps0p08_lam0p25.json,mlp512x1,vogn,2,val,0.08,0.25,robust_eps0p08_lam0p25,0.07,clean_correct,predictive_entropy,certified_below_threshold,0.9,,0.7871148459383753,,,0.657463889992118,,1.0,0.4473684210526316
/home/user/thesis/UncertaintyAndRobustnessInBNNs/runs/mlp512x1/vogn/seed2_eps0p08_lam0p25.json,mlp512x1,vogn,2,val,0.08,0.25,robust_eps0p08_lam0p25,0.08,all,expected_entropy,pgd_failure,,0.9521829521829521,0.7896825396825397,-0.16250041250041247,0.8957097397978766,0.5276387635576048,-0.36807097624027185,0.26,0.28
/home/user/thesis/UncertaintyAndRobustnessInBNNs/runs/mlp512x1/vogn/seed2_eps0p08_lam0p25.json,mlp512x1,vogn,2,val,0.08,0.25,robust_eps0p08_lam0p25,0.08,all,expected_entropy,certified_below_threshold,0.5,,0.8038277511961722,,,0.7004997276588516,,1.0,0.4634146341463415
/home/user/thesis/UncertaintyAndRobustnessInBNNs/runs/mlp512x1/vogn/seed2_eps0p08_lam0p25.json,mlp512x1,vogn,2,val,0.08,0.25,robust_eps0p08_lam0p25,0.08,all,expected_entropy,certified_below_threshold,0.9,,0.83125,,,0.7855446791340754,,1.0,0.5555555555555556
/home/user/thesis/UncertaintyAndRobustnessInBNNs/runs/mlp512x1/vogn/seed2_eps0p08_lam0p25.json,mlp512x1,vogn,2,val,0.08,0.25,robust_eps0p08_lam0p25,0.08,clean_correct,expected_entropy,pgd_failure,,0.9434889434889435,0.7754629629629629,-0.1680259805259806,0.8586842450478814,0.43058206477904615,-0.4281021802688353,0.22916666666666666,0.25
/home/user/thesis/UncertaintyAndRobustnessInBNNs/runs/mlp512x1/vogn/seed2_eps0p08_lam0p25.json,mlp512x1,vogn,2,val,0.08,0.25,robust_eps0p08_lam0p25,0.08,clean_correct,expected_entropy,certified_below_threshold,0.5,,0.7941176470588235,,,0.6476599684234906,,1.0,0.4358974358974359
/home/user/thesis/UncertaintyAndRobustnessInBNNs/runs/mlp512x1/vogn/seed2_eps0p08_lam0p25.json,mlp512x1,vogn,2,val,0.08,0.25,robust_eps0p08_lam0p25,0.08,clean_correct,expected_entropy,certified_below_threshold,0.9,,0.8229166666666666,,,0.743053491486154,,1.0,0.5294117647058824
/home/user/thesis/UncertaintyAndRobustnessInBNNs/runs/mlp512x1/vogn/seed2_eps0p08_lam0p25.json,mlp512x1,vogn,2,val,0.08,0.25,robust_eps0p08_lam0p25,0.08,all,mutual_information,pgd_failure,,0.918918918918919,0.9126984126984127,-0.006220506220506294,0.7818805377628906,0.8049469509096838,0.023066413146793252,0.26,0.28
/home/user/thesis/UncertaintyAndRobustnessInBNNs/runs/mlp512x1/vogn/seed2_eps0p08_lam0p25.json,mlp512x1,vogn,2,val,0.08,0.25,robust_eps0p08_lam0p25,0.08,all,mutual_information,certified_below_threshold,0.5,,0.9066985645933014,,,0.8849533918318411,,1.0,0.4634146341463415
/home/user/thesis/UncertaintyAndRobustnessInBNNs/runs/mlp512x1/vogn/seed2_eps0p08_lam0p25.json,mlp512x1,vogn,2,val,0.08,0.25,robust_eps0p08_lam0p25,0.08,all,mutual_information,certified_below_threshold,0.9,,0.909375,,,0.9116970602496919,,1.0,0.5555555555555556
/home/user/thesis/UncertaintyAndRobustnessInBNNs/runs/mlp512x1/vogn/seed2_eps0p08_lam0p25.json,mlp512x1,vogn,2,val,0.08,0.25,robust_eps0p08_lam0p25,0.08,clean_correct,mutual_information,pgd_failure,,0.9066339066339066,0.9166666666666666,0.01003276003275999,0.7098845598845599,0.7869444152338888,0.07705985534932891,0.22916666666666666,0.25
/home/user/thesis/UncertaintyAndRobustnessInBNNs/runs/mlp512x1/vogn/seed2_eps0p08_lam0p25.json,mlp512x1,vogn,2,val,0.08,0.25,robust_eps0p08_lam0p25,0.08,clean_correct,mutual_information,certified_below_threshold,0.5,,0.9064171122994652,,,0.872969746112161,,1.0,0.4358974358974359
/home/user/thesis/UncertaintyAndRobustnessInBNNs/runs/mlp512x1/vogn/seed2_eps0p08_lam0p25.json,mlp512x1,vogn,2,val,0.08,0.25,robust_eps0p08_lam0p25,0.08,clean_correct,mutual_information,certified_below_threshold,0.9,,0.90625,,,0.8990878891872185,,1.0,0.5294117647058824
/home/user/thesis/UncertaintyAndRobustnessInBNNs/runs/mlp512x1/vogn/seed2_eps0p08_lam0p25.json,mlp512x1,vogn,2,val,0.08,0.25,robust_eps0p08_lam0p25,0.08,all,one_minus_confidence,pgd_failure,,0.9438669438669438,0.7936507936507937,-0.1502161502161501,0.8740690857659184,0.5616493440743965,-0.31241974169152187,0.26,0.28
/home/user/thesis/UncertaintyAndRobustnessInBNNs/runs/mlp512x1/vogn/seed2_eps0p08_lam0p25.json,mlp512x1,vogn,2,val,0.08,0.25,robust_eps0p08_lam0p25,0.08,all,one_minus_confidence,certified_below_threshold,0.5,,0.80622009569378,,,0.7083944645009568,,1.0,0.4634146341463415
/home/user/thesis/UncertaintyAndRobustnessInBNNs/runs/mlp512x1/vogn/seed2_eps0p08_lam0p25.json,mlp512x1,vogn,2,val,0.08,0.25,robust_eps0p08_lam0p25,0.08,all,one_minus_confidence,certified_below_threshold,0.9,,0.834375,,,0.7930446791340754,,1.0,0.5555555555555556
/home/user/thesis/UncertaintyAndRobustnessInBNNs/runs/mlp512x1/vogn/seed2_eps0p08_lam0p25.json,mlp512x1,vogn,2,val,0.08,0.25,robust_eps0p08_lam0p25,0.08,clean_correct,one_minus_confidence,pgd_failure,,0.9336609336609336,0.7824074074074074,-0.15125352625352617,0.8264049301598708,0.4859287648625884,-0.3404761652972824,0.22916666666666666,0.25
/home/user/thesis/UncertaintyAndRobustnessInBNNs/runs/mlp512x1/vogn/seed2_eps0p08_lam0p25.json,mlp512x1,vogn,2,val,0.08,0.25,robust_eps0p08_lam0p25,0.08,clean_correct,one_minus_confidence,certified_below_threshold,0.5,,0.7967914438502673,,,0.6574638899921179,,1.0,0.4358974358974359
/home/user/thesis/UncertaintyAndRobustnessInBNNs/runs/mlp512x1/vogn/seed2_eps0p08_lam0p25.json,mlp512x1,vogn,2,val,0.08,0.25,robust_eps0p08_lam0p25,0.08,clean_correct,one_minus_confidence,certified_below_threshold,0.9,,0.8263888888888888,,,0.7523127507454133,,1.0,0.5294117647058824
/home/user/thesis/UncertaintyAndRobustnessInBNNs/runs/mlp512x1/vogn/seed2_eps0p08_lam0p25.json,mlp512x1,vogn,2,val,0.08,0.25,robust_eps0p08_lam0p25,0.08,all,predictive_entropy,pgd_failure,,0.9334719334719335,0.7956349206349206,-0.13783701283701288,0.836758959994254,0.5582325228004323,-0.27852643719382164,0.26,0.28
/home/user/thesis/UncertaintyAndRobustnessInBNNs/runs/mlp512x1/vogn/seed2_eps0p08_lam0p25.json,mlp512x1,vogn,2,val,0.08,0.25,robust_eps0p08_lam0p25,0.08,all,predictive_entropy,certified_below_threshold,0.5,,0.8062200956937798,,,0.7083944645009568,,1.0,0.4634146341463415
/home/user/thesis/UncertaintyAndRobustnessInBNNs/runs/mlp512x1/vogn/seed2_eps0p08_lam0p25.json,mlp512x1,vogn,2,val,0.08,0.25,robust_eps0p08_lam0p25,0.08,all,predictive_entropy,certified_below_threshold,0.9,,0.834375,,,0.7930446791340754,,1.0,0.5555555555555556
/home/user/thesis/UncertaintyAndRobustnessInBNNs/runs/mlp512x1/vogn/seed2_eps0p08_lam0p25.json,mlp512x1,vogn,2,val,0.08,0.25,robust_eps0p08_lam0p25,0.08,clean_correct,predictive_entropy,pgd_failure,,0.9213759213759214,0.7824074074074073,-0.13896851396851406,0.7676707350620394,0.4797884139853954,-0.287882321076644,0.22916666666666666,0.25
/home/user/thesis/UncertaintyAndRobustnessInBNNs/runs/mlp512x1/vogn/seed2_eps0p08_lam0p25.json,mlp512x1,vogn,2,val,0.08,0.25,robust_eps0p08_lam0p25,0.08,clean_correct,predictive_entropy,certified_below_threshold,0.5,,0.7967914438502673,,,0.657463889992118,,1.0,0.4358974358974359
/home/user/thesis/UncertaintyAndRobustnessInBNNs/runs/mlp512x1/vogn/seed2_eps0p08_lam0p25.json,mlp512x1,vogn,2,val,0.08,0.25,robust_eps0p08_lam0p25,0.08,clean_correct,predictive_entropy,certified_below_threshold,0.9,,0.826388888888889,,,0.7523127507454133,,1.0,0.5294117647058824
/home/user/thesis/UncertaintyAndRobustnessInBNNs/runs/mlp512x1/vogn/seed2_eps0p08_lam0p25.json,mlp512x1,vogn,2,val,0.08,0.25,robust_eps0p08_lam0p25,0.1,all,expected_entropy,pgd_failure,,0.855,0.7743055555555556,-0.0806944444444444,0.8250183247738974,0.5720505953906023,-0.25296772938329504,0.4,0.36
/home/user/thesis/UncertaintyAndRobustnessInBNNs/runs/mlp512x1/vogn/seed2_eps0p08_lam0p25.json,mlp512x1,vogn,2,val,0.08,0.25,robust_eps0p08_lam0p25,0.1,all,expected_entropy,certified_below_threshold,0.5,,0.798941798941799,,,0.8427658878329993,,1.0,0.7
/home/user/thesis/UncertaintyAndRobustnessInBNNs/runs/mlp512x1/vogn/seed2_eps0p08_lam0p25.json,mlp512x1,vogn,2,val,0.08,0.25,robust_eps0p08_lam0p25,0.1,all,expected_entropy,certified_below_threshold,0.9,,1.0,,,0.9999999999999998,,1.0,0.9666666666666667
/home/user/thesis/UncertaintyAndRobustnessInBNNs/runs/mlp512x1/vogn/seed2_eps0p08_lam0p25.json,mlp512x1,vogn,2,val,0.08,0.25,robust_eps0p08_lam0p25,0.1,clean_correct,expected_entropy,pgd_failure,,0.8388888888888888,0.76171875,-0.0771701388888888,0.7854483207424384,0.4956978722458598,-0.2897504484965786,0.375,0.3333333333333333
/home/user/thesis/UncertaintyAndRobustnessInBNNs/runs/mlp512x1/vogn/seed2_eps0p08_lam0p25.json,mlp512x1,vogn,2,val,0.08,0.25,robust_eps0p08_lam0p25,0.1,clean_correct,expected_entropy,certified_below_threshold,0.5,,0.7894736842105263,,,0.8092604872179583,,1.0,0.6785714285714286
/home/user/thesis/UncertaintyAndRobustnessInBNNs/runs/mlp512x1/vogn/seed2_eps0p08_lam0p25.json,mlp512x1,vogn,2,val,0.08,0.25,robust_eps0p08_lam0p25,0.1,clean_correct,expected_entropy,certified_below_threshold,0.9,,1.0,,,0.9999999999999998,,1.0,0.9642857142857143
/home/user/thesis/UncertaintyAndRobustnessInBNNs/runs/mlp512x1/vogn/seed2_eps0p08_lam0p25.json,mlp512x1,vogn,2,val,0.08,0.25,robust_eps0p08_lam0p25,0.1,all,mutual_information,pgd_failure,,0.8200000000000001,0.8854166666666666,0.06541666666666657,0.7424569680294739,0.8040042351636556,0.06154726713418168,0.4,0.36
/home/user/thesis/UncertaintyAndRobustnessInBNNs/runs/mlp512x1/vogn/seed2_eps0p08_lam0p25.json,mlp512x1,vogn,2,val,0.08,0.25,robust_eps0p08_lam0p25,0.1,all,mutual_information,certified_below_threshold,0.5,,0.873015873015873,,,0.9260602389844936,,1.0,0.7
/home/user/thesis/UncertaintyAndRobustnessInBNNs/runs/mlp512x1/vogn/seed2_eps0p08_lam0p25.json,mlp512x1,vogn,2,val,0.08,0.25,robust_eps0p08_lam0p25,0.1,all,mutual_information,certified_below_threshold,0.9,,1.0,,,0.9999999999999998,,1.0,0.9666666666666667
/home/user/thesis/UncertaintyAndRobustnessInBNNs/runs/mlp512x1/vogn/seed2_eps0p08_lam0p25.json,mlp512x1,vogn,2,val,0.08,0.25,robust_eps0p08_lam0p25,0.1,clean_correct,mutual_information,pgd_failure,,0.8018518518518518,0.884765625,0.08291377314814818,0.683825443128604,0.7825439819683241,0.09871853883972004,0.375,0.3333333333333333
/home/user/thesis/UncertaintyAndRobustnessInBNNs/runs/mlp512x1/vogn/seed2_eps0p08_lam0p25.json,mlp512x1,vogn,2,val,0.08,0.25,robust_eps0p08_lam0p25,0.1,clean_correct,mutual_information,certified_below_threshold,0.5,,0.8713450292397661,,,0.9166494432911247,,1.0,0.6785714285714286
/home/user/thesis/UncertaintyAndRobustnessInBNNs/runs/mlp512x1/vogn/seed2_eps0p08_lam0p25.json,mlp512x1,vogn,2,val,0.08,0.25,robust_eps0p08_lam0p25,0.1,clean_correct,mutual_information,certified_below_threshold,0.9,,1.0,,,0.9999999999999998,,1.0,0.9642857142857143
/home/user/thesis/UncertaintyAndRobustnessInBNNs/runs/mlp512x1/vogn/seed2_eps0p08_lam0p25.json,mlp512x1,vogn,2,val,0.08,0.25,robust_eps0p08_lam0p25,0.1,all,one_minus_confidence,pgd_failure,,0.845,0.7795138888888888,-0.06548611111111113,0.8007613950996291,0.6000929234329304,-0.20066847166669866,0.4,0.36
/home/user/thesis/UncertaintyAndRobustnessInBNNs/runs/mlp512x1/vogn/seed2_eps0p08_lam0p25.json,mlp512x1,vogn,2,val,0.08,0.25,robust_eps0p08_lam0p25,0.1,all,one_minus_confidence,certified_below_threshold,0.5,,0.8042328042328043,,,0.8499087449758567,,1.0,0.7
/home/user/thesis/UncertaintyAndRobustnessInBNNs/runs/mlp512x1/vogn/seed2_eps0p08_lam0p25.json,mlp512x1,vogn,2,val,0.08,0.25,robust_eps0p08_lam0p25,0.1,all,one_minus_confidence,certified_below_threshold,0.9,,0.9827586206896552,,,0.9988505747126435,,1.0,0.9666666666666667
/home/user/thesis/UncertaintyAndRobustnessInBNNs/runs/mlp512x1/vogn/seed2_eps0p08_lam0p25.json,mlp512x1,vogn,2,val,0.08,0.25,robust_eps0p08_lam0p25,0.1,clean_correct,one_minus_confidence,pgd_failure,,0.8277777777777777,0.767578125,-0.060199652777777724,0.7527786558290269,0.5373645389125264,-0.21541411691650048,0.375,0.3333333333333333
/home/user/thesis/UncertaintyAndRobustnessInBNNs/runs/mlp512x1/vogn/seed2_eps0p08_lam0p25.json,mlp512x1,vogn,2,val,0.08,0.25,robust_eps0p08_lam0p25,0.1,clean_correct,one_minus_confidence,certified_below_threshold,0.5,,0.7953216374269005,,,0.8180324170425197,,1.0,0.6785714285714286
/home/user/thesis/UncertaintyAndRobustnessInBNNs/runs/mlp512x1/vogn/seed2_eps0p08_lam0p25.json,mlp512x1,vogn,2,val,0.08,0.25,robust_eps0p08_lam0p25,0.1,clean_correct,one_minus_confidence,certified_below_threshold,0.9,,0.9814814814814814,,,0.9986772486772486,,1.0,0.9642857142857143
/home/user/thesis/UncertaintyAndRobustnessInBNNs/runs/mlp512x1/vogn/seed2_eps0p08_lam0p25.json,mlp512x1,vogn,2,val,0.08,0.25,robust_eps0p08_lam0p25,0.1,all,predictive_entropy,pgd_failure,,0.8433333333333333,0.7777777777777778,-0.06555555555555548,0.7853848856441722,0.5945373678773749,-0.19084751776679731,0.4,0.36
/home/user/thesis/UncertaintyAndRobustnessInBNNs/runs/mlp512x1/vogn/seed2_eps0p08_lam0p25.json,mlp512x1,vogn,2,val,0.08,0.25,robust_eps0p08_lam0p25,0.1,all,predictive_entropy,certified_below_threshold,0.5,,0.8042328042328042,,,0.8499087449758564,,1.0,0.7
/home/user/thesis/UncertaintyAndRobustnessInBNNs/runs/mlp512x1/vogn/seed2_eps0p08_lam0p25.json,mlp512x1,vogn,2,val,0.08,0.25,robust_eps0p08_lam0p25,0.1,all,predictive_entropy,certified_below_threshold,0.9,,1.0,,,0.9999999999999998,,1.0,0.9666666666666667
/home/user/thesis/UncertaintyAndRobustnessInBNNs/runs/mlp512x1/vogn/seed2_eps0p08_lam0p25.json,mlp512x1,vogn,2,val,0.08,0.25,robust_eps0p08_lam0p25,0.1,clean_correct,predictive_entropy,pgd_failure,,0.825925925925926,0.765625,-0.06030092592592595,0.7275856351509701,0.5311145389125265,-0.1964710962384436,0.375,0.3333333333333333
/home/user/thesis/UncertaintyAndRobustnessInBNNs/runs/mlp512x1/vogn/seed2_eps0p08_lam0p25.json,mlp512x1,vogn,2,val,0.08,0.25,robust_eps0p08_lam0p25,0.1,clean_correct,predictive_entropy,certified_below_threshold,0.5,,0.7953216374269005,,,0.8180324170425197,,1.0,0.6785714285714286
/home/user/thesis/UncertaintyAndRobustnessInBNNs/runs/mlp512x1/vogn/seed2_eps0p08_lam0p25.json,mlp512x1,vogn,2,val,0.08,0.25,robust_eps0p08_lam0p25,0.1,clean_correct,predictive_entropy,certified_below_threshold,0.9,,1.0,,,0.9999999999999998,,1.0,0.9642857142857143
/home/user/thesis/UncertaintyAndRobustnessInBNNs/runs/mlp512x1/vogn/seed3_eps0p08_lam0p25.json,mlp512x1,vogn,3,val,0.08,0.25,robust_eps0p08_lam0p25,0.01,all,expected_entropy,pgd_failure,,1.0,0.78125,-0.21875,1.0,0.5434782608695652,-0.4565217391304348,0.04,0.04
/home/user/thesis/UncertaintyAndRobustnessInBNNs/runs/mlp512x1/vogn/seed3_eps0p08_lam0p25.json,mlp512x1,vogn,3,val,0.08,0.25,robust_eps0p08_lam0p25,0.01,all,expected_entropy,certified_below_threshold,0.5,1.0,0.7872340425531915,-0.21276595744680848,1.0,0.5454545454545454,-0.4545454545454546,0.044444444444444446,0.04081632653061224
/home/user/thesis/UncertaintyAndRobustnessInBNNs/runs/mlp512x1/vogn/seed3_eps0p08_lam0p25.json,mlp512x1,vogn,3,val,0.08,0.25,robust_eps0p08_lam0p25,0.01,all,expected_entropy,certified_below_threshold,0.9,1.0,0.8550724637681159,-0.14492753623188415,1.0,0.601010101010101,-0.398989898989899,0.24,0.061224489795918366
/home/user/thesis/UncertaintyAndRobustnessInBNNs/runs/mlp512x1/vogn/seed3_eps0p08_lam0p25.json,mlp512x1,vogn,3,val,0.08,0.25,robust_eps0p08_lam0p25,0.01,clean_correct,expected_entropy,pgd_failure,,,,,,,,0.0,0.0
/home/user/thesis/UncertaintyAndRobustnessInBNNs/runs/mlp512x1/vogn/seed3_eps0p08_lam0p25.json,mlp512x1,vogn,3,val,0.08,0.25,robust_eps0p08_lam0p25,0.01,clean_correct,expected_entropy,certified_below_threshold,0.5,,,,,,,0.0,0.0
/home/user/thesis/UncertaintyAndRobustnessInBNNs/runs/mlp512x1/vogn/seed3_eps0p08_lam0p25.json,mlp512x1,vogn,3,val,0.08,0.25,robust_eps0p08_lam0p25,0.01,clean_correct,expected_entropy,certified_below_threshold,0.9,1.0,0.9782608695652174,-0.021739130434782594,1.0,0.5,-0.5,0.17391304347826086,0.02127659574468085
/home/user/thesis/UncertaintyAndRobustnessInBNNs/runs/mlp512x1/vogn/seed3_eps0p08_lam0p25.json,mlp512x1,vogn,3,val,0.08,0.25,robust_eps0p08_lam0p25,0.01,all,mutual_information,pgd_failure,,1.0,0.8541666666666667,-0.14583333333333326,1.0,0.31666666666666665,-0.6833333333333333,0.04,0.04
/home/user/thesis/UncertaintyAndRobustnessInBNNs/runs/mlp512x1/vogn/seed3_eps0p08_lam0p25.json,mlp512x1,vogn,3,val,0.08,0.25,robust_eps0p08_lam0p25,0.01,all,mutual_information,certified_below_threshold,0.5,1.0,0.8723404255319149,-0.12765957446808507,1.0,0.5714285714285714,-0.4285714285714286,0.044444444444444446,0.04081632653061224
/home/user/thesis/UncertaintyAndRobustnessInBNNs/runs/mlp512x1/vogn/seed3_eps0p08_lam0p25.json,mlp512x1,vogn,3,val,0.08,0.25,robust_eps0p08_lam0p25,0.01,all,mutual_information,certified_below_threshold,0.9,1.0,0.9202898550724639,-0.07971014492753614,1.0,0.7380952380952381,-0.26190476190476186,0.24,0.061224489795918366
/home/user/thesis/UncertaintyAndRobustnessInBNNs/runs/mlp512x1/vogn/seed3_eps0p08_lam0p25.json,mlp512x1,vogn,3,val,0.08,0.25,robust_eps0p08_lam0p25,0.01,clean_correct,mutual_information,pgd_failure,,,,,,,,0.0,0.0
/home/user/thesis/UncertaintyAndRobustnessInBNNs/runs/mlp512x1/vogn/seed3_eps0p08_lam0p25.json,mlp512x1,vogn,3,val,0.08,0.25,robust_eps0p08_lam0p25,0.01,clean_correct,mutual_information,certified_below_threshold,0.5,,,,,,,0.0,0.0
/home/user/thesis/UncertaintyAndRobustnessInBNNs/runs/mlp512x1/vogn/seed3_eps0p08_lam0p25.json,mlp512x1,vogn,3,val,0.08,0.25,robust_eps0p08_lam0p25,0.01,clean_correct,mutual_information,certified_below_threshold,0.9,1.0,1.0,0.0,1.0,1.0,0.0,0.17391304347826086,0.02127659574468085
/home/user/thesis/UncertaintyAndRobustnessInBNNs/runs/mlp512x1/vogn/seed3_eps0p08_lam0p25.json,mlp512x1,vogn,3,val,0.08,0.25,robust_eps0p08_lam0p25,0.01,all,one_minus_confidence,pgd_failure,,1.0,0.7916666666666666,-0.20833333333333337,1.0,0.5454545454545454,-0.4545454545454546,0.04,0.04
/home/user/thesis/UncertaintyAndRobustnessInBNNs/runs/mlp512x1/vogn/seed3_eps0p08_lam0p25.json,mlp512x1,vogn,3,val,0.08,0.25,robust_eps0p08_lam0p25,0.01,all,one_minus_confidence,certified_below_threshold,0.5,1.0,0.7978723404255319,-0.2021276595744681,1.0,0.5476190476190477,-0.45238095238095233,0.044444444444444446,0.04081632653061224
/home/user/thesis/UncertaintyAndRobustnessInBNNs/runs/mlp512x1/vogn/seed3_eps0p08_lam0p25.json,mlp512x1,vogn,3,val,0.08,0.25,robust_eps0p08_lam0p25,0.01,all,one_minus_confidence,certified_below_threshold,0.9,1.0,0.8623188405797102,-0.1376811594202898,1.0,0.6031746031746031,-0.39682539682539686,0.24,0.061224489795918366
/home/user/thesis/UncertaintyAndRobustnessInBNNs/runs/mlp512x1/vogn/seed3_eps0p08_lam0p25.json,mlp512x1,vogn,3,val,0.08,0.25,robust_eps0p08_lam0p25,0.01,clean_correct,one_minus_confidence,pgd_failure,,,,,,,,0.0,0.0
/home/user/thesis/UncertaintyAndRobustnessInBNNs/runs/mlp512x1/vogn/seed3_eps0p08_lam0p25.json,mlp512x1,vogn,3,val,0.08,0.25,robust_eps0p08_lam0p25,0.01,clean_correct,one_minus_confidence,certified_below_threshold,0.5,,,,,,,0.0,0.0
/home/user/thesis/UncertaintyAndRobustnessInBNNs/runs/mlp512x1/vogn/seed3_eps0p08_lam0p25.json,mlp512x1,vogn,3,val,0.08,0.25,robust_eps0p08_lam0p25,0.01,clean_correct,one_minus_confidence,certified_below_threshold,0.9,1.0,0.9782608695652174,-0.021739130434782594,1.0,0.5,-0.5,0.17391304347826086,0.02127659574468085
/home/user/thesis/UncertaintyAndRobustnessInBNNs/runs/mlp512x1/vogn/seed3_eps0p08_lam0p25.json,mlp512x1,vogn,3,val,0.08,0.25,robust_eps0p08_lam0p25,0.01,all,predictive_entropy,pgd_failure,,1.0,0.7916666666666666,-0.20833333333333337,1.0,0.5454545454545454,-0.4545454545454546,0.04,0.04
/home/user/thesis/UncertaintyAndRobustnessInBNNs/runs/mlp512x1/vogn/seed3_eps0p08_lam0p25.json,mlp512x1,vogn,3,val,0.08,0.25,robust_eps0p08_lam0p25,0.01,all,predictive_entropy,certified_below_threshold,0.5,1.0,0.7978723404255319,-0.2021276595744681,1.0,0.5476190476190477,-0.45238095238095233,0.044444444444444446,0.04081632653061224
/home/user/thesis/UncertaintyAndRobustnessInBNNs/runs/mlp512x1/vogn/seed3_eps0p08_lam0p25.json,mlp512x1,vogn,3,val,0.08,0.25,robust_eps0p08_lam0p25,0.01,all,predictive_entropy,certified_below_threshold,0.9,1.0,0.8623188405797102,-0.1376811594202898,1.0,0.6031746031746031,-0.39682539682539686,0.24,0.061224489795918366
/home/user/thesis/UncertaintyAndRobustnessInBNNs/runs/mlp512x1/vogn/seed3_eps0p08_lam0p25.json,mlp512x1,vogn,3,val,0.08,0.25,robust_eps0p08_lam0p25,0.01,clean_correct,predictive_entropy,pgd_failure,,,,,,,,0.0,0.0
/home/user/thesis/UncertaintyAndRobustnessInBNNs/runs/mlp512x1/vogn/seed3_eps0p08_lam0p25.json,mlp512x1,vogn,3,val,0.08,0.25,robust_eps0p08_lam0p25,0.01,clean_correct,predictive_entropy,certified_below_threshold,0.5,,,,,,,0.0,0.0
/home/user/thesis/UncertaintyAndRobustnessInBNNs/runs/mlp512x1/vogn/seed3_eps0p08_lam0p25.json,mlp512x1,vogn,3,val,0.08,0.25,robust_eps0p08_lam0p25,0.01,clean_correct,predictive_entropy,certified_below_threshold,0.9,1.0,0.9782608695652174,-0.021739130434782594,1.0,0.5,-0.5,0.17391304347826086,0.02127659574468085
/home/user/thesis/UncertaintyAndRobustnessInBNNs/runs/mlp512x1/vogn/seed3_eps0p08_lam0p25.json,mlp512x1,vogn,3,val,0.08,0.25,robust_eps0p08_lam0p25,0.05,all,expected_entropy,pgd_failure,,0.991111111111111,0.8106060606060606,-0.1805050505050505,0.9266666666666665,0.4563562325710663,-0.47031043409560025,0.1,0.12
/home/user/thesis/UncertaintyAndRobustnessInBNNs/runs/mlp512x1/vogn/seed3_eps0p08_lam0p25.json,mlp512x1,vogn,3,val,0.08,0.25,robust_eps0p08_lam0p25,0.05,all,expected_entropy,certified_below_threshold,0.5,,0.8071895424836601,,,0.541196337999407,,1.0,0.20930232558139536
/home/user/thesis/UncertaintyAndRobustnessInBNNs/runs/mlp512x1/vogn/seed3_eps0p08_lam0p25.json,mlp512x1,vogn,3,val,0.08,0.25,robust_eps0p08_lam0p25,0.05,all,expected_entropy,certified_below_threshold,0.9,,0.8448275862068966,,,0.6557957028351765,,1.0,0.2926829268292683
/home/user/thesis/UncertaintyAndRobustnessInBNNs/runs/mlp512x1/vogn/seed3_eps0p08_lam0p25.json,mlp512x1,vogn,3,val,0.08,0.25,robust_eps0p08_lam0p25,0.05,clean_correct,expected_entropy,pgd_failure,,0.9851851851851852,0.8125,-0.17268518518518516,0.8055555555555556,0.28685897435897434,-0.5186965811965812,0.0625,0.08333333333333333
/home/user/thesis/UncertaintyAndRobustnessInBNNs/runs/mlp512x1/vogn/seed3_eps0p08_lam0p25.json,mlp512x1,vogn,3,val,0.08,0.25,robust_eps0p08_lam0p25,0.05,clean_correct,expected_entropy,certified_below_threshold,0.5,,0.7899159663865546,,,0.4371652157366443,,1.0,0.17073170731707318
/home/user/thesis/UncertaintyAndRobustnessInBNNs/runs/mlp512x1/vogn/seed3_eps0p08_lam0p25.json,mlp512x1,vogn,3,val,0.08,0.25,robust_eps0p08_lam0p25,0.05,clean_correct,expected_entropy,certified_below_threshold,0.9,,0.8344827586206898,,,0.5795626544078556,,1.0,0.2564102564102564
/home/user/thesis/UncertaintyAndRobustnessInBNNs/runs/mlp512x1/vogn/seed3_eps0p08_lam0p25.json,mlp512x1,vogn,3,val,0.08,0.25,robust_eps0p08_lam0p25,0.05,all,mutual_information,pgd_failure,,1.0,0.9393939393939393,-0.06060606060606066,1.0,0.7416666666666666,-0.2583333333333334,0.1,0.12
/home/user/thesis/UncertaintyAndRobustnessInBNNs/runs/mlp512x1/vogn/seed3_eps0p08_lam0p25.json,mlp512x1,vogn,3,val,0.08,0.25,robust_eps0p08_lam0p25,0.05,all,mutual_information,certified_below_threshold,0.5,,0.9477124183006536,,,0.878823953823954,,1.0,0.20930232558139536
/home/user/thesis/UncertaintyAndRobustnessInBNNs/runs/mlp512x1/vogn/seed3_eps0p08_lam0p25.json,mlp512x1,vogn,3,val,0.08,0.25,robust_eps0p08_lam0p25,0.05,all,mutual_information,certified_below_threshold,0.9,,0.9396551724137931,,,0.8835511982570806,,1.0,0.2926829268292683
/home/user/thesis/UncertaintyAndRobustnessInBNNs/runs/mlp512x1/vogn/seed3_eps0p08_lam0p25.json,mlp512x1,vogn,3,val,0.08,0.25,robust_eps0p08_lam0p25,0.05,clean_correct,mutual_information,pgd_failure,,1.0,0.9602272727272727,-0.03977272727272729,1.0,0.7152777777777777,-0.2847222222222223,0.0625,0.08333333333333333
/home/user/thesis/UncertaintyAndRobustnessInBNNs/runs/mlp512x1/vogn/seed3_eps0p08_lam0p25.json,mlp512x1,vogn,3,val,0.08,0.25,robust_eps0p08_lam0p25,0.05,clean_correct,mutual_information,certified_below_threshold,0.5,,0.9453781512605042,,,0.8684807256235827,,1.0,0.17073170731707318
/home/user/thesis/UncertaintyAndRobustnessInBNNs/runs/mlp512x1/vogn/seed3_eps0p08_lam0p25.json,mlp512x1,vogn,3,val,0.08,0.25,robust_eps0p08_lam0p25,0.05,clean_correct,mutual_information,certified_below_threshold,0.9,,0.9310344827586208,,,0.8528571428571428,,1.0,0.2564102564102564
/home/user/thesis/UncertaintyAndRobustnessInBNNs/runs/mlp512x1/vogn/seed3_eps0p08_lam0p25.json,mlp512x1,vogn,3,val,0.08,0.25,robust_eps0p08_lam0p25,0.05,all,one_minus_confidence,pgd_failure,,1.0,0.8143939393939394,-0.18560606060606055,1.0,0.45833251715604656,-0.5416674828439534,0.1,0.12
/home/user/thesis/UncertaintyAndRobustnessInBNNs/runs/mlp512x1/vogn/seed3_eps0p08_lam0p25.json,mlp512x1,vogn,3,val,0.08,0.25,robust_eps0p08_lam0p25,0.05,all,one_minus_confidence,certified_below_threshold,0.5,,0.8071895424836601,,,0.541196337999407,,1.0,0.20930232558139536
/home/user/thesis/UncertaintyAndRobustnessInBNNs/runs/mlp512x1/vogn/seed3_eps0p08_lam0p25.json,mlp512x1,vogn,3,val,0.08,0.25,robust_eps0p08_lam0p25,0.05,all,one_minus_confidence,certified_below_threshold,0.9,,0.8505747126436782,,,0.6793093480593482,,1.0,0.2926829268292683
/home/user/thesis/UncertaintyAndRobustnessInBNNs/runs/mlp512x1/vogn/seed3_eps0p08_lam0p25.json,mlp512x1,vogn,3,val,0.08,0.25,robust_eps0p08_lam0p25,0.05,clean_correct,one_minus_confidence,pgd_failure,,1.0,0.8125,-0.1875,1.0,0.28685897435897434,-0.7131410256410257,0.0625,0.08333333333333333
/home/user/thesis/UncertaintyAndRobustnessInBNNs/runs/mlp512x1/vogn/seed3_eps0p08_lam0p25.json,mlp512x1,vogn,3,val,0.08,0.25,robust_eps0p08_lam0p25,0.05,clean_correct,one_minus_confidence,certified_below_threshold,0.5,,0.7899159663865546,,,0.4371652157366443,,1.0,0.17073170731707318
/home/user/thesis/UncertaintyAndRobustnessInBNNs/runs/mlp512x1/vogn/seed3_eps0p08_lam0p25.json,mlp512x1,vogn,3,val,0.08,0.25,robust_eps0p08_lam0p25,0.05,clean_correct,one_minus_confidence,certified_below_threshold,0.9,,0.8413793103448276,,,0.6162048112706007,,1.0,0.2564102564102564
/home/user/thesis/UncertaintyAndRobustnessInBNNs/runs/mlp512x1/vogn/seed3_eps0p08_lam0p25.json,mlp512x1,vogn,3,val,0.08,0.25,robust_eps0p08_lam0p25,0.05,all,predictive_entropy,pgd_failure,,0.9955555555555555,0.8143939393939394,-0.18116161616161608,0.9666666666666666,0.4583325171560465,-0.5083341495106201,0.1,0.12
/home/user/thesis/UncertaintyAndRobustnessInBNNs/runs/mlp512x1/vogn/seed3_eps0p08_lam0p25.json,mlp512x1,vogn,3,val,0.08,0.25,robust_eps0p08_lam0p25,0.05,all,predictive_entropy,certified_below_threshold,0.5,,0.8071895424836601,,,0.541196337999407,,1.0,0.20930232558139536
/home/user/thesis/UncertaintyAndRobustnessInBNNs/runs/mlp512x1/vogn/seed3_eps0p08_lam0p25.json,mlp512x1,vogn,3,val,0.08,0.25,robust_eps0p08_lam0p25,0.05,all,predictive_entropy,certified_below_threshold,0.9,,0.8477011494252874,,,0.6584760147260148,,1.0,0.2926829268292683
/home/user/thesis/UncertaintyAndRobustnessInBNNs/runs/mlp512x1/vogn/seed3_eps0p08_lam0p25.json,mlp512x1,vogn,3,val,0.08,0.25,robust_eps0p08_lam0p25,0.05,clean_correct,predictive_entropy,pgd_failure,,0.9925925925925926,0.8125,-0.18009259259259258,0.9166666666666666,0.28685897435897434,-0.6298076923076923,0.0625,0.08333333333333333
/home/user/thesis/UncertaintyAndRobustnessInBNNs/runs/mlp512x1/vogn/seed3_eps0p08_lam0p25.json,mlp512x1,vogn,3,val,0.08,0.25,robust_eps0p08_lam0p25,0.05,clean_correct,predictive_entropy,certified_below_threshold,0.5,,0.7899159663865546,,,0.4371652157366443,,1.0,0.17073170731707318
/home/user/thesis/UncertaintyAndRobustnessInBNNs/runs/mlp512x1/vogn/seed3_eps0p08_lam0p25.json,mlp512x1,vogn,3,val,0.08,0.25,robust_eps0p08_lam0p25,0.05,clean_correct,predictive_entropy,certified_below_threshold,0.9,,0.8379310344827586,,,0.5828714779372673,,1.0,0.2564102564102564
/home/user/thesis/UncertaintyAndRobustnessInBNNs/runs/mlp512x1/vogn/seed3_eps0p08_lam0p25.json,mlp512x1,vogn,3,val,0.08,0.25,robust_eps0p08_lam0p25,0.07,all,expected_entropy,pgd_failure,,0.9966777408637874,0.7855477855477855,-0.21112995531600187,0.982142857142857,0.49183992529726084,-0.49030293184559615,0.14,0.22
/home/user/thesis/UncertaintyAndRobustnessInBNNs/runs/mlp512x1/vogn/seed3_eps0p08_lam0p25.json,mlp512x1,vogn,3,val,0.08,0.25,robust_eps0p08_lam0p25,0.07,all,expected_entropy,certified_below_threshold,0.5,,0.8213333333333334,,,0.6761189223573124,,1.0,0.375
/home/user/thesis/UncertaintyAndRobustnessInBNNs/runs/mlp512x1/vogn/seed3_eps0p08_lam0p25.json,mlp512x1,vogn,3,val,0.08,0.25,robust_eps0p08_lam0p25,0.07,all,expected_entropy,certified_below_threshold,0.9,,0.84688995215311,,,0.7616458320344583,,1.0,0.4634146341463415
/home/user/thesis/UncertaintyAndRobustnessInBNNs/runs/mlp512x1/vogn/seed3_eps0p08_lam0p25.json,mlp512x1,vogn,3,val,0.08,0.25,robust_eps0p08_lam0p25,0.07,clean_correct,expected_entropy,pgd_failure,,0.9953488372093022,0.7749287749287749,-0.22042006228052735,0.9666666666666667,0.3785660418013359,-0.5881006248653308,0.10416666666666667,0.1875
/home/user/thesis/UncertaintyAndRobustnessInBNNs/runs/mlp512x1/vogn/seed3_eps0p08_lam0p25.json,mlp512x1,vogn,3,val,0.08,0.25,robust_eps0p08_lam0p25,0.07,clean_correct,expected_entropy,certified_below_threshold,0.5,,0.8123076923076923,,,0.6132754249270087,,1.0,0.34210526315789475
/home/user/thesis/UncertaintyAndRobustnessInBNNs/runs/mlp512x1/vogn/seed3_eps0p08_lam0p25.json,mlp512x1,vogn,3,val,0.08,0.25,robust_eps0p08_lam0p25,0.07,clean_correct,expected_entropy,certified_below_threshold,0.9,,0.839572192513369,,,0.7207763067988893,,1.0,0.4358974358974359
/home/user/thesis/UncertaintyAndRobustnessInBNNs/runs/mlp512x1/vogn/seed3_eps0p08_lam0p25.json,mlp512x1,vogn,3,val,0.08,0.25,robust_eps0p08_lam0p25,0.07,all,mutual_information,pgd_failure,,0.9833887043189369,0.9067599067599068,-0.07662879755903007,0.9276437847866419,0.8081114172023263,-0.11953236758431562,0.14,0.22
/home/user/thesis/UncertaintyAndRobustnessInBNNs/runs/mlp512x1/vogn/seed3_eps0p08_lam0p25.json,mlp512x1,vogn,3,val,0.08,0.25,robust_eps0p08_lam0p25,0.07,all,mutual_information,certified_below_threshold,0.5,,0.9093333333333333,,,0.8656801019184921,,1.0,0.375
/home/user/thesis/UncertaintyAndRobustnessInBNNs/runs/mlp512x1/vogn/seed3_eps0p08_lam0p25.json,mlp512x1,vogn,3,val,0.08,0.25,robust_eps0p08_lam0p25,0.07,all,mutual_information,certified_below_threshold,0.9,,0.9425837320574162,,,0.93794968664293,,1.0,0.4634146341463415
/home/user/thesis/UncertaintyAndRobustnessInBNNs/runs/mlp512x1/vogn/seed3_eps0p08_lam0p25.json,mlp512x1,vogn,3,val,0.08,0.25,robust_eps0p08_lam0p25,0.07,clean_correct,mutual_information,pgd_failure,,0.9767441860465117,0.9031339031339032,-0.07361028291260852,0.8711111111111111,0.7918518518518518,-0.07925925925925925,0.10416666666666667,0.1875
/home/user/thesis/UncertaintyAndRobustnessInBNNs/runs/mlp512x1/vogn/seed3_eps0p08_lam0p25.json,mlp512x1,vogn,3,val,0.08,0.25,robust_eps0p08_lam0p25,0.07,clean_correct,mutual_information,certified_below_threshold,0.5,,0.8984615384615384,,,0.8341513663495086,,1.0,0.34210526315789475
/home/user/thesis/UncertaintyAndRobustnessInBNNs/runs/mlp512x1/vogn/seed3_eps0p08_lam0p25.json,mlp512x1,vogn,3,val,0.08,0.25,robust_eps0p08_lam0p25,0.07,clean_correct,mutual_information,certified_below_threshold,0.9,,0.9358288770053476,,,0.9230283031685327,,1.0,0.4358974358974359
/home/user/thesis/UncertaintyAndRobustnessInBNNs/runs/mlp512x1/vogn/seed3_eps0p08_lam0p25.json,mlp512x1,vogn,3,val,0.08,0.25,robust_eps0p08_lam0p25,0.07,all,one_minus_confidence,pgd_failure,,0.9933554817275748,0.7902097902097903,-0.2031456915177845,0.9682539682539681,0.5145671980245334,-0.4536867702294347,0.14,0.22
/home/user/thesis/UncertaintyAndRobustnessInBNNs/runs/mlp512x1/vogn/seed3_eps0p08_lam0p25.json,mlp512x1,vogn,3,val,0.08,0.25,robust_eps0p08_lam0p25,0.07,all,one_minus_confidence,certified_below_threshold,0.5,,0.824,,,0.6927855890239791,,1.0,0.375
/home/user/thesis/UncertaintyAndRobustnessInBNNs/runs/mlp512x1/vogn/seed3_eps0p08_lam0p25.json,mlp512x1,vogn,3,val,0.08,0.25,robust_eps0p08_lam0p25,0.07,all,one_minus_confidence,certified_below_threshold,0.9,,0.84688995215311,,,0.7616458320344583,,1.0,0.4634146341463415
/home/user/thesis/UncertaintyAndRobustnessInBNNs/runs/mlp512x1/vogn/seed3_eps0p08_lam0p25.json,mlp512x1,vogn,3,val,0.08,0.25,robust_eps0p08_lam0p25,0.07,clean_correct,one_minus_confidence,pgd_failure,,0.9906976744186047,0.7806267806267806,-0.2100708937918241,0.9428571428571428,0.4081956714309656,-0.5346614714261773,0.10416666666666667,0.1875
/home/user/thesis/UncertaintyAndRobustnessInBNNs/runs/mlp512x1/vogn/seed3_eps0p08_lam0p25.json,mlp512x1,vogn,3,val,0.08,0.25,robust_eps0p08_lam0p25,0.07,clean_correct,one_minus_confidence,certified_below_threshold,0.5,,0.8153846153846154,,,0.6389164505680343,,1.0,0.34210526315789475
/home/user/thesis/UncertaintyAndRobustnessInBNNs/runs/mlp512x1/vogn/seed3_eps0p08_lam0p25.json,mlp512x1,vogn,3,val,0.08,0.25,robust_eps0p08_lam0p25,0.07,clean_correct,one_minus_confidence,certified_below_threshold,0.9,,0.839572192513369,,,0.7207763067988893,,1.0,0.4358974358974359
/home/user/thesis/UncertaintyAndRobustnessInBNNs/runs/mlp512x1/vogn/seed3_eps0p08_lam0p25.json,mlp512x1,vogn,3,val,0.08,0.25,robust_eps0p08_lam0p25,0.07,all,predictive_entropy,pgd_failure,,0.9933554817275748,0.7855477855477855,-0.20780769617978934,0.9682539682539681,0.49183992529726084,-0.4764140429567073,0.14,0.22
/home/user/thesis/UncertaintyAndRobustnessInBNNs/runs/mlp512x1/vogn/seed3_eps0p08_lam0p25.json,mlp512x1,vogn,3,val,0.08,0.25,robust_eps0p08_lam0p25,0.07,all,predictive_entropy,certified_below_threshold,0.5,,0.8213333333333334,,,0.6761189223573124,,1.0,0.375
/home/user/thesis/UncertaintyAndRobustnessInBNNs/runs/mlp512x1/vogn/seed3_eps0p08_lam0p25.json,mlp512x1,vogn,3,val,0.08,0.25,robust_eps0p08_lam0p25,0.07,all,predictive_entropy,certified_below_threshold,0.9,,0.84688995215311,,,0.7616458320344583,,1.0,0.4634146341463415
/home/user/thesis/UncertaintyAndRobustnessInBNNs/runs/mlp512x1/vogn/seed3_eps0p08_lam0p25.json,mlp512x1,vogn,3,val,0.08,0.25,robust_eps0p08_lam0p25,0.07,clean_correct,predictive_entropy,pgd_failure,,0.9906976744186047,0.7749287749287749,-0.2157688994898298,0.9428571428571428,0.3785660418013359,-0.5642911010558069,0.10416666666666667,0.1875
/home/user/thesis/UncertaintyAndRobustnessInBNNs/runs/mlp512x1/vogn/seed3_eps0p08_lam0p25.json,mlp512x1,vogn,3,val,0.08,0.25,robust_eps0p08_lam0p25,0.07,clean_correct,predictive_entropy,certified_below_threshold,0.5,,0.8123076923076923,,,0.6132754249270087,,1.0,0.34210526315789475
/home/user/thesis/UncertaintyAndRobustnessInBNNs/runs/mlp512x1/vogn/seed3_eps0p08_lam0p25.json,mlp512x1,vogn,3,val,0.08,0.25,robust_eps0p08_lam0p25,0.07,clean_correct,predictive_entropy,certified_below_threshold,0.9,,0.839572192513369,,,0.7207763067988893,,1.0,0.4358974358974359
/home/user/thesis/UncertaintyAndRobustnessInBNNs/runs/mlp512x1/vogn/seed3_eps0p08_lam0p25.json,mlp512x1,vogn,3,val,0.08,0.25,robust_eps0p08_lam0p25,0.08,all,expected_entropy,pgd_failure,,0.8834498834498835,0.7894736842105263,-0.09397619923935718,0.8068181818181819,0.5070320335745527,-0.29978614824362915,0.22,0.24
/home/user/thesis/UncertaintyAndRobustnessInBNNs/runs/mlp512x1/vogn/seed3_eps0p08_lam0p25.json,mlp512x1,vogn,3,val,0.08,0.25,robust_eps0p08_lam0p25,0.08,all,expected_entropy,certified_below_threshold,0.5,,0.8164251207729468,,,0.7050430565974941,,1.0,0.43902439024390244
/home/user/thesis/UncertaintyAndRobustnessInBNNs/runs/mlp512x1/vogn/seed3_eps0p08_lam0p25.json,mlp512x1,vogn,3,val,0.08,0.25,robust_eps0p08_lam0p25,0.08,all,expected_entropy,certified_below_threshold,0.9,,0.8775510204081634,,,0.8618135068806185,,1.0,0.6
/home/user/thesis/UncertaintyAndRobustnessInBNNs/runs/mlp512x1/vogn/seed3_eps0p08_lam0p25.json,mlp512x1,vogn,3,val,0.08,0.25,robust_eps0p08_lam0p25,0.08,clean_correct,expected_entropy,pgd_failure,,0.8575498575498576,0.7789473684210527,-0.07860248912880485,0.7362423518337498,0.40117512389571214,-0.3350672279380376,0.1875,0.20833333333333334
/home/user/thesis/UncertaintyAndRobustnessInBNNs/runs/mlp512x1/vogn/seed3_eps0p08_lam0p25.json,mlp512x1,vogn,3,val,0.08,0.25,robust_eps0p08_lam0p25,0.08,clean_correct,expected_entropy,certified_below_threshold,0.5,,0.8070652173913043,,,0.6514436406923829,,1.0,0.41025641025641024
/home/user/thesis/UncertaintyAndRobustnessInBNNs/runs/mlp512x1/vogn/seed3_eps0p08_lam0p25.json,mlp512x1,vogn,3,val,0.08,0.25,robust_eps0p08_lam0p25,0.08,clean_correct,expected_entropy,certified_below_threshold,0.9,,0.8721804511278196,,,0.8355762766916424,,1.0,0.5757575757575758
/home/user/thesis/UncertaintyAndRobustnessInBNNs/runs/mlp512x1/vogn/seed3_eps0p08_lam0p25.json,mlp512x1,vogn,3,val,0.08,0.25,robust_eps0p08_lam0p25,0.08,all,mutual_information,pgd_failure,,0.8531468531468532,0.9078947368421053,0.054747883695252075,0.7522120259419725,0.8067700817700818,0.05455805582810935,0.22,0.24
/home/user/thesis/UncertaintyAndRobustnessInBNNs/runs/mlp512x1/vogn/seed3_eps0p08_lam0p25.json,mlp512x1,vogn,3,val,0.08,0.25,robust_eps0p08_lam0p25,0.08,all,mutual_information,certified_below_threshold,0.5,,0.9251207729468599,,,0.903909869546788,,1.0,0.43902439024390244
/home/user/thesis/UncertaintyAndRobustnessInBNNs/runs/mlp512x1/vogn/seed3_eps0p08_lam0p25.json,mlp512x1,vogn,3,val,0.08,0.25,robust_eps0p08_lam0p25,0.08,all,mutual_information,certified_below_threshold,0.9,,0.9455782312925171,,,0.9603749982992529,,1.0,0.6
/home/user/thesis/UncertaintyAndRobustnessInBNNs/runs/mlp512x1/vogn/seed3_eps0p08_lam0p25.json,mlp512x1,vogn,3,val,0.08,0.25,robust_eps0p08_lam0p25,0.08,clean_correct,mutual_information,pgd_failure,,0.8205128205128205,0.9026315789473685,0.08211875843454797,0.6572881593714928,0.7832051282051282,0.12591696883363546,0.1875,0.20833333333333334
/home/user/thesis/UncertaintyAndRobustnessInBNNs/runs/mlp512x1/vogn/seed3_eps0p08_lam0p25.json,mlp512x1,vogn,3,val,0.08,0.25,robust_eps0p08_lam0p25,0.08,clean_correct,mutual_information,certified_below_threshold,0.5,,0.9184782608695652,,,0.8854061191861115,,1.0,0.41025641025641024
/home/user/thesis/UncertaintyAndRobustnessInBNNs/runs/mlp512x1/vogn/seed3_eps0p08_lam0p25.json,mlp512x1,vogn,3,val,0.08,0.25,robust_eps0p08_lam0p25,0.08,clean_correct,mutual_information,certified_below_threshold,0.9,,0.9398496240601504,,,0.9510289526706344,,1.0,0.5757575757575758
/home/user/thesis/UncertaintyAndRobustnessInBNNs/runs/mlp512x1/vogn/seed3_eps0p08_lam0p25.json,mlp512x1,vogn,3,val,0.08,0.25,robust_eps0p08_lam0p25,0.08,all,one_minus_confidence,pgd_failure,,0.8741258741258742,0.7938596491228069,-0.08026622500306724,0.7908136624714166,0.5278653669078861,-0.2629482955635305,0.22,0.24
/home/user/thesis/UncertaintyAndRobustnessInBNNs/runs/mlp512x1/vogn/seed3_eps0p08_lam0p25.json,mlp512x1,vogn,3,val,0.08,0.25,robust_eps0p08_lam0p25,0.08,all,one_minus_confidence,certified_below_threshold,0.5,,0.8188405797101449,,,0.7189319454863832,,1.0,0.43902439024390244
/home/user/thesis/UncertaintyAndRobustnessInBNNs/runs/mlp512x1/vogn/seed3_eps0p08_lam0p25.json,mlp512x1,vogn,3,val,0.08,0.25,robust_eps0p08_lam0p25,0.08,all,one_minus_confidence,certified_below_threshold,0.9,,0.8775510204081632,,,0.8618135068806185,,1.0,0.6
/home/user/thesis/UncertaintyAndRobustnessInBNNs/runs/mlp512x1/vogn/seed3_eps0p08_lam0p25.json,mlp512x1,vogn,3,val,0.08,0.25,robust_eps0p08_lam0p25,0.08,clean_correct,one_minus_confidence,pgd_failure,,0.8461538461538461,0.7842105263157895,-0.061943319838056676,0.7133002645502645,0.42784179056237875,-0.28545847398788576,0.1875,0.20833333333333334
/home/user/thesis/UncertaintyAndRobustnessInBNNs/runs/mlp512x1/vogn/seed3_eps0p08_lam0p25.json,mlp512x1,vogn,3,val,0.08,0.25,robust_eps0p08_lam0p25,0.08,clean_correct,one_minus_confidence,certified_below_threshold,0.5,,0.8097826086956522,,,0.6722769740257163,,1.0,0.41025641025641024
/home/user/thesis/UncertaintyAndRobustnessInBNNs/runs/mlp512x1/vogn/seed3_eps0p08_lam0p25.json,mlp512x1,vogn,3,val,0.08,0.25,robust_eps0p08_lam0p25,0.08,clean_correct,one_minus_confidence,certified_below_threshold,0.9,,0.8721804511278195,,,0.8355762766916424,,1.0,0.5757575757575758
/home/user/thesis/UncertaintyAndRobustnessInBNNs/runs/mlp512x1/vogn/seed3_eps0p08_lam0p25.json,mlp512x1,vogn,3,val,0.08,0.25,robust_eps0p08_lam0p25,0.08,all,predictive_entropy,pgd_failure,,0.8764568764568764,0.7894736842105263,-0.0869831922463501,0.7950660450660452,0.5070320335745527,-0.28803401149149244,0.22,0.24
/home/user/thesis/UncertaintyAndRobustnessInBNNs/runs/mlp512x1/vogn/seed3_eps0p08_lam0p25.json,mlp512x1,vogn,3,val,0.08,0.25,robust_eps0p08_lam0p25,0.08,all,predictive_entropy,certified_below_threshold,0.5,,0.8164251207729468,,,0.7050430565974941,,1.0,0.43902439024390244
/home/user/thesis/UncertaintyAndRobustnessInBNNs/runs/mlp512x1/vogn/seed3_eps0p08_lam0p25.json,mlp512x1,vogn,3,val,0.08,0.25,robust_eps0p08_lam0p25,0.08,all,predictive_entropy,certified_below_threshold,0.9,,0.8775510204081634,,,0.8618135068806185,,1.0,0.6
/home/user/thesis/UncertaintyAndRobustnessInBNNs/runs/mlp512x1/vogn/seed3_eps0p08_lam0p25.json,mlp512x1,vogn,3,val,0.08,0.25,robust_eps0p08_lam0p25,0.08,clean_correct,predictive_entropy,pgd_failure,,0.8490028490028491,0.7789473684210527,-0.07005548058179634,0.719647835239233,0.40117512389571214,-0.3184727113435209,0.1875,0.20833333333333334
/home/user/thesis/UncertaintyAndRobustnessInBNNs/runs/mlp512x1/vogn/seed3_eps0p08_lam0p25.json,mlp512x1,vogn,3,val,0.08,0.25,robust_eps0p08_lam0p25,0.08,clean_correct,predictive_entropy,certified_below_threshold,0.5,,0.8070652173913043,,,0.6514436406923829,,1.0,0.41025641025641024
/home/user/thesis/UncertaintyAndRobustnessInBNNs/runs/mlp512x1/vogn/seed3_eps0p08_lam0p25.json,mlp512x1,vogn,3,val,0.08,0.25,robust_eps0p08_lam0p25,0.08,clean_correct,predictive_entropy,certified_below_threshold,0.9,,0.8721804511278196,,,0.8355762766916424,,1.0,0.5757575757575758
/home/user/thesis/UncertaintyAndRobustnessInBNNs/runs/mlp512x1/vogn/seed3_eps0p08_lam0p25.json,mlp512x1,vogn,3,val,0.08,0.25,robust_eps0p08_lam0p25,0.1,all,expected_entropy,pgd_failure,,0.8226600985221675,0.7878787878787878,-0.03478131064337964,0.8038170288186313,0.6281626929188553,-0.17565433589977597,0.42,0.34
/home/user/thesis/UncertaintyAndRobustnessInBNNs/runs/mlp512x1/vogn/seed3_eps0p08_lam0p25.json,mlp512x1,vogn,3,val,0.08,0.25,robust_eps0p08_lam0p25,0.1,all,expected_entropy,certified_below_threshold,0.5,,0.7771739130434783,,,0.8651898128597842,,1.0,0.7419354838709677
/home/user/thesis/UncertaintyAndRobustnessInBNNs/runs/mlp512x1/vogn/seed3_eps0p08_lam0p25.json,mlp512x1,vogn,3,val,0.08,0.25,robust_eps0p08_lam0p25,0.1,all,expected_entropy,certified_below_threshold,0.9,,0.79,,,0.9371565446847318,,1.0,0.8620689655172413
/home/user/thesis/UncertaintyAndRobustnessInBNNs/runs/mlp512x1/vogn/seed3_eps0p08_lam0p25.json,mlp512x1,vogn,3,val,0.08,0.25,robust_eps0p08_lam0p25,0.1,clean_correct,expected_entropy,pgd_failure,,0.8039927404718693,0.7797979797979798,-0.02419476067388948,0.7623780773860669,0.5758997599918316,-0.18647831739423526,0.3958333333333333,0.3125
/home/user/thesis/UncertaintyAndRobustnessInBNNs/runs/mlp512x1/vogn/seed3_eps0p08_lam0p25.json,mlp512x1,vogn,3,val,0.08,0.25,robust_eps0p08_lam0p25,0.1,clean_correct,expected_entropy,certified_below_threshold,0.5,,0.7678571428571428,,,0.8409542936301009,,1.0,0.7241379310344828
/home/user/thesis/UncertaintyAndRobustnessInBNNs/runs/mlp512x1/vogn/seed3_eps0p08_lam0p25.json,mlp512x1,vogn,3,val,0.08,0.25,robust_eps0p08_lam0p25,0.1,clean_correct,expected_entropy,certified_below_threshold,0.9,,0.782608695652174,,,0.9264076154599924,,1.0,0.8518518518518519
/home/user/thesis/UncertaintyAndRobustnessInBNNs/runs/mlp512x1/vogn/seed3_eps0p08_lam0p25.json,mlp512x1,vogn,3,val,0.08,0.25,robust_eps0p08_lam0p25,0.1,all,mutual_information,pgd_failure,,0.7635467980295566,0.8841354723707666,0.12058867434121001,0.7390524994689864,0.8138269138269139,0.07477441435792742,0.42,0.34
/home/user/thesis/UncertaintyAndRobustnessInBNNs/runs/mlp512x1/vogn/seed3_eps0p08_lam0p25.json,mlp512x1,vogn,3,val,0.08,0.25,robust_eps0p08_lam0p25,0.1,all,mutual_information,certified_below_threshold,0.5,,0.8858695652173914,,,0.9551807398072327,,1.0,0.7419354838709677
/home/user/thesis/UncertaintyAndRobustnessInBNNs/runs/mlp512x1/vogn/seed3_eps0p08_lam0p25.json,mlp512x1,vogn,3,val,0.08,0.25,robust_eps0p08_lam0p25,0.1,all,mutual_information,certified_below_threshold,0.9,,0.89,,,0.9785523710805581,,1.0,0.8620689655172413
/home/user/thesis/UncertaintyAndRobustnessInBNNs/runs/mlp512x1/vogn/seed3_eps0p08_lam0p25.json,mlp512x1,vogn,3,val,0.08,0.25,robust_eps0p08_lam0p25,0.1,clean_correct,mutual_information,pgd_failure,,0.7386569872958257,0.8767676767676769,0.13811068947185112,0.6793753944464271,0.7885584302975608,0.10918303585113365,0.3958333333333333,0.3125
/home/user/thesis/UncertaintyAndRobustnessInBNNs/runs/mlp512x1/vogn/seed3_eps0p08_lam0p25.json,mlp512x1,vogn,3,val,0.08,0.25,robust_eps0p08_lam0p25,0.1,clean_correct,mutual_information,certified_below_threshold,0.5,,0.875,,,0.9454114766587127,,1.0,0.7241379310344828
/home/user/thesis/UncertaintyAndRobustnessInBNNs/runs/mlp512x1/vogn/seed3_eps0p08_lam0p25.json,mlp512x1,vogn,3,val,0.08,0.25,robust_eps0p08_lam0p25,0.1,clean_correct,mutual_information,certified_below_threshold,0.9,,0.8804347826086957,,,0.9740945903208802,,1.0,0.8518518518518519
/home/user/thesis/UncertaintyAndRobustnessInBNNs/runs/mlp512x1/vogn/seed3_eps0p08_lam0p25.json,mlp512x1,vogn,3,val,0.08,0.25,robust_eps0p08_lam0p25,0.1,all,one_minus_confidence,pgd_failure,,0.8029556650246306,0.7914438502673797,-0.011511814757250827,0.7857388735030792,0.6473126920998141,-0.13842618140326512,0.42,0.34
/home/user/thesis/UncertaintyAndRobustnessInBNNs/runs/mlp512x1/vogn/seed3_eps0p08_lam0p25.json,mlp512x1,vogn,3,val,0.08,0.25,robust_eps0p08_lam0p25,0.1,all,one_minus_confidence,certified_below_threshold,0.5,,0.7771739130434783,,,0.8651898128597841,,1.0,0.7419354838709677
/home/user/thesis/UncertaintyAndRobustnessInBNNs/runs/mlp512x1/vogn/seed3_eps0p08_lam0p25.json,mlp512x1,vogn,3,val,0.08,0.25,robust_eps0p08_lam0p25,0.1,all,one_minus_confidence,certified_below_threshold,0.9,,0.79,,,0.9371565446847316,,1.0,0.8620689655172413
/home/user/thesis/UncertaintyAndRobustnessInBNNs/runs/mlp512x1/vogn/seed3_eps0p08_lam0p25.json,mlp512x1,vogn,3,val,0.08,0.25,robust_eps0p08_lam0p25,0.1,clean_correct,one_minus_confidence,pgd_failure,,0.7822141560798548,0.7838383838383838,0.0016242277585289955,0.7394313972091479,0.6020530063556042,-0.13737839085354364,0.3958333333333333,0.3125
/home/user/thesis/UncertaintyAndRobustnessInBNNs/runs/mlp512x1/vogn/seed3_eps0p08_lam0p25.json,mlp512x1,vogn,3,val,0.08,0.25,robust_eps0p08_lam0p25,0.1,clean_correct,one_minus_confidence,certified_below_threshold,0.5,,0.7678571428571429,,,0.8409542936301009,,1.0,0.7241379310344828
/home/user/thesis/UncertaintyAndRobustnessInBNNs/runs/mlp512x1/vogn/seed3_eps0p08_lam0p25.json,mlp512x1,vogn,3,val,0.08,0.25,robust_eps0p08_lam0p25,0.1,clean_correct,one_minus_confidence,certified_below_threshold,0.9,,0.7826086956521738,,,0.9264076154599925,,1.0,0.8518518518518519
/home/user/thesis/UncertaintyAndRobustnessInBNNs/runs/mlp512x1/vogn/seed3_eps0p08_lam0p25.json,mlp512x1,vogn,3,val,0.08,0.25,robust_eps0p08_lam0p25,0.1,all,predictive_entropy,pgd_failure,,0.8078817733990147,0.7878787878787878,-0.020002985520226835,0.7887856809169238,0.6277048489625592,-0.16108083195436462,0.42,0.34
/home/user/thesis/UncertaintyAndRobustnessInBNNs/runs/mlp512x1/vogn/seed3_eps0p08_lam0p25.json,mlp512x1,vogn,3,val,0.08,0.25,robust_eps0p08_lam0p25,0.1,all,predictive_entropy,certified_below_threshold,0.5,,0.7771739130434783,,,0.8651898128597842,,1.0,0.7419354838709677
/home/user/thesis/UncertaintyAndRobustnessInBNNs/runs/mlp512x1/vogn/seed3_eps0p08_lam0p25.json,mlp512x1,vogn,3,val,0.08,0.25,robust_eps0p08_lam0p25,0.1,all,predictive_entropy,certified_below_threshold,0.9,,0.79,,,0.9371565446847318,,1.0,0.8620689655172413
/home/user/thesis/UncertaintyAndRobustnessInBNNs/runs/mlp512x1/vogn/seed3_eps0p08_lam0p25.json,mlp512x1,vogn,3,val,0.08,0.25,robust_eps0p08_lam0p25,0.1,clean_correct,predictive_entropy,pgd_failure,,0.7876588021778583,0.7797979797979798,-0.007860822379878507,0.7431080785148786,0.5753863396889376,-0.167721738825941,0.3958333333333333,0.3125
/home/user/thesis/UncertaintyAndRobustnessInBNNs/runs/mlp512x1/vogn/seed3_eps0p08_lam0p25.json,mlp512x1,vogn,3,val,0.08,0.25,robust_eps0p08_lam0p25,0.1,clean_correct,predictive_entropy,certified_below_threshold,0.5,,0.7678571428571428,,,0.8409542936301009,,1.0,0.7241379310344828
/home/user/thesis/UncertaintyAndRobustnessInBNNs/runs/mlp512x1/vogn/seed3_eps0p08_lam0p25.json,mlp512x1,vogn,3,val,0.08,0.25,robust_eps0p08_lam0p25,0.1,clean_correct,predictive_entropy,certified_below_threshold,0.9,,0.782608695652174,,,0.9264076154599924,,1.0,0.8518518518518519
/home/user/thesis/UncertaintyAndRobustnessInBNNs/runs/mlp512x1/vogn/seed4_eps0p08_lam0p25.json,mlp512x1,vogn,4,val,0.08,0.25,robust_eps0p08_lam0p25,0.01,all,expected_entropy,pgd_failure,,0.9787234042553191,0.8581560283687943,-0.12056737588652477,0.8333333333333333,0.601010101010101,-0.23232323232323226,0.06,0.06
/home/user/thesis/UncertaintyAndRobustnessInBNNs/runs/mlp512x1/vogn/seed4_eps0p08_lam0p25.json,mlp512x1,vogn,4,val,0.08,0.25,robust_eps0p08_lam0p25,0.01,all,expected_entropy,certified_below_threshold,0.5,1.0,0.8581560283687943,-0.14184397163120566,1.0,0.601010101010101,-0.398989898989899,0.06521739130434782,0.06
/home/user/thesis/UncertaintyAndRobustnessInBNNs/runs/mlp512x1/vogn/seed4_eps0p08_lam0p25.json,mlp512x1,vogn,4,val,0.08,0.25,robust_eps0p08_lam0p25,0.01,all,expected_entropy,certified_below_threshold,0.9,1.0,0.8666666666666667,-0.1333333333333333,1.0,0.6055555555555555,-0.3944444444444445,0.23076923076923078,0.0625
/home/user/thesis/UncertaintyAndRobustnessInBNNs/runs/mlp512x1/vogn/seed4_eps0p08_lam0p25.json,mlp512x1,vogn,4,val,0.08,0.25,robust_eps0p08_lam0p25,0.01,clean_correct,expected_entropy,pgd_failure,,0.9361702127659575,0.9787234042553191,0.04255319148936165,0.25,0.5,0.25,0.020833333333333332,0.020833333333333332
/home/user/thesis/UncertaintyAndRobustnessInBNNs/runs/mlp512x1/vogn/seed4_eps0p08_lam0p25.json,mlp512x1,vogn,4,val,0.08,0.25,robust_eps0p08_lam0p25,0.01,clean_correct,expected_entropy,certified_below_threshold,0.5,1.0,0.9787234042553191,-0.021276595744680882,1.0,0.5,-0.5,0.022727272727272728,0.020833333333333332
/home/user/thesis/UncertaintyAndRobustnessInBNNs/runs/mlp512x1/vogn/seed4_eps0p08_lam0p25.json,mlp512x1,vogn,4,val,0.08,0.25,robust_eps0p08_lam0p25,0.01,clean_correct,expected_entropy,certified_below_threshold,0.9,1.0,0.9777777777777777,-0.022222222222222254,1.0,0.5,-0.5,0.16666666666666666,0.021739130434782608
/home/user/thesis/UncertaintyAndRobustnessInBNNs/runs/mlp512x1/vogn/seed4_eps0p08_lam0p25.json,mlp512x1,vogn,4,val,0.08,0.25,robust_eps0p08_lam0p25,0.01,all,mutual_information,pgd_failure,,1.0,0.8794326241134752,-0.12056737588652477,1.0,0.7166666666666666,-0.28333333333333344,0.06,0.06
/home/user/thesis/UncertaintyAndRobustnessInBNNs/runs/mlp512x1/vogn/seed4_eps0p08_lam0p25.json,mlp512x1,vogn,4,val,0.08,0.25,robust_eps0p08_lam0p25,0.01,all,mutual_information,certified_below_threshold,0.5,1.0,0.8794326241134752,-0.12056737588652477,1.0,0.7166666666666666,-0.28333333333333344,0.06521739130434782,0.06
/home/user/thesis/UncertaintyAndRobustnessInBNNs/runs/mlp512x1/vogn/seed4_eps0p08_lam0p25.json,mlp512x1,vogn,4,val,0.08,0.25,robust_eps0p08_lam0p25,0.01,all,mutual_information,certified_below_threshold,0.9,1.0,0.888888888888889,-0.11111111111111105,1.0,0.7222222222222222,-0.2777777777777778,0.23076923076923078,0.0625
/home/user/thesis/UncertaintyAndRobustnessInBNNs/runs/mlp512x1/vogn/seed4_eps0p08_lam0p25.json,mlp512x1,vogn,4,val,0.08,0.25,robust_eps0p08_lam0p25,0.01,clean_correct,mutual_information,pgd_failure,,1.0,1.0,0.0,1.0,1.0,0.0,0.020833333333333332,0.020833333333333332
/home/user/thesis/UncertaintyAndRobustnessInBNNs/runs/mlp512x1/vogn/seed4_eps0p08_lam0p25.json,mlp512x1,vogn,4,val,0.08,0.25,robust_eps0p08_lam0p25,0.01,clean_correct,mutual_information,certified_below_threshold,0.5,1.0,1.0,0.0,1.0,1.0,0.0,0.022727272727272728,0.020833333333333332
/home/user/thesis/UncertaintyAndRobustnessInBNNs/runs/mlp512x1/vogn/seed4_eps0p08_lam0p25.json,mlp512x1,vogn,4,val,0.08,0.25,robust_eps0p08_lam0p25,0.01,clean_correct,mutual_information,certified_below_threshold,0.9,1.0,1.0,0.0,1.0,1.0,0.0,0.16666666666666666,0.021739130434782608
/home/user/thesis/UncertaintyAndRobustnessInBNNs/runs/mlp512x1/vogn/seed4_eps0p08_lam0p25.json,mlp512x1,vogn,4,val,0.08,0.25,robust_eps0p08_lam0p25,0.01,all,one_minus_confidence,pgd_failure,,1.0,0.851063829787234,-0.14893617021276595,1.0,0.7083333333333333,-0.29166666666666674,0.06,0.06
/home/user/thesis/UncertaintyAndRobustnessInBNNs/runs/mlp512x1/vogn/seed4_eps0p08_lam0p25.json,mlp512x1,vogn,4,val,0.08,0.25,robust_eps0p08_lam0p25,0.01,all,one_minus_confidence,certified_below_threshold,0.5,1.0,0.851063829787234,-0.14893617021276595,1.0,0.7083333333333333,-0.29166666666666674,0.06521739130434782,0.06
/home/user/thesis/UncertaintyAndRobustnessInBNNs/runs/mlp512x1/vogn/seed4_eps0p08_lam0p25.json,mlp512x1,vogn,4,val,0.08,0.25,robust_eps0p08_lam0p25,0.01,all,one_minus_confidence,certified_below_threshold,0.9,1.0,0.8592592592592592,-0.14074074074074083,1.0,0.712121212121212,-0.28787878787878796,0.23076923076923078,0.0625
/home/user/thesis/UncertaintyAndRobustnessInBNNs/runs/mlp512x1/vogn/seed4_eps0p08_lam0p25.json,mlp512x1,vogn,4,val,0.08,0.25,robust_eps0p08_lam0p25,0.01,clean_correct,one_minus_confidence,pgd_failure,,1.0,1.0,0.0,1.0,1.0,0.0,0.020833333333333332,0.020833333333333332
/home/user/thesis/UncertaintyAndRobustnessInBNNs/runs/mlp512x1/vogn/seed4_eps0p08_lam0p25.json,mlp512x1,vogn,4,val,0.08,0.25,robust_eps0p08_lam0p25,0.01,clean_correct,one_minus_confidence,certified_below_threshold,0.5,1.0,1.0,0.0,1.0,1.0,0.0,0.022727272727272728,0.020833333333333332
/home/user/thesis/UncertaintyAndRobustnessInBNNs/runs/mlp512x1/vogn/seed4_eps0p08_lam0p25.json,mlp512x1,vogn,4,val,0.08,0.25,robust_eps0p08_lam0p25,0.01,clean_correct,one_minus_confidence,certified_below_threshold,0.9,1.0,1.0,0.0,1.0,1.0,0.0,0.16666666666666666,0.021739130434782608
/home/user/thesis/UncertaintyAndRobustnessInBNNs/runs/mlp512x1/vogn/seed4_eps0p08_lam0p25.json,mlp512x1,vogn,4,val,0.08,0.25,robust_eps0p08_lam0p25,0.01,all,predictive_entropy,pgd_failure,,0.9929078014184397,0.8652482269503545,-0.12765957446808518,0.9166666666666665,0.7121212121212122,-0.20454545454545436,0.06,0.06
/home/user/thesis/UncertaintyAndRobustnessInBNNs/runs/mlp512x1/vogn/seed4_eps0p08_lam0p25.json,mlp512x1,vogn,4,val,0.08,0.25,robust_eps0p08_lam0p25,0.01,all,predictive_entropy,certified_below_threshold,0.5,1.0,0.8652482269503545,-0.13475177304964547,1.0,0.7121212121212122,-0.28787878787878785,0.06521739130434782,0.06
/home/user/thesis/UncertaintyAndRobustnessInBNNs/runs/mlp512x1/vogn/seed4_eps0p08_lam0p25.json,mlp512x1,vogn,4,val,0.08,0.25,robust_eps0p08_lam0p25,0.01,all,predictive_entropy,certified_below_threshold,0.9,1.0,0.874074074074074,-0.125925925925926,1.0,0.7166666666666667,-0.2833333333333333,0.23076923076923078,0.0625
/home/user/thesis/UncertaintyAndRobustnessInBNNs/runs/mlp512x1/vogn/seed4_eps0p08_lam0p25.json,mlp512x1,vogn,4,val,0.08,0.25,robust_eps0p08_lam0p25,0.01,clean_correct,predictive_entropy,pgd_failure,,0.9787234042553191,1.0,0.021276595744680882,0.5,1.0,0.5,0.020833333333333332,0.020833333333333332
/home/user/thesis/UncertaintyAndRobustnessInBNNs/runs/mlp512x1/vogn/seed4_eps0p08_lam0p25.json,mlp512x1,vogn,4,val,0.08,0.25,robust_eps0p08_lam0p25,0.01,clean_correct,predictive_entropy,certified_below_threshold,0.5,1.0,1.0,0.0,1.0,1.0,0.0,0.022727272727272728,0.020833333333333332
/home/user/thesis/UncertaintyAndRobustnessInBNNs/runs/mlp512x1/vogn/seed4_eps0p08_lam0p25.json,mlp512x1,vogn,4,val,0.08,0.25,robust_eps0p08_lam0p25,0.01,clean_correct,predictive_entropy,certified_below_threshold,0.9,1.0,1.0,0.0,1.0,1.0,0.0,0.16666666666666666,0.021739130434782608
/home/user/thesis/UncertaintyAndRobustnessInBNNs/runs/mlp512x1/vogn/seed4_eps0p08_lam0p25.json,mlp512x1,vogn,4,val,0.08,0.25,robust_eps0p08_lam0p25,0.05,all,expected_entropy,pgd_failure,,0.991111111111111,0.8205128205128205,-0.17059829059829057,0.9266666666666665,0.518418031994587,-0.4082486346720795,0.1,0.22
/home/user/thesis/UncertaintyAndRobustnessInBNNs/runs/mlp512x1/vogn/seed4_eps0p08_lam0p25.json,mlp512x1,vogn,4,val,0.08,0.25,robust_eps0p08_lam0p25,0.05,all,expected_entropy,certified_below_threshold,0.5,,0.803030303030303,,,0.540829346092504,,1.0,0.26666666666666666
/home/user/thesis/UncertaintyAndRobustnessInBNNs/runs/mlp512x1/vogn/seed4_eps0p08_lam0p25.json,mlp512x1,vogn,4,val,0.08,0.25,robust_eps0p08_lam0p25,0.05,all,expected_entropy,certified_below_threshold,0.9,,0.8448275862068966,,,0.6410883370442194,,1.0,0.2926829268292683
/home/user/thesis/UncertaintyAndRobustnessInBNNs/runs/mlp512x1/vogn/seed4_eps0p08_lam0p25.json,mlp512x1,vogn,4,val,0.08,0.25,robust_eps0p08_lam0p25,0.05,clean_correct,expected_entropy,pgd_failure,,0.9851851851851852,0.811965811965812,-0.1732193732193732,0.8055555555555556,0.40563028684803704,-0.39992526870751854,0.0625,0.1875
/home/user/thesis/UncertaintyAndRobustnessInBNNs/runs/mlp512x1/vogn/seed4_eps0p08_lam0p25.json,mlp512x1,vogn,4,val,0.08,0.25,robust_eps0p08_lam0p25,0.05,clean_correct,expected_entropy,certified_below_threshold,0.5,,0.7909090909090909,,,0.43403938682576454,,1.0,0.23255813953488372
/home/user/thesis/UncertaintyAndRobustnessInBNNs/runs/mlp512x1/vogn/seed4_eps0p08_lam0p25.json,mlp512x1,vogn,4,val,0.08,0.25,robust_eps0p08_lam0p25,0.05,clean_correct,expected_entropy,certified_below_threshold,0.9,,0.8344827586206898,,,0.5608880008880008,,1.0,0.2564102564102564
/home/user/thesis/UncertaintyAndRobustnessInBNNs/runs/mlp512x1/vogn/seed4_eps0p08_lam0p25.json,mlp512x1,vogn,4,val,0.08,0.25,robust_eps0p08_lam0p25,0.05,all,mutual_information,pgd_failure,,1.0,0.937062937062937,-0.06293706293706303,1.0,0.8018759018759019,-0.19812409812409815,0.1,0.22
/home/user/thesis/UncertaintyAndRobustnessInBNNs/runs/mlp512x1/vogn/seed4_eps0p08_lam0p25.json,mlp512x1,vogn,4,val,0.08,0.25,robust_eps0p08_lam0p25,0.05,all,mutual_information,certified_below_threshold,0.5,,0.9545454545454545,,,0.8952572403230298,,1.0,0.26666666666666666
/home/user/thesis/UncertaintyAndRobustnessInBNNs/runs/mlp512x1/vogn/seed4_eps0p08_lam0p25.json,mlp512x1,vogn,4,val,0.08,0.25,robust_eps0p08_lam0p25,0.05,all,mutual_information,certified_below_threshold,0.9,,0.9626436781609194,,,0.9140694953194953,,1.0,0.2926829268292683
/home/user/thesis/UncertaintyAndRobustnessInBNNs/runs/mlp512x1/vogn/seed4_eps0p08_lam0p25.json,mlp512x1,vogn,4,val,0.08,0.25,robust_eps0p08_lam0p25,0.05,clean_correct,mutual_information,pgd_failure,,1.0,0.9487179487179487,-0.05128205128205132,1.0,0.7833672500339167,-0.21663274996608328,0.0625,0.1875
/home/user/thesis/UncertaintyAndRobustnessInBNNs/runs/mlp512x1/vogn/seed4_eps0p08_lam0p25.json,mlp512x1,vogn,4,val,0.08,0.25,robust_eps0p08_lam0p25,0.05,clean_correct,mutual_information,certified_below_threshold,0.5,,0.9666666666666667,,,0.9027625152625152,,1.0,0.23255813953488372
/home/user/thesis/UncertaintyAndRobustnessInBNNs/runs/mlp512x1/vogn/seed4_eps0p08_lam0p25.json,mlp512x1,vogn,4,val,0.08,0.25,robust_eps0p08_lam0p25,0.05,clean_correct,mutual_information,certified_below_threshold,0.9,,0.9689655172413794,,,0.9140262515262515,,1.0,0.2564102564102564
/home/user/thesis/UncertaintyAndRobustnessInBNNs/runs/mlp512x1/vogn/seed4_eps0p08_lam0p25.json,mlp512x1,vogn,4,val,0.08,0.25,robust_eps0p08_lam0p25,0.05,all,one_minus_confidence,pgd_failure,,1.0,0.8228438228438228,-0.17715617715617715,1.0,0.5671234115823196,-0.4328765884176804,0.1,0.22
/home/user/thesis/UncertaintyAndRobustnessInBNNs/runs/mlp512x1/vogn/seed4_eps0p08_lam0p25.json,mlp512x1,vogn,4,val,0.08,0.25,robust_eps0p08_lam0p25,0.05,all,one_minus_confidence,certified_below_threshold,0.5,,0.8055555555555556,,,0.5850797106753495,,1.0,0.26666666666666666
/home/user/thesis/UncertaintyAndRobustnessInBNNs/runs/mlp512x1/vogn/seed4_eps0p08_lam0p25.json,mlp512x1,vogn,4,val,0.08,0.25,robust_eps0p08_lam0p25,0.05,all,one_minus_confidence,certified_below_threshold,0.9,,0.8448275862068966,,,0.6677098149814868,,1.0,0.2926829268292683
/home/user/thesis/UncertaintyAndRobustnessInBNNs/runs/mlp512x1/vogn/seed4_eps0p08_lam0p25.json,mlp512x1,vogn,4,val,0.08,0.25,robust_eps0p08_lam0p25,0.05,clean_correct,one_minus_confidence,pgd_failure,,1.0,0.8205128205128205,-0.17948717948717952,1.0,0.49030794579040193,-0.5096920542095981,0.0625,0.1875
/home/user/thesis/UncertaintyAndRobustnessInBNNs/runs/mlp512x1/vogn/seed4_eps0p08_lam0p25.json,mlp512x1,vogn,4,val,0.08,0.25,robust_eps0p08_lam0p25,0.05,clean_correct,one_minus_confidence,certified_below_threshold,0.5,,0.8,,,0.5106169269327163,,1.0,0.23255813953488372
/home/user/thesis/UncertaintyAndRobustnessInBNNs/runs/mlp512x1/vogn/seed4_eps0p08_lam0p25.json,mlp512x1,vogn,4,val,0.08,0.25,robust_eps0p08_lam0p25,0.05,clean_correct,one_minus_confidence,certified_below_threshold,0.9,,0.8379310344827586,,,0.6064435564435564,,1.0,0.2564102564102564
/home/user/thesis/UncertaintyAndRobustnessInBNNs/runs/mlp512x1/vogn/seed4_eps0p08_lam0p25.json,mlp512x1,vogn,4,val,0.08,0.25,robust_eps0p08_lam0p25,0.05,all,predictive_entropy,pgd_failure,,0.9955555555555555,0.8344988344988346,-0.16105672105672098,0.9666666666666666,0.5811712324483223,-0.3854954342183443,0.1,0.22
/home/user/thesis/UncertaintyAndRobustnessInBNNs/runs/mlp512x1/vogn/seed4_eps0p08_lam0p25.json,mlp512x1,vogn,4,val,0.08,0.25,robust_eps0p08_lam0p25,0.05,all,predictive_entropy,certified_below_threshold,0.5,,0.8181818181818181,,,0.5986254443297787,,1.0,0.26666666666666666
/home/user/thesis/UncertaintyAndRobustnessInBNNs/runs/mlp512x1/vogn/seed4_eps0p08_lam0p25.json,mlp512x1,vogn,4,val,0.08,0.25,robust_eps0p08_lam0p25,0.05,all,predictive_entropy,certified_below_threshold,0.9,,0.853448275862069,,,0.6790513000071824,,1.0,0.2926829268292683
/home/user/thesis/UncertaintyAndRobustnessInBNNs/runs/mlp512x1/vogn/seed4_eps0p08_lam0p25.json,mlp512x1,vogn,4,val,0.08,0.25,robust_eps0p08_lam0p25,0.05,clean_correct,predictive_entropy,pgd_failure,,0.9925925925925926,0.829059829059829,-0.16353276353276358,0.9166666666666666,0.5020082824907386,-0.41465838417592804,0.0625,0.1875
/home/user/thesis/UncertaintyAndRobustnessInBNNs/runs/mlp512x1/vogn/seed4_eps0p08_lam0p25.json,mlp512x1,vogn,4,val,0.08,0.25,robust_eps0p08_lam0p25,0.05,clean_correct,predictive_entropy,certified_below_threshold,0.5,,0.8090909090909091,,,0.5211472299630194,,1.0,0.23255813953488372
/home/user/thesis/UncertaintyAndRobustnessInBNNs/runs/mlp512x1/vogn/seed4_eps0p08_lam0p25.json,mlp512x1,vogn,4,val,0.08,0.25,robust_eps0p08_lam0p25,0.05,clean_correct,predictive_entropy,certified_below_threshold,0.9,,0.8448275862068966,,,0.6162451437451436,,1.0,0.2564102564102564
/home/user/thesis/UncertaintyAndRobustnessInBNNs/runs/mlp512x1/vogn/seed4_eps0p08_lam0p25.json,mlp512x1,vogn,4,val,0.08,0.25,robust_eps0p08_lam0p25,0.07,all,expected_entropy,pgd_failure,,0.9225000000000001,0.8267543859649124,-0.09574561403508774,0.8741910866910866,0.5386648439280018,-0.33552624276308474,0.2,0.24
/home/user/thesis/UncertaintyAndRobustnessInBNNs/runs/mlp512x1/vogn/seed4_eps0p08_lam0p25.json,mlp512x1,vogn,4,val,0.08,0.25,robust_eps0p08_lam0p25,0.07,all,expected_entropy,certified_below_threshold,0.5,,0.8393665158371041,,,0.7018786255833241,,1.0,0.3953488372093023
/home/user/thesis/UncertaintyAndRobustnessInBNNs/runs/mlp512x1/vogn/seed4_eps0p08_lam0p25.json,mlp512x1,vogn,4,val,0.08,0.25,robust_eps0p08_lam0p25,0.07,all,expected_entropy,certified_below_threshold,0.9,,0.8721804511278195,,,0.7868973580669743,,1.0,0.475
/home/user/thesis/UncertaintyAndRobustnessInBNNs/runs/mlp512x1/vogn/seed4_eps0p08_lam0p25.json,mlp512x1,vogn,4,val,0.08,0.25,robust_eps0p08_lam0p25,0.07,clean_correct,expected_entropy,pgd_failure,,0.903125,0.8184210526315789,-0.08470394736842102,0.8211580086580087,0.4340393868257646,-0.3871186218322441,0.16666666666666666,0.20833333333333334
/home/user/thesis/UncertaintyAndRobustnessInBNNs/runs/mlp512x1/vogn/seed4_eps0p08_lam0p25.json,mlp512x1,vogn,4,val,0.08,0.25,robust_eps0p08_lam0p25,0.07,clean_correct,expected_entropy,certified_below_threshold,0.5,,0.8307692307692308,,,0.6455466174119424,,1.0,0.36585365853658536
/home/user/thesis/UncertaintyAndRobustnessInBNNs/runs/mlp512x1/vogn/seed4_eps0p08_lam0p25.json,mlp512x1,vogn,4,val,0.08,0.25,robust_eps0p08_lam0p25,0.07,clean_correct,expected_entropy,certified_below_threshold,0.9,,0.8655462184873949,,,0.7435803671530314,,1.0,0.4473684210526316
/home/user/thesis/UncertaintyAndRobustnessInBNNs/runs/mlp512x1/vogn/seed4_eps0p08_lam0p25.json,mlp512x1,vogn,4,val,0.08,0.25,robust_eps0p08_lam0p25,0.07,all,mutual_information,pgd_failure,,0.905,0.9583333333333333,0.05333333333333323,0.8357571857571857,0.8926256613756614,0.056868475618475633,0.2,0.24
/home/user/thesis/UncertaintyAndRobustnessInBNNs/runs/mlp512x1/vogn/seed4_eps0p08_lam0p25.json,mlp512x1,vogn,4,val,0.08,0.25,robust_eps0p08_lam0p25,0.07,all,mutual_information,certified_below_threshold,0.5,,0.9321266968325792,,,0.8874665463333284,,1.0,0.3953488372093023
/home/user/thesis/UncertaintyAndRobustnessInBNNs/runs/mlp512x1/vogn/seed4_eps0p08_lam0p25.json,mlp512x1,vogn,4,val,0.08,0.25,robust_eps0p08_lam0p25,0.07,all,mutual_information,certified_below_threshold,0.9,,0.9573934837092732,,,0.9501069913466036,,1.0,0.475
/home/user/thesis/UncertaintyAndRobustnessInBNNs/runs/mlp512x1/vogn/seed4_eps0p08_lam0p25.json,mlp512x1,vogn,4,val,0.08,0.25,robust_eps0p08_lam0p25,0.07,clean_correct,mutual_information,pgd_failure,,0.88125,0.9710526315789474,0.08980263157894741,0.7657738095238096,0.9027625152625152,0.13698870573870559,0.16666666666666666,0.20833333333333334
/home/user/thesis/UncertaintyAndRobustnessInBNNs/runs/mlp512x1/vogn/seed4_eps0p08_lam0p25.json,mlp512x1,vogn,4,val,0.08,0.25,robust_eps0p08_lam0p25,0.07,clean_correct,mutual_information,certified_below_threshold,0.5,,0.9307692307692308,,,0.8729000482947851,,1.0,0.36585365853658536
/home/user/thesis/UncertaintyAndRobustnessInBNNs/runs/mlp512x1/vogn/seed4_eps0p08_lam0p25.json,mlp512x1,vogn,4,val,0.08,0.25,robust_eps0p08_lam0p25,0.07,clean_correct,mutual_information,certified_below_threshold,0.9,,0.9551820728291317,,,0.9427278785683448,,1.0,0.4473684210526316
/home/user/thesis/UncertaintyAndRobustnessInBNNs/runs/mlp512x1/vogn/seed4_eps0p08_lam0p25.json,mlp512x1,vogn,4,val,0.08,0.25,robust_eps0p08_lam0p25,0.07,all,one_minus_confidence,pgd_failure,,0.9175000000000001,0.8289473684210527,-0.08855263157894744,0.8605555555555555,0.5832681164724508,-0.2772874390831047,0.2,0.24
/home/user/thesis/UncertaintyAndRobustnessInBNNs/runs/mlp512x1/vogn/seed4_eps0p08_lam0p25.json,mlp512x1,vogn,4,val,0.08,0.25,robust_eps0p08_lam0p25,0.07,all,one_minus_confidence,certified_below_threshold,0.5,,0.8393665158371041,,,0.7133165340800562,,1.0,0.3953488372093023
/home/user/thesis/UncertaintyAndRobustnessInBNNs/runs/mlp512x1/vogn/seed4_eps0p08_lam0p25.json,mlp512x1,vogn,4,val,0.08,0.25,robust_eps0p08_lam0p25,0.07,all,one_minus_confidence,certified_below_threshold,0.9,,0.8746867167919798,,,0.8000552528038164,,1.0,0.475
/home/user/thesis/UncertaintyAndRobustnessInBNNs/runs/mlp512x1/vogn/seed4_eps0p08_lam0p25.json,mlp512x1,vogn,4,val,0.08,0.25,robust_eps0p08_lam0p25,0.07,clean_correct,one_minus_confidence,pgd_failure,,0.8968750000000001,0.8263157894736842,-0.07055921052631586,0.7999474789915967,0.5106169269327164,-0.28933055205888025,0.16666666666666666,0.20833333333333334
/home/user/thesis/UncertaintyAndRobustnessInBNNs/runs/mlp512x1/vogn/seed4_eps0p08_lam0p25.json,mlp512x1,vogn,4,val,0.08,0.25,robust_eps0p08_lam0p25,0.07,clean_correct,one_minus_confidence,certified_below_threshold,0.5,,0.8307692307692307,,,0.664065135930461,,1.0,0.36585365853658536
/home/user/thesis/UncertaintyAndRobustnessInBNNs/runs/mlp512x1/vogn/seed4_eps0p08_lam0p25.json,mlp512x1,vogn,4,val,0.08,0.25,robust_eps0p08_lam0p25,0.07,clean_correct,one_minus_confidence,certified_below_threshold,0.9,,0.8683473389355743,,,0.7631882102902864,,1.0,0.4473684210526316
/home/user/thesis/UncertaintyAndRobustnessInBNNs/runs/mlp512x1/vogn/seed4_eps0p08_lam0p25.json,mlp512x1,vogn,4,val,0.08,0.25,robust_eps0p08_lam0p25,0.07,all,predictive_entropy,pgd_failure,,0.9150000000000001,0.8399122807017545,-0.07508771929824565,0.8598048048048048,0.5964609421652766,-0.26334386263952825,0.2,0.24
/home/user/thesis/UncertaintyAndRobustnessInBNNs/runs/mlp512x1/vogn/seed4_eps0p08_lam0p25.json,mlp512x1,vogn,4,val,0.08,0.25,robust_eps0p08_lam0p25,0.07,all,predictive_entropy,certified_below_threshold,0.5,,0.8438914027149322,,,0.7207861886085343,,1.0,0.3953488372093023
/home/user/thesis/UncertaintyAndRobustnessInBNNs/runs/mlp512x1/vogn/seed4_eps0p08_lam0p25.json,mlp512x1,vogn,4,val,0.08,0.25,robust_eps0p08_lam0p25,0.07,all,predictive_entropy,certified_below_threshold,0.9,,0.87468671679198,,,0.8000552528038164,,1.0,0.475
/home/user/thesis/UncertaintyAndRobustnessInBNNs/runs/mlp512x1/vogn/seed4_eps0p08_lam0p25.json,mlp512x1,vogn,4,val,0.08,0.25,robust_eps0p08_lam0p25,0.07,clean_correct,predictive_entropy,pgd_failure,,0.8937500000000002,0.8342105263157895,-0.05953947368421064,0.7991071428571429,0.5211472299630194,-0.2779599128941235,0.16666666666666666,0.20833333333333334
/home/user/thesis/UncertaintyAndRobustnessInBNNs/runs/mlp512x1/vogn/seed4_eps0p08_lam0p25.json,mlp512x1,vogn,4,val,0.08,0.25,robust_eps0p08_lam0p25,0.07,clean_correct,predictive_entropy,certified_below_threshold,0.5,,0.8358974358974359,,,0.6725307443960695,,1.0,0.36585365853658536
/home/user/thesis/UncertaintyAndRobustnessInBNNs/runs/mlp512x1/vogn/seed4_eps0p08_lam0p25.json,mlp512x1,vogn,4,val,0.08,0.25,robust_eps0p08_lam0p25,0.07,clean_correct,predictive_entropy,certified_below_threshold,0.9,,0.8683473389355743,,,0.7631882102902864,,1.0,0.4473684210526316
/home/user/thesis/UncertaintyAndRobustnessInBNNs/runs/mlp512x1/vogn/seed4_eps0p08_lam0p25.json,mlp512x1,vogn,4,val,0.08,0.25,robust_eps0p08_lam0p25,0.08,all,expected_entropy,pgd_failure,,0.9320175438596492,0.7956349206349207,-0.1363826232247285,0.8999656593406594,0.5373171189712543,-0.3626485403694051,0.24,0.28
/home/user/thesis/UncertaintyAndRobustnessInBNNs/runs/mlp512x1/vogn/seed4_eps0p08_lam0p25.json,mlp512x1,vogn,4,val,0.08,0.25,robust_eps0p08_lam0p25,0.08,all,expected_entropy,certified_below_threshold,0.5,,0.8131313131313131,,,0.7099410705534791,,1.0,0.45
/home/user/thesis/UncertaintyAndRobustnessInBNNs/runs/mlp512x1/vogn/seed4_eps0p08_lam0p25.json,mlp512x1,vogn,4,val,0.08,0.25,robust_eps0p08_lam0p25,0.08,all,expected_entropy,certified_below_threshold,0.9,,0.8388157894736842,,,0.7909242236499039,,1.0,0.5428571428571428
/home/user/thesis/UncertaintyAndRobustnessInBNNs/runs/mlp512x1/vogn/seed4_eps0p08_lam0p25.json,mlp512x1,vogn,4,val,0.08,0.25,robust_eps0p08_lam0p25,0.08,clean_correct,expected_entropy,pgd_failure,,0.918421052631579,0.7847222222222223,-0.1336988304093567,0.8673160173160174,0.44322122815190523,-0.42409478916411214,0.20833333333333334,0.25
/home/user/thesis/UncertaintyAndRobustnessInBNNs/runs/mlp512x1/vogn/seed4_eps0p08_lam0p25.json,mlp512x1,vogn,4,val,0.08,0.25,robust_eps0p08_lam0p25,0.08,clean_correct,expected_entropy,certified_below_threshold,0.5,,0.8039772727272727,,,0.6570803650791073,,1.0,0.42105263157894735
/home/user/thesis/UncertaintyAndRobustnessInBNNs/runs/mlp512x1/vogn/seed4_eps0p08_lam0p25.json,mlp512x1,vogn,4,val,0.08,0.25,robust_eps0p08_lam0p25,0.08,clean_correct,expected_entropy,certified_below_threshold,0.9,,0.8308823529411765,,,0.7484380997197424,,1.0,0.5151515151515151
/home/user/thesis/UncertaintyAndRobustnessInBNNs/runs/mlp512x1/vogn/seed4_eps0p08_lam0p25.json,mlp512x1,vogn,4,val,0.08,0.25,robust_eps0p08_lam0p25,0.08,all,mutual_information,pgd_failure,,0.8991228070175439,0.9365079365079365,0.03738512949039263,0.8358966497553455,0.8639172335600906,0.028020583804745147,0.24,0.28
/home/user/thesis/UncertaintyAndRobustnessInBNNs/runs/mlp512x1/vogn/seed4_eps0p08_lam0p25.json,mlp512x1,vogn,4,val,0.08,0.25,robust_eps0p08_lam0p25,0.08,all,mutual_information,certified_below_threshold,0.5,,0.9116161616161615,,,0.8816411101843753,,1.0,0.45
/home/user/thesis/UncertaintyAndRobustnessInBNNs/runs/mlp512x1/vogn/seed4_eps0p08_lam0p25.json,mlp512x1,vogn,4,val,0.08,0.25,robust_eps0p08_lam0p25,0.08,all,mutual_information,certified_below_threshold,0.9,,0.944078947368421,,,0.9501069913466034,,1.0,0.5428571428571428
/home/user/thesis/UncertaintyAndRobustnessInBNNs/runs/mlp512x1/vogn/seed4_eps0p08_lam0p25.json,mlp512x1,vogn,4,val,0.08,0.25,robust_eps0p08_lam0p25,0.08,clean_correct,mutual_information,pgd_failure,,0.8789473684210527,0.9421296296296297,0.06318226120857695,0.7771428571428571,0.8588677526177526,0.08172489547489548,0.20833333333333334,0.25
/home/user/thesis/UncertaintyAndRobustnessInBNNs/runs/mlp512x1/vogn/seed4_eps0p08_lam0p25.json,mlp512x1,vogn,4,val,0.08,0.25,robust_eps0p08_lam0p25,0.08,clean_correct,mutual_information,certified_below_threshold,0.5,,0.9090909090909091,,,0.8659628428954087,,1.0,0.42105263157894735
/home/user/thesis/UncertaintyAndRobustnessInBNNs/runs/mlp512x1/vogn/seed4_eps0p08_lam0p25.json,mlp512x1,vogn,4,val,0.08,0.25,robust_eps0p08_lam0p25,0.08,clean_correct,mutual_information,certified_below_threshold,0.9,,0.9411764705882353,,,0.9427278785683448,,1.0,0.5151515151515151
/home/user/thesis/UncertaintyAndRobustnessInBNNs/runs/mlp512x1/vogn/seed4_eps0p08_lam0p25.json,mlp512x1,vogn,4,val,0.08,0.25,robust_eps0p08_lam0p25,0.08,all,one_minus_confidence,pgd_failure,,0.9210526315789473,0.7976190476190477,-0.12343358395989967,0.8778752436647175,0.5755484954379249,-0.3023267482267926,0.24,0.28
/home/user/thesis/UncertaintyAndRobustnessInBNNs/runs/mlp512x1/vogn/seed4_eps0p08_lam0p25.json,mlp512x1,vogn,4,val,0.08,0.25,robust_eps0p08_lam0p25,0.08,all,one_minus_confidence,certified_below_threshold,0.5,,0.813131313131313,,,0.7207435396892816,,1.0,0.45
/home/user/thesis/UncertaintyAndRobustnessInBNNs/runs/mlp512x1/vogn/seed4_eps0p08_lam0p25.json,mlp512x1,vogn,4,val,0.08,0.25,robust_eps0p08_lam0p25,0.08,all,one_minus_confidence,certified_below_threshold,0.9,,0.8421052631578947,,,0.8040821183867459,,1.0,0.5428571428571428
/home/user/thesis/UncertaintyAndRobustnessInBNNs/runs/mlp512x1/vogn/seed4_eps0p08_lam0p25.json,mlp512x1,vogn,4,val,0.08,0.25,robust_eps0p08_lam0p25,0.08,clean_correct,one_minus_confidence,pgd_failure,,0.9052631578947369,0.7916666666666667,-0.11359649122807014,0.8355672268907564,0.5070358449076985,-0.32853138198305787,0.20833333333333334,0.25
/home/user/thesis/UncertaintyAndRobustnessInBNNs/runs/mlp512x1/vogn/seed4_eps0p08_lam0p25.json,mlp512x1,vogn,4,val,0.08,0.25,robust_eps0p08_lam0p25,0.08,clean_correct,one_minus_confidence,certified_below_threshold,0.5,,0.8039772727272727,,,0.6744414761902184,,1.0,0.42105263157894735
/home/user/thesis/UncertaintyAndRobustnessInBNNs/runs/mlp512x1/vogn/seed4_eps0p08_lam0p25.json,mlp512x1,vogn,4,val,0.08,0.25,robust_eps0p08_lam0p25,0.08,clean_correct,one_minus_confidence,certified_below_threshold,0.9,,0.8345588235294117,,,0.7680459428569973,,1.0,0.5151515151515151
/home/user/thesis/UncertaintyAndRobustnessInBNNs/runs/mlp512x1/vogn/seed4_eps0p08_lam0p25.json,mlp512x1,vogn,4,val,0.08,0.25,robust_eps0p08_lam0p25,0.08,all,predictive_entropy,pgd_failure,,0.918859649122807,0.8075396825396826,-0.11131996658312449,0.8771244929139667,0.5868566317460612,-0.2902678611679055,0.24,0.28
/home/user/thesis/UncertaintyAndRobustnessInBNNs/runs/mlp512x1/vogn/seed4_eps0p08_lam0p25.json,mlp512x1,vogn,4,val,0.08,0.25,robust_eps0p08_lam0p25,0.08,all,predictive_entropy,certified_below_threshold,0.5,,0.8181818181818181,,,0.727798213410622,,1.0,0.45
/home/user/thesis/UncertaintyAndRobustnessInBNNs/runs/mlp512x1/vogn/seed4_eps0p08_lam0p25.json,mlp512x1,vogn,4,val,0.08,0.25,robust_eps0p08_lam0p25,0.08,all,predictive_entropy,certified_below_threshold,0.9,,0.8421052631578947,,,0.8040821183867459,,1.0,0.5428571428571428
/home/user/thesis/UncertaintyAndRobustnessInBNNs/runs/mlp512x1/vogn/seed4_eps0p08_lam0p25.json,mlp512x1,vogn,4,val,0.08,0.25,robust_eps0p08_lam0p25,0.08,clean_correct,predictive_entropy,pgd_failure,,0.9026315789473685,0.7986111111111112,-0.10402046783625729,0.8347268907563025,0.515811097432951,-0.3189157933233515,0.20833333333333334,0.25
/home/user/thesis/UncertaintyAndRobustnessInBNNs/runs/mlp512x1/vogn/seed4_eps0p08_lam0p25.json,mlp512x1,vogn,4,val,0.08,0.25,robust_eps0p08_lam0p25,0.08,clean_correct,predictive_entropy,certified_below_threshold,0.5,,0.8096590909090908,,,0.6823779841267263,,1.0,0.42105263157894735
/home/user/thesis/UncertaintyAndRobustnessInBNNs/runs/mlp512x1/vogn/seed4_eps0p08_lam0p25.json,mlp512x1,vogn,4,val,0.08,0.25,robust_eps0p08_lam0p25,0.08,clean_correct,predictive_entropy,certified_below_threshold,0.9,,0.8345588235294118,,,0.7680459428569973,,1.0,0.5151515151515151
/home/user/thesis/UncertaintyAndRobustnessInBNNs/runs/mlp512x1/vogn/seed4_eps0p08_lam0p25.json,mlp512x1,vogn,4,val,0.08,0.25,robust_eps0p08_lam0p25,0.1,all,expected_entropy,pgd_failure,,0.8605769230769231,0.7777777777777778,-0.08279914529914534,0.8621629735989313,0.5781974335106206,-0.28396554008831076,0.48,0.36
/home/user/thesis/UncertaintyAndRobustnessInBNNs/runs/mlp512x1/vogn/seed4_eps0p08_lam0p25.json,mlp512x1,vogn,4,val,0.08,0.25,robust_eps0p08_lam0p25,0.1,all,expected_entropy,certified_below_threshold,0.5,,0.8,,,0.9098947624317335,,1.0,0.8148148148148148
/home/user/thesis/UncertaintyAndRobustnessInBNNs/runs/mlp512x1/vogn/seed4_eps0p08_lam0p25.json,mlp512x1,vogn,4,val,0.08,0.25,robust_eps0p08_lam0p25,0.1,all,expected_entropy,certified_below_threshold,0.9,,1.0,,,0.9999999999999999,,1.0,0.9032258064516129
/home/user/thesis/UncertaintyAndRobustnessInBNNs/runs/mlp512x1/vogn/seed4_eps0p08_lam0p25.json,mlp512x1,vogn,4,val,0.08,0.25,robust_eps0p08_lam0p25,0.1,clean_correct,expected_entropy,pgd_failure,,0.8479020979020979,0.765625,-0.08227709790209792,0.8362214239549302,0.5019735234264023,-0.3342479005285278,0.4583333333333333,0.3333333333333333
/home/user/thesis/UncertaintyAndRobustnessInBNNs/runs/mlp512x1/vogn/seed4_eps0p08_lam0p25.json,mlp512x1,vogn,4,val,0.08,0.25,robust_eps0p08_lam0p25,0.1,clean_correct,expected_entropy,certified_below_threshold,0.5,,0.79,,,0.8883056578354567,,1.0,0.8
/home/user/thesis/UncertaintyAndRobustnessInBNNs/runs/mlp512x1/vogn/seed4_eps0p08_lam0p25.json,mlp512x1,vogn,4,val,0.08,0.25,robust_eps0p08_lam0p25,0.1,clean_correct,expected_entropy,certified_below_threshold,0.9,,1.0,,,0.9999999999999999,,1.0,0.896551724137931
/home/user/thesis/UncertaintyAndRobustnessInBNNs/runs/mlp512x1/vogn/seed4_eps0p08_lam0p25.json,mlp512x1,vogn,4,val,0.08,0.25,robust_eps0p08_lam0p25,0.1,all,mutual_information,pgd_failure,,0.8141025641025641,0.9079861111111112,0.09388354700854706,0.8229465452121912,0.8485051214217881,0.025558576209596895,0.48,0.36
/home/user/thesis/UncertaintyAndRobustnessInBNNs/runs/mlp512x1/vogn/seed4_eps0p08_lam0p25.json,mlp512x1,vogn,4,val,0.08,0.25,robust_eps0p08_lam0p25,0.1,all,mutual_information,certified_below_threshold,0.5,,0.8727272727272727,,,0.9638285811382795,,1.0,0.8148148148148148
/home/user/thesis/UncertaintyAndRobustnessInBNNs/runs/mlp512x1/vogn/seed4_eps0p08_lam0p25.json,mlp512x1,vogn,4,val,0.08,0.25,robust_eps0p08_lam0p25,0.1,all,mutual_information,certified_below_threshold,0.9,,1.0,,,0.9999999999999999,,1.0,0.9032258064516129
/home/user/thesis/UncertaintyAndRobustnessInBNNs/runs/mlp512x1/vogn/seed4_eps0p08_lam0p25.json,mlp512x1,vogn,4,val,0.08,0.25,robust_eps0p08_lam0p25,0.1,clean_correct,mutual_information,pgd_failure,,0.7972027972027972,0.908203125,0.11100032779720281,0.789368395666689,0.8346948373264163,0.04532644165972721,0.4583333333333333,0.3333333333333333
/home/user/thesis/UncertaintyAndRobustnessInBNNs/runs/mlp512x1/vogn/seed4_eps0p08_lam0p25.json,mlp512x1,vogn,4,val,0.08,0.25,robust_eps0p08_lam0p25,0.1,clean_correct,mutual_information,certified_below_threshold,0.5,,0.87,,,0.9597540705338693,,1.0,0.8
/home/user/thesis/UncertaintyAndRobustnessInBNNs/runs/mlp512x1/vogn/seed4_eps0p08_lam0p25.json,mlp512x1,vogn,4,val,0.08,0.25,robust_eps0p08_lam0p25,0.1,clean_correct,mutual_information,certified_below_threshold,0.9,,1.0,,,0.9999999999999999,,1.0,0.896551724137931
/home/user/thesis/UncertaintyAndRobustnessInBNNs/runs/mlp512x1/vogn/seed4_eps0p08_lam0p25.json,mlp512x1,vogn,4,val,0.08,0.25,robust_eps0p08_lam0p25,0.1,all,one_minus_confidence,pgd_failure,,0.8445512820512822,0.7777777777777778,-0.06677350427350437,0.8561256729478814,0.6057774420688901,-0.2503482308789914,0.48,0.36
/home/user/thesis/UncertaintyAndRobustnessInBNNs/runs/mlp512x1/vogn/seed4_eps0p08_lam0p25.json,mlp512x1,vogn,4,val,0.08,0.25,robust_eps0p08_lam0p25,0.1,all,one_minus_confidence,certified_below_threshold,0.5,,0.8090909090909091,,,0.9212583987953699,,1.0,0.8148148148148148
/home/user/thesis/UncertaintyAndRobustnessInBNNs/runs/mlp512x1/vogn/seed4_eps0p08_lam0p25.json,mlp512x1,vogn,4,val,0.08,0.25,robust_eps0p08_lam0p25,0.1,all,one_minus_confidence,certified_below_threshold,0.9,,1.0,,,0.9999999999999999,,1.0,0.9032258064516129
/home/user/thesis/UncertaintyAndRobustnessInBNNs/runs/mlp512x1/vogn/seed4_eps0p08_lam0p25.json,mlp512x1,vogn,4,val,0.08,0.25,robust_eps0p08_lam0p25,0.1,clean_correct,one_minus_confidence,pgd_failure,,0.8304195804195804,0.767578125,-0.06284145541958042,0.8300172970621891,0.5462375926904717,-0.2837797043717174,0.4583333333333333,0.3333333333333333
/home/user/thesis/UncertaintyAndRobustnessInBNNs/runs/mlp512x1/vogn/seed4_eps0p08_lam0p25.json,mlp512x1,vogn,4,val,0.08,0.25,robust_eps0p08_lam0p25,0.1,clean_correct,one_minus_confidence,certified_below_threshold,0.5,,0.8,,,0.9049723245021233,,1.0,0.8
/home/user/thesis/UncertaintyAndRobustnessInBNNs/runs/mlp512x1/vogn/seed4_eps0p08_lam0p25.json,mlp512x1,vogn,4,val,0.08,0.25,robust_eps0p08_lam0p25,0.1,clean_correct,one_minus_confidence,certified_below_threshold,0.9,,1.0,,,0.9999999999999999,,1.0,0.896551724137931
/home/user/thesis/UncertaintyAndRobustnessInBNNs/runs/mlp512x1/vogn/seed4_eps0p08_lam0p25.json,mlp512x1,vogn,4,val,0.08,0.25,robust_eps0p08_lam0p25,0.1,all,predictive_entropy,pgd_failure,,0.8493589743589743,0.7864583333333333,-0.06290064102564108,0.8584345698464617,0.6150941787406992,-0.24334039110576255,0.48,0.36
/home/user/thesis/UncertaintyAndRobustnessInBNNs/runs/mlp512x1/vogn/seed4_eps0p08_lam0p25.json,mlp512x1,vogn,4,val,0.08,0.25,robust_eps0p08_lam0p25,0.1,all,predictive_entropy,certified_below_threshold,0.5,,0.8090909090909091,,,0.9212583987953699,,1.0,0.8148148148148148
/home/user/thesis/UncertaintyAndRobustnessInBNNs/runs/mlp512x1/vogn/seed4_eps0p08_lam0p25.json,mlp512x1,vogn,4,val,0.08,0.25,robust_eps0p08_lam0p25,0.1,all,predictive_entropy,certified_below_threshold,0.9,,1.0,,,0.9999999999999999,,1.0,0.9032258064516129
/home/user/thesis/UncertaintyAndRobustnessInBNNs/runs/mlp512x1/vogn/seed4_eps0p08_lam0p25.json,mlp512x1,vogn,4,val,0.08,0.25,robust_eps0p08_lam0p25,0.1,clean_correct,predictive_entropy,pgd_failure,,0.8356643356643356,0.775390625,-0.06027371066433562,0.8325510695568032,0.554577690093069,-0.27797337946373424,0.4583333333333333,0.3333333333333333
/home/user/thesis/UncertaintyAndRobustnessInBNNs/runs/mlp512x1/vogn/seed4_eps0p08_lam0p25.json,mlp512x1,vogn,4,val,0.08,0.25,robust_eps0p08_lam0p25,0.1,clean_correct,predictive_entropy,certified_below_threshold,0.5,,0.8,,,0.9049723245021233,,1.0,0.8
/home/user/thesis/UncertaintyAndRobustnessInBNNs/runs/mlp512x1/vogn/seed4_eps0p08_lam0p25.json,mlp512x1,vogn,4,val,0.08,0.25,robust_eps0p08_lam0p25,0.1,clean_correct,predictive_entropy,certified_below_threshold,0.9,,1.0,,,0.9999999999999999,,1.0,0.896551724137931
