family,condition,seed,train_eps,rob_lam,eps,score,variant,target,score_constant,auroc,auprc,prevalence,n_used,neg_spearman_p_safe,neg_spearman_p_safe_optimistic,n_conclusive,n_inconclusive
bbb,robust,0,0.08,0.25,0.01,mutual_information,clean,adv_error,False,,,0.0,50,,,,
bbb,robust,0,0.08,0.25,0.01,mutual_information,clean,cert_fail_tau0.5,False,,,0.0,50,,,50.0,0.0
bbb,robust,0,0.08,0.25,0.01,mutual_information,clean,cert_fail_tau0.9,False,,,0.0,50,,,50.0,0.0
bbb,robust,0,0.08,0.25,0.01,mutual_information,clean,cert_fail_tau0.95,True,,,,0,,,0.0,50.0
bbb,robust,0,0.08,0.25,0.01,mutual_information,adv,adv_error,False,,,0.0,50,,,,
bbb,robust,0,0.08,0.25,0.01,mutual_information,adv,cert_fail_tau0.5,False,,,0.0,50,,,50.0,0.0
bbb,robust,0,0.08,0.25,0.01,mutual_information,adv,cert_fail_tau0.9,False,,,0.0,50,,,50.0,0.0
bbb,robust,0,0.08,0.25,0.01,mutual_information,adv,cert_fail_tau0.95,True,,,,0,,,0.0,50.0
bbb,robust,0,0.08,0.25,0.01,mutual_information,delta,adv_error,False,,,0.0,50,,,,
bbb,robust,0,0.08,0.25,0.01,mutual_information,delta,cert_fail_tau0.5,False,,,0.0,50,,,50.0,0.0
bbb,robust,0,0.08,0.25,0.01,mutual_information,delta,cert_fail_tau0.9,False,,,0.0,50,,,50.0,0.0
bbb,robust,0,0.08,0.25,0.01,mutual_information,delta,cert_fail_tau0.95,True,,,,0,,,0.0,50.0
bbb,robust,0,0.08,0.25,0.01,one_minus_confidence,clean,adv_error,False,,,0.0,50,,,,
bbb,robust,0,0.08,0.25,0.01,one_minus_confidence,clean,cert_fail_tau0.5,False,,,0.0,50,,,50.0,0.0
bbb,robust,0,0.08,0.25,0.01,one_minus_confidence,clean,cert_fail_tau0.9,False,,,0.0,50,,,50.0,0.0
bbb,robust,0,0.08,0.25,0.01,one_minus_confidence,clean,cert_fail_tau0.95,True,,,,0,,,0.0,50.0
bbb,robust,0,0.08,0.25,0.01,one_minus_confidence,adv,adv_error,False,,,0.0,50,,,,
bbb,robust,0,0.08,0.25,0.01,one_minus_confidence,adv,cert_fail_tau0.5,False,,,0.0,50,,,50.0,0.0
bbb,robust,0,0.08,0.25,0.01,one_minus_confidence,adv,cert_fail_tau0.9,False,,,0.0,50,,,50.0,0.0
bbb,robust,0,0.08,0.25,0.01,one_minus_confidence,adv,cert_fail_tau0.95,True,,,,0,,,0.0,50.0
bbb,robust,0,0.08,0.25,0.01,one_minus_confidence,delta,adv_error,False,,,0.0,50,,,,
bbb,robust,0,0.08,0.25,0.01,one_minus_confidence,delta,cert_fail_tau0.5,False,,,0.0,50,,,50.0,0.0
bbb,robust,0,0.08,0.25,0.01,one_minus_confidence,delta,cert_fail_tau0.9,False,,,0.0,50,,,50.0,0.0
bbb,robust,0,0.08,0.25,0.01,one_minus_confidence,delta,cert_fail_tau0.95,True,,,,0,,,0.0,50.0
bbb,robust,0,0.08,0.25,0.03,mutual_information,clean,adv_error,False,,,0.0,50,,,,
bbb,robust,0,0.08,0.25,0.03,mutual_information,clean,cert_fail_tau0.5,True,,,,0,,,0.0,50.0
bbb,robust,0,0.08,0.25,0.03,mutual_information,clean,cert_fail_tau0.9,True,,,,0,,,0.0,50.0
bbb,robust,0,0.08,0.25,0.03,mutual_information,clean,cert_fail_tau0.95,True,,,,0,,,0.0,50.0
bbb,robust,0,0.08,0.25,0.03,mutual_information,adv,adv_error,False,,,0.0,50,,,,
bbb,robust,0,0.08,0.25,0.03,mutual_information,adv,cert_fail_tau0.5,True,,,,0,,,0.0,50.0
bbb,robust,0,0.08,0.25,0.03,mutual_information,adv,cert_fail_tau0.9,True,,,,0,,,0.0,50.0
bbb,robust,0,0.08,0.25,0.03,mutual_information,adv,cert_fail_tau0.95,True,,,,0,,,0.0,50.0
bbb,robust,0,0.08,0.25,0.03,mutual_information,delta,adv_error,False,,,0.0,50,,,,
bbb,robust,0,0.08,0.25,0.03,mutual_information,delta,cert_fail_tau0.5,True,,,,0,,,0.0,50.0
bbb,robust,0,0.08,0.25,0.03,mutual_information,delta,cert_fail_tau0.9,True,,,,0,,,0.0,50.0
bbb,robust,0,0.08,0.25,0.03,mutual_information,delta,cert_fail_tau0.95,True,,,,0,,,0.0,50.0
bbb,robust,0,0.08,0.25,0.03,one_minus_confidence,clean,adv_error,False,,,0.0,50,,,,
bbb,robust,0,0.08,0.25,0.03,one_minus_confidence,clean,cert_fail_tau0.5,True,,,,0,,,0.0,50.0
bbb,robust,0,0.08,0.25,0.03,one_minus_confidence,clean,cert_fail_tau0.9,True,,,,0,,,0.0,50.0
bbb,robust,0,0.08,0.25,0.03,one_minus_confidence,clean,cert_fail_tau0.95,True,,,,0,,,0.0,50.0
bbb,robust,0,0.08,0.25,0.03,one_minus_confidence,adv,adv_error,False,,,0.0,50,,,,
bbb,robust,0,0.08,0.25,0.03,one_minus_confidence,adv,cert_fail_tau0.5,True,,,,0,,,0.0,50.0
bbb,robust,0,0.08,0.25,0.03,one_minus_confidence,adv,cert_fail_tau0.9,True,,,,0,,,0.0,50.0
bbb,robust,0,0.08,0.25,0.03,one_minus_confidence,adv,cert_fail_tau0.95,True,,,,0,,,0.0,50.0
bbb,robust,0,0.08,0.25,0.03,one_minus_confidence,delta,adv_error,False,,,0.0,50,,,,
bbb,robust,0,0.08,0.25,0.03,one_minus_confidence,delta,cert_fail_tau0.5,True,,,,0,,,0.0,50.0
bbb,robust,0,0.08,0.25,0.03,one_minus_confidence,delta,cert_fail_tau0.9,True,,,,0,,,0.0,50.0
bbb,robust,0,0.08,0.25,0.03,one_minus_confidence,delta,cert_fail_tau0.95,True,,,,0,,,0.0,50.0
bbb,robust,0,0.08,0.25,0.05,mutual_information,clean,adv_error,False,0.9787234042553191,0.8333333333333333,0.06,50,0.4977610319260093,0.45947093259881017,,
bbb,robust,0,0.08,0.25,0.05,mutual_information,clean,cert_fail_tau0.5,False,0.9855072463768116,0.8666666666666667,0.061224489795918366,49,,,49.0,1.0
bbb,robust,0,0.08,0.25,0.05,mutual_information,clean,cert_fail_tau0.9,False,0.9888888888888889,0.9166666666666666,0.08163265306122448,49,,,49.0,1.0
bbb,robust,0,0.08,0.25,0.05,mutual_information,clean,cert_fail_tau0.95,False,,1.0,1.0,4,,,4.0,46.0
bbb,robust,0,0.08,0.25,0.05,mutual_information,adv,adv_error,False,0.9787234042553191,0.6388888888888888,0.06,50,0.5108624344345344,0.46906876985754087,,
bbb,robust,0,0.08,0.25,0.05,mutual_information,adv,cert_fail_tau0.5,False,1.0,1.0,0.061224489795918366,49,,,49.0,1.0
bbb,robust,0,0.08,0.25,0.05,mutual_information,adv,cert_fail_tau0.9,False,1.0,1.0,0.08163265306122448,49,,,49.0,1.0
bbb,robust,0,0.08,0.25,0.05,mutual_information,adv,cert_fail_tau0.95,False,,1.0,1.0,4,,,4.0,46.0
bbb,robust,0,0.08,0.25,0.05,mutual_information,delta,adv_error,False,0.9787234042553191,0.6388888888888888,0.06,50,0.515106550740113,0.46906876985754087,,
bbb,robust,0,0.08,0.25,0.05,mutual_information,delta,cert_fail_tau0.5,False,1.0,1.0,0.061224489795918366,49,,,49.0,1.0
bbb,robust,0,0.08,0.25,0.05,mutual_information,delta,cert_fail_tau0.9,False,1.0,1.0,0.08163265306122448,49,,,49.0,1.0
bbb,robust,0,0.08,0.25,0.05,mutual_information,delta,cert_fail_tau0.95,False,,1.0,1.0,4,,,4.0,46.0
bbb,robust,0,0.08,0.25,0.05,one_minus_confidence,clean,adv_error,False,0.9361702127659575,0.4206349206349207,0.06,50,0.4650994414513456,0.42710131033908355,,
bbb,robust,0,0.08,0.25,0.05,one_minus_confidence,clean,cert_fail_tau0.5,False,0.9492753623188406,0.4666666666666667,0.061224489795918366,49,,,49.0,1.0
bbb,robust,0,0.08,0.25,0.05,one_minus_confidence,clean,cert_fail_tau0.9,False,0.9444444444444444,0.4928571428571428,0.08163265306122448,49,,,49.0,1.0
bbb,robust,0,0.08,0.25,0.05,one_minus_confidence,clean,cert_fail_tau0.95,False,,1.0,1.0,4,,,4.0,46.0
bbb,robust,0,0.08,0.25,0.05,one_minus_confidence,adv,adv_error,False,0.9716312056737588,0.5888888888888888,0.06,50,0.5104314213247187,0.46397284403953326,,
bbb,robust,0,0.08,0.25,0.05,one_minus_confidence,adv,cert_fail_tau0.5,False,0.9927536231884058,0.9166666666666666,0.061224489795918366,49,,,49.0,1.0
bbb,robust,0,0.08,0.25,0.05,one_minus_confidence,adv,cert_fail_tau0.9,False,0.9944444444444445,0.95,0.08163265306122448,49,,,49.0,1.0
bbb,robust,0,0.08,0.25,0.05,one_minus_confidence,adv,cert_fail_tau0.95,False,,1.0,1.0,4,,,4.0,46.0
bbb,robust,0,0.08,0.25,0.05,one_minus_confidence,delta,adv_error,False,0.9645390070921985,0.5555555555555556,0.06,50,0.5098777079766899,0.45876425609191795,,
bbb,robust,0,0.08,0.25,0.05,one_minus_confidence,delta,cert_fail_tau0.5,False,0.9855072463768116,0.8666666666666667,0.061224489795918366,49,,,49.0,1.0
bbb,robust,0,0.08,0.25,0.05,one_minus_confidence,delta,cert_fail_tau0.9,False,0.9944444444444445,0.95,0.08163265306122448,49,,,49.0,1.0
bbb,robust,0,0.08,0.25,0.05,one_minus_confidence,delta,cert_fail_tau0.95,False,,1.0,1.0,4,,,4.0,46.0
bbb,robust,0,0.08,0.25,0.07,mutual_information,clean,adv_error,False,0.9891304347826086,0.9166666666666666,0.08,50,0.43566026559321425,0.5039867673839893,,
bbb,robust,0,0.08,0.25,0.07,mutual_information,clean,cert_fail_tau0.5,False,0.9886363636363636,0.9166666666666666,0.08333333333333333,48,,,48.0,2.0
bbb,robust,0,0.08,0.25,0.07,mutual_information,clean,cert_fail_tau0.9,False,0.9880952380952381,0.9166666666666666,0.08695652173913043,46,,,46.0,4.0
bbb,robust,0,0.08,0.25,0.07,mutual_information,clean,cert_fail_tau0.95,False,,1.0,1.0,4,,,4.0,46.0
bbb,robust,0,0.08,0.25,0.07,mutual_information,adv,adv_error,False,0.9184782608695652,0.5590659340659341,0.08,50,0.6037028057969592,0.5112206200060155,,
bbb,robust,0,0.08,0.25,0.07,mutual_information,adv,cert_fail_tau0.5,False,0.9318181818181818,0.5909090909090909,0.08333333333333333,48,,,48.0,2.0
bbb,robust,0,0.08,0.25,0.07,mutual_information,adv,cert_fail_tau0.9,False,0.9642857142857143,0.7986111111111112,0.08695652173913043,46,,,46.0,4.0
bbb,robust,0,0.08,0.25,0.07,mutual_information,adv,cert_fail_tau0.95,False,,1.0,1.0,4,,,4.0,46.0
bbb,robust,0,0.08,0.25,0.07,mutual_information,delta,adv_error,False,0.717391304347826,0.495,0.08,50,0.45998914971952953,0.3482461756391902,,
bbb,robust,0,0.08,0.25,0.07,mutual_information,delta,cert_fail_tau0.5,False,0.7272727272727273,0.5458333333333334,0.08333333333333333,48,,,48.0,2.0
bbb,robust,0,0.08,0.25,0.07,mutual_information,delta,cert_fail_tau0.9,False,0.75,0.7717391304347826,0.08695652173913043,46,,,46.0,4.0
bbb,robust,0,0.08,0.25,0.07,mutual_information,delta,cert_fail_tau0.95,False,,1.0,1.0,4,,,4.0,46.0
bbb,robust,0,0.08,0.25,0.07,one_minus_confidence,clean,adv_error,False,0.9456521739130435,0.4928571428571428,0.08,50,0.45166228193117564,0.4700786221649669,,
bbb,robust,0,0.08,0.25,0.07,one_minus_confidence,clean,cert_fail_tau0.5,False,0.9431818181818182,0.4928571428571428,0.08333333333333333,48,,,48.0,2.0
bbb,robust,0,0.08,0.25,0.07,one_minus_confidence,clean,cert_fail_tau0.9,False,0.9404761904761905,0.4928571428571428,0.08695652173913043,46,,,46.0,4.0
bbb,robust,0,0.08,0.25,0.07,one_minus_confidence,clean,cert_fail_tau0.95,False,,1.0,1.0,4,,,4.0,46.0
bbb,robust,0,0.08,0.25,0.07,one_minus_confidence,adv,adv_error,False,0.8858695652173914,0.5276315789473685,0.08,50,0.5576946845273901,0.49199889528665414,,
bbb,robust,0,0.08,0.25,0.07,one_minus_confidence,adv,cert_fail_tau0.5,False,0.9034090909090909,0.5838235294117647,0.08333333333333333,48,,,48.0,2.0
bbb,robust,0,0.08,0.25,0.07,one_minus_confidence,adv,cert_fail_tau0.9,False,0.9226190476190477,0.6708333333333333,0.08695652173913043,46,,,46.0,4.0
bbb,robust,0,0.08,0.25,0.07,one_minus_confidence,adv,cert_fail_tau0.95,False,,1.0,1.0,4,,,4.0,46.0
bbb,robust,0,0.08,0.25,0.07,one_minus_confidence,delta,adv_error,False,0.717391304347826,0.495,0.08,50,0.4374784883488766,0.35216942201975004,,
bbb,robust,0,0.08,0.25,0.07,one_minus_confidence,delta,cert_fail_tau0.5,False,0.7272727272727273,0.5458333333333334,0.08333333333333333,48,,,48.0,2.0
bbb,robust,0,0.08,0.25,0.07,one_minus_confidence,delta,cert_fail_tau0.9,False,0.7380952380952381,0.6259057971014492,0.08695652173913043,46,,,46.0,4.0
bbb,robust,0,0.08,0.25,0.07,one_minus_confidence,delta,cert_fail_tau0.95,False,,1.0,1.0,4,,,4.0,46.0
bbb,robust,0,0.08,0.25,0.08,mutual_information,clean,adv_error,False,0.9891304347826086,0.9166666666666666,0.08,50,0.374552987558784,0.40974744196216145,,
bbb,robust,0,0.08,0.25,0.08,mutual_information,clean,cert_fail_tau0.5,False,0.9541666666666667,0.8238095238095238,0.13043478260869565,46,,,46.0,4.0
bbb,robust,0,0.08,0.25,0.08,mutual_information,clean,cert_fail_tau0.9,False,0.9529914529914529,0.8238095238095238,0.13333333333333333,45,,,45.0,5.0
bbb,robust,0,0.08,0.25,0.08,mutual_information,clean,cert_fail_tau0.95,False,,1.0,1.0,6,,,6.0,44.0
bbb,robust,0,0.08,0.25,0.08,mutual_information,adv,adv_error,False,0.8152173913043478,0.4342948717948718,0.08,50,0.6020382785254382,0.4766449835070042,,
bbb,robust,0,0.08,0.25,0.08,mutual_information,adv,cert_fail_tau0.5,False,0.9041666666666667,0.6533910533910533,0.13043478260869565,46,,,46.0,4.0
bbb,robust,0,0.08,0.25,0.08,mutual_information,adv,cert_fail_tau0.9,False,0.9188034188034188,0.7226190476190476,0.13333333333333333,45,,,45.0,5.0
bbb,robust,0,0.08,0.25,0.08,mutual_information,adv,cert_fail_tau0.95,False,,1.0,1.0,6,,,6.0,44.0
bbb,robust,0,0.08,0.25,0.08,mutual_information,delta,adv_error,False,0.6739130434782609,0.4006818181818182,0.08,50,0.5169886307149415,0.3669011594012979,,
bbb,robust,0,0.08,0.25,0.08,mutual_information,delta,cert_fail_tau0.5,False,0.8,0.6147946859903382,0.13043478260869565,46,,,46.0,4.0
bbb,robust,0,0.08,0.25,0.08,mutual_information,delta,cert_fail_tau0.9,False,0.811965811965812,0.6773809523809524,0.13333333333333333,45,,,45.0,5.0
bbb,robust,0,0.08,0.25,0.08,mutual_information,delta,cert_fail_tau0.95,False,,1.0,1.0,6,,,6.0,44.0
bbb,robust,0,0.08,0.25,0.08,one_minus_confidence,clean,adv_error,False,0.9456521739130435,0.4928571428571428,0.08,50,0.3711719876906917,0.4349402845086199,,
bbb,robust,0,0.08,0.25,0.08,one_minus_confidence,clean,cert_fail_tau0.5,False,0.9208333333333333,0.5486111111111112,0.13043478260869565,46,,,46.0,4.0
bbb,robust,0,0.08,0.25,0.08,one_minus_confidence,clean,cert_fail_tau0.9,False,0.9188034188034188,0.5486111111111112,0.13333333333333333,45,,,45.0,5.0
bbb,robust,0,0.08,0.25,0.08,one_minus_confidence,clean,cert_fail_tau0.95,False,,1.0,1.0,6,,,6.0,44.0
bbb,robust,0,0.08,0.25,0.08,one_minus_confidence,adv,adv_error,False,0.7880434782608695,0.2727342549923195,0.08,50,0.5398272275173063,0.4822994185661516,,
bbb,robust,0,0.08,0.25,0.08,one_minus_confidence,adv,cert_fail_tau0.5,False,0.9125,0.8703703703703703,0.13043478260869565,46,,,46.0,4.0
bbb,robust,0,0.08,0.25,0.08,one_minus_confidence,adv,cert_fail_tau0.9,False,0.9145299145299145,0.8717948717948718,0.13333333333333333,45,,,45.0,5.0
bbb,robust,0,0.08,0.25,0.08,one_minus_confidence,adv,cert_fail_tau0.95,False,,1.0,1.0,6,,,6.0,44.0
bbb,robust,0,0.08,0.25,0.08,one_minus_confidence,delta,adv_error,False,0.6847826086956522,0.2604761904761905,0.08,50,0.4832775751531409,0.40210200864275086,,
bbb,robust,0,0.08,0.25,0.08,one_minus_confidence,delta,cert_fail_tau0.5,False,0.8333333333333334,0.855072463768116,0.13043478260869565,46,,,46.0,4.0
bbb,robust,0,0.08,0.25,0.08,one_minus_confidence,delta,cert_fail_tau0.9,False,0.8333333333333334,0.8555555555555556,0.13333333333333333,45,,,45.0,5.0
bbb,robust,0,0.08,0.25,0.08,one_minus_confidence,delta,cert_fail_tau0.95,False,,1.0,1.0,6,,,6.0,44.0
bbb,robust,0,0.08,0.25,0.1,mutual_information,clean,adv_error,False,0.7940379403794038,0.6356794596528896,0.18,50,0.24059922176980447,0.40124015159264387,,
bbb,robust,0,0.08,0.25,0.1,mutual_information,clean,cert_fail_tau0.5,False,0.7875,0.6922161172161172,0.21052631578947367,38,,,38.0,12.0
bbb,robust,0,0.08,0.25,0.1,mutual_information,clean,cert_fail_tau0.9,False,0.724,0.6655777555777556,0.2857142857142857,35,,,35.0,15.0
bbb,robust,0,0.08,0.25,0.1,mutual_information,clean,cert_fail_tau0.95,False,,1.0,1.0,10,,,10.0,40.0
bbb,robust,0,0.08,0.25,0.1,mutual_information,adv,adv_error,False,0.7154471544715447,0.41956037226521514,0.18,50,0.7136887548127142,0.39771149659782523,,
bbb,robust,0,0.08,0.25,0.1,mutual_information,adv,cert_fail_tau0.5,False,0.8166666666666667,0.7533106960950764,0.21052631578947367,38,,,38.0,12.0
bbb,robust,0,0.08,0.25,0.1,mutual_information,adv,cert_fail_tau0.9,False,0.872,0.8457983193277311,0.2857142857142857,35,,,35.0,15.0
bbb,robust,0,0.08,0.25,0.1,mutual_information,adv,cert_fail_tau0.95,False,,1.0,1.0,10,,,10.0,40.0
bbb,robust,0,0.08,0.25,0.1,mutual_information,delta,adv_error,False,0.6829268292682927,0.403342135956515,0.18,50,0.6912976987315061,0.3575489870204356,,
bbb,robust,0,0.08,0.25,0.1,mutual_information,delta,cert_fail_tau0.5,False,0.7791666666666667,0.7242324561403508,0.21052631578947367,38,,,38.0,12.0
bbb,robust,0,0.08,0.25,0.1,mutual_information,delta,cert_fail_tau0.9,False,0.836,0.8232142857142858,0.2857142857142857,35,,,35.0,15.0
bbb,robust,0,0.08,0.25,0.1,mutual_information,delta,cert_fail_tau0.95,False,,1.0,1.0,10,,,10.0,40.0
bbb,robust,0,0.08,0.25,0.1,one_minus_confidence,clean,adv_error,False,0.7655826558265583,0.4237763253449528,0.18,50,0.24981848899260897,0.37221431474911565,,
bbb,robust,0,0.08,0.25,0.1,one_minus_confidence,clean,cert_fail_tau0.5,False,0.7666666666666667,0.4852391577720525,0.21052631578947367,38,,,38.0,12.0
bbb,robust,0,0.08,0.25,0.1,one_minus_confidence,clean,cert_fail_tau0.9,False,0.704,0.4927963702963702,0.2857142857142857,35,,,35.0,15.0
bbb,robust,0,0.08,0.25,0.1,one_minus_confidence,clean,cert_fail_tau0.95,False,,1.0,1.0,10,,,10.0,40.0
bbb,robust,0,0.08,0.25,0.1,one_minus_confidence,adv,adv_error,False,0.7398373983739838,0.4646183680009272,0.18,50,0.6586004789867511,0.4411460317158649,,
bbb,robust,0,0.08,0.25,0.1,one_minus_confidence,adv,cert_fail_tau0.5,False,0.8291666666666667,0.7837977296181631,0.21052631578947367,38,,,38.0,12.0
bbb,robust,0,0.08,0.25,0.1,one_minus_confidence,adv,cert_fail_tau0.9,False,0.864,0.8523537582960333,0.2857142857142857,35,,,35.0,15.0
bbb,robust,0,0.08,0.25,0.1,one_minus_confidence,adv,cert_fail_tau0.95,False,,1.0,1.0,10,,,10.0,40.0
bbb,robust,0,0.08,0.25,0.1,one_minus_confidence,delta,adv_error,False,0.7235772357723578,0.46114142937672353,0.18,50,0.6497068352161779,0.4192042133844475,,
bbb,robust,0,0.08,0.25,0.1,one_minus_confidence,delta,cert_fail_tau0.5,False,0.8083333333333333,0.7867324561403508,0.21052631578947367,38,,,38.0,12.0
bbb,robust,0,0.08,0.25,0.1,one_minus_confidence,delta,cert_fail_tau0.9,False,0.848,0.8535714285714286,0.2857142857142857,35,,,35.0,15.0
bbb,robust,0,0.08,0.25,0.1,one_minus_confidence,delta,cert_fail_tau0.95,False,,1.0,1.0,10,,,10.0,40.0
bbb,robust,0,0.08,0.25,0.15,mutual_information,clean,adv_error,False,0.534621578099839,0.6393724595226339,0.54,50,,,,
bbb,robust,0,0.08,0.25,0.15,mutual_information,clean,cert_fail_tau0.5,True,,,,0,,,0.0,50.0
bbb,robust,0,0.08,0.25,0.15,mutual_information,clean,cert_fail_tau0.9,True,,,,0,,,0.0,50.0
bbb,robust,0,0.08,0.25,0.15,mutual_information,clean,cert_fail_tau0.95,True,,,,0,,,0.0,50.0
bbb,robust,0,0.08,0.25,0.15,mutual_information,adv,adv_error,False,0.5619967793880838,0.6212197393105885,0.54,50,,,,
bbb,robust,0,0.08,0.25,0.15,mutual_information,adv,cert_fail_tau0.5,True,,,,0,,,0.0,50.0
bbb,robust,0,0.08,0.25,0.15,mutual_information,adv,cert_fail_tau0.9,True,,,,0,,,0.0,50.0
bbb,robust,0,0.08,0.25,0.15,mutual_information,adv,cert_fail_tau0.95,True,,,,0,,,0.0,50.0
bbb,robust,0,0.08,0.25,0.15,mutual_information,delta,adv_error,False,0.5410628019323671,0.6138367368132923,0.54,50,,,,
bbb,robust,0,0.08,0.25,0.15,mutual_information,delta,cert_fail_tau0.5,True,,,,0,,,0.0,50.0
bbb,robust,0,0.08,0.25,0.15,mutual_information,delta,cert_fail_tau0.9,True,,,,0,,,0.0,50.0
bbb,robust,0,0.08,0.25,0.15,mutual_information,delta,cert_fail_tau0.95,True,,,,0,,,0.0,50.0
bbb,robust,0,0.08,0.25,0.15,one_minus_confidence,clean,adv_error,False,0.4669887278582931,0.5615048624882584,0.54,50,,,,
bbb,robust,0,0.08,0.25,0.15,one_minus_confidence,clean,cert_fail_tau0.5,True,,,,0,,,0.0,50.0
bbb,robust,0,0.08,0.25,0.15,one_minus_confidence,clean,cert_fail_tau0.9,True,,,,0,,,0.0,50.0
bbb,robust,0,0.08,0.25,0.15,one_minus_confidence,clean,cert_fail_tau0.95,True,,,,0,,,0.0,50.0
bbb,robust,0,0.08,0.25,0.15,one_minus_confidence,adv,adv_error,False,0.5426731078904992,0.6405991004853491,0.54,50,,,,
bbb,robust,0,0.08,0.25,0.15,one_minus_confidence,adv,cert_fail_tau0.5,True,,,,0,,,0.0,50.0
bbb,robust,0,0.08,0.25,0.15,one_minus_confidence,adv,cert_fail_tau0.9,True,,,,0,,,0.0,50.0
bbb,robust,0,0.08,0.25,0.15,one_minus_confidence,adv,cert_fail_tau0.95,True,,,,0,,,0.0,50.0
bbb,robust,0,0.08,0.25,0.15,one_minus_confidence,delta,adv_error,False,0.5442834138486312,0.6427742923276994,0.54,50,,,,
bbb,robust,0,0.08,0.25,0.15,one_minus_confidence,delta,cert_fail_tau0.5,True,,,,0,,,0.0,50.0
bbb,robust,0,0.08,0.25,0.15,one_minus_confidence,delta,cert_fail_tau0.9,True,,,,0,,,0.0,50.0
bbb,robust,0,0.08,0.25,0.15,one_minus_confidence,delta,cert_fail_tau0.95,True,,,,0,,,0.0,50.0
bbb,robust,1,0.08,0.25,0.01,mutual_information,clean,adv_error,False,,,0.0,50,,,,
bbb,robust,1,0.08,0.25,0.01,mutual_information,clean,cert_fail_tau0.5,False,,,0.0,50,,,50.0,0.0
bbb,robust,1,0.08,0.25,0.01,mutual_information,clean,cert_fail_tau0.9,False,,,0.0,50,,,50.0,0.0
bbb,robust,1,0.08,0.25,0.01,mutual_information,clean,cert_fail_tau0.95,True,,,,0,,,0.0,50.0
bbb,robust,1,0.08,0.25,0.01,mutual_information,adv,adv_error,False,,,0.0,50,,,,
bbb,robust,1,0.08,0.25,0.01,mutual_information,adv,cert_fail_tau0.5,False,,,0.0,50,,,50.0,0.0
bbb,robust,1,0.08,0.25,0.01,mutual_information,adv,cert_fail_tau0.9,False,,,0.0,50,,,50.0,0.0
bbb,robust,1,0.08,0.25,0.01,mutual_information,adv,cert_fail_tau0.95,True,,,,0,,,0.0,50.0
bbb,robust,1,0.08,0.25,0.01,mutual_information,delta,adv_error,False,,,0.0,50,,,,
bbb,robust,1,0.08,0.25,0.01,mutual_information,delta,cert_fail_tau0.5,False,,,0.0,50,,,50.0,0.0
bbb,robust,1,0.08,0.25,0.01,mutual_information,delta,cert_fail_tau0.9,False,,,0.0,50,,,50.0,0.0
bbb,robust,1,0.08,0.25,0.01,mutual_information,delta,cert_fail_tau0.95,True,,,,0,,,0.0,50.0
bbb,robust,1,0.08,0.25,0.01,one_minus_confidence,clean,adv_error,False,,,0.0,50,,,,
bbb,robust,1,0.08,0.25,0.01,one_minus_confidence,clean,cert_fail_tau0.5,False,,,0.0,50,,,50.0,0.0
bbb,robust,1,0.08,0.25,0.01,one_minus_confidence,clean,cert_fail_tau0.9,False,,,0.0,50,,,50.0,0.0
bbb,robust,1,0.08,0.25,0.01,one_minus_confidence,clean,cert_fail_tau0.95,True,,,,0,,,0.0,50.0
bbb,robust,1,0.08,0.25,0.01,one_minus_confidence,adv,adv_error,False,,,0.0,50,,,,
bbb,robust,1,0.08,0.25,0.01,one_minus_confidence,adv,cert_fail_tau0.5,False,,,0.0,50,,,50.0,0.0
bbb,robust,1,0.08,0.25,0.01,one_minus_confidence,adv,cert_fail_tau0.9,False,,,0.0,50,,,50.0,0.0
bbb,robust,1,0.08,0.25,0.01,one_minus_confidence,adv,cert_fail_tau0.95,True,,,,0,,,0.0,50.0
bbb,robust,1,0.08,0.25,0.01,one_minus_confidence,delta,adv_error,False,,,0.0,50,,,,
bbb,robust,1,0.08,0.25,0.01,one_minus_confidence,delta,cert_fail_tau0.5,False,,,0.0,50,,,50.0,0.0
bbb,robust,1,0.08,0.25,0.01,one_minus_confidence,delta,cert_fail_tau0.9,False,,,0.0,50,,,50.0,0.0
bbb,robust,1,0.08,0.25,0.01,one_minus_confidence,delta,cert_fail_tau0.95,True,,,,0,,,0.0,50.0
bbb,robust,1,0.08,0.25,0.03,mutual_information,clean,adv_error,False,,,0.0,50,,,,
bbb,robust,1,0.08,0.25,0.03,mutual_information,clean,cert_fail_tau0.5,True,,,,0,,,0.0,50.0
bbb,robust,1,0.08,0.25,0.03,mutual_information,clean,cert_fail_tau0.9,True,,,,0,,,0.0,50.0
bbb,robust,1,0.08,0.25,0.03,mutual_information,clean,cert_fail_tau0.95,True,,,,0,,,0.0,50.0
bbb,robust,1,0.08,0.25,0.03,mutual_information,adv,adv_error,False,,,0.0,50,,,,
bbb,robust,1,0.08,0.25,0.03,mutual_information,adv,cert_fail_tau0.5,True,,,,0,,,0.0,50.0
bbb,robust,1,0.08,0.25,0.03,mutual_information,adv,cert_fail_tau0.9,True,,,,0,,,0.0,50.0
bbb,robust,1,0.08,0.25,0.03,mutual_information,adv,cert_fail_tau0.95,True,,,,0,,,0.0,50.0
bbb,robust,1,0.08,0.25,0.03,mutual_information,delta,adv_error,False,,,0.0,50,,,,
bbb,robust,1,0.08,0.25,0.03,mutual_information,delta,cert_fail_tau0.5,True,,,,0,,,0.0,50.0
bbb,robust,1,0.08,0.25,0.03,mutual_information,delta,cert_fail_tau0.9,True,,,,0,,,0.0,50.0
bbb,robust,1,0.08,0.25,0.03,mutual_information,delta,cert_fail_tau0.95,True,,,,0,,,0.0,50.0
bbb,robust,1,0.08,0.25,0.03,one_minus_confidence,clean,adv_error,False,,,0.0,50,,,,
bbb,robust,1,0.08,0.25,0.03,one_minus_confidence,clean,cert_fail_tau0.5,True,,,,0,,,0.0,50.0
bbb,robust,1,0.08,0.25,0.03,one_minus_confidence,clean,cert_fail_tau0.9,True,,,,0,,,0.0,50.0
bbb,robust,1,0.08,0.25,0.03,one_minus_confidence,clean,cert_fail_tau0.95,True,,,,0,,,0.0,50.0
bbb,robust,1,0.08,0.25,0.03,one_minus_confidence,adv,adv_error,False,,,0.0,50,,,,
bbb,robust,1,0.08,0.25,0.03,one_minus_confidence,adv,cert_fail_tau0.5,True,,,,0,,,0.0,50.0
bbb,robust,1,0.08,0.25,0.03,one_minus_confidence,adv,cert_fail_tau0.9,True,,,,0,,,0.0,50.0
bbb,robust,1,0.08,0.25,0.03,one_minus_confidence,adv,cert_fail_tau0.95,True,,,,0,,,0.0,50.0
bbb,robust,1,0.08,0.25,0.03,one_minus_confidence,delta,adv_error,False,,,0.0,50,,,,
bbb,robust,1,0.08,0.25,0.03,one_minus_confidence,delta,cert_fail_tau0.5,True,,,,0,,,0.0,50.0
bbb,robust,1,0.08,0.25,0.03,one_minus_confidence,delta,cert_fail_tau0.9,True,,,,0,,,0.0,50.0
bbb,robust,1,0.08,0.25,0.03,one_minus_confidence,delta,cert_fail_tau0.95,True,,,,0,,,0.0,50.0
bbb,robust,1,0.08,0.25,0.05,mutual_information,clean,adv_error,False,,,0.0,50,0.4545817616866446,0.3334305825423743,,
bbb,robust,1,0.08,0.25,0.05,mutual_information,clean,cert_fail_tau0.5,False,,,0.0,46,,,46.0,4.0
bbb,robust,1,0.08,0.25,0.05,mutual_information,clean,cert_fail_tau0.9,False,0.8260869565217391,0.1111111111111111,0.02127659574468085,47,,,47.0,3.0
bbb,robust,1,0.08,0.25,0.05,mutual_information,clean,cert_fail_tau0.95,True,,,1.0,1,,,1.0,49.0
bbb,robust,1,0.08,0.25,0.05,mutual_information,adv,adv_error,False,,,0.0,50,0.5080945324961137,0.40587998483727095,,
bbb,robust,1,0.08,0.25,0.05,mutual_information,adv,cert_fail_tau0.5,False,,,0.0,46,,,46.0,4.0
bbb,robust,1,0.08,0.25,0.05,mutual_information,adv,cert_fail_tau0.9,False,1.0,1.0,0.02127659574468085,47,,,47.0,3.0
bbb,robust,1,0.08,0.25,0.05,mutual_information,adv,cert_fail_tau0.95,True,,,1.0,1,,,1.0,49.0
bbb,robust,1,0.08,0.25,0.05,mutual_information,delta,adv_error,False,,,0.0,50,0.5080945324961137,0.40587998483727095,,
bbb,robust,1,0.08,0.25,0.05,mutual_information,delta,cert_fail_tau0.5,False,,,0.0,46,,,46.0,4.0
bbb,robust,1,0.08,0.25,0.05,mutual_information,delta,cert_fail_tau0.9,False,1.0,1.0,0.02127659574468085,47,,,47.0,3.0
bbb,robust,1,0.08,0.25,0.05,mutual_information,delta,cert_fail_tau0.95,True,,,1.0,1,,,1.0,49.0
bbb,robust,1,0.08,0.25,0.05,one_minus_confidence,clean,adv_error,False,,,0.0,50,0.3950578096031521,0.3062306613321459,,
bbb,robust,1,0.08,0.25,0.05,one_minus_confidence,clean,cert_fail_tau0.5,False,,,0.0,46,,,46.0,4.0
bbb,robust,1,0.08,0.25,0.05,one_minus_confidence,clean,cert_fail_tau0.9,False,0.7391304347826086,0.07692307692307693,0.02127659574468085,47,,,47.0,3.0
bbb,robust,1,0.08,0.25,0.05,one_minus_confidence,clean,cert_fail_tau0.95,True,,,1.0,1,,,1.0,49.0
bbb,robust,1,0.08,0.25,0.05,one_minus_confidence,adv,adv_error,False,,,0.0,50,0.5100492643254045,0.40039415116340343,,
bbb,robust,1,0.08,0.25,0.05,one_minus_confidence,adv,cert_fail_tau0.5,False,,,0.0,46,,,46.0,4.0
bbb,robust,1,0.08,0.25,0.05,one_minus_confidence,adv,cert_fail_tau0.9,False,1.0,1.0,0.02127659574468085,47,,,47.0,3.0
bbb,robust,1,0.08,0.25,0.05,one_minus_confidence,adv,cert_fail_tau0.95,True,,,1.0,1,,,1.0,49.0
bbb,robust,1,0.08,0.25,0.05,one_minus_confidence,delta,adv_error,False,,,0.0,50,0.5100492643254045,0.40039415116340343,,
bbb,robust,1,0.08,0.25,0.05,one_minus_confidence,delta,cert_fail_tau0.5,False,,,0.0,46,,,46.0,4.0
bbb,robust,1,0.08,0.25,0.05,one_minus_confidence,delta,cert_fail_tau0.9,False,1.0,1.0,0.02127659574468085,47,,,47.0,3.0
bbb,robust,1,0.08,0.25,0.05,one_minus_confidence,delta,cert_fail_tau0.95,True,,,1.0,1,,,1.0,49.0
bbb,robust,1,0.08,0.25,0.07,mutual_information,clean,adv_error,False,0.8844444444444445,0.3704761904761904,0.1,50,0.5194867140697967,0.41950239868328715,,
bbb,robust,1,0.08,0.25,0.07,mutual_information,clean,cert_fail_tau0.5,False,0.8943089430894309,0.3611111111111111,0.06818181818181818,44,,,44.0,6.0
bbb,robust,1,0.08,0.25,0.07,mutual_information,clean,cert_fail_tau0.9,False,0.9219512195121952,0.5242424242424242,0.10869565217391304,46,,,46.0,4.0
bbb,robust,1,0.08,0.25,0.07,mutual_information,clean,cert_fail_tau0.95,False,,1.0,1.0,5,,,5.0,45.0
bbb,robust,1,0.08,0.25,0.07,mutual_information,adv,adv_error,False,0.9688888888888889,0.7295238095238095,0.1,50,0.6626274608057439,0.48102572760187823,,
bbb,robust,1,0.08,0.25,0.07,mutual_information,adv,cert_fail_tau0.5,False,1.0,1.0,0.06818181818181818,44,,,44.0,6.0
bbb,robust,1,0.08,0.25,0.07,mutual_information,adv,cert_fail_tau0.9,False,1.0,1.0,0.10869565217391304,46,,,46.0,4.0
bbb,robust,1,0.08,0.25,0.07,mutual_information,adv,cert_fail_tau0.95,False,,1.0,1.0,5,,,5.0,45.0
bbb,robust,1,0.08,0.25,0.07,mutual_information,delta,adv_error,False,0.9688888888888889,0.7295238095238095,0.1,50,0.6626274608057439,0.48102572760187823,,
bbb,robust,1,0.08,0.25,0.07,mutual_information,delta,cert_fail_tau0.5,False,1.0,1.0,0.06818181818181818,44,,,44.0,6.0
bbb,robust,1,0.08,0.25,0.07,mutual_information,delta,cert_fail_tau0.9,False,1.0,1.0,0.10869565217391304,46,,,46.0,4.0
bbb,robust,1,0.08,0.25,0.07,mutual_information,delta,cert_fail_tau0.95,False,,1.0,1.0,5,,,5.0,45.0
bbb,robust,1,0.08,0.25,0.07,one_minus_confidence,clean,adv_error,False,0.8222222222222222,0.26293956043956046,0.1,50,0.475515069215196,0.39694511690217543,,
bbb,robust,1,0.08,0.25,0.07,one_minus_confidence,clean,cert_fail_tau0.5,False,0.8536585365853658,0.2483164983164983,0.06818181818181818,44,,,44.0,6.0
bbb,robust,1,0.08,0.25,0.07,one_minus_confidence,clean,cert_fail_tau0.9,False,0.8878048780487805,0.41536463536463536,0.10869565217391304,46,,,46.0,4.0
bbb,robust,1,0.08,0.25,0.07,one_minus_confidence,clean,cert_fail_tau0.95,False,,1.0,1.0,5,,,5.0,45.0
bbb,robust,1,0.08,0.25,0.07,one_minus_confidence,adv,adv_error,False,0.9777777777777777,0.8261904761904761,0.1,50,0.6598264125755873,0.485729910172865,,
bbb,robust,1,0.08,0.25,0.07,one_minus_confidence,adv,cert_fail_tau0.5,False,1.0,1.0,0.06818181818181818,44,,,44.0,6.0
bbb,robust,1,0.08,0.25,0.07,one_minus_confidence,adv,cert_fail_tau0.9,False,1.0,1.0,0.10869565217391304,46,,,46.0,4.0
bbb,robust,1,0.08,0.25,0.07,one_minus_confidence,adv,cert_fail_tau0.95,False,,1.0,1.0,5,,,5.0,45.0
bbb,robust,1,0.08,0.25,0.07,one_minus_confidence,delta,adv_error,False,0.9777777777777777,0.8261904761904761,0.1,50,0.6598264125755873,0.485729910172865,,
bbb,robust,1,0.08,0.25,0.07,one_minus_confidence,delta,cert_fail_tau0.5,False,1.0,1.0,0.06818181818181818,44,,,44.0,6.0
bbb,robust,1,0.08,0.25,0.07,one_minus_confidence,delta,cert_fail_tau0.9,False,1.0,1.0,0.10869565217391304,46,,,46.0,4.0
bbb,robust,1,0.08,0.25,0.07,one_minus_confidence,delta,cert_fail_tau0.95,False,,1.0,1.0,5,,,5.0,45.0
bbb,robust,1,0.08,0.25,0.08,mutual_information,clean,adv_error,False,0.9166666666666666,0.5305555555555556,0.12,50,0.4477175310611843,0.48635852239346616,,
bbb,robust,1,0.08,0.25,0.08,mutual_information,clean,cert_fail_tau0.5,False,0.9038461538461539,0.43333333333333335,0.09302325581395349,43,,,43.0,7.0
bbb,robust,1,0.08,0.25,0.08,mutual_information,clean,cert_fail_tau0.9,False,0.926530612244898,0.7207792207792207,0.16666666666666666,42,,,42.0,8.0
bbb,robust,1,0.08,0.25,0.08,mutual_information,clean,cert_fail_tau0.95,False,,1.0,1.0,7,,,7.0,43.0
bbb,robust,1,0.08,0.25,0.08,mutual_information,adv,adv_error,False,0.9583333333333334,0.7132936507936508,0.12,50,0.7980379061958359,0.5420696933434623,,
bbb,robust,1,0.08,0.25,0.08,mutual_information,adv,cert_fail_tau0.5,False,0.9807692307692307,0.8041666666666667,0.09302325581395349,43,,,43.0,7.0
bbb,robust,1,0.08,0.25,0.08,mutual_information,adv,cert_fail_tau0.9,False,1.0,1.0,0.16666666666666666,42,,,42.0,8.0
bbb,robust,1,0.08,0.25,0.08,mutual_information,adv,cert_fail_tau0.95,False,,1.0,1.0,7,,,7.0,43.0
bbb,robust,1,0.08,0.25,0.08,mutual_information,delta,adv_error,False,0.9583333333333334,0.7132936507936508,0.12,50,0.7105768071048139,0.5420696933434623,,
bbb,robust,1,0.08,0.25,0.08,mutual_information,delta,cert_fail_tau0.5,False,0.9807692307692307,0.8041666666666667,0.09302325581395349,43,,,43.0,7.0
bbb,robust,1,0.08,0.25,0.08,mutual_information,delta,cert_fail_tau0.9,False,1.0,1.0,0.16666666666666666,42,,,42.0,8.0
bbb,robust,1,0.08,0.25,0.08,mutual_information,delta,cert_fail_tau0.95,False,,1.0,1.0,7,,,7.0,43.0
bbb,robust,1,0.08,0.25,0.08,one_minus_confidence,clean,adv_error,False,0.8636363636363636,0.3947344322344322,0.12,50,0.4284325601300791,0.45522063178871014,,
bbb,robust,1,0.08,0.25,0.08,one_minus_confidence,clean,cert_fail_tau0.5,False,0.8589743589743589,0.30416666666666664,0.09302325581395349,43,,,43.0,7.0
bbb,robust,1,0.08,0.25,0.08,one_minus_confidence,clean,cert_fail_tau0.9,False,0.8816326530612245,0.5569985569985569,0.16666666666666666,42,,,42.0,8.0
bbb,robust,1,0.08,0.25,0.08,one_minus_confidence,clean,cert_fail_tau0.95,False,,1.0,1.0,7,,,7.0,43.0
bbb,robust,1,0.08,0.25,0.08,one_minus_confidence,adv,adv_error,False,0.9356060606060606,0.5378306878306879,0.12,50,0.753771880533441,0.5501876068247474,,
bbb,robust,1,0.08,0.25,0.08,one_minus_confidence,adv,cert_fail_tau0.5,False,0.9743589743589743,0.6791666666666667,0.09302325581395349,43,,,43.0,7.0
bbb,robust,1,0.08,0.25,0.08,one_minus_confidence,adv,cert_fail_tau0.9,False,1.0,1.0,0.16666666666666666,42,,,42.0,8.0
bbb,robust,1,0.08,0.25,0.08,one_minus_confidence,adv,cert_fail_tau0.95,False,,1.0,1.0,7,,,7.0,43.0
bbb,robust,1,0.08,0.25,0.08,one_minus_confidence,delta,adv_error,False,0.9393939393939394,0.5544973544973545,0.12,50,0.756865742542103,0.5543261509524615,,
bbb,robust,1,0.08,0.25,0.08,one_minus_confidence,delta,cert_fail_tau0.5,False,0.9807692307692307,0.8041666666666667,0.09302325581395349,43,,,43.0,7.0
bbb,robust,1,0.08,0.25,0.08,one_minus_confidence,delta,cert_fail_tau0.9,False,1.0,1.0,0.16666666666666666,42,,,42.0,8.0
bbb,robust,1,0.08,0.25,0.08,one_minus_confidence,delta,cert_fail_tau0.95,False,,1.0,1.0,7,,,7.0,43.0
bbb,robust,1,0.08,0.25,0.1,mutual_information,clean,adv_error,False,0.8175,0.48587246087246083,0.2,50,0.3222314093555385,0.4223674836987868,,
bbb,robust,1,0.08,0.25,0.1,mutual_information,clean,cert_fail_tau0.5,False,0.8830645161290323,0.6965277777777777,0.20512820512820512,39,,,39.0,11.0
bbb,robust,1,0.08,0.25,0.1,mutual_information,clean,cert_fail_tau0.9,False,0.7901234567901234,0.65347923681257,0.25,36,,,36.0,14.0
bbb,robust,1,0.08,0.25,0.1,mutual_information,clean,cert_fail_tau0.95,False,,1.0,1.0,9,,,9.0,41.0
bbb,robust,1,0.08,0.25,0.1,mutual_information,adv,adv_error,False,0.79,0.404243144433707,0.2,50,0.7283035929321106,0.399956709010342,,
bbb,robust,1,0.08,0.25,0.1,mutual_information,adv,cert_fail_tau0.5,False,0.8588709677419355,0.5916467304625199,0.20512820512820512,39,,,39.0,11.0
bbb,robust,1,0.08,0.25,0.1,mutual_information,adv,cert_fail_tau0.9,False,0.9218106995884774,0.7896877269426289,0.25,36,,,36.0,14.0
bbb,robust,1,0.08,0.25,0.1,mutual_information,adv,cert_fail_tau0.95,False,,1.0,1.0,9,,,9.0,41.0
bbb,robust,1,0.08,0.25,0.1,mutual_information,delta,adv_error,False,0.8025,0.4133722377840024,0.2,50,0.6708856879487775,0.41817405653315765,,
bbb,robust,1,0.08,0.25,0.1,mutual_information,delta,cert_fail_tau0.5,False,0.8588709677419355,0.5916467304625199,0.20512820512820512,39,,,39.0,11.0
bbb,robust,1,0.08,0.25,0.1,mutual_information,delta,cert_fail_tau0.9,False,0.9218106995884774,0.7896877269426289,0.25,36,,,36.0,14.0
bbb,robust,1,0.08,0.25,0.1,mutual_information,delta,cert_fail_tau0.95,False,,1.0,1.0,9,,,9.0,41.0
bbb,robust,1,0.08,0.25,0.1,one_minus_confidence,clean,adv_error,False,0.7575,0.3954258241758242,0.2,50,0.3356958834515429,0.3614555602864344,,
bbb,robust,1,0.08,0.25,0.1,one_minus_confidence,clean,cert_fail_tau0.5,False,0.8064516129032258,0.5361305361305362,0.20512820512820512,39,,,39.0,11.0
bbb,robust,1,0.08,0.25,0.1,one_minus_confidence,clean,cert_fail_tau0.9,False,0.7325102880658436,0.5093240093240093,0.25,36,,,36.0,14.0
bbb,robust,1,0.08,0.25,0.1,one_minus_confidence,clean,cert_fail_tau0.95,False,,1.0,1.0,9,,,9.0,41.0
bbb,robust,1,0.08,0.25,0.1,one_minus_confidence,adv,adv_error,False,0.8375,0.6352317993050258,0.2,50,0.7227744613411229,0.42800454972471463,,
bbb,robust,1,0.08,0.25,0.1,one_minus_confidence,adv,cert_fail_tau0.5,False,0.8911290322580645,0.7487373737373737,0.20512820512820512,39,,,39.0,11.0
bbb,robust,1,0.08,0.25,0.1,one_minus_confidence,adv,cert_fail_tau0.9,False,0.9218106995884774,0.8346070051952406,0.25,36,,,36.0,14.0
bbb,robust,1,0.08,0.25,0.1,one_minus_confidence,adv,cert_fail_tau0.95,False,,1.0,1.0,9,,,9.0,41.0
bbb,robust,1,0.08,0.25,0.1,one_minus_confidence,delta,adv_error,False,0.8375,0.6352317993050258,0.2,50,0.7302175230982216,0.42800454972471463,,
bbb,robust,1,0.08,0.25,0.1,one_minus_confidence,delta,cert_fail_tau0.5,False,0.8911290322580645,0.7487373737373737,0.20512820512820512,39,,,39.0,11.0
bbb,robust,1,0.08,0.25,0.1,one_minus_confidence,delta,cert_fail_tau0.9,False,0.9218106995884774,0.8346070051952406,0.25,36,,,36.0,14.0
bbb,robust,1,0.08,0.25,0.1,one_minus_confidence,delta,cert_fail_tau0.95,False,,1.0,1.0,9,,,9.0,41.0
bbb,robust,1,0.08,0.25,0.15,mutual_information,clean,adv_error,False,0.4630541871921182,0.6261168366038291,0.58,50,,,,
bbb,robust,1,0.08,0.25,0.15,mutual_information,clean,cert_fail_tau0.5,True,,,,0,,,0.0,50.0
bbb,robust,1,0.08,0.25,0.15,mutual_information,clean,cert_fail_tau0.9,True,,,,0,,,0.0,50.0
bbb,robust,1,0.08,0.25,0.15,mutual_information,clean,cert_fail_tau0.95,True,,,,0,,,0.0,50.0
bbb,robust,1,0.08,0.25,0.15,mutual_information,adv,adv_error,False,0.6420361247947455,0.674915598097116,0.58,50,,,,
bbb,robust,1,0.08,0.25,0.15,mutual_information,adv,cert_fail_tau0.5,True,,,,0,,,0.0,50.0
bbb,robust,1,0.08,0.25,0.15,mutual_information,adv,cert_fail_tau0.9,True,,,,0,,,0.0,50.0
bbb,robust,1,0.08,0.25,0.15,mutual_information,adv,cert_fail_tau0.95,True,,,,0,,,0.0,50.0
bbb,robust,1,0.08,0.25,0.15,mutual_information,delta,adv_error,False,0.6272577996715928,0.6720492286778929,0.58,50,,,,
bbb,robust,1,0.08,0.25,0.15,mutual_information,delta,cert_fail_tau0.5,True,,,,0,,,0.0,50.0
bbb,robust,1,0.08,0.25,0.15,mutual_information,delta,cert_fail_tau0.9,True,,,,0,,,0.0,50.0
bbb,robust,1,0.08,0.25,0.15,mutual_information,delta,cert_fail_tau0.95,True,,,,0,,,0.0,50.0
bbb,robust,1,0.08,0.25,0.15,one_minus_confidence,clean,adv_error,False,0.5188834154351396,0.6046388641320346,0.58,50,,,,
bbb,robust,1,0.08,0.25,0.15,one_minus_confidence,clean,cert_fail_tau0.5,True,,,,0,,,0.0,50.0
bbb,robust,1,0.08,0.25,0.15,one_minus_confidence,clean,cert_fail_tau0.9,True,,,,0,,,0.0,50.0
bbb,robust,1,0.08,0.25,0.15,one_minus_confidence,clean,cert_fail_tau0.95,True,,,,0,,,0.0,50.0
bbb,robust,1,0.08,0.25,0.15,one_minus_confidence,adv,adv_error,False,0.7454844006568144,0.8044139653131432,0.58,50,,,,
bbb,robust,1,0.08,0.25,0.15,one_minus_confidence,adv,cert_fail_tau0.5,True,,,,0,,,0.0,50.0
bbb,robust,1,0.08,0.25,0.15,one_minus_confidence,adv,cert_fail_tau0.9,True,,,,0,,,0.0,50.0
bbb,robust,1,0.08,0.25,0.15,one_minus_confidence,adv,cert_fail_tau0.95,True,,,,0,,,0.0,50.0
bbb,robust,1,0.08,0.25,0.15,one_minus_confidence,delta,adv_error,False,0.735632183908046,0.8007678030462914,0.58,50,,,,
bbb,robust,1,0.08,0.25,0.15,one_minus_confidence,delta,cert_fail_tau0.5,True,,,,0,,,0.0,50.0
bbb,robust,1,0.08,0.25,0.15,one_minus_confidence,delta,cert_fail_tau0.9,True,,,,0,,,0.0,50.0
bbb,robust,1,0.08,0.25,0.15,one_minus_confidence,delta,cert_fail_tau0.95,True,,,,0,,,0.0,50.0
bbb,robust,2,0.08,0.25,0.01,mutual_information,clean,adv_error,False,,,0.0,50,,,,
bbb,robust,2,0.08,0.25,0.01,mutual_information,clean,cert_fail_tau0.5,False,,,0.0,50,,,50.0,0.0
bbb,robust,2,0.08,0.25,0.01,mutual_information,clean,cert_fail_tau0.9,False,,,0.0,50,,,50.0,0.0
bbb,robust,2,0.08,0.25,0.01,mutual_information,clean,cert_fail_tau0.95,True,,,,0,,,0.0,50.0
bbb,robust,2,0.08,0.25,0.01,mutual_information,adv,adv_error,False,,,0.0,50,,,,
bbb,robust,2,0.08,0.25,0.01,mutual_information,adv,cert_fail_tau0.5,False,,,0.0,50,,,50.0,0.0
bbb,robust,2,0.08,0.25,0.01,mutual_information,adv,cert_fail_tau0.9,False,,,0.0,50,,,50.0,0.0
bbb,robust,2,0.08,0.25,0.01,mutual_information,adv,cert_fail_tau0.95,True,,,,0,,,0.0,50.0
bbb,robust,2,0.08,0.25,0.01,mutual_information,delta,adv_error,False,,,0.0,50,,,,
bbb,robust,2,0.08,0.25,0.01,mutual_information,delta,cert_fail_tau0.5,False,,,0.0,50,,,50.0,0.0
bbb,robust,2,0.08,0.25,0.01,mutual_information,delta,cert_fail_tau0.9,False,,,0.0,50,,,50.0,0.0
bbb,robust,2,0.08,0.25,0.01,mutual_information,delta,cert_fail_tau0.95,True,,,,0,,,0.0,50.0
bbb,robust,2,0.08,0.25,0.01,one_minus_confidence,clean,adv_error,False,,,0.0,50,,,,
bbb,robust,2,0.08,0.25,0.01,one_minus_confidence,clean,cert_fail_tau0.5,False,,,0.0,50,,,50.0,0.0
bbb,robust,2,0.08,0.25,0.01,one_minus_confidence,clean,cert_fail_tau0.9,False,,,0.0,50,,,50.0,0.0
bbb,robust,2,0.08,0.25,0.01,one_minus_confidence,clean,cert_fail_tau0.95,True,,,,0,,,0.0,50.0
bbb,robust,2,0.08,0.25,0.01,one_minus_confidence,adv,adv_error,False,,,0.0,50,,,,
bbb,robust,2,0.08,0.25,0.01,one_minus_confidence,adv,cert_fail_tau0.5,False,,,0.0,50,,,50.0,0.0
bbb,robust,2,0.08,0.25,0.01,one_minus_confidence,adv,cert_fail_tau0.9,False,,,0.0,50,,,50.0,0.0
bbb,robust,2,0.08,0.25,0.01,one_minus_confidence,adv,cert_fail_tau0.95,True,,,,0,,,0.0,50.0
bbb,robust,2,0.08,0.25,0.01,one_minus_confidence,delta,adv_error,False,,,0.0,50,,,,
bbb,robust,2,0.08,0.25,0.01,one_minus_confidence,delta,cert_fail_tau0.5,False,,,0.0,50,,,50.0,0.0
bbb,robust,2,0.08,0.25,0.01,one_minus_confidence,delta,cert_fail_tau0.9,False,,,0.0,50,,,50.0,0.0
bbb,robust,2,0.08,0.25,0.01,one_minus_confidence,delta,cert_fail_tau0.95,True,,,,0,,,0.0,50.0
bbb,robust,2,0.08,0.25,0.03,mutual_information,clean,adv_error,False,,,0.0,50,,,,
bbb,robust,2,0.08,0.25,0.03,mutual_information,clean,cert_fail_tau0.5,True,,,,0,,,0.0,50.0
bbb,robust,2,0.08,0.25,0.03,mutual_information,clean,cert_fail_tau0.9,True,,,,0,,,0.0,50.0
bbb,robust,2,0.08,0.25,0.03,mutual_information,clean,cert_fail_tau0.95,True,,,,0,,,0.0,50.0
bbb,robust,2,0.08,0.25,0.03,mutual_information,adv,adv_error,False,,,0.0,50,,,,
bbb,robust,2,0.08,0.25,0.03,mutual_information,adv,cert_fail_tau0.5,True,,,,0,,,0.0,50.0
bbb,robust,2,0.08,0.25,0.03,mutual_information,adv,cert_fail_tau0.9,True,,,,0,,,0.0,50.0
bbb,robust,2,0.08,0.25,0.03,mutual_information,adv,cert_fail_tau0.95,True,,,,0,,,0.0,50.0
bbb,robust,2,0.08,0.25,0.03,mutual_information,delta,adv_error,False,,,0.0,50,,,,
bbb,robust,2,0.08,0.25,0.03,mutual_information,delta,cert_fail_tau0.5,True,,,,0,,,0.0,50.0
bbb,robust,2,0.08,0.25,0.03,mutual_information,delta,cert_fail_tau0.9,True,,,,0,,,0.0,50.0
bbb,robust,2,0.08,0.25,0.03,mutual_information,delta,cert_fail_tau0.95,True,,,,0,,,0.0,50.0
bbb,robust,2,0.08,0.25,0.03,one_minus_confidence,clean,adv_error,False,,,0.0,50,,,,
bbb,robust,2,0.08,0.25,0.03,one_minus_confidence,clean,cert_fail_tau0.5,True,,,,0,,,0.0,50.0
bbb,robust,2,0.08,0.25,0.03,one_minus_confidence,clean,cert_fail_tau0.9,True,,,,0,,,0.0,50.0
bbb,robust,2,0.08,0.25,0.03,one_minus_confidence,clean,cert_fail_tau0.95,True,,,,0,,,0.0,50.0
bbb,robust,2,0.08,0.25,0.03,one_minus_confidence,adv,adv_error,False,,,0.0,50,,,,
bbb,robust,2,0.08,0.25,0.03,one_minus_confidence,adv,cert_fail_tau0.5,True,,,,0,,,0.0,50.0
bbb,robust,2,0.08,0.25,0.03,one_minus_confidence,adv,cert_fail_tau0.9,True,,,,0,,,0.0,50.0
bbb,robust,2,0.08,0.25,0.03,one_minus_confidence,adv,cert_fail_tau0.95,True,,,,0,,,0.0,50.0
bbb,robust,2,0.08,0.25,0.03,one_minus_confidence,delta,adv_error,False,,,0.0,50,,,,
bbb,robust,2,0.08,0.25,0.03,one_minus_confidence,delta,cert_fail_tau0.5,True,,,,0,,,0.0,50.0
bbb,robust,2,0.08,0.25,0.03,one_minus_confidence,delta,cert_fail_tau0.9,True,,,,0,,,0.0,50.0
bbb,robust,2,0.08,0.25,0.03,one_minus_confidence,delta,cert_fail_tau0.95,True,,,,0,,,0.0,50.0
bbb,robust,2,0.08,0.25,0.05,mutual_information,clean,adv_error,False,0.9787234042553191,0.8333333333333333,0.06,50,0.4597704899049545,0.39444674582777034,,
bbb,robust,2,0.08,0.25,0.05,mutual_information,clean,cert_fail_tau0.5,False,0.9855072463768116,0.8666666666666667,0.061224489795918366,49,,,49.0,1.0
bbb,robust,2,0.08,0.25,0.05,mutual_information,clean,cert_fail_tau0.9,False,0.9855072463768116,0.8666666666666667,0.061224489795918366,49,,,49.0,1.0
bbb,robust,2,0.08,0.25,0.05,mutual_information,clean,cert_fail_tau0.95,False,,1.0,1.0,3,,,3.0,47.0
bbb,robust,2,0.08,0.25,0.05,mutual_information,adv,adv_error,False,0.9929078014184397,0.9166666666666666,0.06,50,0.46998761190284244,0.40482999349966375,,
bbb,robust,2,0.08,0.25,0.05,mutual_information,adv,cert_fail_tau0.5,False,1.0,1.0,0.061224489795918366,49,,,49.0,1.0
bbb,robust,2,0.08,0.25,0.05,mutual_information,adv,cert_fail_tau0.9,False,1.0,1.0,0.061224489795918366,49,,,49.0,1.0
bbb,robust,2,0.08,0.25,0.05,mutual_information,adv,cert_fail_tau0.95,False,,1.0,1.0,3,,,3.0,47.0
bbb,robust,2,0.08,0.25,0.05,mutual_information,delta,adv_error,False,0.6666666666666666,0.6866666666666666,0.06,50,0.23499380595142122,0.12576562910450648,,
bbb,robust,2,0.08,0.25,0.05,mutual_information,delta,cert_fail_tau0.5,False,0.6666666666666666,0.6870748299319728,0.061224489795918366,49,,,49.0,1.0
bbb,robust,2,0.08,0.25,0.05,mutual_information,delta,cert_fail_tau0.9,False,0.6666666666666666,0.6870748299319728,0.061224489795918366,49,,,49.0,1.0
bbb,robust,2,0.08,0.25,0.05,mutual_information,delta,cert_fail_tau0.95,False,,1.0,1.0,3,,,3.0,47.0
bbb,robust,2,0.08,0.25,0.05,one_minus_confidence,clean,adv_error,False,0.8723404255319149,0.49107142857142855,0.06,50,0.35124041911582615,0.31212606493590234,,
bbb,robust,2,0.08,0.25,0.05,one_minus_confidence,clean,cert_fail_tau0.5,False,0.8768115942028986,0.49523809523809526,0.061224489795918366,49,,,49.0,1.0
bbb,robust,2,0.08,0.25,0.05,one_minus_confidence,clean,cert_fail_tau0.9,False,0.8768115942028986,0.49523809523809526,0.061224489795918366,49,,,49.0,1.0
bbb,robust,2,0.08,0.25,0.05,one_minus_confidence,clean,cert_fail_tau0.95,False,,1.0,1.0,3,,,3.0,47.0
bbb,robust,2,0.08,0.25,0.05,one_minus_confidence,adv,adv_error,False,0.9929078014184397,0.9166666666666666,0.06,50,0.4700327552716818,0.405568939793572,,
bbb,robust,2,0.08,0.25,0.05,one_minus_confidence,adv,cert_fail_tau0.5,False,1.0,1.0,0.061224489795918366,49,,,49.0,1.0
bbb,robust,2,0.08,0.25,0.05,one_minus_confidence,adv,cert_fail_tau0.9,False,1.0,1.0,0.061224489795918366,49,,,49.0,1.0
bbb,robust,2,0.08,0.25,0.05,one_minus_confidence,adv,cert_fail_tau0.95,False,,1.0,1.0,3,,,3.0,47.0
bbb,robust,2,0.08,0.25,0.05,one_minus_confidence,delta,adv_error,False,0.9858156028368794,0.8055555555555556,0.06,50,0.4700327552716818,0.3995017404640939,,
bbb,robust,2,0.08,0.25,0.05,one_minus_confidence,delta,cert_fail_tau0.5,False,1.0,1.0,0.061224489795918366,49,,,49.0,1.0
bbb,robust,2,0.08,0.25,0.05,one_minus_confidence,delta,cert_fail_tau0.9,False,1.0,1.0,0.061224489795918366,49,,,49.0,1.0
bbb,robust,2,0.08,0.25,0.05,one_minus_confidence,delta,cert_fail_tau0.95,False,,1.0,1.0,3,,,3.0,47.0
bbb,robust,2,0.08,0.25,0.07,mutual_information,clean,adv_error,False,0.9787234042553191,0.8333333333333333,0.06,50,0.48301617793984636,0.46380810148138063,,
bbb,robust,2,0.08,0.25,0.07,mutual_information,clean,cert_fail_tau0.5,False,0.9851851851851852,0.8666666666666667,0.0625,48,,,48.0,2.0
bbb,robust,2,0.08,0.25,0.07,mutual_information,clean,cert_fail_tau0.9,False,0.9886363636363636,0.9166666666666666,0.08333333333333333,48,,,48.0,2.0
bbb,robust,2,0.08,0.25,0.07,mutual_information,clean,cert_fail_tau0.95,False,,1.0,1.0,4,,,4.0,46.0
bbb,robust,2,0.08,0.25,0.07,mutual_information,adv,adv_error,False,0.8723404255319149,0.24074074074074073,0.06,50,0.5581962722473838,0.45993303876759145,,
bbb,robust,2,0.08,0.25,0.07,mutual_information,adv,cert_fail_tau0.5,False,0.9111111111111111,0.33134920634920634,0.0625,48,,,48.0,2.0
bbb,robust,2,0.08,0.25,0.07,mutual_information,adv,cert_fail_tau0.9,False,0.9488636363636364,0.6488095238095237,0.08333333333333333,48,,,48.0,2.0
bbb,robust,2,0.08,0.25,0.07,mutual_information,adv,cert_fail_tau0.95,False,,1.0,1.0,4,,,4.0,46.0
bbb,robust,2,0.08,0.25,0.07,mutual_information,delta,adv_error,False,0.5673758865248227,0.14222222222222222,0.06,50,0.37669687084179276,0.25363208095729367,,
bbb,robust,2,0.08,0.25,0.07,mutual_information,delta,cert_fail_tau0.5,False,0.5925925925925926,0.1986111111111111,0.0625,48,,,48.0,2.0
bbb,robust,2,0.08,0.25,0.07,mutual_information,delta,cert_fail_tau0.9,False,0.7045454545454546,0.5125,0.08333333333333333,48,,,48.0,2.0
bbb,robust,2,0.08,0.25,0.07,mutual_information,delta,cert_fail_tau0.95,False,,1.0,1.0,4,,,4.0,46.0
bbb,robust,2,0.08,0.25,0.07,one_minus_confidence,clean,adv_error,False,0.8723404255319149,0.49107142857142855,0.06,50,0.4004481776623579,0.3519761534653019,,
bbb,robust,2,0.08,0.25,0.07,one_minus_confidence,clean,cert_fail_tau0.5,False,0.8740740740740741,0.49523809523809526,0.0625,48,,,48.0,2.0
bbb,robust,2,0.08,0.25,0.07,one_minus_confidence,clean,cert_fail_tau0.9,False,0.8636363636363636,0.4589285714285714,0.08333333333333333,48,,,48.0,2.0
bbb,robust,2,0.08,0.25,0.07,one_minus_confidence,clean,cert_fail_tau0.95,False,,1.0,1.0,4,,,4.0,46.0
bbb,robust,2,0.08,0.25,0.07,one_minus_confidence,adv,adv_error,False,0.7588652482269503,0.1472222222222222,0.06,50,0.47151367363104196,0.36216862071418754,,
bbb,robust,2,0.08,0.25,0.07,one_minus_confidence,adv,cert_fail_tau0.5,False,0.7925925925925926,0.17777777777777778,0.0625,48,,,48.0,2.0
bbb,robust,2,0.08,0.25,0.07,one_minus_confidence,adv,cert_fail_tau0.9,False,0.8579545454545454,0.4638888888888889,0.08333333333333333,48,,,48.0,2.0
bbb,robust,2,0.08,0.25,0.07,one_minus_confidence,adv,cert_fail_tau0.95,False,,1.0,1.0,4,,,4.0,46.0
bbb,robust,2,0.08,0.25,0.07,one_minus_confidence,delta,adv_error,False,0.475177304964539,0.09196969696969697,0.06,50,0.3028200991799361,0.17024231980068177,,
bbb,robust,2,0.08,0.25,0.07,one_minus_confidence,delta,cert_fail_tau0.5,False,0.4962962962962963,0.10972222222222222,0.0625,48,,,48.0,2.0
bbb,robust,2,0.08,0.25,0.07,one_minus_confidence,delta,cert_fail_tau0.9,False,0.6306818181818182,0.3916666666666666,0.08333333333333333,48,,,48.0,2.0
bbb,robust,2,0.08,0.25,0.07,one_minus_confidence,delta,cert_fail_tau0.95,False,,1.0,1.0,4,,,4.0,46.0
bbb,robust,2,0.08,0.25,0.08,mutual_information,clean,adv_error,False,0.9787234042553191,0.8333333333333333,0.06,50,0.43295569382459675,0.440636051685607,,
bbb,robust,2,0.08,0.25,0.08,mutual_information,clean,cert_fail_tau0.5,False,0.9878048780487805,0.9166666666666666,0.08888888888888889,45,,,45.0,5.0
bbb,robust,2,0.08,0.25,0.08,mutual_information,clean,cert_fail_tau0.9,False,0.9871794871794872,0.9166666666666666,0.09302325581395349,43,,,43.0,7.0
bbb,robust,2,0.08,0.25,0.08,mutual_information,clean,cert_fail_tau0.95,False,,1.0,1.0,4,,,4.0,46.0
bbb,robust,2,0.08,0.25,0.08,mutual_information,adv,adv_error,False,0.6950354609929078,0.11847826086956523,0.06,50,0.566681481226233,0.4014910953751823,,
bbb,robust,2,0.08,0.25,0.08,mutual_information,adv,cert_fail_tau0.5,False,0.8414634146341463,0.45707070707070707,0.08888888888888889,45,,,45.0,5.0
bbb,robust,2,0.08,0.25,0.08,mutual_information,adv,cert_fail_tau0.9,False,0.8525641025641025,0.4838235294117647,0.09302325581395349,43,,,43.0,7.0
bbb,robust,2,0.08,0.25,0.08,mutual_information,adv,cert_fail_tau0.95,False,,1.0,1.0,4,,,4.0,46.0
bbb,robust,2,0.08,0.25,0.08,mutual_information,delta,adv_error,False,0.2624113475177305,0.06390847247990106,0.06,50,0.35777907498287026,0.12637013069778416,,
bbb,robust,2,0.08,0.25,0.08,mutual_information,delta,cert_fail_tau0.5,False,0.4695121951219512,0.3606962481962481,0.08888888888888889,45,,,45.0,5.0
bbb,robust,2,0.08,0.25,0.08,mutual_information,delta,cert_fail_tau0.9,False,0.47435897435897434,0.3744462901439645,0.09302325581395349,43,,,43.0,7.0
bbb,robust,2,0.08,0.25,0.08,mutual_information,delta,cert_fail_tau0.95,False,,1.0,1.0,4,,,4.0,46.0
bbb,robust,2,0.08,0.25,0.08,one_minus_confidence,clean,adv_error,False,0.8723404255319149,0.49107142857142855,0.06,50,0.389405199683856,0.3319534562773381,,
bbb,robust,2,0.08,0.25,0.08,one_minus_confidence,clean,cert_fail_tau0.5,False,0.8719512195121951,0.4833333333333333,0.08888888888888889,45,,,45.0,5.0
bbb,robust,2,0.08,0.25,0.08,one_minus_confidence,clean,cert_fail_tau0.9,False,0.8653846153846154,0.4833333333333333,0.09302325581395349,43,,,43.0,7.0
bbb,robust,2,0.08,0.25,0.08,one_minus_confidence,clean,cert_fail_tau0.95,False,,1.0,1.0,4,,,4.0,46.0
bbb,robust,2,0.08,0.25,0.08,one_minus_confidence,adv,adv_error,False,0.5673758865248227,0.08893557422969188,0.06,50,0.5379079498024493,0.3175301313251226,,
bbb,robust,2,0.08,0.25,0.08,one_minus_confidence,adv,cert_fail_tau0.5,False,0.7378048780487805,0.40278633004926107,0.08888888888888889,45,,,45.0,5.0
bbb,robust,2,0.08,0.25,0.08,one_minus_confidence,adv,cert_fail_tau0.9,False,0.75,0.42037037037037034,0.09302325581395349,43,,,43.0,7.0
bbb,robust,2,0.08,0.25,0.08,one_minus_confidence,adv,cert_fail_tau0.95,False,,1.0,1.0,4,,,4.0,46.0
bbb,robust,2,0.08,0.25,0.08,one_minus_confidence,delta,adv_error,False,0.36879432624113473,0.07238095238095238,0.06,50,0.44249959298621155,0.19123296839655599,,
bbb,robust,2,0.08,0.25,0.08,one_minus_confidence,delta,cert_fail_tau0.5,False,0.5670731707317073,0.3972222222222222,0.08888888888888889,45,,,45.0,5.0
bbb,robust,2,0.08,0.25,0.08,one_minus_confidence,delta,cert_fail_tau0.9,False,0.5769230769230769,0.42504152823920266,0.09302325581395349,43,,,43.0,7.0
bbb,robust,2,0.08,0.25,0.08,one_minus_confidence,delta,cert_fail_tau0.95,False,,1.0,1.0,4,,,4.0,46.0
bbb,robust,2,0.08,0.25,0.1,mutual_information,clean,adv_error,False,0.8438538205980066,0.6473861283643891,0.14,50,0.3695792347625887,0.402342210303502,,
bbb,robust,2,0.08,0.25,0.1,mutual_information,clean,cert_fail_tau0.5,False,0.8850574712643678,0.7847222222222222,0.17142857142857143,35,,,35.0,15.0
bbb,robust,2,0.08,0.25,0.1,mutual_information,clean,cert_fail_tau0.9,False,0.8681318681318682,0.7542647828362113,0.21212121212121213,33,,,33.0,17.0
bbb,robust,2,0.08,0.25,0.1,mutual_information,clean,cert_fail_tau0.95,False,,1.0,1.0,7,,,7.0,43.0
bbb,robust,2,0.08,0.25,0.1,mutual_information,adv,adv_error,False,0.770764119601329,0.6210240064195439,0.14,50,0.7788805882485902,0.4957549954485937,,
bbb,robust,2,0.08,0.25,0.1,mutual_information,adv,cert_fail_tau0.5,False,0.8390804597701149,0.7345238095238095,0.17142857142857143,35,,,35.0,15.0
bbb,robust,2,0.08,0.25,0.1,mutual_information,adv,cert_fail_tau0.9,False,0.8736263736263736,0.7903525046382189,0.21212121212121213,33,,,33.0,17.0
bbb,robust,2,0.08,0.25,0.1,mutual_information,adv,cert_fail_tau0.95,False,,1.0,1.0,7,,,7.0,43.0
bbb,robust,2,0.08,0.25,0.1,mutual_information,delta,adv_error,False,0.6677740863787376,0.6033190419024753,0.14,50,0.6875671918206654,0.3859039864240735,,
bbb,robust,2,0.08,0.25,0.1,mutual_information,delta,cert_fail_tau0.5,False,0.6609195402298851,0.6864145658263305,0.17142857142857143,35,,,35.0,15.0
bbb,robust,2,0.08,0.25,0.1,mutual_information,delta,cert_fail_tau0.9,False,0.7087912087912088,0.747564935064935,0.21212121212121213,33,,,33.0,17.0
bbb,robust,2,0.08,0.25,0.1,mutual_information,delta,cert_fail_tau0.95,False,,1.0,1.0,7,,,7.0,43.0
bbb,robust,2,0.08,0.25,0.1,one_minus_confidence,clean,adv_error,False,0.7441860465116279,0.37116163424434095,0.14,50,0.2771161065622511,0.33085201813202353,,
bbb,robust,2,0.08,0.25,0.1,one_minus_confidence,clean,cert_fail_tau0.5,False,0.7931034482758621,0.48789098972922507,0.17142857142857143,35,,,35.0,15.0
bbb,robust,2,0.08,0.25,0.1,one_minus_confidence,clean,cert_fail_tau0.9,False,0.7802197802197802,0.4977171637885923,0.21212121212121213,33,,,33.0,17.0
bbb,robust,2,0.08,0.25,0.1,one_minus_confidence,clean,cert_fail_tau0.95,False,,1.0,1.0,7,,,7.0,43.0
bbb,robust,2,0.08,0.25,0.1,one_minus_confidence,adv,adv_error,False,0.7009966777408638,0.4783466533466533,0.14,50,0.7473350012677126,0.5143768948249203,,
bbb,robust,2,0.08,0.25,0.1,one_minus_confidence,adv,cert_fail_tau0.5,False,0.7816091954022989,0.6646825396825395,0.17142857142857143,35,,,35.0,15.0
bbb,robust,2,0.08,0.25,0.1,one_minus_confidence,adv,cert_fail_tau0.9,False,0.8351648351648352,0.7640367151645346,0.21212121212121213,33,,,33.0,17.0
bbb,robust,2,0.08,0.25,0.1,one_minus_confidence,adv,cert_fail_tau0.95,False,,1.0,1.0,7,,,7.0,43.0
bbb,robust,2,0.08,0.25,0.1,one_minus_confidence,delta,adv_error,False,0.6245847176079734,0.4727380216155726,0.14,50,0.6779663610003983,0.4254527759790084,,
bbb,robust,2,0.08,0.25,0.1,one_minus_confidence,delta,cert_fail_tau0.5,False,0.6436781609195402,0.6364145658263305,0.17142857142857143,35,,,35.0,15.0
bbb,robust,2,0.08,0.25,0.1,one_minus_confidence,delta,cert_fail_tau0.9,False,0.7032967032967034,0.7305581323438466,0.21212121212121213,33,,,33.0,17.0
bbb,robust,2,0.08,0.25,0.1,one_minus_confidence,delta,cert_fail_tau0.95,False,,1.0,1.0,7,,,7.0,43.0
bbb,robust,2,0.08,0.25,0.15,mutual_information,clean,adv_error,False,0.5016666666666667,0.6565514530458101,0.6,50,,,,
bbb,robust,2,0.08,0.25,0.15,mutual_information,clean,cert_fail_tau0.5,True,,,,0,,,0.0,50.0
bbb,robust,2,0.08,0.25,0.15,mutual_information,clean,cert_fail_tau0.9,True,,,,0,,,0.0,50.0
bbb,robust,2,0.08,0.25,0.15,mutual_information,clean,cert_fail_tau0.95,True,,,,0,,,0.0,50.0
bbb,robust,2,0.08,0.25,0.15,mutual_information,adv,adv_error,False,0.7383333333333333,0.7830976674970174,0.6,50,,,,
bbb,robust,2,0.08,0.25,0.15,mutual_information,adv,cert_fail_tau0.5,True,,,,0,,,0.0,50.0
bbb,robust,2,0.08,0.25,0.15,mutual_information,adv,cert_fail_tau0.9,True,,,,0,,,0.0,50.0
bbb,robust,2,0.08,0.25,0.15,mutual_information,adv,cert_fail_tau0.95,True,,,,0,,,0.0,50.0
bbb,robust,2,0.08,0.25,0.15,mutual_information,delta,adv_error,False,0.74,0.7826966963458122,0.6,50,,,,
bbb,robust,2,0.08,0.25,0.15,mutual_information,delta,cert_fail_tau0.5,True,,,,0,,,0.0,50.0
bbb,robust,2,0.08,0.25,0.15,mutual_information,delta,cert_fail_tau0.9,True,,,,0,,,0.0,50.0
bbb,robust,2,0.08,0.25,0.15,mutual_information,delta,cert_fail_tau0.95,True,,,,0,,,0.0,50.0
bbb,robust,2,0.08,0.25,0.15,one_minus_confidence,clean,adv_error,False,0.5133333333333333,0.6114221128600703,0.6,50,,,,
bbb,robust,2,0.08,0.25,0.15,one_minus_confidence,clean,cert_fail_tau0.5,True,,,,0,,,0.0,50.0
bbb,robust,2,0.08,0.25,0.15,one_minus_confidence,clean,cert_fail_tau0.9,True,,,,0,,,0.0,50.0
bbb,robust,2,0.08,0.25,0.15,one_minus_confidence,clean,cert_fail_tau0.95,True,,,,0,,,0.0,50.0
bbb,robust,2,0.08,0.25,0.15,one_minus_confidence,adv,adv_error,False,0.7316666666666667,0.8104396878685665,0.6,50,,,,
bbb,robust,2,0.08,0.25,0.15,one_minus_confidence,adv,cert_fail_tau0.5,True,,,,0,,,0.0,50.0
bbb,robust,2,0.08,0.25,0.15,one_minus_confidence,adv,cert_fail_tau0.9,True,,,,0,,,0.0,50.0
bbb,robust,2,0.08,0.25,0.15,one_minus_confidence,adv,cert_fail_tau0.95,True,,,,0,,,0.0,50.0
bbb,robust,2,0.08,0.25,0.15,one_minus_confidence,delta,adv_error,False,0.735,0.8153971829480128,0.6,50,,,,
bbb,robust,2,0.08,0.25,0.15,one_minus_confidence,delta,cert_fail_tau0.5,True,,,,0,,,0.0,50.0
bbb,robust,2,0.08,0.25,0.15,one_minus_confidence,delta,cert_fail_tau0.9,True,,,,0,,,0.0,50.0
bbb,robust,2,0.08,0.25,0.15,one_minus_confidence,delta,cert_fail_tau0.95,True,,,,0,,,0.0,50.0
bbb,robust,3,0.08,0.25,0.01,mutual_information,clean,adv_error,False,,,0.0,50,,,,
bbb,robust,3,0.08,0.25,0.01,mutual_information,clean,cert_fail_tau0.5,False,,,0.0,50,,,50.0,0.0
bbb,robust,3,0.08,0.25,0.01,mutual_information,clean,cert_fail_tau0.9,False,,,0.0,50,,,50.0,0.0
bbb,robust,3,0.08,0.25,0.01,mutual_information,clean,cert_fail_tau0.95,True,,,,0,,,0.0,50.0
bbb,robust,3,0.08,0.25,0.01,mutual_information,adv,adv_error,False,,,0.0,50,,,,
bbb,robust,3,0.08,0.25,0.01,mutual_information,adv,cert_fail_tau0.5,False,,,0.0,50,,,50.0,0.0
bbb,robust,3,0.08,0.25,0.01,mutual_information,adv,cert_fail_tau0.9,False,,,0.0,50,,,50.0,0.0
bbb,robust,3,0.08,0.25,0.01,mutual_information,adv,cert_fail_tau0.95,True,,,,0,,,0.0,50.0
bbb,robust,3,0.08,0.25,0.01,mutual_information,delta,adv_error,False,,,0.0,50,,,,
bbb,robust,3,0.08,0.25,0.01,mutual_information,delta,cert_fail_tau0.5,False,,,0.0,50,,,50.0,0.0
bbb,robust,3,0.08,0.25,0.01,mutual_information,delta,cert_fail_tau0.9,False,,,0.0,50,,,50.0,0.0
bbb,robust,3,0.08,0.25,0.01,mutual_information,delta,cert_fail_tau0.95,True,,,,0,,,0.0,50.0
bbb,robust,3,0.08,0.25,0.01,one_minus_confidence,clean,adv_error,False,,,0.0,50,,,,
bbb,robust,3,0.08,0.25,0.01,one_minus_confidence,clean,cert_fail_tau0.5,False,,,0.0,50,,,50.0,0.0
bbb,robust,3,0.08,0.25,0.01,one_minus_confidence,clean,cert_fail_tau0.9,False,,,0.0,50,,,50.0,0.0
bbb,robust,3,0.08,0.25,0.01,one_minus_confidence,clean,cert_fail_tau0.95,True,,,,0,,,0.0,50.0
bbb,robust,3,0.08,0.25,0.01,one_minus_confidence,adv,adv_error,False,,,0.0,50,,,,
bbb,robust,3,0.08,0.25,0.01,one_minus_confidence,adv,cert_fail_tau0.5,False,,,0.0,50,,,50.0,0.0
bbb,robust,3,0.08,0.25,0.01,one_minus_confidence,adv,cert_fail_tau0.9,False,,,0.0,50,,,50.0,0.0
bbb,robust,3,0.08,0.25,0.01,one_minus_confidence,adv,cert_fail_tau0.95,True,,,,0,,,0.0,50.0
bbb,robust,3,0.08,0.25,0.01,one_minus_confidence,delta,adv_error,False,,,0.0,50,,,,
bbb,robust,3,0.08,0.25,0.01,one_minus_confidence,delta,cert_fail_tau0.5,False,,,0.0,50,,,50.0,0.0
bbb,robust,3,0.08,0.25,0.01,one_minus_confidence,delta,cert_fail_tau0.9,False,,,0.0,50,,,50.0,0.0
bbb,robust,3,0.08,0.25,0.01,one_minus_confidence,delta,cert_fail_tau0.95,True,,,,0,,,0.0,50.0
bbb,robust,3,0.08,0.25,0.03,mutual_information,clean,adv_error,False,,,0.0,50,,,,
bbb,robust,3,0.08,0.25,0.03,mutual_information,clean,cert_fail_tau0.5,True,,,,0,,,0.0,50.0
bbb,robust,3,0.08,0.25,0.03,mutual_information,clean,cert_fail_tau0.9,True,,,,0,,,0.0,50.0
bbb,robust,3,0.08,0.25,0.03,mutual_information,clean,cert_fail_tau0.95,True,,,,0,,,0.0,50.0
bbb,robust,3,0.08,0.25,0.03,mutual_information,adv,adv_error,False,,,0.0,50,,,,
bbb,robust,3,0.08,0.25,0.03,mutual_information,adv,cert_fail_tau0.5,True,,,,0,,,0.0,50.0
bbb,robust,3,0.08,0.25,0.03,mutual_information,adv,cert_fail_tau0.9,True,,,,0,,,0.0,50.0
bbb,robust,3,0.08,0.25,0.03,mutual_information,adv,cert_fail_tau0.95,True,,,,0,,,0.0,50.0
bbb,robust,3,0.08,0.25,0.03,mutual_information,delta,adv_error,False,,,0.0,50,,,,
bbb,robust,3,0.08,0.25,0.03,mutual_information,delta,cert_fail_tau0.5,True,,,,0,,,0.0,50.0
bbb,robust,3,0.08,0.25,0.03,mutual_information,delta,cert_fail_tau0.9,True,,,,0,,,0.0,50.0
bbb,robust,3,0.08,0.25,0.03,mutual_information,delta,cert_fail_tau0.95,True,,,,0,,,0.0,50.0
bbb,robust,3,0.08,0.25,0.03,one_minus_confidence,clean,adv_error,False,,,0.0,50,,,,
bbb,robust,3,0.08,0.25,0.03,one_minus_confidence,clean,cert_fail_tau0.5,True,,,,0,,,0.0,50.0
bbb,robust,3,0.08,0.25,0.03,one_minus_confidence,clean,cert_fail_tau0.9,True,,,,0,,,0.0,50.0
bbb,robust,3,0.08,0.25,0.03,one_minus_confidence,clean,cert_fail_tau0.95,True,,,,0,,,0.0,50.0
bbb,robust,3,0.08,0.25,0.03,one_minus_confidence,adv,adv_error,False,,,0.0,50,,,,
bbb,robust,3,0.08,0.25,0.03,one_minus_confidence,adv,cert_fail_tau0.5,True,,,,0,,,0.0,50.0
bbb,robust,3,0.08,0.25,0.03,one_minus_confidence,adv,cert_fail_tau0.9,True,,,,0,,,0.0,50.0
bbb,robust,3,0.08,0.25,0.03,one_minus_confidence,adv,cert_fail_tau0.95,True,,,,0,,,0.0,50.0
bbb,robust,3,0.08,0.25,0.03,one_minus_confidence,delta,adv_error,False,,,0.0,50,,,,
bbb,robust,3,0.08,0.25,0.03,one_minus_confidence,delta,cert_fail_tau0.5,True,,,,0,,,0.0,50.0
bbb,robust,3,0.08,0.25,0.03,one_minus_confidence,delta,cert_fail_tau0.9,True,,,,0,,,0.0,50.0
bbb,robust,3,0.08,0.25,0.03,one_minus_confidence,delta,cert_fail_tau0.95,True,,,,0,,,0.0,50.0
bbb,robust,3,0.08,0.25,0.05,mutual_information,clean,adv_error,False,1.0,1.0,0.06,50,0.5371368787639148,0.4950021863113602,,
bbb,robust,3,0.08,0.25,0.05,mutual_information,clean,cert_fail_tau0.5,False,1.0,1.0,0.061224489795918366,49,,,49.0,1.0
bbb,robust,3,0.08,0.25,0.05,mutual_information,clean,cert_fail_tau0.9,False,1.0,1.0,0.06382978723404255,47,,,47.0,3.0
bbb,robust,3,0.08,0.25,0.05,mutual_information,clean,cert_fail_tau0.95,False,,1.0,1.0,3,,,3.0,47.0
bbb,robust,3,0.08,0.25,0.05,mutual_information,adv,adv_error,False,0.9645390070921985,0.5333333333333333,0.06,50,0.5617301230545948,0.5184287850300271,,
bbb,robust,3,0.08,0.25,0.05,mutual_information,adv,cert_fail_tau0.5,False,0.9855072463768116,0.8055555555555556,0.061224489795918366,49,,,49.0,1.0
bbb,robust,3,0.08,0.25,0.05,mutual_information,adv,cert_fail_tau0.9,False,1.0,1.0,0.06382978723404255,47,,,47.0,3.0
bbb,robust,3,0.08,0.25,0.05,mutual_information,adv,cert_fail_tau0.95,False,,1.0,1.0,3,,,3.0,47.0
bbb,robust,3,0.08,0.25,0.05,mutual_information,delta,adv_error,False,0.9574468085106383,0.4777777777777778,0.06,50,0.5610493412057178,0.5176909394010927,,
bbb,robust,3,0.08,0.25,0.05,mutual_information,delta,cert_fail_tau0.5,False,0.9782608695652174,0.6388888888888888,0.061224489795918366,49,,,49.0,1.0
bbb,robust,3,0.08,0.25,0.05,mutual_information,delta,cert_fail_tau0.9,False,1.0,1.0,0.06382978723404255,47,,,47.0,3.0
bbb,robust,3,0.08,0.25,0.05,mutual_information,delta,cert_fail_tau0.95,False,,1.0,1.0,3,,,3.0,47.0
bbb,robust,3,0.08,0.25,0.05,one_minus_confidence,clean,adv_error,False,0.9929078014184397,0.9166666666666666,0.06,50,0.5092075999021634,0.47592881196947784,,
bbb,robust,3,0.08,0.25,0.05,one_minus_confidence,clean,cert_fail_tau0.5,False,0.9927536231884058,0.9166666666666666,0.061224489795918366,49,,,49.0,1.0
bbb,robust,3,0.08,0.25,0.05,one_minus_confidence,clean,cert_fail_tau0.9,False,0.9924242424242424,0.9166666666666666,0.06382978723404255,47,,,47.0,3.0
bbb,robust,3,0.08,0.25,0.05,one_minus_confidence,clean,cert_fail_tau0.95,False,,1.0,1.0,3,,,3.0,47.0
bbb,robust,3,0.08,0.25,0.05,one_minus_confidence,adv,adv_error,False,0.9858156028368794,0.8666666666666667,0.06,50,0.5595759697035304,0.5190620896040644,,
bbb,robust,3,0.08,0.25,0.05,one_minus_confidence,adv,cert_fail_tau0.5,False,0.9927536231884058,0.9166666666666666,0.061224489795918366,49,,,49.0,1.0
bbb,robust,3,0.08,0.25,0.05,one_minus_confidence,adv,cert_fail_tau0.9,False,1.0,1.0,0.06382978723404255,47,,,47.0,3.0
bbb,robust,3,0.08,0.25,0.05,one_minus_confidence,adv,cert_fail_tau0.95,False,,1.0,1.0,3,,,3.0,47.0
bbb,robust,3,0.08,0.25,0.05,one_minus_confidence,delta,adv_error,False,0.9787234042553191,0.7555555555555555,0.06,50,0.5632383390638427,0.5186928474987085,,
bbb,robust,3,0.08,0.25,0.05,one_minus_confidence,delta,cert_fail_tau0.5,False,0.9927536231884058,0.9166666666666666,0.061224489795918366,49,,,49.0,1.0
bbb,robust,3,0.08,0.25,0.05,one_minus_confidence,delta,cert_fail_tau0.9,False,1.0,1.0,0.06382978723404255,47,,,47.0,3.0
bbb,robust,3,0.08,0.25,0.05,one_minus_confidence,delta,cert_fail_tau0.95,False,,1.0,1.0,3,,,3.0,47.0
bbb,robust,3,0.08,0.25,0.07,mutual_information,clean,adv_error,False,0.9733333333333334,0.8909090909090909,0.1,50,0.5501095521691806,0.4914717750248651,,
bbb,robust,3,0.08,0.25,0.07,mutual_information,clean,cert_fail_tau0.5,False,0.9772727272727273,0.9,0.10204081632653061,49,,,49.0,1.0
bbb,robust,3,0.08,0.25,0.07,mutual_information,clean,cert_fail_tau0.9,False,0.9761904761904762,0.9,0.10638297872340426,47,,,47.0,3.0
bbb,robust,3,0.08,0.25,0.07,mutual_information,clean,cert_fail_tau0.95,False,,1.0,1.0,5,,,5.0,45.0
bbb,robust,3,0.08,0.25,0.07,mutual_information,adv,adv_error,False,0.9333333333333333,0.7496503496503496,0.1,50,0.5805664877696122,0.44863877284388515,,
bbb,robust,3,0.08,0.25,0.07,mutual_information,adv,cert_fail_tau0.5,False,0.9409090909090909,0.7633333333333334,0.10204081632653061,49,,,49.0,1.0
bbb,robust,3,0.08,0.25,0.07,mutual_information,adv,cert_fail_tau0.9,False,0.9571428571428572,0.7999999999999999,0.10638297872340426,47,,,47.0,3.0
bbb,robust,3,0.08,0.25,0.07,mutual_information,adv,cert_fail_tau0.95,False,,1.0,1.0,5,,,5.0,45.0
bbb,robust,3,0.08,0.25,0.07,mutual_information,delta,adv_error,False,0.7288888888888889,0.66,0.1,50,0.40023730470963137,0.2316120742932732,,
bbb,robust,3,0.08,0.25,0.07,mutual_information,delta,cert_fail_tau0.5,False,0.7318181818181818,0.6625134264232009,0.10204081632653061,49,,,49.0,1.0
bbb,robust,3,0.08,0.25,0.07,mutual_information,delta,cert_fail_tau0.9,False,0.7380952380952381,0.6683354192740927,0.10638297872340426,47,,,47.0,3.0
bbb,robust,3,0.08,0.25,0.07,mutual_information,delta,cert_fail_tau0.95,False,,1.0,1.0,5,,,5.0,45.0
bbb,robust,3,0.08,0.25,0.07,one_minus_confidence,clean,adv_error,False,0.9466666666666667,0.7547619047619047,0.1,50,0.52032788660268,0.4719393960846764,,
bbb,robust,3,0.08,0.25,0.07,one_minus_confidence,clean,cert_fail_tau0.5,False,0.95,0.7602564102564102,0.10204081632653061,49,,,49.0,1.0
bbb,robust,3,0.08,0.25,0.07,one_minus_confidence,clean,cert_fail_tau0.9,False,0.9523809523809523,0.7666666666666666,0.10638297872340426,47,,,47.0,3.0
bbb,robust,3,0.08,0.25,0.07,one_minus_confidence,clean,cert_fail_tau0.95,False,,1.0,1.0,5,,,5.0,45.0
bbb,robust,3,0.08,0.25,0.07,one_minus_confidence,adv,adv_error,False,0.9155555555555556,0.7554545454545455,0.1,50,0.5695734488159984,0.4288941945413264,,
bbb,robust,3,0.08,0.25,0.07,one_minus_confidence,adv,cert_fail_tau0.5,False,0.9181818181818182,0.7576190476190476,0.10204081632653061,49,,,49.0,1.0
bbb,robust,3,0.08,0.25,0.07,one_minus_confidence,adv,cert_fail_tau0.9,False,0.9333333333333333,0.8526315789473684,0.10638297872340426,47,,,47.0,3.0
bbb,robust,3,0.08,0.25,0.07,one_minus_confidence,adv,cert_fail_tau0.95,False,,1.0,1.0,5,,,5.0,45.0
bbb,robust,3,0.08,0.25,0.07,one_minus_confidence,delta,adv_error,False,0.7866666666666666,0.7033333333333334,0.1,50,0.45980522360407333,0.29236072193551027,,
bbb,robust,3,0.08,0.25,0.07,one_minus_confidence,delta,cert_fail_tau0.5,False,0.7909090909090909,0.7304081632653062,0.10204081632653061,49,,,49.0,1.0
bbb,robust,3,0.08,0.25,0.07,one_minus_confidence,delta,cert_fail_tau0.9,False,0.8,0.8212765957446809,0.10638297872340426,47,,,47.0,3.0
bbb,robust,3,0.08,0.25,0.07,one_minus_confidence,delta,cert_fail_tau0.95,False,,1.0,1.0,5,,,5.0,45.0
bbb,robust,3,0.08,0.25,0.08,mutual_information,clean,adv_error,False,0.9733333333333334,0.8909090909090909,0.1,50,0.5504534791547717,0.547307694481207,,
bbb,robust,3,0.08,0.25,0.08,mutual_information,clean,cert_fail_tau0.5,False,0.98,0.9111111111111111,0.1111111111111111,45,,,45.0,5.0
bbb,robust,3,0.08,0.25,0.08,mutual_information,clean,cert_fail_tau0.9,False,0.9833333333333333,0.925,0.12195121951219512,41,,,41.0,9.0
bbb,robust,3,0.08,0.25,0.08,mutual_information,clean,cert_fail_tau0.95,False,,1.0,1.0,5,,,5.0,45.0
bbb,robust,3,0.08,0.25,0.08,mutual_information,adv,adv_error,False,0.8711111111111111,0.40101010101010104,0.1,50,0.7191427523974744,0.4430207010600607,,
bbb,robust,3,0.08,0.25,0.08,mutual_information,adv,cert_fail_tau0.5,False,0.915,0.5754901960784313,0.1111111111111111,45,,,45.0,5.0
bbb,robust,3,0.08,0.25,0.08,mutual_information,adv,cert_fail_tau0.9,False,0.9555555555555556,0.8769230769230769,0.12195121951219512,41,,,41.0,9.0
bbb,robust,3,0.08,0.25,0.08,mutual_information,adv,cert_fail_tau0.95,False,,1.0,1.0,5,,,5.0,45.0
bbb,robust,3,0.08,0.25,0.08,mutual_information,delta,adv_error,False,0.7155555555555555,0.29725274725274725,0.1,50,0.6179529558732325,0.30147698021822994,,
bbb,robust,3,0.08,0.25,0.08,mutual_information,delta,cert_fail_tau0.5,False,0.765,0.5055555555555555,0.1111111111111111,45,,,45.0,5.0
bbb,robust,3,0.08,0.25,0.08,mutual_information,delta,cert_fail_tau0.9,False,0.7944444444444444,0.784390243902439,0.12195121951219512,41,,,41.0,9.0
bbb,robust,3,0.08,0.25,0.08,mutual_information,delta,cert_fail_tau0.95,False,,1.0,1.0,5,,,5.0,45.0
bbb,robust,3,0.08,0.25,0.08,one_minus_confidence,clean,adv_error,False,0.9466666666666667,0.7547619047619047,0.1,50,0.5696631658164132,0.5239560833053367,,
bbb,robust,3,0.08,0.25,0.08,one_minus_confidence,clean,cert_fail_tau0.5,False,0.955,0.7742424242424242,0.1111111111111111,45,,,45.0,5.0
bbb,robust,3,0.08,0.25,0.08,one_minus_confidence,clean,cert_fail_tau0.9,False,0.9666666666666667,0.86,0.12195121951219512,41,,,41.0,9.0
bbb,robust,3,0.08,0.25,0.08,one_minus_confidence,clean,cert_fail_tau0.95,False,,1.0,1.0,5,,,5.0,45.0
bbb,robust,3,0.08,0.25,0.08,one_minus_confidence,adv,adv_error,False,0.8488888888888889,0.6794117647058825,0.1,50,0.6882451046038126,0.4724758060721402,,
bbb,robust,3,0.08,0.25,0.08,one_minus_confidence,adv,cert_fail_tau0.5,False,0.875,0.7944827586206896,0.1111111111111111,45,,,45.0,5.0
bbb,robust,3,0.08,0.25,0.08,one_minus_confidence,adv,cert_fail_tau0.9,False,0.8888888888888888,0.8400000000000001,0.12195121951219512,41,,,41.0,9.0
bbb,robust,3,0.08,0.25,0.08,one_minus_confidence,adv,cert_fail_tau0.95,False,,1.0,1.0,5,,,5.0,45.0
bbb,robust,3,0.08,0.25,0.08,one_minus_confidence,delta,adv_error,False,0.7555555555555555,0.5700000000000001,0.1,50,0.6313815489527854,0.38618030922593966,,
bbb,robust,3,0.08,0.25,0.08,one_minus_confidence,delta,cert_fail_tau0.5,False,0.785,0.7365079365079366,0.1111111111111111,45,,,45.0,5.0
bbb,robust,3,0.08,0.25,0.08,one_minus_confidence,delta,cert_fail_tau0.9,False,0.8,0.8243902439024391,0.12195121951219512,41,,,41.0,9.0
bbb,robust,3,0.08,0.25,0.08,one_minus_confidence,delta,cert_fail_tau0.95,False,,1.0,1.0,5,,,5.0,45.0
bbb,robust,3,0.08,0.25,0.1,mutual_information,clean,adv_error,False,0.81,0.6728411938938256,0.2,50,0.3449201773803245,0.4713525238919359,,
bbb,robust,3,0.08,0.25,0.1,mutual_information,clean,cert_fail_tau0.5,False,0.8160919540229885,0.7481481481481482,0.23684210526315788,38,,,38.0,12.0
bbb,robust,3,0.08,0.25,0.1,mutual_information,clean,cert_fail_tau0.9,False,0.8249158249158249,0.7612651237651237,0.2894736842105263,38,,,38.0,12.0
bbb,robust,3,0.08,0.25,0.1,mutual_information,clean,cert_fail_tau0.95,False,,1.0,1.0,11,,,11.0,39.0
bbb,robust,3,0.08,0.25,0.1,mutual_information,adv,adv_error,False,0.82,0.5899417249417249,0.2,50,0.7504395308770861,0.5495168232424089,,
bbb,robust,3,0.08,0.25,0.1,mutual_information,adv,cert_fail_tau0.5,False,0.896551724137931,0.7906084656084658,0.23684210526315788,38,,,38.0,12.0
bbb,robust,3,0.08,0.25,0.1,mutual_information,adv,cert_fail_tau0.9,False,0.9191919191919192,0.8664548414548414,0.2894736842105263,38,,,38.0,12.0
bbb,robust,3,0.08,0.25,0.1,mutual_information,adv,cert_fail_tau0.95,False,,1.0,1.0,11,,,11.0,39.0
bbb,robust,3,0.08,0.25,0.1,mutual_information,delta,adv_error,False,0.7375,0.5454545454545455,0.2,50,0.6740178345313129,0.42744349517314434,,
bbb,robust,3,0.08,0.25,0.1,mutual_information,delta,cert_fail_tau0.5,False,0.7969348659003831,0.7163350294929242,0.23684210526315788,38,,,38.0,12.0
bbb,robust,3,0.08,0.25,0.1,mutual_information,delta,cert_fail_tau0.9,False,0.8383838383838383,0.8100459482038429,0.2894736842105263,38,,,38.0,12.0
bbb,robust,3,0.08,0.25,0.1,mutual_information,delta,cert_fail_tau0.95,False,,1.0,1.0,11,,,11.0,39.0
bbb,robust,3,0.08,0.25,0.1,one_minus_confidence,clean,adv_error,False,0.83625,0.6028347100927746,0.2,50,0.3853494811705766,0.4553909870172637,,
bbb,robust,3,0.08,0.25,0.1,one_minus_confidence,clean,cert_fail_tau0.5,False,0.8026819923371648,0.6760913225825507,0.23684210526315788,38,,,38.0,12.0
bbb,robust,3,0.08,0.25,0.1,one_minus_confidence,clean,cert_fail_tau0.9,False,0.7996632996632996,0.6752458552486696,0.2894736842105263,38,,,38.0,12.0
bbb,robust,3,0.08,0.25,0.1,one_minus_confidence,clean,cert_fail_tau0.95,False,,1.0,1.0,11,,,11.0,39.0
bbb,robust,3,0.08,0.25,0.1,one_minus_confidence,adv,adv_error,False,0.8,0.5432991569833676,0.2,50,0.7191173989945228,0.5477729185557051,,
bbb,robust,3,0.08,0.25,0.1,one_minus_confidence,adv,cert_fail_tau0.5,False,0.8850574712643678,0.8555555555555555,0.23684210526315788,38,,,38.0,12.0
bbb,robust,3,0.08,0.25,0.1,one_minus_confidence,adv,cert_fail_tau0.9,False,0.9057239057239057,0.8956876456876457,0.2894736842105263,38,,,38.0,12.0
bbb,robust,3,0.08,0.25,0.1,one_minus_confidence,adv,cert_fail_tau0.95,False,,1.0,1.0,11,,,11.0,39.0
bbb,robust,3,0.08,0.25,0.1,one_minus_confidence,delta,adv_error,False,0.7125,0.5120758606472893,0.2,50,0.6283262710119034,0.41915994791130134,,
bbb,robust,3,0.08,0.25,0.1,one_minus_confidence,delta,cert_fail_tau0.5,False,0.7662835249042146,0.7947842579421527,0.23684210526315788,38,,,38.0,12.0
bbb,robust,3,0.08,0.25,0.1,one_minus_confidence,delta,cert_fail_tau0.9,False,0.8080808080808081,0.8463403594982543,0.2894736842105263,38,,,38.0,12.0
bbb,robust,3,0.08,0.25,0.1,one_minus_confidence,delta,cert_fail_tau0.95,False,,1.0,1.0,11,,,11.0,39.0
bbb,robust,3,0.08,0.25,0.15,mutual_information,clean,adv_error,False,0.5227272727272727,0.6733983648118512,0.56,50,,,,
bbb,robust,3,0.08,0.25,0.15,mutual_information,clean,cert_fail_tau0.5,True,,,,0,,,0.0,50.0
bbb,robust,3,0.08,0.25,0.15,mutual_information,clean,cert_fail_tau0.9,True,,,,0,,,0.0,50.0
bbb,robust,3,0.08,0.25,0.15,mutual_information,clean,cert_fail_tau0.95,True,,,,0,,,0.0,50.0
bbb,robust,3,0.08,0.25,0.15,mutual_information,adv,adv_error,False,0.5146103896103896,0.5463361162065867,0.56,50,,,,
bbb,robust,3,0.08,0.25,0.15,mutual_information,adv,cert_fail_tau0.5,True,,,,0,,,0.0,50.0
bbb,robust,3,0.08,0.25,0.15,mutual_information,adv,cert_fail_tau0.9,True,,,,0,,,0.0,50.0
bbb,robust,3,0.08,0.25,0.15,mutual_information,adv,cert_fail_tau0.95,True,,,,0,,,0.0,50.0
bbb,robust,3,0.08,0.25,0.15,mutual_information,delta,adv_error,False,0.4967532467532468,0.5414784982492077,0.56,50,,,,
bbb,robust,3,0.08,0.25,0.15,mutual_information,delta,cert_fail_tau0.5,True,,,,0,,,0.0,50.0
bbb,robust,3,0.08,0.25,0.15,mutual_information,delta,cert_fail_tau0.9,True,,,,0,,,0.0,50.0
bbb,robust,3,0.08,0.25,0.15,mutual_information,delta,cert_fail_tau0.95,True,,,,0,,,0.0,50.0
bbb,robust,3,0.08,0.25,0.15,one_minus_confidence,clean,adv_error,False,0.5714285714285714,0.6598154597077068,0.56,50,,,,
bbb,robust,3,0.08,0.25,0.15,one_minus_confidence,clean,cert_fail_tau0.5,True,,,,0,,,0.0,50.0
bbb,robust,3,0.08,0.25,0.15,one_minus_confidence,clean,cert_fail_tau0.9,True,,,,0,,,0.0,50.0
bbb,robust,3,0.08,0.25,0.15,one_minus_confidence,clean,cert_fail_tau0.95,True,,,,0,,,0.0,50.0
bbb,robust,3,0.08,0.25,0.15,one_minus_confidence,adv,adv_error,False,0.5974025974025974,0.6842213960364003,0.56,50,,,,
bbb,robust,3,0.08,0.25,0.15,one_minus_confidence,adv,cert_fail_tau0.5,True,,,,0,,,0.0,50.0
bbb,robust,3,0.08,0.25,0.15,one_minus_confidence,adv,cert_fail_tau0.9,True,,,,0,,,0.0,50.0
bbb,robust,3,0.08,0.25,0.15,one_minus_confidence,adv,cert_fail_tau0.95,True,,,,0,,,0.0,50.0
bbb,robust,3,0.08,0.25,0.15,one_minus_confidence,delta,adv_error,False,0.5909090909090909,0.6823938410279469,0.56,50,,,,
bbb,robust,3,0.08,0.25,0.15,one_minus_confidence,delta,cert_fail_tau0.5,True,,,,0,,,0.0,50.0
bbb,robust,3,0.08,0.25,0.15,one_minus_confidence,delta,cert_fail_tau0.9,True,,,,0,,,0.0,50.0
bbb,robust,3,0.08,0.25,0.15,one_minus_confidence,delta,cert_fail_tau0.95,True,,,,0,,,0.0,50.0
bbb,robust,4,0.08,0.25,0.01,mutual_information,clean,adv_error,False,,,0.0,50,,,,
bbb,robust,4,0.08,0.25,0.01,mutual_information,clean,cert_fail_tau0.5,False,,,0.0,50,,,50.0,0.0
bbb,robust,4,0.08,0.25,0.01,mutual_information,clean,cert_fail_tau0.9,False,,,0.0,50,,,50.0,0.0
bbb,robust,4,0.08,0.25,0.01,mutual_information,clean,cert_fail_tau0.95,True,,,,0,,,0.0,50.0
bbb,robust,4,0.08,0.25,0.01,mutual_information,adv,adv_error,False,,,0.0,50,,,,
bbb,robust,4,0.08,0.25,0.01,mutual_information,adv,cert_fail_tau0.5,False,,,0.0,50,,,50.0,0.0
bbb,robust,4,0.08,0.25,0.01,mutual_information,adv,cert_fail_tau0.9,False,,,0.0,50,,,50.0,0.0
bbb,robust,4,0.08,0.25,0.01,mutual_information,adv,cert_fail_tau0.95,True,,,,0,,,0.0,50.0
bbb,robust,4,0.08,0.25,0.01,mutual_information,delta,adv_error,False,,,0.0,50,,,,
bbb,robust,4,0.08,0.25,0.01,mutual_information,delta,cert_fail_tau0.5,False,,,0.0,50,,,50.0,0.0
bbb,robust,4,0.08,0.25,0.01,mutual_information,delta,cert_fail_tau0.9,False,,,0.0,50,,,50.0,0.0
bbb,robust,4,0.08,0.25,0.01,mutual_information,delta,cert_fail_tau0.95,True,,,,0,,,0.0,50.0
bbb,robust,4,0.08,0.25,0.01,one_minus_confidence,clean,adv_error,False,,,0.0,50,,,,
bbb,robust,4,0.08,0.25,0.01,one_minus_confidence,clean,cert_fail_tau0.5,False,,,0.0,50,,,50.0,0.0
bbb,robust,4,0.08,0.25,0.01,one_minus_confidence,clean,cert_fail_tau0.9,False,,,0.0,50,,,50.0,0.0
bbb,robust,4,0.08,0.25,0.01,one_minus_confidence,clean,cert_fail_tau0.95,True,,,,0,,,0.0,50.0
bbb,robust,4,0.08,0.25,0.01,one_minus_confidence,adv,adv_error,False,,,0.0,50,,,,
bbb,robust,4,0.08,0.25,0.01,one_minus_confidence,adv,cert_fail_tau0.5,False,,,0.0,50,,,50.0,0.0
bbb,robust,4,0.08,0.25,0.01,one_minus_confidence,adv,cert_fail_tau0.9,False,,,0.0,50,,,50.0,0.0
bbb,robust,4,0.08,0.25,0.01,one_minus_confidence,adv,cert_fail_tau0.95,True,,,,0,,,0.0,50.0
bbb,robust,4,0.08,0.25,0.01,one_minus_confidence,delta,adv_error,False,,,0.0,50,,,,
bbb,robust,4,0.08,0.25,0.01,one_minus_confidence,delta,cert_fail_tau0.5,False,,,0.0,50,,,50.0,0.0
bbb,robust,4,0.08,0.25,0.01,one_minus_confidence,delta,cert_fail_tau0.9,False,,,0.0,50,,,50.0,0.0
bbb,robust,4,0.08,0.25,0.01,one_minus_confidence,delta,cert_fail_tau0.95,True,,,,0,,,0.0,50.0
bbb,robust,4,0.08,0.25,0.03,mutual_information,clean,adv_error,False,,,0.0,50,,,,
bbb,robust,4,0.08,0.25,0.03,mutual_information,clean,cert_fail_tau0.5,True,,,,0,,,0.0,50.0
bbb,robust,4,0.08,0.25,0.03,mutual_information,clean,cert_fail_tau0.9,True,,,,0,,,0.0,50.0
bbb,robust,4,0.08,0.25,0.03,mutual_information,clean,cert_fail_tau0.95,True,,,,0,,,0.0,50.0
bbb,robust,4,0.08,0.25,0.03,mutual_information,adv,adv_error,False,,,0.0,50,,,,
bbb,robust,4,0.08,0.25,0.03,mutual_information,adv,cert_fail_tau0.5,True,,,,0,,,0.0,50.0
bbb,robust,4,0.08,0.25,0.03,mutual_information,adv,cert_fail_tau0.9,True,,,,0,,,0.0,50.0
bbb,robust,4,0.08,0.25,0.03,mutual_information,adv,cert_fail_tau0.95,True,,,,0,,,0.0,50.0
bbb,robust,4,0.08,0.25,0.03,mutual_information,delta,adv_error,False,,,0.0,50,,,,
bbb,robust,4,0.08,0.25,0.03,mutual_information,delta,cert_fail_tau0.5,True,,,,0,,,0.0,50.0
bbb,robust,4,0.08,0.25,0.03,mutual_information,delta,cert_fail_tau0.9,True,,,,0,,,0.0,50.0
bbb,robust,4,0.08,0.25,0.03,mutual_information,delta,cert_fail_tau0.95,True,,,,0,,,0.0,50.0
bbb,robust,4,0.08,0.25,0.03,one_minus_confidence,clean,adv_error,False,,,0.0,50,,,,
bbb,robust,4,0.08,0.25,0.03,one_minus_confidence,clean,cert_fail_tau0.5,True,,,,0,,,0.0,50.0
bbb,robust,4,0.08,0.25,0.03,one_minus_confidence,clean,cert_fail_tau0.9,True,,,,0,,,0.0,50.0
bbb,robust,4,0.08,0.25,0.03,one_minus_confidence,clean,cert_fail_tau0.95,True,,,,0,,,0.0,50.0
bbb,robust,4,0.08,0.25,0.03,one_minus_confidence,adv,adv_error,False,,,0.0,50,,,,
bbb,robust,4,0.08,0.25,0.03,one_minus_confidence,adv,cert_fail_tau0.5,True,,,,0,,,0.0,50.0
bbb,robust,4,0.08,0.25,0.03,one_minus_confidence,adv,cert_fail_tau0.9,True,,,,0,,,0.0,50.0
bbb,robust,4,0.08,0.25,0.03,one_minus_confidence,adv,cert_fail_tau0.95,True,,,,0,,,0.0,50.0
bbb,robust,4,0.08,0.25,0.03,one_minus_confidence,delta,adv_error,False,,,0.0,50,,,,
bbb,robust,4,0.08,0.25,0.03,one_minus_confidence,delta,cert_fail_tau0.5,True,,,,0,,,0.0,50.0
bbb,robust,4,0.08,0.25,0.03,one_minus_confidence,delta,cert_fail_tau0.9,True,,,,0,,,0.0,50.0
bbb,robust,4,0.08,0.25,0.03,one_minus_confidence,delta,cert_fail_tau0.95,True,,,,0,,,0.0,50.0
bbb,robust,4,0.08,0.25,0.05,mutual_information,clean,adv_error,False,1.0,1.0,0.02,50,0.355597066336304,0.33954987505086615,,
bbb,robust,4,0.08,0.25,0.05,mutual_information,clean,cert_fail_tau0.5,False,1.0,1.0,0.02040816326530612,49,,,49.0,1.0
bbb,robust,4,0.08,0.25,0.05,mutual_information,clean,cert_fail_tau0.9,False,1.0,1.0,0.020833333333333332,48,,,48.0,2.0
bbb,robust,4,0.08,0.25,0.05,mutual_information,clean,cert_fail_tau0.95,True,,,1.0,1,,,1.0,49.0
bbb,robust,4,0.08,0.25,0.05,mutual_information,adv,adv_error,False,1.0,1.0,0.02,50,0.4003966967408777,0.33954987505086615,,
bbb,robust,4,0.08,0.25,0.05,mutual_information,adv,cert_fail_tau0.5,False,1.0,1.0,0.02040816326530612,49,,,49.0,1.0
bbb,robust,4,0.08,0.25,0.05,mutual_information,adv,cert_fail_tau0.9,False,1.0,1.0,0.020833333333333332,48,,,48.0,2.0
bbb,robust,4,0.08,0.25,0.05,mutual_information,adv,cert_fail_tau0.95,True,,,1.0,1,,,1.0,49.0
bbb,robust,4,0.08,0.25,0.05,mutual_information,delta,adv_error,False,1.0,1.0,0.02,50,0.39444674582777034,0.33262028576411373,,
bbb,robust,4,0.08,0.25,0.05,mutual_information,delta,cert_fail_tau0.5,False,1.0,1.0,0.02040816326530612,49,,,49.0,1.0
bbb,robust,4,0.08,0.25,0.05,mutual_information,delta,cert_fail_tau0.9,False,1.0,1.0,0.020833333333333332,48,,,48.0,2.0
bbb,robust,4,0.08,0.25,0.05,mutual_information,delta,cert_fail_tau0.95,True,,,1.0,1,,,1.0,49.0
bbb,robust,4,0.08,0.25,0.05,one_minus_confidence,clean,adv_error,False,0.9591836734693877,0.3333333333333333,0.02,50,0.3261253030226941,0.31663288498926145,,
bbb,robust,4,0.08,0.25,0.05,one_minus_confidence,clean,cert_fail_tau0.5,False,0.9583333333333334,0.3333333333333333,0.02040816326530612,49,,,49.0,1.0
bbb,robust,4,0.08,0.25,0.05,one_minus_confidence,clean,cert_fail_tau0.9,False,0.9574468085106383,0.3333333333333333,0.020833333333333332,48,,,48.0,2.0
bbb,robust,4,0.08,0.25,0.05,one_minus_confidence,clean,cert_fail_tau0.95,True,,,1.0,1,,,1.0,49.0
bbb,robust,4,0.08,0.25,0.05,one_minus_confidence,adv,adv_error,False,0.9795918367346939,0.5,0.02,50,0.3836981855802511,0.3393566725222602,,
bbb,robust,4,0.08,0.25,0.05,one_minus_confidence,adv,cert_fail_tau0.5,False,1.0,1.0,0.02040816326530612,49,,,49.0,1.0
bbb,robust,4,0.08,0.25,0.05,one_minus_confidence,adv,cert_fail_tau0.9,False,1.0,1.0,0.020833333333333332,48,,,48.0,2.0
bbb,robust,4,0.08,0.25,0.05,one_minus_confidence,adv,cert_fail_tau0.95,True,,,1.0,1,,,1.0,49.0
bbb,robust,4,0.08,0.25,0.05,one_minus_confidence,delta,adv_error,False,0.9795918367346939,0.5,0.02,50,0.3949010523125213,0.3393566725222602,,
bbb,robust,4,0.08,0.25,0.05,one_minus_confidence,delta,cert_fail_tau0.5,False,1.0,1.0,0.02040816326530612,49,,,49.0,1.0
bbb,robust,4,0.08,0.25,0.05,one_minus_confidence,delta,cert_fail_tau0.9,False,1.0,1.0,0.020833333333333332,48,,,48.0,2.0
bbb,robust,4,0.08,0.25,0.05,one_minus_confidence,delta,cert_fail_tau0.95,True,,,1.0,1,,,1.0,49.0
bbb,robust,4,0.08,0.25,0.07,mutual_information,clean,adv_error,False,0.8936170212765957,0.7222222222222222,0.06,50,0.5123536487311017,0.47203279272061,,
bbb,robust,4,0.08,0.25,0.07,mutual_information,clean,cert_fail_tau0.5,False,0.943089430894309,0.7666666666666666,0.06818181818181818,44,,,44.0,6.0
bbb,robust,4,0.08,0.25,0.07,mutual_information,clean,cert_fail_tau0.9,False,0.9243243243243243,0.7569230769230769,0.11904761904761904,42,,,42.0,8.0
bbb,robust,4,0.08,0.25,0.07,mutual_information,clean,cert_fail_tau0.95,False,,1.0,1.0,5,,,5.0,45.0
bbb,robust,4,0.08,0.25,0.07,mutual_information,adv,adv_error,False,0.9361702127659575,0.5777777777777778,0.06,50,0.7447145697363119,0.5804308139118882,,
bbb,robust,4,0.08,0.25,0.07,mutual_information,adv,cert_fail_tau0.5,False,0.967479674796748,0.5888888888888888,0.06818181818181818,44,,,44.0,6.0
bbb,robust,4,0.08,0.25,0.07,mutual_information,adv,cert_fail_tau0.9,False,1.0,1.0,0.11904761904761904,42,,,42.0,8.0
bbb,robust,4,0.08,0.25,0.07,mutual_information,adv,cert_fail_tau0.95,False,,1.0,1.0,5,,,5.0,45.0
bbb,robust,4,0.08,0.25,0.07,mutual_information,delta,adv_error,False,0.9078014184397163,0.5435897435897437,0.06,50,0.7417843407888355,0.5626032392078895,,
bbb,robust,4,0.08,0.25,0.07,mutual_information,delta,cert_fail_tau0.5,False,0.9512195121951219,0.5317460317460317,0.06818181818181818,44,,,44.0,6.0
bbb,robust,4,0.08,0.25,0.07,mutual_information,delta,cert_fail_tau0.9,False,0.9945945945945946,0.9666666666666667,0.11904761904761904,42,,,42.0,8.0
bbb,robust,4,0.08,0.25,0.07,mutual_information,delta,cert_fail_tau0.95,False,,1.0,1.0,5,,,5.0,45.0
bbb,robust,4,0.08,0.25,0.07,one_minus_confidence,clean,adv_error,False,0.8652482269503546,0.33333333333333337,0.06,50,0.4936001550294399,0.4338629493428134,,
bbb,robust,4,0.08,0.25,0.07,one_minus_confidence,clean,cert_fail_tau0.5,False,0.9105691056910569,0.4722222222222222,0.06818181818181818,44,,,44.0,6.0
bbb,robust,4,0.08,0.25,0.07,one_minus_confidence,clean,cert_fail_tau0.9,False,0.8594594594594595,0.4314285714285714,0.11904761904761904,42,,,42.0,8.0
bbb,robust,4,0.08,0.25,0.07,one_minus_confidence,clean,cert_fail_tau0.95,False,,1.0,1.0,5,,,5.0,45.0
bbb,robust,4,0.08,0.25,0.07,one_minus_confidence,adv,adv_error,False,0.9290780141843972,0.7435897435897436,0.06,50,0.7012767354769394,0.5621392117872692,,
bbb,robust,4,0.08,0.25,0.07,one_minus_confidence,adv,cert_fail_tau0.5,False,0.959349593495935,0.7916666666666666,0.06818181818181818,44,,,44.0,6.0
bbb,robust,4,0.08,0.25,0.07,one_minus_confidence,adv,cert_fail_tau0.9,False,0.9891891891891892,0.9428571428571428,0.11904761904761904,42,,,42.0,8.0
bbb,robust,4,0.08,0.25,0.07,one_minus_confidence,adv,cert_fail_tau0.95,False,,1.0,1.0,5,,,5.0,45.0
bbb,robust,4,0.08,0.25,0.07,one_minus_confidence,delta,adv_error,False,0.9148936170212766,0.7333333333333333,0.06,50,0.6962889919813708,0.5530660318150551,,
bbb,robust,4,0.08,0.25,0.07,one_minus_confidence,delta,cert_fail_tau0.5,False,0.943089430894309,0.7666666666666666,0.06818181818181818,44,,,44.0,6.0
bbb,robust,4,0.08,0.25,0.07,one_minus_confidence,delta,cert_fail_tau0.9,False,0.9783783783783784,0.9111111111111111,0.11904761904761904,42,,,42.0,8.0
bbb,robust,4,0.08,0.25,0.07,one_minus_confidence,delta,cert_fail_tau0.95,False,,1.0,1.0,5,,,5.0,45.0
bbb,robust,4,0.08,0.25,0.08,mutual_information,clean,adv_error,False,0.8444444444444444,0.5517094017094017,0.1,50,0.5088032436787197,0.4815934689261253,,
bbb,robust,4,0.08,0.25,0.08,mutual_information,clean,cert_fail_tau0.5,False,0.9243243243243243,0.7569230769230769,0.11904761904761904,42,,,42.0,8.0
bbb,robust,4,0.08,0.25,0.08,mutual_information,clean,cert_fail_tau0.9,False,0.8952702702702703,0.7275464731347084,0.17777777777777778,45,,,45.0,5.0
bbb,robust,4,0.08,0.25,0.08,mutual_information,clean,cert_fail_tau0.95,False,,1.0,1.0,8,,,8.0,42.0
bbb,robust,4,0.08,0.25,0.08,mutual_information,adv,adv_error,False,0.88,0.37460317460317455,0.1,50,0.7385105469655523,0.5702981556725558,,
bbb,robust,4,0.08,0.25,0.08,mutual_information,adv,cert_fail_tau0.5,False,0.972972972972973,0.9,0.11904761904761904,42,,,42.0,8.0
bbb,robust,4,0.08,0.25,0.08,mutual_information,adv,cert_fail_tau0.9,False,0.9831081081081081,0.9519230769230769,0.17777777777777778,45,,,45.0,5.0
bbb,robust,4,0.08,0.25,0.08,mutual_information,adv,cert_fail_tau0.95,False,,1.0,1.0,8,,,8.0,42.0
bbb,robust,4,0.08,0.25,0.08,mutual_information,delta,adv_error,False,0.7377777777777778,0.33904761904761904,0.1,50,0.6295797712186176,0.43547305079587767,,
bbb,robust,4,0.08,0.25,0.08,mutual_information,delta,cert_fail_tau0.5,False,0.8,0.8238095238095239,0.11904761904761904,42,,,42.0,8.0
bbb,robust,4,0.08,0.25,0.08,mutual_information,delta,cert_fail_tau0.9,False,0.875,0.8972222222222223,0.17777777777777778,45,,,45.0,5.0
bbb,robust,4,0.08,0.25,0.08,mutual_information,delta,cert_fail_tau0.95,False,,1.0,1.0,8,,,8.0,42.0
bbb,robust,4,0.08,0.25,0.08,one_minus_confidence,clean,adv_error,False,0.8311111111111111,0.3217094017094017,0.1,50,0.4922012192781052,0.4551507476710511,,
bbb,robust,4,0.08,0.25,0.08,one_minus_confidence,clean,cert_fail_tau0.5,False,0.8594594594594595,0.4314285714285714,0.11904761904761904,42,,,42.0,8.0
bbb,robust,4,0.08,0.25,0.08,one_minus_confidence,clean,cert_fail_tau0.9,False,0.8581081081081081,0.5667036701044054,0.17777777777777778,45,,,45.0,5.0
bbb,robust,4,0.08,0.25,0.08,one_minus_confidence,clean,cert_fail_tau0.95,False,,1.0,1.0,8,,,8.0,42.0
bbb,robust,4,0.08,0.25,0.08,one_minus_confidence,adv,adv_error,False,0.8488888888888889,0.3451449275362319,0.1,50,0.6819768532234725,0.5368175911244967,,
bbb,robust,4,0.08,0.25,0.08,one_minus_confidence,adv,cert_fail_tau0.5,False,0.9459459459459459,0.8666666666666667,0.11904761904761904,42,,,42.0,8.0
bbb,robust,4,0.08,0.25,0.08,one_minus_confidence,adv,cert_fail_tau0.9,False,0.9662162162162162,0.9305555555555556,0.17777777777777778,45,,,45.0,5.0
bbb,robust,4,0.08,0.25,0.08,one_minus_confidence,adv,cert_fail_tau0.95,False,,1.0,1.0,8,,,8.0,42.0
bbb,robust,4,0.08,0.25,0.08,one_minus_confidence,delta,adv_error,False,0.84,0.3416666666666667,0.1,50,0.6753332040697468,0.5283910220697043,,
bbb,robust,4,0.08,0.25,0.08,one_minus_confidence,delta,cert_fail_tau0.5,False,0.9351351351351351,0.8588235294117648,0.11904761904761904,42,,,42.0,8.0
bbb,robust,4,0.08,0.25,0.08,one_minus_confidence,delta,cert_fail_tau0.9,False,0.9594594594594594,0.925,0.17777777777777778,45,,,45.0,5.0
bbb,robust,4,0.08,0.25,0.08,one_minus_confidence,delta,cert_fail_tau0.95,False,,1.0,1.0,8,,,8.0,42.0
bbb,robust,4,0.08,0.25,0.1,mutual_information,clean,adv_error,False,0.8158508158508159,0.6110295778145676,0.22,50,0.30490721484333067,0.4116898434471527,,
bbb,robust,4,0.08,0.25,0.1,mutual_information,clean,cert_fail_tau0.5,False,0.828125,0.6720371785077668,0.23809523809523808,42,,,42.0,8.0
bbb,robust,4,0.08,0.25,0.1,mutual_information,clean,cert_fail_tau0.9,False,0.8444444444444444,0.7110485347985348,0.2702702702702703,37,,,37.0,13.0
bbb,robust,4,0.08,0.25,0.1,mutual_information,clean,cert_fail_tau0.95,False,,1.0,1.0,10,,,10.0,40.0
bbb,robust,4,0.08,0.25,0.1,mutual_information,adv,adv_error,False,0.7878787878787878,0.5661942000651677,0.22,50,0.7048669040056766,0.4287447411822318,,
bbb,robust,4,0.08,0.25,0.1,mutual_information,adv,cert_fail_tau0.5,False,0.840625,0.7243309360357415,0.23809523809523808,42,,,42.0,8.0
bbb,robust,4,0.08,0.25,0.1,mutual_information,adv,cert_fail_tau0.9,False,0.8592592592592593,0.7535306646061795,0.2702702702702703,37,,,37.0,13.0
bbb,robust,4,0.08,0.25,0.1,mutual_information,adv,cert_fail_tau0.95,False,,1.0,1.0,10,,,10.0,40.0
bbb,robust,4,0.08,0.25,0.1,mutual_information,delta,adv_error,False,0.7552447552447552,0.55841642228739,0.22,50,0.663730305397614,0.37578479558382843,,
bbb,robust,4,0.08,0.25,0.1,mutual_information,delta,cert_fail_tau0.5,False,0.796875,0.7124261741309796,0.23809523809523808,42,,,42.0,8.0
bbb,robust,4,0.08,0.25,0.1,mutual_information,delta,cert_fail_tau0.9,False,0.8074074074074075,0.7370794307636412,0.2702702702702703,37,,,37.0,13.0
bbb,robust,4,0.08,0.25,0.1,mutual_information,delta,cert_fail_tau0.95,False,,1.0,1.0,10,,,10.0,40.0
bbb,robust,4,0.08,0.25,0.1,one_minus_confidence,clean,adv_error,False,0.7657342657342657,0.5033650010120598,0.22,50,0.3099228946117502,0.38066638984816725,,
bbb,robust,4,0.08,0.25,0.1,one_minus_confidence,clean,cert_fail_tau0.5,False,0.7609375,0.5271724598930482,0.23809523809523808,42,,,42.0,8.0
bbb,robust,4,0.08,0.25,0.1,one_minus_confidence,clean,cert_fail_tau0.9,False,0.7703703703703704,0.5637315724815725,0.2702702702702703,37,,,37.0,13.0
bbb,robust,4,0.08,0.25,0.1,one_minus_confidence,clean,cert_fail_tau0.95,False,,1.0,1.0,10,,,10.0,40.0
bbb,robust,4,0.08,0.25,0.1,one_minus_confidence,adv,adv_error,False,0.8275058275058275,0.7349928133759763,0.22,50,0.622118444417956,0.46118751657302126,,
bbb,robust,4,0.08,0.25,0.1,one_minus_confidence,adv,cert_fail_tau0.5,False,0.84375,0.7794696969696969,0.23809523809523808,42,,,42.0,8.0
bbb,robust,4,0.08,0.25,0.1,one_minus_confidence,adv,cert_fail_tau0.9,False,0.8592592592592593,0.81010989010989,0.2702702702702703,37,,,37.0,13.0
bbb,robust,4,0.08,0.25,0.1,one_minus_confidence,adv,cert_fail_tau0.95,False,,1.0,1.0,10,,,10.0,40.0
bbb,robust,4,0.08,0.25,0.1,one_minus_confidence,delta,adv_error,False,0.8041958041958042,0.7318555686737505,0.22,50,0.5988833951399745,0.42406426172861983,,
bbb,robust,4,0.08,0.25,0.1,one_minus_confidence,delta,cert_fail_tau0.5,False,0.815625,0.7767792207792208,0.23809523809523808,42,,,42.0,8.0
bbb,robust,4,0.08,0.25,0.1,one_minus_confidence,delta,cert_fail_tau0.9,False,0.825925925925926,0.8072523572523572,0.2702702702702703,37,,,37.0,13.0
bbb,robust,4,0.08,0.25,0.1,one_minus_confidence,delta,cert_fail_tau0.95,False,,1.0,1.0,10,,,10.0,40.0
bbb,robust,4,0.08,0.25,0.15,mutual_information,clean,adv_error,False,0.5232,0.6218698225968456,0.5,50,,,,
bbb,robust,4,0.08,0.25,0.15,mutual_information,clean,cert_fail_tau0.5,True,,,,0,,,0.0,50.0
bbb,robust,4,0.08,0.25,0.15,mutual_information,clean,cert_fail_tau0.9,True,,,,0,,,0.0,50.0
bbb,robust,4,0.08,0.25,0.15,mutual_information,clean,cert_fail_tau0.95,True,,,,0,,,0.0,50.0
bbb,robust,4,0.08,0.25,0.15,mutual_information,adv,adv_error,False,0.4896,0.4951554587343294,0.5,50,,,,
bbb,robust,4,0.08,0.25,0.15,mutual_information,adv,cert_fail_tau0.5,True,,,,0,,,0.0,50.0
bbb,robust,4,0.08,0.25,0.15,mutual_information,adv,cert_fail_tau0.9,True,,,,0,,,0.0,50.0
bbb,robust,4,0.08,0.25,0.15,mutual_information,adv,cert_fail_tau0.95,True,,,,0,,,0.0,50.0
bbb,robust,4,0.08,0.25,0.15,mutual_information,delta,adv_error,False,0.4896,0.49510290934800244,0.5,50,,,,
bbb,robust,4,0.08,0.25,0.15,mutual_information,delta,cert_fail_tau0.5,True,,,,0,,,0.0,50.0
bbb,robust,4,0.08,0.25,0.15,mutual_information,delta,cert_fail_tau0.9,True,,,,0,,,0.0,50.0
bbb,robust,4,0.08,0.25,0.15,mutual_information,delta,cert_fail_tau0.95,True,,,,0,,,0.0,50.0
bbb,robust,4,0.08,0.25,0.15,one_minus_confidence,clean,adv_error,False,0.5432,0.5588562405650054,0.5,50,,,,
bbb,robust,4,0.08,0.25,0.15,one_minus_confidence,clean,cert_fail_tau0.5,True,,,,0,,,0.0,50.0
bbb,robust,4,0.08,0.25,0.15,one_minus_confidence,clean,cert_fail_tau0.9,True,,,,0,,,0.0,50.0
bbb,robust,4,0.08,0.25,0.15,one_minus_confidence,clean,cert_fail_tau0.95,True,,,,0,,,0.0,50.0
bbb,robust,4,0.08,0.25,0.15,one_minus_confidence,adv,adv_error,False,0.5648,0.5470502508602102,0.5,50,,,,
bbb,robust,4,0.08,0.25,0.15,one_minus_confidence,adv,cert_fail_tau0.5,True,,,,0,,,0.0,50.0
bbb,robust,4,0.08,0.25,0.15,one_minus_confidence,adv,cert_fail_tau0.9,True,,,,0,,,0.0,50.0
bbb,robust,4,0.08,0.25,0.15,one_minus_confidence,adv,cert_fail_tau0.95,True,,,,0,,,0.0,50.0
bbb,robust,4,0.08,0.25,0.15,one_minus_confidence,delta,adv_error,False,0.5648,0.5487170552950612,0.5,50,,,,
bbb,robust,4,0.08,0.25,0.15,one_minus_confidence,delta,cert_fail_tau0.5,True,,,,0,,,0.0,50.0
bbb,robust,4,0.08,0.25,0.15,one_minus_confidence,delta,cert_fail_tau0.9,True,,,,0,,,0.0,50.0
bbb,robust,4,0.08,0.25,0.15,one_minus_confidence,delta,cert_fail_tau0.95,True,,,,0,,,0.0,50.0
bbb,standard,0,,,0.01,mutual_information,clean,adv_error,False,,,0.0,50,0.7495941869264084,0.460904518230542,,
bbb,standard,0,,,0.01,mutual_information,clean,cert_fail_tau0.5,False,,,0.0,47,,,47.0,3.0
bbb,standard,0,,,0.01,mutual_information,clean,cert_fail_tau0.9,False,1.0,1.0,0.025,40,,,40.0,10.0
bbb,standard,0,,,0.01,mutual_information,clean,cert_fail_tau0.95,True,,,1.0,1,,,1.0,49.0
bbb,standard,0,,,0.01,mutual_information,adv,adv_error,False,,,0.0,50,0.7468097937559713,0.460904518230542,,
bbb,standard,0,,,0.01,mutual_information,adv,cert_fail_tau0.5,False,,,0.0,47,,,47.0,3.0
bbb,standard,0,,,0.01,mutual_information,adv,cert_fail_tau0.9,False,1.0,1.0,0.025,40,,,40.0,10.0
bbb,standard,0,,,0.01,mutual_information,adv,cert_fail_tau0.95,True,,,1.0,1,,,1.0,49.0
bbb,standard,0,,,0.01,mutual_information,delta,adv_error,False,,,0.0,50,0.7442623702170607,0.460904518230542,,
bbb,standard,0,,,0.01,mutual_information,delta,cert_fail_tau0.5,False,,,0.0,47,,,47.0,3.0
bbb,standard,0,,,0.01,mutual_information,delta,cert_fail_tau0.9,False,1.0,1.0,0.025,40,,,40.0,10.0
bbb,standard,0,,,0.01,mutual_information,delta,cert_fail_tau0.95,True,,,1.0,1,,,1.0,49.0
bbb,standard,0,,,0.01,one_minus_confidence,clean,adv_error,False,,,0.0,50,0.7687548167512456,0.45622819036815393,,
bbb,standard,0,,,0.01,one_minus_confidence,clean,cert_fail_tau0.5,False,,,0.0,47,,,47.0,3.0
bbb,standard,0,,,0.01,one_minus_confidence,clean,cert_fail_tau0.9,False,1.0,1.0,0.025,40,,,40.0,10.0
bbb,standard,0,,,0.01,one_minus_confidence,clean,cert_fail_tau0.95,True,,,1.0,1,,,1.0,49.0
bbb,standard,0,,,0.01,one_minus_confidence,adv,adv_error,False,,,0.0,50,0.7628828030256657,0.4561186333725133,,
bbb,standard,0,,,0.01,one_minus_confidence,adv,cert_fail_tau0.5,False,,,0.0,47,,,47.0,3.0
bbb,standard,0,,,0.01,one_minus_confidence,adv,cert_fail_tau0.9,False,1.0,1.0,0.025,40,,,40.0,10.0
bbb,standard,0,,,0.01,one_minus_confidence,adv,cert_fail_tau0.95,True,,,1.0,1,,,1.0,49.0
bbb,standard,0,,,0.01,one_minus_confidence,delta,adv_error,False,,,0.0,50,0.7628828030256657,0.4561186333725133,,
bbb,standard,0,,,0.01,one_minus_confidence,delta,cert_fail_tau0.5,False,,,0.0,47,,,47.0,3.0
bbb,standard,0,,,0.01,one_minus_confidence,delta,cert_fail_tau0.9,False,1.0,1.0,0.025,40,,,40.0,10.0
bbb,standard,0,,,0.01,one_minus_confidence,delta,cert_fail_tau0.95,True,,,1.0,1,,,1.0,49.0
bbb,standard,0,,,0.03,mutual_information,clean,adv_error,False,1.0,1.0,0.04,50,,,,
bbb,standard,0,,,0.03,mutual_information,clean,cert_fail_tau0.5,True,,,,0,,,0.0,50.0
bbb,standard,0,,,0.03,mutual_information,clean,cert_fail_tau0.9,True,,,,0,,,0.0,50.0
bbb,standard,0,,,0.03,mutual_information,clean,cert_fail_tau0.95,True,,,,0,,,0.0,50.0
bbb,standard,0,,,0.03,mutual_information,adv,adv_error,False,0.9895833333333334,0.8333333333333333,0.04,50,,,,
bbb,standard,0,,,0.03,mutual_information,adv,cert_fail_tau0.5,True,,,,0,,,0.0,50.0
bbb,standard,0,,,0.03,mutual_information,adv,cert_fail_tau0.9,True,,,,0,,,0.0,50.0
bbb,standard,0,,,0.03,mutual_information,adv,cert_fail_tau0.95,True,,,,0,,,0.0,50.0
bbb,standard,0,,,0.03,mutual_information,delta,adv_error,False,0.875,0.2,0.04,50,,,,
bbb,standard,0,,,0.03,mutual_information,delta,cert_fail_tau0.5,True,,,,0,,,0.0,50.0
bbb,standard,0,,,0.03,mutual_information,delta,cert_fail_tau0.9,True,,,,0,,,0.0,50.0
bbb,standard,0,,,0.03,mutual_information,delta,cert_fail_tau0.95,True,,,,0,,,0.0,50.0
bbb,standard,0,,,0.03,one_minus_confidence,clean,adv_error,False,1.0,1.0,0.04,50,,,,
bbb,standard,0,,,0.03,one_minus_confidence,clean,cert_fail_tau0.5,True,,,,0,,,0.0,50.0
bbb,standard,0,,,0.03,one_minus_confidence,clean,cert_fail_tau0.9,True,,,,0,,,0.0,50.0
bbb,standard,0,,,0.03,one_minus_confidence,clean,cert_fail_tau0.95,True,,,,0,,,0.0,50.0
bbb,standard,0,,,0.03,one_minus_confidence,adv,adv_error,False,0.9895833333333334,0.8333333333333333,0.04,50,,,,
bbb,standard,0,,,0.03,one_minus_confidence,adv,cert_fail_tau0.5,True,,,,0,,,0.0,50.0
bbb,standard,0,,,0.03,one_minus_confidence,adv,cert_fail_tau0.9,True,,,,0,,,0.0,50.0
bbb,standard,0,,,0.03,one_minus_confidence,adv,cert_fail_tau0.95,True,,,,0,,,0.0,50.0
bbb,standard,0,,,0.03,one_minus_confidence,delta,adv_error,False,0.9375,0.625,0.04,50,,,,
bbb,standard,0,,,0.03,one_minus_confidence,delta,cert_fail_tau0.5,True,,,,0,,,0.0,50.0
bbb,standard,0,,,0.03,one_minus_confidence,delta,cert_fail_tau0.9,True,,,,0,,,0.0,50.0
bbb,standard,0,,,0.03,one_minus_confidence,delta,cert_fail_tau0.95,True,,,,0,,,0.0,50.0
bbb,standard,0,,,0.05,mutual_information,clean,adv_error,False,0.9886363636363636,0.915079365079365,0.12,50,,0.8930426953529106,,
bbb,standard,0,,,0.05,mutual_information,clean,cert_fail_tau0.5,False,,1.0,1.0,28,,,28.0,22.0
bbb,standard,0,,,0.05,mutual_information,clean,cert_fail_tau0.9,False,,1.0,1.0,35,,,35.0,15.0
bbb,standard,0,,,0.05,mutual_information,clean,cert_fail_tau0.95,False,,1.0,1.0,35,,,35.0,15.0
bbb,standard,0,,,0.05,mutual_information,adv,adv_error,False,0.8787878787878788,0.4334008097165992,0.12,50,,0.9450043632544695,,
bbb,standard,0,,,0.05,mutual_information,adv,cert_fail_tau0.5,False,,1.0,1.0,28,,,28.0,22.0
bbb,standard,0,,,0.05,mutual_information,adv,cert_fail_tau0.9,False,,1.0,1.0,35,,,35.0,15.0
bbb,standard,0,,,0.05,mutual_information,adv,cert_fail_tau0.95,False,,1.0,1.0,35,,,35.0,15.0
bbb,standard,0,,,0.05,mutual_information,delta,adv_error,False,0.6022727272727273,0.30971742543171116,0.12,50,,0.7712817720611981,,
bbb,standard,0,,,0.05,mutual_information,delta,cert_fail_tau0.5,False,,1.0,1.0,28,,,28.0,22.0
bbb,standard,0,,,0.05,mutual_information,delta,cert_fail_tau0.9,False,,1.0,1.0,35,,,35.0,15.0
bbb,standard,0,,,0.05,mutual_information,delta,cert_fail_tau0.95,False,,1.0,1.0,35,,,35.0,15.0
bbb,standard,0,,,0.05,one_minus_confidence,clean,adv_error,False,0.9886363636363636,0.915079365079365,0.12,50,,0.9014967712053582,,
bbb,standard,0,,,0.05,one_minus_confidence,clean,cert_fail_tau0.5,False,,1.0,1.0,28,,,28.0,22.0
bbb,standard,0,,,0.05,one_minus_confidence,clean,cert_fail_tau0.9,False,,1.0,1.0,35,,,35.0,15.0
bbb,standard,0,,,0.05,one_minus_confidence,clean,cert_fail_tau0.95,False,,1.0,1.0,35,,,35.0,15.0
bbb,standard,0,,,0.05,one_minus_confidence,adv,adv_error,False,0.8522727272727273,0.40494528619528625,0.12,50,,0.9499000054728066,,
bbb,standard,0,,,0.05,one_minus_confidence,adv,cert_fail_tau0.5,False,,1.0,1.0,28,,,28.0,22.0
bbb,standard,0,,,0.05,one_minus_confidence,adv,cert_fail_tau0.9,False,,1.0,1.0,35,,,35.0,15.0
bbb,standard,0,,,0.05,one_minus_confidence,adv,cert_fail_tau0.95,False,,1.0,1.0,35,,,35.0,15.0
bbb,standard,0,,,0.05,one_minus_confidence,delta,adv_error,False,0.7196969696969697,0.36363929146537843,0.12,50,,0.8604697095041723,,
bbb,standard,0,,,0.05,one_minus_confidence,delta,cert_fail_tau0.5,False,,1.0,1.0,28,,,28.0,22.0
bbb,standard,0,,,0.05,one_minus_confidence,delta,cert_fail_tau0.9,False,,1.0,1.0,35,,,35.0,15.0
bbb,standard,0,,,0.05,one_minus_confidence,delta,cert_fail_tau0.95,False,,1.0,1.0,35,,,35.0,15.0
bbb,standard,0,,,0.07,mutual_information,clean,adv_error,False,0.9316666666666666,0.9218414402374222,0.4,50,,0.7477203651994736,,
bbb,standard,0,,,0.07,mutual_information,clean,cert_fail_tau0.5,False,,1.0,1.0,44,,,44.0,6.0
bbb,standard,0,,,0.07,mutual_information,clean,cert_fail_tau0.9,False,,1.0,1.0,49,,,49.0,1.0
bbb,standard,0,,,0.07,mutual_information,clean,cert_fail_tau0.95,False,,1.0,1.0,49,,,49.0,1.0
bbb,standard,0,,,0.07,mutual_information,adv,adv_error,False,0.705,0.5960832469462499,0.4,50,,0.6952860273886851,,
bbb,standard,0,,,0.07,mutual_information,adv,cert_fail_tau0.5,False,,1.0,1.0,44,,,44.0,6.0
bbb,standard,0,,,0.07,mutual_information,adv,cert_fail_tau0.9,False,,1.0,1.0,49,,,49.0,1.0
bbb,standard,0,,,0.07,mutual_information,adv,cert_fail_tau0.95,False,,1.0,1.0,49,,,49.0,1.0
bbb,standard,0,,,0.07,mutual_information,delta,adv_error,False,0.6616666666666666,0.5817643857872282,0.4,50,,0.6194295280184933,,
bbb,standard,0,,,0.07,mutual_information,delta,cert_fail_tau0.5,False,,1.0,1.0,44,,,44.0,6.0
bbb,standard,0,,,0.07,mutual_information,delta,cert_fail_tau0.9,False,,1.0,1.0,49,,,49.0,1.0
bbb,standard,0,,,0.07,mutual_information,delta,cert_fail_tau0.95,False,,1.0,1.0,49,,,49.0,1.0
bbb,standard,0,,,0.07,one_minus_confidence,clean,adv_error,False,0.945,0.9413165266106442,0.4,50,,0.7450942173595335,,
bbb,standard,0,,,0.07,one_minus_confidence,clean,cert_fail_tau0.5,False,,1.0,1.0,44,,,44.0,6.0
bbb,standard,0,,,0.07,one_minus_confidence,clean,cert_fail_tau0.9,False,,1.0,1.0,49,,,49.0,1.0
bbb,standard,0,,,0.07,one_minus_confidence,clean,cert_fail_tau0.95,False,,1.0,1.0,49,,,49.0,1.0
bbb,standard,0,,,0.07,one_minus_confidence,adv,adv_error,False,0.7533333333333333,0.6493691870994501,0.4,50,,0.7537575810668137,,
bbb,standard,0,,,0.07,one_minus_confidence,adv,cert_fail_tau0.5,False,,1.0,1.0,44,,,44.0,6.0
bbb,standard,0,,,0.07,one_minus_confidence,adv,cert_fail_tau0.9,False,,1.0,1.0,49,,,49.0,1.0
bbb,standard,0,,,0.07,one_minus_confidence,adv,cert_fail_tau0.95,False,,1.0,1.0,49,,,49.0,1.0
bbb,standard,0,,,0.07,one_minus_confidence,delta,adv_error,False,0.7133333333333334,0.6353795720226503,0.4,50,,0.6823171933032874,,
bbb,standard,0,,,0.07,one_minus_confidence,delta,cert_fail_tau0.5,False,,1.0,1.0,44,,,44.0,6.0
bbb,standard,0,,,0.07,one_minus_confidence,delta,cert_fail_tau0.9,False,,1.0,1.0,49,,,49.0,1.0
bbb,standard,0,,,0.07,one_minus_confidence,delta,cert_fail_tau0.95,False,,1.0,1.0,49,,,49.0,1.0
bbb,standard,0,,,0.08,mutual_information,clean,adv_error,False,0.9420289855072463,0.9373196154243695,0.46,50,,0.609577648177667,,
bbb,standard,0,,,0.08,mutual_information,clean,cert_fail_tau0.5,False,,1.0,1.0,48,,,48.0,2.0
bbb,standard,0,,,0.08,mutual_information,clean,cert_fail_tau0.9,False,,1.0,1.0,49,,,49.0,1.0
bbb,standard,0,,,0.08,mutual_information,clean,cert_fail_tau0.95,False,,1.0,1.0,50,,,50.0,0.0
bbb,standard,0,,,0.08,mutual_information,adv,adv_error,False,0.5120772946859904,0.4939903497784941,0.46,50,,0.49180854479182645,,
bbb,standard,0,,,0.08,mutual_information,adv,cert_fail_tau0.5,False,,1.0,1.0,48,,,48.0,2.0
bbb,standard,0,,,0.08,mutual_information,adv,cert_fail_tau0.9,False,,1.0,1.0,49,,,49.0,1.0
bbb,standard,0,,,0.08,mutual_information,adv,cert_fail_tau0.95,False,,1.0,1.0,50,,,50.0,0.0
bbb,standard,0,,,0.08,mutual_information,delta,adv_error,False,0.47665056360708535,0.48302107688668433,0.46,50,,0.4312680720726709,,
bbb,standard,0,,,0.08,mutual_information,delta,cert_fail_tau0.5,False,,1.0,1.0,48,,,48.0,2.0
bbb,standard,0,,,0.08,mutual_information,delta,cert_fail_tau0.9,False,,1.0,1.0,49,,,49.0,1.0
bbb,standard,0,,,0.08,mutual_information,delta,cert_fail_tau0.95,False,,1.0,1.0,50,,,50.0,0.0
bbb,standard,0,,,0.08,one_minus_confidence,clean,adv_error,False,0.9500805152979066,0.9487941806184942,0.46,50,,0.6154365782502552,,
bbb,standard,0,,,0.08,one_minus_confidence,clean,cert_fail_tau0.5,False,,1.0,1.0,48,,,48.0,2.0
bbb,standard,0,,,0.08,one_minus_confidence,clean,cert_fail_tau0.9,False,,1.0,1.0,49,,,49.0,1.0
bbb,standard,0,,,0.08,one_minus_confidence,clean,cert_fail_tau0.95,False,,1.0,1.0,50,,,50.0,0.0
bbb,standard,0,,,0.08,one_minus_confidence,adv,adv_error,False,0.4863123993558776,0.44825245821821125,0.46,50,,0.5383068072085081,,
bbb,standard,0,,,0.08,one_minus_confidence,adv,cert_fail_tau0.5,False,,1.0,1.0,48,,,48.0,2.0
bbb,standard,0,,,0.08,one_minus_confidence,adv,cert_fail_tau0.9,False,,1.0,1.0,49,,,49.0,1.0
bbb,standard,0,,,0.08,one_minus_confidence,adv,cert_fail_tau0.95,False,,1.0,1.0,50,,,50.0,0.0
bbb,standard,0,,,0.08,one_minus_confidence,delta,adv_error,False,0.45893719806763283,0.4405895920820077,0.46,50,,0.48637712382577514,,
bbb,standard,0,,,0.08,one_minus_confidence,delta,cert_fail_tau0.5,False,,1.0,1.0,48,,,48.0,2.0
bbb,standard,0,,,0.08,one_minus_confidence,delta,cert_fail_tau0.9,False,,1.0,1.0,49,,,49.0,1.0
bbb,standard,0,,,0.08,one_minus_confidence,delta,cert_fail_tau0.95,False,,1.0,1.0,50,,,50.0,0.0
bbb,standard,0,,,0.1,mutual_information,clean,adv_error,False,0.9397089397089398,0.9808061487552835,0.74,50,,0.4138546991640496,,
bbb,standard,0,,,0.1,mutual_information,clean,cert_fail_tau0.5,False,,1.0,1.0,50,,,50.0,0.0
bbb,standard,0,,,0.1,mutual_information,clean,cert_fail_tau0.9,False,,1.0,1.0,50,,,50.0,0.0
bbb,standard,0,,,0.1,mutual_information,clean,cert_fail_tau0.95,False,,1.0,1.0,50,,,50.0,0.0
bbb,standard,0,,,0.1,mutual_information,adv,adv_error,False,0.3305613305613306,0.6590810537274906,0.74,50,,0.12379919854155169,,
bbb,standard,0,,,0.1,mutual_information,adv,cert_fail_tau0.5,False,,1.0,1.0,50,,,50.0,0.0
bbb,standard,0,,,0.1,mutual_information,adv,cert_fail_tau0.9,False,,1.0,1.0,50,,,50.0,0.0
bbb,standard,0,,,0.1,mutual_information,adv,cert_fail_tau0.95,False,,1.0,1.0,50,,,50.0,0.0
bbb,standard,0,,,0.1,mutual_information,delta,adv_error,False,0.3264033264033264,0.6560328927845929,0.74,50,,0.11900236232436048,,
bbb,standard,0,,,0.1,mutual_information,delta,cert_fail_tau0.5,False,,1.0,1.0,50,,,50.0,0.0
bbb,standard,0,,,0.1,mutual_information,delta,cert_fail_tau0.9,False,,1.0,1.0,50,,,50.0,0.0
bbb,standard,0,,,0.1,mutual_information,delta,cert_fail_tau0.95,False,,1.0,1.0,50,,,50.0,0.0
bbb,standard,0,,,0.1,one_minus_confidence,clean,adv_error,False,0.9386694386694386,0.9797251932097881,0.74,50,,0.42177372309376326,,
bbb,standard,0,,,0.1,one_minus_confidence,clean,cert_fail_tau0.5,False,,1.0,1.0,50,,,50.0,0.0
bbb,standard,0,,,0.1,one_minus_confidence,clean,cert_fail_tau0.9,False,,1.0,1.0,50,,,50.0,0.0
bbb,standard,0,,,0.1,one_minus_confidence,clean,cert_fail_tau0.95,False,,1.0,1.0,50,,,50.0,0.0
bbb,standard,0,,,0.1,one_minus_confidence,adv,adv_error,False,0.4282744282744283,0.7357590732960193,0.74,50,,0.20228360388240352,,
bbb,standard,0,,,0.1,one_minus_confidence,adv,cert_fail_tau0.5,False,,1.0,1.0,50,,,50.0,0.0
bbb,standard,0,,,0.1,one_minus_confidence,adv,cert_fail_tau0.9,False,,1.0,1.0,50,,,50.0,0.0
bbb,standard,0,,,0.1,one_minus_confidence,adv,cert_fail_tau0.95,False,,1.0,1.0,50,,,50.0,0.0
bbb,standard,0,,,0.1,one_minus_confidence,delta,adv_error,False,0.4261954261954262,0.7353101193586933,0.74,50,,0.19748676766521228,,
bbb,standard,0,,,0.1,one_minus_confidence,delta,cert_fail_tau0.5,False,,1.0,1.0,50,,,50.0,0.0
bbb,standard,0,,,0.1,one_minus_confidence,delta,cert_fail_tau0.9,False,,1.0,1.0,50,,,50.0,0.0
bbb,standard,0,,,0.1,one_minus_confidence,delta,cert_fail_tau0.95,False,,1.0,1.0,50,,,50.0,0.0
bbb,standard,0,,,0.15,mutual_information,clean,adv_error,False,,1.0,1.0,50,,,,
bbb,standard,0,,,0.15,mutual_information,clean,cert_fail_tau0.5,True,,,,0,,,0.0,50.0
bbb,standard,0,,,0.15,mutual_information,clean,cert_fail_tau0.9,True,,,,0,,,0.0,50.0
bbb,standard,0,,,0.15,mutual_information,clean,cert_fail_tau0.95,True,,,,0,,,0.0,50.0
bbb,standard,0,,,0.15,mutual_information,adv,adv_error,False,,1.0,1.0,50,,,,
bbb,standard,0,,,0.15,mutual_information,adv,cert_fail_tau0.5,True,,,,0,,,0.0,50.0
bbb,standard,0,,,0.15,mutual_information,adv,cert_fail_tau0.9,True,,,,0,,,0.0,50.0
bbb,standard,0,,,0.15,mutual_information,adv,cert_fail_tau0.95,True,,,,0,,,0.0,50.0
bbb,standard,0,,,0.15,mutual_information,delta,adv_error,False,,1.0,1.0,50,,,,
bbb,standard,0,,,0.15,mutual_information,delta,cert_fail_tau0.5,True,,,,0,,,0.0,50.0
bbb,standard,0,,,0.15,mutual_information,delta,cert_fail_tau0.9,True,,,,0,,,0.0,50.0
bbb,standard,0,,,0.15,mutual_information,delta,cert_fail_tau0.95,True,,,,0,,,0.0,50.0
bbb,standard,0,,,0.15,one_minus_confidence,clean,adv_error,False,,1.0,1.0,50,,,,
bbb,standard,0,,,0.15,one_minus_confidence,clean,cert_fail_tau0.5,True,,,,0,,,0.0,50.0
bbb,standard,0,,,0.15,one_minus_confidence,clean,cert_fail_tau0.9,True,,,,0,,,0.0,50.0
bbb,standard,0,,,0.15,one_minus_confidence,clean,cert_fail_tau0.95,True,,,,0,,,0.0,50.0
bbb,standard,0,,,0.15,one_minus_confidence,adv,adv_error,False,,1.0,1.0,50,,,,
bbb,standard,0,,,0.15,one_minus_confidence,adv,cert_fail_tau0.5,True,,,,0,,,0.0,50.0
bbb,standard,0,,,0.15,one_minus_confidence,adv,cert_fail_tau0.9,True,,,,0,,,0.0,50.0
bbb,standard,0,,,0.15,one_minus_confidence,adv,cert_fail_tau0.95,True,,,,0,,,0.0,50.0
bbb,standard,0,,,0.15,one_minus_confidence,delta,adv_error,False,,1.0,1.0,50,,,,
bbb,standard,0,,,0.15,one_minus_confidence,delta,cert_fail_tau0.5,True,,,,0,,,0.0,50.0
bbb,standard,0,,,0.15,one_minus_confidence,delta,cert_fail_tau0.9,True,,,,0,,,0.0,50.0
bbb,standard,0,,,0.15,one_minus_confidence,delta,cert_fail_tau0.95,True,,,,0,,,0.0,50.0
bbb,standard,1,,,0.01,mutual_information,clean,adv_error,False,,,0.0,50,0.7200041598567899,0.4702940699748312,,
bbb,standard,1,,,0.01,mutual_information,clean,cert_fail_tau0.5,False,,,0.0,47,,,47.0,3.0
bbb,standard,1,,,0.01,mutual_information,clean,cert_fail_tau0.9,False,1.0,1.0,0.05,40,,,40.0,10.0
bbb,standard,1,,,0.01,mutual_information,clean,cert_fail_tau0.95,False,,1.0,1.0,2,,,2.0,48.0
bbb,standard,1,,,0.01,mutual_information,adv,adv_error,False,,,0.0,50,0.7190080451522755,0.4702940699748312,,
bbb,standard,1,,,0.01,mutual_information,adv,cert_fail_tau0.5,False,,,0.0,47,,,47.0,3.0
bbb,standard,1,,,0.01,mutual_information,adv,cert_fail_tau0.9,False,1.0,1.0,0.05,40,,,40.0,10.0
bbb,standard,1,,,0.01,mutual_information,adv,cert_fail_tau0.95,False,,1.0,1.0,2,,,2.0,48.0
bbb,standard,1,,,0.01,mutual_information,delta,adv_error,False,,,0.0,50,0.7195061025045326,0.4702940699748312,,
bbb,standard,1,,,0.01,mutual_information,delta,cert_fail_tau0.5,False,,,0.0,47,,,47.0,3.0
bbb,standard,1,,,0.01,mutual_information,delta,cert_fail_tau0.9,False,1.0,1.0,0.05,40,,,40.0,10.0
bbb,standard,1,,,0.01,mutual_information,delta,cert_fail_tau0.95,False,,1.0,1.0,2,,,2.0,48.0
bbb,standard,1,,,0.01,one_minus_confidence,clean,adv_error,False,,,0.0,50,0.7456566266361804,0.47053137252292737,,
bbb,standard,1,,,0.01,one_minus_confidence,clean,cert_fail_tau0.5,False,,,0.0,47,,,47.0,3.0
bbb,standard,1,,,0.01,one_minus_confidence,clean,cert_fail_tau0.9,False,1.0,1.0,0.05,40,,,40.0,10.0
bbb,standard,1,,,0.01,one_minus_confidence,clean,cert_fail_tau0.95,False,,1.0,1.0,2,,,2.0,48.0
bbb,standard,1,,,0.01,one_minus_confidence,adv,adv_error,False,,,0.0,50,0.7464738591871867,0.47062250114056603,,
bbb,standard,1,,,0.01,one_minus_confidence,adv,cert_fail_tau0.5,False,,,0.0,47,,,47.0,3.0
bbb,standard,1,,,0.01,one_minus_confidence,adv,cert_fail_tau0.9,False,1.0,1.0,0.05,40,,,40.0,10.0
bbb,standard,1,,,0.01,one_minus_confidence,adv,cert_fail_tau0.95,False,,1.0,1.0,2,,,2.0,48.0
bbb,standard,1,,,0.01,one_minus_confidence,delta,adv_error,False,,,0.0,50,0.7489468127044752,0.4706111961164555,,
bbb,standard,1,,,0.01,one_minus_confidence,delta,cert_fail_tau0.5,False,,,0.0,47,,,47.0,3.0
bbb,standard,1,,,0.01,one_minus_confidence,delta,cert_fail_tau0.9,False,1.0,1.0,0.05,40,,,40.0,10.0
bbb,standard,1,,,0.01,one_minus_confidence,delta,cert_fail_tau0.95,False,,1.0,1.0,2,,,2.0,48.0
bbb,standard,1,,,0.03,mutual_information,clean,adv_error,False,0.9795918367346939,0.5,0.02,50,,,,
bbb,standard,1,,,0.03,mutual_information,clean,cert_fail_tau0.5,True,,,,0,,,0.0,50.0
bbb,standard,1,,,0.03,mutual_information,clean,cert_fail_tau0.9,True,,,,0,,,0.0,50.0
bbb,standard,1,,,0.03,mutual_information,clean,cert_fail_tau0.95,True,,,,0,,,0.0,50.0
bbb,standard,1,,,0.03,mutual_information,adv,adv_error,False,0.9591836734693877,0.3333333333333333,0.02,50,,,,
bbb,standard,1,,,0.03,mutual_information,adv,cert_fail_tau0.5,True,,,,0,,,0.0,50.0
bbb,standard,1,,,0.03,mutual_information,adv,cert_fail_tau0.9,True,,,,0,,,0.0,50.0
bbb,standard,1,,,0.03,mutual_information,adv,cert_fail_tau0.95,True,,,,0,,,0.0,50.0
bbb,standard,1,,,0.03,mutual_information,delta,adv_error,False,0.9183673469387755,0.2,0.02,50,,,,
bbb,standard,1,,,0.03,mutual_information,delta,cert_fail_tau0.5,True,,,,0,,,0.0,50.0
bbb,standard,1,,,0.03,mutual_information,delta,cert_fail_tau0.9,True,,,,0,,,0.0,50.0
bbb,standard,1,,,0.03,mutual_information,delta,cert_fail_tau0.95,True,,,,0,,,0.0,50.0
bbb,standard,1,,,0.03,one_minus_confidence,clean,adv_error,False,0.9795918367346939,0.5,0.02,50,,,,
bbb,standard,1,,,0.03,one_minus_confidence,clean,cert_fail_tau0.5,True,,,,0,,,0.0,50.0
bbb,standard,1,,,0.03,one_minus_confidence,clean,cert_fail_tau0.9,True,,,,0,,,0.0,50.0
bbb,standard,1,,,0.03,one_minus_confidence,clean,cert_fail_tau0.95,True,,,,0,,,0.0,50.0
bbb,standard,1,,,0.03,one_minus_confidence,adv,adv_error,False,0.9591836734693877,0.3333333333333333,0.02,50,,,,
bbb,standard,1,,,0.03,one_minus_confidence,adv,cert_fail_tau0.5,True,,,,0,,,0.0,50.0
bbb,standard,1,,,0.03,one_minus_confidence,adv,cert_fail_tau0.9,True,,,,0,,,0.0,50.0
bbb,standard,1,,,0.03,one_minus_confidence,adv,cert_fail_tau0.95,True,,,,0,,,0.0,50.0
bbb,standard,1,,,0.03,one_minus_confidence,delta,adv_error,False,0.9591836734693877,0.3333333333333333,0.02,50,,,,
bbb,standard,1,,,0.03,one_minus_confidence,delta,cert_fail_tau0.5,True,,,,0,,,0.0,50.0
bbb,standard,1,,,0.03,one_minus_confidence,delta,cert_fail_tau0.9,True,,,,0,,,0.0,50.0
bbb,standard,1,,,0.03,one_minus_confidence,delta,cert_fail_tau0.95,True,,,,0,,,0.0,50.0
bbb,standard,1,,,0.05,mutual_information,clean,adv_error,False,0.9377777777777778,0.7767857142857143,0.1,50,,0.8882404335032331,,
bbb,standard,1,,,0.05,mutual_information,clean,cert_fail_tau0.5,False,,1.0,1.0,29,,,29.0,21.0
bbb,standard,1,,,0.05,mutual_information,clean,cert_fail_tau0.9,False,,1.0,1.0,33,,,33.0,17.0
bbb,standard,1,,,0.05,mutual_information,clean,cert_fail_tau0.95,False,,1.0,1.0,35,,,35.0,15.0
bbb,standard,1,,,0.05,mutual_information,adv,adv_error,False,0.8444444444444444,0.5227513227513227,0.1,50,,0.9089855225751837,,
bbb,standard,1,,,0.05,mutual_information,adv,cert_fail_tau0.5,False,,1.0,1.0,29,,,29.0,21.0
bbb,standard,1,,,0.05,mutual_information,adv,cert_fail_tau0.9,False,,1.0,1.0,33,,,33.0,17.0
bbb,standard,1,,,0.05,mutual_information,adv,cert_fail_tau0.95,False,,1.0,1.0,35,,,35.0,15.0
bbb,standard,1,,,0.05,mutual_information,delta,adv_error,False,0.7288888888888889,0.4800000000000001,0.1,50,,0.8370107769217968,,
bbb,standard,1,,,0.05,mutual_information,delta,cert_fail_tau0.5,False,,1.0,1.0,29,,,29.0,21.0
bbb,standard,1,,,0.05,mutual_information,delta,cert_fail_tau0.9,False,,1.0,1.0,33,,,33.0,17.0
bbb,standard,1,,,0.05,mutual_information,delta,cert_fail_tau0.95,False,,1.0,1.0,35,,,35.0,15.0
bbb,standard,1,,,0.05,one_minus_confidence,clean,adv_error,False,0.96,0.8369230769230769,0.1,50,,0.9057413122473711,,
bbb,standard,1,,,0.05,one_minus_confidence,clean,cert_fail_tau0.5,False,,1.0,1.0,29,,,29.0,21.0
bbb,standard,1,,,0.05,one_minus_confidence,clean,cert_fail_tau0.9,False,,1.0,1.0,33,,,33.0,17.0
bbb,standard,1,,,0.05,one_minus_confidence,clean,cert_fail_tau0.95,False,,1.0,1.0,35,,,35.0,15.0
bbb,standard,1,,,0.05,one_minus_confidence,adv,adv_error,False,0.8666666666666667,0.6184615384615385,0.1,50,,0.9443398293034374,,
bbb,standard,1,,,0.05,one_minus_confidence,adv,cert_fail_tau0.5,False,,1.0,1.0,29,,,29.0,21.0
bbb,standard,1,,,0.05,one_minus_confidence,adv,cert_fail_tau0.9,False,,1.0,1.0,33,,,33.0,17.0
bbb,standard,1,,,0.05,one_minus_confidence,adv,cert_fail_tau0.95,False,,1.0,1.0,35,,,35.0,15.0
bbb,standard,1,,,0.05,one_minus_confidence,delta,adv_error,False,0.7511111111111111,0.5260606060606061,0.1,50,,0.8715859253750476,,
bbb,standard,1,,,0.05,one_minus_confidence,delta,cert_fail_tau0.5,False,,1.0,1.0,29,,,29.0,21.0
bbb,standard,1,,,0.05,one_minus_confidence,delta,cert_fail_tau0.9,False,,1.0,1.0,33,,,33.0,17.0
bbb,standard,1,,,0.05,one_minus_confidence,delta,cert_fail_tau0.95,False,,1.0,1.0,35,,,35.0,15.0
bbb,standard,1,,,0.07,mutual_information,clean,adv_error,False,0.9079861111111112,0.8591567724023865,0.36,50,,0.6720097012746303,,
bbb,standard,1,,,0.07,mutual_information,clean,cert_fail_tau0.5,False,,1.0,1.0,43,,,43.0,7.0
bbb,standard,1,,,0.07,mutual_information,clean,cert_fail_tau0.9,False,,1.0,1.0,44,,,44.0,6.0
bbb,standard,1,,,0.07,mutual_information,clean,cert_fail_tau0.95,False,,1.0,1.0,46,,,46.0,4.0
bbb,standard,1,,,0.07,mutual_information,adv,adv_error,False,0.6458333333333334,0.5157228080163079,0.36,50,,0.6258935805333585,,
bbb,standard,1,,,0.07,mutual_information,adv,cert_fail_tau0.5,False,,1.0,1.0,43,,,43.0,7.0
bbb,standard,1,,,0.07,mutual_information,adv,cert_fail_tau0.9,False,,1.0,1.0,44,,,44.0,6.0
bbb,standard,1,,,0.07,mutual_information,adv,cert_fail_tau0.95,False,,1.0,1.0,46,,,46.0,4.0
bbb,standard,1,,,0.07,mutual_information,delta,adv_error,False,0.6336805555555556,0.5116002330603996,0.36,50,,0.6054347924226853,,
bbb,standard,1,,,0.07,mutual_information,delta,cert_fail_tau0.5,False,,1.0,1.0,43,,,43.0,7.0
bbb,standard,1,,,0.07,mutual_information,delta,cert_fail_tau0.9,False,,1.0,1.0,44,,,44.0,6.0
bbb,standard,1,,,0.07,mutual_information,delta,cert_fail_tau0.95,False,,1.0,1.0,46,,,46.0,4.0
bbb,standard,1,,,0.07,one_minus_confidence,clean,adv_error,False,0.9236111111111112,0.8900302068151966,0.36,50,,0.6839815051432149,,
bbb,standard,1,,,0.07,one_minus_confidence,clean,cert_fail_tau0.5,False,,1.0,1.0,43,,,43.0,7.0
bbb,standard,1,,,0.07,one_minus_confidence,clean,cert_fail_tau0.9,False,,1.0,1.0,44,,,44.0,6.0
bbb,standard,1,,,0.07,one_minus_confidence,clean,cert_fail_tau0.95,False,,1.0,1.0,46,,,46.0,4.0
bbb,standard,1,,,0.07,one_minus_confidence,adv,adv_error,False,0.7204861111111112,0.560064051706772,0.36,50,,0.7177904320468748,,
bbb,standard,1,,,0.07,one_minus_confidence,adv,cert_fail_tau0.5,False,,1.0,1.0,43,,,43.0,7.0
bbb,standard,1,,,0.07,one_minus_confidence,adv,cert_fail_tau0.9,False,,1.0,1.0,44,,,44.0,6.0
bbb,standard,1,,,0.07,one_minus_confidence,adv,cert_fail_tau0.95,False,,1.0,1.0,46,,,46.0,4.0
bbb,standard,1,,,0.07,one_minus_confidence,delta,adv_error,False,0.7065972222222222,0.5558639089582422,0.36,50,,0.6949839141530094,,
bbb,standard,1,,,0.07,one_minus_confidence,delta,cert_fail_tau0.5,False,,1.0,1.0,43,,,43.0,7.0
bbb,standard,1,,,0.07,one_minus_confidence,delta,cert_fail_tau0.9,False,,1.0,1.0,44,,,44.0,6.0
bbb,standard,1,,,0.07,one_minus_confidence,delta,cert_fail_tau0.95,False,,1.0,1.0,46,,,46.0,4.0
bbb,standard,1,,,0.08,mutual_information,clean,adv_error,False,0.9339774557165862,0.9127794941806435,0.46,50,,0.6244859605911334,,
bbb,standard,1,,,0.08,mutual_information,clean,cert_fail_tau0.5,False,,1.0,1.0,45,,,45.0,5.0
bbb,standard,1,,,0.08,mutual_information,clean,cert_fail_tau0.9,False,,1.0,1.0,49,,,49.0,1.0
bbb,standard,1,,,0.08,mutual_information,clean,cert_fail_tau0.95,False,,1.0,1.0,50,,,50.0,0.0
bbb,standard,1,,,0.08,mutual_information,adv,adv_error,False,0.5507246376811594,0.5262276995138682,0.46,50,,0.5981398581683294,,
bbb,standard,1,,,0.08,mutual_information,adv,cert_fail_tau0.5,False,,1.0,1.0,45,,,45.0,5.0
bbb,standard,1,,,0.08,mutual_information,adv,cert_fail_tau0.9,False,,1.0,1.0,49,,,49.0,1.0
bbb,standard,1,,,0.08,mutual_information,adv,cert_fail_tau0.95,False,,1.0,1.0,50,,,50.0,0.0
bbb,standard,1,,,0.08,mutual_information,delta,adv_error,False,0.5394524959742351,0.500066965115556,0.46,50,,0.5885885947595757,,
bbb,standard,1,,,0.08,mutual_information,delta,cert_fail_tau0.5,False,,1.0,1.0,45,,,45.0,5.0
bbb,standard,1,,,0.08,mutual_information,delta,cert_fail_tau0.9,False,,1.0,1.0,49,,,49.0,1.0
bbb,standard,1,,,0.08,mutual_information,delta,cert_fail_tau0.95,False,,1.0,1.0,50,,,50.0,0.0
bbb,standard,1,,,0.08,one_minus_confidence,clean,adv_error,False,0.9404186795491143,0.9258357133238192,0.46,50,,0.6343571486139716,,
bbb,standard,1,,,0.08,one_minus_confidence,clean,cert_fail_tau0.5,False,,1.0,1.0,45,,,45.0,5.0
bbb,standard,1,,,0.08,one_minus_confidence,clean,cert_fail_tau0.9,False,,1.0,1.0,49,,,49.0,1.0
bbb,standard,1,,,0.08,one_minus_confidence,clean,cert_fail_tau0.95,False,,1.0,1.0,50,,,50.0,0.0
bbb,standard,1,,,0.08,one_minus_confidence,adv,adv_error,False,0.5636070853462157,0.5091464659379179,0.46,50,,0.6603833264226909,,
bbb,standard,1,,,0.08,one_minus_confidence,adv,cert_fail_tau0.5,False,,1.0,1.0,45,,,45.0,5.0
bbb,standard,1,,,0.08,one_minus_confidence,adv,cert_fail_tau0.9,False,,1.0,1.0,49,,,49.0,1.0
bbb,standard,1,,,0.08,one_minus_confidence,adv,cert_fail_tau0.95,False,,1.0,1.0,50,,,50.0,0.0
bbb,standard,1,,,0.08,one_minus_confidence,delta,adv_error,False,0.5539452495974235,0.48398066914168636,0.46,50,,0.6496782191122086,,
bbb,standard,1,,,0.08,one_minus_confidence,delta,cert_fail_tau0.5,False,,1.0,1.0,45,,,45.0,5.0
bbb,standard,1,,,0.08,one_minus_confidence,delta,cert_fail_tau0.9,False,,1.0,1.0,49,,,49.0,1.0
bbb,standard,1,,,0.08,one_minus_confidence,delta,cert_fail_tau0.95,False,,1.0,1.0,50,,,50.0,0.0
bbb,standard,1,,,0.1,mutual_information,clean,adv_error,False,0.9265873015873016,0.9716043129850824,0.72,50,,0.4228360095281522,,
bbb,standard,1,,,0.1,mutual_information,clean,cert_fail_tau0.5,False,,1.0,1.0,50,,,50.0,0.0
bbb,standard,1,,,0.1,mutual_information,clean,cert_fail_tau0.9,False,,1.0,1.0,50,,,50.0,0.0
bbb,standard,1,,,0.1,mutual_information,clean,cert_fail_tau0.95,False,,1.0,1.0,50,,,50.0,0.0
bbb,standard,1,,,0.1,mutual_information,adv,adv_error,False,0.42658730158730157,0.7116590398492347,0.72,50,,0.21116285390145956,,
bbb,standard,1,,,0.1,mutual_information,adv,cert_fail_tau0.5,False,,1.0,1.0,50,,,50.0,0.0
bbb,standard,1,,,0.1,mutual_information,adv,cert_fail_tau0.9,False,,1.0,1.0,50,,,50.0,0.0
bbb,standard,1,,,0.1,mutual_information,adv,cert_fail_tau0.95,False,,1.0,1.0,50,,,50.0,0.0
bbb,standard,1,,,0.1,mutual_information,delta,adv_error,False,0.4126984126984127,0.6935678400719884,0.72,50,,0.1955476211093265,,
bbb,standard,1,,,0.1,mutual_information,delta,cert_fail_tau0.5,False,,1.0,1.0,50,,,50.0,0.0
bbb,standard,1,,,0.1,mutual_information,delta,cert_fail_tau0.9,False,,1.0,1.0,50,,,50.0,0.0
bbb,standard,1,,,0.1,mutual_information,delta,cert_fail_tau0.95,False,,1.0,1.0,50,,,50.0,0.0
bbb,standard,1,,,0.1,one_minus_confidence,clean,adv_error,False,0.9265873015873016,0.972117807747819,0.72,50,,0.43346477351558743,,
bbb,standard,1,,,0.1,one_minus_confidence,clean,cert_fail_tau0.5,False,,1.0,1.0,50,,,50.0,0.0
bbb,standard,1,,,0.1,one_minus_confidence,clean,cert_fail_tau0.9,False,,1.0,1.0,50,,,50.0,0.0
bbb,standard,1,,,0.1,one_minus_confidence,clean,cert_fail_tau0.95,False,,1.0,1.0,50,,,50.0,0.0
bbb,standard,1,,,0.1,one_minus_confidence,adv,adv_error,False,0.4444444444444444,0.6892748534598827,0.72,50,,0.27056197471859317,,
bbb,standard,1,,,0.1,one_minus_confidence,adv,cert_fail_tau0.5,False,,1.0,1.0,50,,,50.0,0.0
bbb,standard,1,,,0.1,one_minus_confidence,adv,cert_fail_tau0.9,False,,1.0,1.0,50,,,50.0,0.0
bbb,standard,1,,,0.1,one_minus_confidence,adv,cert_fail_tau0.95,False,,1.0,1.0,50,,,50.0,0.0
bbb,standard,1,,,0.1,one_minus_confidence,delta,adv_error,False,0.4365079365079365,0.686632649890817,0.72,50,,0.2549467419264601,,
bbb,standard,1,,,0.1,one_minus_confidence,delta,cert_fail_tau0.5,False,,1.0,1.0,50,,,50.0,0.0
bbb,standard,1,,,0.1,one_minus_confidence,delta,cert_fail_tau0.9,False,,1.0,1.0,50,,,50.0,0.0
bbb,standard,1,,,0.1,one_minus_confidence,delta,cert_fail_tau0.95,False,,1.0,1.0,50,,,50.0,0.0
bbb,standard,1,,,0.15,mutual_information,clean,adv_error,False,0.8541666666666666,0.9933917928241722,0.96,50,,,,
bbb,standard,1,,,0.15,mutual_information,clean,cert_fail_tau0.5,True,,,,0,,,0.0,50.0
bbb,standard,1,,,0.15,mutual_information,clean,cert_fail_tau0.9,True,,,,0,,,0.0,50.0
bbb,standard,1,,,0.15,mutual_information,clean,cert_fail_tau0.95,True,,,,0,,,0.0,50.0
bbb,standard,1,,,0.15,mutual_information,adv,adv_error,False,0.020833333333333332,0.8889219997918295,0.96,50,,,,
bbb,standard,1,,,0.15,mutual_information,adv,cert_fail_tau0.5,True,,,,0,,,0.0,50.0
bbb,standard,1,,,0.15,mutual_information,adv,cert_fail_tau0.9,True,,,,0,,,0.0,50.0
bbb,standard,1,,,0.15,mutual_information,adv,cert_fail_tau0.95,True,,,,0,,,0.0,50.0
bbb,standard,1,,,0.15,mutual_information,delta,adv_error,False,0.020833333333333332,0.8889219997918295,0.96,50,,,,
bbb,standard,1,,,0.15,mutual_information,delta,cert_fail_tau0.5,True,,,,0,,,0.0,50.0
bbb,standard,1,,,0.15,mutual_information,delta,cert_fail_tau0.9,True,,,,0,,,0.0,50.0
bbb,standard,1,,,0.15,mutual_information,delta,cert_fail_tau0.95,True,,,,0,,,0.0,50.0
bbb,standard,1,,,0.15,one_minus_confidence,clean,adv_error,False,0.875,0.993720727570522,0.96,50,,,,
bbb,standard,1,,,0.15,one_minus_confidence,clean,cert_fail_tau0.5,True,,,,0,,,0.0,50.0
bbb,standard,1,,,0.15,one_minus_confidence,clean,cert_fail_tau0.9,True,,,,0,,,0.0,50.0
bbb,standard,1,,,0.15,one_minus_confidence,clean,cert_fail_tau0.95,True,,,,0,,,0.0,50.0
bbb,standard,1,,,0.15,one_minus_confidence,adv,adv_error,False,0.010416666666666666,0.8785053331251628,0.96,50,,,,
bbb,standard,1,,,0.15,one_minus_confidence,adv,cert_fail_tau0.5,True,,,,0,,,0.0,50.0
bbb,standard,1,,,0.15,one_minus_confidence,adv,cert_fail_tau0.9,True,,,,0,,,0.0,50.0
bbb,standard,1,,,0.15,one_minus_confidence,adv,cert_fail_tau0.95,True,,,,0,,,0.0,50.0
bbb,standard,1,,,0.15,one_minus_confidence,delta,adv_error,False,0.010416666666666666,0.8785053331251628,0.96,50,,,,
bbb,standard,1,,,0.15,one_minus_confidence,delta,cert_fail_tau0.5,True,,,,0,,,0.0,50.0
bbb,standard,1,,,0.15,one_minus_confidence,delta,cert_fail_tau0.9,True,,,,0,,,0.0,50.0
bbb,standard,1,,,0.15,one_minus_confidence,delta,cert_fail_tau0.95,True,,,,0,,,0.0,50.0
bbb,standard,2,,,0.01,mutual_information,clean,adv_error,False,,,0.0,50,0.6853525943381855,0.4655477297423584,,
bbb,standard,2,,,0.01,mutual_information,clean,cert_fail_tau0.5,False,1.0,1.0,0.02127659574468085,47,,,47.0,3.0
bbb,standard,2,,,0.01,mutual_information,clean,cert_fail_tau0.9,False,1.0,1.0,0.023809523809523808,42,,,42.0,8.0
bbb,standard,2,,,0.01,mutual_information,clean,cert_fail_tau0.95,True,,,1.0,1,,,1.0,49.0
bbb,standard,2,,,0.01,mutual_information,adv,adv_error,False,,,0.0,50,0.6913139100326319,0.4655477297423584,,
bbb,standard,2,,,0.01,mutual_information,adv,cert_fail_tau0.5,False,1.0,1.0,0.02127659574468085,47,,,47.0,3.0
bbb,standard,2,,,0.01,mutual_information,adv,cert_fail_tau0.9,False,1.0,1.0,0.023809523809523808,42,,,42.0,8.0
bbb,standard,2,,,0.01,mutual_information,adv,cert_fail_tau0.95,True,,,1.0,1,,,1.0,49.0
bbb,standard,2,,,0.01,mutual_information,delta,adv_error,False,,,0.0,50,0.688531962708557,0.46534358690975924,,
bbb,standard,2,,,0.01,mutual_information,delta,cert_fail_tau0.5,False,1.0,1.0,0.02127659574468085,47,,,47.0,3.0
bbb,standard,2,,,0.01,mutual_information,delta,cert_fail_tau0.9,False,1.0,1.0,0.023809523809523808,42,,,42.0,8.0
bbb,standard,2,,,0.01,mutual_information,delta,cert_fail_tau0.95,True,,,1.0,1,,,1.0,49.0
bbb,standard,2,,,0.01,one_minus_confidence,clean,adv_error,False,,,0.0,50,0.7027910204278026,0.4705036441459927,,
bbb,standard,2,,,0.01,one_minus_confidence,clean,cert_fail_tau0.5,False,1.0,1.0,0.02127659574468085,47,,,47.0,3.0
bbb,standard,2,,,0.01,one_minus_confidence,clean,cert_fail_tau0.9,False,1.0,1.0,0.023809523809523808,42,,,42.0,8.0
bbb,standard,2,,,0.01,one_minus_confidence,clean,cert_fail_tau0.95,True,,,1.0,1,,,1.0,49.0
bbb,standard,2,,,0.01,one_minus_confidence,adv,adv_error,False,,,0.0,50,0.7086679623875758,0.47044715772473794,,
bbb,standard,2,,,0.01,one_minus_confidence,adv,cert_fail_tau0.5,False,1.0,1.0,0.02127659574468085,47,,,47.0,3.0
bbb,standard,2,,,0.01,one_minus_confidence,adv,cert_fail_tau0.9,False,1.0,1.0,0.023809523809523808,42,,,42.0,8.0
bbb,standard,2,,,0.01,one_minus_confidence,adv,cert_fail_tau0.95,True,,,1.0,1,,,1.0,49.0
bbb,standard,2,,,0.01,one_minus_confidence,delta,adv_error,False,,,0.0,50,0.7086849778374117,0.4704584533814313,,
bbb,standard,2,,,0.01,one_minus_confidence,delta,cert_fail_tau0.5,False,1.0,1.0,0.02127659574468085,47,,,47.0,3.0
bbb,standard,2,,,0.01,one_minus_confidence,delta,cert_fail_tau0.9,False,1.0,1.0,0.023809523809523808,42,,,42.0,8.0
bbb,standard,2,,,0.01,one_minus_confidence,delta,cert_fail_tau0.95,True,,,1.0,1,,,1.0,49.0
bbb,standard,2,,,0.03,mutual_information,clean,adv_error,False,1.0,1.0,0.02,50,,,,
bbb,standard,2,,,0.03,mutual_information,clean,cert_fail_tau0.5,True,,,,0,,,0.0,50.0
bbb,standard,2,,,0.03,mutual_information,clean,cert_fail_tau0.9,True,,,,0,,,0.0,50.0
bbb,standard,2,,,0.03,mutual_information,clean,cert_fail_tau0.95,True,,,,0,,,0.0,50.0
bbb,standard,2,,,0.03,mutual_information,adv,adv_error,False,1.0,1.0,0.02,50,,,,
bbb,standard,2,,,0.03,mutual_information,adv,cert_fail_tau0.5,True,,,,0,,,0.0,50.0
bbb,standard,2,,,0.03,mutual_information,adv,cert_fail_tau0.9,True,,,,0,,,0.0,50.0
bbb,standard,2,,,0.03,mutual_information,adv,cert_fail_tau0.95,True,,,,0,,,0.0,50.0
bbb,standard,2,,,0.03,mutual_information,delta,adv_error,False,0.7755102040816326,0.08333333333333333,0.02,50,,,,
bbb,standard,2,,,0.03,mutual_information,delta,cert_fail_tau0.5,True,,,,0,,,0.0,50.0
bbb,standard,2,,,0.03,mutual_information,delta,cert_fail_tau0.9,True,,,,0,,,0.0,50.0
bbb,standard,2,,,0.03,mutual_information,delta,cert_fail_tau0.95,True,,,,0,,,0.0,50.0
bbb,standard,2,,,0.03,one_minus_confidence,clean,adv_error,False,1.0,1.0,0.02,50,,,,
bbb,standard,2,,,0.03,one_minus_confidence,clean,cert_fail_tau0.5,True,,,,0,,,0.0,50.0
bbb,standard,2,,,0.03,one_minus_confidence,clean,cert_fail_tau0.9,True,,,,0,,,0.0,50.0
bbb,standard,2,,,0.03,one_minus_confidence,clean,cert_fail_tau0.95,True,,,,0,,,0.0,50.0
bbb,standard,2,,,0.03,one_minus_confidence,adv,adv_error,False,0.9591836734693877,0.3333333333333333,0.02,50,,,,
bbb,standard,2,,,0.03,one_minus_confidence,adv,cert_fail_tau0.5,True,,,,0,,,0.0,50.0
bbb,standard,2,,,0.03,one_minus_confidence,adv,cert_fail_tau0.9,True,,,,0,,,0.0,50.0
bbb,standard,2,,,0.03,one_minus_confidence,adv,cert_fail_tau0.95,True,,,,0,,,0.0,50.0
bbb,standard,2,,,0.03,one_minus_confidence,delta,adv_error,False,0.0,0.02,0.02,50,,,,
bbb,standard,2,,,0.03,one_minus_confidence,delta,cert_fail_tau0.5,True,,,,0,,,0.0,50.0
bbb,standard,2,,,0.03,one_minus_confidence,delta,cert_fail_tau0.9,True,,,,0,,,0.0,50.0
bbb,standard,2,,,0.03,one_minus_confidence,delta,cert_fail_tau0.95,True,,,,0,,,0.0,50.0
bbb,standard,2,,,0.05,mutual_information,clean,adv_error,False,0.9728260869565217,0.8611111111111112,0.08,50,,0.8298261086843683,,
bbb,standard,2,,,0.05,mutual_information,clean,cert_fail_tau0.5,False,,1.0,1.0,27,,,27.0,23.0
bbb,standard,2,,,0.05,mutual_information,clean,cert_fail_tau0.9,False,,1.0,1.0,34,,,34.0,16.0
bbb,standard,2,,,0.05,mutual_information,clean,cert_fail_tau0.95,False,,1.0,1.0,35,,,35.0,15.0
bbb,standard,2,,,0.05,mutual_information,adv,adv_error,False,0.9130434782608695,0.45833333333333326,0.08,50,,0.9037977984890709,,
bbb,standard,2,,,0.05,mutual_information,adv,cert_fail_tau0.5,False,,1.0,1.0,27,,,27.0,23.0
bbb,standard,2,,,0.05,mutual_information,adv,cert_fail_tau0.9,False,,1.0,1.0,34,,,34.0,16.0
bbb,standard,2,,,0.05,mutual_information,adv,cert_fail_tau0.95,False,,1.0,1.0,35,,,35.0,15.0
bbb,standard,2,,,0.05,mutual_information,delta,adv_error,False,0.6847826086956522,0.2997619047619048,0.08,50,,0.8136402719210925,,
bbb,standard,2,,,0.05,mutual_information,delta,cert_fail_tau0.5,False,,1.0,1.0,27,,,27.0,23.0
bbb,standard,2,,,0.05,mutual_information,delta,cert_fail_tau0.9,False,,1.0,1.0,34,,,34.0,16.0
bbb,standard,2,,,0.05,mutual_information,delta,cert_fail_tau0.95,False,,1.0,1.0,35,,,35.0,15.0
bbb,standard,2,,,0.05,one_minus_confidence,clean,adv_error,False,0.967391304347826,0.85,0.08,50,,0.8667952270568663,,
bbb,standard,2,,,0.05,one_minus_confidence,clean,cert_fail_tau0.5,False,,1.0,1.0,27,,,27.0,23.0
bbb,standard,2,,,0.05,one_minus_confidence,clean,cert_fail_tau0.9,False,,1.0,1.0,34,,,34.0,16.0
bbb,standard,2,,,0.05,one_minus_confidence,clean,cert_fail_tau0.95,False,,1.0,1.0,35,,,35.0,15.0
bbb,standard,2,,,0.05,one_minus_confidence,adv,adv_error,False,0.8641304347826086,0.3159722222222222,0.08,50,,0.9459776059348617,,
bbb,standard,2,,,0.05,one_minus_confidence,adv,cert_fail_tau0.5,False,,1.0,1.0,27,,,27.0,23.0
bbb,standard,2,,,0.05,one_minus_confidence,adv,cert_fail_tau0.9,False,,1.0,1.0,34,,,34.0,16.0
bbb,standard,2,,,0.05,one_minus_confidence,adv,cert_fail_tau0.95,False,,1.0,1.0,35,,,35.0,15.0
bbb,standard,2,,,0.05,one_minus_confidence,delta,adv_error,False,0.6847826086956522,0.2685119047619048,0.08,50,,0.8604584087080008,,
bbb,standard,2,,,0.05,one_minus_confidence,delta,cert_fail_tau0.5,False,,1.0,1.0,27,,,27.0,23.0
bbb,standard,2,,,0.05,one_minus_confidence,delta,cert_fail_tau0.9,False,,1.0,1.0,34,,,34.0,16.0
bbb,standard,2,,,0.05,one_minus_confidence,delta,cert_fail_tau0.95,False,,1.0,1.0,35,,,35.0,15.0
bbb,standard,2,,,0.07,mutual_information,clean,adv_error,False,0.8971428571428571,0.8084133015247565,0.3,50,,0.6831459131385721,,
bbb,standard,2,,,0.07,mutual_information,clean,cert_fail_tau0.5,False,,1.0,1.0,46,,,46.0,4.0
bbb,standard,2,,,0.07,mutual_information,clean,cert_fail_tau0.9,False,,1.0,1.0,48,,,48.0,2.0
bbb,standard,2,,,0.07,mutual_information,clean,cert_fail_tau0.95,False,,1.0,1.0,49,,,49.0,1.0
bbb,standard,2,,,0.07,mutual_information,adv,adv_error,False,0.6171428571428571,0.35307938791915483,0.3,50,,0.7002821279386304,,
bbb,standard,2,,,0.07,mutual_information,adv,cert_fail_tau0.5,False,,1.0,1.0,46,,,46.0,4.0
bbb,standard,2,,,0.07,mutual_information,adv,cert_fail_tau0.9,False,,1.0,1.0,48,,,48.0,2.0
bbb,standard,2,,,0.07,mutual_information,adv,cert_fail_tau0.95,False,,1.0,1.0,49,,,49.0,1.0
bbb,standard,2,,,0.07,mutual_information,delta,adv_error,False,0.5828571428571429,0.3405265403823257,0.3,50,,0.6595836177884921,,
bbb,standard,2,,,0.07,mutual_information,delta,cert_fail_tau0.5,False,,1.0,1.0,46,,,46.0,4.0
bbb,standard,2,,,0.07,mutual_information,delta,cert_fail_tau0.9,False,,1.0,1.0,48,,,48.0,2.0
bbb,standard,2,,,0.07,mutual_information,delta,cert_fail_tau0.95,False,,1.0,1.0,49,,,49.0,1.0
bbb,standard,2,,,0.07,one_minus_confidence,clean,adv_error,False,0.9257142857142857,0.8586731786731785,0.3,50,,0.7250024770498283,,
bbb,standard,2,,,0.07,one_minus_confidence,clean,cert_fail_tau0.5,False,,1.0,1.0,46,,,46.0,4.0
bbb,standard,2,,,0.07,one_minus_confidence,clean,cert_fail_tau0.9,False,,1.0,1.0,48,,,48.0,2.0
bbb,standard,2,,,0.07,one_minus_confidence,clean,cert_fail_tau0.95,False,,1.0,1.0,49,,,49.0,1.0
bbb,standard,2,,,0.07,one_minus_confidence,adv,adv_error,False,0.6761904761904762,0.47045699552820996,0.3,50,,0.7600446770538336,,
bbb,standard,2,,,0.07,one_minus_confidence,adv,cert_fail_tau0.5,False,,1.0,1.0,46,,,46.0,4.0
bbb,standard,2,,,0.07,one_minus_confidence,adv,cert_fail_tau0.9,False,,1.0,1.0,48,,,48.0,2.0
bbb,standard,2,,,0.07,one_minus_confidence,adv,cert_fail_tau0.95,False,,1.0,1.0,49,,,49.0,1.0
bbb,standard,2,,,0.07,one_minus_confidence,delta,adv_error,False,0.6533333333333333,0.4843400082757505,0.3,50,,0.7255580447687164,,
bbb,standard,2,,,0.07,one_minus_confidence,delta,cert_fail_tau0.5,False,,1.0,1.0,46,,,46.0,4.0
bbb,standard,2,,,0.07,one_minus_confidence,delta,cert_fail_tau0.9,False,,1.0,1.0,48,,,48.0,2.0
bbb,standard,2,,,0.07,one_minus_confidence,delta,cert_fail_tau0.95,False,,1.0,1.0,49,,,49.0,1.0
bbb,standard,2,,,0.08,mutual_information,clean,adv_error,False,0.9391025641025641,0.931178990153386,0.48,50,,0.536455117184879,,
bbb,standard,2,,,0.08,mutual_information,clean,cert_fail_tau0.5,False,,1.0,1.0,49,,,49.0,1.0
bbb,standard,2,,,0.08,mutual_information,clean,cert_fail_tau0.9,False,,1.0,1.0,50,,,50.0,0.0
bbb,standard,2,,,0.08,mutual_information,clean,cert_fail_tau0.95,False,,1.0,1.0,50,,,50.0,0.0
bbb,standard,2,,,0.08,mutual_information,adv,adv_error,False,0.5721153846153846,0.6030731356978365,0.48,50,,0.48991276356678365,,
bbb,standard,2,,,0.08,mutual_information,adv,cert_fail_tau0.5,False,,1.0,1.0,49,,,49.0,1.0
bbb,standard,2,,,0.08,mutual_information,adv,cert_fail_tau0.9,False,,1.0,1.0,50,,,50.0,0.0
bbb,standard,2,,,0.08,mutual_information,adv,cert_fail_tau0.95,False,,1.0,1.0,50,,,50.0,0.0
bbb,standard,2,,,0.08,mutual_information,delta,adv_error,False,0.5625,0.6000371227161713,0.48,50,,0.469462335461863,,
bbb,standard,2,,,0.08,mutual_information,delta,cert_fail_tau0.5,False,,1.0,1.0,49,,,49.0,1.0
bbb,standard,2,,,0.08,mutual_information,delta,cert_fail_tau0.9,False,,1.0,1.0,50,,,50.0,0.0
bbb,standard,2,,,0.08,mutual_information,delta,cert_fail_tau0.95,False,,1.0,1.0,50,,,50.0,0.0
bbb,standard,2,,,0.08,one_minus_confidence,clean,adv_error,False,0.9583333333333334,0.9578717980891895,0.48,50,,0.5681926466777294,,
bbb,standard,2,,,0.08,one_minus_confidence,clean,cert_fail_tau0.5,False,,1.0,1.0,49,,,49.0,1.0
bbb,standard,2,,,0.08,one_minus_confidence,clean,cert_fail_tau0.9,False,,1.0,1.0,50,,,50.0,0.0
bbb,standard,2,,,0.08,one_minus_confidence,clean,cert_fail_tau0.95,False,,1.0,1.0,50,,,50.0,0.0
bbb,standard,2,,,0.08,one_minus_confidence,adv,adv_error,False,0.6169871794871795,0.6269351171054545,0.48,50,,0.5906904218142299,,
bbb,standard,2,,,0.08,one_minus_confidence,adv,cert_fail_tau0.5,False,,1.0,1.0,49,,,49.0,1.0
bbb,standard,2,,,0.08,one_minus_confidence,adv,cert_fail_tau0.9,False,,1.0,1.0,50,,,50.0,0.0
bbb,standard,2,,,0.08,one_minus_confidence,adv,cert_fail_tau0.95,False,,1.0,1.0,50,,,50.0,0.0
bbb,standard,2,,,0.08,one_minus_confidence,delta,adv_error,False,0.6025641025641025,0.6221332496174168,0.48,50,,0.5612007762710841,,
bbb,standard,2,,,0.08,one_minus_confidence,delta,cert_fail_tau0.5,False,,1.0,1.0,49,,,49.0,1.0
bbb,standard,2,,,0.08,one_minus_confidence,delta,cert_fail_tau0.9,False,,1.0,1.0,50,,,50.0,0.0
bbb,standard,2,,,0.08,one_minus_confidence,delta,cert_fail_tau0.95,False,,1.0,1.0,50,,,50.0,0.0
bbb,standard,2,,,0.1,mutual_information,clean,adv_error,False,0.8055555555555556,0.9160330857444623,0.72,50,,0.12374266583486378,,
bbb,standard,2,,,0.1,mutual_information,clean,cert_fail_tau0.5,False,,1.0,1.0,50,,,50.0,0.0
bbb,standard,2,,,0.1,mutual_information,clean,cert_fail_tau0.9,False,,1.0,1.0,50,,,50.0,0.0
bbb,standard,2,,,0.1,mutual_information,clean,cert_fail_tau0.95,False,,1.0,1.0,50,,,50.0,0.0
bbb,standard,2,,,0.1,mutual_information,adv,adv_error,False,0.25396825396825395,0.5898929499032468,0.72,50,,-0.024748533166972755,,
bbb,standard,2,,,0.1,mutual_information,adv,cert_fail_tau0.5,False,,1.0,1.0,50,,,50.0,0.0
bbb,standard,2,,,0.1,mutual_information,adv,cert_fail_tau0.9,False,,1.0,1.0,50,,,50.0,0.0
bbb,standard,2,,,0.1,mutual_information,adv,cert_fail_tau0.95,False,,1.0,1.0,50,,,50.0,0.0
bbb,standard,2,,,0.1,mutual_information,delta,adv_error,False,0.25,0.5889407782193677,0.72,50,,-0.024748533166972755,,
bbb,standard,2,,,0.1,mutual_information,delta,cert_fail_tau0.5,False,,1.0,1.0,50,,,50.0,0.0
bbb,standard,2,,,0.1,mutual_information,delta,cert_fail_tau0.9,False,,1.0,1.0,50,,,50.0,0.0
bbb,standard,2,,,0.1,mutual_information,delta,cert_fail_tau0.95,False,,1.0,1.0,50,,,50.0,0.0
bbb,standard,2,,,0.1,one_minus_confidence,clean,adv_error,False,0.8353174603174603,0.9324635579342997,0.72,50,,0.12375752357230518,,
bbb,standard,2,,,0.1,one_minus_confidence,clean,cert_fail_tau0.5,False,,1.0,1.0,50,,,50.0,0.0
bbb,standard,2,,,0.1,one_minus_confidence,clean,cert_fail_tau0.9,False,,1.0,1.0,50,,,50.0,0.0
bbb,standard,2,,,0.1,one_minus_confidence,clean,cert_fail_tau0.95,False,,1.0,1.0,50,,,50.0,0.0
bbb,standard,2,,,0.1,one_minus_confidence,adv,adv_error,False,0.3134920634920635,0.6295383400701926,0.72,50,,0.03464794643376185,,
bbb,standard,2,,,0.1,one_minus_confidence,adv,cert_fail_tau0.5,False,,1.0,1.0,50,,,50.0,0.0
bbb,standard,2,,,0.1,one_minus_confidence,adv,cert_fail_tau0.9,False,,1.0,1.0,50,,,50.0,0.0
bbb,standard,2,,,0.1,one_minus_confidence,adv,cert_fail_tau0.95,False,,1.0,1.0,50,,,50.0,0.0
bbb,standard,2,,,0.1,one_minus_confidence,delta,adv_error,False,0.3055555555555556,0.6276743278403267,0.72,50,,0.03464794643376185,,
bbb,standard,2,,,0.1,one_minus_confidence,delta,cert_fail_tau0.5,False,,1.0,1.0,50,,,50.0,0.0
bbb,standard,2,,,0.1,one_minus_confidence,delta,cert_fail_tau0.9,False,,1.0,1.0,50,,,50.0,0.0
bbb,standard,2,,,0.1,one_minus_confidence,delta,cert_fail_tau0.95,False,,1.0,1.0,50,,,50.0,0.0
bbb,standard,2,,,0.15,mutual_information,clean,adv_error,False,,1.0,1.0,50,,,,
bbb,standard,2,,,0.15,mutual_information,clean,cert_fail_tau0.5,True,,,,0,,,0.0,50.0
bbb,standard,2,,,0.15,mutual_information,clean,cert_fail_tau0.9,True,,,,0,,,0.0,50.0
bbb,standard,2,,,0.15,mutual_information,clean,cert_fail_tau0.95,True,,,,0,,,0.0,50.0
bbb,standard,2,,,0.15,mutual_information,adv,adv_error,False,,1.0,1.0,50,,,,
bbb,standard,2,,,0.15,mutual_information,adv,cert_fail_tau0.5,True,,,,0,,,0.0,50.0
bbb,standard,2,,,0.15,mutual_information,adv,cert_fail_tau0.9,True,,,,0,,,0.0,50.0
bbb,standard,2,,,0.15,mutual_information,adv,cert_fail_tau0.95,True,,,,0,,,0.0,50.0
bbb,standard,2,,,0.15,mutual_information,delta,adv_error,False,,1.0,1.0,50,,,,
bbb,standard,2,,,0.15,mutual_information,delta,cert_fail_tau0.5,True,,,,0,,,0.0,50.0
bbb,standard,2,,,0.15,mutual_information,delta,cert_fail_tau0.9,True,,,,0,,,0.0,50.0
bbb,standard,2,,,0.15,mutual_information,delta,cert_fail_tau0.95,True,,,,0,,,0.0,50.0
bbb,standard,2,,,0.15,one_minus_confidence,clean,adv_error,False,,1.0,1.0,50,,,,
bbb,standard,2,,,0.15,one_minus_confidence,clean,cert_fail_tau0.5,True,,,,0,,,0.0,50.0
bbb,standard,2,,,0.15,one_minus_confidence,clean,cert_fail_tau0.9,True,,,,0,,,0.0,50.0
bbb,standard,2,,,0.15,one_minus_confidence,clean,cert_fail_tau0.95,True,,,,0,,,0.0,50.0
bbb,standard,2,,,0.15,one_minus_confidence,adv,adv_error,False,,1.0,1.0,50,,,,
bbb,standard,2,,,0.15,one_minus_confidence,adv,cert_fail_tau0.5,True,,,,0,,,0.0,50.0
bbb,standard,2,,,0.15,one_minus_confidence,adv,cert_fail_tau0.9,True,,,,0,,,0.0,50.0
bbb,standard,2,,,0.15,one_minus_confidence,adv,cert_fail_tau0.95,True,,,,0,,,0.0,50.0
bbb,standard,2,,,0.15,one_minus_confidence,delta,adv_error,False,,1.0,1.0,50,,,,
bbb,standard,2,,,0.15,one_minus_confidence,delta,cert_fail_tau0.5,True,,,,0,,,0.0,50.0
bbb,standard,2,,,0.15,one_minus_confidence,delta,cert_fail_tau0.9,True,,,,0,,,0.0,50.0
bbb,standard,2,,,0.15,one_minus_confidence,delta,cert_fail_tau0.95,True,,,,0,,,0.0,50.0
bbb,standard,3,,,0.01,mutual_information,clean,adv_error,False,,,0.0,50,0.808493067809862,0.5843796712707946,,
bbb,standard,3,,,0.01,mutual_information,clean,cert_fail_tau0.5,False,,,0.0,46,,,46.0,4.0
bbb,standard,3,,,0.01,mutual_information,clean,cert_fail_tau0.9,False,1.0,1.0,0.02631578947368421,38,,,38.0,12.0
bbb,standard,3,,,0.01,mutual_information,clean,cert_fail_tau0.95,True,,,1.0,1,,,1.0,49.0
bbb,standard,3,,,0.01,mutual_information,adv,adv_error,False,,,0.0,50,0.8113372705390883,0.5808393458583523,,
bbb,standard,3,,,0.01,mutual_information,adv,cert_fail_tau0.5,False,,,0.0,46,,,46.0,4.0
bbb,standard,3,,,0.01,mutual_information,adv,cert_fail_tau0.9,False,1.0,1.0,0.02631578947368421,38,,,38.0,12.0
bbb,standard,3,,,0.01,mutual_information,adv,cert_fail_tau0.95,True,,,1.0,1,,,1.0,49.0
bbb,standard,3,,,0.01,mutual_information,delta,adv_error,False,,,0.0,50,0.8155466905783432,0.5735327168156524,,
bbb,standard,3,,,0.01,mutual_information,delta,cert_fail_tau0.5,False,,,0.0,46,,,46.0,4.0
bbb,standard,3,,,0.01,mutual_information,delta,cert_fail_tau0.9,False,1.0,1.0,0.02631578947368421,38,,,38.0,12.0
bbb,standard,3,,,0.01,mutual_information,delta,cert_fail_tau0.95,True,,,1.0,1,,,1.0,49.0
bbb,standard,3,,,0.01,one_minus_confidence,clean,adv_error,False,,,0.0,50,0.8163958343412134,0.602414055861303,,
bbb,standard,3,,,0.01,one_minus_confidence,clean,cert_fail_tau0.5,False,,,0.0,46,,,46.0,4.0
bbb,standard,3,,,0.01,one_minus_confidence,clean,cert_fail_tau0.9,False,1.0,1.0,0.02631578947368421,38,,,38.0,12.0
bbb,standard,3,,,0.01,one_minus_confidence,clean,cert_fail_tau0.95,True,,,1.0,1,,,1.0,49.0
bbb,standard,3,,,0.01,one_minus_confidence,adv,adv_error,False,,,0.0,50,0.8236637789610748,0.5879482301692995,,
bbb,standard,3,,,0.01,one_minus_confidence,adv,cert_fail_tau0.5,False,,,0.0,46,,,46.0,4.0
bbb,standard,3,,,0.01,one_minus_confidence,adv,cert_fail_tau0.9,False,1.0,1.0,0.02631578947368421,38,,,38.0,12.0
bbb,standard,3,,,0.01,one_minus_confidence,adv,cert_fail_tau0.95,True,,,1.0,1,,,1.0,49.0
bbb,standard,3,,,0.01,one_minus_confidence,delta,adv_error,False,,,0.0,50,0.825503978288089,0.5879623484377444,,
bbb,standard,3,,,0.01,one_minus_confidence,delta,cert_fail_tau0.5,False,,,0.0,46,,,46.0,4.0
bbb,standard,3,,,0.01,one_minus_confidence,delta,cert_fail_tau0.9,False,1.0,1.0,0.02631578947368421,38,,,38.0,12.0
bbb,standard,3,,,0.01,one_minus_confidence,delta,cert_fail_tau0.95,True,,,1.0,1,,,1.0,49.0
bbb,standard,3,,,0.03,mutual_information,clean,adv_error,False,1.0,1.0,0.02,50,,,,
bbb,standard,3,,,0.03,mutual_information,clean,cert_fail_tau0.5,True,,,,0,,,0.0,50.0
bbb,standard,3,,,0.03,mutual_information,clean,cert_fail_tau0.9,True,,,,0,,,0.0,50.0
bbb,standard,3,,,0.03,mutual_information,clean,cert_fail_tau0.95,True,,,,0,,,0.0,50.0
bbb,standard,3,,,0.03,mutual_information,adv,adv_error,False,0.9795918367346939,0.5,0.02,50,,,,
bbb,standard,3,,,0.03,mutual_information,adv,cert_fail_tau0.5,True,,,,0,,,0.0,50.0
bbb,standard,3,,,0.03,mutual_information,adv,cert_fail_tau0.9,True,,,,0,,,0.0,50.0
bbb,standard,3,,,0.03,mutual_information,adv,cert_fail_tau0.95,True,,,,0,,,0.0,50.0
bbb,standard,3,,,0.03,mutual_information,delta,adv_error,False,0.9387755102040817,0.25,0.02,50,,,,
bbb,standard,3,,,0.03,mutual_information,delta,cert_fail_tau0.5,True,,,,0,,,0.0,50.0
bbb,standard,3,,,0.03,mutual_information,delta,cert_fail_tau0.9,True,,,,0,,,0.0,50.0
bbb,standard,3,,,0.03,mutual_information,delta,cert_fail_tau0.95,True,,,,0,,,0.0,50.0
bbb,standard,3,,,0.03,one_minus_confidence,clean,adv_error,False,1.0,1.0,0.02,50,,,,
bbb,standard,3,,,0.03,one_minus_confidence,clean,cert_fail_tau0.5,True,,,,0,,,0.0,50.0
bbb,standard,3,,,0.03,one_minus_confidence,clean,cert_fail_tau0.9,True,,,,0,,,0.0,50.0
bbb,standard,3,,,0.03,one_minus_confidence,clean,cert_fail_tau0.95,True,,,,0,,,0.0,50.0
bbb,standard,3,,,0.03,one_minus_confidence,adv,adv_error,False,1.0,1.0,0.02,50,,,,
bbb,standard,3,,,0.03,one_minus_confidence,adv,cert_fail_tau0.5,True,,,,0,,,0.0,50.0
bbb,standard,3,,,0.03,one_minus_confidence,adv,cert_fail_tau0.9,True,,,,0,,,0.0,50.0
bbb,standard,3,,,0.03,one_minus_confidence,adv,cert_fail_tau0.95,True,,,,0,,,0.0,50.0
bbb,standard,3,,,0.03,one_minus_confidence,delta,adv_error,False,1.0,1.0,0.02,50,,,,
bbb,standard,3,,,0.03,one_minus_confidence,delta,cert_fail_tau0.5,True,,,,0,,,0.0,50.0
bbb,standard,3,,,0.03,one_minus_confidence,delta,cert_fail_tau0.9,True,,,,0,,,0.0,50.0
bbb,standard,3,,,0.03,one_minus_confidence,delta,cert_fail_tau0.95,True,,,,0,,,0.0,50.0
bbb,standard,3,,,0.05,mutual_information,clean,adv_error,False,0.9644444444444444,0.8142857142857143,0.1,50,,0.8678701616049899,,
bbb,standard,3,,,0.05,mutual_information,clean,cert_fail_tau0.5,False,,1.0,1.0,25,,,25.0,25.0
bbb,standard,3,,,0.05,mutual_information,clean,cert_fail_tau0.9,False,,1.0,1.0,33,,,33.0,17.0
bbb,standard,3,,,0.05,mutual_information,clean,cert_fail_tau0.95,False,,1.0,1.0,34,,,34.0,16.0
bbb,standard,3,,,0.05,mutual_information,adv,adv_error,False,0.8888888888888888,0.5272347535505431,0.1,50,,0.9262770485969329,,
bbb,standard,3,,,0.05,mutual_information,adv,cert_fail_tau0.5,False,,1.0,1.0,25,,,25.0,25.0
bbb,standard,3,,,0.05,mutual_information,adv,cert_fail_tau0.9,False,,1.0,1.0,33,,,33.0,17.0
bbb,standard,3,,,0.05,mutual_information,adv,cert_fail_tau0.95,False,,1.0,1.0,34,,,34.0,16.0
bbb,standard,3,,,0.05,mutual_information,delta,adv_error,False,0.8133333333333334,0.26921888053466997,0.1,50,,0.9144600664857936,,
bbb,standard,3,,,0.05,mutual_information,delta,cert_fail_tau0.5,False,,1.0,1.0,25,,,25.0,25.0
bbb,standard,3,,,0.05,mutual_information,delta,cert_fail_tau0.9,False,,1.0,1.0,33,,,33.0,17.0
bbb,standard,3,,,0.05,mutual_information,delta,cert_fail_tau0.95,False,,1.0,1.0,34,,,34.0,16.0
bbb,standard,3,,,0.05,one_minus_confidence,clean,adv_error,False,0.9866666666666667,0.9028571428571428,0.1,50,,0.8774355064086525,,
bbb,standard,3,,,0.05,one_minus_confidence,clean,cert_fail_tau0.5,False,,1.0,1.0,25,,,25.0,25.0
bbb,standard,3,,,0.05,one_minus_confidence,clean,cert_fail_tau0.9,False,,1.0,1.0,33,,,33.0,17.0
bbb,standard,3,,,0.05,one_minus_confidence,clean,cert_fail_tau0.95,False,,1.0,1.0,34,,,34.0,16.0
bbb,standard,3,,,0.05,one_minus_confidence,adv,adv_error,False,0.8222222222222222,0.30831070889894424,0.1,50,,0.9348976339075181,,
bbb,standard,3,,,0.05,one_minus_confidence,adv,cert_fail_tau0.5,False,,1.0,1.0,25,,,25.0,25.0
bbb,standard,3,,,0.05,one_minus_confidence,adv,cert_fail_tau0.9,False,,1.0,1.0,33,,,33.0,17.0
bbb,standard,3,,,0.05,one_minus_confidence,adv,cert_fail_tau0.95,False,,1.0,1.0,34,,,34.0,16.0
bbb,standard,3,,,0.05,one_minus_confidence,delta,adv_error,False,0.7866666666666666,0.24164502164502163,0.1,50,,0.9288438520882869,,
bbb,standard,3,,,0.05,one_minus_confidence,delta,cert_fail_tau0.5,False,,1.0,1.0,25,,,25.0,25.0
bbb,standard,3,,,0.05,one_minus_confidence,delta,cert_fail_tau0.9,False,,1.0,1.0,33,,,33.0,17.0
bbb,standard,3,,,0.05,one_minus_confidence,delta,cert_fail_tau0.95,False,,1.0,1.0,34,,,34.0,16.0
bbb,standard,3,,,0.07,mutual_information,clean,adv_error,False,0.9439728353140917,0.921746265430476,0.38,50,,0.7991113760910549,,
bbb,standard,3,,,0.07,mutual_information,clean,cert_fail_tau0.5,False,,1.0,1.0,40,,,40.0,10.0
bbb,standard,3,,,0.07,mutual_information,clean,cert_fail_tau0.9,False,,1.0,1.0,45,,,45.0,5.0
bbb,standard,3,,,0.07,mutual_information,clean,cert_fail_tau0.95,False,,1.0,1.0,46,,,46.0,4.0
bbb,standard,3,,,0.07,mutual_information,adv,adv_error,False,0.7928692699490663,0.7309995452980627,0.38,50,,0.7942850383825786,,
bbb,standard,3,,,0.07,mutual_information,adv,cert_fail_tau0.5,False,,1.0,1.0,40,,,40.0,10.0
bbb,standard,3,,,0.07,mutual_information,adv,cert_fail_tau0.9,False,,1.0,1.0,45,,,45.0,5.0
bbb,standard,3,,,0.07,mutual_information,adv,cert_fail_tau0.95,False,,1.0,1.0,46,,,46.0,4.0
bbb,standard,3,,,0.07,mutual_information,delta,adv_error,False,0.733446519524618,0.6977185995825036,0.38,50,,0.7144606663951986,,
bbb,standard,3,,,0.07,mutual_information,delta,cert_fail_tau0.5,False,,1.0,1.0,40,,,40.0,10.0
bbb,standard,3,,,0.07,mutual_information,delta,cert_fail_tau0.9,False,,1.0,1.0,45,,,45.0,5.0
bbb,standard,3,,,0.07,mutual_information,delta,cert_fail_tau0.95,False,,1.0,1.0,46,,,46.0,4.0
bbb,standard,3,,,0.07,one_minus_confidence,clean,adv_error,False,0.9473684210526315,0.9292023186621524,0.38,50,,0.815369376191706,,
bbb,standard,3,,,0.07,one_minus_confidence,clean,cert_fail_tau0.5,False,,1.0,1.0,40,,,40.0,10.0
bbb,standard,3,,,0.07,one_minus_confidence,clean,cert_fail_tau0.9,False,,1.0,1.0,45,,,45.0,5.0
bbb,standard,3,,,0.07,one_minus_confidence,clean,cert_fail_tau0.95,False,,1.0,1.0,46,,,46.0,4.0
bbb,standard,3,,,0.07,one_minus_confidence,adv,adv_error,False,0.769100169779287,0.6185428840724783,0.38,50,,0.8364748219465609,,
bbb,standard,3,,,0.07,one_minus_confidence,adv,cert_fail_tau0.5,False,,1.0,1.0,40,,,40.0,10.0
bbb,standard,3,,,0.07,one_minus_confidence,adv,cert_fail_tau0.9,False,,1.0,1.0,45,,,45.0,5.0
bbb,standard,3,,,0.07,one_minus_confidence,adv,cert_fail_tau0.95,False,,1.0,1.0,46,,,46.0,4.0
bbb,standard,3,,,0.07,one_minus_confidence,delta,adv_error,False,0.7283531409168081,0.6027073629931031,0.38,50,,0.7715090626796578,,
bbb,standard,3,,,0.07,one_minus_confidence,delta,cert_fail_tau0.5,False,,1.0,1.0,40,,,40.0,10.0
bbb,standard,3,,,0.07,one_minus_confidence,delta,cert_fail_tau0.9,False,,1.0,1.0,45,,,45.0,5.0
bbb,standard,3,,,0.07,one_minus_confidence,delta,cert_fail_tau0.95,False,,1.0,1.0,46,,,46.0,4.0
bbb,standard,3,,,0.08,mutual_information,clean,adv_error,False,0.9504,0.9587421872637008,0.5,50,,0.6100579993460167,,
bbb,standard,3,,,0.08,mutual_information,clean,cert_fail_tau0.5,False,,1.0,1.0,46,,,46.0,4.0
bbb,standard,3,,,0.08,mutual_information,clean,cert_fail_tau0.9,False,,1.0,1.0,48,,,48.0,2.0
bbb,standard,3,,,0.08,mutual_information,clean,cert_fail_tau0.95,False,,1.0,1.0,48,,,48.0,2.0
bbb,standard,3,,,0.08,mutual_information,adv,adv_error,False,0.6368,0.6647401440543347,0.5,50,,0.576937185420914,,
bbb,standard,3,,,0.08,mutual_information,adv,cert_fail_tau0.5,False,,1.0,1.0,46,,,46.0,4.0
bbb,standard,3,,,0.08,mutual_information,adv,cert_fail_tau0.9,False,,1.0,1.0,48,,,48.0,2.0
bbb,standard,3,,,0.08,mutual_information,adv,cert_fail_tau0.95,False,,1.0,1.0,48,,,48.0,2.0
bbb,standard,3,,,0.08,mutual_information,delta,adv_error,False,0.6,0.6509841662831403,0.5,50,,0.5139329303603805,,
bbb,standard,3,,,0.08,mutual_information,delta,cert_fail_tau0.5,False,,1.0,1.0,46,,,46.0,4.0
bbb,standard,3,,,0.08,mutual_information,delta,cert_fail_tau0.9,False,,1.0,1.0,48,,,48.0,2.0
bbb,standard,3,,,0.08,mutual_information,delta,cert_fail_tau0.95,False,,1.0,1.0,48,,,48.0,2.0
bbb,standard,3,,,0.08,one_minus_confidence,clean,adv_error,False,0.952,0.9593490167937465,0.5,50,,0.6279613902105042,,
bbb,standard,3,,,0.08,one_minus_confidence,clean,cert_fail_tau0.5,False,,1.0,1.0,46,,,46.0,4.0
bbb,standard,3,,,0.08,one_minus_confidence,clean,cert_fail_tau0.9,False,,1.0,1.0,48,,,48.0,2.0
bbb,standard,3,,,0.08,one_minus_confidence,clean,cert_fail_tau0.95,False,,1.0,1.0,48,,,48.0,2.0
bbb,standard,3,,,0.08,one_minus_confidence,adv,adv_error,False,0.6816,0.6587634410728008,0.5,50,,0.6723151683781644,,
bbb,standard,3,,,0.08,one_minus_confidence,adv,cert_fail_tau0.5,False,,1.0,1.0,46,,,46.0,4.0
bbb,standard,3,,,0.08,one_minus_confidence,adv,cert_fail_tau0.9,False,,1.0,1.0,48,,,48.0,2.0
bbb,standard,3,,,0.08,one_minus_confidence,adv,cert_fail_tau0.95,False,,1.0,1.0,48,,,48.0,2.0
bbb,standard,3,,,0.08,one_minus_confidence,delta,adv_error,False,0.6528,0.649495411097373,0.5,50,,0.6184004599963244,,
bbb,standard,3,,,0.08,one_minus_confidence,delta,cert_fail_tau0.5,False,,1.0,1.0,46,,,46.0,4.0
bbb,standard,3,,,0.08,one_minus_confidence,delta,cert_fail_tau0.9,False,,1.0,1.0,48,,,48.0,2.0
bbb,standard,3,,,0.08,one_minus_confidence,delta,cert_fail_tau0.95,False,,1.0,1.0,48,,,48.0,2.0
bbb,standard,3,,,0.1,mutual_information,clean,adv_error,False,0.9134125636672326,0.9475182993829674,0.62,50,,0.47157558759269325,,
bbb,standard,3,,,0.1,mutual_information,clean,cert_fail_tau0.5,False,,1.0,1.0,48,,,48.0,2.0
bbb,standard,3,,,0.1,mutual_information,clean,cert_fail_tau0.9,False,,1.0,1.0,50,,,50.0,0.0
bbb,standard,3,,,0.1,mutual_information,clean,cert_fail_tau0.95,False,,1.0,1.0,50,,,50.0,0.0
bbb,standard,3,,,0.1,mutual_information,adv,adv_error,False,0.29541595925297115,0.49595994102213514,0.62,50,,0.3193949266249749,,
bbb,standard,3,,,0.1,mutual_information,adv,cert_fail_tau0.5,False,,1.0,1.0,48,,,48.0,2.0
bbb,standard,3,,,0.1,mutual_information,adv,cert_fail_tau0.9,False,,1.0,1.0,50,,,50.0,0.0
bbb,standard,3,,,0.1,mutual_information,adv,cert_fail_tau0.95,False,,1.0,1.0,50,,,50.0,0.0
bbb,standard,3,,,0.1,mutual_information,delta,adv_error,False,0.27504244482173174,0.4903125086542335,0.62,50,,0.27180388355870666,,
bbb,standard,3,,,0.1,mutual_information,delta,cert_fail_tau0.5,False,,1.0,1.0,48,,,48.0,2.0
bbb,standard,3,,,0.1,mutual_information,delta,cert_fail_tau0.9,False,,1.0,1.0,50,,,50.0,0.0
bbb,standard,3,,,0.1,mutual_information,delta,cert_fail_tau0.95,False,,1.0,1.0,50,,,50.0,0.0
bbb,standard,3,,,0.1,one_minus_confidence,clean,adv_error,False,0.9269949066213922,0.9552684989969737,0.62,50,,0.4802338500487318,,
bbb,standard,3,,,0.1,one_minus_confidence,clean,cert_fail_tau0.5,False,,1.0,1.0,48,,,48.0,2.0
bbb,standard,3,,,0.1,one_minus_confidence,clean,cert_fail_tau0.9,False,,1.0,1.0,50,,,50.0,0.0
bbb,standard,3,,,0.1,one_minus_confidence,clean,cert_fail_tau0.95,False,,1.0,1.0,50,,,50.0,0.0
bbb,standard,3,,,0.1,one_minus_confidence,adv,adv_error,False,0.3242784380305603,0.5060751192510728,0.62,50,,0.38192734367716463,,
bbb,standard,3,,,0.1,one_minus_confidence,adv,cert_fail_tau0.5,False,,1.0,1.0,48,,,48.0,2.0
bbb,standard,3,,,0.1,one_minus_confidence,adv,cert_fail_tau0.9,False,,1.0,1.0,50,,,50.0,0.0
bbb,standard,3,,,0.1,one_minus_confidence,adv,cert_fail_tau0.95,False,,1.0,1.0,50,,,50.0,0.0
bbb,standard,3,,,0.1,one_minus_confidence,delta,adv_error,False,0.3073005093378608,0.5015878371079809,0.62,50,,0.3389478357917363,,
bbb,standard,3,,,0.1,one_minus_confidence,delta,cert_fail_tau0.5,False,,1.0,1.0,48,,,48.0,2.0
bbb,standard,3,,,0.1,one_minus_confidence,delta,cert_fail_tau0.9,False,,1.0,1.0,50,,,50.0,0.0
bbb,standard,3,,,0.1,one_minus_confidence,delta,cert_fail_tau0.95,False,,1.0,1.0,50,,,50.0,0.0
bbb,standard,3,,,0.15,mutual_information,clean,adv_error,False,0.9402173913043478,0.9947797920345464,0.92,50,,,,
bbb,standard,3,,,0.15,mutual_information,clean,cert_fail_tau0.5,True,,,,0,,,0.0,50.0
bbb,standard,3,,,0.15,mutual_information,clean,cert_fail_tau0.9,True,,,,0,,,0.0,50.0
bbb,standard,3,,,0.15,mutual_information,clean,cert_fail_tau0.95,True,,,,0,,,0.0,50.0
bbb,standard,3,,,0.15,mutual_information,adv,adv_error,False,0.11956521739130435,0.8545126043713792,0.92,50,,,,
bbb,standard,3,,,0.15,mutual_information,adv,cert_fail_tau0.5,True,,,,0,,,0.0,50.0
bbb,standard,3,,,0.15,mutual_information,adv,cert_fail_tau0.9,True,,,,0,,,0.0,50.0
bbb,standard,3,,,0.15,mutual_information,adv,cert_fail_tau0.95,True,,,,0,,,0.0,50.0
bbb,standard,3,,,0.15,mutual_information,delta,adv_error,False,0.11956521739130435,0.8545126043713792,0.92,50,,,,
bbb,standard,3,,,0.15,mutual_information,delta,cert_fail_tau0.5,True,,,,0,,,0.0,50.0
bbb,standard,3,,,0.15,mutual_information,delta,cert_fail_tau0.9,True,,,,0,,,0.0,50.0
bbb,standard,3,,,0.15,mutual_information,delta,cert_fail_tau0.95,True,,,,0,,,0.0,50.0
bbb,standard,3,,,0.15,one_minus_confidence,clean,adv_error,False,0.9456521739130435,0.9940142105162204,0.92,50,,,,
bbb,standard,3,,,0.15,one_minus_confidence,clean,cert_fail_tau0.5,True,,,,0,,,0.0,50.0
bbb,standard,3,,,0.15,one_minus_confidence,clean,cert_fail_tau0.9,True,,,,0,,,0.0,50.0
bbb,standard,3,,,0.15,one_minus_confidence,clean,cert_fail_tau0.95,True,,,,0,,,0.0,50.0
bbb,standard,3,,,0.15,one_minus_confidence,adv,adv_error,False,0.10326086956521739,0.8387540875259059,0.92,50,,,,
bbb,standard,3,,,0.15,one_minus_confidence,adv,cert_fail_tau0.5,True,,,,0,,,0.0,50.0
bbb,standard,3,,,0.15,one_minus_confidence,adv,cert_fail_tau0.9,True,,,,0,,,0.0,50.0
bbb,standard,3,,,0.15,one_minus_confidence,adv,cert_fail_tau0.95,True,,,,0,,,0.0,50.0
bbb,standard,3,,,0.15,one_minus_confidence,delta,adv_error,False,0.10326086956521739,0.8387540875259059,0.92,50,,,,
bbb,standard,3,,,0.15,one_minus_confidence,delta,cert_fail_tau0.5,True,,,,0,,,0.0,50.0
bbb,standard,3,,,0.15,one_minus_confidence,delta,cert_fail_tau0.9,True,,,,0,,,0.0,50.0
bbb,standard,3,,,0.15,one_minus_confidence,delta,cert_fail_tau0.95,True,,,,0,,,0.0,50.0
bbb,standard,4,,,0.01,mutual_information,clean,adv_error,False,,,0.0,50,0.720328118238882,0.39392425869862396,,
bbb,standard,4,,,0.01,mutual_information,clean,cert_fail_tau0.5,False,1.0,1.0,0.02040816326530612,49,,,49.0,1.0
bbb,standard,4,,,0.01,mutual_information,clean,cert_fail_tau0.9,False,1.0,1.0,0.02631578947368421,38,,,38.0,12.0
bbb,standard,4,,,0.01,mutual_information,clean,cert_fail_tau0.95,True,,,1.0,1,,,1.0,49.0
bbb,standard,4,,,0.01,mutual_information,adv,adv_error,False,,,0.0,50,0.7220679011506577,0.39392425869862396,,
bbb,standard,4,,,0.01,mutual_information,adv,cert_fail_tau0.5,False,1.0,1.0,0.02040816326530612,49,,,49.0,1.0
bbb,standard,4,,,0.01,mutual_information,adv,cert_fail_tau0.9,False,1.0,1.0,0.02631578947368421,38,,,38.0,12.0
bbb,standard,4,,,0.01,mutual_information,adv,cert_fail_tau0.95,True,,,1.0,1,,,1.0,49.0
bbb,standard,4,,,0.01,mutual_information,delta,adv_error,False,,,0.0,50,0.7178924221623959,0.39392425869862396,,
bbb,standard,4,,,0.01,mutual_information,delta,cert_fail_tau0.5,False,1.0,1.0,0.02040816326530612,49,,,49.0,1.0
bbb,standard,4,,,0.01,mutual_information,delta,cert_fail_tau0.9,False,1.0,1.0,0.02631578947368421,38,,,38.0,12.0
bbb,standard,4,,,0.01,mutual_information,delta,cert_fail_tau0.95,True,,,1.0,1,,,1.0,49.0
bbb,standard,4,,,0.01,one_minus_confidence,clean,adv_error,False,,,0.0,50,0.75591095352575,0.3999584279463032,,
bbb,standard,4,,,0.01,one_minus_confidence,clean,cert_fail_tau0.5,False,1.0,1.0,0.02040816326530612,49,,,49.0,1.0
bbb,standard,4,,,0.01,one_minus_confidence,clean,cert_fail_tau0.9,False,1.0,1.0,0.02631578947368421,38,,,38.0,12.0
bbb,standard,4,,,0.01,one_minus_confidence,clean,cert_fail_tau0.95,True,,,1.0,1,,,1.0,49.0
bbb,standard,4,,,0.01,one_minus_confidence,adv,adv_error,False,,,0.0,50,0.7549280573370796,0.3885770563308859,,
bbb,standard,4,,,0.01,one_minus_confidence,adv,cert_fail_tau0.5,False,1.0,1.0,0.02040816326530612,49,,,49.0,1.0
bbb,standard,4,,,0.01,one_minus_confidence,adv,cert_fail_tau0.9,False,1.0,1.0,0.02631578947368421,38,,,38.0,12.0
bbb,standard,4,,,0.01,one_minus_confidence,adv,cert_fail_tau0.95,True,,,1.0,1,,,1.0,49.0
bbb,standard,4,,,0.01,one_minus_confidence,delta,adv_error,False,,,0.0,50,0.7549099307254594,0.3885677261896677,,
bbb,standard,4,,,0.01,one_minus_confidence,delta,cert_fail_tau0.5,False,1.0,1.0,0.02040816326530612,49,,,49.0,1.0
bbb,standard,4,,,0.01,one_minus_confidence,delta,cert_fail_tau0.9,False,1.0,1.0,0.02631578947368421,38,,,38.0,12.0
bbb,standard,4,,,0.01,one_minus_confidence,delta,cert_fail_tau0.95,True,,,1.0,1,,,1.0,49.0
bbb,standard,4,,,0.03,mutual_information,clean,adv_error,False,1.0,1.0,0.02,50,,,,
bbb,standard,4,,,0.03,mutual_information,clean,cert_fail_tau0.5,True,,,,0,,,0.0,50.0
bbb,standard,4,,,0.03,mutual_information,clean,cert_fail_tau0.9,True,,,,0,,,0.0,50.0
bbb,standard,4,,,0.03,mutual_information,clean,cert_fail_tau0.95,True,,,,0,,,0.0,50.0
bbb,standard,4,,,0.03,mutual_information,adv,adv_error,False,1.0,1.0,0.02,50,,,,
bbb,standard,4,,,0.03,mutual_information,adv,cert_fail_tau0.5,True,,,,0,,,0.0,50.0
bbb,standard,4,,,0.03,mutual_information,adv,cert_fail_tau0.9,True,,,,0,,,0.0,50.0
bbb,standard,4,,,0.03,mutual_information,adv,cert_fail_tau0.95,True,,,,0,,,0.0,50.0
bbb,standard,4,,,0.03,mutual_information,delta,adv_error,False,0.8367346938775511,0.1111111111111111,0.02,50,,,,
bbb,standard,4,,,0.03,mutual_information,delta,cert_fail_tau0.5,True,,,,0,,,0.0,50.0
bbb,standard,4,,,0.03,mutual_information,delta,cert_fail_tau0.9,True,,,,0,,,0.0,50.0
bbb,standard,4,,,0.03,mutual_information,delta,cert_fail_tau0.95,True,,,,0,,,0.0,50.0
bbb,standard,4,,,0.03,one_minus_confidence,clean,adv_error,False,1.0,1.0,0.02,50,,,,
bbb,standard,4,,,0.03,one_minus_confidence,clean,cert_fail_tau0.5,True,,,,0,,,0.0,50.0
bbb,standard,4,,,0.03,one_minus_confidence,clean,cert_fail_tau0.9,True,,,,0,,,0.0,50.0
bbb,standard,4,,,0.03,one_minus_confidence,clean,cert_fail_tau0.95,True,,,,0,,,0.0,50.0
bbb,standard,4,,,0.03,one_minus_confidence,adv,adv_error,False,1.0,1.0,0.02,50,,,,
bbb,standard,4,,,0.03,one_minus_confidence,adv,cert_fail_tau0.5,True,,,,0,,,0.0,50.0
bbb,standard,4,,,0.03,one_minus_confidence,adv,cert_fail_tau0.9,True,,,,0,,,0.0,50.0
bbb,standard,4,,,0.03,one_minus_confidence,adv,cert_fail_tau0.95,True,,,,0,,,0.0,50.0
bbb,standard,4,,,0.03,one_minus_confidence,delta,adv_error,False,0.9387755102040817,0.25,0.02,50,,,,
bbb,standard,4,,,0.03,one_minus_confidence,delta,cert_fail_tau0.5,True,,,,0,,,0.0,50.0
bbb,standard,4,,,0.03,one_minus_confidence,delta,cert_fail_tau0.9,True,,,,0,,,0.0,50.0
bbb,standard,4,,,0.03,one_minus_confidence,delta,cert_fail_tau0.95,True,,,,0,,,0.0,50.0
bbb,standard,4,,,0.05,mutual_information,clean,adv_error,False,0.9347826086956522,0.6435897435897435,0.08,50,,0.8627017428338815,,
bbb,standard,4,,,0.05,mutual_information,clean,cert_fail_tau0.5,False,,1.0,1.0,29,,,29.0,21.0
bbb,standard,4,,,0.05,mutual_information,clean,cert_fail_tau0.9,False,,1.0,1.0,34,,,34.0,16.0
bbb,standard,4,,,0.05,mutual_information,clean,cert_fail_tau0.95,False,,1.0,1.0,35,,,35.0,15.0
bbb,standard,4,,,0.05,mutual_information,adv,adv_error,False,0.8641304347826086,0.48166666666666663,0.08,50,,0.8987708688056943,,
bbb,standard,4,,,0.05,mutual_information,adv,cert_fail_tau0.5,False,,1.0,1.0,29,,,29.0,21.0
bbb,standard,4,,,0.05,mutual_information,adv,cert_fail_tau0.9,False,,1.0,1.0,34,,,34.0,16.0
bbb,standard,4,,,0.05,mutual_information,adv,cert_fail_tau0.95,False,,1.0,1.0,35,,,35.0,15.0
bbb,standard,4,,,0.05,mutual_information,delta,adv_error,False,0.6195652173913043,0.30125,0.08,50,,0.8071921336433902,,
bbb,standard,4,,,0.05,mutual_information,delta,cert_fail_tau0.5,False,,1.0,1.0,29,,,29.0,21.0
bbb,standard,4,,,0.05,mutual_information,delta,cert_fail_tau0.9,False,,1.0,1.0,34,,,34.0,16.0
bbb,standard,4,,,0.05,mutual_information,delta,cert_fail_tau0.95,False,,1.0,1.0,35,,,35.0,15.0
bbb,standard,4,,,0.05,one_minus_confidence,clean,adv_error,False,0.967391304347826,0.7291666666666666,0.08,50,,0.9029834700468111,,
bbb,standard,4,,,0.05,one_minus_confidence,clean,cert_fail_tau0.5,False,,1.0,1.0,29,,,29.0,21.0
bbb,standard,4,,,0.05,one_minus_confidence,clean,cert_fail_tau0.9,False,,1.0,1.0,34,,,34.0,16.0
bbb,standard,4,,,0.05,one_minus_confidence,clean,cert_fail_tau0.95,False,,1.0,1.0,35,,,35.0,15.0
bbb,standard,4,,,0.05,one_minus_confidence,adv,adv_error,False,0.8369565217391305,0.331203007518797,0.08,50,,0.9333371145286815,,
bbb,standard,4,,,0.05,one_minus_confidence,adv,cert_fail_tau0.5,False,,1.0,1.0,29,,,29.0,21.0
bbb,standard,4,,,0.05,one_minus_confidence,adv,cert_fail_tau0.9,False,,1.0,1.0,34,,,34.0,16.0
bbb,standard,4,,,0.05,one_minus_confidence,adv,cert_fail_tau0.95,False,,1.0,1.0,35,,,35.0,15.0
bbb,standard,4,,,0.05,one_minus_confidence,delta,adv_error,False,0.6413043478260869,0.2844736842105263,0.08,50,,0.8464124601369338,,
bbb,standard,4,,,0.05,one_minus_confidence,delta,cert_fail_tau0.5,False,,1.0,1.0,29,,,29.0,21.0
bbb,standard,4,,,0.05,one_minus_confidence,delta,cert_fail_tau0.9,False,,1.0,1.0,34,,,34.0,16.0
bbb,standard,4,,,0.05,one_minus_confidence,delta,cert_fail_tau0.95,False,,1.0,1.0,35,,,35.0,15.0
bbb,standard,4,,,0.07,mutual_information,clean,adv_error,False,0.9549114331723028,0.9559075231471013,0.46,50,,0.6974329131315863,,
bbb,standard,4,,,0.07,mutual_information,clean,cert_fail_tau0.5,False,,1.0,1.0,43,,,43.0,7.0
bbb,standard,4,,,0.07,mutual_information,clean,cert_fail_tau0.9,False,,1.0,1.0,46,,,46.0,4.0
bbb,standard,4,,,0.07,mutual_information,clean,cert_fail_tau0.95,False,,1.0,1.0,48,,,48.0,2.0
bbb,standard,4,,,0.07,mutual_information,adv,adv_error,False,0.785829307568438,0.7382056540674415,0.46,50,,0.6827912144654228,,
bbb,standard,4,,,0.07,mutual_information,adv,cert_fail_tau0.5,False,,1.0,1.0,43,,,43.0,7.0
bbb,standard,4,,,0.07,mutual_information,adv,cert_fail_tau0.9,False,,1.0,1.0,46,,,46.0,4.0
bbb,standard,4,,,0.07,mutual_information,adv,cert_fail_tau0.95,False,,1.0,1.0,48,,,48.0,2.0
bbb,standard,4,,,0.07,mutual_information,delta,adv_error,False,0.7455716586151369,0.7112524174555059,0.46,50,,0.6329009819733102,,
bbb,standard,4,,,0.07,mutual_information,delta,cert_fail_tau0.5,False,,1.0,1.0,43,,,43.0,7.0
bbb,standard,4,,,0.07,mutual_information,delta,cert_fail_tau0.9,False,,1.0,1.0,46,,,46.0,4.0
bbb,standard,4,,,0.07,mutual_information,delta,cert_fail_tau0.95,False,,1.0,1.0,48,,,48.0,2.0
bbb,standard,4,,,0.07,one_minus_confidence,clean,adv_error,False,0.9742351046698873,0.9719889649846868,0.46,50,,0.7460183002575506,,
bbb,standard,4,,,0.07,one_minus_confidence,clean,cert_fail_tau0.5,False,,1.0,1.0,43,,,43.0,7.0
bbb,standard,4,,,0.07,one_minus_confidence,clean,cert_fail_tau0.9,False,,1.0,1.0,46,,,46.0,4.0
bbb,standard,4,,,0.07,one_minus_confidence,clean,cert_fail_tau0.95,False,,1.0,1.0,48,,,48.0,2.0
bbb,standard,4,,,0.07,one_minus_confidence,adv,adv_error,False,0.8389694041867954,0.8271197327394236,0.46,50,,0.7971049210886546,,
bbb,standard,4,,,0.07,one_minus_confidence,adv,cert_fail_tau0.5,False,,1.0,1.0,43,,,43.0,7.0
bbb,standard,4,,,0.07,one_minus_confidence,adv,cert_fail_tau0.9,False,,1.0,1.0,46,,,46.0,4.0
bbb,standard,4,,,0.07,one_minus_confidence,adv,cert_fail_tau0.95,False,,1.0,1.0,48,,,48.0,2.0
bbb,standard,4,,,0.07,one_minus_confidence,delta,adv_error,False,0.8035426731078905,0.811070804467533,0.46,50,,0.7427679504831147,,
bbb,standard,4,,,0.07,one_minus_confidence,delta,cert_fail_tau0.5,False,,1.0,1.0,43,,,43.0,7.0
bbb,standard,4,,,0.07,one_minus_confidence,delta,cert_fail_tau0.9,False,,1.0,1.0,46,,,46.0,4.0
bbb,standard,4,,,0.07,one_minus_confidence,delta,cert_fail_tau0.95,False,,1.0,1.0,48,,,48.0,2.0
bbb,standard,4,,,0.08,mutual_information,clean,adv_error,False,0.9504,0.95641647597254,0.5,50,,0.599639871149283,,
bbb,standard,4,,,0.08,mutual_information,clean,cert_fail_tau0.5,False,,1.0,1.0,47,,,47.0,3.0
bbb,standard,4,,,0.08,mutual_information,clean,cert_fail_tau0.9,False,,1.0,1.0,50,,,50.0,0.0
bbb,standard,4,,,0.08,mutual_information,clean,cert_fail_tau0.95,False,,1.0,1.0,50,,,50.0,0.0
bbb,standard,4,,,0.08,mutual_information,adv,adv_error,False,0.5584,0.5234784679179305,0.5,50,,0.517072396909356,,
bbb,standard,4,,,0.08,mutual_information,adv,cert_fail_tau0.5,False,,1.0,1.0,47,,,47.0,3.0
bbb,standard,4,,,0.08,mutual_information,adv,cert_fail_tau0.9,False,,1.0,1.0,50,,,50.0,0.0
bbb,standard,4,,,0.08,mutual_information,adv,cert_fail_tau0.95,False,,1.0,1.0,50,,,50.0,0.0
bbb,standard,4,,,0.08,mutual_information,delta,adv_error,False,0.5232,0.5074643356211315,0.5,50,,0.4743783457884,,
bbb,standard,4,,,0.08,mutual_information,delta,cert_fail_tau0.5,False,,1.0,1.0,47,,,47.0,3.0
bbb,standard,4,,,0.08,mutual_information,delta,cert_fail_tau0.9,False,,1.0,1.0,50,,,50.0,0.0
bbb,standard,4,,,0.08,mutual_information,delta,cert_fail_tau0.95,False,,1.0,1.0,50,,,50.0,0.0
bbb,standard,4,,,0.08,one_minus_confidence,clean,adv_error,False,0.9696,0.9710505155602964,0.5,50,,0.6474362791160428,,
bbb,standard,4,,,0.08,one_minus_confidence,clean,cert_fail_tau0.5,False,,1.0,1.0,47,,,47.0,3.0
bbb,standard,4,,,0.08,one_minus_confidence,clean,cert_fail_tau0.9,False,,1.0,1.0,50,,,50.0,0.0
bbb,standard,4,,,0.08,one_minus_confidence,clean,cert_fail_tau0.95,False,,1.0,1.0,50,,,50.0,0.0
bbb,standard,4,,,0.08,one_minus_confidence,adv,adv_error,False,0.5776,0.5251231264258001,0.5,50,,0.5905369353246946,,
bbb,standard,4,,,0.08,one_minus_confidence,adv,cert_fail_tau0.5,False,,1.0,1.0,47,,,47.0,3.0
bbb,standard,4,,,0.08,one_minus_confidence,adv,cert_fail_tau0.9,False,,1.0,1.0,50,,,50.0,0.0
bbb,standard,4,,,0.08,one_minus_confidence,adv,cert_fail_tau0.95,False,,1.0,1.0,50,,,50.0,0.0
bbb,standard,4,,,0.08,one_minus_confidence,delta,adv_error,False,0.5504,0.5150051003345147,0.5,50,,0.5491249878410047,,
bbb,standard,4,,,0.08,one_minus_confidence,delta,cert_fail_tau0.5,False,,1.0,1.0,47,,,47.0,3.0
bbb,standard,4,,,0.08,one_minus_confidence,delta,cert_fail_tau0.9,False,,1.0,1.0,50,,,50.0,0.0
bbb,standard,4,,,0.08,one_minus_confidence,delta,cert_fail_tau0.95,False,,1.0,1.0,50,,,50.0,0.0
bbb,standard,4,,,0.1,mutual_information,clean,adv_error,False,0.96,0.9829769156275967,0.7,50,,0.27190922328294126,,
bbb,standard,4,,,0.1,mutual_information,clean,cert_fail_tau0.5,False,,1.0,1.0,50,,,50.0,0.0
bbb,standard,4,,,0.1,mutual_information,clean,cert_fail_tau0.9,False,,1.0,1.0,50,,,50.0,0.0
bbb,standard,4,,,0.1,mutual_information,clean,cert_fail_tau0.95,False,,1.0,1.0,50,,,50.0,0.0
bbb,standard,4,,,0.1,mutual_information,adv,adv_error,False,0.24,0.5835600242319943,0.7,50,,0.008515389660941532,,
bbb,standard,4,,,0.1,mutual_information,adv,cert_fail_tau0.5,False,,1.0,1.0,50,,,50.0,0.0
bbb,standard,4,,,0.1,mutual_information,adv,cert_fail_tau0.9,False,,1.0,1.0,50,,,50.0,0.0
bbb,standard,4,,,0.1,mutual_information,adv,cert_fail_tau0.95,False,,1.0,1.0,50,,,50.0,0.0
bbb,standard,4,,,0.1,mutual_information,delta,adv_error,False,0.22666666666666666,0.5795070245872096,0.7,50,,-0.002916229335938881,,
bbb,standard,4,,,0.1,mutual_information,delta,cert_fail_tau0.5,False,,1.0,1.0,50,,,50.0,0.0
bbb,standard,4,,,0.1,mutual_information,delta,cert_fail_tau0.9,False,,1.0,1.0,50,,,50.0,0.0
bbb,standard,4,,,0.1,mutual_information,delta,cert_fail_tau0.95,False,,1.0,1.0,50,,,50.0,0.0
bbb,standard,4,,,0.1,one_minus_confidence,clean,adv_error,False,0.9657142857142857,0.9842703296947298,0.7,50,,0.30472467329086594,,
bbb,standard,4,,,0.1,one_minus_confidence,clean,cert_fail_tau0.5,False,,1.0,1.0,50,,,50.0,0.0
bbb,standard,4,,,0.1,one_minus_confidence,clean,cert_fail_tau0.9,False,,1.0,1.0,50,,,50.0,0.0
bbb,standard,4,,,0.1,one_minus_confidence,clean,cert_fail_tau0.95,False,,1.0,1.0,50,,,50.0,0.0
bbb,standard,4,,,0.1,one_minus_confidence,adv,adv_error,False,0.2838095238095238,0.6058314314889313,0.7,50,,0.08060457884535066,,
bbb,standard,4,,,0.1,one_minus_confidence,adv,cert_fail_tau0.5,False,,1.0,1.0,50,,,50.0,0.0
bbb,standard,4,,,0.1,one_minus_confidence,adv,cert_fail_tau0.9,False,,1.0,1.0,50,,,50.0,0.0
bbb,standard,4,,,0.1,one_minus_confidence,adv,cert_fail_tau0.95,False,,1.0,1.0,50,,,50.0,0.0
bbb,standard,4,,,0.1,one_minus_confidence,delta,adv_error,False,0.2723809523809524,0.6023211265376451,0.7,50,,0.06310720282971738,,
bbb,standard,4,,,0.1,one_minus_confidence,delta,cert_fail_tau0.5,False,,1.0,1.0,50,,,50.0,0.0
bbb,standard,4,,,0.1,one_minus_confidence,delta,cert_fail_tau0.9,False,,1.0,1.0,50,,,50.0,0.0
bbb,standard,4,,,0.1,one_minus_confidence,delta,cert_fail_tau0.95,False,,1.0,1.0,50,,,50.0,0.0
bbb,standard,4,,,0.15,mutual_information,clean,adv_error,False,0.8645833333333334,0.9942455270009555,0.96,50,,,,
bbb,standard,4,,,0.15,mutual_information,clean,cert_fail_tau0.5,True,,,,0,,,0.0,50.0
bbb,standard,4,,,0.15,mutual_information,clean,cert_fail_tau0.9,True,,,,0,,,0.0,50.0
bbb,standard,4,,,0.15,mutual_information,clean,cert_fail_tau0.95,True,,,,0,,,0.0,50.0
bbb,standard,4,,,0.15,mutual_information,adv,adv_error,False,0.020833333333333332,0.8889219997918295,0.96,50,,,,
bbb,standard,4,,,0.15,mutual_information,adv,cert_fail_tau0.5,True,,,,0,,,0.0,50.0
bbb,standard,4,,,0.15,mutual_information,adv,cert_fail_tau0.9,True,,,,0,,,0.0,50.0
bbb,standard,4,,,0.15,mutual_information,adv,cert_fail_tau0.95,True,,,,0,,,0.0,50.0
bbb,standard,4,,,0.15,mutual_information,delta,adv_error,False,0.020833333333333332,0.8889219997918295,0.96,50,,,,
bbb,standard,4,,,0.15,mutual_information,delta,cert_fail_tau0.5,True,,,,0,,,0.0,50.0
bbb,standard,4,,,0.15,mutual_information,delta,cert_fail_tau0.9,True,,,,0,,,0.0,50.0
bbb,standard,4,,,0.15,mutual_information,delta,cert_fail_tau0.95,True,,,,0,,,0.0,50.0
bbb,standard,4,,,0.15,one_minus_confidence,clean,adv_error,False,0.8697916666666666,0.9944229112833765,0.96,50,,,,
bbb,standard,4,,,0.15,one_minus_confidence,clean,cert_fail_tau0.5,True,,,,0,,,0.0,50.0
bbb,standard,4,,,0.15,one_minus_confidence,clean,cert_fail_tau0.9,True,,,,0,,,0.0,50.0
bbb,standard,4,,,0.15,one_minus_confidence,clean,cert_fail_tau0.95,True,,,,0,,,0.0,50.0
bbb,standard,4,,,0.15,one_minus_confidence,adv,adv_error,False,0.0,0.8750331109029404,0.96,50,,,,
bbb,standard,4,,,0.15,one_minus_confidence,adv,cert_fail_tau0.5,True,,,,0,,,0.0,50.0
bbb,standard,4,,,0.15,one_minus_confidence,adv,cert_fail_tau0.9,True,,,,0,,,0.0,50.0
bbb,standard,4,,,0.15,one_minus_confidence,adv,cert_fail_tau0.95,True,,,,0,,,0.0,50.0
bbb,standard,4,,,0.15,one_minus_confidence,delta,adv_error,False,0.0,0.8750331109029404,0.96,50,,,,
bbb,standard,4,,,0.15,one_minus_confidence,delta,cert_fail_tau0.5,True,,,,0,,,0.0,50.0
bbb,standard,4,,,0.15,one_minus_confidence,delta,cert_fail_tau0.9,True,,,,0,,,0.0,50.0
bbb,standard,4,,,0.15,one_minus_confidence,delta,cert_fail_tau0.95,True,,,,0,,,0.0,50.0
deterministic,robust,0,0.08,0.25,0.01,mutual_information,clean,adv_error,False,,,0.0,50,,,,
deterministic,robust,0,0.08,0.25,0.01,mutual_information,clean,cert_fail_tau0.5,False,,,0.0,50,,,50.0,0.0
deterministic,robust,0,0.08,0.25,0.01,mutual_information,clean,cert_fail_tau0.9,False,,,0.0,50,,,50.0,0.0
deterministic,robust,0,0.08,0.25,0.01,mutual_information,clean,cert_fail_tau0.95,True,,,,0,,,0.0,50.0
deterministic,robust,0,0.08,0.25,0.01,mutual_information,adv,adv_error,False,,,0.0,50,,,,
deterministic,robust,0,0.08,0.25,0.01,mutual_information,adv,cert_fail_tau0.5,False,,,0.0,50,,,50.0,0.0
deterministic,robust,0,0.08,0.25,0.01,mutual_information,adv,cert_fail_tau0.9,False,,,0.0,50,,,50.0,0.0
deterministic,robust,0,0.08,0.25,0.01,mutual_information,adv,cert_fail_tau0.95,True,,,,0,,,0.0,50.0
deterministic,robust,0,0.08,0.25,0.01,mutual_information,delta,adv_error,False,,,0.0,50,,,,
deterministic,robust,0,0.08,0.25,0.01,mutual_information,delta,cert_fail_tau0.5,False,,,0.0,50,,,50.0,0.0
deterministic,robust,0,0.08,0.25,0.01,mutual_information,delta,cert_fail_tau0.9,False,,,0.0,50,,,50.0,0.0
deterministic,robust,0,0.08,0.25,0.01,mutual_information,delta,cert_fail_tau0.95,True,,,,0,,,0.0,50.0
deterministic,robust,0,0.08,0.25,0.01,one_minus_confidence,clean,adv_error,False,,,0.0,50,,,,
deterministic,robust,0,0.08,0.25,0.01,one_minus_confidence,clean,cert_fail_tau0.5,False,,,0.0,50,,,50.0,0.0
deterministic,robust,0,0.08,0.25,0.01,one_minus_confidence,clean,cert_fail_tau0.9,False,,,0.0,50,,,50.0,0.0
deterministic,robust,0,0.08,0.25,0.01,one_minus_confidence,clean,cert_fail_tau0.95,True,,,,0,,,0.0,50.0
deterministic,robust,0,0.08,0.25,0.01,one_minus_confidence,adv,adv_error,False,,,0.0,50,,,,
deterministic,robust,0,0.08,0.25,0.01,one_minus_confidence,adv,cert_fail_tau0.5,False,,,0.0,50,,,50.0,0.0
deterministic,robust,0,0.08,0.25,0.01,one_minus_confidence,adv,cert_fail_tau0.9,False,,,0.0,50,,,50.0,0.0
deterministic,robust,0,0.08,0.25,0.01,one_minus_confidence,adv,cert_fail_tau0.95,True,,,,0,,,0.0,50.0
deterministic,robust,0,0.08,0.25,0.01,one_minus_confidence,delta,adv_error,False,,,0.0,50,,,,
deterministic,robust,0,0.08,0.25,0.01,one_minus_confidence,delta,cert_fail_tau0.5,False,,,0.0,50,,,50.0,0.0
deterministic,robust,0,0.08,0.25,0.01,one_minus_confidence,delta,cert_fail_tau0.9,False,,,0.0,50,,,50.0,0.0
deterministic,robust,0,0.08,0.25,0.01,one_minus_confidence,delta,cert_fail_tau0.95,True,,,,0,,,0.0,50.0
deterministic,robust,0,0.08,0.25,0.03,mutual_information,clean,adv_error,False,,,0.0,50,,,,
deterministic,robust,0,0.08,0.25,0.03,mutual_information,clean,cert_fail_tau0.5,True,,,,0,,,0.0,50.0
deterministic,robust,0,0.08,0.25,0.03,mutual_information,clean,cert_fail_tau0.9,True,,,,0,,,0.0,50.0
deterministic,robust,0,0.08,0.25,0.03,mutual_information,clean,cert_fail_tau0.95,True,,,,0,,,0.0,50.0
deterministic,robust,0,0.08,0.25,0.03,mutual_information,adv,adv_error,False,,,0.0,50,,,,
deterministic,robust,0,0.08,0.25,0.03,mutual_information,adv,cert_fail_tau0.5,True,,,,0,,,0.0,50.0
deterministic,robust,0,0.08,0.25,0.03,mutual_information,adv,cert_fail_tau0.9,True,,,,0,,,0.0,50.0
deterministic,robust,0,0.08,0.25,0.03,mutual_information,adv,cert_fail_tau0.95,True,,,,0,,,0.0,50.0
deterministic,robust,0,0.08,0.25,0.03,mutual_information,delta,adv_error,False,,,0.0,50,,,,
deterministic,robust,0,0.08,0.25,0.03,mutual_information,delta,cert_fail_tau0.5,True,,,,0,,,0.0,50.0
deterministic,robust,0,0.08,0.25,0.03,mutual_information,delta,cert_fail_tau0.9,True,,,,0,,,0.0,50.0
deterministic,robust,0,0.08,0.25,0.03,mutual_information,delta,cert_fail_tau0.95,True,,,,0,,,0.0,50.0
deterministic,robust,0,0.08,0.25,0.03,one_minus_confidence,clean,adv_error,False,,,0.0,50,,,,
deterministic,robust,0,0.08,0.25,0.03,one_minus_confidence,clean,cert_fail_tau0.5,True,,,,0,,,0.0,50.0
deterministic,robust,0,0.08,0.25,0.03,one_minus_confidence,clean,cert_fail_tau0.9,True,,,,0,,,0.0,50.0
deterministic,robust,0,0.08,0.25,0.03,one_minus_confidence,clean,cert_fail_tau0.95,True,,,,0,,,0.0,50.0
deterministic,robust,0,0.08,0.25,0.03,one_minus_confidence,adv,adv_error,False,,,0.0,50,,,,
deterministic,robust,0,0.08,0.25,0.03,one_minus_confidence,adv,cert_fail_tau0.5,True,,,,0,,,0.0,50.0
deterministic,robust,0,0.08,0.25,0.03,one_minus_confidence,adv,cert_fail_tau0.9,True,,,,0,,,0.0,50.0
deterministic,robust,0,0.08,0.25,0.03,one_minus_confidence,adv,cert_fail_tau0.95,True,,,,0,,,0.0,50.0
deterministic,robust,0,0.08,0.25,0.03,one_minus_confidence,delta,adv_error,False,,,0.0,50,,,,
deterministic,robust,0,0.08,0.25,0.03,one_minus_confidence,delta,cert_fail_tau0.5,True,,,,0,,,0.0,50.0
deterministic,robust,0,0.08,0.25,0.03,one_minus_confidence,delta,cert_fail_tau0.9,True,,,,0,,,0.0,50.0
deterministic,robust,0,0.08,0.25,0.03,one_minus_confidence,delta,cert_fail_tau0.95,True,,,,0,,,0.0,50.0
deterministic,robust,0,0.08,0.25,0.05,mutual_information,clean,adv_error,False,,,0.0,50,,,,
deterministic,robust,0,0.08,0.25,0.05,mutual_information,clean,cert_fail_tau0.5,False,,,0.0,50,,,50.0,0.0
deterministic,robust,0,0.08,0.25,0.05,mutual_information,clean,cert_fail_tau0.9,False,,,0.0,50,,,50.0,0.0
deterministic,robust,0,0.08,0.25,0.05,mutual_information,clean,cert_fail_tau0.95,True,,,,0,,,0.0,50.0
deterministic,robust,0,0.08,0.25,0.05,mutual_information,adv,adv_error,False,,,0.0,50,,,,
deterministic,robust,0,0.08,0.25,0.05,mutual_information,adv,cert_fail_tau0.5,False,,,0.0,50,,,50.0,0.0
deterministic,robust,0,0.08,0.25,0.05,mutual_information,adv,cert_fail_tau0.9,False,,,0.0,50,,,50.0,0.0
deterministic,robust,0,0.08,0.25,0.05,mutual_information,adv,cert_fail_tau0.95,True,,,,0,,,0.0,50.0
deterministic,robust,0,0.08,0.25,0.05,mutual_information,delta,adv_error,False,,,0.0,50,,,,
deterministic,robust,0,0.08,0.25,0.05,mutual_information,delta,cert_fail_tau0.5,False,,,0.0,50,,,50.0,0.0
deterministic,robust,0,0.08,0.25,0.05,mutual_information,delta,cert_fail_tau0.9,False,,,0.0,50,,,50.0,0.0
deterministic,robust,0,0.08,0.25,0.05,mutual_information,delta,cert_fail_tau0.95,True,,,,0,,,0.0,50.0
deterministic,robust,0,0.08,0.25,0.05,one_minus_confidence,clean,adv_error,False,,,0.0,50,,,,
deterministic,robust,0,0.08,0.25,0.05,one_minus_confidence,clean,cert_fail_tau0.5,False,,,0.0,50,,,50.0,0.0
deterministic,robust,0,0.08,0.25,0.05,one_minus_confidence,clean,cert_fail_tau0.9,False,,,0.0,50,,,50.0,0.0
deterministic,robust,0,0.08,0.25,0.05,one_minus_confidence,clean,cert_fail_tau0.95,True,,,,0,,,0.0,50.0
deterministic,robust,0,0.08,0.25,0.05,one_minus_confidence,adv,adv_error,False,,,0.0,50,,,,
deterministic,robust,0,0.08,0.25,0.05,one_minus_confidence,adv,cert_fail_tau0.5,False,,,0.0,50,,,50.0,0.0
deterministic,robust,0,0.08,0.25,0.05,one_minus_confidence,adv,cert_fail_tau0.9,False,,,0.0,50,,,50.0,0.0
deterministic,robust,0,0.08,0.25,0.05,one_minus_confidence,adv,cert_fail_tau0.95,True,,,,0,,,0.0,50.0
deterministic,robust,0,0.08,0.25,0.05,one_minus_confidence,delta,adv_error,False,,,0.0,50,,,,
deterministic,robust,0,0.08,0.25,0.05,one_minus_confidence,delta,cert_fail_tau0.5,False,,,0.0,50,,,50.0,0.0
deterministic,robust,0,0.08,0.25,0.05,one_minus_confidence,delta,cert_fail_tau0.9,False,,,0.0,50,,,50.0,0.0
deterministic,robust,0,0.08,0.25,0.05,one_minus_confidence,delta,cert_fail_tau0.95,True,,,,0,,,0.0,50.0
deterministic,robust,0,0.08,0.25,0.07,mutual_information,clean,adv_error,False,0.14583333333333334,0.035160575858250276,0.04,50,0.030028941234231887,0.04243591358070568,,
deterministic,robust,0,0.08,0.25,0.07,mutual_information,clean,cert_fail_tau0.5,False,0.5777777777777777,0.525,0.0425531914893617,47,,,47.0,3.0
deterministic,robust,0,0.08,0.25,0.07,mutual_information,clean,cert_fail_tau0.9,False,0.5777777777777777,0.525,0.0425531914893617,47,,,47.0,3.0
deterministic,robust,0,0.08,0.25,0.07,mutual_information,clean,cert_fail_tau0.95,False,,1.0,1.0,2,,,2.0,48.0
deterministic,robust,0,0.08,0.25,0.07,mutual_information,adv,adv_error,False,0.5520833333333334,0.07402597402597402,0.04,50,0.05775073725639286,0.0424379515643102,,
deterministic,robust,0,0.08,0.25,0.07,mutual_information,adv,cert_fail_tau0.5,False,0.5666666666666667,0.08125,0.0425531914893617,47,,,47.0,3.0
deterministic,robust,0,0.08,0.25,0.07,mutual_information,adv,cert_fail_tau0.9,False,0.5666666666666667,0.08125,0.0425531914893617,47,,,47.0,3.0
deterministic,robust,0,0.08,0.25,0.07,mutual_information,adv,cert_fail_tau0.95,False,,1.0,1.0,2,,,2.0,48.0
deterministic,robust,0,0.08,0.25,0.07,mutual_information,delta,adv_error,False,0.71875,0.2857142857142857,0.04,50,0.002309863095584124,0.014144964899666778,,
deterministic,robust,0,0.08,0.25,0.07,mutual_information,delta,cert_fail_tau0.5,False,0.5222222222222223,0.2727272727272727,0.0425531914893617,47,,,47.0,3.0
deterministic,robust,0,0.08,0.25,0.07,mutual_information,delta,cert_fail_tau0.9,False,0.5222222222222223,0.2727272727272727,0.0425531914893617,47,,,47.0,3.0
deterministic,robust,0,0.08,0.25,0.07,mutual_information,delta,cert_fail_tau0.95,False,,1.0,1.0,2,,,2.0,48.0
deterministic,robust,0,0.08,0.25,0.07,one_minus_confidence,clean,adv_error,False,0.90625,0.5909090909090909,0.04,50,0.4630350627298106,0.3600633767319481,,
deterministic,robust,0,0.08,0.25,0.07,one_minus_confidence,clean,cert_fail_tau0.5,False,1.0,1.0,0.0425531914893617,47,,,47.0,3.0
deterministic,robust,0,0.08,0.25,0.07,one_minus_confidence,clean,cert_fail_tau0.9,False,1.0,1.0,0.0425531914893617,47,,,47.0,3.0
deterministic,robust,0,0.08,0.25,0.07,one_minus_confidence,clean,cert_fail_tau0.95,False,,1.0,1.0,2,,,2.0,48.0
deterministic,robust,0,0.08,0.25,0.07,one_minus_confidence,adv,adv_error,False,0.9791666666666666,0.75,0.04,50,0.510504258722714,0.2829128835720402,,
deterministic,robust,0,0.08,0.25,0.07,one_minus_confidence,adv,cert_fail_tau0.5,False,0.9777777777777777,0.75,0.0425531914893617,47,,,47.0,3.0
deterministic,robust,0,0.08,0.25,0.07,one_minus_confidence,adv,cert_fail_tau0.9,False,0.9777777777777777,0.75,0.0425531914893617,47,,,47.0,3.0
deterministic,robust,0,0.08,0.25,0.07,one_minus_confidence,adv,cert_fail_tau0.95,False,,1.0,1.0,2,,,2.0,48.0
deterministic,robust,0,0.08,0.25,0.07,one_minus_confidence,delta,adv_error,False,0.9791666666666666,0.75,0.04,50,0.510504258722714,0.2829128835720402,,
deterministic,robust,0,0.08,0.25,0.07,one_minus_confidence,delta,cert_fail_tau0.5,False,0.9777777777777777,0.75,0.0425531914893617,47,,,47.0,3.0
deterministic,robust,0,0.08,0.25,0.07,one_minus_confidence,delta,cert_fail_tau0.9,False,0.9777777777777777,0.75,0.0425531914893617,47,,,47.0,3.0
deterministic,robust,0,0.08,0.25,0.07,one_minus_confidence,delta,cert_fail_tau0.95,False,,1.0,1.0,2,,,2.0,48.0
deterministic,robust,0,0.08,0.25,0.08,mutual_information,clean,adv_error,False,0.375,0.3034267089499647,0.08,50,-0.06823951659788986,-0.06109028537089381,,
deterministic,robust,0,0.08,0.25,0.08,mutual_information,clean,cert_fail_tau0.5,False,0.4393939393939394,0.404571042652438,0.12,50,,,50.0,0.0
deterministic,robust,0,0.08,0.25,0.08,mutual_information,clean,cert_fail_tau0.9,False,0.4393939393939394,0.404571042652438,0.12,50,,,50.0,0.0
deterministic,robust,0,0.08,0.25,0.08,mutual_information,clean,cert_fail_tau0.95,False,,1.0,1.0,6,,,6.0,44.0
deterministic,robust,0,0.08,0.25,0.08,mutual_information,adv,adv_error,False,0.5896739130434783,0.14967105263157893,0.08,50,-0.00426548190535454,-0.0012781929040130053,,
deterministic,robust,0,0.08,0.25,0.08,mutual_information,adv,cert_fail_tau0.5,False,0.4962121212121212,0.158057728781413,0.12,50,,,50.0,0.0
deterministic,robust,0,0.08,0.25,0.08,mutual_information,adv,cert_fail_tau0.9,False,0.4962121212121212,0.158057728781413,0.12,50,,,50.0,0.0
deterministic,robust,0,0.08,0.25,0.08,mutual_information,adv,cert_fail_tau0.95,False,,1.0,1.0,6,,,6.0,44.0
deterministic,robust,0,0.08,0.25,0.08,mutual_information,delta,adv_error,False,0.6413043478260869,0.238997113997114,0.08,50,0.008529734771807603,0.008946061301216422,,
deterministic,robust,0,0.08,0.25,0.08,mutual_information,delta,cert_fail_tau0.5,False,0.5075757575757576,0.2091684770256199,0.12,50,,,50.0,0.0
deterministic,robust,0,0.08,0.25,0.08,mutual_information,delta,cert_fail_tau0.9,False,0.5075757575757576,0.2091684770256199,0.12,50,,,50.0,0.0
deterministic,robust,0,0.08,0.25,0.08,mutual_information,delta,cert_fail_tau0.95,False,,1.0,1.0,6,,,6.0,44.0
deterministic,robust,0,0.08,0.25,0.08,one_minus_confidence,clean,adv_error,False,0.8288043478260869,0.42601010101010106,0.08,50,0.4455614373286859,0.4460951959340003,,
deterministic,robust,0,0.08,0.25,0.08,one_minus_confidence,clean,cert_fail_tau0.5,False,0.8731060606060606,0.5767676767676767,0.12,50,,,50.0,0.0
deterministic,robust,0,0.08,0.25,0.08,one_minus_confidence,clean,cert_fail_tau0.9,False,0.8731060606060606,0.5767676767676767,0.12,50,,,50.0,0.0
deterministic,robust,0,0.08,0.25,0.08,one_minus_confidence,clean,cert_fail_tau0.95,False,,1.0,1.0,6,,,6.0,44.0
deterministic,robust,0,0.08,0.25,0.08,one_minus_confidence,adv,adv_error,False,0.967391304347826,0.7291666666666666,0.08,50,0.5459030253956866,0.5441761288654217,,
deterministic,robust,0,0.08,0.25,0.08,one_minus_confidence,adv,cert_fail_tau0.5,False,0.9848484848484849,0.9107142857142857,0.12,50,,,50.0,0.0
deterministic,robust,0,0.08,0.25,0.08,one_minus_confidence,adv,cert_fail_tau0.9,False,0.9848484848484849,0.9107142857142857,0.12,50,,,50.0,0.0
deterministic,robust,0,0.08,0.25,0.08,one_minus_confidence,adv,cert_fail_tau0.95,False,,1.0,1.0,6,,,6.0,44.0
deterministic,robust,0,0.08,0.25,0.08,one_minus_confidence,delta,adv_error,False,0.9619565217391305,0.7152777777777777,0.08,50,0.5416381580097827,0.5398308990905452,,
deterministic,robust,0,0.08,0.25,0.08,one_minus_confidence,delta,cert_fail_tau0.5,False,0.9810606060606061,0.8968253968253967,0.12,50,,,50.0,0.0
deterministic,robust,0,0.08,0.25,0.08,one_minus_confidence,delta,cert_fail_tau0.9,False,0.9810606060606061,0.8968253968253967,0.12,50,,,50.0,0.0
deterministic,robust,0,0.08,0.25,0.08,one_minus_confidence,delta,cert_fail_tau0.95,False,,1.0,1.0,6,,,6.0,44.0
deterministic,robust,0,0.08,0.25,0.1,mutual_information,clean,adv_error,False,0.2689393939393939,0.24274014442866498,0.12,50,-0.3083741272899967,-0.06109028537089381,,
deterministic,robust,0,0.08,0.25,0.1,mutual_information,clean,cert_fail_tau0.5,False,0.4083333333333333,0.407313553655017,0.13043478260869565,46,,,46.0,4.0
deterministic,robust,0,0.08,0.25,0.1,mutual_information,clean,cert_fail_tau0.9,False,0.4083333333333333,0.407313553655017,0.13043478260869565,46,,,46.0,4.0
deterministic,robust,0,0.08,0.25,0.1,mutual_information,clean,cert_fail_tau0.95,False,,1.0,1.0,6,,,6.0,44.0
deterministic,robust,0,0.08,0.25,0.1,mutual_information,adv,adv_error,False,0.5303030303030303,0.29193899782135074,0.12,50,0.2027196920582733,0.14072903873183187,,
deterministic,robust,0,0.08,0.25,0.1,mutual_information,adv,cert_fail_tau0.5,False,0.6354166666666666,0.32939814814814816,0.13043478260869565,46,,,46.0,4.0
deterministic,robust,0,0.08,0.25,0.1,mutual_information,adv,cert_fail_tau0.9,False,0.6354166666666666,0.32939814814814816,0.13043478260869565,46,,,46.0,4.0
deterministic,robust,0,0.08,0.25,0.1,mutual_information,adv,cert_fail_tau0.95,False,,1.0,1.0,6,,,6.0,44.0
deterministic,robust,0,0.08,0.25,0.1,mutual_information,delta,adv_error,False,0.5909090909090909,0.3109503170850688,0.12,50,0.280648366113471,0.08230376397119106,,
deterministic,robust,0,0.08,0.25,0.1,mutual_information,delta,cert_fail_tau0.5,False,0.6041666666666666,0.3358224743462357,0.13043478260869565,46,,,46.0,4.0
deterministic,robust,0,0.08,0.25,0.1,mutual_information,delta,cert_fail_tau0.9,False,0.6041666666666666,0.3358224743462357,0.13043478260869565,46,,,46.0,4.0
deterministic,robust,0,0.08,0.25,0.1,mutual_information,delta,cert_fail_tau0.95,False,,1.0,1.0,6,,,6.0,44.0
deterministic,robust,0,0.08,0.25,0.1,one_minus_confidence,clean,adv_error,False,0.8181818181818182,0.40878391760744703,0.12,50,0.5604194211610802,0.4460951959340003,,
deterministic,robust,0,0.08,0.25,0.1,one_minus_confidence,clean,cert_fail_tau0.5,False,0.9,0.6362433862433863,0.13043478260869565,46,,,46.0,4.0
deterministic,robust,0,0.08,0.25,0.1,one_minus_confidence,clean,cert_fail_tau0.9,False,0.9,0.6362433862433863,0.13043478260869565,46,,,46.0,4.0
deterministic,robust,0,0.08,0.25,0.1,one_minus_confidence,clean,cert_fail_tau0.95,False,,1.0,1.0,6,,,6.0,44.0
deterministic,robust,0,0.08,0.25,0.1,one_minus_confidence,adv,adv_error,False,0.8522727272727273,0.4474206349206349,0.12,50,0.6271428880841505,0.38162257765165053,,
deterministic,robust,0,0.08,0.25,0.1,one_minus_confidence,adv,cert_fail_tau0.5,False,0.9208333333333333,0.6408730158730158,0.13043478260869565,46,,,46.0,4.0
deterministic,robust,0,0.08,0.25,0.1,one_minus_confidence,adv,cert_fail_tau0.9,False,0.9208333333333333,0.6408730158730158,0.13043478260869565,46,,,46.0,4.0
deterministic,robust,0,0.08,0.25,0.1,one_minus_confidence,adv,cert_fail_tau0.95,False,,1.0,1.0,6,,,6.0,44.0
deterministic,robust,0,0.08,0.25,0.1,one_minus_confidence,delta,adv_error,False,0.8446969696969697,0.44186507936507935,0.12,50,0.6202131324147124,0.3729319094398916,,
deterministic,robust,0,0.08,0.25,0.1,one_minus_confidence,delta,cert_fail_tau0.5,False,0.9125,0.6319444444444444,0.13043478260869565,46,,,46.0,4.0
deterministic,robust,0,0.08,0.25,0.1,one_minus_confidence,delta,cert_fail_tau0.9,False,0.9125,0.6319444444444444,0.13043478260869565,46,,,46.0,4.0
deterministic,robust,0,0.08,0.25,0.1,one_minus_confidence,delta,cert_fail_tau0.95,False,,1.0,1.0,6,,,6.0,44.0
deterministic,robust,0,0.08,0.25,0.15,mutual_information,clean,adv_error,False,0.4683333333333333,0.5119145418011999,0.4,50,,,,
deterministic,robust,0,0.08,0.25,0.15,mutual_information,clean,cert_fail_tau0.5,True,,,,0,,,0.0,50.0
deterministic,robust,0,0.08,0.25,0.15,mutual_information,clean,cert_fail_tau0.9,True,,,,0,,,0.0,50.0
deterministic,robust,0,0.08,0.25,0.15,mutual_information,clean,cert_fail_tau0.95,True,,,,0,,,0.0,50.0
deterministic,robust,0,0.08,0.25,0.15,mutual_information,adv,adv_error,False,0.43666666666666665,0.3602642401627272,0.4,50,,,,
deterministic,robust,0,0.08,0.25,0.15,mutual_information,adv,cert_fail_tau0.5,True,,,,0,,,0.0,50.0
deterministic,robust,0,0.08,0.25,0.15,mutual_information,adv,cert_fail_tau0.9,True,,,,0,,,0.0,50.0
deterministic,robust,0,0.08,0.25,0.15,mutual_information,adv,cert_fail_tau0.95,True,,,,0,,,0.0,50.0
deterministic,robust,0,0.08,0.25,0.15,mutual_information,delta,adv_error,False,0.4683333333333333,0.3623845978141715,0.4,50,,,,
deterministic,robust,0,0.08,0.25,0.15,mutual_information,delta,cert_fail_tau0.5,True,,,,0,,,0.0,50.0
deterministic,robust,0,0.08,0.25,0.15,mutual_information,delta,cert_fail_tau0.9,True,,,,0,,,0.0,50.0
deterministic,robust,0,0.08,0.25,0.15,mutual_information,delta,cert_fail_tau0.95,True,,,,0,,,0.0,50.0
deterministic,robust,0,0.08,0.25,0.15,one_minus_confidence,clean,adv_error,False,0.66,0.581362918127624,0.4,50,,,,
deterministic,robust,0,0.08,0.25,0.15,one_minus_confidence,clean,cert_fail_tau0.5,True,,,,0,,,0.0,50.0
deterministic,robust,0,0.08,0.25,0.15,one_minus_confidence,clean,cert_fail_tau0.9,True,,,,0,,,0.0,50.0
deterministic,robust,0,0.08,0.25,0.15,one_minus_confidence,clean,cert_fail_tau0.95,True,,,,0,,,0.0,50.0
deterministic,robust,0,0.08,0.25,0.15,one_minus_confidence,adv,adv_error,False,0.6516666666666666,0.5158021415347364,0.4,50,,,,
deterministic,robust,0,0.08,0.25,0.15,one_minus_confidence,adv,cert_fail_tau0.5,True,,,,0,,,0.0,50.0
deterministic,robust,0,0.08,0.25,0.15,one_minus_confidence,adv,cert_fail_tau0.9,True,,,,0,,,0.0,50.0
deterministic,robust,0,0.08,0.25,0.15,one_minus_confidence,adv,cert_fail_tau0.95,True,,,,0,,,0.0,50.0
deterministic,robust,0,0.08,0.25,0.15,one_minus_confidence,delta,adv_error,False,0.6483333333333333,0.5137599913413258,0.4,50,,,,
deterministic,robust,0,0.08,0.25,0.15,one_minus_confidence,delta,cert_fail_tau0.5,True,,,,0,,,0.0,50.0
deterministic,robust,0,0.08,0.25,0.15,one_minus_confidence,delta,cert_fail_tau0.9,True,,,,0,,,0.0,50.0
deterministic,robust,0,0.08,0.25,0.15,one_minus_confidence,delta,cert_fail_tau0.95,True,,,,0,,,0.0,50.0
deterministic,robust,1,0.08,0.25,0.01,mutual_information,clean,adv_error,False,,,0.0,50,,,,
deterministic,robust,1,0.08,0.25,0.01,mutual_information,clean,cert_fail_tau0.5,False,,,0.0,50,,,50.0,0.0
deterministic,robust,1,0.08,0.25,0.01,mutual_information,clean,cert_fail_tau0.9,False,,,0.0,50,,,50.0,0.0
deterministic,robust,1,0.08,0.25,0.01,mutual_information,clean,cert_fail_tau0.95,True,,,,0,,,0.0,50.0
deterministic,robust,1,0.08,0.25,0.01,mutual_information,adv,adv_error,False,,,0.0,50,,,,
deterministic,robust,1,0.08,0.25,0.01,mutual_information,adv,cert_fail_tau0.5,False,,,0.0,50,,,50.0,0.0
deterministic,robust,1,0.08,0.25,0.01,mutual_information,adv,cert_fail_tau0.9,False,,,0.0,50,,,50.0,0.0
deterministic,robust,1,0.08,0.25,0.01,mutual_information,adv,cert_fail_tau0.95,True,,,,0,,,0.0,50.0
deterministic,robust,1,0.08,0.25,0.01,mutual_information,delta,adv_error,False,,,0.0,50,,,,
deterministic,robust,1,0.08,0.25,0.01,mutual_information,delta,cert_fail_tau0.5,False,,,0.0,50,,,50.0,0.0
deterministic,robust,1,0.08,0.25,0.01,mutual_information,delta,cert_fail_tau0.9,False,,,0.0,50,,,50.0,0.0
deterministic,robust,1,0.08,0.25,0.01,mutual_information,delta,cert_fail_tau0.95,True,,,,0,,,0.0,50.0
deterministic,robust,1,0.08,0.25,0.01,one_minus_confidence,clean,adv_error,False,,,0.0,50,,,,
deterministic,robust,1,0.08,0.25,0.01,one_minus_confidence,clean,cert_fail_tau0.5,False,,,0.0,50,,,50.0,0.0
deterministic,robust,1,0.08,0.25,0.01,one_minus_confidence,clean,cert_fail_tau0.9,False,,,0.0,50,,,50.0,0.0
deterministic,robust,1,0.08,0.25,0.01,one_minus_confidence,clean,cert_fail_tau0.95,True,,,,0,,,0.0,50.0
deterministic,robust,1,0.08,0.25,0.01,one_minus_confidence,adv,adv_error,False,,,0.0,50,,,,
deterministic,robust,1,0.08,0.25,0.01,one_minus_confidence,adv,cert_fail_tau0.5,False,,,0.0,50,,,50.0,0.0
deterministic,robust,1,0.08,0.25,0.01,one_minus_confidence,adv,cert_fail_tau0.9,False,,,0.0,50,,,50.0,0.0
deterministic,robust,1,0.08,0.25,0.01,one_minus_confidence,adv,cert_fail_tau0.95,True,,,,0,,,0.0,50.0
deterministic,robust,1,0.08,0.25,0.01,one_minus_confidence,delta,adv_error,False,,,0.0,50,,,,
deterministic,robust,1,0.08,0.25,0.01,one_minus_confidence,delta,cert_fail_tau0.5,False,,,0.0,50,,,50.0,0.0
deterministic,robust,1,0.08,0.25,0.01,one_minus_confidence,delta,cert_fail_tau0.9,False,,,0.0,50,,,50.0,0.0
deterministic,robust,1,0.08,0.25,0.01,one_minus_confidence,delta,cert_fail_tau0.95,True,,,,0,,,0.0,50.0
deterministic,robust,1,0.08,0.25,0.03,mutual_information,clean,adv_error,False,,,0.0,50,,,,
deterministic,robust,1,0.08,0.25,0.03,mutual_information,clean,cert_fail_tau0.5,True,,,,0,,,0.0,50.0
deterministic,robust,1,0.08,0.25,0.03,mutual_information,clean,cert_fail_tau0.9,True,,,,0,,,0.0,50.0
deterministic,robust,1,0.08,0.25,0.03,mutual_information,clean,cert_fail_tau0.95,True,,,,0,,,0.0,50.0
deterministic,robust,1,0.08,0.25,0.03,mutual_information,adv,adv_error,False,,,0.0,50,,,,
deterministic,robust,1,0.08,0.25,0.03,mutual_information,adv,cert_fail_tau0.5,True,,,,0,,,0.0,50.0
deterministic,robust,1,0.08,0.25,0.03,mutual_information,adv,cert_fail_tau0.9,True,,,,0,,,0.0,50.0
deterministic,robust,1,0.08,0.25,0.03,mutual_information,adv,cert_fail_tau0.95,True,,,,0,,,0.0,50.0
deterministic,robust,1,0.08,0.25,0.03,mutual_information,delta,adv_error,False,,,0.0,50,,,,
deterministic,robust,1,0.08,0.25,0.03,mutual_information,delta,cert_fail_tau0.5,True,,,,0,,,0.0,50.0
deterministic,robust,1,0.08,0.25,0.03,mutual_information,delta,cert_fail_tau0.9,True,,,,0,,,0.0,50.0
deterministic,robust,1,0.08,0.25,0.03,mutual_information,delta,cert_fail_tau0.95,True,,,,0,,,0.0,50.0
deterministic,robust,1,0.08,0.25,0.03,one_minus_confidence,clean,adv_error,False,,,0.0,50,,,,
deterministic,robust,1,0.08,0.25,0.03,one_minus_confidence,clean,cert_fail_tau0.5,True,,,,0,,,0.0,50.0
deterministic,robust,1,0.08,0.25,0.03,one_minus_confidence,clean,cert_fail_tau0.9,True,,,,0,,,0.0,50.0
deterministic,robust,1,0.08,0.25,0.03,one_minus_confidence,clean,cert_fail_tau0.95,True,,,,0,,,0.0,50.0
deterministic,robust,1,0.08,0.25,0.03,one_minus_confidence,adv,adv_error,False,,,0.0,50,,,,
deterministic,robust,1,0.08,0.25,0.03,one_minus_confidence,adv,cert_fail_tau0.5,True,,,,0,,,0.0,50.0
deterministic,robust,1,0.08,0.25,0.03,one_minus_confidence,adv,cert_fail_tau0.9,True,,,,0,,,0.0,50.0
deterministic,robust,1,0.08,0.25,0.03,one_minus_confidence,adv,cert_fail_tau0.95,True,,,,0,,,0.0,50.0
deterministic,robust,1,0.08,0.25,0.03,one_minus_confidence,delta,adv_error,False,,,0.0,50,,,,
deterministic,robust,1,0.08,0.25,0.03,one_minus_confidence,delta,cert_fail_tau0.5,True,,,,0,,,0.0,50.0
deterministic,robust,1,0.08,0.25,0.03,one_minus_confidence,delta,cert_fail_tau0.9,True,,,,0,,,0.0,50.0
deterministic,robust,1,0.08,0.25,0.03,one_minus_confidence,delta,cert_fail_tau0.95,True,,,,0,,,0.0,50.0
deterministic,robust,1,0.08,0.25,0.05,mutual_information,clean,adv_error,False,,,0.0,50,-0.23265855700173155,,,
deterministic,robust,1,0.08,0.25,0.05,mutual_information,clean,cert_fail_tau0.5,False,,,0.0,49,,,49.0,1.0
deterministic,robust,1,0.08,0.25,0.05,mutual_information,clean,cert_fail_tau0.9,False,,,0.0,49,,,49.0,1.0
deterministic,robust,1,0.08,0.25,0.05,mutual_information,clean,cert_fail_tau0.95,True,,,,0,,,0.0,50.0
deterministic,robust,1,0.08,0.25,0.05,mutual_information,adv,adv_error,False,,,0.0,50,0.12374563695425228,,,
deterministic,robust,1,0.08,0.25,0.05,mutual_information,adv,cert_fail_tau0.5,False,,,0.0,49,,,49.0,1.0
deterministic,robust,1,0.08,0.25,0.05,mutual_information,adv,cert_fail_tau0.9,False,,,0.0,49,,,49.0,1.0
deterministic,robust,1,0.08,0.25,0.05,mutual_information,adv,cert_fail_tau0.95,True,,,,0,,,0.0,50.0
deterministic,robust,1,0.08,0.25,0.05,mutual_information,delta,adv_error,False,,,0.0,50,0.22273679850275477,,,
deterministic,robust,1,0.08,0.25,0.05,mutual_information,delta,cert_fail_tau0.5,False,,,0.0,49,,,49.0,1.0
deterministic,robust,1,0.08,0.25,0.05,mutual_information,delta,cert_fail_tau0.9,False,,,0.0,49,,,49.0,1.0
deterministic,robust,1,0.08,0.25,0.05,mutual_information,delta,cert_fail_tau0.95,True,,,,0,,,0.0,50.0
deterministic,robust,1,0.08,0.25,0.05,one_minus_confidence,clean,adv_error,False,,,0.0,50,0.0640891419134613,,,
deterministic,robust,1,0.08,0.25,0.05,one_minus_confidence,clean,cert_fail_tau0.5,False,,,0.0,49,,,49.0,1.0
deterministic,robust,1,0.08,0.25,0.05,one_minus_confidence,clean,cert_fail_tau0.9,False,,,0.0,49,,,49.0,1.0
deterministic,robust,1,0.08,0.25,0.05,one_minus_confidence,clean,cert_fail_tau0.95,True,,,,0,,,0.0,50.0
deterministic,robust,1,0.08,0.25,0.05,one_minus_confidence,adv,adv_error,False,,,0.0,50,0.1932660644486393,,,
deterministic,robust,1,0.08,0.25,0.05,one_minus_confidence,adv,cert_fail_tau0.5,False,,,0.0,49,,,49.0,1.0
deterministic,robust,1,0.08,0.25,0.05,one_minus_confidence,adv,cert_fail_tau0.9,False,,,0.0,49,,,49.0,1.0
deterministic,robust,1,0.08,0.25,0.05,one_minus_confidence,adv,cert_fail_tau0.95,True,,,,0,,,0.0,50.0
deterministic,robust,1,0.08,0.25,0.05,one_minus_confidence,delta,adv_error,False,,,0.0,50,0.1932660644486393,,,
deterministic,robust,1,0.08,0.25,0.05,one_minus_confidence,delta,cert_fail_tau0.5,False,,,0.0,49,,,49.0,1.0
deterministic,robust,1,0.08,0.25,0.05,one_minus_confidence,delta,cert_fail_tau0.9,False,,,0.0,49,,,49.0,1.0
deterministic,robust,1,0.08,0.25,0.05,one_minus_confidence,delta,cert_fail_tau0.95,True,,,,0,,,0.0,50.0
deterministic,robust,1,0.08,0.25,0.07,mutual_information,clean,adv_error,False,,,0.0,50,-0.2148379015718117,-0.20423036857781174,,
deterministic,robust,1,0.08,0.25,0.07,mutual_information,clean,cert_fail_tau0.5,False,,,0.0,45,,,45.0,5.0
deterministic,robust,1,0.08,0.25,0.07,mutual_information,clean,cert_fail_tau0.9,False,0.2222222222222222,0.027777777777777776,0.021739130434782608,46,,,46.0,4.0
deterministic,robust,1,0.08,0.25,0.07,mutual_information,clean,cert_fail_tau0.95,True,,,1.0,1,,,1.0,49.0
deterministic,robust,1,0.08,0.25,0.07,mutual_information,adv,adv_error,False,,,0.0,50,0.10164617936071998,0.04228971376927915,,
deterministic,robust,1,0.08,0.25,0.07,mutual_information,adv,cert_fail_tau0.5,False,,,0.0,45,,,45.0,5.0
deterministic,robust,1,0.08,0.25,0.07,mutual_information,adv,cert_fail_tau0.9,False,0.5777777777777777,0.05,0.021739130434782608,46,,,46.0,4.0
deterministic,robust,1,0.08,0.25,0.07,mutual_information,adv,cert_fail_tau0.95,True,,,1.0,1,,,1.0,49.0
deterministic,robust,1,0.08,0.25,0.07,mutual_information,delta,adv_error,False,,,0.0,50,0.1362819226394633,0.12543970810917046,,
deterministic,robust,1,0.08,0.25,0.07,mutual_information,delta,cert_fail_tau0.5,False,,,0.0,45,,,45.0,5.0
deterministic,robust,1,0.08,0.25,0.07,mutual_information,delta,cert_fail_tau0.9,False,0.5555555555555556,0.047619047619047616,0.021739130434782608,46,,,46.0,4.0
deterministic,robust,1,0.08,0.25,0.07,mutual_information,delta,cert_fail_tau0.95,True,,,1.0,1,,,1.0,49.0
deterministic,robust,1,0.08,0.25,0.07,one_minus_confidence,clean,adv_error,False,,,0.0,50,0.38133039438509475,0.2688692096464733,,
deterministic,robust,1,0.08,0.25,0.07,one_minus_confidence,clean,cert_fail_tau0.5,False,,,0.0,45,,,45.0,5.0
deterministic,robust,1,0.08,0.25,0.07,one_minus_confidence,clean,cert_fail_tau0.9,False,0.9777777777777777,0.5,0.021739130434782608,46,,,46.0,4.0
deterministic,robust,1,0.08,0.25,0.07,one_minus_confidence,clean,cert_fail_tau0.95,True,,,1.0,1,,,1.0,49.0
deterministic,robust,1,0.08,0.25,0.07,one_minus_confidence,adv,adv_error,False,,,0.0,50,0.5197815990036818,0.33930777034281157,,
deterministic,robust,1,0.08,0.25,0.07,one_minus_confidence,adv,cert_fail_tau0.5,False,,,0.0,45,,,45.0,5.0
deterministic,robust,1,0.08,0.25,0.07,one_minus_confidence,adv,cert_fail_tau0.9,False,1.0,1.0,0.021739130434782608,46,,,46.0,4.0
deterministic,robust,1,0.08,0.25,0.07,one_minus_confidence,adv,cert_fail_tau0.95,True,,,1.0,1,,,1.0,49.0
deterministic,robust,1,0.08,0.25,0.07,one_minus_confidence,delta,adv_error,False,,,0.0,50,0.5197815990036818,0.33930777034281157,,
deterministic,robust,1,0.08,0.25,0.07,one_minus_confidence,delta,cert_fail_tau0.5,False,,,0.0,45,,,45.0,5.0
deterministic,robust,1,0.08,0.25,0.07,one_minus_confidence,delta,cert_fail_tau0.9,False,1.0,1.0,0.021739130434782608,46,,,46.0,4.0
deterministic,robust,1,0.08,0.25,0.07,one_minus_confidence,delta,cert_fail_tau0.95,True,,,1.0,1,,,1.0,49.0
deterministic,robust,1,0.08,0.25,0.08,mutual_information,clean,adv_error,False,0.11413043478260869,0.05583828154426161,0.08,50,-0.25165134512538395,-0.2191466176296039,,
deterministic,robust,1,0.08,0.25,0.08,mutual_information,clean,cert_fail_tau0.5,False,0.2909090909090909,0.2645345095926491,0.10204081632653061,49,,,49.0,1.0
deterministic,robust,1,0.08,0.25,0.08,mutual_information,clean,cert_fail_tau0.9,False,0.2909090909090909,0.2645345095926491,0.10204081632653061,49,,,49.0,1.0
deterministic,robust,1,0.08,0.25,0.08,mutual_information,clean,cert_fail_tau0.95,False,,1.0,1.0,5,,,5.0,45.0
deterministic,robust,1,0.08,0.25,0.08,mutual_information,adv,adv_error,False,0.5760869565217391,0.14583333333333334,0.08,50,0.13222358811672716,0.09181089875429722,,
deterministic,robust,1,0.08,0.25,0.08,mutual_information,adv,cert_fail_tau0.5,False,0.5954545454545455,0.1676818245028508,0.10204081632653061,49,,,49.0,1.0
deterministic,robust,1,0.08,0.25,0.08,mutual_information,adv,cert_fail_tau0.9,False,0.5954545454545455,0.1676818245028508,0.10204081632653061,49,,,49.0,1.0
deterministic,robust,1,0.08,0.25,0.08,mutual_information,adv,cert_fail_tau0.95,False,,1.0,1.0,5,,,5.0,45.0
deterministic,robust,1,0.08,0.25,0.08,mutual_information,delta,adv_error,False,0.8043478260869565,0.29073275862068965,0.08,50,0.22177310406699763,0.17041049600877461,,
deterministic,robust,1,0.08,0.25,0.08,mutual_information,delta,cert_fail_tau0.5,False,0.6636363636363637,0.2562987012987013,0.10204081632653061,49,,,49.0,1.0
deterministic,robust,1,0.08,0.25,0.08,mutual_information,delta,cert_fail_tau0.9,False,0.6636363636363637,0.2562987012987013,0.10204081632653061,49,,,49.0,1.0
deterministic,robust,1,0.08,0.25,0.08,mutual_information,delta,cert_fail_tau0.95,False,,1.0,1.0,5,,,5.0,45.0
deterministic,robust,1,0.08,0.25,0.08,one_minus_confidence,clean,adv_error,False,0.8043478260869565,0.27402597402597406,0.08,50,0.41416347176998475,0.3842735578045694,,
deterministic,robust,1,0.08,0.25,0.08,one_minus_confidence,clean,cert_fail_tau0.5,False,0.8454545454545455,0.3487154950312845,0.10204081632653061,49,,,49.0,1.0
deterministic,robust,1,0.08,0.25,0.08,one_minus_confidence,clean,cert_fail_tau0.9,False,0.8454545454545455,0.3487154950312845,0.10204081632653061,49,,,49.0,1.0
deterministic,robust,1,0.08,0.25,0.08,one_minus_confidence,clean,cert_fail_tau0.95,False,,1.0,1.0,5,,,5.0,45.0
deterministic,robust,1,0.08,0.25,0.08,one_minus_confidence,adv,adv_error,False,0.9728260869565217,0.6458333333333333,0.08,50,0.5629895298995756,0.5134704666140559,,
deterministic,robust,1,0.08,0.25,0.08,one_minus_confidence,adv,cert_fail_tau0.5,False,1.0,1.0,0.10204081632653061,49,,,49.0,1.0
deterministic,robust,1,0.08,0.25,0.08,one_minus_confidence,adv,cert_fail_tau0.9,False,1.0,1.0,0.10204081632653061,49,,,49.0,1.0
deterministic,robust,1,0.08,0.25,0.08,one_minus_confidence,adv,cert_fail_tau0.95,False,,1.0,1.0,5,,,5.0,45.0
deterministic,robust,1,0.08,0.25,0.08,one_minus_confidence,delta,adv_error,False,0.9728260869565217,0.6458333333333333,0.08,50,0.5629895298995756,0.5134704666140559,,
deterministic,robust,1,0.08,0.25,0.08,one_minus_confidence,delta,cert_fail_tau0.5,False,1.0,1.0,0.10204081632653061,49,,,49.0,1.0
deterministic,robust,1,0.08,0.25,0.08,one_minus_confidence,delta,cert_fail_tau0.9,False,1.0,1.0,0.10204081632653061,49,,,49.0,1.0
deterministic,robust,1,0.08,0.25,0.08,one_minus_confidence,delta,cert_fail_tau0.95,False,,1.0,1.0,5,,,5.0,45.0
deterministic,robust,1,0.08,0.25,0.1,mutual_information,clean,adv_error,False,0.38095238095238093,0.27658615819024107,0.16,50,-0.07408754114056978,-0.23384529489539513,,
deterministic,robust,1,0.08,0.25,0.1,mutual_information,clean,cert_fail_tau0.5,False,0.27314814814814814,0.25847563978218974,0.14285714285714285,42,,,42.0,8.0
deterministic,robust,1,0.08,0.25,0.1,mutual_information,clean,cert_fail_tau0.9,False,0.27314814814814814,0.25847563978218974,0.14285714285714285,42,,,42.0,8.0
deterministic,robust,1,0.08,0.25,0.1,mutual_information,clean,cert_fail_tau0.95,False,,1.0,1.0,6,,,6.0,44.0
deterministic,robust,1,0.08,0.25,0.1,mutual_information,adv,adv_error,False,0.33482142857142855,0.13485497469058014,0.16,50,-0.304111437908948,-0.21069820981574627,,
deterministic,robust,1,0.08,0.25,0.1,mutual_information,adv,cert_fail_tau0.5,False,0.3148148148148148,0.12176914766048894,0.14285714285714285,42,,,42.0,8.0
deterministic,robust,1,0.08,0.25,0.1,mutual_information,adv,cert_fail_tau0.9,False,0.3148148148148148,0.12176914766048894,0.14285714285714285,42,,,42.0,8.0
deterministic,robust,1,0.08,0.25,0.1,mutual_information,adv,cert_fail_tau0.95,False,,1.0,1.0,6,,,6.0,44.0
deterministic,robust,1,0.08,0.25,0.1,mutual_information,delta,adv_error,False,0.4732142857142857,0.18090847130753487,0.16,50,-0.15124753549550501,0.018078264203189632,,
deterministic,robust,1,0.08,0.25,0.1,mutual_information,delta,cert_fail_tau0.5,False,0.5370370370370371,0.18998543775850243,0.14285714285714285,42,,,42.0,8.0
deterministic,robust,1,0.08,0.25,0.1,mutual_information,delta,cert_fail_tau0.9,False,0.5370370370370371,0.18998543775850243,0.14285714285714285,42,,,42.0,8.0
deterministic,robust,1,0.08,0.25,0.1,mutual_information,delta,cert_fail_tau0.95,False,,1.0,1.0,6,,,6.0,44.0
deterministic,robust,1,0.08,0.25,0.1,one_minus_confidence,clean,adv_error,False,0.7619047619047619,0.34352543290043297,0.16,50,0.49125614805200857,0.35446925811122815,,
deterministic,robust,1,0.08,0.25,0.1,one_minus_confidence,clean,cert_fail_tau0.5,False,0.875,0.44566498316498315,0.14285714285714285,42,,,42.0,8.0
deterministic,robust,1,0.08,0.25,0.1,one_minus_confidence,clean,cert_fail_tau0.9,False,0.875,0.44566498316498315,0.14285714285714285,42,,,42.0,8.0
deterministic,robust,1,0.08,0.25,0.1,one_minus_confidence,clean,cert_fail_tau0.95,False,,1.0,1.0,6,,,6.0,44.0
deterministic,robust,1,0.08,0.25,0.1,one_minus_confidence,adv,adv_error,False,0.9583333333333334,0.7981351981351981,0.16,50,0.7500643086817902,0.5276941789001519,,
deterministic,robust,1,0.08,0.25,0.1,one_minus_confidence,adv,cert_fail_tau0.5,False,1.0,1.0,0.14285714285714285,42,,,42.0,8.0
deterministic,robust,1,0.08,0.25,0.1,one_minus_confidence,adv,cert_fail_tau0.9,False,1.0,1.0,0.14285714285714285,42,,,42.0,8.0
deterministic,robust,1,0.08,0.25,0.1,one_minus_confidence,adv,cert_fail_tau0.95,False,,1.0,1.0,6,,,6.0,44.0
deterministic,robust,1,0.08,0.25,0.1,one_minus_confidence,delta,adv_error,False,0.9583333333333334,0.7981351981351981,0.16,50,0.7531509930796576,0.5276941789001519,,
deterministic,robust,1,0.08,0.25,0.1,one_minus_confidence,delta,cert_fail_tau0.5,False,1.0,1.0,0.14285714285714285,42,,,42.0,8.0
deterministic,robust,1,0.08,0.25,0.1,one_minus_confidence,delta,cert_fail_tau0.9,False,1.0,1.0,0.14285714285714285,42,,,42.0,8.0
deterministic,robust,1,0.08,0.25,0.1,one_minus_confidence,delta,cert_fail_tau0.95,False,,1.0,1.0,6,,,6.0,44.0
deterministic,robust,1,0.08,0.25,0.15,mutual_information,clean,adv_error,False,0.3547794117647059,0.33447689972714284,0.32,50,,,,
deterministic,robust,1,0.08,0.25,0.15,mutual_information,clean,cert_fail_tau0.5,True,,,,0,,,0.0,50.0
deterministic,robust,1,0.08,0.25,0.15,mutual_information,clean,cert_fail_tau0.9,True,,,,0,,,0.0,50.0
deterministic,robust,1,0.08,0.25,0.15,mutual_information,clean,cert_fail_tau0.95,True,,,,0,,,0.0,50.0
deterministic,robust,1,0.08,0.25,0.15,mutual_information,adv,adv_error,False,0.4329044117647059,0.33309675218092594,0.32,50,,,,
deterministic,robust,1,0.08,0.25,0.15,mutual_information,adv,cert_fail_tau0.5,True,,,,0,,,0.0,50.0
deterministic,robust,1,0.08,0.25,0.15,mutual_information,adv,cert_fail_tau0.9,True,,,,0,,,0.0,50.0
deterministic,robust,1,0.08,0.25,0.15,mutual_information,adv,cert_fail_tau0.95,True,,,,0,,,0.0,50.0
deterministic,robust,1,0.08,0.25,0.15,mutual_information,delta,adv_error,False,0.49264705882352944,0.3934017559855717,0.32,50,,,,
deterministic,robust,1,0.08,0.25,0.15,mutual_information,delta,cert_fail_tau0.5,True,,,,0,,,0.0,50.0
deterministic,robust,1,0.08,0.25,0.15,mutual_information,delta,cert_fail_tau0.9,True,,,,0,,,0.0,50.0
deterministic,robust,1,0.08,0.25,0.15,mutual_information,delta,cert_fail_tau0.95,True,,,,0,,,0.0,50.0
deterministic,robust,1,0.08,0.25,0.15,one_minus_confidence,clean,adv_error,False,0.671875,0.46722649286987517,0.32,50,,,,
deterministic,robust,1,0.08,0.25,0.15,one_minus_confidence,clean,cert_fail_tau0.5,True,,,,0,,,0.0,50.0
deterministic,robust,1,0.08,0.25,0.15,one_minus_confidence,clean,cert_fail_tau0.9,True,,,,0,,,0.0,50.0
deterministic,robust,1,0.08,0.25,0.15,one_minus_confidence,clean,cert_fail_tau0.95,True,,,,0,,,0.0,50.0
deterministic,robust,1,0.08,0.25,0.15,one_minus_confidence,adv,adv_error,False,0.625,0.5899394002586658,0.32,50,,,,
deterministic,robust,1,0.08,0.25,0.15,one_minus_confidence,adv,cert_fail_tau0.5,True,,,,0,,,0.0,50.0
deterministic,robust,1,0.08,0.25,0.15,one_minus_confidence,adv,cert_fail_tau0.9,True,,,,0,,,0.0,50.0
deterministic,robust,1,0.08,0.25,0.15,one_minus_confidence,adv,cert_fail_tau0.95,True,,,,0,,,0.0,50.0
deterministic,robust,1,0.08,0.25,0.15,one_minus_confidence,delta,adv_error,False,0.625,0.5899394002586658,0.32,50,,,,
deterministic,robust,1,0.08,0.25,0.15,one_minus_confidence,delta,cert_fail_tau0.5,True,,,,0,,,0.0,50.0
deterministic,robust,1,0.08,0.25,0.15,one_minus_confidence,delta,cert_fail_tau0.9,True,,,,0,,,0.0,50.0
deterministic,robust,1,0.08,0.25,0.15,one_minus_confidence,delta,cert_fail_tau0.95,True,,,,0,,,0.0,50.0
deterministic,robust,2,0.08,0.25,0.01,mutual_information,clean,adv_error,False,,,0.0,50,,,,
deterministic,robust,2,0.08,0.25,0.01,mutual_information,clean,cert_fail_tau0.5,False,,,0.0,50,,,50.0,0.0
deterministic,robust,2,0.08,0.25,0.01,mutual_information,clean,cert_fail_tau0.9,False,,,0.0,50,,,50.0,0.0
deterministic,robust,2,0.08,0.25,0.01,mutual_information,clean,cert_fail_tau0.95,True,,,,0,,,0.0,50.0
deterministic,robust,2,0.08,0.25,0.01,mutual_information,adv,adv_error,False,,,0.0,50,,,,
deterministic,robust,2,0.08,0.25,0.01,mutual_information,adv,cert_fail_tau0.5,False,,,0.0,50,,,50.0,0.0
deterministic,robust,2,0.08,0.25,0.01,mutual_information,adv,cert_fail_tau0.9,False,,,0.0,50,,,50.0,0.0
deterministic,robust,2,0.08,0.25,0.01,mutual_information,adv,cert_fail_tau0.95,True,,,,0,,,0.0,50.0
deterministic,robust,2,0.08,0.25,0.01,mutual_information,delta,adv_error,False,,,0.0,50,,,,
deterministic,robust,2,0.08,0.25,0.01,mutual_information,delta,cert_fail_tau0.5,False,,,0.0,50,,,50.0,0.0
deterministic,robust,2,0.08,0.25,0.01,mutual_information,delta,cert_fail_tau0.9,False,,,0.0,50,,,50.0,0.0
deterministic,robust,2,0.08,0.25,0.01,mutual_information,delta,cert_fail_tau0.95,True,,,,0,,,0.0,50.0
deterministic,robust,2,0.08,0.25,0.01,one_minus_confidence,clean,adv_error,False,,,0.0,50,,,,
deterministic,robust,2,0.08,0.25,0.01,one_minus_confidence,clean,cert_fail_tau0.5,False,,,0.0,50,,,50.0,0.0
deterministic,robust,2,0.08,0.25,0.01,one_minus_confidence,clean,cert_fail_tau0.9,False,,,0.0,50,,,50.0,0.0
deterministic,robust,2,0.08,0.25,0.01,one_minus_confidence,clean,cert_fail_tau0.95,True,,,,0,,,0.0,50.0
deterministic,robust,2,0.08,0.25,0.01,one_minus_confidence,adv,adv_error,False,,,0.0,50,,,,
deterministic,robust,2,0.08,0.25,0.01,one_minus_confidence,adv,cert_fail_tau0.5,False,,,0.0,50,,,50.0,0.0
deterministic,robust,2,0.08,0.25,0.01,one_minus_confidence,adv,cert_fail_tau0.9,False,,,0.0,50,,,50.0,0.0
deterministic,robust,2,0.08,0.25,0.01,one_minus_confidence,adv,cert_fail_tau0.95,True,,,,0,,,0.0,50.0
deterministic,robust,2,0.08,0.25,0.01,one_minus_confidence,delta,adv_error,False,,,0.0,50,,,,
deterministic,robust,2,0.08,0.25,0.01,one_minus_confidence,delta,cert_fail_tau0.5,False,,,0.0,50,,,50.0,0.0
deterministic,robust,2,0.08,0.25,0.01,one_minus_confidence,delta,cert_fail_tau0.9,False,,,0.0,50,,,50.0,0.0
deterministic,robust,2,0.08,0.25,0.01,one_minus_confidence,delta,cert_fail_tau0.95,True,,,,0,,,0.0,50.0
deterministic,robust,2,0.08,0.25,0.03,mutual_information,clean,adv_error,False,,,0.0,50,,,,
deterministic,robust,2,0.08,0.25,0.03,mutual_information,clean,cert_fail_tau0.5,True,,,,0,,,0.0,50.0
deterministic,robust,2,0.08,0.25,0.03,mutual_information,clean,cert_fail_tau0.9,True,,,,0,,,0.0,50.0
deterministic,robust,2,0.08,0.25,0.03,mutual_information,clean,cert_fail_tau0.95,True,,,,0,,,0.0,50.0
deterministic,robust,2,0.08,0.25,0.03,mutual_information,adv,adv_error,False,,,0.0,50,,,,
deterministic,robust,2,0.08,0.25,0.03,mutual_information,adv,cert_fail_tau0.5,True,,,,0,,,0.0,50.0
deterministic,robust,2,0.08,0.25,0.03,mutual_information,adv,cert_fail_tau0.9,True,,,,0,,,0.0,50.0
deterministic,robust,2,0.08,0.25,0.03,mutual_information,adv,cert_fail_tau0.95,True,,,,0,,,0.0,50.0
deterministic,robust,2,0.08,0.25,0.03,mutual_information,delta,adv_error,False,,,0.0,50,,,,
deterministic,robust,2,0.08,0.25,0.03,mutual_information,delta,cert_fail_tau0.5,True,,,,0,,,0.0,50.0
deterministic,robust,2,0.08,0.25,0.03,mutual_information,delta,cert_fail_tau0.9,True,,,,0,,,0.0,50.0
deterministic,robust,2,0.08,0.25,0.03,mutual_information,delta,cert_fail_tau0.95,True,,,,0,,,0.0,50.0
deterministic,robust,2,0.08,0.25,0.03,one_minus_confidence,clean,adv_error,False,,,0.0,50,,,,
deterministic,robust,2,0.08,0.25,0.03,one_minus_confidence,clean,cert_fail_tau0.5,True,,,,0,,,0.0,50.0
deterministic,robust,2,0.08,0.25,0.03,one_minus_confidence,clean,cert_fail_tau0.9,True,,,,0,,,0.0,50.0
deterministic,robust,2,0.08,0.25,0.03,one_minus_confidence,clean,cert_fail_tau0.95,True,,,,0,,,0.0,50.0
deterministic,robust,2,0.08,0.25,0.03,one_minus_confidence,adv,adv_error,False,,,0.0,50,,,,
deterministic,robust,2,0.08,0.25,0.03,one_minus_confidence,adv,cert_fail_tau0.5,True,,,,0,,,0.0,50.0
deterministic,robust,2,0.08,0.25,0.03,one_minus_confidence,adv,cert_fail_tau0.9,True,,,,0,,,0.0,50.0
deterministic,robust,2,0.08,0.25,0.03,one_minus_confidence,adv,cert_fail_tau0.95,True,,,,0,,,0.0,50.0
deterministic,robust,2,0.08,0.25,0.03,one_minus_confidence,delta,adv_error,False,,,0.0,50,,,,
deterministic,robust,2,0.08,0.25,0.03,one_minus_confidence,delta,cert_fail_tau0.5,True,,,,0,,,0.0,50.0
deterministic,robust,2,0.08,0.25,0.03,one_minus_confidence,delta,cert_fail_tau0.9,True,,,,0,,,0.0,50.0
deterministic,robust,2,0.08,0.25,0.03,one_minus_confidence,delta,cert_fail_tau0.95,True,,,,0,,,0.0,50.0
deterministic,robust,2,0.08,0.25,0.05,mutual_information,clean,adv_error,False,,,0.0,50,0.22274214651765414,,,
deterministic,robust,2,0.08,0.25,0.05,mutual_information,clean,cert_fail_tau0.5,False,,,0.0,49,,,49.0,1.0
deterministic,robust,2,0.08,0.25,0.05,mutual_information,clean,cert_fail_tau0.9,False,,,0.0,49,,,49.0,1.0
deterministic,robust,2,0.08,0.25,0.05,mutual_information,clean,cert_fail_tau0.95,True,,,,0,,,0.0,50.0
deterministic,robust,2,0.08,0.25,0.05,mutual_information,adv,adv_error,False,,,0.0,50,-0.074249164972599,,,
deterministic,robust,2,0.08,0.25,0.05,mutual_information,adv,cert_fail_tau0.5,False,,,0.0,49,,,49.0,1.0
deterministic,robust,2,0.08,0.25,0.05,mutual_information,adv,cert_fail_tau0.9,False,,,0.0,49,,,49.0,1.0
deterministic,robust,2,0.08,0.25,0.05,mutual_information,adv,cert_fail_tau0.95,True,,,,0,,,0.0,50.0
deterministic,robust,2,0.08,0.25,0.05,mutual_information,delta,adv_error,False,,,0.0,50,-0.2128373852359657,,,
deterministic,robust,2,0.08,0.25,0.05,mutual_information,delta,cert_fail_tau0.5,False,,,0.0,49,,,49.0,1.0
deterministic,robust,2,0.08,0.25,0.05,mutual_information,delta,cert_fail_tau0.9,False,,,0.0,49,,,49.0,1.0
deterministic,robust,2,0.08,0.25,0.05,mutual_information,delta,cert_fail_tau0.95,True,,,,0,,,0.0,50.0
deterministic,robust,2,0.08,0.25,0.05,one_minus_confidence,clean,adv_error,False,,,0.0,50,0.2703206470233276,,,
deterministic,robust,2,0.08,0.25,0.05,one_minus_confidence,clean,cert_fail_tau0.5,False,,,0.0,49,,,49.0,1.0
deterministic,robust,2,0.08,0.25,0.05,one_minus_confidence,clean,cert_fail_tau0.9,False,,,0.0,49,,,49.0,1.0
deterministic,robust,2,0.08,0.25,0.05,one_minus_confidence,clean,cert_fail_tau0.95,True,,,,0,,,0.0,50.0
deterministic,robust,2,0.08,0.25,0.05,one_minus_confidence,adv,adv_error,False,,,0.0,50,0.24330208012648108,,,
deterministic,robust,2,0.08,0.25,0.05,one_minus_confidence,adv,cert_fail_tau0.5,False,,,0.0,49,,,49.0,1.0
deterministic,robust,2,0.08,0.25,0.05,one_minus_confidence,adv,cert_fail_tau0.9,False,,,0.0,49,,,49.0,1.0
deterministic,robust,2,0.08,0.25,0.05,one_minus_confidence,adv,cert_fail_tau0.95,True,,,,0,,,0.0,50.0
deterministic,robust,2,0.08,0.25,0.05,one_minus_confidence,delta,adv_error,False,,,0.0,50,0.24330208012648108,,,
deterministic,robust,2,0.08,0.25,0.05,one_minus_confidence,delta,cert_fail_tau0.5,False,,,0.0,49,,,49.0,1.0
deterministic,robust,2,0.08,0.25,0.05,one_minus_confidence,delta,cert_fail_tau0.9,False,,,0.0,49,,,49.0,1.0
deterministic,robust,2,0.08,0.25,0.05,one_minus_confidence,delta,cert_fail_tau0.95,True,,,,0,,,0.0,50.0
deterministic,robust,2,0.08,0.25,0.07,mutual_information,clean,adv_error,False,0.9591836734693877,0.3333333333333333,0.02,50,-0.2009629144137057,0.22274214651765414,,
deterministic,robust,2,0.08,0.25,0.07,mutual_information,clean,cert_fail_tau0.5,False,0.9555555555555556,0.3333333333333333,0.021739130434782608,46,,,46.0,4.0
deterministic,robust,2,0.08,0.25,0.07,mutual_information,clean,cert_fail_tau0.9,False,0.9555555555555556,0.3333333333333333,0.021739130434782608,46,,,46.0,4.0
deterministic,robust,2,0.08,0.25,0.07,mutual_information,clean,cert_fail_tau0.95,True,,,1.0,1,,,1.0,49.0
deterministic,robust,2,0.08,0.25,0.07,mutual_information,adv,adv_error,False,0.4897959183673469,0.038461538461538464,0.02,50,-0.22638289004506001,-0.004950063193405104,,
deterministic,robust,2,0.08,0.25,0.07,mutual_information,adv,cert_fail_tau0.5,False,0.4444444444444444,0.038461538461538464,0.021739130434782608,46,,,46.0,4.0
deterministic,robust,2,0.08,0.25,0.07,mutual_information,adv,cert_fail_tau0.9,False,0.4444444444444444,0.038461538461538464,0.021739130434782608,46,,,46.0,4.0
deterministic,robust,2,0.08,0.25,0.07,mutual_information,adv,cert_fail_tau0.95,True,,,1.0,1,,,1.0,49.0
deterministic,robust,2,0.08,0.25,0.07,mutual_information,delta,adv_error,False,0.061224489795918366,0.02127659574468085,0.02,50,-0.18247918455114576,-0.2128373852359657,,
deterministic,robust,2,0.08,0.25,0.07,mutual_information,delta,cert_fail_tau0.5,False,0.06666666666666667,0.023255813953488372,0.021739130434782608,46,,,46.0,4.0
deterministic,robust,2,0.08,0.25,0.07,mutual_information,delta,cert_fail_tau0.9,False,0.06666666666666667,0.023255813953488372,0.021739130434782608,46,,,46.0,4.0
deterministic,robust,2,0.08,0.25,0.07,mutual_information,delta,cert_fail_tau0.95,True,,,1.0,1,,,1.0,49.0
deterministic,robust,2,0.08,0.25,0.07,one_minus_confidence,clean,adv_error,False,1.0,1.0,0.02,50,0.37844890583265867,0.2703206470233276,,
deterministic,robust,2,0.08,0.25,0.07,one_minus_confidence,clean,cert_fail_tau0.5,False,1.0,1.0,0.021739130434782608,46,,,46.0,4.0
deterministic,robust,2,0.08,0.25,0.07,one_minus_confidence,clean,cert_fail_tau0.9,False,1.0,1.0,0.021739130434782608,46,,,46.0,4.0
deterministic,robust,2,0.08,0.25,0.07,one_minus_confidence,clean,cert_fail_tau0.95,True,,,1.0,1,,,1.0,49.0
deterministic,robust,2,0.08,0.25,0.07,one_minus_confidence,adv,adv_error,False,0.8979591836734694,0.16666666666666666,0.02,50,0.4966801946035181,0.19306173677279612,,
deterministic,robust,2,0.08,0.25,0.07,one_minus_confidence,adv,cert_fail_tau0.5,False,0.9555555555555556,0.3333333333333333,0.021739130434782608,46,,,46.0,4.0
deterministic,robust,2,0.08,0.25,0.07,one_minus_confidence,adv,cert_fail_tau0.9,False,0.9555555555555556,0.3333333333333333,0.021739130434782608,46,,,46.0,4.0
deterministic,robust,2,0.08,0.25,0.07,one_minus_confidence,adv,cert_fail_tau0.95,True,,,1.0,1,,,1.0,49.0
deterministic,robust,2,0.08,0.25,0.07,one_minus_confidence,delta,adv_error,False,0.8979591836734694,0.16666666666666666,0.02,50,0.4966801946035181,0.19306173677279612,,
deterministic,robust,2,0.08,0.25,0.07,one_minus_confidence,delta,cert_fail_tau0.5,False,0.9555555555555556,0.3333333333333333,0.021739130434782608,46,,,46.0,4.0
deterministic,robust,2,0.08,0.25,0.07,one_minus_confidence,delta,cert_fail_tau0.9,False,0.9555555555555556,0.3333333333333333,0.021739130434782608,46,,,46.0,4.0
deterministic,robust,2,0.08,0.25,0.07,one_minus_confidence,delta,cert_fail_tau0.95,True,,,1.0,1,,,1.0,49.0
deterministic,robust,2,0.08,0.25,0.08,mutual_information,clean,adv_error,False,0.3858695652173913,0.13897781125443304,0.08,50,-0.17774389203786012,-0.04960520992108082,,
deterministic,robust,2,0.08,0.25,0.08,mutual_information,clean,cert_fail_tau0.5,False,0.4186046511627907,0.15351937303156815,0.06521739130434782,46,,,46.0,4.0
deterministic,robust,2,0.08,0.25,0.08,mutual_information,clean,cert_fail_tau0.9,False,0.4186046511627907,0.15351937303156815,0.06521739130434782,46,,,46.0,4.0
deterministic,robust,2,0.08,0.25,0.08,mutual_information,clean,cert_fail_tau0.95,False,,1.0,1.0,3,,,3.0,47.0
deterministic,robust,2,0.08,0.25,0.08,mutual_information,adv,adv_error,False,0.28804347826086957,0.07416123019571297,0.08,50,-0.09786604650739054,-0.16633533285510085,,
deterministic,robust,2,0.08,0.25,0.08,mutual_information,adv,cert_fail_tau0.5,False,0.313953488372093,0.0608003108003108,0.06521739130434782,46,,,46.0,4.0
deterministic,robust,2,0.08,0.25,0.08,mutual_information,adv,cert_fail_tau0.9,False,0.313953488372093,0.0608003108003108,0.06521739130434782,46,,,46.0,4.0
deterministic,robust,2,0.08,0.25,0.08,mutual_information,adv,cert_fail_tau0.95,False,,1.0,1.0,3,,,3.0,47.0
deterministic,robust,2,0.08,0.25,0.08,mutual_information,delta,adv_error,False,0.2717391304347826,0.06569272445820433,0.08,50,-0.04992686079387488,-0.1721551244361941,,
deterministic,robust,2,0.08,0.25,0.08,mutual_information,delta,cert_fail_tau0.5,False,0.29457364341085274,0.059384164222873896,0.06521739130434782,46,,,46.0,4.0
deterministic,robust,2,0.08,0.25,0.08,mutual_information,delta,cert_fail_tau0.9,False,0.29457364341085274,0.059384164222873896,0.06521739130434782,46,,,46.0,4.0
deterministic,robust,2,0.08,0.25,0.08,mutual_information,delta,cert_fail_tau0.95,False,,1.0,1.0,3,,,3.0,47.0
deterministic,robust,2,0.08,0.25,0.08,one_minus_confidence,clean,adv_error,False,0.7771739130434783,0.5825,0.08,50,0.4451720875767281,0.40001542028486686,,
deterministic,robust,2,0.08,0.25,0.08,one_minus_confidence,clean,cert_fail_tau0.5,False,0.9457364341085271,0.7666666666666666,0.06521739130434782,46,,,46.0,4.0
deterministic,robust,2,0.08,0.25,0.08,one_minus_confidence,clean,cert_fail_tau0.9,False,0.9457364341085271,0.7666666666666666,0.06521739130434782,46,,,46.0,4.0
deterministic,robust,2,0.08,0.25,0.08,one_minus_confidence,clean,cert_fail_tau0.95,False,,1.0,1.0,3,,,3.0,47.0
deterministic,robust,2,0.08,0.25,0.08,one_minus_confidence,adv,adv_error,False,0.9619565217391305,0.7611111111111111,0.08,50,0.5891511028221206,0.35307237649710466,,
deterministic,robust,2,0.08,0.25,0.08,one_minus_confidence,adv,cert_fail_tau0.5,False,0.9844961240310077,0.8666666666666667,0.06521739130434782,46,,,46.0,4.0
deterministic,robust,2,0.08,0.25,0.08,one_minus_confidence,adv,cert_fail_tau0.9,False,0.9844961240310077,0.8666666666666667,0.06521739130434782,46,,,46.0,4.0
deterministic,robust,2,0.08,0.25,0.08,one_minus_confidence,adv,cert_fail_tau0.95,False,,1.0,1.0,3,,,3.0,47.0
deterministic,robust,2,0.08,0.25,0.08,one_minus_confidence,delta,adv_error,False,0.9619565217391305,0.7611111111111111,0.08,50,0.5891511028221206,0.35307237649710466,,
deterministic,robust,2,0.08,0.25,0.08,one_minus_confidence,delta,cert_fail_tau0.5,False,0.9844961240310077,0.8666666666666667,0.06521739130434782,46,,,46.0,4.0
deterministic,robust,2,0.08,0.25,0.08,one_minus_confidence,delta,cert_fail_tau0.9,False,0.9844961240310077,0.8666666666666667,0.06521739130434782,46,,,46.0,4.0
deterministic,robust,2,0.08,0.25,0.08,one_minus_confidence,delta,cert_fail_tau0.95,False,,1.0,1.0,3,,,3.0,47.0
deterministic,robust,2,0.08,0.25,0.1,mutual_information,clean,adv_error,False,0.3521594684385382,0.17724647476589894,0.14,50,-0.09637074661368861,-0.2009629144137057,,
deterministic,robust,2,0.08,0.25,0.1,mutual_information,clean,cert_fail_tau0.5,False,0.2864864864864865,0.14305655923302982,0.11904761904761904,42,,,42.0,8.0
deterministic,robust,2,0.08,0.25,0.1,mutual_information,clean,cert_fail_tau0.9,False,0.2864864864864865,0.14305655923302982,0.11904761904761904,42,,,42.0,8.0
deterministic,robust,2,0.08,0.25,0.1,mutual_information,clean,cert_fail_tau0.95,False,,1.0,1.0,5,,,5.0,45.0
deterministic,robust,2,0.08,0.25,0.1,mutual_information,adv,adv_error,False,0.4053156146179402,0.13191467374664945,0.14,50,-0.017380000664611237,-0.10626646024075272,,
deterministic,robust,2,0.08,0.25,0.1,mutual_information,adv,cert_fail_tau0.5,False,0.41621621621621624,0.1226984126984127,0.11904761904761904,42,,,42.0,8.0
deterministic,robust,2,0.08,0.25,0.1,mutual_information,adv,cert_fail_tau0.9,False,0.41621621621621624,0.1226984126984127,0.11904761904761904,42,,,42.0,8.0
deterministic,robust,2,0.08,0.25,0.1,mutual_information,adv,cert_fail_tau0.95,False,,1.0,1.0,5,,,5.0,45.0
deterministic,robust,2,0.08,0.25,0.1,mutual_information,delta,adv_error,False,0.4717607973421927,0.17250513544206555,0.14,50,0.01737791410470641,-0.0392676726249301,,
deterministic,robust,2,0.08,0.25,0.1,mutual_information,delta,cert_fail_tau0.5,False,0.4756756756756757,0.1402420957542909,0.11904761904761904,42,,,42.0,8.0
deterministic,robust,2,0.08,0.25,0.1,mutual_information,delta,cert_fail_tau0.9,False,0.4756756756756757,0.1402420957542909,0.11904761904761904,42,,,42.0,8.0
deterministic,robust,2,0.08,0.25,0.1,mutual_information,delta,cert_fail_tau0.95,False,,1.0,1.0,5,,,5.0,45.0
deterministic,robust,2,0.08,0.25,0.1,one_minus_confidence,clean,adv_error,False,0.8322259136212624,0.6917687074829931,0.14,50,0.3785707888027545,0.37844890583265867,,
deterministic,robust,2,0.08,0.25,0.1,one_minus_confidence,clean,cert_fail_tau0.5,False,0.8405405405405405,0.7126984126984127,0.11904761904761904,42,,,42.0,8.0
deterministic,robust,2,0.08,0.25,0.1,one_minus_confidence,clean,cert_fail_tau0.9,False,0.8405405405405405,0.7126984126984127,0.11904761904761904,42,,,42.0,8.0
deterministic,robust,2,0.08,0.25,0.1,one_minus_confidence,clean,cert_fail_tau0.95,False,,1.0,1.0,5,,,5.0,45.0
deterministic,robust,2,0.08,0.25,0.1,one_minus_confidence,adv,adv_error,False,0.8604651162790697,0.515139146567718,0.14,50,0.6556213048593783,0.29335261313918365,,
deterministic,robust,2,0.08,0.25,0.1,one_minus_confidence,adv,cert_fail_tau0.5,False,0.8918918918918919,0.512156862745098,0.11904761904761904,42,,,42.0,8.0
deterministic,robust,2,0.08,0.25,0.1,one_minus_confidence,adv,cert_fail_tau0.9,False,0.8918918918918919,0.512156862745098,0.11904761904761904,42,,,42.0,8.0
deterministic,robust,2,0.08,0.25,0.1,one_minus_confidence,adv,cert_fail_tau0.95,False,,1.0,1.0,5,,,5.0,45.0
deterministic,robust,2,0.08,0.25,0.1,one_minus_confidence,delta,adv_error,False,0.8504983388704319,0.5108534322820036,0.14,50,0.6461424426204476,0.279493434565679,,
deterministic,robust,2,0.08,0.25,0.1,one_minus_confidence,delta,cert_fail_tau0.5,False,0.8756756756756757,0.5033333333333333,0.11904761904761904,42,,,42.0,8.0
deterministic,robust,2,0.08,0.25,0.1,one_minus_confidence,delta,cert_fail_tau0.9,False,0.8756756756756757,0.5033333333333333,0.11904761904761904,42,,,42.0,8.0
deterministic,robust,2,0.08,0.25,0.1,one_minus_confidence,delta,cert_fail_tau0.95,False,,1.0,1.0,5,,,5.0,45.0
deterministic,robust,2,0.08,0.25,0.15,mutual_information,clean,adv_error,False,0.5016666666666667,0.4573499734983255,0.4,50,,,,
deterministic,robust,2,0.08,0.25,0.15,mutual_information,clean,cert_fail_tau0.5,True,,,,0,,,0.0,50.0
deterministic,robust,2,0.08,0.25,0.15,mutual_information,clean,cert_fail_tau0.9,True,,,,0,,,0.0,50.0
deterministic,robust,2,0.08,0.25,0.15,mutual_information,clean,cert_fail_tau0.95,True,,,,0,,,0.0,50.0
deterministic,robust,2,0.08,0.25,0.15,mutual_information,adv,adv_error,False,0.4575,0.3784207335804191,0.4,50,,,,
deterministic,robust,2,0.08,0.25,0.15,mutual_information,adv,cert_fail_tau0.5,True,,,,0,,,0.0,50.0
deterministic,robust,2,0.08,0.25,0.15,mutual_information,adv,cert_fail_tau0.9,True,,,,0,,,0.0,50.0
deterministic,robust,2,0.08,0.25,0.15,mutual_information,adv,cert_fail_tau0.95,True,,,,0,,,0.0,50.0
deterministic,robust,2,0.08,0.25,0.15,mutual_information,delta,adv_error,False,0.515,0.4145906874541404,0.4,50,,,,
deterministic,robust,2,0.08,0.25,0.15,mutual_information,delta,cert_fail_tau0.5,True,,,,0,,,0.0,50.0
deterministic,robust,2,0.08,0.25,0.15,mutual_information,delta,cert_fail_tau0.9,True,,,,0,,,0.0,50.0
deterministic,robust,2,0.08,0.25,0.15,mutual_information,delta,cert_fail_tau0.95,True,,,,0,,,0.0,50.0
deterministic,robust,2,0.08,0.25,0.15,one_minus_confidence,clean,adv_error,False,0.655,0.589666024335142,0.4,50,,,,
deterministic,robust,2,0.08,0.25,0.15,one_minus_confidence,clean,cert_fail_tau0.5,True,,,,0,,,0.0,50.0
deterministic,robust,2,0.08,0.25,0.15,one_minus_confidence,clean,cert_fail_tau0.9,True,,,,0,,,0.0,50.0
deterministic,robust,2,0.08,0.25,0.15,one_minus_confidence,clean,cert_fail_tau0.95,True,,,,0,,,0.0,50.0
deterministic,robust,2,0.08,0.25,0.15,one_minus_confidence,adv,adv_error,False,0.6583333333333333,0.607018187001491,0.4,50,,,,
deterministic,robust,2,0.08,0.25,0.15,one_minus_confidence,adv,cert_fail_tau0.5,True,,,,0,,,0.0,50.0
deterministic,robust,2,0.08,0.25,0.15,one_minus_confidence,adv,cert_fail_tau0.9,True,,,,0,,,0.0,50.0
deterministic,robust,2,0.08,0.25,0.15,one_minus_confidence,adv,cert_fail_tau0.95,True,,,,0,,,0.0,50.0
deterministic,robust,2,0.08,0.25,0.15,one_minus_confidence,delta,adv_error,False,0.655,0.6061889244454047,0.4,50,,,,
deterministic,robust,2,0.08,0.25,0.15,one_minus_confidence,delta,cert_fail_tau0.5,True,,,,0,,,0.0,50.0
deterministic,robust,2,0.08,0.25,0.15,one_minus_confidence,delta,cert_fail_tau0.9,True,,,,0,,,0.0,50.0
deterministic,robust,2,0.08,0.25,0.15,one_minus_confidence,delta,cert_fail_tau0.95,True,,,,0,,,0.0,50.0
deterministic,robust,3,0.08,0.25,0.01,mutual_information,clean,adv_error,False,,,0.0,50,,,,
deterministic,robust,3,0.08,0.25,0.01,mutual_information,clean,cert_fail_tau0.5,False,,,0.0,50,,,50.0,0.0
deterministic,robust,3,0.08,0.25,0.01,mutual_information,clean,cert_fail_tau0.9,False,,,0.0,50,,,50.0,0.0
deterministic,robust,3,0.08,0.25,0.01,mutual_information,clean,cert_fail_tau0.95,True,,,,0,,,0.0,50.0
deterministic,robust,3,0.08,0.25,0.01,mutual_information,adv,adv_error,False,,,0.0,50,,,,
deterministic,robust,3,0.08,0.25,0.01,mutual_information,adv,cert_fail_tau0.5,False,,,0.0,50,,,50.0,0.0
deterministic,robust,3,0.08,0.25,0.01,mutual_information,adv,cert_fail_tau0.9,False,,,0.0,50,,,50.0,0.0
deterministic,robust,3,0.08,0.25,0.01,mutual_information,adv,cert_fail_tau0.95,True,,,,0,,,0.0,50.0
deterministic,robust,3,0.08,0.25,0.01,mutual_information,delta,adv_error,False,,,0.0,50,,,,
deterministic,robust,3,0.08,0.25,0.01,mutual_information,delta,cert_fail_tau0.5,False,,,0.0,50,,,50.0,0.0
deterministic,robust,3,0.08,0.25,0.01,mutual_information,delta,cert_fail_tau0.9,False,,,0.0,50,,,50.0,0.0
deterministic,robust,3,0.08,0.25,0.01,mutual_information,delta,cert_fail_tau0.95,True,,,,0,,,0.0,50.0
deterministic,robust,3,0.08,0.25,0.01,one_minus_confidence,clean,adv_error,False,,,0.0,50,,,,
deterministic,robust,3,0.08,0.25,0.01,one_minus_confidence,clean,cert_fail_tau0.5,False,,,0.0,50,,,50.0,0.0
deterministic,robust,3,0.08,0.25,0.01,one_minus_confidence,clean,cert_fail_tau0.9,False,,,0.0,50,,,50.0,0.0
deterministic,robust,3,0.08,0.25,0.01,one_minus_confidence,clean,cert_fail_tau0.95,True,,,,0,,,0.0,50.0
deterministic,robust,3,0.08,0.25,0.01,one_minus_confidence,adv,adv_error,False,,,0.0,50,,,,
deterministic,robust,3,0.08,0.25,0.01,one_minus_confidence,adv,cert_fail_tau0.5,False,,,0.0,50,,,50.0,0.0
deterministic,robust,3,0.08,0.25,0.01,one_minus_confidence,adv,cert_fail_tau0.9,False,,,0.0,50,,,50.0,0.0
deterministic,robust,3,0.08,0.25,0.01,one_minus_confidence,adv,cert_fail_tau0.95,True,,,,0,,,0.0,50.0
deterministic,robust,3,0.08,0.25,0.01,one_minus_confidence,delta,adv_error,False,,,0.0,50,,,,
deterministic,robust,3,0.08,0.25,0.01,one_minus_confidence,delta,cert_fail_tau0.5,False,,,0.0,50,,,50.0,0.0
deterministic,robust,3,0.08,0.25,0.01,one_minus_confidence,delta,cert_fail_tau0.9,False,,,0.0,50,,,50.0,0.0
deterministic,robust,3,0.08,0.25,0.01,one_minus_confidence,delta,cert_fail_tau0.95,True,,,,0,,,0.0,50.0
deterministic,robust,3,0.08,0.25,0.03,mutual_information,clean,adv_error,False,,,0.0,50,,,,
deterministic,robust,3,0.08,0.25,0.03,mutual_information,clean,cert_fail_tau0.5,True,,,,0,,,0.0,50.0
deterministic,robust,3,0.08,0.25,0.03,mutual_information,clean,cert_fail_tau0.9,True,,,,0,,,0.0,50.0
deterministic,robust,3,0.08,0.25,0.03,mutual_information,clean,cert_fail_tau0.95,True,,,,0,,,0.0,50.0
deterministic,robust,3,0.08,0.25,0.03,mutual_information,adv,adv_error,False,,,0.0,50,,,,
deterministic,robust,3,0.08,0.25,0.03,mutual_information,adv,cert_fail_tau0.5,True,,,,0,,,0.0,50.0
deterministic,robust,3,0.08,0.25,0.03,mutual_information,adv,cert_fail_tau0.9,True,,,,0,,,0.0,50.0
deterministic,robust,3,0.08,0.25,0.03,mutual_information,adv,cert_fail_tau0.95,True,,,,0,,,0.0,50.0
deterministic,robust,3,0.08,0.25,0.03,mutual_information,delta,adv_error,False,,,0.0,50,,,,
deterministic,robust,3,0.08,0.25,0.03,mutual_information,delta,cert_fail_tau0.5,True,,,,0,,,0.0,50.0
deterministic,robust,3,0.08,0.25,0.03,mutual_information,delta,cert_fail_tau0.9,True,,,,0,,,0.0,50.0
deterministic,robust,3,0.08,0.25,0.03,mutual_information,delta,cert_fail_tau0.95,True,,,,0,,,0.0,50.0
deterministic,robust,3,0.08,0.25,0.03,one_minus_confidence,clean,adv_error,False,,,0.0,50,,,,
deterministic,robust,3,0.08,0.25,0.03,one_minus_confidence,clean,cert_fail_tau0.5,True,,,,0,,,0.0,50.0
deterministic,robust,3,0.08,0.25,0.03,one_minus_confidence,clean,cert_fail_tau0.9,True,,,,0,,,0.0,50.0
deterministic,robust,3,0.08,0.25,0.03,one_minus_confidence,clean,cert_fail_tau0.95,True,,,,0,,,0.0,50.0
deterministic,robust,3,0.08,0.25,0.03,one_minus_confidence,adv,adv_error,False,,,0.0,50,,,,
deterministic,robust,3,0.08,0.25,0.03,one_minus_confidence,adv,cert_fail_tau0.5,True,,,,0,,,0.0,50.0
deterministic,robust,3,0.08,0.25,0.03,one_minus_confidence,adv,cert_fail_tau0.9,True,,,,0,,,0.0,50.0
deterministic,robust,3,0.08,0.25,0.03,one_minus_confidence,adv,cert_fail_tau0.95,True,,,,0,,,0.0,50.0
deterministic,robust,3,0.08,0.25,0.03,one_minus_confidence,delta,adv_error,False,,,0.0,50,,,,
deterministic,robust,3,0.08,0.25,0.03,one_minus_confidence,delta,cert_fail_tau0.5,True,,,,0,,,0.0,50.0
deterministic,robust,3,0.08,0.25,0.03,one_minus_confidence,delta,cert_fail_tau0.9,True,,,,0,,,0.0,50.0
deterministic,robust,3,0.08,0.25,0.03,one_minus_confidence,delta,cert_fail_tau0.95,True,,,,0,,,0.0,50.0
deterministic,robust,3,0.08,0.25,0.05,mutual_information,clean,adv_error,False,,,0.0,50,-0.21925222016697934,,,
deterministic,robust,3,0.08,0.25,0.05,mutual_information,clean,cert_fail_tau0.5,False,,,0.0,48,,,48.0,2.0
deterministic,robust,3,0.08,0.25,0.05,mutual_information,clean,cert_fail_tau0.9,False,,,0.0,48,,,48.0,2.0
deterministic,robust,3,0.08,0.25,0.05,mutual_information,clean,cert_fail_tau0.95,True,,,,0,,,0.0,50.0
deterministic,robust,3,0.08,0.25,0.05,mutual_information,adv,adv_error,False,,,0.0,50,0.02121795679035284,,,
deterministic,robust,3,0.08,0.25,0.05,mutual_information,adv,cert_fail_tau0.5,False,,,0.0,48,,,48.0,2.0
deterministic,robust,3,0.08,0.25,0.05,mutual_information,adv,cert_fail_tau0.9,False,,,0.0,48,,,48.0,2.0
deterministic,robust,3,0.08,0.25,0.05,mutual_information,adv,cert_fail_tau0.95,True,,,,0,,,0.0,50.0
deterministic,robust,3,0.08,0.25,0.05,mutual_information,delta,adv_error,False,,,0.0,50,0.15559461389633453,,,
deterministic,robust,3,0.08,0.25,0.05,mutual_information,delta,cert_fail_tau0.5,False,,,0.0,48,,,48.0,2.0
deterministic,robust,3,0.08,0.25,0.05,mutual_information,delta,cert_fail_tau0.9,False,,,0.0,48,,,48.0,2.0
deterministic,robust,3,0.08,0.25,0.05,mutual_information,delta,cert_fail_tau0.95,True,,,,0,,,0.0,50.0
deterministic,robust,3,0.08,0.25,0.05,one_minus_confidence,clean,adv_error,False,,,0.0,50,0.2176244733916102,,,
deterministic,robust,3,0.08,0.25,0.05,one_minus_confidence,clean,cert_fail_tau0.5,False,,,0.0,48,,,48.0,2.0
deterministic,robust,3,0.08,0.25,0.05,one_minus_confidence,clean,cert_fail_tau0.9,False,,,0.0,48,,,48.0,2.0
deterministic,robust,3,0.08,0.25,0.05,one_minus_confidence,clean,cert_fail_tau0.95,True,,,,0,,,0.0,50.0
deterministic,robust,3,0.08,0.25,0.05,one_minus_confidence,adv,adv_error,False,,,0.0,50,0.32562359075000696,,,
deterministic,robust,3,0.08,0.25,0.05,one_minus_confidence,adv,cert_fail_tau0.5,False,,,0.0,48,,,48.0,2.0
deterministic,robust,3,0.08,0.25,0.05,one_minus_confidence,adv,cert_fail_tau0.9,False,,,0.0,48,,,48.0,2.0
deterministic,robust,3,0.08,0.25,0.05,one_minus_confidence,adv,cert_fail_tau0.95,True,,,,0,,,0.0,50.0
deterministic,robust,3,0.08,0.25,0.05,one_minus_confidence,delta,adv_error,False,,,0.0,50,0.32562359075000696,,,
deterministic,robust,3,0.08,0.25,0.05,one_minus_confidence,delta,cert_fail_tau0.5,False,,,0.0,48,,,48.0,2.0
deterministic,robust,3,0.08,0.25,0.05,one_minus_confidence,delta,cert_fail_tau0.9,False,,,0.0,48,,,48.0,2.0
deterministic,robust,3,0.08,0.25,0.05,one_minus_confidence,delta,cert_fail_tau0.95,True,,,,0,,,0.0,50.0
deterministic,robust,3,0.08,0.25,0.07,mutual_information,clean,adv_error,False,0.20567375886524822,0.04973544973544974,0.06,50,-0.08684762218408293,-0.2421901425558652,,
deterministic,robust,3,0.08,0.25,0.07,mutual_information,clean,cert_fail_tau0.5,False,0.21014492753623187,0.05100807052026564,0.061224489795918366,49,,,49.0,1.0
deterministic,robust,3,0.08,0.25,0.07,mutual_information,clean,cert_fail_tau0.9,False,0.21014492753623187,0.05100807052026564,0.061224489795918366,49,,,49.0,1.0
deterministic,robust,3,0.08,0.25,0.07,mutual_information,clean,cert_fail_tau0.95,False,,1.0,1.0,3,,,3.0,47.0
deterministic,robust,3,0.08,0.25,0.07,mutual_information,adv,adv_error,False,0.3333333333333333,0.05861304853240337,0.06,50,-0.09962172335049174,-0.13714710870957503,,
deterministic,robust,3,0.08,0.25,0.07,mutual_information,adv,cert_fail_tau0.5,False,0.34057971014492755,0.060394265232974906,0.061224489795918366,49,,,49.0,1.0
deterministic,robust,3,0.08,0.25,0.07,mutual_information,adv,cert_fail_tau0.9,False,0.34057971014492755,0.060394265232974906,0.061224489795918366,49,,,49.0,1.0
deterministic,robust,3,0.08,0.25,0.07,mutual_information,adv,cert_fail_tau0.95,False,,1.0,1.0,3,,,3.0,47.0
deterministic,robust,3,0.08,0.25,0.07,mutual_information,delta,adv_error,False,0.48226950354609927,0.07298850574712644,0.06,50,-0.09195409798099091,-0.014589417325101196,,
deterministic,robust,3,0.08,0.25,0.07,mutual_information,delta,cert_fail_tau0.5,False,0.47101449275362317,0.07298850574712644,0.061224489795918366,49,,,49.0,1.0
deterministic,robust,3,0.08,0.25,0.07,mutual_information,delta,cert_fail_tau0.9,False,0.47101449275362317,0.07298850574712644,0.061224489795918366,49,,,49.0,1.0
deterministic,robust,3,0.08,0.25,0.07,mutual_information,delta,cert_fail_tau0.95,False,,1.0,1.0,3,,,3.0,47.0
deterministic,robust,3,0.08,0.25,0.07,one_minus_confidence,clean,adv_error,False,0.8262411347517731,0.4583333333333333,0.06,50,0.3281757934641307,0.2898322878835497,,
deterministic,robust,3,0.08,0.25,0.07,one_minus_confidence,clean,cert_fail_tau0.5,False,0.8297101449275363,0.4601449275362319,0.061224489795918366,49,,,49.0,1.0
deterministic,robust,3,0.08,0.25,0.07,one_minus_confidence,clean,cert_fail_tau0.9,False,0.8297101449275363,0.4601449275362319,0.061224489795918366,49,,,49.0,1.0
deterministic,robust,3,0.08,0.25,0.07,one_minus_confidence,clean,cert_fail_tau0.95,False,,1.0,1.0,3,,,3.0,47.0
deterministic,robust,3,0.08,0.25,0.07,one_minus_confidence,adv,adv_error,False,0.9361702127659575,0.3873015873015873,0.06,50,0.439357344007297,0.35891690151654737,,
deterministic,robust,3,0.08,0.25,0.07,one_minus_confidence,adv,cert_fail_tau0.5,False,0.9565217391304348,0.5,0.061224489795918366,49,,,49.0,1.0
deterministic,robust,3,0.08,0.25,0.07,one_minus_confidence,adv,cert_fail_tau0.9,False,0.9565217391304348,0.5,0.061224489795918366,49,,,49.0,1.0
deterministic,robust,3,0.08,0.25,0.07,one_minus_confidence,adv,cert_fail_tau0.95,False,,1.0,1.0,3,,,3.0,47.0
deterministic,robust,3,0.08,0.25,0.07,one_minus_confidence,delta,adv_error,False,0.9361702127659575,0.3873015873015873,0.06,50,0.439357344007297,0.35891690151654737,,
deterministic,robust,3,0.08,0.25,0.07,one_minus_confidence,delta,cert_fail_tau0.5,False,0.9565217391304348,0.5,0.061224489795918366,49,,,49.0,1.0
deterministic,robust,3,0.08,0.25,0.07,one_minus_confidence,delta,cert_fail_tau0.9,False,0.9565217391304348,0.5,0.061224489795918366,49,,,49.0,1.0
deterministic,robust,3,0.08,0.25,0.07,one_minus_confidence,delta,cert_fail_tau0.95,False,,1.0,1.0,3,,,3.0,47.0
deterministic,robust,3,0.08,0.25,0.08,mutual_information,clean,adv_error,False,0.4076086956521739,0.3064484126984127,0.08,50,-0.07676945617262608,-0.08684762218408293,,
deterministic,robust,3,0.08,0.25,0.08,mutual_information,clean,cert_fail_tau0.5,False,0.3977272727272727,0.30790672741892255,0.08333333333333333,48,,,48.0,2.0
deterministic,robust,3,0.08,0.25,0.08,mutual_information,clean,cert_fail_tau0.9,False,0.3977272727272727,0.30790672741892255,0.08333333333333333,48,,,48.0,2.0
deterministic,robust,3,0.08,0.25,0.08,mutual_information,clean,cert_fail_tau0.95,False,,1.0,1.0,4,,,4.0,46.0
deterministic,robust,3,0.08,0.25,0.08,mutual_information,adv,adv_error,False,0.37771739130434784,0.07628735998301216,0.08,50,-0.09382933532209854,-0.1149453823024627,,
deterministic,robust,3,0.08,0.25,0.08,mutual_information,adv,cert_fail_tau0.5,False,0.3806818181818182,0.08016042780748664,0.08333333333333333,48,,,48.0,2.0
deterministic,robust,3,0.08,0.25,0.08,mutual_information,adv,cert_fail_tau0.9,False,0.3806818181818182,0.08016042780748664,0.08333333333333333,48,,,48.0,2.0
deterministic,robust,3,0.08,0.25,0.08,mutual_information,adv,cert_fail_tau0.95,False,,1.0,1.0,4,,,4.0,46.0
deterministic,robust,3,0.08,0.25,0.08,mutual_information,delta,adv_error,False,0.41304347826086957,0.0853973407544836,0.08,50,-0.05544327601674941,-0.08173697598310303,,
deterministic,robust,3,0.08,0.25,0.08,mutual_information,delta,cert_fail_tau0.5,False,0.4090909090909091,0.08756447453255964,0.08333333333333333,48,,,48.0,2.0
deterministic,robust,3,0.08,0.25,0.08,mutual_information,delta,cert_fail_tau0.9,False,0.4090909090909091,0.08756447453255964,0.08333333333333333,48,,,48.0,2.0
deterministic,robust,3,0.08,0.25,0.08,mutual_information,delta,cert_fail_tau0.95,False,,1.0,1.0,4,,,4.0,46.0
deterministic,robust,3,0.08,0.25,0.08,one_minus_confidence,clean,adv_error,False,0.8233695652173914,0.4166666666666667,0.08,50,0.47658116667241224,0.3281757934641307,,
deterministic,robust,3,0.08,0.25,0.08,one_minus_confidence,clean,cert_fail_tau0.5,False,0.8494318181818182,0.4537878787878788,0.08333333333333333,48,,,48.0,2.0
deterministic,robust,3,0.08,0.25,0.08,one_minus_confidence,clean,cert_fail_tau0.9,False,0.8494318181818182,0.4537878787878788,0.08333333333333333,48,,,48.0,2.0
deterministic,robust,3,0.08,0.25,0.08,one_minus_confidence,clean,cert_fail_tau0.95,False,,1.0,1.0,4,,,4.0,46.0
deterministic,robust,3,0.08,0.25,0.08,one_minus_confidence,adv,adv_error,False,0.9239130434782609,0.5381944444444444,0.08,50,0.5288435558520713,0.3984677579176273,,
deterministic,robust,3,0.08,0.25,0.08,one_minus_confidence,adv,cert_fail_tau0.5,False,0.9545454545454546,0.6428571428571428,0.08333333333333333,48,,,48.0,2.0
deterministic,robust,3,0.08,0.25,0.08,one_minus_confidence,adv,cert_fail_tau0.9,False,0.9545454545454546,0.6428571428571428,0.08333333333333333,48,,,48.0,2.0
deterministic,robust,3,0.08,0.25,0.08,one_minus_confidence,adv,cert_fail_tau0.95,False,,1.0,1.0,4,,,4.0,46.0
deterministic,robust,3,0.08,0.25,0.08,one_minus_confidence,delta,adv_error,False,0.907608695652174,0.5104166666666666,0.08,50,0.5160489536943599,0.38314207492079544,,
deterministic,robust,3,0.08,0.25,0.08,one_minus_confidence,delta,cert_fail_tau0.5,False,0.9375,0.6,0.08333333333333333,48,,,48.0,2.0
deterministic,robust,3,0.08,0.25,0.08,one_minus_confidence,delta,cert_fail_tau0.9,False,0.9375,0.6,0.08333333333333333,48,,,48.0,2.0
deterministic,robust,3,0.08,0.25,0.08,one_minus_confidence,delta,cert_fail_tau0.95,False,,1.0,1.0,4,,,4.0,46.0
deterministic,robust,3,0.08,0.25,0.1,mutual_information,clean,adv_error,False,0.42424242424242425,0.2859591354272205,0.12,50,-0.30807041950277503,0.0069297556694381274,,
deterministic,robust,3,0.08,0.25,0.1,mutual_information,clean,cert_fail_tau0.5,False,0.4702702702702703,0.32520884520884524,0.11904761904761904,42,,,42.0,8.0
deterministic,robust,3,0.08,0.25,0.1,mutual_information,clean,cert_fail_tau0.9,False,0.4702702702702703,0.32520884520884524,0.11904761904761904,42,,,42.0,8.0
deterministic,robust,3,0.08,0.25,0.1,mutual_information,clean,cert_fail_tau0.95,False,,1.0,1.0,5,,,5.0,45.0
deterministic,robust,3,0.08,0.25,0.1,mutual_information,adv,adv_error,False,0.4128787878787879,0.11464646464646465,0.12,50,-0.09954000380640982,-0.07161435364050728,,
deterministic,robust,3,0.08,0.25,0.1,mutual_information,adv,cert_fail_tau0.5,False,0.4243243243243243,0.12104330756962335,0.11904761904761904,42,,,42.0,8.0
deterministic,robust,3,0.08,0.25,0.1,mutual_information,adv,cert_fail_tau0.9,False,0.4243243243243243,0.12104330756962335,0.11904761904761904,42,,,42.0,8.0
deterministic,robust,3,0.08,0.25,0.1,mutual_information,adv,cert_fail_tau0.95,False,,1.0,1.0,5,,,5.0,45.0
deterministic,robust,3,0.08,0.25,0.1,mutual_information,delta,adv_error,False,0.5151515151515151,0.16517381069568224,0.12,50,0.1058472950013936,-0.025408494051425357,,
deterministic,robust,3,0.08,0.25,0.1,mutual_information,delta,cert_fail_tau0.5,False,0.4972972972972973,0.1911867806989758,0.11904761904761904,42,,,42.0,8.0
deterministic,robust,3,0.08,0.25,0.1,mutual_information,delta,cert_fail_tau0.9,False,0.4972972972972973,0.1911867806989758,0.11904761904761904,42,,,42.0,8.0
deterministic,robust,3,0.08,0.25,0.1,mutual_information,delta,cert_fail_tau0.95,False,,1.0,1.0,5,,,5.0,45.0
deterministic,robust,3,0.08,0.25,0.1,one_minus_confidence,clean,adv_error,False,0.865530303030303,0.4810185185185185,0.12,50,0.49635104991555523,0.3990223459939854,,
deterministic,robust,3,0.08,0.25,0.1,one_minus_confidence,clean,cert_fail_tau0.5,False,0.8891891891891892,0.581045751633987,0.11904761904761904,42,,,42.0,8.0
deterministic,robust,3,0.08,0.25,0.1,one_minus_confidence,clean,cert_fail_tau0.9,False,0.8891891891891892,0.581045751633987,0.11904761904761904,42,,,42.0,8.0
deterministic,robust,3,0.08,0.25,0.1,one_minus_confidence,clean,cert_fail_tau0.95,False,,1.0,1.0,5,,,5.0,45.0
deterministic,robust,3,0.08,0.25,0.1,one_minus_confidence,adv,adv_error,False,0.7954545454545454,0.4013888888888889,0.12,50,0.6682597878446193,0.2517750774186695,,
deterministic,robust,3,0.08,0.25,0.1,one_minus_confidence,adv,cert_fail_tau0.5,False,0.8432432432432433,0.6954545454545454,0.11904761904761904,42,,,42.0,8.0
deterministic,robust,3,0.08,0.25,0.1,one_minus_confidence,adv,cert_fail_tau0.9,False,0.8432432432432433,0.6954545454545454,0.11904761904761904,42,,,42.0,8.0
deterministic,robust,3,0.08,0.25,0.1,one_minus_confidence,adv,cert_fail_tau0.95,False,,1.0,1.0,5,,,5.0,45.0
deterministic,robust,3,0.08,0.25,0.1,one_minus_confidence,delta,adv_error,False,0.7196969696969697,0.3880555555555556,0.12,50,0.6050673729184143,0.15938055359530454,,
deterministic,robust,3,0.08,0.25,0.1,one_minus_confidence,delta,cert_fail_tau0.5,False,0.7351351351351352,0.6738095238095239,0.11904761904761904,42,,,42.0,8.0
deterministic,robust,3,0.08,0.25,0.1,one_minus_confidence,delta,cert_fail_tau0.9,False,0.7351351351351352,0.6738095238095239,0.11904761904761904,42,,,42.0,8.0
deterministic,robust,3,0.08,0.25,0.1,one_minus_confidence,delta,cert_fail_tau0.95,False,,1.0,1.0,5,,,5.0,45.0
deterministic,robust,3,0.08,0.25,0.15,mutual_information,clean,adv_error,False,0.3741883116883117,0.42520169829358195,0.44,50,,,,
deterministic,robust,3,0.08,0.25,0.15,mutual_information,clean,cert_fail_tau0.5,True,,,,0,,,0.0,50.0
deterministic,robust,3,0.08,0.25,0.15,mutual_information,clean,cert_fail_tau0.9,True,,,,0,,,0.0,50.0
deterministic,robust,3,0.08,0.25,0.15,mutual_information,clean,cert_fail_tau0.95,True,,,,0,,,0.0,50.0
deterministic,robust,3,0.08,0.25,0.15,mutual_information,adv,adv_error,False,0.5673701298701299,0.5150356466735846,0.44,50,,,,
deterministic,robust,3,0.08,0.25,0.15,mutual_information,adv,cert_fail_tau0.5,True,,,,0,,,0.0,50.0
deterministic,robust,3,0.08,0.25,0.15,mutual_information,adv,cert_fail_tau0.9,True,,,,0,,,0.0,50.0
deterministic,robust,3,0.08,0.25,0.15,mutual_information,adv,cert_fail_tau0.95,True,,,,0,,,0.0,50.0
deterministic,robust,3,0.08,0.25,0.15,mutual_information,delta,adv_error,False,0.6136363636363636,0.5992465088532194,0.44,50,,,,
deterministic,robust,3,0.08,0.25,0.15,mutual_information,delta,cert_fail_tau0.5,True,,,,0,,,0.0,50.0
deterministic,robust,3,0.08,0.25,0.15,mutual_information,delta,cert_fail_tau0.9,True,,,,0,,,0.0,50.0
deterministic,robust,3,0.08,0.25,0.15,mutual_information,delta,cert_fail_tau0.95,True,,,,0,,,0.0,50.0
deterministic,robust,3,0.08,0.25,0.15,one_minus_confidence,clean,adv_error,False,0.663961038961039,0.6036994949494949,0.44,50,,,,
deterministic,robust,3,0.08,0.25,0.15,one_minus_confidence,clean,cert_fail_tau0.5,True,,,,0,,,0.0,50.0
deterministic,robust,3,0.08,0.25,0.15,one_minus_confidence,clean,cert_fail_tau0.9,True,,,,0,,,0.0,50.0
deterministic,robust,3,0.08,0.25,0.15,one_minus_confidence,clean,cert_fail_tau0.95,True,,,,0,,,0.0,50.0
deterministic,robust,3,0.08,0.25,0.15,one_minus_confidence,adv,adv_error,False,0.6818181818181818,0.65186127594921,0.44,50,,,,
deterministic,robust,3,0.08,0.25,0.15,one_minus_confidence,adv,cert_fail_tau0.5,True,,,,0,,,0.0,50.0
deterministic,robust,3,0.08,0.25,0.15,one_minus_confidence,adv,cert_fail_tau0.9,True,,,,0,,,0.0,50.0
deterministic,robust,3,0.08,0.25,0.15,one_minus_confidence,adv,cert_fail_tau0.95,True,,,,0,,,0.0,50.0
deterministic,robust,3,0.08,0.25,0.15,one_minus_confidence,delta,adv_error,False,0.6801948051948052,0.6514197655632038,0.44,50,,,,
deterministic,robust,3,0.08,0.25,0.15,one_minus_confidence,delta,cert_fail_tau0.5,True,,,,0,,,0.0,50.0
deterministic,robust,3,0.08,0.25,0.15,one_minus_confidence,delta,cert_fail_tau0.9,True,,,,0,,,0.0,50.0
deterministic,robust,3,0.08,0.25,0.15,one_minus_confidence,delta,cert_fail_tau0.95,True,,,,0,,,0.0,50.0
deterministic,robust,4,0.08,0.25,0.01,mutual_information,clean,adv_error,False,,,0.0,50,,,,
deterministic,robust,4,0.08,0.25,0.01,mutual_information,clean,cert_fail_tau0.5,False,,,0.0,50,,,50.0,0.0
deterministic,robust,4,0.08,0.25,0.01,mutual_information,clean,cert_fail_tau0.9,False,,,0.0,50,,,50.0,0.0
deterministic,robust,4,0.08,0.25,0.01,mutual_information,clean,cert_fail_tau0.95,True,,,,0,,,0.0,50.0
deterministic,robust,4,0.08,0.25,0.01,mutual_information,adv,adv_error,False,,,0.0,50,,,,
deterministic,robust,4,0.08,0.25,0.01,mutual_information,adv,cert_fail_tau0.5,False,,,0.0,50,,,50.0,0.0
deterministic,robust,4,0.08,0.25,0.01,mutual_information,adv,cert_fail_tau0.9,False,,,0.0,50,,,50.0,0.0
deterministic,robust,4,0.08,0.25,0.01,mutual_information,adv,cert_fail_tau0.95,True,,,,0,,,0.0,50.0
deterministic,robust,4,0.08,0.25,0.01,mutual_information,delta,adv_error,False,,,0.0,50,,,,
deterministic,robust,4,0.08,0.25,0.01,mutual_information,delta,cert_fail_tau0.5,False,,,0.0,50,,,50.0,0.0
deterministic,robust,4,0.08,0.25,0.01,mutual_information,delta,cert_fail_tau0.9,False,,,0.0,50,,,50.0,0.0
deterministic,robust,4,0.08,0.25,0.01,mutual_information,delta,cert_fail_tau0.95,True,,,,0,,,0.0,50.0
deterministic,robust,4,0.08,0.25,0.01,one_minus_confidence,clean,adv_error,False,,,0.0,50,,,,
deterministic,robust,4,0.08,0.25,0.01,one_minus_confidence,clean,cert_fail_tau0.5,False,,,0.0,50,,,50.0,0.0
deterministic,robust,4,0.08,0.25,0.01,one_minus_confidence,clean,cert_fail_tau0.9,False,,,0.0,50,,,50.0,0.0
deterministic,robust,4,0.08,0.25,0.01,one_minus_confidence,clean,cert_fail_tau0.95,True,,,,0,,,0.0,50.0
deterministic,robust,4,0.08,0.25,0.01,one_minus_confidence,adv,adv_error,False,,,0.0,50,,,,
deterministic,robust,4,0.08,0.25,0.01,one_minus_confidence,adv,cert_fail_tau0.5,False,,,0.0,50,,,50.0,0.0
deterministic,robust,4,0.08,0.25,0.01,one_minus_confidence,adv,cert_fail_tau0.9,False,,,0.0,50,,,50.0,0.0
deterministic,robust,4,0.08,0.25,0.01,one_minus_confidence,adv,cert_fail_tau0.95,True,,,,0,,,0.0,50.0
deterministic,robust,4,0.08,0.25,0.01,one_minus_confidence,delta,adv_error,False,,,0.0,50,,,,
deterministic,robust,4,0.08,0.25,0.01,one_minus_confidence,delta,cert_fail_tau0.5,False,,,0.0,50,,,50.0,0.0
deterministic,robust,4,0.08,0.25,0.01,one_minus_confidence,delta,cert_fail_tau0.9,False,,,0.0,50,,,50.0,0.0
deterministic,robust,4,0.08,0.25,0.01,one_minus_confidence,delta,cert_fail_tau0.95,True,,,,0,,,0.0,50.0
deterministic,robust,4,0.08,0.25,0.03,mutual_information,clean,adv_error,False,,,0.0,50,,,,
deterministic,robust,4,0.08,0.25,0.03,mutual_information,clean,cert_fail_tau0.5,True,,,,0,,,0.0,50.0
deterministic,robust,4,0.08,0.25,0.03,mutual_information,clean,cert_fail_tau0.9,True,,,,0,,,0.0,50.0
deterministic,robust,4,0.08,0.25,0.03,mutual_information,clean,cert_fail_tau0.95,True,,,,0,,,0.0,50.0
deterministic,robust,4,0.08,0.25,0.03,mutual_information,adv,adv_error,False,,,0.0,50,,,,
deterministic,robust,4,0.08,0.25,0.03,mutual_information,adv,cert_fail_tau0.5,True,,,,0,,,0.0,50.0
deterministic,robust,4,0.08,0.25,0.03,mutual_information,adv,cert_fail_tau0.9,True,,,,0,,,0.0,50.0
deterministic,robust,4,0.08,0.25,0.03,mutual_information,adv,cert_fail_tau0.95,True,,,,0,,,0.0,50.0
deterministic,robust,4,0.08,0.25,0.03,mutual_information,delta,adv_error,False,,,0.0,50,,,,
deterministic,robust,4,0.08,0.25,0.03,mutual_information,delta,cert_fail_tau0.5,True,,,,0,,,0.0,50.0
deterministic,robust,4,0.08,0.25,0.03,mutual_information,delta,cert_fail_tau0.9,True,,,,0,,,0.0,50.0
deterministic,robust,4,0.08,0.25,0.03,mutual_information,delta,cert_fail_tau0.95,True,,,,0,,,0.0,50.0
deterministic,robust,4,0.08,0.25,0.03,one_minus_confidence,clean,adv_error,False,,,0.0,50,,,,
deterministic,robust,4,0.08,0.25,0.03,one_minus_confidence,clean,cert_fail_tau0.5,True,,,,0,,,0.0,50.0
deterministic,robust,4,0.08,0.25,0.03,one_minus_confidence,clean,cert_fail_tau0.9,True,,,,0,,,0.0,50.0
deterministic,robust,4,0.08,0.25,0.03,one_minus_confidence,clean,cert_fail_tau0.95,True,,,,0,,,0.0,50.0
deterministic,robust,4,0.08,0.25,0.03,one_minus_confidence,adv,adv_error,False,,,0.0,50,,,,
deterministic,robust,4,0.08,0.25,0.03,one_minus_confidence,adv,cert_fail_tau0.5,True,,,,0,,,0.0,50.0
deterministic,robust,4,0.08,0.25,0.03,one_minus_confidence,adv,cert_fail_tau0.9,True,,,,0,,,0.0,50.0
deterministic,robust,4,0.08,0.25,0.03,one_minus_confidence,adv,cert_fail_tau0.95,True,,,,0,,,0.0,50.0
deterministic,robust,4,0.08,0.25,0.03,one_minus_confidence,delta,adv_error,False,,,0.0,50,,,,
deterministic,robust,4,0.08,0.25,0.03,one_minus_confidence,delta,cert_fail_tau0.5,True,,,,0,,,0.0,50.0
deterministic,robust,4,0.08,0.25,0.03,one_minus_confidence,delta,cert_fail_tau0.9,True,,,,0,,,0.0,50.0
deterministic,robust,4,0.08,0.25,0.03,one_minus_confidence,delta,cert_fail_tau0.95,True,,,,0,,,0.0,50.0
deterministic,robust,4,0.08,0.25,0.05,mutual_information,clean,adv_error,False,,,0.0,50,-0.06711776588890035,,,
deterministic,robust,4,0.08,0.25,0.05,mutual_information,clean,cert_fail_tau0.5,False,,,0.0,47,,,47.0,3.0
deterministic,robust,4,0.08,0.25,0.05,mutual_information,clean,cert_fail_tau0.9,False,,,0.0,47,,,47.0,3.0
deterministic,robust,4,0.08,0.25,0.05,mutual_information,clean,cert_fail_tau0.95,True,,,,0,,,0.0,50.0
deterministic,robust,4,0.08,0.25,0.05,mutual_information,adv,adv_error,False,,,0.0,50,0.16340539738708976,,,
deterministic,robust,4,0.08,0.25,0.05,mutual_information,adv,cert_fail_tau0.5,False,,,0.0,47,,,47.0,3.0
deterministic,robust,4,0.08,0.25,0.05,mutual_information,adv,cert_fail_tau0.9,False,,,0.0,47,,,47.0,3.0
deterministic,robust,4,0.08,0.25,0.05,mutual_information,adv,cert_fail_tau0.95,True,,,,0,,,0.0,50.0
deterministic,robust,4,0.08,0.25,0.05,mutual_information,delta,adv_error,False,,,0.0,50,0.13130475592591073,,,
deterministic,robust,4,0.08,0.25,0.05,mutual_information,delta,cert_fail_tau0.5,False,,,0.0,47,,,47.0,3.0
deterministic,robust,4,0.08,0.25,0.05,mutual_information,delta,cert_fail_tau0.9,False,,,0.0,47,,,47.0,3.0
deterministic,robust,4,0.08,0.25,0.05,mutual_information,delta,cert_fail_tau0.95,True,,,,0,,,0.0,50.0
deterministic,robust,4,0.08,0.25,0.05,one_minus_confidence,clean,adv_error,False,,,0.0,50,0.33679546897113144,,,
deterministic,robust,4,0.08,0.25,0.05,one_minus_confidence,clean,cert_fail_tau0.5,False,,,0.0,47,,,47.0,3.0
deterministic,robust,4,0.08,0.25,0.05,one_minus_confidence,clean,cert_fail_tau0.9,False,,,0.0,47,,,47.0,3.0
deterministic,robust,4,0.08,0.25,0.05,one_minus_confidence,clean,cert_fail_tau0.95,True,,,,0,,,0.0,50.0
deterministic,robust,4,0.08,0.25,0.05,one_minus_confidence,adv,adv_error,False,,,0.0,50,0.41245275163637396,,,
deterministic,robust,4,0.08,0.25,0.05,one_minus_confidence,adv,cert_fail_tau0.5,False,,,0.0,47,,,47.0,3.0
deterministic,robust,4,0.08,0.25,0.05,one_minus_confidence,adv,cert_fail_tau0.9,False,,,0.0,47,,,47.0,3.0
deterministic,robust,4,0.08,0.25,0.05,one_minus_confidence,adv,cert_fail_tau0.95,True,,,,0,,,0.0,50.0
deterministic,robust,4,0.08,0.25,0.05,one_minus_confidence,delta,adv_error,False,,,0.0,50,0.41245275163637396,,,
deterministic,robust,4,0.08,0.25,0.05,one_minus_confidence,delta,cert_fail_tau0.5,False,,,0.0,47,,,47.0,3.0
deterministic,robust,4,0.08,0.25,0.05,one_minus_confidence,delta,cert_fail_tau0.9,False,,,0.0,47,,,47.0,3.0
deterministic,robust,4,0.08,0.25,0.05,one_minus_confidence,delta,cert_fail_tau0.95,True,,,,0,,,0.0,50.0
deterministic,robust,4,0.08,0.25,0.07,mutual_information,clean,adv_error,False,0.3532608695652174,0.1155149051490515,0.08,50,-0.13794439556886315,-0.1363228028590172,,
deterministic,robust,4,0.08,0.25,0.07,mutual_information,clean,cert_fail_tau0.5,False,0.3532608695652174,0.1155149051490515,0.08,50,,,50.0,0.0
deterministic,robust,4,0.08,0.25,0.07,mutual_information,clean,cert_fail_tau0.9,False,0.3532608695652174,0.1155149051490515,0.08,50,,,50.0,0.0
deterministic,robust,4,0.08,0.25,0.07,mutual_information,clean,cert_fail_tau0.95,False,,1.0,1.0,4,,,4.0,46.0
deterministic,robust,4,0.08,0.25,0.07,mutual_information,adv,adv_error,False,0.4945652173913043,0.09743357487922705,0.08,50,-0.005108683657887232,-0.008270675364801512,,
deterministic,robust,4,0.08,0.25,0.07,mutual_information,adv,cert_fail_tau0.5,False,0.4945652173913043,0.09743357487922705,0.08,50,,,50.0,0.0
deterministic,robust,4,0.08,0.25,0.07,mutual_information,adv,cert_fail_tau0.9,False,0.4945652173913043,0.09743357487922705,0.08,50,,,50.0,0.0
deterministic,robust,4,0.08,0.25,0.07,mutual_information,adv,cert_fail_tau0.95,False,,1.0,1.0,4,,,4.0,46.0
deterministic,robust,4,0.08,0.25,0.07,mutual_information,delta,adv_error,False,0.47282608695652173,0.13549741602067183,0.08,50,-0.025542804994719698,-0.030325081551521468,,
deterministic,robust,4,0.08,0.25,0.07,mutual_information,delta,cert_fail_tau0.5,False,0.47282608695652173,0.13549741602067183,0.08,50,,,50.0,0.0
deterministic,robust,4,0.08,0.25,0.07,mutual_information,delta,cert_fail_tau0.9,False,0.47282608695652173,0.13549741602067183,0.08,50,,,50.0,0.0
deterministic,robust,4,0.08,0.25,0.07,mutual_information,delta,cert_fail_tau0.95,False,,1.0,1.0,4,,,4.0,46.0
deterministic,robust,4,0.08,0.25,0.07,one_minus_confidence,clean,adv_error,False,0.8804347826086957,0.2964285714285714,0.08,50,0.3857546260932599,0.3863844432156894,,
deterministic,robust,4,0.08,0.25,0.07,one_minus_confidence,clean,cert_fail_tau0.5,False,0.8804347826086957,0.2964285714285714,0.08,50,,,50.0,0.0
deterministic,robust,4,0.08,0.25,0.07,one_minus_confidence,clean,cert_fail_tau0.9,False,0.8804347826086957,0.2964285714285714,0.08,50,,,50.0,0.0
deterministic,robust,4,0.08,0.25,0.07,one_minus_confidence,clean,cert_fail_tau0.95,False,,1.0,1.0,4,,,4.0,46.0
deterministic,robust,4,0.08,0.25,0.07,one_minus_confidence,adv,adv_error,False,0.9836956521739131,0.8541666666666666,0.08,50,0.45478205527792837,0.4535665634604493,,
deterministic,robust,4,0.08,0.25,0.07,one_minus_confidence,adv,cert_fail_tau0.5,False,0.9836956521739131,0.8541666666666666,0.08,50,,,50.0,0.0
deterministic,robust,4,0.08,0.25,0.07,one_minus_confidence,adv,cert_fail_tau0.9,False,0.9836956521739131,0.8541666666666666,0.08,50,,,50.0,0.0
deterministic,robust,4,0.08,0.25,0.07,one_minus_confidence,adv,cert_fail_tau0.95,False,,1.0,1.0,4,,,4.0,46.0
deterministic,robust,4,0.08,0.25,0.07,one_minus_confidence,delta,adv_error,False,0.9836956521739131,0.8541666666666666,0.08,50,0.45478205527792837,0.4535665634604493,,
deterministic,robust,4,0.08,0.25,0.07,one_minus_confidence,delta,cert_fail_tau0.5,False,0.9836956521739131,0.8541666666666666,0.08,50,,,50.0,0.0
deterministic,robust,4,0.08,0.25,0.07,one_minus_confidence,delta,cert_fail_tau0.9,False,0.9836956521739131,0.8541666666666666,0.08,50,,,50.0,0.0
deterministic,robust,4,0.08,0.25,0.07,one_minus_confidence,delta,cert_fail_tau0.95,False,,1.0,1.0,4,,,4.0,46.0
deterministic,robust,4,0.08,0.25,0.08,mutual_information,clean,adv_error,False,0.3532608695652174,0.1155149051490515,0.08,50,-0.18175122922801104,-0.13794439556886315,,
deterministic,robust,4,0.08,0.25,0.08,mutual_information,clean,cert_fail_tau0.5,False,0.3372093023255814,0.13810817805383024,0.0851063829787234,47,,,47.0,3.0
deterministic,robust,4,0.08,0.25,0.08,mutual_information,clean,cert_fail_tau0.9,False,0.3372093023255814,0.13810817805383024,0.0851063829787234,47,,,47.0,3.0
deterministic,robust,4,0.08,0.25,0.08,mutual_information,clean,cert_fail_tau0.95,False,,1.0,1.0,4,,,4.0,46.0
deterministic,robust,4,0.08,0.25,0.08,mutual_information,adv,adv_error,False,0.7989130434782609,0.4108187134502924,0.08,50,0.15378211591780416,0.2809843479116434,,
deterministic,robust,4,0.08,0.25,0.08,mutual_information,adv,cert_fail_tau0.5,False,0.7848837209302325,0.4108187134502924,0.0851063829787234,47,,,47.0,3.0
deterministic,robust,4,0.08,0.25,0.08,mutual_information,adv,cert_fail_tau0.9,False,0.7848837209302325,0.4108187134502924,0.0851063829787234,47,,,47.0,3.0
deterministic,robust,4,0.08,0.25,0.08,mutual_information,adv,cert_fail_tau0.95,False,,1.0,1.0,4,,,4.0,46.0
deterministic,robust,4,0.08,0.25,0.08,mutual_information,delta,adv_error,False,0.8097826086956522,0.24203574203574205,0.08,50,0.20969281533427447,0.2911879769398046,,
deterministic,robust,4,0.08,0.25,0.08,mutual_information,delta,cert_fail_tau0.5,False,0.8081395348837209,0.2489801864801865,0.0851063829787234,47,,,47.0,3.0
deterministic,robust,4,0.08,0.25,0.08,mutual_information,delta,cert_fail_tau0.9,False,0.8081395348837209,0.2489801864801865,0.0851063829787234,47,,,47.0,3.0
deterministic,robust,4,0.08,0.25,0.08,mutual_information,delta,cert_fail_tau0.95,False,,1.0,1.0,4,,,4.0,46.0
deterministic,robust,4,0.08,0.25,0.08,one_minus_confidence,clean,adv_error,False,0.8804347826086957,0.2964285714285714,0.08,50,0.5019548929747145,0.3857546260932599,,
deterministic,robust,4,0.08,0.25,0.08,one_minus_confidence,clean,cert_fail_tau0.5,False,0.9069767441860465,0.36547619047619045,0.0851063829787234,47,,,47.0,3.0
deterministic,robust,4,0.08,0.25,0.08,one_minus_confidence,clean,cert_fail_tau0.9,False,0.9069767441860465,0.36547619047619045,0.0851063829787234,47,,,47.0,3.0
deterministic,robust,4,0.08,0.25,0.08,one_minus_confidence,clean,cert_fail_tau0.95,False,,1.0,1.0,4,,,4.0,46.0
deterministic,robust,4,0.08,0.25,0.08,one_minus_confidence,adv,adv_error,False,0.9184782608695652,0.38075396825396823,0.08,50,0.5891369573677236,0.3933591969186833,,
deterministic,robust,4,0.08,0.25,0.08,one_minus_confidence,adv,cert_fail_tau0.5,False,0.9825581395348837,0.8541666666666666,0.0851063829787234,47,,,47.0,3.0
deterministic,robust,4,0.08,0.25,0.08,one_minus_confidence,adv,cert_fail_tau0.9,False,0.9825581395348837,0.8541666666666666,0.0851063829787234,47,,,47.0,3.0
deterministic,robust,4,0.08,0.25,0.08,one_minus_confidence,adv,cert_fail_tau0.95,False,,1.0,1.0,4,,,4.0,46.0
deterministic,robust,4,0.08,0.25,0.08,one_minus_confidence,delta,adv_error,False,0.9184782608695652,0.38075396825396823,0.08,50,0.5891369573677236,0.3933591969186833,,
deterministic,robust,4,0.08,0.25,0.08,one_minus_confidence,delta,cert_fail_tau0.5,False,0.9825581395348837,0.8541666666666666,0.0851063829787234,47,,,47.0,3.0
deterministic,robust,4,0.08,0.25,0.08,one_minus_confidence,delta,cert_fail_tau0.9,False,0.9825581395348837,0.8541666666666666,0.0851063829787234,47,,,47.0,3.0
deterministic,robust,4,0.08,0.25,0.08,one_minus_confidence,delta,cert_fail_tau0.95,False,,1.0,1.0,4,,,4.0,46.0
deterministic,robust,4,0.08,0.25,0.1,mutual_information,clean,adv_error,False,0.24242424242424243,0.11639419822255492,0.12,50,-0.20121413040214334,-0.2900388384495951,,
deterministic,robust,4,0.08,0.25,0.1,mutual_information,clean,cert_fail_tau0.5,False,0.22807017543859648,0.13936118005885448,0.13636363636363635,44,,,44.0,6.0
deterministic,robust,4,0.08,0.25,0.1,mutual_information,clean,cert_fail_tau0.9,False,0.22807017543859648,0.13936118005885448,0.13636363636363635,44,,,44.0,6.0
deterministic,robust,4,0.08,0.25,0.1,mutual_information,clean,cert_fail_tau0.95,False,,1.0,1.0,6,,,6.0,44.0
deterministic,robust,4,0.08,0.25,0.1,mutual_information,adv,adv_error,False,0.7083333333333334,0.21944444444444444,0.12,50,0.19146876707804336,0.23457897079148984,,
deterministic,robust,4,0.08,0.25,0.1,mutual_information,adv,cert_fail_tau0.5,False,0.7236842105263158,0.2725348725348726,0.13636363636363635,44,,,44.0,6.0
deterministic,robust,4,0.08,0.25,0.1,mutual_information,adv,cert_fail_tau0.9,False,0.7236842105263158,0.2725348725348726,0.13636363636363635,44,,,44.0,6.0
deterministic,robust,4,0.08,0.25,0.1,mutual_information,adv,cert_fail_tau0.95,False,,1.0,1.0,6,,,6.0,44.0
deterministic,robust,4,0.08,0.25,0.1,mutual_information,delta,adv_error,False,0.7537878787878788,0.36471426177308525,0.12,50,0.22391034770909693,0.2857461148555546,,
deterministic,robust,4,0.08,0.25,0.1,mutual_information,delta,cert_fail_tau0.5,False,0.7631578947368421,0.39943064182194615,0.13636363636363635,44,,,44.0,6.0
deterministic,robust,4,0.08,0.25,0.1,mutual_information,delta,cert_fail_tau0.9,False,0.7631578947368421,0.39943064182194615,0.13636363636363635,44,,,44.0,6.0
deterministic,robust,4,0.08,0.25,0.1,mutual_information,delta,cert_fail_tau0.95,False,,1.0,1.0,6,,,6.0,44.0
deterministic,robust,4,0.08,0.25,0.1,one_minus_confidence,clean,adv_error,False,0.875,0.4177248677248678,0.12,50,0.5233362110416091,0.45546524770184577,,
deterministic,robust,4,0.08,0.25,0.1,one_minus_confidence,clean,cert_fail_tau0.5,False,0.9035087719298246,0.5785714285714286,0.13636363636363635,44,,,44.0,6.0
deterministic,robust,4,0.08,0.25,0.1,one_minus_confidence,clean,cert_fail_tau0.9,False,0.9035087719298246,0.5785714285714286,0.13636363636363635,44,,,44.0,6.0
deterministic,robust,4,0.08,0.25,0.1,one_minus_confidence,clean,cert_fail_tau0.95,False,,1.0,1.0,6,,,6.0,44.0
deterministic,robust,4,0.08,0.25,0.1,one_minus_confidence,adv,adv_error,False,0.7727272727272727,0.26986975013290804,0.12,50,0.5808688730424398,0.30707045178507364,,
deterministic,robust,4,0.08,0.25,0.1,one_minus_confidence,adv,cert_fail_tau0.5,False,0.8552631578947368,0.49276418026418034,0.13636363636363635,44,,,44.0,6.0
deterministic,robust,4,0.08,0.25,0.1,one_minus_confidence,adv,cert_fail_tau0.9,False,0.8552631578947368,0.49276418026418034,0.13636363636363635,44,,,44.0,6.0
deterministic,robust,4,0.08,0.25,0.1,one_minus_confidence,adv,cert_fail_tau0.95,False,,1.0,1.0,6,,,6.0,44.0
deterministic,robust,4,0.08,0.25,0.1,one_minus_confidence,delta,adv_error,False,0.7727272727272727,0.26986975013290804,0.12,50,0.5808688730424398,0.30707045178507364,,
deterministic,robust,4,0.08,0.25,0.1,one_minus_confidence,delta,cert_fail_tau0.5,False,0.8552631578947368,0.49276418026418034,0.13636363636363635,44,,,44.0,6.0
deterministic,robust,4,0.08,0.25,0.1,one_minus_confidence,delta,cert_fail_tau0.9,False,0.8552631578947368,0.49276418026418034,0.13636363636363635,44,,,44.0,6.0
deterministic,robust,4,0.08,0.25,0.1,one_minus_confidence,delta,cert_fail_tau0.95,False,,1.0,1.0,6,,,6.0,44.0
deterministic,robust,4,0.08,0.25,0.15,mutual_information,clean,adv_error,False,0.4431239388794567,0.4053779588021019,0.38,50,,,,
deterministic,robust,4,0.08,0.25,0.15,mutual_information,clean,cert_fail_tau0.5,True,,,,0,,,0.0,50.0
deterministic,robust,4,0.08,0.25,0.15,mutual_information,clean,cert_fail_tau0.9,True,,,,0,,,0.0,50.0
deterministic,robust,4,0.08,0.25,0.15,mutual_information,clean,cert_fail_tau0.95,True,,,,0,,,0.0,50.0
deterministic,robust,4,0.08,0.25,0.15,mutual_information,adv,adv_error,False,0.40237691001697795,0.3665789366700129,0.38,50,,,,
deterministic,robust,4,0.08,0.25,0.15,mutual_information,adv,cert_fail_tau0.5,True,,,,0,,,0.0,50.0
deterministic,robust,4,0.08,0.25,0.15,mutual_information,adv,cert_fail_tau0.9,True,,,,0,,,0.0,50.0
deterministic,robust,4,0.08,0.25,0.15,mutual_information,adv,cert_fail_tau0.95,True,,,,0,,,0.0,50.0
deterministic,robust,4,0.08,0.25,0.15,mutual_information,delta,adv_error,False,0.4634974533106961,0.4042445813211544,0.38,50,,,,
deterministic,robust,4,0.08,0.25,0.15,mutual_information,delta,cert_fail_tau0.5,True,,,,0,,,0.0,50.0
deterministic,robust,4,0.08,0.25,0.15,mutual_information,delta,cert_fail_tau0.9,True,,,,0,,,0.0,50.0
deterministic,robust,4,0.08,0.25,0.15,mutual_information,delta,cert_fail_tau0.95,True,,,,0,,,0.0,50.0
deterministic,robust,4,0.08,0.25,0.15,one_minus_confidence,clean,adv_error,False,0.6451612903225806,0.4659756848261003,0.38,50,,,,
deterministic,robust,4,0.08,0.25,0.15,one_minus_confidence,clean,cert_fail_tau0.5,True,,,,0,,,0.0,50.0
deterministic,robust,4,0.08,0.25,0.15,one_minus_confidence,clean,cert_fail_tau0.9,True,,,,0,,,0.0,50.0
deterministic,robust,4,0.08,0.25,0.15,one_minus_confidence,clean,cert_fail_tau0.95,True,,,,0,,,0.0,50.0
deterministic,robust,4,0.08,0.25,0.15,one_minus_confidence,adv,adv_error,False,0.5806451612903226,0.5466086624875772,0.38,50,,,,
deterministic,robust,4,0.08,0.25,0.15,one_minus_confidence,adv,cert_fail_tau0.5,True,,,,0,,,0.0,50.0
deterministic,robust,4,0.08,0.25,0.15,one_minus_confidence,adv,cert_fail_tau0.9,True,,,,0,,,0.0,50.0
deterministic,robust,4,0.08,0.25,0.15,one_minus_confidence,adv,cert_fail_tau0.95,True,,,,0,,,0.0,50.0
deterministic,robust,4,0.08,0.25,0.15,one_minus_confidence,delta,adv_error,False,0.5789473684210527,0.5462120592774242,0.38,50,,,,
deterministic,robust,4,0.08,0.25,0.15,one_minus_confidence,delta,cert_fail_tau0.5,True,,,,0,,,0.0,50.0
deterministic,robust,4,0.08,0.25,0.15,one_minus_confidence,delta,cert_fail_tau0.9,True,,,,0,,,0.0,50.0
deterministic,robust,4,0.08,0.25,0.15,one_minus_confidence,delta,cert_fail_tau0.95,True,,,,0,,,0.0,50.0
deterministic,standard,0,,,0.01,mutual_information,clean,adv_error,False,,,0.0,50,,,,
deterministic,standard,0,,,0.01,mutual_information,clean,cert_fail_tau0.5,False,,,0.0,50,,,50.0,0.0
deterministic,standard,0,,,0.01,mutual_information,clean,cert_fail_tau0.9,False,,,0.0,50,,,50.0,0.0
deterministic,standard,0,,,0.01,mutual_information,clean,cert_fail_tau0.95,True,,,,0,,,0.0,50.0
deterministic,standard,0,,,0.01,mutual_information,adv,adv_error,False,,,0.0,50,,,,
deterministic,standard,0,,,0.01,mutual_information,adv,cert_fail_tau0.5,False,,,0.0,50,,,50.0,0.0
deterministic,standard,0,,,0.01,mutual_information,adv,cert_fail_tau0.9,False,,,0.0,50,,,50.0,0.0
deterministic,standard,0,,,0.01,mutual_information,adv,cert_fail_tau0.95,True,,,,0,,,0.0,50.0
deterministic,standard,0,,,0.01,mutual_information,delta,adv_error,False,,,0.0,50,,,,
deterministic,standard,0,,,0.01,mutual_information,delta,cert_fail_tau0.5,False,,,0.0,50,,,50.0,0.0
deterministic,standard,0,,,0.01,mutual_information,delta,cert_fail_tau0.9,False,,,0.0,50,,,50.0,0.0
deterministic,standard,0,,,0.01,mutual_information,delta,cert_fail_tau0.95,True,,,,0,,,0.0,50.0
deterministic,standard,0,,,0.01,one_minus_confidence,clean,adv_error,False,,,0.0,50,,,,
deterministic,standard,0,,,0.01,one_minus_confidence,clean,cert_fail_tau0.5,False,,,0.0,50,,,50.0,0.0
deterministic,standard,0,,,0.01,one_minus_confidence,clean,cert_fail_tau0.9,False,,,0.0,50,,,50.0,0.0
deterministic,standard,0,,,0.01,one_minus_confidence,clean,cert_fail_tau0.95,True,,,,0,,,0.0,50.0
deterministic,standard,0,,,0.01,one_minus_confidence,adv,adv_error,False,,,0.0,50,,,,
deterministic,standard,0,,,0.01,one_minus_confidence,adv,cert_fail_tau0.5,False,,,0.0,50,,,50.0,0.0
deterministic,standard,0,,,0.01,one_minus_confidence,adv,cert_fail_tau0.9,False,,,0.0,50,,,50.0,0.0
deterministic,standard,0,,,0.01,one_minus_confidence,adv,cert_fail_tau0.95,True,,,,0,,,0.0,50.0
deterministic,standard,0,,,0.01,one_minus_confidence,delta,adv_error,False,,,0.0,50,,,,
deterministic,standard,0,,,0.01,one_minus_confidence,delta,cert_fail_tau0.5,False,,,0.0,50,,,50.0,0.0
deterministic,standard,0,,,0.01,one_minus_confidence,delta,cert_fail_tau0.9,False,,,0.0,50,,,50.0,0.0
deterministic,standard,0,,,0.01,one_minus_confidence,delta,cert_fail_tau0.95,True,,,,0,,,0.0,50.0
deterministic,standard,0,,,0.03,mutual_information,clean,adv_error,False,0.5780730897009967,0.5211351052048726,0.14,50,,,,
deterministic,standard,0,,,0.03,mutual_information,clean,cert_fail_tau0.5,True,,,,0,,,0.0,50.0
deterministic,standard,0,,,0.03,mutual_information,clean,cert_fail_tau0.9,True,,,,0,,,0.0,50.0
deterministic,standard,0,,,0.03,mutual_information,clean,cert_fail_tau0.95,True,,,,0,,,0.0,50.0
deterministic,standard,0,,,0.03,mutual_information,adv,adv_error,False,0.7059800664451827,0.23593073593073594,0.14,50,,,,
deterministic,standard,0,,,0.03,mutual_information,adv,cert_fail_tau0.5,True,,,,0,,,0.0,50.0
deterministic,standard,0,,,0.03,mutual_information,adv,cert_fail_tau0.9,True,,,,0,,,0.0,50.0
deterministic,standard,0,,,0.03,mutual_information,adv,cert_fail_tau0.95,True,,,,0,,,0.0,50.0
deterministic,standard,0,,,0.03,mutual_information,delta,adv_error,False,0.6312292358803987,0.2492658945555894,0.14,50,,,,
deterministic,standard,0,,,0.03,mutual_information,delta,cert_fail_tau0.5,True,,,,0,,,0.0,50.0
deterministic,standard,0,,,0.03,mutual_information,delta,cert_fail_tau0.9,True,,,,0,,,0.0,50.0
deterministic,standard,0,,,0.03,mutual_information,delta,cert_fail_tau0.95,True,,,,0,,,0.0,50.0
deterministic,standard,0,,,0.03,one_minus_confidence,clean,adv_error,False,0.9950166112956811,0.9617346938775511,0.14,50,,,,
deterministic,standard,0,,,0.03,one_minus_confidence,clean,cert_fail_tau0.5,True,,,,0,,,0.0,50.0
deterministic,standard,0,,,0.03,one_minus_confidence,clean,cert_fail_tau0.9,True,,,,0,,,0.0,50.0
deterministic,standard,0,,,0.03,one_minus_confidence,clean,cert_fail_tau0.95,True,,,,0,,,0.0,50.0
deterministic,standard,0,,,0.03,one_minus_confidence,adv,adv_error,False,0.8903654485049833,0.49869614512471655,0.14,50,,,,
deterministic,standard,0,,,0.03,one_minus_confidence,adv,cert_fail_tau0.5,True,,,,0,,,0.0,50.0
deterministic,standard,0,,,0.03,one_minus_confidence,adv,cert_fail_tau0.9,True,,,,0,,,0.0,50.0
deterministic,standard,0,,,0.03,one_minus_confidence,adv,cert_fail_tau0.95,True,,,,0,,,0.0,50.0
deterministic,standard,0,,,0.03,one_minus_confidence,delta,adv_error,False,0.8903654485049833,0.49869614512471655,0.14,50,,,,
deterministic,standard,0,,,0.03,one_minus_confidence,delta,cert_fail_tau0.5,True,,,,0,,,0.0,50.0
deterministic,standard,0,,,0.03,one_minus_confidence,delta,cert_fail_tau0.9,True,,,,0,,,0.0,50.0
deterministic,standard,0,,,0.03,one_minus_confidence,delta,cert_fail_tau0.95,True,,,,0,,,0.0,50.0
deterministic,standard,0,,,0.05,mutual_information,clean,adv_error,False,0.4042207792207792,0.5719334731228984,0.44,50,,-0.16376401215220734,,
deterministic,standard,0,,,0.05,mutual_information,clean,cert_fail_tau0.5,False,,1.0,1.0,22,,,22.0,28.0
deterministic,standard,0,,,0.05,mutual_information,clean,cert_fail_tau0.9,False,,1.0,1.0,22,,,22.0,28.0
deterministic,standard,0,,,0.05,mutual_information,clean,cert_fail_tau0.95,False,,1.0,1.0,22,,,22.0,28.0
deterministic,standard,0,,,0.05,mutual_information,adv,adv_error,False,0.3741883116883117,0.4054930092262654,0.44,50,,-0.22583233840076206,,
deterministic,standard,0,,,0.05,mutual_information,adv,cert_fail_tau0.5,False,,1.0,1.0,22,,,22.0,28.0
deterministic,standard,0,,,0.05,mutual_information,adv,cert_fail_tau0.9,False,,1.0,1.0,22,,,22.0,28.0
deterministic,standard,0,,,0.05,mutual_information,adv,cert_fail_tau0.95,False,,1.0,1.0,22,,,22.0,28.0
deterministic,standard,0,,,0.05,mutual_information,delta,adv_error,False,0.45454545454545453,0.4986484420433026,0.44,50,,-0.08463561424873539,,
deterministic,standard,0,,,0.05,mutual_information,delta,cert_fail_tau0.5,False,,1.0,1.0,22,,,22.0,28.0
deterministic,standard,0,,,0.05,mutual_information,delta,cert_fail_tau0.9,False,,1.0,1.0,22,,,22.0,28.0
deterministic,standard,0,,,0.05,mutual_information,delta,cert_fail_tau0.95,False,,1.0,1.0,22,,,22.0,28.0
deterministic,standard,0,,,0.05,one_minus_confidence,clean,adv_error,False,0.9017857142857143,0.8862200956937799,0.44,50,,0.815750422132753,,
deterministic,standard,0,,,0.05,one_minus_confidence,clean,cert_fail_tau0.5,False,,1.0,1.0,22,,,22.0,28.0
deterministic,standard,0,,,0.05,one_minus_confidence,clean,cert_fail_tau0.9,False,,1.0,1.0,22,,,22.0,28.0
deterministic,standard,0,,,0.05,one_minus_confidence,clean,cert_fail_tau0.95,False,,1.0,1.0,22,,,22.0,28.0
deterministic,standard,0,,,0.05,one_minus_confidence,adv,adv_error,False,0.5113636363636364,0.4417197089042681,0.44,50,,0.0008868171761491593,,
deterministic,standard,0,,,0.05,one_minus_confidence,adv,cert_fail_tau0.5,False,,1.0,1.0,22,,,22.0,28.0
deterministic,standard,0,,,0.05,one_minus_confidence,adv,cert_fail_tau0.9,False,,1.0,1.0,22,,,22.0,28.0
deterministic,standard,0,,,0.05,one_minus_confidence,adv,cert_fail_tau0.95,False,,1.0,1.0,22,,,22.0,28.0
deterministic,standard,0,,,0.05,one_minus_confidence,delta,adv_error,False,0.47564935064935066,0.43071142493437387,0.44,50,,-0.06130123730131064,,
deterministic,standard,0,,,0.05,one_minus_confidence,delta,cert_fail_tau0.5,False,,1.0,1.0,22,,,22.0,28.0
deterministic,standard,0,,,0.05,one_minus_confidence,delta,cert_fail_tau0.9,False,,1.0,1.0,22,,,22.0,28.0
deterministic,standard,0,,,0.05,one_minus_confidence,delta,cert_fail_tau0.95,False,,1.0,1.0,22,,,22.0,28.0
deterministic,standard,0,,,0.07,mutual_information,clean,adv_error,False,0.45723684210526316,0.8239269925891257,0.76,50,,-0.06329268947868981,,
deterministic,standard,0,,,0.07,mutual_information,clean,cert_fail_tau0.5,False,,1.0,1.0,38,,,38.0,12.0
deterministic,standard,0,,,0.07,mutual_information,clean,cert_fail_tau0.9,False,,1.0,1.0,38,,,38.0,12.0
deterministic,standard,0,,,0.07,mutual_information,clean,cert_fail_tau0.95,False,,1.0,1.0,38,,,38.0,12.0
deterministic,standard,0,,,0.07,mutual_information,adv,adv_error,False,0.4166666666666667,0.7380473413326096,0.76,50,,-0.12332478960131366,,
deterministic,standard,0,,,0.07,mutual_information,adv,cert_fail_tau0.5,False,,1.0,1.0,38,,,38.0,12.0
deterministic,standard,0,,,0.07,mutual_information,adv,cert_fail_tau0.9,False,,1.0,1.0,38,,,38.0,12.0
deterministic,standard,0,,,0.07,mutual_information,adv,cert_fail_tau0.95,False,,1.0,1.0,38,,,38.0,12.0
deterministic,standard,0,,,0.07,mutual_information,delta,adv_error,False,0.47149122807017546,0.7797136014614227,0.76,50,,-0.04218600753939507,,
deterministic,standard,0,,,0.07,mutual_information,delta,cert_fail_tau0.5,False,,1.0,1.0,38,,,38.0,12.0
deterministic,standard,0,,,0.07,mutual_information,delta,cert_fail_tau0.9,False,,1.0,1.0,38,,,38.0,12.0
deterministic,standard,0,,,0.07,mutual_information,delta,cert_fail_tau0.95,False,,1.0,1.0,38,,,38.0,12.0
deterministic,standard,0,,,0.07,one_minus_confidence,clean,adv_error,False,0.75,0.88,0.76,50,,0.42432213781999895,,
deterministic,standard,0,,,0.07,one_minus_confidence,clean,cert_fail_tau0.5,False,,1.0,1.0,38,,,38.0,12.0
deterministic,standard,0,,,0.07,one_minus_confidence,clean,cert_fail_tau0.9,False,,1.0,1.0,38,,,38.0,12.0
deterministic,standard,0,,,0.07,one_minus_confidence,clean,cert_fail_tau0.95,False,,1.0,1.0,38,,,38.0,12.0
deterministic,standard,0,,,0.07,one_minus_confidence,adv,adv_error,False,0.20833333333333334,0.6634680596935811,0.76,50,,-0.4316471293966432,,
deterministic,standard,0,,,0.07,one_minus_confidence,adv,cert_fail_tau0.5,False,,1.0,1.0,38,,,38.0,12.0
deterministic,standard,0,,,0.07,one_minus_confidence,adv,cert_fail_tau0.9,False,,1.0,1.0,38,,,38.0,12.0
deterministic,standard,0,,,0.07,one_minus_confidence,adv,cert_fail_tau0.95,False,,1.0,1.0,38,,,38.0,12.0
deterministic,standard,0,,,0.07,one_minus_confidence,delta,adv_error,False,0.20833333333333334,0.6628571244761831,0.76,50,,-0.43159530790304185,,
deterministic,standard,0,,,0.07,one_minus_confidence,delta,cert_fail_tau0.5,False,,1.0,1.0,38,,,38.0,12.0
deterministic,standard,0,,,0.07,one_minus_confidence,delta,cert_fail_tau0.9,False,,1.0,1.0,38,,,38.0,12.0
deterministic,standard,0,,,0.07,one_minus_confidence,delta,cert_fail_tau0.95,False,,1.0,1.0,38,,,38.0,12.0
deterministic,standard,0,,,0.08,mutual_information,clean,adv_error,False,0.4533333333333333,0.9213401168486707,0.9,50,,-0.012797367794130514,,
deterministic,standard,0,,,0.08,mutual_information,clean,cert_fail_tau0.5,False,,1.0,1.0,44,,,44.0,6.0
deterministic,standard,0,,,0.08,mutual_information,clean,cert_fail_tau0.9,False,,1.0,1.0,44,,,44.0,6.0
deterministic,standard,0,,,0.08,mutual_information,clean,cert_fail_tau0.95,False,,1.0,1.0,44,,,44.0,6.0
deterministic,standard,0,,,0.08,mutual_information,adv,adv_error,False,0.29333333333333333,0.8774055248536532,0.9,50,,-0.21751345915577391,,
deterministic,standard,0,,,0.08,mutual_information,adv,cert_fail_tau0.5,False,,1.0,1.0,44,,,44.0,6.0
deterministic,standard,0,,,0.08,mutual_information,adv,cert_fail_tau0.9,False,,1.0,1.0,44,,,44.0,6.0
deterministic,standard,0,,,0.08,mutual_information,adv,cert_fail_tau0.95,False,,1.0,1.0,44,,,44.0,6.0
deterministic,standard,0,,,0.08,mutual_information,delta,adv_error,False,0.3511111111111111,0.8965400353854306,0.9,50,,-0.149270358506633,,
deterministic,standard,0,,,0.08,mutual_information,delta,cert_fail_tau0.5,False,,1.0,1.0,44,,,44.0,6.0
deterministic,standard,0,,,0.08,mutual_information,delta,cert_fail_tau0.9,False,,1.0,1.0,44,,,44.0,6.0
deterministic,standard,0,,,0.08,mutual_information,delta,cert_fail_tau0.95,False,,1.0,1.0,44,,,44.0,6.0
deterministic,standard,0,,,0.08,one_minus_confidence,clean,adv_error,False,0.7111111111111111,0.9422222222222223,0.9,50,,0.27883427206523387,,
deterministic,standard,0,,,0.08,one_minus_confidence,clean,cert_fail_tau0.5,False,,1.0,1.0,44,,,44.0,6.0
deterministic,standard,0,,,0.08,one_minus_confidence,clean,cert_fail_tau0.9,False,,1.0,1.0,44,,,44.0,6.0
deterministic,standard,0,,,0.08,one_minus_confidence,clean,cert_fail_tau0.95,False,,1.0,1.0,44,,,44.0,6.0
deterministic,standard,0,,,0.08,one_minus_confidence,adv,adv_error,False,0.09333333333333334,0.7924427553093847,0.9,50,,-0.48217318845892054,,
deterministic,standard,0,,,0.08,one_minus_confidence,adv,cert_fail_tau0.5,False,,1.0,1.0,44,,,44.0,6.0
deterministic,standard,0,,,0.08,one_minus_confidence,adv,cert_fail_tau0.9,False,,1.0,1.0,44,,,44.0,6.0
deterministic,standard,0,,,0.08,one_minus_confidence,adv,cert_fail_tau0.95,False,,1.0,1.0,44,,,44.0,6.0
deterministic,standard,0,,,0.08,one_minus_confidence,delta,adv_error,False,0.09333333333333334,0.7918466424995221,0.9,50,,-0.481941585972597,,
deterministic,standard,0,,,0.08,one_minus_confidence,delta,cert_fail_tau0.5,False,,1.0,1.0,44,,,44.0,6.0
deterministic,standard,0,,,0.08,one_minus_confidence,delta,cert_fail_tau0.9,False,,1.0,1.0,44,,,44.0,6.0
deterministic,standard,0,,,0.08,one_minus_confidence,delta,cert_fail_tau0.95,False,,1.0,1.0,44,,,44.0,6.0
deterministic,standard,0,,,0.1,mutual_information,clean,adv_error,False,,1.0,1.0,50,,,,
deterministic,standard,0,,,0.1,mutual_information,clean,cert_fail_tau0.5,False,,1.0,1.0,50,,,50.0,0.0
deterministic,standard,0,,,0.1,mutual_information,clean,cert_fail_tau0.9,False,,1.0,1.0,50,,,50.0,0.0
deterministic,standard,0,,,0.1,mutual_information,clean,cert_fail_tau0.95,False,,1.0,1.0,50,,,50.0,0.0
deterministic,standard,0,,,0.1,mutual_information,adv,adv_error,False,,1.0,1.0,50,,,,
deterministic,standard,0,,,0.1,mutual_information,adv,cert_fail_tau0.5,False,,1.0,1.0,50,,,50.0,0.0
deterministic,standard,0,,,0.1,mutual_information,adv,cert_fail_tau0.9,False,,1.0,1.0,50,,,50.0,0.0
deterministic,standard,0,,,0.1,mutual_information,adv,cert_fail_tau0.95,False,,1.0,1.0,50,,,50.0,0.0
deterministic,standard,0,,,0.1,mutual_information,delta,adv_error,False,,1.0,1.0,50,,,,
deterministic,standard,0,,,0.1,mutual_information,delta,cert_fail_tau0.5,False,,1.0,1.0,50,,,50.0,0.0
deterministic,standard,0,,,0.1,mutual_information,delta,cert_fail_tau0.9,False,,1.0,1.0,50,,,50.0,0.0
deterministic,standard,0,,,0.1,mutual_information,delta,cert_fail_tau0.95,False,,1.0,1.0,50,,,50.0,0.0
deterministic,standard,0,,,0.1,one_minus_confidence,clean,adv_error,False,,1.0,1.0,50,,,,
deterministic,standard,0,,,0.1,one_minus_confidence,clean,cert_fail_tau0.5,False,,1.0,1.0,50,,,50.0,0.0
deterministic,standard,0,,,0.1,one_minus_confidence,clean,cert_fail_tau0.9,False,,1.0,1.0,50,,,50.0,0.0
deterministic,standard,0,,,0.1,one_minus_confidence,clean,cert_fail_tau0.95,False,,1.0,1.0,50,,,50.0,0.0
deterministic,standard,0,,,0.1,one_minus_confidence,adv,adv_error,False,,1.0,1.0,50,,,,
deterministic,standard,0,,,0.1,one_minus_confidence,adv,cert_fail_tau0.5,False,,1.0,1.0,50,,,50.0,0.0
deterministic,standard,0,,,0.1,one_minus_confidence,adv,cert_fail_tau0.9,False,,1.0,1.0,50,,,50.0,0.0
deterministic,standard,0,,,0.1,one_minus_confidence,adv,cert_fail_tau0.95,False,,1.0,1.0,50,,,50.0,0.0
deterministic,standard,0,,,0.1,one_minus_confidence,delta,adv_error,False,,1.0,1.0,50,,,,
deterministic,standard,0,,,0.1,one_minus_confidence,delta,cert_fail_tau0.5,False,,1.0,1.0,50,,,50.0,0.0
deterministic,standard,0,,,0.1,one_minus_confidence,delta,cert_fail_tau0.9,False,,1.0,1.0,50,,,50.0,0.0
deterministic,standard,0,,,0.1,one_minus_confidence,delta,cert_fail_tau0.95,False,,1.0,1.0,50,,,50.0,0.0
deterministic,standard,0,,,0.15,mutual_information,clean,adv_error,False,,1.0,1.0,50,,,,
deterministic,standard,0,,,0.15,mutual_information,clean,cert_fail_tau0.5,True,,,,0,,,0.0,50.0
deterministic,standard,0,,,0.15,mutual_information,clean,cert_fail_tau0.9,True,,,,0,,,0.0,50.0
deterministic,standard,0,,,0.15,mutual_information,clean,cert_fail_tau0.95,True,,,,0,,,0.0,50.0
deterministic,standard,0,,,0.15,mutual_information,adv,adv_error,False,,1.0,1.0,50,,,,
deterministic,standard,0,,,0.15,mutual_information,adv,cert_fail_tau0.5,True,,,,0,,,0.0,50.0
deterministic,standard,0,,,0.15,mutual_information,adv,cert_fail_tau0.9,True,,,,0,,,0.0,50.0
deterministic,standard,0,,,0.15,mutual_information,adv,cert_fail_tau0.95,True,,,,0,,,0.0,50.0
deterministic,standard,0,,,0.15,mutual_information,delta,adv_error,False,,1.0,1.0,50,,,,
deterministic,standard,0,,,0.15,mutual_information,delta,cert_fail_tau0.5,True,,,,0,,,0.0,50.0
deterministic,standard,0,,,0.15,mutual_information,delta,cert_fail_tau0.9,True,,,,0,,,0.0,50.0
deterministic,standard,0,,,0.15,mutual_information,delta,cert_fail_tau0.95,True,,,,0,,,0.0,50.0
deterministic,standard,0,,,0.15,one_minus_confidence,clean,adv_error,False,,1.0,1.0,50,,,,
deterministic,standard,0,,,0.15,one_minus_confidence,clean,cert_fail_tau0.5,True,,,,0,,,0.0,50.0
deterministic,standard,0,,,0.15,one_minus_confidence,clean,cert_fail_tau0.9,True,,,,0,,,0.0,50.0
deterministic,standard,0,,,0.15,one_minus_confidence,clean,cert_fail_tau0.95,True,,,,0,,,0.0,50.0
deterministic,standard,0,,,0.15,one_minus_confidence,adv,adv_error,False,,1.0,1.0,50,,,,
deterministic,standard,0,,,0.15,one_minus_confidence,adv,cert_fail_tau0.5,True,,,,0,,,0.0,50.0
deterministic,standard,0,,,0.15,one_minus_confidence,adv,cert_fail_tau0.9,True,,,,0,,,0.0,50.0
deterministic,standard,0,,,0.15,one_minus_confidence,adv,cert_fail_tau0.95,True,,,,0,,,0.0,50.0
deterministic,standard,0,,,0.15,one_minus_confidence,delta,adv_error,False,,1.0,1.0,50,,,,
deterministic,standard,0,,,0.15,one_minus_confidence,delta,cert_fail_tau0.5,True,,,,0,,,0.0,50.0
deterministic,standard,0,,,0.15,one_minus_confidence,delta,cert_fail_tau0.9,True,,,,0,,,0.0,50.0
deterministic,standard,0,,,0.15,one_minus_confidence,delta,cert_fail_tau0.95,True,,,,0,,,0.0,50.0
deterministic,standard,1,,,0.01,mutual_information,clean,adv_error,False,0.4166666666666667,0.04904306220095694,0.04,50,-0.056588012120445015,-0.056588012120445015,,
deterministic,standard,1,,,0.01,mutual_information,clean,cert_fail_tau0.5,False,0.4166666666666667,0.04904306220095694,0.04,50,,,50.0,0.0
deterministic,standard,1,,,0.01,mutual_information,clean,cert_fail_tau0.9,False,0.4166666666666667,0.04904306220095694,0.04,50,,,50.0,0.0
deterministic,standard,1,,,0.01,mutual_information,clean,cert_fail_tau0.95,False,,1.0,1.0,2,,,2.0,48.0
deterministic,standard,1,,,0.01,mutual_information,adv,adv_error,False,0.4375,0.06719367588932806,0.04,50,-0.04243591358070568,-0.04243591358070568,,
deterministic,standard,1,,,0.01,mutual_information,adv,cert_fail_tau0.5,False,0.4375,0.06719367588932806,0.04,50,,,50.0,0.0
deterministic,standard,1,,,0.01,mutual_information,adv,cert_fail_tau0.9,False,0.4375,0.06719367588932806,0.04,50,,,50.0,0.0
deterministic,standard,1,,,0.01,mutual_information,adv,cert_fail_tau0.95,False,,1.0,1.0,2,,,2.0,48.0
deterministic,standard,1,,,0.01,mutual_information,delta,adv_error,False,0.4895833333333333,0.07380952380952381,0.04,50,-0.007072652263450947,-0.007072652263450947,,
deterministic,standard,1,,,0.01,mutual_information,delta,cert_fail_tau0.5,False,0.4895833333333333,0.07380952380952381,0.04,50,,,50.0,0.0
deterministic,standard,1,,,0.01,mutual_information,delta,cert_fail_tau0.9,False,0.4895833333333333,0.07380952380952381,0.04,50,,,50.0,0.0
deterministic,standard,1,,,0.01,mutual_information,delta,cert_fail_tau0.95,False,,1.0,1.0,2,,,2.0,48.0
deterministic,standard,1,,,0.01,one_minus_confidence,clean,adv_error,False,1.0,1.0,0.04,50,0.3663204370034471,0.3663204370034471,,
deterministic,standard,1,,,0.01,one_minus_confidence,clean,cert_fail_tau0.5,False,1.0,1.0,0.04,50,,,50.0,0.0
deterministic,standard,1,,,0.01,one_minus_confidence,clean,cert_fail_tau0.9,False,1.0,1.0,0.04,50,,,50.0,0.0
deterministic,standard,1,,,0.01,one_minus_confidence,clean,cert_fail_tau0.95,False,,1.0,1.0,2,,,2.0,48.0
deterministic,standard,1,,,0.01,one_minus_confidence,adv,adv_error,False,1.0,1.0,0.04,50,0.3573233114813815,0.3573233114813815,,
deterministic,standard,1,,,0.01,one_minus_confidence,adv,cert_fail_tau0.5,False,1.0,1.0,0.04,50,,,50.0,0.0
deterministic,standard,1,,,0.01,one_minus_confidence,adv,cert_fail_tau0.9,False,1.0,1.0,0.04,50,,,50.0,0.0
deterministic,standard,1,,,0.01,one_minus_confidence,adv,cert_fail_tau0.95,False,,1.0,1.0,2,,,2.0,48.0
deterministic,standard,1,,,0.01,one_minus_confidence,delta,adv_error,False,0.0,0.030204081632653063,0.04,50,-0.3573233114813815,-0.3573233114813815,,
deterministic,standard,1,,,0.01,one_minus_confidence,delta,cert_fail_tau0.5,False,0.0,0.030204081632653063,0.04,50,,,50.0,0.0
deterministic,standard,1,,,0.01,one_minus_confidence,delta,cert_fail_tau0.9,False,0.0,0.030204081632653063,0.04,50,,,50.0,0.0
deterministic,standard,1,,,0.01,one_minus_confidence,delta,cert_fail_tau0.95,False,,1.0,1.0,2,,,2.0,48.0
deterministic,standard,1,,,0.03,mutual_information,clean,adv_error,False,0.5333333333333333,0.15404639904079995,0.1,50,,,,
deterministic,standard,1,,,0.03,mutual_information,clean,cert_fail_tau0.5,True,,,,0,,,0.0,50.0
deterministic,standard,1,,,0.03,mutual_information,clean,cert_fail_tau0.9,True,,,,0,,,0.0,50.0
deterministic,standard,1,,,0.03,mutual_information,clean,cert_fail_tau0.95,True,,,,0,,,0.0,50.0
deterministic,standard,1,,,0.03,mutual_information,adv,adv_error,False,0.4533333333333333,0.1366341991341991,0.1,50,,,,
deterministic,standard,1,,,0.03,mutual_information,adv,cert_fail_tau0.5,True,,,,0,,,0.0,50.0
deterministic,standard,1,,,0.03,mutual_information,adv,cert_fail_tau0.9,True,,,,0,,,0.0,50.0
deterministic,standard,1,,,0.03,mutual_information,adv,cert_fail_tau0.95,True,,,,0,,,0.0,50.0
deterministic,standard,1,,,0.03,mutual_information,delta,adv_error,False,0.4711111111111111,0.11517094463902974,0.1,50,,,,
deterministic,standard,1,,,0.03,mutual_information,delta,cert_fail_tau0.5,True,,,,0,,,0.0,50.0
deterministic,standard,1,,,0.03,mutual_information,delta,cert_fail_tau0.9,True,,,,0,,,0.0,50.0
deterministic,standard,1,,,0.03,mutual_information,delta,cert_fail_tau0.95,True,,,,0,,,0.0,50.0
deterministic,standard,1,,,0.03,one_minus_confidence,clean,adv_error,False,0.9311111111111111,0.7513888888888889,0.1,50,,,,
deterministic,standard,1,,,0.03,one_minus_confidence,clean,cert_fail_tau0.5,True,,,,0,,,0.0,50.0
deterministic,standard,1,,,0.03,one_minus_confidence,clean,cert_fail_tau0.9,True,,,,0,,,0.0,50.0
deterministic,standard,1,,,0.03,one_minus_confidence,clean,cert_fail_tau0.95,True,,,,0,,,0.0,50.0
deterministic,standard,1,,,0.03,one_minus_confidence,adv,adv_error,False,0.7511111111111111,0.26464015855320205,0.1,50,,,,
deterministic,standard,1,,,0.03,one_minus_confidence,adv,cert_fail_tau0.5,True,,,,0,,,0.0,50.0
deterministic,standard,1,,,0.03,one_minus_confidence,adv,cert_fail_tau0.9,True,,,,0,,,0.0,50.0
deterministic,standard,1,,,0.03,one_minus_confidence,adv,cert_fail_tau0.95,True,,,,0,,,0.0,50.0
deterministic,standard,1,,,0.03,one_minus_confidence,delta,adv_error,False,0.5333333333333333,0.2291470434327577,0.1,50,,,,
deterministic,standard,1,,,0.03,one_minus_confidence,delta,cert_fail_tau0.5,True,,,,0,,,0.0,50.0
deterministic,standard,1,,,0.03,one_minus_confidence,delta,cert_fail_tau0.9,True,,,,0,,,0.0,50.0
deterministic,standard,1,,,0.03,one_minus_confidence,delta,cert_fail_tau0.95,True,,,,0,,,0.0,50.0
deterministic,standard,1,,,0.05,mutual_information,clean,adv_error,False,0.487012987012987,0.6653293223035835,0.44,50,,-0.02233930709343045,,
deterministic,standard,1,,,0.05,mutual_information,clean,cert_fail_tau0.5,False,,1.0,1.0,22,,,22.0,28.0
deterministic,standard,1,,,0.05,mutual_information,clean,cert_fail_tau0.9,False,,1.0,1.0,22,,,22.0,28.0
deterministic,standard,1,,,0.05,mutual_information,clean,cert_fail_tau0.95,False,,1.0,1.0,22,,,22.0,28.0
deterministic,standard,1,,,0.05,mutual_information,adv,adv_error,False,0.5576298701298701,0.6205124459513971,0.44,50,,0.09913067522709762,,
deterministic,standard,1,,,0.05,mutual_information,adv,cert_fail_tau0.5,False,,1.0,1.0,22,,,22.0,28.0
deterministic,standard,1,,,0.05,mutual_information,adv,cert_fail_tau0.9,False,,1.0,1.0,22,,,22.0,28.0
deterministic,standard,1,,,0.05,mutual_information,adv,cert_fail_tau0.95,False,,1.0,1.0,22,,,22.0,28.0
deterministic,standard,1,,,0.05,mutual_information,delta,adv_error,False,0.5616883116883117,0.6228427450184765,0.44,50,,0.106096421392057,,
deterministic,standard,1,,,0.05,mutual_information,delta,cert_fail_tau0.5,False,,1.0,1.0,22,,,22.0,28.0
deterministic,standard,1,,,0.05,mutual_information,delta,cert_fail_tau0.9,False,,1.0,1.0,22,,,22.0,28.0
deterministic,standard,1,,,0.05,mutual_information,delta,cert_fail_tau0.95,False,,1.0,1.0,22,,,22.0,28.0
deterministic,standard,1,,,0.05,one_minus_confidence,clean,adv_error,False,0.9967532467532467,0.9924242424242424,0.44,50,,0.9219059080249415,,
deterministic,standard,1,,,0.05,one_minus_confidence,clean,cert_fail_tau0.5,False,,1.0,1.0,22,,,22.0,28.0
deterministic,standard,1,,,0.05,one_minus_confidence,clean,cert_fail_tau0.9,False,,1.0,1.0,22,,,22.0,28.0
deterministic,standard,1,,,0.05,one_minus_confidence,clean,cert_fail_tau0.95,False,,1.0,1.0,22,,,22.0,28.0
deterministic,standard,1,,,0.05,one_minus_confidence,adv,adv_error,False,0.4577922077922078,0.45952190598025144,0.44,50,,-0.0725922883208811,,
deterministic,standard,1,,,0.05,one_minus_confidence,adv,cert_fail_tau0.5,False,,1.0,1.0,22,,,22.0,28.0
deterministic,standard,1,,,0.05,one_minus_confidence,adv,cert_fail_tau0.9,False,,1.0,1.0,22,,,22.0,28.0
deterministic,standard,1,,,0.05,one_minus_confidence,adv,cert_fail_tau0.95,False,,1.0,1.0,22,,,22.0,28.0
deterministic,standard,1,,,0.05,one_minus_confidence,delta,adv_error,False,0.44805194805194803,0.45698028047568545,0.44,50,,-0.08934435485646908,,
deterministic,standard,1,,,0.05,one_minus_confidence,delta,cert_fail_tau0.5,False,,1.0,1.0,22,,,22.0,28.0
deterministic,standard,1,,,0.05,one_minus_confidence,delta,cert_fail_tau0.9,False,,1.0,1.0,22,,,22.0,28.0
deterministic,standard,1,,,0.05,one_minus_confidence,delta,cert_fail_tau0.95,False,,1.0,1.0,22,,,22.0,28.0
deterministic,standard,1,,,0.07,mutual_information,clean,adv_error,False,0.31893687707641194,0.8523283008445495,0.86,50,,-0.1952254014152784,,
deterministic,standard,1,,,0.07,mutual_information,clean,cert_fail_tau0.5,False,,1.0,1.0,42,,,42.0,8.0
deterministic,standard,1,,,0.07,mutual_information,clean,cert_fail_tau0.9,False,,1.0,1.0,43,,,43.0,7.0
deterministic,standard,1,,,0.07,mutual_information,clean,cert_fail_tau0.95,False,,1.0,1.0,43,,,43.0,7.0
deterministic,standard,1,,,0.07,mutual_information,adv,adv_error,False,0.39368770764119604,0.8061569666899544,0.86,50,,-0.13944262856969378,,
deterministic,standard,1,,,0.07,mutual_information,adv,cert_fail_tau0.5,False,,1.0,1.0,42,,,42.0,8.0
deterministic,standard,1,,,0.07,mutual_information,adv,cert_fail_tau0.9,False,,1.0,1.0,43,,,43.0,7.0
deterministic,standard,1,,,0.07,mutual_information,adv,cert_fail_tau0.95,False,,1.0,1.0,43,,,43.0,7.0
deterministic,standard,1,,,0.07,mutual_information,delta,adv_error,False,0.4019933554817276,0.8337463779113622,0.86,50,,-0.1281689768399097,,
deterministic,standard,1,,,0.07,mutual_information,delta,cert_fail_tau0.5,False,,1.0,1.0,42,,,42.0,8.0
deterministic,standard,1,,,0.07,mutual_information,delta,cert_fail_tau0.9,False,,1.0,1.0,43,,,43.0,7.0
deterministic,standard,1,,,0.07,mutual_information,delta,cert_fail_tau0.95,False,,1.0,1.0,43,,,43.0,7.0
deterministic,standard,1,,,0.07,one_minus_confidence,clean,adv_error,False,0.7790697674418605,0.9381395348837209,0.86,50,,0.3909619585611014,,
deterministic,standard,1,,,0.07,one_minus_confidence,clean,cert_fail_tau0.5,False,,1.0,1.0,42,,,42.0,8.0
deterministic,standard,1,,,0.07,one_minus_confidence,clean,cert_fail_tau0.9,False,,1.0,1.0,43,,,43.0,7.0
deterministic,standard,1,,,0.07,one_minus_confidence,clean,cert_fail_tau0.95,False,,1.0,1.0,43,,,43.0,7.0
deterministic,standard,1,,,0.07,one_minus_confidence,adv,adv_error,False,0.3388704318936877,0.8512593080370517,0.86,50,,-0.2370144801397623,,
deterministic,standard,1,,,0.07,one_minus_confidence,adv,cert_fail_tau0.5,False,,1.0,1.0,42,,,42.0,8.0
deterministic,standard,1,,,0.07,one_minus_confidence,adv,cert_fail_tau0.9,False,,1.0,1.0,43,,,43.0,7.0
deterministic,standard,1,,,0.07,one_minus_confidence,adv,cert_fail_tau0.95,False,,1.0,1.0,43,,,43.0,7.0
deterministic,standard,1,,,0.07,one_minus_confidence,delta,adv_error,False,0.3388704318936877,0.8512593080370517,0.86,50,,-0.2370144801397623,,
deterministic,standard,1,,,0.07,one_minus_confidence,delta,cert_fail_tau0.5,False,,1.0,1.0,42,,,42.0,8.0
deterministic,standard,1,,,0.07,one_minus_confidence,delta,cert_fail_tau0.9,False,,1.0,1.0,43,,,43.0,7.0
deterministic,standard,1,,,0.07,one_minus_confidence,delta,cert_fail_tau0.95,False,,1.0,1.0,43,,,43.0,7.0
deterministic,standard,1,,,0.08,mutual_information,clean,adv_error,False,0.34782608695652173,0.9174484151877859,0.92,50,,-0.1430603183845,,
deterministic,standard,1,,,0.08,mutual_information,clean,cert_fail_tau0.5,False,,1.0,1.0,46,,,46.0,4.0
deterministic,standard,1,,,0.08,mutual_information,clean,cert_fail_tau0.9,False,,1.0,1.0,46,,,46.0,4.0
deterministic,standard,1,,,0.08,mutual_information,clean,cert_fail_tau0.95,False,,1.0,1.0,46,,,46.0,4.0
deterministic,standard,1,,,0.08,mutual_information,adv,adv_error,False,0.5108695652173914,0.9266755969479529,0.92,50,,0.010217858004564073,,
deterministic,standard,1,,,0.08,mutual_information,adv,cert_fail_tau0.5,False,,1.0,1.0,46,,,46.0,4.0
deterministic,standard,1,,,0.08,mutual_information,adv,cert_fail_tau0.9,False,,1.0,1.0,46,,,46.0,4.0
deterministic,standard,1,,,0.08,mutual_information,adv,cert_fail_tau0.95,False,,1.0,1.0,46,,,46.0,4.0
deterministic,standard,1,,,0.08,mutual_information,delta,adv_error,False,0.4945652173913043,0.9336077706615912,0.92,50,,-0.0051085609989439396,,
deterministic,standard,1,,,0.08,mutual_information,delta,cert_fail_tau0.5,False,,1.0,1.0,46,,,46.0,4.0
deterministic,standard,1,,,0.08,mutual_information,delta,cert_fail_tau0.9,False,,1.0,1.0,46,,,46.0,4.0
deterministic,standard,1,,,0.08,mutual_information,delta,cert_fail_tau0.95,False,,1.0,1.0,46,,,46.0,4.0
deterministic,standard,1,,,0.08,one_minus_confidence,clean,adv_error,False,0.7608695652173914,0.9617391304347827,0.92,50,,0.2645987898684705,,
deterministic,standard,1,,,0.08,one_minus_confidence,clean,cert_fail_tau0.5,False,,1.0,1.0,46,,,46.0,4.0
deterministic,standard,1,,,0.08,one_minus_confidence,clean,cert_fail_tau0.9,False,,1.0,1.0,46,,,46.0,4.0
deterministic,standard,1,,,0.08,one_minus_confidence,clean,cert_fail_tau0.95,False,,1.0,1.0,46,,,46.0,4.0
deterministic,standard,1,,,0.08,one_minus_confidence,adv,adv_error,False,0.15217391304347827,0.8435565685647182,0.92,50,,-0.3270342869414316,,
deterministic,standard,1,,,0.08,one_minus_confidence,adv,cert_fail_tau0.5,False,,1.0,1.0,46,,,46.0,4.0
deterministic,standard,1,,,0.08,one_minus_confidence,adv,cert_fail_tau0.9,False,,1.0,1.0,46,,,46.0,4.0
deterministic,standard,1,,,0.08,one_minus_confidence,adv,cert_fail_tau0.95,False,,1.0,1.0,46,,,46.0,4.0
deterministic,standard,1,,,0.08,one_minus_confidence,delta,adv_error,False,0.15217391304347827,0.8433542711474921,0.92,50,,-0.32695575410478284,,
deterministic,standard,1,,,0.08,one_minus_confidence,delta,cert_fail_tau0.5,False,,1.0,1.0,46,,,46.0,4.0
deterministic,standard,1,,,0.08,one_minus_confidence,delta,cert_fail_tau0.9,False,,1.0,1.0,46,,,46.0,4.0
deterministic,standard,1,,,0.08,one_minus_confidence,delta,cert_fail_tau0.95,False,,1.0,1.0,46,,,46.0,4.0
deterministic,standard,1,,,0.1,mutual_information,clean,adv_error,False,0.32653061224489793,0.9785113702249241,0.98,50,,-0.10636330607208898,,
deterministic,standard,1,,,0.1,mutual_information,clean,cert_fail_tau0.5,False,,1.0,1.0,49,,,49.0,1.0
deterministic,standard,1,,,0.1,mutual_information,clean,cert_fail_tau0.9,False,,1.0,1.0,49,,,49.0,1.0
deterministic,standard,1,,,0.1,mutual_information,clean,cert_fail_tau0.95,False,,1.0,1.0,49,,,49.0,1.0
deterministic,standard,1,,,0.1,mutual_information,adv,adv_error,False,0.40816326530612246,0.981675986171495,0.98,50,,0.09575296395251498,,
deterministic,standard,1,,,0.1,mutual_information,adv,cert_fail_tau0.5,False,,1.0,1.0,49,,,49.0,1.0
deterministic,standard,1,,,0.1,mutual_information,adv,cert_fail_tau0.9,False,,1.0,1.0,49,,,49.0,1.0
deterministic,standard,1,,,0.1,mutual_information,adv,cert_fail_tau0.95,False,,1.0,1.0,49,,,49.0,1.0
deterministic,standard,1,,,0.1,mutual_information,delta,adv_error,False,0.5306122448979592,0.9875969676514826,0.98,50,,0.11822727844336699,,
deterministic,standard,1,,,0.1,mutual_information,delta,cert_fail_tau0.5,False,,1.0,1.0,49,,,49.0,1.0
deterministic,standard,1,,,0.1,mutual_information,delta,cert_fail_tau0.9,False,,1.0,1.0,49,,,49.0,1.0
deterministic,standard,1,,,0.1,mutual_information,delta,cert_fail_tau0.95,False,,1.0,1.0,49,,,49.0,1.0
deterministic,standard,1,,,0.1,one_minus_confidence,clean,adv_error,False,0.7448979591836735,0.9897959183673469,0.98,50,,0.18312207204322348,,
deterministic,standard,1,,,0.1,one_minus_confidence,clean,cert_fail_tau0.5,False,,1.0,1.0,49,,,49.0,1.0
deterministic,standard,1,,,0.1,one_minus_confidence,clean,cert_fail_tau0.9,False,,1.0,1.0,49,,,49.0,1.0
deterministic,standard,1,,,0.1,one_minus_confidence,clean,cert_fail_tau0.95,False,,1.0,1.0,49,,,49.0,1.0
deterministic,standard,1,,,0.1,one_minus_confidence,adv,adv_error,False,0.0,0.9293207293582919,0.98,50,,-0.34154842980156197,,
deterministic,standard,1,,,0.1,one_minus_confidence,adv,cert_fail_tau0.5,False,,1.0,1.0,49,,,49.0,1.0
deterministic,standard,1,,,0.1,one_minus_confidence,adv,cert_fail_tau0.9,False,,1.0,1.0,49,,,49.0,1.0
deterministic,standard,1,,,0.1,one_minus_confidence,adv,cert_fail_tau0.95,False,,1.0,1.0,49,,,49.0,1.0
deterministic,standard,1,,,0.1,one_minus_confidence,delta,adv_error,False,0.0,0.928625368618799,0.98,50,,-0.3395661811413527,,
deterministic,standard,1,,,0.1,one_minus_confidence,delta,cert_fail_tau0.5,False,,1.0,1.0,49,,,49.0,1.0
deterministic,standard,1,,,0.1,one_minus_confidence,delta,cert_fail_tau0.9,False,,1.0,1.0,49,,,49.0,1.0
deterministic,standard,1,,,0.1,one_minus_confidence,delta,cert_fail_tau0.95,False,,1.0,1.0,49,,,49.0,1.0
deterministic,standard,1,,,0.15,mutual_information,clean,adv_error,False,,1.0,1.0,50,,,,
deterministic,standard,1,,,0.15,mutual_information,clean,cert_fail_tau0.5,True,,,,0,,,0.0,50.0
deterministic,standard,1,,,0.15,mutual_information,clean,cert_fail_tau0.9,True,,,,0,,,0.0,50.0
deterministic,standard,1,,,0.15,mutual_information,clean,cert_fail_tau0.95,True,,,,0,,,0.0,50.0
deterministic,standard,1,,,0.15,mutual_information,adv,adv_error,False,,1.0,1.0,50,,,,
deterministic,standard,1,,,0.15,mutual_information,adv,cert_fail_tau0.5,True,,,,0,,,0.0,50.0
deterministic,standard,1,,,0.15,mutual_information,adv,cert_fail_tau0.9,True,,,,0,,,0.0,50.0
deterministic,standard,1,,,0.15,mutual_information,adv,cert_fail_tau0.95,True,,,,0,,,0.0,50.0
deterministic,standard,1,,,0.15,mutual_information,delta,adv_error,False,,1.0,1.0,50,,,,
deterministic,standard,1,,,0.15,mutual_information,delta,cert_fail_tau0.5,True,,,,0,,,0.0,50.0
deterministic,standard,1,,,0.15,mutual_information,delta,cert_fail_tau0.9,True,,,,0,,,0.0,50.0
deterministic,standard,1,,,0.15,mutual_information,delta,cert_fail_tau0.95,True,,,,0,,,0.0,50.0
deterministic,standard,1,,,0.15,one_minus_confidence,clean,adv_error,False,,1.0,1.0,50,,,,
deterministic,standard,1,,,0.15,one_minus_confidence,clean,cert_fail_tau0.5,True,,,,0,,,0.0,50.0
deterministic,standard,1,,,0.15,one_minus_confidence,clean,cert_fail_tau0.9,True,,,,0,,,0.0,50.0
deterministic,standard,1,,,0.15,one_minus_confidence,clean,cert_fail_tau0.95,True,,,,0,,,0.0,50.0
deterministic,standard,1,,,0.15,one_minus_confidence,adv,adv_error,False,,1.0,1.0,50,,,,
deterministic,standard,1,,,0.15,one_minus_confidence,adv,cert_fail_tau0.5,True,,,,0,,,0.0,50.0
deterministic,standard,1,,,0.15,one_minus_confidence,adv,cert_fail_tau0.9,True,,,,0,,,0.0,50.0
deterministic,standard,1,,,0.15,one_minus_confidence,adv,cert_fail_tau0.95,True,,,,0,,,0.0,50.0
deterministic,standard,1,,,0.15,one_minus_confidence,delta,adv_error,False,,1.0,1.0,50,,,,
deterministic,standard,1,,,0.15,one_minus_confidence,delta,cert_fail_tau0.5,True,,,,0,,,0.0,50.0
deterministic,standard,1,,,0.15,one_minus_confidence,delta,cert_fail_tau0.9,True,,,,0,,,0.0,50.0
deterministic,standard,1,,,0.15,one_minus_confidence,delta,cert_fail_tau0.95,True,,,,0,,,0.0,50.0
deterministic,standard,2,,,0.01,mutual_information,clean,adv_error,False,0.8979591836734694,0.16666666666666666,0.02,50,0.19304319364863354,0.19304319364863354,,
deterministic,standard,2,,,0.01,mutual_information,clean,cert_fail_tau0.5,False,0.8979591836734694,0.16666666666666666,0.02,50,,,50.0,0.0
deterministic,standard,2,,,0.01,mutual_information,clean,cert_fail_tau0.9,False,0.8979591836734694,0.16666666666666666,0.02,50,,,50.0,0.0
deterministic,standard,2,,,0.01,mutual_information,clean,cert_fail_tau0.95,True,,,1.0,1,,,1.0,49.0
deterministic,standard,2,,,0.01,mutual_information,adv,adv_error,False,0.0,0.02,0.02,50,-0.24254727224382336,-0.24254727224382336,,
deterministic,standard,2,,,0.01,mutual_information,adv,cert_fail_tau0.5,False,0.0,0.02,0.02,50,,,50.0,0.0
deterministic,standard,2,,,0.01,mutual_information,adv,cert_fail_tau0.9,False,0.0,0.02,0.02,50,,,50.0,0.0
deterministic,standard,2,,,0.01,mutual_information,adv,cert_fail_tau0.95,True,,,1.0,1,,,1.0,49.0
deterministic,standard,2,,,0.01,mutual_information,delta,adv_error,False,0.02040816326530612,0.02040816326530612,0.02,50,-0.23264179747399427,-0.23264179747399427,,
deterministic,standard,2,,,0.01,mutual_information,delta,cert_fail_tau0.5,False,0.02040816326530612,0.02040816326530612,0.02,50,,,50.0,0.0
deterministic,standard,2,,,0.01,mutual_information,delta,cert_fail_tau0.9,False,0.02040816326530612,0.02040816326530612,0.02,50,,,50.0,0.0
deterministic,standard,2,,,0.01,mutual_information,delta,cert_fail_tau0.95,True,,,1.0,1,,,1.0,49.0
deterministic,standard,2,,,0.01,one_minus_confidence,clean,adv_error,False,1.0,1.0,0.02,50,0.25394341983183905,0.25394341983183905,,
deterministic,standard,2,,,0.01,one_minus_confidence,clean,cert_fail_tau0.5,False,1.0,1.0,0.02,50,,,50.0,0.0
deterministic,standard,2,,,0.01,one_minus_confidence,clean,cert_fail_tau0.9,False,1.0,1.0,0.02,50,,,50.0,0.0
deterministic,standard,2,,,0.01,one_minus_confidence,clean,cert_fail_tau0.95,True,,,1.0,1,,,1.0,49.0
deterministic,standard,2,,,0.01,one_minus_confidence,adv,adv_error,False,1.0,1.0,0.02,50,0.24599745087717367,0.24599745087717367,,
deterministic,standard,2,,,0.01,one_minus_confidence,adv,cert_fail_tau0.5,False,1.0,1.0,0.02,50,,,50.0,0.0
deterministic,standard,2,,,0.01,one_minus_confidence,adv,cert_fail_tau0.9,False,1.0,1.0,0.02,50,,,50.0,0.0
deterministic,standard,2,,,0.01,one_minus_confidence,adv,cert_fail_tau0.95,True,,,1.0,1,,,1.0,49.0
deterministic,standard,2,,,0.01,one_minus_confidence,delta,adv_error,False,1.0,1.0,0.02,50,0.24598529955454151,0.24598529955454151,,
deterministic,standard,2,,,0.01,one_minus_confidence,delta,cert_fail_tau0.5,False,1.0,1.0,0.02,50,,,50.0,0.0
deterministic,standard,2,,,0.01,one_minus_confidence,delta,cert_fail_tau0.9,False,1.0,1.0,0.02,50,,,50.0,0.0
deterministic,standard,2,,,0.01,one_minus_confidence,delta,cert_fail_tau0.95,True,,,1.0,1,,,1.0,49.0
deterministic,standard,2,,,0.03,mutual_information,clean,adv_error,False,0.6607142857142857,0.588642924472723,0.16,50,,,,
deterministic,standard,2,,,0.03,mutual_information,clean,cert_fail_tau0.5,True,,,,0,,,0.0,50.0
deterministic,standard,2,,,0.03,mutual_information,clean,cert_fail_tau0.9,True,,,,0,,,0.0,50.0
deterministic,standard,2,,,0.03,mutual_information,clean,cert_fail_tau0.95,True,,,,0,,,0.0,50.0
deterministic,standard,2,,,0.03,mutual_information,adv,adv_error,False,0.5714285714285714,0.3093268039718468,0.16,50,,,,
deterministic,standard,2,,,0.03,mutual_information,adv,cert_fail_tau0.5,True,,,,0,,,0.0,50.0
deterministic,standard,2,,,0.03,mutual_information,adv,cert_fail_tau0.9,True,,,,0,,,0.0,50.0
deterministic,standard,2,,,0.03,mutual_information,adv,cert_fail_tau0.95,True,,,,0,,,0.0,50.0
deterministic,standard,2,,,0.03,mutual_information,delta,adv_error,False,0.44345238095238093,0.20098720871327252,0.16,50,,,,
deterministic,standard,2,,,0.03,mutual_information,delta,cert_fail_tau0.5,True,,,,0,,,0.0,50.0
deterministic,standard,2,,,0.03,mutual_information,delta,cert_fail_tau0.9,True,,,,0,,,0.0,50.0
deterministic,standard,2,,,0.03,mutual_information,delta,cert_fail_tau0.95,True,,,,0,,,0.0,50.0
deterministic,standard,2,,,0.03,one_minus_confidence,clean,adv_error,False,0.9791666666666666,0.8994408369408369,0.16,50,,,,
deterministic,standard,2,,,0.03,one_minus_confidence,clean,cert_fail_tau0.5,True,,,,0,,,0.0,50.0
deterministic,standard,2,,,0.03,one_minus_confidence,clean,cert_fail_tau0.9,True,,,,0,,,0.0,50.0
deterministic,standard,2,,,0.03,one_minus_confidence,clean,cert_fail_tau0.95,True,,,,0,,,0.0,50.0
deterministic,standard,2,,,0.03,one_minus_confidence,adv,adv_error,False,0.8839285714285714,0.5530719280719281,0.16,50,,,,
deterministic,standard,2,,,0.03,one_minus_confidence,adv,cert_fail_tau0.5,True,,,,0,,,0.0,50.0
deterministic,standard,2,,,0.03,one_minus_confidence,adv,cert_fail_tau0.9,True,,,,0,,,0.0,50.0
deterministic,standard,2,,,0.03,one_minus_confidence,adv,cert_fail_tau0.95,True,,,,0,,,0.0,50.0
deterministic,standard,2,,,0.03,one_minus_confidence,delta,adv_error,False,0.8095238095238095,0.5290014152514153,0.16,50,,,,
deterministic,standard,2,,,0.03,one_minus_confidence,delta,cert_fail_tau0.5,True,,,,0,,,0.0,50.0
deterministic,standard,2,,,0.03,one_minus_confidence,delta,cert_fail_tau0.9,True,,,,0,,,0.0,50.0
deterministic,standard,2,,,0.03,one_minus_confidence,delta,cert_fail_tau0.95,True,,,,0,,,0.0,50.0
deterministic,standard,2,,,0.05,mutual_information,clean,adv_error,False,0.4519230769230769,0.6381747557393155,0.48,50,,-0.09866077968126655,,
deterministic,standard,2,,,0.05,mutual_information,clean,cert_fail_tau0.5,False,,1.0,1.0,21,,,21.0,29.0
deterministic,standard,2,,,0.05,mutual_information,clean,cert_fail_tau0.9,False,,1.0,1.0,22,,,22.0,28.0
deterministic,standard,2,,,0.05,mutual_information,clean,cert_fail_tau0.95,False,,1.0,1.0,22,,,22.0,28.0
deterministic,standard,2,,,0.05,mutual_information,adv,adv_error,False,0.5088141025641025,0.5110841674950235,0.48,50,,-0.051693502261221894,,
deterministic,standard,2,,,0.05,mutual_information,adv,cert_fail_tau0.5,False,,1.0,1.0,21,,,21.0,29.0
deterministic,standard,2,,,0.05,mutual_information,adv,cert_fail_tau0.9,False,,1.0,1.0,22,,,22.0,28.0
deterministic,standard,2,,,0.05,mutual_information,adv,cert_fail_tau0.95,False,,1.0,1.0,22,,,22.0,28.0
deterministic,standard,2,,,0.05,mutual_information,delta,adv_error,False,0.44551282051282054,0.5428211956565057,0.48,50,,-0.11329089425305508,,
deterministic,standard,2,,,0.05,mutual_information,delta,cert_fail_tau0.5,False,,1.0,1.0,21,,,21.0,29.0
deterministic,standard,2,,,0.05,mutual_information,delta,cert_fail_tau0.9,False,,1.0,1.0,22,,,22.0,28.0
deterministic,standard,2,,,0.05,mutual_information,delta,cert_fail_tau0.95,False,,1.0,1.0,22,,,22.0,28.0
deterministic,standard,2,,,0.05,one_minus_confidence,clean,adv_error,False,0.9254807692307693,0.9237197159565581,0.48,50,,0.7526018549049709,,
deterministic,standard,2,,,0.05,one_minus_confidence,clean,cert_fail_tau0.5,False,,1.0,1.0,21,,,21.0,29.0
deterministic,standard,2,,,0.05,one_minus_confidence,clean,cert_fail_tau0.9,False,,1.0,1.0,22,,,22.0,28.0
deterministic,standard,2,,,0.05,one_minus_confidence,clean,cert_fail_tau0.95,False,,1.0,1.0,22,,,22.0,28.0
deterministic,standard,2,,,0.05,one_minus_confidence,adv,adv_error,False,0.5961538461538461,0.5701652929734304,0.48,50,,0.09211813417249393,,
deterministic,standard,2,,,0.05,one_minus_confidence,adv,cert_fail_tau0.5,False,,1.0,1.0,21,,,21.0,29.0
deterministic,standard,2,,,0.05,one_minus_confidence,adv,cert_fail_tau0.9,False,,1.0,1.0,22,,,22.0,28.0
deterministic,standard,2,,,0.05,one_minus_confidence,adv,cert_fail_tau0.95,False,,1.0,1.0,22,,,22.0,28.0
deterministic,standard,2,,,0.05,one_minus_confidence,delta,adv_error,False,0.5592948717948718,0.5595085433535075,0.48,50,,0.02710334994605868,,
deterministic,standard,2,,,0.05,one_minus_confidence,delta,cert_fail_tau0.5,False,,1.0,1.0,21,,,21.0,29.0
deterministic,standard,2,,,0.05,one_minus_confidence,delta,cert_fail_tau0.9,False,,1.0,1.0,22,,,22.0,28.0
deterministic,standard,2,,,0.05,one_minus_confidence,delta,cert_fail_tau0.95,False,,1.0,1.0,22,,,22.0,28.0
deterministic,standard,2,,,0.07,mutual_information,clean,adv_error,False,0.39044289044289043,0.8095134224401986,0.78,50,,-0.16648202016941027,,
deterministic,standard,2,,,0.07,mutual_information,clean,cert_fail_tau0.5,False,,1.0,1.0,38,,,38.0,12.0
deterministic,standard,2,,,0.07,mutual_information,clean,cert_fail_tau0.9,False,,1.0,1.0,38,,,38.0,12.0
deterministic,standard,2,,,0.07,mutual_information,clean,cert_fail_tau0.95,False,,1.0,1.0,38,,,38.0,12.0
deterministic,standard,2,,,0.07,mutual_information,adv,adv_error,False,0.3613053613053613,0.7260525271109108,0.78,50,,-0.21531027448148807,,
deterministic,standard,2,,,0.07,mutual_information,adv,cert_fail_tau0.5,False,,1.0,1.0,38,,,38.0,12.0
deterministic,standard,2,,,0.07,mutual_information,adv,cert_fail_tau0.9,False,,1.0,1.0,38,,,38.0,12.0
deterministic,standard,2,,,0.07,mutual_information,adv,cert_fail_tau0.95,False,,1.0,1.0,38,,,38.0,12.0
deterministic,standard,2,,,0.07,mutual_information,delta,adv_error,False,0.4195804195804196,0.7688119838521734,0.78,50,,-0.12522253621618312,,
deterministic,standard,2,,,0.07,mutual_information,delta,cert_fail_tau0.5,False,,1.0,1.0,38,,,38.0,12.0
deterministic,standard,2,,,0.07,mutual_information,delta,cert_fail_tau0.9,False,,1.0,1.0,38,,,38.0,12.0
deterministic,standard,2,,,0.07,mutual_information,delta,cert_fail_tau0.95,False,,1.0,1.0,38,,,38.0,12.0
deterministic,standard,2,,,0.07,one_minus_confidence,clean,adv_error,False,0.8251748251748252,0.9268131868131868,0.78,50,,0.5190629943354601,,
deterministic,standard,2,,,0.07,one_minus_confidence,clean,cert_fail_tau0.5,False,,1.0,1.0,38,,,38.0,12.0
deterministic,standard,2,,,0.07,one_minus_confidence,clean,cert_fail_tau0.9,False,,1.0,1.0,38,,,38.0,12.0
deterministic,standard,2,,,0.07,one_minus_confidence,clean,cert_fail_tau0.95,False,,1.0,1.0,38,,,38.0,12.0
deterministic,standard,2,,,0.07,one_minus_confidence,adv,adv_error,False,0.28438228438228436,0.7167815963293752,0.78,50,,-0.36460143102944487,,
deterministic,standard,2,,,0.07,one_minus_confidence,adv,cert_fail_tau0.5,False,,1.0,1.0,38,,,38.0,12.0
deterministic,standard,2,,,0.07,one_minus_confidence,adv,cert_fail_tau0.9,False,,1.0,1.0,38,,,38.0,12.0
deterministic,standard,2,,,0.07,one_minus_confidence,adv,cert_fail_tau0.95,False,,1.0,1.0,38,,,38.0,12.0
deterministic,standard,2,,,0.07,one_minus_confidence,delta,adv_error,False,0.27505827505827507,0.714949401927697,0.78,50,,-0.37780318678556957,,
deterministic,standard,2,,,0.07,one_minus_confidence,delta,cert_fail_tau0.5,False,,1.0,1.0,38,,,38.0,12.0
deterministic,standard,2,,,0.07,one_minus_confidence,delta,cert_fail_tau0.9,False,,1.0,1.0,38,,,38.0,12.0
deterministic,standard,2,,,0.07,one_minus_confidence,delta,cert_fail_tau0.95,False,,1.0,1.0,38,,,38.0,12.0
deterministic,standard,2,,,0.08,mutual_information,clean,adv_error,False,0.34226190476190477,0.8432150393509604,0.84,50,,-0.20294917901473705,,
deterministic,standard,2,,,0.08,mutual_information,clean,cert_fail_tau0.5,False,,1.0,1.0,41,,,41.0,9.0
deterministic,standard,2,,,0.08,mutual_information,clean,cert_fail_tau0.9,False,,1.0,1.0,41,,,41.0,9.0
deterministic,standard,2,,,0.08,mutual_information,clean,cert_fail_tau0.95,False,,1.0,1.0,41,,,41.0,9.0
deterministic,standard,2,,,0.08,mutual_information,adv,adv_error,False,0.32142857142857145,0.8001376162441816,0.84,50,,-0.17261550644987494,,
deterministic,standard,2,,,0.08,mutual_information,adv,cert_fail_tau0.5,False,,1.0,1.0,41,,,41.0,9.0
deterministic,standard,2,,,0.08,mutual_information,adv,cert_fail_tau0.9,False,,1.0,1.0,41,,,41.0,9.0
deterministic,standard,2,,,0.08,mutual_information,adv,cert_fail_tau0.95,False,,1.0,1.0,41,,,41.0,9.0
deterministic,standard,2,,,0.08,mutual_information,delta,adv_error,False,0.3958333333333333,0.8349563452553496,0.84,50,,-0.08896283309859256,,
deterministic,standard,2,,,0.08,mutual_information,delta,cert_fail_tau0.5,False,,1.0,1.0,41,,,41.0,9.0
deterministic,standard,2,,,0.08,mutual_information,delta,cert_fail_tau0.9,False,,1.0,1.0,41,,,41.0,9.0
deterministic,standard,2,,,0.08,mutual_information,delta,cert_fail_tau0.95,False,,1.0,1.0,41,,,41.0,9.0
deterministic,standard,2,,,0.08,one_minus_confidence,clean,adv_error,False,0.8333333333333334,0.9466666666666667,0.84,50,,0.5058423101298927,,
deterministic,standard,2,,,0.08,one_minus_confidence,clean,cert_fail_tau0.5,False,,1.0,1.0,41,,,41.0,9.0
deterministic,standard,2,,,0.08,one_minus_confidence,clean,cert_fail_tau0.9,False,,1.0,1.0,41,,,41.0,9.0
deterministic,standard,2,,,0.08,one_minus_confidence,clean,cert_fail_tau0.95,False,,1.0,1.0,41,,,41.0,9.0
deterministic,standard,2,,,0.08,one_minus_confidence,adv,adv_error,False,0.08630952380952381,0.6848711447143104,0.84,50,,-0.592390819511931,,
deterministic,standard,2,,,0.08,one_minus_confidence,adv,cert_fail_tau0.5,False,,1.0,1.0,41,,,41.0,9.0
deterministic,standard,2,,,0.08,one_minus_confidence,adv,cert_fail_tau0.9,False,,1.0,1.0,41,,,41.0,9.0
deterministic,standard,2,,,0.08,one_minus_confidence,adv,cert_fail_tau0.95,False,,1.0,1.0,41,,,41.0,9.0
deterministic,standard,2,,,0.08,one_minus_confidence,delta,adv_error,False,0.08630952380952381,0.6842427002286843,0.84,50,,-0.5922343450884582,,
deterministic,standard,2,,,0.08,one_minus_confidence,delta,cert_fail_tau0.5,False,,1.0,1.0,41,,,41.0,9.0
deterministic,standard,2,,,0.08,one_minus_confidence,delta,cert_fail_tau0.9,False,,1.0,1.0,41,,,41.0,9.0
deterministic,standard,2,,,0.08,one_minus_confidence,delta,cert_fail_tau0.95,False,,1.0,1.0,41,,,41.0,9.0
deterministic,standard,2,,,0.1,mutual_information,clean,adv_error,False,0.3469387755102041,0.9795396163552111,0.98,50,,-0.0991379331484924,,
deterministic,standard,2,,,0.1,mutual_information,clean,cert_fail_tau0.5,False,,1.0,1.0,48,,,48.0,2.0
deterministic,standard,2,,,0.1,mutual_information,clean,cert_fail_tau0.9,False,,1.0,1.0,49,,,49.0,1.0
deterministic,standard,2,,,0.1,mutual_information,clean,cert_fail_tau0.95,False,,1.0,1.0,49,,,49.0,1.0
deterministic,standard,2,,,0.1,mutual_information,adv,adv_error,False,0.8979591836734694,0.9978723015759571,0.98,50,,-0.011809152905165744,,
deterministic,standard,2,,,0.1,mutual_information,adv,cert_fail_tau0.5,False,,1.0,1.0,48,,,48.0,2.0
deterministic,standard,2,,,0.1,mutual_information,adv,cert_fail_tau0.9,False,,1.0,1.0,49,,,49.0,1.0
deterministic,standard,2,,,0.1,mutual_information,adv,cert_fail_tau0.95,False,,1.0,1.0,49,,,49.0,1.0
deterministic,standard,2,,,0.1,mutual_information,delta,adv_error,False,0.8367346938775511,0.9964803564963043,0.98,50,,-0.009192312319161308,,
deterministic,standard,2,,,0.1,mutual_information,delta,cert_fail_tau0.5,False,,1.0,1.0,48,,,48.0,2.0
deterministic,standard,2,,,0.1,mutual_information,delta,cert_fail_tau0.9,False,,1.0,1.0,49,,,49.0,1.0
deterministic,standard,2,,,0.1,mutual_information,delta,cert_fail_tau0.95,False,,1.0,1.0,49,,,49.0,1.0
deterministic,standard,2,,,0.1,one_minus_confidence,clean,adv_error,False,0.7857142857142857,0.9914285714285714,0.98,50,,0.2073007508831339,,
deterministic,standard,2,,,0.1,one_minus_confidence,clean,cert_fail_tau0.5,False,,1.0,1.0,48,,,48.0,2.0
deterministic,standard,2,,,0.1,one_minus_confidence,clean,cert_fail_tau0.9,False,,1.0,1.0,49,,,49.0,1.0
deterministic,standard,2,,,0.1,one_minus_confidence,clean,cert_fail_tau0.95,False,,1.0,1.0,49,,,49.0,1.0
deterministic,standard,2,,,0.1,one_minus_confidence,adv,adv_error,False,0.02040816326530612,0.939309612284485,0.98,50,,-0.31936127738289094,,
deterministic,standard,2,,,0.1,one_minus_confidence,adv,cert_fail_tau0.5,False,,1.0,1.0,48,,,48.0,2.0
deterministic,standard,2,,,0.1,one_minus_confidence,adv,cert_fail_tau0.9,False,,1.0,1.0,49,,,49.0,1.0
deterministic,standard,2,,,0.1,one_minus_confidence,adv,cert_fail_tau0.95,False,,1.0,1.0,49,,,49.0,1.0
deterministic,standard,2,,,0.1,one_minus_confidence,delta,adv_error,False,0.02040816326530612,0.9389227756554233,0.98,50,,-0.3185318060683557,,
deterministic,standard,2,,,0.1,one_minus_confidence,delta,cert_fail_tau0.5,False,,1.0,1.0,48,,,48.0,2.0
deterministic,standard,2,,,0.1,one_minus_confidence,delta,cert_fail_tau0.9,False,,1.0,1.0,49,,,49.0,1.0
deterministic,standard,2,,,0.1,one_minus_confidence,delta,cert_fail_tau0.95,False,,1.0,1.0,49,,,49.0,1.0
deterministic,standard,2,,,0.15,mutual_information,clean,adv_error,False,,1.0,1.0,50,,,,
deterministic,standard,2,,,0.15,mutual_information,clean,cert_fail_tau0.5,True,,,,0,,,0.0,50.0
deterministic,standard,2,,,0.15,mutual_information,clean,cert_fail_tau0.9,True,,,,0,,,0.0,50.0
deterministic,standard,2,,,0.15,mutual_information,clean,cert_fail_tau0.95,True,,,,0,,,0.0,50.0
deterministic,standard,2,,,0.15,mutual_information,adv,adv_error,False,,1.0,1.0,50,,,,
deterministic,standard,2,,,0.15,mutual_information,adv,cert_fail_tau0.5,True,,,,0,,,0.0,50.0
deterministic,standard,2,,,0.15,mutual_information,adv,cert_fail_tau0.9,True,,,,0,,,0.0,50.0
deterministic,standard,2,,,0.15,mutual_information,adv,cert_fail_tau0.95,True,,,,0,,,0.0,50.0
deterministic,standard,2,,,0.15,mutual_information,delta,adv_error,False,,1.0,1.0,50,,,,
deterministic,standard,2,,,0.15,mutual_information,delta,cert_fail_tau0.5,True,,,,0,,,0.0,50.0
deterministic,standard,2,,,0.15,mutual_information,delta,cert_fail_tau0.9,True,,,,0,,,0.0,50.0
deterministic,standard,2,,,0.15,mutual_information,delta,cert_fail_tau0.95,True,,,,0,,,0.0,50.0
deterministic,standard,2,,,0.15,one_minus_confidence,clean,adv_error,False,,1.0,1.0,50,,,,
deterministic,standard,2,,,0.15,one_minus_confidence,clean,cert_fail_tau0.5,True,,,,0,,,0.0,50.0
deterministic,standard,2,,,0.15,one_minus_confidence,clean,cert_fail_tau0.9,True,,,,0,,,0.0,50.0
deterministic,standard,2,,,0.15,one_minus_confidence,clean,cert_fail_tau0.95,True,,,,0,,,0.0,50.0
deterministic,standard,2,,,0.15,one_minus_confidence,adv,adv_error,False,,1.0,1.0,50,,,,
deterministic,standard,2,,,0.15,one_minus_confidence,adv,cert_fail_tau0.5,True,,,,0,,,0.0,50.0
deterministic,standard,2,,,0.15,one_minus_confidence,adv,cert_fail_tau0.9,True,,,,0,,,0.0,50.0
deterministic,standard,2,,,0.15,one_minus_confidence,adv,cert_fail_tau0.95,True,,,,0,,,0.0,50.0
deterministic,standard,2,,,0.15,one_minus_confidence,delta,adv_error,False,,1.0,1.0,50,,,,
deterministic,standard,2,,,0.15,one_minus_confidence,delta,cert_fail_tau0.5,True,,,,0,,,0.0,50.0
deterministic,standard,2,,,0.15,one_minus_confidence,delta,cert_fail_tau0.9,True,,,,0,,,0.0,50.0
deterministic,standard,2,,,0.15,one_minus_confidence,delta,cert_fail_tau0.95,True,,,,0,,,0.0,50.0
deterministic,standard,3,,,0.01,mutual_information,clean,adv_error,False,,,0.0,50,0.23265855700173155,,,
deterministic,standard,3,,,0.01,mutual_information,clean,cert_fail_tau0.5,False,,,0.0,49,,,49.0,1.0
deterministic,standard,3,,,0.01,mutual_information,clean,cert_fail_tau0.9,False,,,0.0,49,,,49.0,1.0
deterministic,standard,3,,,0.01,mutual_information,clean,cert_fail_tau0.95,True,,,,0,,,0.0,50.0
deterministic,standard,3,,,0.01,mutual_information,adv,adv_error,False,,,0.0,50,0.1633481629397178,,,
deterministic,standard,3,,,0.01,mutual_information,adv,cert_fail_tau0.5,False,,,0.0,49,,,49.0,1.0
deterministic,standard,3,,,0.01,mutual_information,adv,cert_fail_tau0.9,False,,,0.0,49,,,49.0,1.0
deterministic,standard,3,,,0.01,mutual_information,adv,cert_fail_tau0.95,True,,,,0,,,0.0,50.0
deterministic,standard,3,,,0.01,mutual_information,delta,adv_error,False,,,0.0,50,-0.12374266583486378,,,
deterministic,standard,3,,,0.01,mutual_information,delta,cert_fail_tau0.5,False,,,0.0,49,,,49.0,1.0
deterministic,standard,3,,,0.01,mutual_information,delta,cert_fail_tau0.9,False,,,0.0,49,,,49.0,1.0
deterministic,standard,3,,,0.01,mutual_information,delta,cert_fail_tau0.95,True,,,,0,,,0.0,50.0
deterministic,standard,3,,,0.01,one_minus_confidence,clean,adv_error,False,,,0.0,50,0.27436005959432613,,,
deterministic,standard,3,,,0.01,one_minus_confidence,clean,cert_fail_tau0.5,False,,,0.0,49,,,49.0,1.0
deterministic,standard,3,,,0.01,one_minus_confidence,clean,cert_fail_tau0.9,False,,,0.0,49,,,49.0,1.0
deterministic,standard,3,,,0.01,one_minus_confidence,clean,cert_fail_tau0.95,True,,,,0,,,0.0,50.0
deterministic,standard,3,,,0.01,one_minus_confidence,adv,adv_error,False,,,0.0,50,0.2535899005910292,,,
deterministic,standard,3,,,0.01,one_minus_confidence,adv,cert_fail_tau0.5,False,,,0.0,49,,,49.0,1.0
deterministic,standard,3,,,0.01,one_minus_confidence,adv,cert_fail_tau0.9,False,,,0.0,49,,,49.0,1.0
deterministic,standard,3,,,0.01,one_minus_confidence,adv,cert_fail_tau0.95,True,,,,0,,,0.0,50.0
deterministic,standard,3,,,0.01,one_minus_confidence,delta,adv_error,False,,,0.0,50,0.2535899005910292,,,
deterministic,standard,3,,,0.01,one_minus_confidence,delta,cert_fail_tau0.5,False,,,0.0,49,,,49.0,1.0
deterministic,standard,3,,,0.01,one_minus_confidence,delta,cert_fail_tau0.9,False,,,0.0,49,,,49.0,1.0
deterministic,standard,3,,,0.01,one_minus_confidence,delta,cert_fail_tau0.95,True,,,,0,,,0.0,50.0
deterministic,standard,3,,,0.03,mutual_information,clean,adv_error,False,0.6517857142857143,0.5028671328671329,0.16,50,,,,
deterministic,standard,3,,,0.03,mutual_information,clean,cert_fail_tau0.5,True,,,,0,,,0.0,50.0
deterministic,standard,3,,,0.03,mutual_information,clean,cert_fail_tau0.9,True,,,,0,,,0.0,50.0
deterministic,standard,3,,,0.03,mutual_information,clean,cert_fail_tau0.95,True,,,,0,,,0.0,50.0
deterministic,standard,3,,,0.03,mutual_information,adv,adv_error,False,0.6696428571428571,0.3796535242624891,0.16,50,,,,
deterministic,standard,3,,,0.03,mutual_information,adv,cert_fail_tau0.5,True,,,,0,,,0.0,50.0
deterministic,standard,3,,,0.03,mutual_information,adv,cert_fail_tau0.9,True,,,,0,,,0.0,50.0
deterministic,standard,3,,,0.03,mutual_information,adv,cert_fail_tau0.95,True,,,,0,,,0.0,50.0
deterministic,standard,3,,,0.03,mutual_information,delta,adv_error,False,0.5744047619047619,0.3752333619374524,0.16,50,,,,
deterministic,standard,3,,,0.03,mutual_information,delta,cert_fail_tau0.5,True,,,,0,,,0.0,50.0
deterministic,standard,3,,,0.03,mutual_information,delta,cert_fail_tau0.9,True,,,,0,,,0.0,50.0
deterministic,standard,3,,,0.03,mutual_information,delta,cert_fail_tau0.95,True,,,,0,,,0.0,50.0
deterministic,standard,3,,,0.03,one_minus_confidence,clean,adv_error,False,1.0,1.0,0.16,50,,,,
deterministic,standard,3,,,0.03,one_minus_confidence,clean,cert_fail_tau0.5,True,,,,0,,,0.0,50.0
deterministic,standard,3,,,0.03,one_minus_confidence,clean,cert_fail_tau0.9,True,,,,0,,,0.0,50.0
deterministic,standard,3,,,0.03,one_minus_confidence,clean,cert_fail_tau0.95,True,,,,0,,,0.0,50.0
deterministic,standard,3,,,0.03,one_minus_confidence,adv,adv_error,False,0.9166666666666666,0.6577651515151515,0.16,50,,,,
deterministic,standard,3,,,0.03,one_minus_confidence,adv,cert_fail_tau0.5,True,,,,0,,,0.0,50.0
deterministic,standard,3,,,0.03,one_minus_confidence,adv,cert_fail_tau0.9,True,,,,0,,,0.0,50.0
deterministic,standard,3,,,0.03,one_minus_confidence,adv,cert_fail_tau0.95,True,,,,0,,,0.0,50.0
deterministic,standard,3,,,0.03,one_minus_confidence,delta,adv_error,False,0.9136904761904762,0.6535984848484848,0.16,50,,,,
deterministic,standard,3,,,0.03,one_minus_confidence,delta,cert_fail_tau0.5,True,,,,0,,,0.0,50.0
deterministic,standard,3,,,0.03,one_minus_confidence,delta,cert_fail_tau0.9,True,,,,0,,,0.0,50.0
deterministic,standard,3,,,0.03,one_minus_confidence,delta,cert_fail_tau0.95,True,,,,0,,,0.0,50.0
deterministic,standard,3,,,0.05,mutual_information,clean,adv_error,False,0.31655844155844154,0.5358505561023292,0.44,50,,-0.31552755730876925,,
deterministic,standard,3,,,0.05,mutual_information,clean,cert_fail_tau0.5,False,,1.0,1.0,22,,,22.0,28.0
deterministic,standard,3,,,0.05,mutual_information,clean,cert_fail_tau0.9,False,,1.0,1.0,22,,,22.0,28.0
deterministic,standard,3,,,0.05,mutual_information,clean,cert_fail_tau0.95,False,,1.0,1.0,22,,,22.0,28.0
deterministic,standard,3,,,0.05,mutual_information,adv,adv_error,False,0.5998376623376623,0.5897709230565187,0.44,50,,0.17176642831123068,,
deterministic,standard,3,,,0.05,mutual_information,adv,cert_fail_tau0.5,False,,1.0,1.0,22,,,22.0,28.0
deterministic,standard,3,,,0.05,mutual_information,adv,cert_fail_tau0.9,False,,1.0,1.0,22,,,22.0,28.0
deterministic,standard,3,,,0.05,mutual_information,adv,cert_fail_tau0.95,False,,1.0,1.0,22,,,22.0,28.0
deterministic,standard,3,,,0.05,mutual_information,delta,adv_error,False,0.6623376623376623,0.6726031868833195,0.44,50,,0.2792011089264658,,
deterministic,standard,3,,,0.05,mutual_information,delta,cert_fail_tau0.5,False,,1.0,1.0,22,,,22.0,28.0
deterministic,standard,3,,,0.05,mutual_information,delta,cert_fail_tau0.9,False,,1.0,1.0,22,,,22.0,28.0
deterministic,standard,3,,,0.05,mutual_information,delta,cert_fail_tau0.95,False,,1.0,1.0,22,,,22.0,28.0
deterministic,standard,3,,,0.05,one_minus_confidence,clean,adv_error,False,0.924512987012987,0.9099999999999999,0.44,50,,0.8259127703870497,,
deterministic,standard,3,,,0.05,one_minus_confidence,clean,cert_fail_tau0.5,False,,1.0,1.0,22,,,22.0,28.0
deterministic,standard,3,,,0.05,one_minus_confidence,clean,cert_fail_tau0.9,False,,1.0,1.0,22,,,22.0,28.0
deterministic,standard,3,,,0.05,one_minus_confidence,clean,cert_fail_tau0.95,False,,1.0,1.0,22,,,22.0,28.0
deterministic,standard,3,,,0.05,one_minus_confidence,adv,adv_error,False,0.4724025974025974,0.40939148357445204,0.44,50,,-0.04746418851749919,,
deterministic,standard,3,,,0.05,one_minus_confidence,adv,cert_fail_tau0.5,False,,1.0,1.0,22,,,22.0,28.0
deterministic,standard,3,,,0.05,one_minus_confidence,adv,cert_fail_tau0.9,False,,1.0,1.0,22,,,22.0,28.0
deterministic,standard,3,,,0.05,one_minus_confidence,adv,cert_fail_tau0.95,False,,1.0,1.0,22,,,22.0,28.0
deterministic,standard,3,,,0.05,one_minus_confidence,delta,adv_error,False,0.4301948051948052,0.39750567257663105,0.44,50,,-0.12005647683838032,,
deterministic,standard,3,,,0.05,one_minus_confidence,delta,cert_fail_tau0.5,False,,1.0,1.0,22,,,22.0,28.0
deterministic,standard,3,,,0.05,one_minus_confidence,delta,cert_fail_tau0.9,False,,1.0,1.0,22,,,22.0,28.0
deterministic,standard,3,,,0.05,one_minus_confidence,delta,cert_fail_tau0.95,False,,1.0,1.0,22,,,22.0,28.0
deterministic,standard,3,,,0.07,mutual_information,clean,adv_error,False,0.4550438596491228,0.8182627320648126,0.76,50,,-0.06653047860070868,,
deterministic,standard,3,,,0.07,mutual_information,clean,cert_fail_tau0.5,False,,1.0,1.0,38,,,38.0,12.0
deterministic,standard,3,,,0.07,mutual_information,clean,cert_fail_tau0.9,False,,1.0,1.0,38,,,38.0,12.0
deterministic,standard,3,,,0.07,mutual_information,clean,cert_fail_tau0.95,False,,1.0,1.0,38,,,38.0,12.0
deterministic,standard,3,,,0.07,mutual_information,adv,adv_error,False,0.43201754385964913,0.7581976882192856,0.76,50,,-0.10061431398392354,,
deterministic,standard,3,,,0.07,mutual_information,adv,cert_fail_tau0.5,False,,1.0,1.0,38,,,38.0,12.0
deterministic,standard,3,,,0.07,mutual_information,adv,cert_fail_tau0.9,False,,1.0,1.0,38,,,38.0,12.0
deterministic,standard,3,,,0.07,mutual_information,adv,cert_fail_tau0.95,False,,1.0,1.0,38,,,38.0,12.0
deterministic,standard,3,,,0.07,mutual_information,delta,adv_error,False,0.4649122807017544,0.7715124529323429,0.76,50,,-0.05192124004848625,,
deterministic,standard,3,,,0.07,mutual_information,delta,cert_fail_tau0.5,False,,1.0,1.0,38,,,38.0,12.0
deterministic,standard,3,,,0.07,mutual_information,delta,cert_fail_tau0.9,False,,1.0,1.0,38,,,38.0,12.0
deterministic,standard,3,,,0.07,mutual_information,delta,cert_fail_tau0.95,False,,1.0,1.0,38,,,38.0,12.0
deterministic,standard,3,,,0.07,one_minus_confidence,clean,adv_error,False,0.7631578947368421,0.8863157894736842,0.76,50,,0.44050583842414937,,
deterministic,standard,3,,,0.07,one_minus_confidence,clean,cert_fail_tau0.5,False,,1.0,1.0,38,,,38.0,12.0
deterministic,standard,3,,,0.07,one_minus_confidence,clean,cert_fail_tau0.9,False,,1.0,1.0,38,,,38.0,12.0
deterministic,standard,3,,,0.07,one_minus_confidence,clean,cert_fail_tau0.95,False,,1.0,1.0,38,,,38.0,12.0
deterministic,standard,3,,,0.07,one_minus_confidence,adv,adv_error,False,0.21162280701754385,0.6356999476554476,0.76,50,,-0.4267789286891623,,
deterministic,standard,3,,,0.07,one_minus_confidence,adv,cert_fail_tau0.5,False,,1.0,1.0,38,,,38.0,12.0
deterministic,standard,3,,,0.07,one_minus_confidence,adv,cert_fail_tau0.9,False,,1.0,1.0,38,,,38.0,12.0
deterministic,standard,3,,,0.07,one_minus_confidence,adv,cert_fail_tau0.95,False,,1.0,1.0,38,,,38.0,12.0
deterministic,standard,3,,,0.07,one_minus_confidence,delta,adv_error,False,0.19517543859649122,0.6322818629097778,0.76,50,,-0.4510657729212242,,
deterministic,standard,3,,,0.07,one_minus_confidence,delta,cert_fail_tau0.5,False,,1.0,1.0,38,,,38.0,12.0
deterministic,standard,3,,,0.07,one_minus_confidence,delta,cert_fail_tau0.9,False,,1.0,1.0,38,,,38.0,12.0
deterministic,standard,3,,,0.07,one_minus_confidence,delta,cert_fail_tau0.95,False,,1.0,1.0,38,,,38.0,12.0
deterministic,standard,3,,,0.08,mutual_information,clean,adv_error,False,0.4701086956521739,0.9418254692026568,0.92,50,,-0.028099784282546194,,
deterministic,standard,3,,,0.08,mutual_information,clean,cert_fail_tau0.5,False,,1.0,1.0,46,,,46.0,4.0
deterministic,standard,3,,,0.08,mutual_information,clean,cert_fail_tau0.9,False,,1.0,1.0,46,,,46.0,4.0
deterministic,standard,3,,,0.08,mutual_information,clean,cert_fail_tau0.95,False,,1.0,1.0,46,,,46.0,4.0
deterministic,standard,3,,,0.08,mutual_information,adv,adv_error,False,0.14130434782608695,0.8315027534178279,0.92,50,,-0.3371731214205572,,
deterministic,standard,3,,,0.08,mutual_information,adv,cert_fail_tau0.5,False,,1.0,1.0,46,,,46.0,4.0
deterministic,standard,3,,,0.08,mutual_information,adv,cert_fail_tau0.9,False,,1.0,1.0,46,,,46.0,4.0
deterministic,standard,3,,,0.08,mutual_information,adv,cert_fail_tau0.95,False,,1.0,1.0,46,,,46.0,4.0
deterministic,standard,3,,,0.08,mutual_information,delta,adv_error,False,0.22826086956521738,0.8679384436314199,0.92,50,,-0.255428049947197,,
deterministic,standard,3,,,0.08,mutual_information,delta,cert_fail_tau0.5,False,,1.0,1.0,46,,,46.0,4.0
deterministic,standard,3,,,0.08,mutual_information,delta,cert_fail_tau0.9,False,,1.0,1.0,46,,,46.0,4.0
deterministic,standard,3,,,0.08,mutual_information,delta,cert_fail_tau0.95,False,,1.0,1.0,46,,,46.0,4.0
deterministic,standard,3,,,0.08,one_minus_confidence,clean,adv_error,False,0.717391304347826,0.9547826086956523,0.92,50,,0.23115533644206626,,
deterministic,standard,3,,,0.08,one_minus_confidence,clean,cert_fail_tau0.5,False,,1.0,1.0,46,,,46.0,4.0
deterministic,standard,3,,,0.08,one_minus_confidence,clean,cert_fail_tau0.9,False,,1.0,1.0,46,,,46.0,4.0
deterministic,standard,3,,,0.08,one_minus_confidence,clean,cert_fail_tau0.95,False,,1.0,1.0,46,,,46.0,4.0
deterministic,standard,3,,,0.08,one_minus_confidence,adv,adv_error,False,0.14130434782608695,0.8374603165603269,0.92,50,,-0.3374974199676015,,
deterministic,standard,3,,,0.08,one_minus_confidence,adv,cert_fail_tau0.5,False,,1.0,1.0,46,,,46.0,4.0
deterministic,standard,3,,,0.08,one_minus_confidence,adv,cert_fail_tau0.9,False,,1.0,1.0,46,,,46.0,4.0
deterministic,standard,3,,,0.08,one_minus_confidence,adv,cert_fail_tau0.95,False,,1.0,1.0,46,,,46.0,4.0
deterministic,standard,3,,,0.08,one_minus_confidence,delta,adv_error,False,0.14130434782608695,0.8366524921790891,0.92,50,,-0.3371731214205572,,
deterministic,standard,3,,,0.08,one_minus_confidence,delta,cert_fail_tau0.5,False,,1.0,1.0,46,,,46.0,4.0
deterministic,standard,3,,,0.08,one_minus_confidence,delta,cert_fail_tau0.9,False,,1.0,1.0,46,,,46.0,4.0
deterministic,standard,3,,,0.08,one_minus_confidence,delta,cert_fail_tau0.95,False,,1.0,1.0,46,,,46.0,4.0
deterministic,standard,3,,,0.1,mutual_information,clean,adv_error,False,0.4897959183673469,0.9860813136024016,0.98,50,,-0.00495018206386663,,
deterministic,standard,3,,,0.1,mutual_information,clean,cert_fail_tau0.5,False,,1.0,1.0,49,,,49.0,1.0
deterministic,standard,3,,,0.1,mutual_information,clean,cert_fail_tau0.9,False,,1.0,1.0,49,,,49.0,1.0
deterministic,standard,3,,,0.1,mutual_information,clean,cert_fail_tau0.95,False,,1.0,1.0,49,,,49.0,1.0
deterministic,standard,3,,,0.1,mutual_information,adv,adv_error,False,0.1836734693877551,0.9681403845451307,0.98,50,,-0.15345932922965844,,
deterministic,standard,3,,,0.1,mutual_information,adv,cert_fail_tau0.5,False,,1.0,1.0,49,,,49.0,1.0
deterministic,standard,3,,,0.1,mutual_information,adv,cert_fail_tau0.9,False,,1.0,1.0,49,,,49.0,1.0
deterministic,standard,3,,,0.1,mutual_information,adv,cert_fail_tau0.95,False,,1.0,1.0,49,,,49.0,1.0
deterministic,standard,3,,,0.1,mutual_information,delta,adv_error,False,0.24489795918367346,0.9730801717715168,0.98,50,,-0.12374266583486378,,
deterministic,standard,3,,,0.1,mutual_information,delta,cert_fail_tau0.5,False,,1.0,1.0,49,,,49.0,1.0
deterministic,standard,3,,,0.1,mutual_information,delta,cert_fail_tau0.9,False,,1.0,1.0,49,,,49.0,1.0
deterministic,standard,3,,,0.1,mutual_information,delta,cert_fail_tau0.95,False,,1.0,1.0,49,,,49.0,1.0
deterministic,standard,3,,,0.1,one_minus_confidence,clean,adv_error,False,0.7040816326530612,0.9881632653061224,0.98,50,,0.11198369779360251,,
deterministic,standard,3,,,0.1,one_minus_confidence,clean,cert_fail_tau0.5,False,,1.0,1.0,49,,,49.0,1.0
deterministic,standard,3,,,0.1,one_minus_confidence,clean,cert_fail_tau0.9,False,,1.0,1.0,49,,,49.0,1.0
deterministic,standard,3,,,0.1,one_minus_confidence,clean,cert_fail_tau0.95,False,,1.0,1.0,49,,,49.0,1.0
deterministic,standard,3,,,0.1,one_minus_confidence,adv,adv_error,False,0.0,0.9300262730384394,0.98,50,,-0.2467175818975845,,
deterministic,standard,3,,,0.1,one_minus_confidence,adv,cert_fail_tau0.5,False,,1.0,1.0,49,,,49.0,1.0
deterministic,standard,3,,,0.1,one_minus_confidence,adv,cert_fail_tau0.9,False,,1.0,1.0,49,,,49.0,1.0
deterministic,standard,3,,,0.1,one_minus_confidence,adv,cert_fail_tau0.95,False,,1.0,1.0,49,,,49.0,1.0
deterministic,standard,3,,,0.1,one_minus_confidence,delta,adv_error,False,0.0,0.9292192942085579,0.98,50,,-0.2430848644289821,,
deterministic,standard,3,,,0.1,one_minus_confidence,delta,cert_fail_tau0.5,False,,1.0,1.0,49,,,49.0,1.0
deterministic,standard,3,,,0.1,one_minus_confidence,delta,cert_fail_tau0.9,False,,1.0,1.0,49,,,49.0,1.0
deterministic,standard,3,,,0.1,one_minus_confidence,delta,cert_fail_tau0.95,False,,1.0,1.0,49,,,49.0,1.0
deterministic,standard,3,,,0.15,mutual_information,clean,adv_error,False,,1.0,1.0,50,,,,
deterministic,standard,3,,,0.15,mutual_information,clean,cert_fail_tau0.5,True,,,,0,,,0.0,50.0
deterministic,standard,3,,,0.15,mutual_information,clean,cert_fail_tau0.9,True,,,,0,,,0.0,50.0
deterministic,standard,3,,,0.15,mutual_information,clean,cert_fail_tau0.95,True,,,,0,,,0.0,50.0
deterministic,standard,3,,,0.15,mutual_information,adv,adv_error,False,,1.0,1.0,50,,,,
deterministic,standard,3,,,0.15,mutual_information,adv,cert_fail_tau0.5,True,,,,0,,,0.0,50.0
deterministic,standard,3,,,0.15,mutual_information,adv,cert_fail_tau0.9,True,,,,0,,,0.0,50.0
deterministic,standard,3,,,0.15,mutual_information,adv,cert_fail_tau0.95,True,,,,0,,,0.0,50.0
deterministic,standard,3,,,0.15,mutual_information,delta,adv_error,False,,1.0,1.0,50,,,,
deterministic,standard,3,,,0.15,mutual_information,delta,cert_fail_tau0.5,True,,,,0,,,0.0,50.0
deterministic,standard,3,,,0.15,mutual_information,delta,cert_fail_tau0.9,True,,,,0,,,0.0,50.0
deterministic,standard,3,,,0.15,mutual_information,delta,cert_fail_tau0.95,True,,,,0,,,0.0,50.0
deterministic,standard,3,,,0.15,one_minus_confidence,clean,adv_error,False,,1.0,1.0,50,,,,
deterministic,standard,3,,,0.15,one_minus_confidence,clean,cert_fail_tau0.5,True,,,,0,,,0.0,50.0
deterministic,standard,3,,,0.15,one_minus_confidence,clean,cert_fail_tau0.9,True,,,,0,,,0.0,50.0
deterministic,standard,3,,,0.15,one_minus_confidence,clean,cert_fail_tau0.95,True,,,,0,,,0.0,50.0
deterministic,standard,3,,,0.15,one_minus_confidence,adv,adv_error,False,,1.0,1.0,50,,,,
deterministic,standard,3,,,0.15,one_minus_confidence,adv,cert_fail_tau0.5,True,,,,0,,,0.0,50.0
deterministic,standard,3,,,0.15,one_minus_confidence,adv,cert_fail_tau0.9,True,,,,0,,,0.0,50.0
deterministic,standard,3,,,0.15,one_minus_confidence,adv,cert_fail_tau0.95,True,,,,0,,,0.0,50.0
deterministic,standard,3,,,0.15,one_minus_confidence,delta,adv_error,False,,1.0,1.0,50,,,,
deterministic,standard,3,,,0.15,one_minus_confidence,delta,cert_fail_tau0.5,True,,,,0,,,0.0,50.0
deterministic,standard,3,,,0.15,one_minus_confidence,delta,cert_fail_tau0.9,True,,,,0,,,0.0,50.0
deterministic,standard,3,,,0.15,one_minus_confidence,delta,cert_fail_tau0.95,True,,,,0,,,0.0,50.0
deterministic,standard,4,,,0.01,mutual_information,clean,adv_error,False,,,0.0,50,0.173248051602731,,,
deterministic,standard,4,,,0.01,mutual_information,clean,cert_fail_tau0.5,False,,,0.0,49,,,49.0,1.0
deterministic,standard,4,,,0.01,mutual_information,clean,cert_fail_tau0.9,False,,,0.0,49,,,49.0,1.0
deterministic,standard,4,,,0.01,mutual_information,clean,cert_fail_tau0.95,True,,,,0,,,0.0,50.0
deterministic,standard,4,,,0.01,mutual_information,adv,adv_error,False,,,0.0,50,0.1831435426922934,,,
deterministic,standard,4,,,0.01,mutual_information,adv,cert_fail_tau0.5,False,,,0.0,49,,,49.0,1.0
deterministic,standard,4,,,0.01,mutual_information,adv,cert_fail_tau0.9,False,,,0.0,49,,,49.0,1.0
deterministic,standard,4,,,0.01,mutual_information,adv,cert_fail_tau0.95,True,,,,0,,,0.0,50.0
deterministic,standard,4,,,0.01,mutual_information,delta,adv_error,False,,,0.0,50,0.17323973216880925,,,
deterministic,standard,4,,,0.01,mutual_information,delta,cert_fail_tau0.5,False,,,0.0,49,,,49.0,1.0
deterministic,standard,4,,,0.01,mutual_information,delta,cert_fail_tau0.9,False,,,0.0,49,,,49.0,1.0
deterministic,standard,4,,,0.01,mutual_information,delta,cert_fail_tau0.95,True,,,,0,,,0.0,50.0
deterministic,standard,4,,,0.01,one_minus_confidence,clean,adv_error,False,,,0.0,50,0.27040937856913544,,,
deterministic,standard,4,,,0.01,one_minus_confidence,clean,cert_fail_tau0.5,False,,,0.0,49,,,49.0,1.0
deterministic,standard,4,,,0.01,one_minus_confidence,clean,cert_fail_tau0.9,False,,,0.0,49,,,49.0,1.0
deterministic,standard,4,,,0.01,one_minus_confidence,clean,cert_fail_tau0.95,True,,,,0,,,0.0,50.0
deterministic,standard,4,,,0.01,one_minus_confidence,adv,adv_error,False,,,0.0,50,0.2536898033803931,,,
deterministic,standard,4,,,0.01,one_minus_confidence,adv,cert_fail_tau0.5,False,,,0.0,49,,,49.0,1.0
deterministic,standard,4,,,0.01,one_minus_confidence,adv,cert_fail_tau0.9,False,,,0.0,49,,,49.0,1.0
deterministic,standard,4,,,0.01,one_minus_confidence,adv,cert_fail_tau0.95,True,,,,0,,,0.0,50.0
deterministic,standard,4,,,0.01,one_minus_confidence,delta,adv_error,False,,,0.0,50,0.2536898033803931,,,
deterministic,standard,4,,,0.01,one_minus_confidence,delta,cert_fail_tau0.5,False,,,0.0,49,,,49.0,1.0
deterministic,standard,4,,,0.01,one_minus_confidence,delta,cert_fail_tau0.9,False,,,0.0,49,,,49.0,1.0
deterministic,standard,4,,,0.01,one_minus_confidence,delta,cert_fail_tau0.95,True,,,,0,,,0.0,50.0
deterministic,standard,4,,,0.03,mutual_information,clean,adv_error,False,0.6220238095238095,0.38649197722567286,0.16,50,,,,
deterministic,standard,4,,,0.03,mutual_information,clean,cert_fail_tau0.5,True,,,,0,,,0.0,50.0
deterministic,standard,4,,,0.03,mutual_information,clean,cert_fail_tau0.9,True,,,,0,,,0.0,50.0
deterministic,standard,4,,,0.03,mutual_information,clean,cert_fail_tau0.95,True,,,,0,,,0.0,50.0
deterministic,standard,4,,,0.03,mutual_information,adv,adv_error,False,0.5029761904761905,0.1816144953794915,0.16,50,,,,
deterministic,standard,4,,,0.03,mutual_information,adv,cert_fail_tau0.5,True,,,,0,,,0.0,50.0
deterministic,standard,4,,,0.03,mutual_information,adv,cert_fail_tau0.9,True,,,,0,,,0.0,50.0
deterministic,standard,4,,,0.03,mutual_information,adv,cert_fail_tau0.95,True,,,,0,,,0.0,50.0
deterministic,standard,4,,,0.03,mutual_information,delta,adv_error,False,0.45535714285714285,0.1655396019036233,0.16,50,,,,
deterministic,standard,4,,,0.03,mutual_information,delta,cert_fail_tau0.5,True,,,,0,,,0.0,50.0
deterministic,standard,4,,,0.03,mutual_information,delta,cert_fail_tau0.9,True,,,,0,,,0.0,50.0
deterministic,standard,4,,,0.03,mutual_information,delta,cert_fail_tau0.95,True,,,,0,,,0.0,50.0
deterministic,standard,4,,,0.03,one_minus_confidence,clean,adv_error,False,0.9776785714285714,0.9129464285714285,0.16,50,,,,
deterministic,standard,4,,,0.03,one_minus_confidence,clean,cert_fail_tau0.5,True,,,,0,,,0.0,50.0
deterministic,standard,4,,,0.03,one_minus_confidence,clean,cert_fail_tau0.9,True,,,,0,,,0.0,50.0
deterministic,standard,4,,,0.03,one_minus_confidence,clean,cert_fail_tau0.95,True,,,,0,,,0.0,50.0
deterministic,standard,4,,,0.03,one_minus_confidence,adv,adv_error,False,0.8988095238095238,0.6020089285714286,0.16,50,,,,
deterministic,standard,4,,,0.03,one_minus_confidence,adv,cert_fail_tau0.5,True,,,,0,,,0.0,50.0
deterministic,standard,4,,,0.03,one_minus_confidence,adv,cert_fail_tau0.9,True,,,,0,,,0.0,50.0
deterministic,standard,4,,,0.03,one_minus_confidence,adv,cert_fail_tau0.95,True,,,,0,,,0.0,50.0
deterministic,standard,4,,,0.03,one_minus_confidence,delta,adv_error,False,0.8988095238095238,0.6020089285714286,0.16,50,,,,
deterministic,standard,4,,,0.03,one_minus_confidence,delta,cert_fail_tau0.5,True,,,,0,,,0.0,50.0
deterministic,standard,4,,,0.03,one_minus_confidence,delta,cert_fail_tau0.9,True,,,,0,,,0.0,50.0
deterministic,standard,4,,,0.03,one_minus_confidence,delta,cert_fail_tau0.95,True,,,,0,,,0.0,50.0
deterministic,standard,4,,,0.05,mutual_information,clean,adv_error,False,0.4428341384863124,0.6525279807571007,0.46,50,,-0.09872130857483945,,
deterministic,standard,4,,,0.05,mutual_information,clean,cert_fail_tau0.5,False,,1.0,1.0,23,,,23.0,27.0
deterministic,standard,4,,,0.05,mutual_information,clean,cert_fail_tau0.9,False,,1.0,1.0,23,,,23.0,27.0
deterministic,standard,4,,,0.05,mutual_information,clean,cert_fail_tau0.95,False,,1.0,1.0,23,,,23.0,27.0
deterministic,standard,4,,,0.05,mutual_information,adv,adv_error,False,0.45088566827697263,0.5528016944975419,0.46,50,,-0.08481486237402756,,
deterministic,standard,4,,,0.05,mutual_information,adv,cert_fail_tau0.5,False,,1.0,1.0,23,,,23.0,27.0
deterministic,standard,4,,,0.05,mutual_information,adv,cert_fail_tau0.9,False,,1.0,1.0,23,,,23.0,27.0
deterministic,standard,4,,,0.05,mutual_information,adv,cert_fail_tau0.95,False,,1.0,1.0,23,,,23.0,27.0
deterministic,standard,4,,,0.05,mutual_information,delta,adv_error,False,0.5056360708534622,0.6130194821778895,0.46,50,,0.009732619374563063,,
deterministic,standard,4,,,0.05,mutual_information,delta,cert_fail_tau0.5,False,,1.0,1.0,23,,,23.0,27.0
deterministic,standard,4,,,0.05,mutual_information,delta,cert_fail_tau0.9,False,,1.0,1.0,23,,,23.0,27.0
deterministic,standard,4,,,0.05,mutual_information,delta,cert_fail_tau0.95,False,,1.0,1.0,23,,,23.0,27.0
deterministic,standard,4,,,0.05,one_minus_confidence,clean,adv_error,False,0.9565217391304348,0.9530434782608695,0.46,50,,0.8789435204788283,,
deterministic,standard,4,,,0.05,one_minus_confidence,clean,cert_fail_tau0.5,False,,1.0,1.0,23,,,23.0,27.0
deterministic,standard,4,,,0.05,one_minus_confidence,clean,cert_fail_tau0.9,False,,1.0,1.0,23,,,23.0,27.0
deterministic,standard,4,,,0.05,one_minus_confidence,clean,cert_fail_tau0.95,False,,1.0,1.0,23,,,23.0,27.0
deterministic,standard,4,,,0.05,one_minus_confidence,adv,adv_error,False,0.500805152979066,0.45375682773613124,0.46,50,,0.0013904075799020914,,
deterministic,standard,4,,,0.05,one_minus_confidence,adv,cert_fail_tau0.5,False,,1.0,1.0,23,,,23.0,27.0
deterministic,standard,4,,,0.05,one_minus_confidence,adv,cert_fail_tau0.9,False,,1.0,1.0,23,,,23.0,27.0
deterministic,standard,4,,,0.05,one_minus_confidence,adv,cert_fail_tau0.95,False,,1.0,1.0,23,,,23.0,27.0
deterministic,standard,4,,,0.05,one_minus_confidence,delta,adv_error,False,0.4718196457326892,0.445259552969855,0.46,50,,-0.04866426529657318,,
deterministic,standard,4,,,0.05,one_minus_confidence,delta,cert_fail_tau0.5,False,,1.0,1.0,23,,,23.0,27.0
deterministic,standard,4,,,0.05,one_minus_confidence,delta,cert_fail_tau0.9,False,,1.0,1.0,23,,,23.0,27.0
deterministic,standard,4,,,0.05,one_minus_confidence,delta,cert_fail_tau0.95,False,,1.0,1.0,23,,,23.0,27.0
deterministic,standard,4,,,0.07,mutual_information,clean,adv_error,False,0.501039501039501,0.8266016843201277,0.74,50,,0.004538179050832599,,
deterministic,standard,4,,,0.07,mutual_information,clean,cert_fail_tau0.5,False,,1.0,1.0,36,,,36.0,14.0
deterministic,standard,4,,,0.07,mutual_information,clean,cert_fail_tau0.9,False,,1.0,1.0,36,,,36.0,14.0
deterministic,standard,4,,,0.07,mutual_information,clean,cert_fail_tau0.95,False,,1.0,1.0,36,,,36.0,14.0
deterministic,standard,4,,,0.07,mutual_information,adv,adv_error,False,0.5166320166320166,0.7845812885357297,0.74,50,,-0.01800112839243725,,
deterministic,standard,4,,,0.07,mutual_information,adv,cert_fail_tau0.5,False,,1.0,1.0,36,,,36.0,14.0
deterministic,standard,4,,,0.07,mutual_information,adv,cert_fail_tau0.9,False,,1.0,1.0,36,,,36.0,14.0
deterministic,standard,4,,,0.07,mutual_information,adv,cert_fail_tau0.95,False,,1.0,1.0,36,,,36.0,14.0
deterministic,standard,4,,,0.07,mutual_information,delta,adv_error,False,0.5384615384615384,0.8235762433873537,0.74,50,,0.025878643177075226,,
deterministic,standard,4,,,0.07,mutual_information,delta,cert_fail_tau0.5,False,,1.0,1.0,36,,,36.0,14.0
deterministic,standard,4,,,0.07,mutual_information,delta,cert_fail_tau0.9,False,,1.0,1.0,36,,,36.0,14.0
deterministic,standard,4,,,0.07,mutual_information,delta,cert_fail_tau0.95,False,,1.0,1.0,36,,,36.0,14.0
deterministic,standard,4,,,0.07,one_minus_confidence,clean,adv_error,False,0.7837837837837838,0.8875675675675676,0.74,50,,0.5025307035355615,,
deterministic,standard,4,,,0.07,one_minus_confidence,clean,cert_fail_tau0.5,False,,1.0,1.0,36,,,36.0,14.0
deterministic,standard,4,,,0.07,one_minus_confidence,clean,cert_fail_tau0.9,False,,1.0,1.0,36,,,36.0,14.0
deterministic,standard,4,,,0.07,one_minus_confidence,clean,cert_fail_tau0.95,False,,1.0,1.0,36,,,36.0,14.0
deterministic,standard,4,,,0.07,one_minus_confidence,adv,adv_error,False,0.14553014553014554,0.6126504696053315,0.74,50,,-0.5667476586997179,,
deterministic,standard,4,,,0.07,one_minus_confidence,adv,cert_fail_tau0.5,False,,1.0,1.0,36,,,36.0,14.0
deterministic,standard,4,,,0.07,one_minus_confidence,adv,cert_fail_tau0.9,False,,1.0,1.0,36,,,36.0,14.0
deterministic,standard,4,,,0.07,one_minus_confidence,adv,cert_fail_tau0.95,False,,1.0,1.0,36,,,36.0,14.0
deterministic,standard,4,,,0.07,one_minus_confidence,delta,adv_error,False,0.14553014553014554,0.612445854877689,0.74,50,,-0.5667068331086526,,
deterministic,standard,4,,,0.07,one_minus_confidence,delta,cert_fail_tau0.5,False,,1.0,1.0,36,,,36.0,14.0
deterministic,standard,4,,,0.07,one_minus_confidence,delta,cert_fail_tau0.9,False,,1.0,1.0,36,,,36.0,14.0
deterministic,standard,4,,,0.07,one_minus_confidence,delta,cert_fail_tau0.95,False,,1.0,1.0,36,,,36.0,14.0
deterministic,standard,4,,,0.08,mutual_information,clean,adv_error,False,0.5108695652173914,0.9467157852778537,0.92,50,,0.011436270162943778,,
deterministic,standard,4,,,0.08,mutual_information,clean,cert_fail_tau0.5,False,,1.0,1.0,47,,,47.0,3.0
deterministic,standard,4,,,0.08,mutual_information,clean,cert_fail_tau0.9,False,,1.0,1.0,47,,,47.0,3.0
deterministic,standard,4,,,0.08,mutual_information,clean,cert_fail_tau0.95,False,,1.0,1.0,47,,,47.0,3.0
deterministic,standard,4,,,0.08,mutual_information,adv,adv_error,False,0.3641304347826087,0.8943602622501542,0.92,50,,-0.13243291294009335,,
deterministic,standard,4,,,0.08,mutual_information,adv,cert_fail_tau0.5,False,,1.0,1.0,47,,,47.0,3.0
deterministic,standard,4,,,0.08,mutual_information,adv,cert_fail_tau0.9,False,,1.0,1.0,47,,,47.0,3.0
deterministic,standard,4,,,0.08,mutual_information,adv,cert_fail_tau0.95,False,,1.0,1.0,47,,,47.0,3.0
deterministic,standard,4,,,0.08,mutual_information,delta,adv_error,False,0.3804347826086957,0.909783680210943,0.92,50,,-0.11599088431827739,,
deterministic,standard,4,,,0.08,mutual_information,delta,cert_fail_tau0.5,False,,1.0,1.0,47,,,47.0,3.0
deterministic,standard,4,,,0.08,mutual_information,delta,cert_fail_tau0.9,False,,1.0,1.0,47,,,47.0,3.0
deterministic,standard,4,,,0.08,mutual_information,delta,cert_fail_tau0.95,False,,1.0,1.0,47,,,47.0,3.0
deterministic,standard,4,,,0.08,one_minus_confidence,clean,adv_error,False,0.7282608695652174,0.9565217391304348,0.92,50,,0.2390622670661516,,
deterministic,standard,4,,,0.08,one_minus_confidence,clean,cert_fail_tau0.5,False,,1.0,1.0,47,,,47.0,3.0
deterministic,standard,4,,,0.08,one_minus_confidence,clean,cert_fail_tau0.9,False,,1.0,1.0,47,,,47.0,3.0
deterministic,standard,4,,,0.08,one_minus_confidence,clean,cert_fail_tau0.95,False,,1.0,1.0,47,,,47.0,3.0
deterministic,standard,4,,,0.08,one_minus_confidence,adv,adv_error,False,0.17391304347826086,0.8714928892174068,0.92,50,,-0.3067539362722864,,
deterministic,standard,4,,,0.08,one_minus_confidence,adv,cert_fail_tau0.5,False,,1.0,1.0,47,,,47.0,3.0
deterministic,standard,4,,,0.08,one_minus_confidence,adv,cert_fail_tau0.9,False,,1.0,1.0,47,,,47.0,3.0
deterministic,standard,4,,,0.08,one_minus_confidence,adv,cert_fail_tau0.95,False,,1.0,1.0,47,,,47.0,3.0
deterministic,standard,4,,,0.08,one_minus_confidence,delta,adv_error,False,0.17391304347826086,0.87075657018142,0.92,50,,-0.30652552401400174,,
deterministic,standard,4,,,0.08,one_minus_confidence,delta,cert_fail_tau0.5,False,,1.0,1.0,47,,,47.0,3.0
deterministic,standard,4,,,0.08,one_minus_confidence,delta,cert_fail_tau0.9,False,,1.0,1.0,47,,,47.0,3.0
deterministic,standard,4,,,0.08,one_minus_confidence,delta,cert_fail_tau0.95,False,,1.0,1.0,47,,,47.0,3.0
deterministic,standard,4,,,0.1,mutual_information,clean,adv_error,False,0.41836734693877553,0.9825951312438658,0.98,50,,-0.0395995546520528,,
deterministic,standard,4,,,0.1,mutual_information,clean,cert_fail_tau0.5,False,,1.0,1.0,49,,,49.0,1.0
deterministic,standard,4,,,0.1,mutual_information,clean,cert_fail_tau0.9,False,,1.0,1.0,49,,,49.0,1.0
deterministic,standard,4,,,0.1,mutual_information,clean,cert_fail_tau0.95,False,,1.0,1.0,49,,,49.0,1.0
deterministic,standard,4,,,0.1,mutual_information,adv,adv_error,False,0.25510204081632654,0.9730801717715168,0.98,50,,-0.11879581147608219,,
deterministic,standard,4,,,0.1,mutual_information,adv,cert_fail_tau0.5,False,,1.0,1.0,49,,,49.0,1.0
deterministic,standard,4,,,0.1,mutual_information,adv,cert_fail_tau0.9,False,,1.0,1.0,49,,,49.0,1.0
deterministic,standard,4,,,0.1,mutual_information,adv,cert_fail_tau0.95,False,,1.0,1.0,49,,,49.0,1.0
deterministic,standard,4,,,0.1,mutual_information,delta,adv_error,False,0.42857142857142855,0.9835022022834253,0.98,50,,-0.03464794643376185,,
deterministic,standard,4,,,0.1,mutual_information,delta,cert_fail_tau0.5,False,,1.0,1.0,49,,,49.0,1.0
deterministic,standard,4,,,0.1,mutual_information,delta,cert_fail_tau0.9,False,,1.0,1.0,49,,,49.0,1.0
deterministic,standard,4,,,0.1,mutual_information,delta,cert_fail_tau0.95,False,,1.0,1.0,49,,,49.0,1.0
deterministic,standard,4,,,0.1,one_minus_confidence,clean,adv_error,False,0.7142857142857143,0.9885714285714284,0.98,50,,0.11588973367248662,,
deterministic,standard,4,,,0.1,one_minus_confidence,clean,cert_fail_tau0.5,False,,1.0,1.0,49,,,49.0,1.0
deterministic,standard,4,,,0.1,one_minus_confidence,clean,cert_fail_tau0.9,False,,1.0,1.0,49,,,49.0,1.0
deterministic,standard,4,,,0.1,one_minus_confidence,clean,cert_fail_tau0.95,False,,1.0,1.0,49,,,49.0,1.0
deterministic,standard,4,,,0.1,one_minus_confidence,adv,adv_error,False,0.0,0.9297621673961824,0.98,50,,-0.245440346836908,,
deterministic,standard,4,,,0.1,one_minus_confidence,adv,cert_fail_tau0.5,False,,1.0,1.0,49,,,49.0,1.0
deterministic,standard,4,,,0.1,one_minus_confidence,adv,cert_fail_tau0.9,False,,1.0,1.0,49,,,49.0,1.0
deterministic,standard,4,,,0.1,one_minus_confidence,adv,cert_fail_tau0.95,False,,1.0,1.0,49,,,49.0,1.0
deterministic,standard,4,,,0.1,one_minus_confidence,delta,adv_error,False,0.0,0.9287410926214917,0.98,50,,-0.24260553346160388,,
deterministic,standard,4,,,0.1,one_minus_confidence,delta,cert_fail_tau0.5,False,,1.0,1.0,49,,,49.0,1.0
deterministic,standard,4,,,0.1,one_minus_confidence,delta,cert_fail_tau0.9,False,,1.0,1.0,49,,,49.0,1.0
deterministic,standard,4,,,0.1,one_minus_confidence,delta,cert_fail_tau0.95,False,,1.0,1.0,49,,,49.0,1.0
deterministic,standard,4,,,0.15,mutual_information,clean,adv_error,False,,1.0,1.0,50,,,,
deterministic,standard,4,,,0.15,mutual_information,clean,cert_fail_tau0.5,True,,,,0,,,0.0,50.0
deterministic,standard,4,,,0.15,mutual_information,clean,cert_fail_tau0.9,True,,,,0,,,0.0,50.0
deterministic,standard,4,,,0.15,mutual_information,clean,cert_fail_tau0.95,True,,,,0,,,0.0,50.0
deterministic,standard,4,,,0.15,mutual_information,adv,adv_error,False,,1.0,1.0,50,,,,
deterministic,standard,4,,,0.15,mutual_information,adv,cert_fail_tau0.5,True,,,,0,,,0.0,50.0
deterministic,standard,4,,,0.15,mutual_information,adv,cert_fail_tau0.9,True,,,,0,,,0.0,50.0
deterministic,standard,4,,,0.15,mutual_information,adv,cert_fail_tau0.95,True,,,,0,,,0.0,50.0
deterministic,standard,4,,,0.15,mutual_information,delta,adv_error,False,,1.0,1.0,50,,,,
deterministic,standard,4,,,0.15,mutual_information,delta,cert_fail_tau0.5,True,,,,0,,,0.0,50.0
deterministic,standard,4,,,0.15,mutual_information,delta,cert_fail_tau0.9,True,,,,0,,,0.0,50.0
deterministic,standard,4,,,0.15,mutual_information,delta,cert_fail_tau0.95,True,,,,0,,,0.0,50.0
deterministic,standard,4,,,0.15,one_minus_confidence,clean,adv_error,False,,1.0,1.0,50,,,,
deterministic,standard,4,,,0.15,one_minus_confidence,clean,cert_fail_tau0.5,True,,,,0,,,0.0,50.0
deterministic,standard,4,,,0.15,one_minus_confidence,clean,cert_fail_tau0.9,True,,,,0,,,0.0,50.0
deterministic,standard,4,,,0.15,one_minus_confidence,clean,cert_fail_tau0.95,True,,,,0,,,0.0,50.0
deterministic,standard,4,,,0.15,one_minus_confidence,adv,adv_error,False,,1.0,1.0,50,,,,
deterministic,standard,4,,,0.15,one_minus_confidence,adv,cert_fail_tau0.5,True,,,,0,,,0.0,50.0
deterministic,standard,4,,,0.15,one_minus_confidence,adv,cert_fail_tau0.9,True,,,,0,,,0.0,50.0
deterministic,standard,4,,,0.15,one_minus_confidence,adv,cert_fail_tau0.95,True,,,,0,,,0.0,50.0
deterministic,standard,4,,,0.15,one_minus_confidence,delta,adv_error,False,,1.0,1.0,50,,,,
deterministic,standard,4,,,0.15,one_minus_confidence,delta,cert_fail_tau0.5,True,,,,0,,,0.0,50.0
deterministic,standard,4,,,0.15,one_minus_confidence,delta,cert_fail_tau0.9,True,,,,0,,,0.0,50.0
deterministic,standard,4,,,0.15,one_minus_confidence,delta,cert_fail_tau0.95,True,,,,0,,,0.0,50.0
mc_dropout,robust,0,0.08,0.25,0.01,mutual_information,clean,adv_error,False,,,0.0,50,0.339267034671815,0.339267034671815,,
mc_dropout,robust,0,0.08,0.25,0.01,mutual_information,clean,cert_fail_tau0.5,False,,,0.0,50,,,50.0,0.0
mc_dropout,robust,0,0.08,0.25,0.01,mutual_information,clean,cert_fail_tau0.9,False,,,0.0,48,,,48.0,2.0
mc_dropout,robust,0,0.08,0.25,0.01,mutual_information,clean,cert_fail_tau0.95,True,,,,0,,,0.0,50.0
mc_dropout,robust,0,0.08,0.25,0.01,mutual_information,adv,adv_error,False,,,0.0,50,0.33954987505086615,0.33954987505086615,,
mc_dropout,robust,0,0.08,0.25,0.01,mutual_information,adv,cert_fail_tau0.5,False,,,0.0,50,,,50.0,0.0
mc_dropout,robust,0,0.08,0.25,0.01,mutual_information,adv,cert_fail_tau0.9,False,,,0.0,48,,,48.0,2.0
mc_dropout,robust,0,0.08,0.25,0.01,mutual_information,adv,cert_fail_tau0.95,True,,,,0,,,0.0,50.0
mc_dropout,robust,0,0.08,0.25,0.01,mutual_information,delta,adv_error,False,,,0.0,50,0.33262028576411373,0.33262028576411373,,
mc_dropout,robust,0,0.08,0.25,0.01,mutual_information,delta,cert_fail_tau0.5,False,,,0.0,50,,,50.0,0.0
mc_dropout,robust,0,0.08,0.25,0.01,mutual_information,delta,cert_fail_tau0.9,False,,,0.0,48,,,48.0,2.0
mc_dropout,robust,0,0.08,0.25,0.01,mutual_information,delta,cert_fail_tau0.95,True,,,,0,,,0.0,50.0
mc_dropout,robust,0,0.08,0.25,0.01,one_minus_confidence,clean,adv_error,False,,,0.0,50,0.33930777034281157,0.33930777034281157,,
mc_dropout,robust,0,0.08,0.25,0.01,one_minus_confidence,clean,cert_fail_tau0.5,False,,,0.0,50,,,50.0,0.0
mc_dropout,robust,0,0.08,0.25,0.01,one_minus_confidence,clean,cert_fail_tau0.9,False,,,0.0,48,,,48.0,2.0
mc_dropout,robust,0,0.08,0.25,0.01,one_minus_confidence,clean,cert_fail_tau0.95,True,,,,0,,,0.0,50.0
mc_dropout,robust,0,0.08,0.25,0.01,one_minus_confidence,adv,adv_error,False,,,0.0,50,0.33954987505086615,0.33954987505086615,,
mc_dropout,robust,0,0.08,0.25,0.01,one_minus_confidence,adv,cert_fail_tau0.5,False,,,0.0,50,,,50.0,0.0
mc_dropout,robust,0,0.08,0.25,0.01,one_minus_confidence,adv,cert_fail_tau0.9,False,,,0.0,48,,,48.0,2.0
mc_dropout,robust,0,0.08,0.25,0.01,one_minus_confidence,adv,cert_fail_tau0.95,True,,,,0,,,0.0,50.0
mc_dropout,robust,0,0.08,0.25,0.01,one_minus_confidence,delta,adv_error,False,,,0.0,50,0.33955802780246824,0.33955802780246824,,
mc_dropout,robust,0,0.08,0.25,0.01,one_minus_confidence,delta,cert_fail_tau0.5,False,,,0.0,50,,,50.0,0.0
mc_dropout,robust,0,0.08,0.25,0.01,one_minus_confidence,delta,cert_fail_tau0.9,False,,,0.0,48,,,48.0,2.0
mc_dropout,robust,0,0.08,0.25,0.01,one_minus_confidence,delta,cert_fail_tau0.95,True,,,,0,,,0.0,50.0
mc_dropout,robust,0,0.08,0.25,0.03,mutual_information,clean,adv_error,False,,,0.0,50,,,,
mc_dropout,robust,0,0.08,0.25,0.03,mutual_information,clean,cert_fail_tau0.5,True,,,,0,,,0.0,50.0
mc_dropout,robust,0,0.08,0.25,0.03,mutual_information,clean,cert_fail_tau0.9,True,,,,0,,,0.0,50.0
mc_dropout,robust,0,0.08,0.25,0.03,mutual_information,clean,cert_fail_tau0.95,True,,,,0,,,0.0,50.0
mc_dropout,robust,0,0.08,0.25,0.03,mutual_information,adv,adv_error,False,,,0.0,50,,,,
mc_dropout,robust,0,0.08,0.25,0.03,mutual_information,adv,cert_fail_tau0.5,True,,,,0,,,0.0,50.0
mc_dropout,robust,0,0.08,0.25,0.03,mutual_information,adv,cert_fail_tau0.9,True,,,,0,,,0.0,50.0
mc_dropout,robust,0,0.08,0.25,0.03,mutual_information,adv,cert_fail_tau0.95,True,,,,0,,,0.0,50.0
mc_dropout,robust,0,0.08,0.25,0.03,mutual_information,delta,adv_error,False,,,0.0,50,,,,
mc_dropout,robust,0,0.08,0.25,0.03,mutual_information,delta,cert_fail_tau0.5,True,,,,0,,,0.0,50.0
mc_dropout,robust,0,0.08,0.25,0.03,mutual_information,delta,cert_fail_tau0.9,True,,,,0,,,0.0,50.0
mc_dropout,robust,0,0.08,0.25,0.03,mutual_information,delta,cert_fail_tau0.95,True,,,,0,,,0.0,50.0
mc_dropout,robust,0,0.08,0.25,0.03,one_minus_confidence,clean,adv_error,False,,,0.0,50,,,,
mc_dropout,robust,0,0.08,0.25,0.03,one_minus_confidence,clean,cert_fail_tau0.5,True,,,,0,,,0.0,50.0
mc_dropout,robust,0,0.08,0.25,0.03,one_minus_confidence,clean,cert_fail_tau0.9,True,,,,0,,,0.0,50.0
mc_dropout,robust,0,0.08,0.25,0.03,one_minus_confidence,clean,cert_fail_tau0.95,True,,,,0,,,0.0,50.0
mc_dropout,robust,0,0.08,0.25,0.03,one_minus_confidence,adv,adv_error,False,,,0.0,50,,,,
mc_dropout,robust,0,0.08,0.25,0.03,one_minus_confidence,adv,cert_fail_tau0.5,True,,,,0,,,0.0,50.0
mc_dropout,robust,0,0.08,0.25,0.03,one_minus_confidence,adv,cert_fail_tau0.9,True,,,,0,,,0.0,50.0
mc_dropout,robust,0,0.08,0.25,0.03,one_minus_confidence,adv,cert_fail_tau0.95,True,,,,0,,,0.0,50.0
mc_dropout,robust,0,0.08,0.25,0.03,one_minus_confidence,delta,adv_error,False,,,0.0,50,,,,
mc_dropout,robust,0,0.08,0.25,0.03,one_minus_confidence,delta,cert_fail_tau0.5,True,,,,0,,,0.0,50.0
mc_dropout,robust,0,0.08,0.25,0.03,one_minus_confidence,delta,cert_fail_tau0.9,True,,,,0,,,0.0,50.0
mc_dropout,robust,0,0.08,0.25,0.03,one_minus_confidence,delta,cert_fail_tau0.95,True,,,,0,,,0.0,50.0
mc_dropout,robust,0,0.08,0.25,0.05,mutual_information,clean,adv_error,False,0.9795918367346939,0.5,0.02,50,0.5680375191736776,0.49367325749259444,,
mc_dropout,robust,0,0.08,0.25,0.05,mutual_information,clean,cert_fail_tau0.5,False,,,0.0,47,,,47.0,3.0
mc_dropout,robust,0,0.08,0.25,0.05,mutual_information,clean,cert_fail_tau0.9,False,0.9941860465116279,0.95,0.0851063829787234,47,,,47.0,3.0
mc_dropout,robust,0,0.08,0.25,0.05,mutual_information,clean,cert_fail_tau0.95,False,,1.0,1.0,4,,,4.0,46.0
mc_dropout,robust,0,0.08,0.25,0.05,mutual_information,adv,adv_error,False,1.0,1.0,0.02,50,0.6916405034982901,0.5567967379439998,,
mc_dropout,robust,0,0.08,0.25,0.05,mutual_information,adv,cert_fail_tau0.5,False,,,0.0,47,,,47.0,3.0
mc_dropout,robust,0,0.08,0.25,0.05,mutual_information,adv,cert_fail_tau0.9,False,1.0,1.0,0.0851063829787234,47,,,47.0,3.0
mc_dropout,robust,0,0.08,0.25,0.05,mutual_information,adv,cert_fail_tau0.95,False,,1.0,1.0,4,,,4.0,46.0
mc_dropout,robust,0,0.08,0.25,0.05,mutual_information,delta,adv_error,False,1.0,1.0,0.02,50,0.6916405034982901,0.5562863054875195,,
mc_dropout,robust,0,0.08,0.25,0.05,mutual_information,delta,cert_fail_tau0.5,False,,,0.0,47,,,47.0,3.0
mc_dropout,robust,0,0.08,0.25,0.05,mutual_information,delta,cert_fail_tau0.9,False,1.0,1.0,0.0851063829787234,47,,,47.0,3.0
mc_dropout,robust,0,0.08,0.25,0.05,mutual_information,delta,cert_fail_tau0.95,False,,1.0,1.0,4,,,4.0,46.0
mc_dropout,robust,0,0.08,0.25,0.05,one_minus_confidence,clean,adv_error,False,0.9795918367346939,0.5,0.02,50,0.5717496302092174,0.5010496096595226,,
mc_dropout,robust,0,0.08,0.25,0.05,one_minus_confidence,clean,cert_fail_tau0.5,False,,,0.0,47,,,47.0,3.0
mc_dropout,robust,0,0.08,0.25,0.05,one_minus_confidence,clean,cert_fail_tau0.9,False,0.9883720930232558,0.8875,0.0851063829787234,47,,,47.0,3.0
mc_dropout,robust,0,0.08,0.25,0.05,one_minus_confidence,clean,cert_fail_tau0.95,False,,1.0,1.0,4,,,4.0,46.0
mc_dropout,robust,0,0.08,0.25,0.05,one_minus_confidence,adv,adv_error,False,1.0,1.0,0.02,50,0.658299320296156,0.5644532247912053,,
mc_dropout,robust,0,0.08,0.25,0.05,one_minus_confidence,adv,cert_fail_tau0.5,False,,,0.0,47,,,47.0,3.0
mc_dropout,robust,0,0.08,0.25,0.05,one_minus_confidence,adv,cert_fail_tau0.9,False,1.0,1.0,0.0851063829787234,47,,,47.0,3.0
mc_dropout,robust,0,0.08,0.25,0.05,one_minus_confidence,adv,cert_fail_tau0.95,False,,1.0,1.0,4,,,4.0,46.0
mc_dropout,robust,0,0.08,0.25,0.05,one_minus_confidence,delta,adv_error,False,1.0,1.0,0.02,50,0.66111785330912,0.5642830806390452,,
mc_dropout,robust,0,0.08,0.25,0.05,one_minus_confidence,delta,cert_fail_tau0.5,False,,,0.0,47,,,47.0,3.0
mc_dropout,robust,0,0.08,0.25,0.05,one_minus_confidence,delta,cert_fail_tau0.9,False,1.0,1.0,0.0851063829787234,47,,,47.0,3.0
mc_dropout,robust,0,0.08,0.25,0.05,one_minus_confidence,delta,cert_fail_tau0.95,False,,1.0,1.0,4,,,4.0,46.0
mc_dropout,robust,0,0.08,0.25,0.07,mutual_information,clean,adv_error,False,1.0,1.0,0.04,50,0.6650610144081394,0.5159290307876621,,
mc_dropout,robust,0,0.08,0.25,0.07,mutual_information,clean,cert_fail_tau0.5,False,1.0,1.0,0.043478260869565216,46,,,46.0,4.0
mc_dropout,robust,0,0.08,0.25,0.07,mutual_information,clean,cert_fail_tau0.9,False,0.9621621621621622,0.8509090909090908,0.11904761904761904,42,,,42.0,8.0
mc_dropout,robust,0,0.08,0.25,0.07,mutual_information,clean,cert_fail_tau0.95,False,,1.0,1.0,6,,,6.0,44.0
mc_dropout,robust,0,0.08,0.25,0.07,mutual_information,adv,adv_error,False,0.9895833333333334,0.8333333333333333,0.04,50,0.7425393467458856,0.6378821421290759,,
mc_dropout,robust,0,0.08,0.25,0.07,mutual_information,adv,cert_fail_tau0.5,False,1.0,1.0,0.043478260869565216,46,,,46.0,4.0
mc_dropout,robust,0,0.08,0.25,0.07,mutual_information,adv,cert_fail_tau0.9,False,0.972972972972973,0.9,0.11904761904761904,42,,,42.0,8.0
mc_dropout,robust,0,0.08,0.25,0.07,mutual_information,adv,cert_fail_tau0.95,False,,1.0,1.0,6,,,6.0,44.0
mc_dropout,robust,0,0.08,0.25,0.07,mutual_information,delta,adv_error,False,0.9479166666666666,0.41666666666666663,0.04,50,0.7384798532850756,0.636094779730611,,
mc_dropout,robust,0,0.08,0.25,0.07,mutual_information,delta,cert_fail_tau0.5,False,0.9886363636363636,0.8333333333333333,0.043478260869565216,46,,,46.0,4.0
mc_dropout,robust,0,0.08,0.25,0.07,mutual_information,delta,cert_fail_tau0.9,False,0.972972972972973,0.9,0.11904761904761904,42,,,42.0,8.0
mc_dropout,robust,0,0.08,0.25,0.07,mutual_information,delta,cert_fail_tau0.95,False,,1.0,1.0,6,,,6.0,44.0
mc_dropout,robust,0,0.08,0.25,0.07,one_minus_confidence,clean,adv_error,False,1.0,1.0,0.04,50,0.6583548999984138,0.5104907412582298,,
mc_dropout,robust,0,0.08,0.25,0.07,one_minus_confidence,clean,cert_fail_tau0.5,False,1.0,1.0,0.043478260869565216,46,,,46.0,4.0
mc_dropout,robust,0,0.08,0.25,0.07,one_minus_confidence,clean,cert_fail_tau0.9,False,0.9567567567567568,0.800909090909091,0.11904761904761904,42,,,42.0,8.0
mc_dropout,robust,0,0.08,0.25,0.07,one_minus_confidence,clean,cert_fail_tau0.95,False,,1.0,1.0,6,,,6.0,44.0
mc_dropout,robust,0,0.08,0.25,0.07,one_minus_confidence,adv,adv_error,False,0.9270833333333334,0.29166666666666663,0.04,50,0.7972845157030956,0.629082819552018,,
mc_dropout,robust,0,0.08,0.25,0.07,one_minus_confidence,adv,cert_fail_tau0.5,False,1.0,1.0,0.043478260869565216,46,,,46.0,4.0
mc_dropout,robust,0,0.08,0.25,0.07,one_minus_confidence,adv,cert_fail_tau0.9,False,1.0,1.0,0.11904761904761904,42,,,42.0,8.0
mc_dropout,robust,0,0.08,0.25,0.07,one_minus_confidence,adv,cert_fail_tau0.95,False,,1.0,1.0,6,,,6.0,44.0
mc_dropout,robust,0,0.08,0.25,0.07,one_minus_confidence,delta,adv_error,False,0.9270833333333334,0.29166666666666663,0.04,50,0.7989663058511455,0.629082819552018,,
mc_dropout,robust,0,0.08,0.25,0.07,one_minus_confidence,delta,cert_fail_tau0.5,False,1.0,1.0,0.043478260869565216,46,,,46.0,4.0
mc_dropout,robust,0,0.08,0.25,0.07,one_minus_confidence,delta,cert_fail_tau0.9,False,1.0,1.0,0.11904761904761904,42,,,42.0,8.0
mc_dropout,robust,0,0.08,0.25,0.07,one_minus_confidence,delta,cert_fail_tau0.95,False,,1.0,1.0,6,,,6.0,44.0
mc_dropout,robust,0,0.08,0.25,0.08,mutual_information,clean,adv_error,False,0.96,0.8369230769230769,0.1,50,0.5898204520860396,0.5161970128552398,,
mc_dropout,robust,0,0.08,0.25,0.08,mutual_information,clean,cert_fail_tau0.5,False,0.9488636363636364,0.7708333333333334,0.08333333333333333,48,,,48.0,2.0
mc_dropout,robust,0,0.08,0.25,0.08,mutual_information,clean,cert_fail_tau0.9,False,0.953125,0.825925925925926,0.15789473684210525,38,,,38.0,12.0
mc_dropout,robust,0,0.08,0.25,0.08,mutual_information,clean,cert_fail_tau0.95,False,,1.0,1.0,6,,,6.0,44.0
mc_dropout,robust,0,0.08,0.25,0.08,mutual_information,adv,adv_error,False,0.92,0.8054545454545454,0.1,50,0.7690216450599316,0.690250029484894,,
mc_dropout,robust,0,0.08,0.25,0.08,mutual_information,adv,cert_fail_tau0.5,False,0.9090909090909091,0.8,0.08333333333333333,48,,,48.0,2.0
mc_dropout,robust,0,0.08,0.25,0.08,mutual_information,adv,cert_fail_tau0.9,False,0.96875,0.9166666666666667,0.15789473684210525,38,,,38.0,12.0
mc_dropout,robust,0,0.08,0.25,0.08,mutual_information,adv,cert_fail_tau0.95,False,,1.0,1.0,6,,,6.0,44.0
mc_dropout,robust,0,0.08,0.25,0.08,mutual_information,delta,adv_error,False,0.8711111111111111,0.5424908424908425,0.1,50,0.7512323295530344,0.6760821780391653,,
mc_dropout,robust,0,0.08,0.25,0.08,mutual_information,delta,cert_fail_tau0.5,False,0.8579545454545454,0.4958133971291866,0.08333333333333333,48,,,48.0,2.0
mc_dropout,robust,0,0.08,0.25,0.08,mutual_information,delta,cert_fail_tau0.9,False,0.9635416666666666,0.8766233766233766,0.15789473684210525,38,,,38.0,12.0
mc_dropout,robust,0,0.08,0.25,0.08,mutual_information,delta,cert_fail_tau0.95,False,,1.0,1.0,6,,,6.0,44.0
mc_dropout,robust,0,0.08,0.25,0.08,one_minus_confidence,clean,adv_error,False,0.96,0.7933333333333334,0.1,50,0.582513052038312,0.5152331424850185,,
mc_dropout,robust,0,0.08,0.25,0.08,one_minus_confidence,clean,cert_fail_tau0.5,False,0.9545454545454546,0.7784090909090909,0.08333333333333333,48,,,48.0,2.0
mc_dropout,robust,0,0.08,0.25,0.08,one_minus_confidence,clean,cert_fail_tau0.9,False,0.9479166666666666,0.7842592592592592,0.15789473684210525,38,,,38.0,12.0
mc_dropout,robust,0,0.08,0.25,0.08,one_minus_confidence,clean,cert_fail_tau0.95,False,,1.0,1.0,6,,,6.0,44.0
mc_dropout,robust,0,0.08,0.25,0.08,one_minus_confidence,adv,adv_error,False,0.96,0.7342424242424244,0.1,50,0.8149599362806843,0.697750656720868,,
mc_dropout,robust,0,0.08,0.25,0.08,one_minus_confidence,adv,cert_fail_tau0.5,False,0.9715909090909091,0.8611111111111112,0.08333333333333333,48,,,48.0,2.0
mc_dropout,robust,0,0.08,0.25,0.08,one_minus_confidence,adv,cert_fail_tau0.9,False,1.0,1.0,0.15789473684210525,38,,,38.0,12.0
mc_dropout,robust,0,0.08,0.25,0.08,one_minus_confidence,adv,cert_fail_tau0.95,False,,1.0,1.0,6,,,6.0,44.0
mc_dropout,robust,0,0.08,0.25,0.08,one_minus_confidence,delta,adv_error,False,0.9288888888888889,0.6754901960784314,0.1,50,0.8007284838751664,0.6875574966309546,,
mc_dropout,robust,0,0.08,0.25,0.08,one_minus_confidence,delta,cert_fail_tau0.5,False,0.9318181818181818,0.7541666666666667,0.08333333333333333,48,,,48.0,2.0
mc_dropout,robust,0,0.08,0.25,0.08,one_minus_confidence,delta,cert_fail_tau0.9,False,0.984375,0.9444444444444444,0.15789473684210525,38,,,38.0,12.0
mc_dropout,robust,0,0.08,0.25,0.08,one_minus_confidence,delta,cert_fail_tau0.95,False,,1.0,1.0,6,,,6.0,44.0
mc_dropout,robust,0,0.08,0.25,0.1,mutual_information,clean,adv_error,False,0.9235880398671097,0.7349816849816849,0.14,50,0.5329579596224601,0.38882247498417016,,
mc_dropout,robust,0,0.08,0.25,0.1,mutual_information,clean,cert_fail_tau0.5,False,0.9537037037037037,0.8168350168350169,0.14285714285714285,42,,,42.0,8.0
mc_dropout,robust,0,0.08,0.25,0.1,mutual_information,clean,cert_fail_tau0.9,False,0.9027777777777778,0.7831501287383641,0.2727272727272727,33,,,33.0,17.0
mc_dropout,robust,0,0.08,0.25,0.1,mutual_information,clean,cert_fail_tau0.95,False,,1.0,1.0,9,,,9.0,41.0
mc_dropout,robust,0,0.08,0.25,0.1,mutual_information,adv,adv_error,False,0.7375415282392026,0.27043929700026464,0.14,50,0.7571133743683763,0.6429920431857659,,
mc_dropout,robust,0,0.08,0.25,0.1,mutual_information,adv,cert_fail_tau0.5,False,0.8101851851851852,0.35923520923520924,0.14285714285714285,42,,,42.0,8.0
mc_dropout,robust,0,0.08,0.25,0.1,mutual_information,adv,cert_fail_tau0.9,False,0.9629629629629629,0.9333333333333333,0.2727272727272727,33,,,33.0,17.0
mc_dropout,robust,0,0.08,0.25,0.1,mutual_information,adv,cert_fail_tau0.95,False,,1.0,1.0,9,,,9.0,41.0
mc_dropout,robust,0,0.08,0.25,0.1,mutual_information,delta,adv_error,False,0.5382059800664452,0.16870234435451828,0.14,50,0.6145136293483167,0.4768731066151606,,
mc_dropout,robust,0,0.08,0.25,0.1,mutual_information,delta,cert_fail_tau0.5,False,0.5879629629629629,0.2068139097744361,0.14285714285714285,42,,,42.0,8.0
mc_dropout,robust,0,0.08,0.25,0.1,mutual_information,delta,cert_fail_tau0.9,False,0.8194444444444444,0.7613775113775114,0.2727272727272727,33,,,33.0,17.0
mc_dropout,robust,0,0.08,0.25,0.1,mutual_information,delta,cert_fail_tau0.95,False,,1.0,1.0,9,,,9.0,41.0
mc_dropout,robust,0,0.08,0.25,0.1,one_minus_confidence,clean,adv_error,False,0.9235880398671097,0.704029304029304,0.14,50,0.5295375065620226,0.3948647017474881,,
mc_dropout,robust,0,0.08,0.25,0.1,one_minus_confidence,clean,cert_fail_tau0.5,False,0.9537037037037037,0.7842592592592592,0.14285714285714285,42,,,42.0,8.0
mc_dropout,robust,0,0.08,0.25,0.1,one_minus_confidence,clean,cert_fail_tau0.9,False,0.8935185185185185,0.7521043771043772,0.2727272727272727,33,,,33.0,17.0
mc_dropout,robust,0,0.08,0.25,0.1,one_minus_confidence,clean,cert_fail_tau0.95,False,,1.0,1.0,9,,,9.0,41.0
mc_dropout,robust,0,0.08,0.25,0.1,one_minus_confidence,adv,adv_error,False,0.8504983388704319,0.46917989417989414,0.14,50,0.8337619640866605,0.6603526113446797,,
mc_dropout,robust,0,0.08,0.25,0.1,one_minus_confidence,adv,cert_fail_tau0.5,False,0.9027777777777778,0.7834008097165991,0.14285714285714285,42,,,42.0,8.0
mc_dropout,robust,0,0.08,0.25,0.1,one_minus_confidence,adv,cert_fail_tau0.9,False,0.9814814814814815,0.9598765432098765,0.2727272727272727,33,,,33.0,17.0
mc_dropout,robust,0,0.08,0.25,0.1,one_minus_confidence,adv,cert_fail_tau0.95,False,,1.0,1.0,9,,,9.0,41.0
mc_dropout,robust,0,0.08,0.25,0.1,one_minus_confidence,delta,adv_error,False,0.7740863787375415,0.4521428571428571,0.14,50,0.765062843980644,0.587600980403732,,
mc_dropout,robust,0,0.08,0.25,0.1,one_minus_confidence,delta,cert_fail_tau0.5,False,0.7962962962962963,0.7545787545787546,0.14285714285714285,42,,,42.0,8.0
mc_dropout,robust,0,0.08,0.25,0.1,one_minus_confidence,delta,cert_fail_tau0.9,False,0.8842592592592593,0.9068462401795734,0.2727272727272727,33,,,33.0,17.0
mc_dropout,robust,0,0.08,0.25,0.1,one_minus_confidence,delta,cert_fail_tau0.95,False,,1.0,1.0,9,,,9.0,41.0
mc_dropout,robust,0,0.08,0.25,0.15,mutual_information,clean,adv_error,False,0.6412337662337663,0.6189609251752797,0.44,50,,,,
mc_dropout,robust,0,0.08,0.25,0.15,mutual_information,clean,cert_fail_tau0.5,True,,,,0,,,0.0,50.0
mc_dropout,robust,0,0.08,0.25,0.15,mutual_information,clean,cert_fail_tau0.9,True,,,,0,,,0.0,50.0
mc_dropout,robust,0,0.08,0.25,0.15,mutual_information,clean,cert_fail_tau0.95,True,,,,0,,,0.0,50.0
mc_dropout,robust,0,0.08,0.25,0.15,mutual_information,adv,adv_error,False,0.4772727272727273,0.42322148470444354,0.44,50,,,,
mc_dropout,robust,0,0.08,0.25,0.15,mutual_information,adv,cert_fail_tau0.5,True,,,,0,,,0.0,50.0
mc_dropout,robust,0,0.08,0.25,0.15,mutual_information,adv,cert_fail_tau0.9,True,,,,0,,,0.0,50.0
mc_dropout,robust,0,0.08,0.25,0.15,mutual_information,adv,cert_fail_tau0.95,True,,,,0,,,0.0,50.0
mc_dropout,robust,0,0.08,0.25,0.15,mutual_information,delta,adv_error,False,0.43993506493506496,0.4017964584985565,0.44,50,,,,
mc_dropout,robust,0,0.08,0.25,0.15,mutual_information,delta,cert_fail_tau0.5,True,,,,0,,,0.0,50.0
mc_dropout,robust,0,0.08,0.25,0.15,mutual_information,delta,cert_fail_tau0.9,True,,,,0,,,0.0,50.0
mc_dropout,robust,0,0.08,0.25,0.15,mutual_information,delta,cert_fail_tau0.95,True,,,,0,,,0.0,50.0
mc_dropout,robust,0,0.08,0.25,0.15,one_minus_confidence,clean,adv_error,False,0.6452922077922078,0.6143233054975047,0.44,50,,,,
mc_dropout,robust,0,0.08,0.25,0.15,one_minus_confidence,clean,cert_fail_tau0.5,True,,,,0,,,0.0,50.0
mc_dropout,robust,0,0.08,0.25,0.15,one_minus_confidence,clean,cert_fail_tau0.9,True,,,,0,,,0.0,50.0
mc_dropout,robust,0,0.08,0.25,0.15,one_minus_confidence,clean,cert_fail_tau0.95,True,,,,0,,,0.0,50.0
mc_dropout,robust,0,0.08,0.25,0.15,one_minus_confidence,adv,adv_error,False,0.7142857142857143,0.7623753514248186,0.44,50,,,,
mc_dropout,robust,0,0.08,0.25,0.15,one_minus_confidence,adv,cert_fail_tau0.5,True,,,,0,,,0.0,50.0
mc_dropout,robust,0,0.08,0.25,0.15,one_minus_confidence,adv,cert_fail_tau0.9,True,,,,0,,,0.0,50.0
mc_dropout,robust,0,0.08,0.25,0.15,one_minus_confidence,adv,cert_fail_tau0.95,True,,,,0,,,0.0,50.0
mc_dropout,robust,0,0.08,0.25,0.15,one_minus_confidence,delta,adv_error,False,0.7045454545454546,0.7607513700631968,0.44,50,,,,
mc_dropout,robust,0,0.08,0.25,0.15,one_minus_confidence,delta,cert_fail_tau0.5,True,,,,0,,,0.0,50.0
mc_dropout,robust,0,0.08,0.25,0.15,one_minus_confidence,delta,cert_fail_tau0.9,True,,,,0,,,0.0,50.0
mc_dropout,robust,0,0.08,0.25,0.15,one_minus_confidence,delta,cert_fail_tau0.95,True,,,,0,,,0.0,50.0
mc_dropout,robust,1,0.08,0.25,0.01,mutual_information,clean,adv_error,False,,,0.0,50,0.31183151790385666,0.31183151790385666,,
mc_dropout,robust,1,0.08,0.25,0.01,mutual_information,clean,cert_fail_tau0.5,False,,,0.0,50,,,50.0,0.0
mc_dropout,robust,1,0.08,0.25,0.01,mutual_information,clean,cert_fail_tau0.9,False,,,0.0,49,,,49.0,1.0
mc_dropout,robust,1,0.08,0.25,0.01,mutual_information,clean,cert_fail_tau0.95,True,,,,0,,,0.0,50.0
mc_dropout,robust,1,0.08,0.25,0.01,mutual_information,adv,adv_error,False,,,0.0,50,0.33954987505086615,0.33954987505086615,,
mc_dropout,robust,1,0.08,0.25,0.01,mutual_information,adv,cert_fail_tau0.5,False,,,0.0,50,,,50.0,0.0
mc_dropout,robust,1,0.08,0.25,0.01,mutual_information,adv,cert_fail_tau0.9,False,,,0.0,49,,,49.0,1.0
mc_dropout,robust,1,0.08,0.25,0.01,mutual_information,adv,cert_fail_tau0.95,True,,,,0,,,0.0,50.0
mc_dropout,robust,1,0.08,0.25,0.01,mutual_information,delta,adv_error,False,,,0.0,50,0.3320546050060115,0.3320546050060115,,
mc_dropout,robust,1,0.08,0.25,0.01,mutual_information,delta,cert_fail_tau0.5,False,,,0.0,50,,,50.0,0.0
mc_dropout,robust,1,0.08,0.25,0.01,mutual_information,delta,cert_fail_tau0.9,False,,,0.0,49,,,49.0,1.0
mc_dropout,robust,1,0.08,0.25,0.01,mutual_information,delta,cert_fail_tau0.95,True,,,,0,,,0.0,50.0
mc_dropout,robust,1,0.08,0.25,0.01,one_minus_confidence,clean,adv_error,False,,,0.0,50,0.311981364869691,0.311981364869691,,
mc_dropout,robust,1,0.08,0.25,0.01,one_minus_confidence,clean,cert_fail_tau0.5,False,,,0.0,50,,,50.0,0.0
mc_dropout,robust,1,0.08,0.25,0.01,one_minus_confidence,clean,cert_fail_tau0.9,False,,,0.0,49,,,49.0,1.0
mc_dropout,robust,1,0.08,0.25,0.01,one_minus_confidence,clean,cert_fail_tau0.95,True,,,,0,,,0.0,50.0
mc_dropout,robust,1,0.08,0.25,0.01,one_minus_confidence,adv,adv_error,False,,,0.0,50,0.33961511351153845,0.33961511351153845,,
mc_dropout,robust,1,0.08,0.25,0.01,one_minus_confidence,adv,cert_fail_tau0.5,False,,,0.0,50,,,50.0,0.0
mc_dropout,robust,1,0.08,0.25,0.01,one_minus_confidence,adv,cert_fail_tau0.9,False,,,0.0,49,,,49.0,1.0
mc_dropout,robust,1,0.08,0.25,0.01,one_minus_confidence,adv,cert_fail_tau0.95,True,,,,0,,,0.0,50.0
mc_dropout,robust,1,0.08,0.25,0.01,one_minus_confidence,delta,adv_error,False,,,0.0,50,0.3393322187897463,0.3393322187897463,,
mc_dropout,robust,1,0.08,0.25,0.01,one_minus_confidence,delta,cert_fail_tau0.5,False,,,0.0,50,,,50.0,0.0
mc_dropout,robust,1,0.08,0.25,0.01,one_minus_confidence,delta,cert_fail_tau0.9,False,,,0.0,49,,,49.0,1.0
mc_dropout,robust,1,0.08,0.25,0.01,one_minus_confidence,delta,cert_fail_tau0.95,True,,,,0,,,0.0,50.0
mc_dropout,robust,1,0.08,0.25,0.03,mutual_information,clean,adv_error,False,,,0.0,50,,,,
mc_dropout,robust,1,0.08,0.25,0.03,mutual_information,clean,cert_fail_tau0.5,True,,,,0,,,0.0,50.0
mc_dropout,robust,1,0.08,0.25,0.03,mutual_information,clean,cert_fail_tau0.9,True,,,,0,,,0.0,50.0
mc_dropout,robust,1,0.08,0.25,0.03,mutual_information,clean,cert_fail_tau0.95,True,,,,0,,,0.0,50.0
mc_dropout,robust,1,0.08,0.25,0.03,mutual_information,adv,adv_error,False,,,0.0,50,,,,
mc_dropout,robust,1,0.08,0.25,0.03,mutual_information,adv,cert_fail_tau0.5,True,,,,0,,,0.0,50.0
mc_dropout,robust,1,0.08,0.25,0.03,mutual_information,adv,cert_fail_tau0.9,True,,,,0,,,0.0,50.0
mc_dropout,robust,1,0.08,0.25,0.03,mutual_information,adv,cert_fail_tau0.95,True,,,,0,,,0.0,50.0
mc_dropout,robust,1,0.08,0.25,0.03,mutual_information,delta,adv_error,False,,,0.0,50,,,,
mc_dropout,robust,1,0.08,0.25,0.03,mutual_information,delta,cert_fail_tau0.5,True,,,,0,,,0.0,50.0
mc_dropout,robust,1,0.08,0.25,0.03,mutual_information,delta,cert_fail_tau0.9,True,,,,0,,,0.0,50.0
mc_dropout,robust,1,0.08,0.25,0.03,mutual_information,delta,cert_fail_tau0.95,True,,,,0,,,0.0,50.0
mc_dropout,robust,1,0.08,0.25,0.03,one_minus_confidence,clean,adv_error,False,,,0.0,50,,,,
mc_dropout,robust,1,0.08,0.25,0.03,one_minus_confidence,clean,cert_fail_tau0.5,True,,,,0,,,0.0,50.0
mc_dropout,robust,1,0.08,0.25,0.03,one_minus_confidence,clean,cert_fail_tau0.9,True,,,,0,,,0.0,50.0
mc_dropout,robust,1,0.08,0.25,0.03,one_minus_confidence,clean,cert_fail_tau0.95,True,,,,0,,,0.0,50.0
mc_dropout,robust,1,0.08,0.25,0.03,one_minus_confidence,adv,adv_error,False,,,0.0,50,,,,
mc_dropout,robust,1,0.08,0.25,0.03,one_minus_confidence,adv,cert_fail_tau0.5,True,,,,0,,,0.0,50.0
mc_dropout,robust,1,0.08,0.25,0.03,one_minus_confidence,adv,cert_fail_tau0.9,True,,,,0,,,0.0,50.0
mc_dropout,robust,1,0.08,0.25,0.03,one_minus_confidence,adv,cert_fail_tau0.95,True,,,,0,,,0.0,50.0
mc_dropout,robust,1,0.08,0.25,0.03,one_minus_confidence,delta,adv_error,False,,,0.0,50,,,,
mc_dropout,robust,1,0.08,0.25,0.03,one_minus_confidence,delta,cert_fail_tau0.5,True,,,,0,,,0.0,50.0
mc_dropout,robust,1,0.08,0.25,0.03,one_minus_confidence,delta,cert_fail_tau0.9,True,,,,0,,,0.0,50.0
mc_dropout,robust,1,0.08,0.25,0.03,one_minus_confidence,delta,cert_fail_tau0.95,True,,,,0,,,0.0,50.0
mc_dropout,robust,1,0.08,0.25,0.05,mutual_information,clean,adv_error,False,0.8979591836734694,0.16666666666666666,0.02,50,0.4727496394287255,0.4846029578742654,,
mc_dropout,robust,1,0.08,0.25,0.05,mutual_information,clean,cert_fail_tau0.5,False,0.9148936170212766,0.2,0.020833333333333332,48,,,48.0,2.0
mc_dropout,robust,1,0.08,0.25,0.05,mutual_information,clean,cert_fail_tau0.9,False,0.9767441860465116,0.75,0.044444444444444446,45,,,45.0,5.0
mc_dropout,robust,1,0.08,0.25,0.05,mutual_information,clean,cert_fail_tau0.95,False,,1.0,1.0,3,,,3.0,47.0
mc_dropout,robust,1,0.08,0.25,0.05,mutual_information,adv,adv_error,False,1.0,1.0,0.02,50,0.692160076231152,0.6239422961731537,,
mc_dropout,robust,1,0.08,0.25,0.05,mutual_information,adv,cert_fail_tau0.5,False,1.0,1.0,0.020833333333333332,48,,,48.0,2.0
mc_dropout,robust,1,0.08,0.25,0.05,mutual_information,adv,cert_fail_tau0.9,False,1.0,1.0,0.044444444444444446,45,,,45.0,5.0
mc_dropout,robust,1,0.08,0.25,0.05,mutual_information,adv,cert_fail_tau0.95,False,,1.0,1.0,3,,,3.0,47.0
mc_dropout,robust,1,0.08,0.25,0.05,mutual_information,delta,adv_error,False,1.0,1.0,0.02,50,0.7007748019286196,0.6107757820250406,,
mc_dropout,robust,1,0.08,0.25,0.05,mutual_information,delta,cert_fail_tau0.5,False,1.0,1.0,0.020833333333333332,48,,,48.0,2.0
mc_dropout,robust,1,0.08,0.25,0.05,mutual_information,delta,cert_fail_tau0.9,False,1.0,1.0,0.044444444444444446,45,,,45.0,5.0
mc_dropout,robust,1,0.08,0.25,0.05,mutual_information,delta,cert_fail_tau0.95,False,,1.0,1.0,3,,,3.0,47.0
mc_dropout,robust,1,0.08,0.25,0.05,one_minus_confidence,clean,adv_error,False,0.8979591836734694,0.16666666666666666,0.02,50,0.46933037064902794,0.49055660485515257,,
mc_dropout,robust,1,0.08,0.25,0.05,one_minus_confidence,clean,cert_fail_tau0.5,False,0.9148936170212766,0.2,0.020833333333333332,48,,,48.0,2.0
mc_dropout,robust,1,0.08,0.25,0.05,one_minus_confidence,clean,cert_fail_tau0.9,False,0.9651162790697675,0.7,0.044444444444444446,45,,,45.0,5.0
mc_dropout,robust,1,0.08,0.25,0.05,one_minus_confidence,clean,cert_fail_tau0.95,False,,1.0,1.0,3,,,3.0,47.0
mc_dropout,robust,1,0.08,0.25,0.05,one_minus_confidence,adv,adv_error,False,1.0,1.0,0.02,50,0.6456405574648266,0.6170204715924313,,
mc_dropout,robust,1,0.08,0.25,0.05,one_minus_confidence,adv,cert_fail_tau0.5,False,1.0,1.0,0.020833333333333332,48,,,48.0,2.0
mc_dropout,robust,1,0.08,0.25,0.05,one_minus_confidence,adv,cert_fail_tau0.9,False,1.0,1.0,0.044444444444444446,45,,,45.0,5.0
mc_dropout,robust,1,0.08,0.25,0.05,one_minus_confidence,adv,cert_fail_tau0.95,False,,1.0,1.0,3,,,3.0,47.0
mc_dropout,robust,1,0.08,0.25,0.05,one_minus_confidence,delta,adv_error,False,1.0,1.0,0.02,50,0.651670865453054,0.620556621106496,,
mc_dropout,robust,1,0.08,0.25,0.05,one_minus_confidence,delta,cert_fail_tau0.5,False,1.0,1.0,0.020833333333333332,48,,,48.0,2.0
mc_dropout,robust,1,0.08,0.25,0.05,one_minus_confidence,delta,cert_fail_tau0.9,False,1.0,1.0,0.044444444444444446,45,,,45.0,5.0
mc_dropout,robust,1,0.08,0.25,0.05,one_minus_confidence,delta,cert_fail_tau0.95,False,,1.0,1.0,3,,,3.0,47.0
mc_dropout,robust,1,0.08,0.25,0.07,mutual_information,clean,adv_error,False,0.9574468085106383,0.6333333333333333,0.06,50,0.47495106270530324,0.5013351928350169,,
mc_dropout,robust,1,0.08,0.25,0.07,mutual_information,clean,cert_fail_tau0.5,False,0.9772727272727273,0.75,0.043478260869565216,46,,,46.0,4.0
mc_dropout,robust,1,0.08,0.25,0.07,mutual_information,clean,cert_fail_tau0.9,False,0.9054054054054054,0.625,0.13953488372093023,43,,,43.0,7.0
mc_dropout,robust,1,0.08,0.25,0.07,mutual_information,clean,cert_fail_tau0.95,False,,1.0,1.0,6,,,6.0,44.0
mc_dropout,robust,1,0.08,0.25,0.07,mutual_information,adv,adv_error,False,0.9858156028368794,0.8055555555555556,0.06,50,0.8450606683476166,0.7650778501684908,,
mc_dropout,robust,1,0.08,0.25,0.07,mutual_information,adv,cert_fail_tau0.5,False,1.0,1.0,0.043478260869565216,46,,,46.0,4.0
mc_dropout,robust,1,0.08,0.25,0.07,mutual_information,adv,cert_fail_tau0.9,False,0.990990990990991,0.9583333333333334,0.13953488372093023,43,,,43.0,7.0
mc_dropout,robust,1,0.08,0.25,0.07,mutual_information,adv,cert_fail_tau0.95,False,,1.0,1.0,6,,,6.0,44.0
mc_dropout,robust,1,0.08,0.25,0.07,mutual_information,delta,adv_error,False,0.9716312056737588,0.5888888888888888,0.06,50,0.85315079653043,0.7525631490060667,,
mc_dropout,robust,1,0.08,0.25,0.07,mutual_information,delta,cert_fail_tau0.5,False,0.9886363636363636,0.8333333333333333,0.043478260869565216,46,,,46.0,4.0
mc_dropout,robust,1,0.08,0.25,0.07,mutual_information,delta,cert_fail_tau0.9,False,0.9954954954954955,0.9761904761904762,0.13953488372093023,43,,,43.0,7.0
mc_dropout,robust,1,0.08,0.25,0.07,mutual_information,delta,cert_fail_tau0.95,False,,1.0,1.0,6,,,6.0,44.0
mc_dropout,robust,1,0.08,0.25,0.07,one_minus_confidence,clean,adv_error,False,0.9432624113475178,0.5873015873015873,0.06,50,0.470196244305826,0.488557051693081,,
mc_dropout,robust,1,0.08,0.25,0.07,one_minus_confidence,clean,cert_fail_tau0.5,False,0.9659090909090909,0.7,0.043478260869565216,46,,,46.0,4.0
mc_dropout,robust,1,0.08,0.25,0.07,one_minus_confidence,clean,cert_fail_tau0.9,False,0.8963963963963963,0.5924603174603176,0.13953488372093023,43,,,43.0,7.0
mc_dropout,robust,1,0.08,0.25,0.07,one_minus_confidence,clean,cert_fail_tau0.95,False,,1.0,1.0,6,,,6.0,44.0
mc_dropout,robust,1,0.08,0.25,0.07,one_minus_confidence,adv,adv_error,False,0.9787234042553191,0.8333333333333333,0.06,50,0.7975655620770864,0.7104116431007877,,
mc_dropout,robust,1,0.08,0.25,0.07,one_minus_confidence,adv,cert_fail_tau0.5,False,1.0,1.0,0.043478260869565216,46,,,46.0,4.0
mc_dropout,robust,1,0.08,0.25,0.07,one_minus_confidence,adv,cert_fail_tau0.9,False,1.0,1.0,0.13953488372093023,43,,,43.0,7.0
mc_dropout,robust,1,0.08,0.25,0.07,one_minus_confidence,adv,cert_fail_tau0.95,False,,1.0,1.0,6,,,6.0,44.0
mc_dropout,robust,1,0.08,0.25,0.07,one_minus_confidence,delta,adv_error,False,0.9787234042553191,0.8333333333333333,0.06,50,0.8093980624805208,0.7105984296853016,,
mc_dropout,robust,1,0.08,0.25,0.07,one_minus_confidence,delta,cert_fail_tau0.5,False,1.0,1.0,0.043478260869565216,46,,,46.0,4.0
mc_dropout,robust,1,0.08,0.25,0.07,one_minus_confidence,delta,cert_fail_tau0.9,False,1.0,1.0,0.13953488372093023,43,,,43.0,7.0
mc_dropout,robust,1,0.08,0.25,0.07,one_minus_confidence,delta,cert_fail_tau0.95,False,,1.0,1.0,6,,,6.0,44.0
mc_dropout,robust,1,0.08,0.25,0.08,mutual_information,clean,adv_error,False,0.9244444444444444,0.6454901960784314,0.1,50,0.4537940159834638,0.4779456832288033,,
mc_dropout,robust,1,0.08,0.25,0.08,mutual_information,clean,cert_fail_tau0.5,False,0.9696969696969697,0.7,0.06382978723404255,47,,,47.0,3.0
mc_dropout,robust,1,0.08,0.25,0.08,mutual_information,clean,cert_fail_tau0.9,False,0.9114583333333334,0.6479797979797979,0.15789473684210525,38,,,38.0,12.0
mc_dropout,robust,1,0.08,0.25,0.08,mutual_information,clean,cert_fail_tau0.95,False,,1.0,1.0,6,,,6.0,44.0
mc_dropout,robust,1,0.08,0.25,0.08,mutual_information,adv,adv_error,False,0.9377777777777778,0.5301587301587302,0.1,50,0.7886437085687668,0.7542201232170266,,
mc_dropout,robust,1,0.08,0.25,0.08,mutual_information,adv,cert_fail_tau0.5,False,0.9318181818181818,0.4206349206349207,0.06382978723404255,47,,,47.0,3.0
mc_dropout,robust,1,0.08,0.25,0.08,mutual_information,adv,cert_fail_tau0.9,False,0.9895833333333334,0.9583333333333334,0.15789473684210525,38,,,38.0,12.0
mc_dropout,robust,1,0.08,0.25,0.08,mutual_information,adv,cert_fail_tau0.95,False,,1.0,1.0,6,,,6.0,44.0
mc_dropout,robust,1,0.08,0.25,0.08,mutual_information,delta,adv_error,False,0.9244444444444444,0.4634920634920635,0.1,50,0.8104739703245184,0.7400879729388143,,
mc_dropout,robust,1,0.08,0.25,0.08,mutual_information,delta,cert_fail_tau0.5,False,0.9090909090909091,0.3206349206349206,0.06382978723404255,47,,,47.0,3.0
mc_dropout,robust,1,0.08,0.25,0.08,mutual_information,delta,cert_fail_tau0.9,False,0.9947916666666666,0.9761904761904762,0.15789473684210525,38,,,38.0,12.0
mc_dropout,robust,1,0.08,0.25,0.08,mutual_information,delta,cert_fail_tau0.95,False,,1.0,1.0,6,,,6.0,44.0
mc_dropout,robust,1,0.08,0.25,0.08,one_minus_confidence,clean,adv_error,False,0.9155555555555556,0.6064425770308124,0.1,50,0.4518433150921546,0.4696798531813726,,
mc_dropout,robust,1,0.08,0.25,0.08,one_minus_confidence,clean,cert_fail_tau0.5,False,0.9545454545454546,0.6333333333333333,0.06382978723404255,47,,,47.0,3.0
mc_dropout,robust,1,0.08,0.25,0.08,one_minus_confidence,clean,cert_fail_tau0.9,False,0.9010416666666666,0.6154401154401155,0.15789473684210525,38,,,38.0,12.0
mc_dropout,robust,1,0.08,0.25,0.08,one_minus_confidence,clean,cert_fail_tau0.95,False,,1.0,1.0,6,,,6.0,44.0
mc_dropout,robust,1,0.08,0.25,0.08,one_minus_confidence,adv,adv_error,False,0.9377777777777778,0.61,0.1,50,0.8144013772291747,0.6912016505171882,,
mc_dropout,robust,1,0.08,0.25,0.08,one_minus_confidence,adv,cert_fail_tau0.5,False,0.9318181818181818,0.75,0.06382978723404255,47,,,47.0,3.0
mc_dropout,robust,1,0.08,0.25,0.08,one_minus_confidence,adv,cert_fail_tau0.9,False,0.9895833333333334,0.9583333333333334,0.15789473684210525,38,,,38.0,12.0
mc_dropout,robust,1,0.08,0.25,0.08,one_minus_confidence,adv,cert_fail_tau0.95,False,,1.0,1.0,6,,,6.0,44.0
mc_dropout,robust,1,0.08,0.25,0.08,one_minus_confidence,delta,adv_error,False,0.9377777777777778,0.61,0.1,50,0.8196549215302084,0.6933851587146801,,
mc_dropout,robust,1,0.08,0.25,0.08,one_minus_confidence,delta,cert_fail_tau0.5,False,0.9318181818181818,0.75,0.06382978723404255,47,,,47.0,3.0
mc_dropout,robust,1,0.08,0.25,0.08,one_minus_confidence,delta,cert_fail_tau0.9,False,0.9895833333333334,0.9583333333333334,0.15789473684210525,38,,,38.0,12.0
mc_dropout,robust,1,0.08,0.25,0.08,one_minus_confidence,delta,cert_fail_tau0.95,False,,1.0,1.0,6,,,6.0,44.0
mc_dropout,robust,1,0.08,0.25,0.1,mutual_information,clean,adv_error,False,0.7797619047619048,0.53349734124419,0.16,50,0.387568807304996,0.4298990239193627,,
mc_dropout,robust,1,0.08,0.25,0.1,mutual_information,clean,cert_fail_tau0.5,False,0.7836734693877551,0.5688957384079335,0.16666666666666666,42,,,42.0,8.0
mc_dropout,robust,1,0.08,0.25,0.1,mutual_information,clean,cert_fail_tau0.9,False,0.7453703703703703,0.5825968013468013,0.2727272727272727,33,,,33.0,17.0
mc_dropout,robust,1,0.08,0.25,0.1,mutual_information,clean,cert_fail_tau0.95,False,,1.0,1.0,12,,,12.0,38.0
mc_dropout,robust,1,0.08,0.25,0.1,mutual_information,adv,adv_error,False,0.6428571428571429,0.265688858632407,0.16,50,0.5994793860036921,0.5700777384987046,,
mc_dropout,robust,1,0.08,0.25,0.1,mutual_information,adv,cert_fail_tau0.5,False,0.673469387755102,0.30728839361831684,0.16666666666666666,42,,,42.0,8.0
mc_dropout,robust,1,0.08,0.25,0.1,mutual_information,adv,cert_fail_tau0.9,False,0.8287037037037037,0.7427774476794086,0.2727272727272727,33,,,33.0,17.0
mc_dropout,robust,1,0.08,0.25,0.1,mutual_information,adv,cert_fail_tau0.95,False,,1.0,1.0,12,,,12.0,38.0
mc_dropout,robust,1,0.08,0.25,0.1,mutual_information,delta,adv_error,False,0.5535714285714286,0.20065498009393468,0.16,50,0.5496324046266476,0.47274610271531253,,
mc_dropout,robust,1,0.08,0.25,0.1,mutual_information,delta,cert_fail_tau0.5,False,0.5836734693877551,0.23426492054311604,0.16666666666666666,42,,,42.0,8.0
mc_dropout,robust,1,0.08,0.25,0.1,mutual_information,delta,cert_fail_tau0.9,False,0.7731481481481481,0.6560246851913519,0.2727272727272727,33,,,33.0,17.0
mc_dropout,robust,1,0.08,0.25,0.1,mutual_information,delta,cert_fail_tau0.95,False,,1.0,1.0,12,,,12.0,38.0
mc_dropout,robust,1,0.08,0.25,0.1,one_minus_confidence,clean,adv_error,False,0.7782738095238095,0.5118094160741219,0.16,50,0.3886325433870709,0.428438530840133,,
mc_dropout,robust,1,0.08,0.25,0.1,one_minus_confidence,clean,cert_fail_tau0.5,False,0.7816326530612245,0.5458351172636887,0.16666666666666666,42,,,42.0,8.0
mc_dropout,robust,1,0.08,0.25,0.1,one_minus_confidence,clean,cert_fail_tau0.9,False,0.7476851851851852,0.5648949815616482,0.2727272727272727,33,,,33.0,17.0
mc_dropout,robust,1,0.08,0.25,0.1,one_minus_confidence,clean,cert_fail_tau0.95,False,,1.0,1.0,12,,,12.0,38.0
mc_dropout,robust,1,0.08,0.25,0.1,one_minus_confidence,adv,adv_error,False,0.7976190476190477,0.42985066833751046,0.16,50,0.7461942060684825,0.7172918376210852,,
mc_dropout,robust,1,0.08,0.25,0.1,one_minus_confidence,adv,cert_fail_tau0.5,False,0.8612244897959184,0.6805435305435306,0.16666666666666666,42,,,42.0,8.0
mc_dropout,robust,1,0.08,0.25,0.1,one_minus_confidence,adv,cert_fail_tau0.9,False,0.9351851851851852,0.9102733686067019,0.2727272727272727,33,,,33.0,17.0
mc_dropout,robust,1,0.08,0.25,0.1,one_minus_confidence,adv,cert_fail_tau0.95,False,,1.0,1.0,12,,,12.0,38.0
mc_dropout,robust,1,0.08,0.25,0.1,one_minus_confidence,delta,adv_error,False,0.7767857142857143,0.4124971884840306,0.16,50,0.7371798448223894,0.6977197152081204,,
mc_dropout,robust,1,0.08,0.25,0.1,one_minus_confidence,delta,cert_fail_tau0.5,False,0.8367346938775511,0.6431114967981326,0.16666666666666666,42,,,42.0,8.0
mc_dropout,robust,1,0.08,0.25,0.1,one_minus_confidence,delta,cert_fail_tau0.9,False,0.9259259259259259,0.9061325818572195,0.2727272727272727,33,,,33.0,17.0
mc_dropout,robust,1,0.08,0.25,0.1,one_minus_confidence,delta,cert_fail_tau0.95,False,,1.0,1.0,12,,,12.0,38.0
mc_dropout,robust,1,0.08,0.25,0.15,mutual_information,clean,adv_error,False,0.6073717948717948,0.5927922499430752,0.48,50,,,,
mc_dropout,robust,1,0.08,0.25,0.15,mutual_information,clean,cert_fail_tau0.5,True,,,,0,,,0.0,50.0
mc_dropout,robust,1,0.08,0.25,0.15,mutual_information,clean,cert_fail_tau0.9,True,,,,0,,,0.0,50.0
mc_dropout,robust,1,0.08,0.25,0.15,mutual_information,clean,cert_fail_tau0.95,True,,,,0,,,0.0,50.0
mc_dropout,robust,1,0.08,0.25,0.15,mutual_information,adv,adv_error,False,0.44871794871794873,0.43282258375186805,0.48,50,,,,
mc_dropout,robust,1,0.08,0.25,0.15,mutual_information,adv,cert_fail_tau0.5,True,,,,0,,,0.0,50.0
mc_dropout,robust,1,0.08,0.25,0.15,mutual_information,adv,cert_fail_tau0.9,True,,,,0,,,0.0,50.0
mc_dropout,robust,1,0.08,0.25,0.15,mutual_information,adv,cert_fail_tau0.95,True,,,,0,,,0.0,50.0
mc_dropout,robust,1,0.08,0.25,0.15,mutual_information,delta,adv_error,False,0.4310897435897436,0.4278010292184084,0.48,50,,,,
mc_dropout,robust,1,0.08,0.25,0.15,mutual_information,delta,cert_fail_tau0.5,True,,,,0,,,0.0,50.0
mc_dropout,robust,1,0.08,0.25,0.15,mutual_information,delta,cert_fail_tau0.9,True,,,,0,,,0.0,50.0
mc_dropout,robust,1,0.08,0.25,0.15,mutual_information,delta,cert_fail_tau0.95,True,,,,0,,,0.0,50.0
mc_dropout,robust,1,0.08,0.25,0.15,one_minus_confidence,clean,adv_error,False,0.6017628205128205,0.5825385573767532,0.48,50,,,,
mc_dropout,robust,1,0.08,0.25,0.15,one_minus_confidence,clean,cert_fail_tau0.5,True,,,,0,,,0.0,50.0
mc_dropout,robust,1,0.08,0.25,0.15,one_minus_confidence,clean,cert_fail_tau0.9,True,,,,0,,,0.0,50.0
mc_dropout,robust,1,0.08,0.25,0.15,one_minus_confidence,clean,cert_fail_tau0.95,True,,,,0,,,0.0,50.0
mc_dropout,robust,1,0.08,0.25,0.15,one_minus_confidence,adv,adv_error,False,0.5464743589743589,0.6002286562372193,0.48,50,,,,
mc_dropout,robust,1,0.08,0.25,0.15,one_minus_confidence,adv,cert_fail_tau0.5,True,,,,0,,,0.0,50.0
mc_dropout,robust,1,0.08,0.25,0.15,one_minus_confidence,adv,cert_fail_tau0.9,True,,,,0,,,0.0,50.0
mc_dropout,robust,1,0.08,0.25,0.15,one_minus_confidence,adv,cert_fail_tau0.95,True,,,,0,,,0.0,50.0
mc_dropout,robust,1,0.08,0.25,0.15,one_minus_confidence,delta,adv_error,False,0.5384615384615384,0.6002904968718181,0.48,50,,,,
mc_dropout,robust,1,0.08,0.25,0.15,one_minus_confidence,delta,cert_fail_tau0.5,True,,,,0,,,0.0,50.0
mc_dropout,robust,1,0.08,0.25,0.15,one_minus_confidence,delta,cert_fail_tau0.9,True,,,,0,,,0.0,50.0
mc_dropout,robust,1,0.08,0.25,0.15,one_minus_confidence,delta,cert_fail_tau0.95,True,,,,0,,,0.0,50.0
mc_dropout,robust,2,0.08,0.25,0.01,mutual_information,clean,adv_error,False,,,0.0,50,0.32540785609831024,0.32540785609831024,,
mc_dropout,robust,2,0.08,0.25,0.01,mutual_information,clean,cert_fail_tau0.5,False,,,0.0,50,,,50.0,0.0
mc_dropout,robust,2,0.08,0.25,0.01,mutual_information,clean,cert_fail_tau0.9,False,,,0.0,48,,,48.0,2.0
mc_dropout,robust,2,0.08,0.25,0.01,mutual_information,clean,cert_fail_tau0.95,True,,,,0,,,0.0,50.0
mc_dropout,robust,2,0.08,0.25,0.01,mutual_information,adv,adv_error,False,,,0.0,50,0.33954987505086615,0.33954987505086615,,
mc_dropout,robust,2,0.08,0.25,0.01,mutual_information,adv,cert_fail_tau0.5,False,,,0.0,50,,,50.0,0.0
mc_dropout,robust,2,0.08,0.25,0.01,mutual_information,adv,cert_fail_tau0.9,False,,,0.0,48,,,48.0,2.0
mc_dropout,robust,2,0.08,0.25,0.01,mutual_information,adv,cert_fail_tau0.95,True,,,,0,,,0.0,50.0
mc_dropout,robust,2,0.08,0.25,0.01,mutual_information,delta,adv_error,False,,,0.0,50,0.33954987505086615,0.33954987505086615,,
mc_dropout,robust,2,0.08,0.25,0.01,mutual_information,delta,cert_fail_tau0.5,False,,,0.0,50,,,50.0,0.0
mc_dropout,robust,2,0.08,0.25,0.01,mutual_information,delta,cert_fail_tau0.9,False,,,0.0,48,,,48.0,2.0
mc_dropout,robust,2,0.08,0.25,0.01,mutual_information,delta,cert_fail_tau0.95,True,,,,0,,,0.0,50.0
mc_dropout,robust,2,0.08,0.25,0.01,one_minus_confidence,clean,adv_error,False,,,0.0,50,0.3254469277027134,0.3254469277027134,,
mc_dropout,robust,2,0.08,0.25,0.01,one_minus_confidence,clean,cert_fail_tau0.5,False,,,0.0,50,,,50.0,0.0
mc_dropout,robust,2,0.08,0.25,0.01,one_minus_confidence,clean,cert_fail_tau0.9,False,,,0.0,48,,,48.0,2.0
mc_dropout,robust,2,0.08,0.25,0.01,one_minus_confidence,clean,cert_fail_tau0.95,True,,,,0,,,0.0,50.0
mc_dropout,robust,2,0.08,0.25,0.01,one_minus_confidence,adv,adv_error,False,,,0.0,50,0.3326362590772435,0.3326362590772435,,
mc_dropout,robust,2,0.08,0.25,0.01,one_minus_confidence,adv,cert_fail_tau0.5,False,,,0.0,50,,,50.0,0.0
mc_dropout,robust,2,0.08,0.25,0.01,one_minus_confidence,adv,cert_fail_tau0.9,False,,,0.0,48,,,48.0,2.0
mc_dropout,robust,2,0.08,0.25,0.01,one_minus_confidence,adv,cert_fail_tau0.95,True,,,,0,,,0.0,50.0
mc_dropout,robust,2,0.08,0.25,0.01,one_minus_confidence,delta,adv_error,False,,,0.0,50,0.3395661811413527,0.3395661811413527,,
mc_dropout,robust,2,0.08,0.25,0.01,one_minus_confidence,delta,cert_fail_tau0.5,False,,,0.0,50,,,50.0,0.0
mc_dropout,robust,2,0.08,0.25,0.01,one_minus_confidence,delta,cert_fail_tau0.9,False,,,0.0,48,,,48.0,2.0
mc_dropout,robust,2,0.08,0.25,0.01,one_minus_confidence,delta,cert_fail_tau0.95,True,,,,0,,,0.0,50.0
mc_dropout,robust,2,0.08,0.25,0.03,mutual_information,clean,adv_error,False,,,0.0,50,,,,
mc_dropout,robust,2,0.08,0.25,0.03,mutual_information,clean,cert_fail_tau0.5,True,,,,0,,,0.0,50.0
mc_dropout,robust,2,0.08,0.25,0.03,mutual_information,clean,cert_fail_tau0.9,True,,,,0,,,0.0,50.0
mc_dropout,robust,2,0.08,0.25,0.03,mutual_information,clean,cert_fail_tau0.95,True,,,,0,,,0.0,50.0
mc_dropout,robust,2,0.08,0.25,0.03,mutual_information,adv,adv_error,False,,,0.0,50,,,,
mc_dropout,robust,2,0.08,0.25,0.03,mutual_information,adv,cert_fail_tau0.5,True,,,,0,,,0.0,50.0
mc_dropout,robust,2,0.08,0.25,0.03,mutual_information,adv,cert_fail_tau0.9,True,,,,0,,,0.0,50.0
mc_dropout,robust,2,0.08,0.25,0.03,mutual_information,adv,cert_fail_tau0.95,True,,,,0,,,0.0,50.0
mc_dropout,robust,2,0.08,0.25,0.03,mutual_information,delta,adv_error,False,,,0.0,50,,,,
mc_dropout,robust,2,0.08,0.25,0.03,mutual_information,delta,cert_fail_tau0.5,True,,,,0,,,0.0,50.0
mc_dropout,robust,2,0.08,0.25,0.03,mutual_information,delta,cert_fail_tau0.9,True,,,,0,,,0.0,50.0
mc_dropout,robust,2,0.08,0.25,0.03,mutual_information,delta,cert_fail_tau0.95,True,,,,0,,,0.0,50.0
mc_dropout,robust,2,0.08,0.25,0.03,one_minus_confidence,clean,adv_error,False,,,0.0,50,,,,
mc_dropout,robust,2,0.08,0.25,0.03,one_minus_confidence,clean,cert_fail_tau0.5,True,,,,0,,,0.0,50.0
mc_dropout,robust,2,0.08,0.25,0.03,one_minus_confidence,clean,cert_fail_tau0.9,True,,,,0,,,0.0,50.0
mc_dropout,robust,2,0.08,0.25,0.03,one_minus_confidence,clean,cert_fail_tau0.95,True,,,,0,,,0.0,50.0
mc_dropout,robust,2,0.08,0.25,0.03,one_minus_confidence,adv,adv_error,False,,,0.0,50,,,,
mc_dropout,robust,2,0.08,0.25,0.03,one_minus_confidence,adv,cert_fail_tau0.5,True,,,,0,,,0.0,50.0
mc_dropout,robust,2,0.08,0.25,0.03,one_minus_confidence,adv,cert_fail_tau0.9,True,,,,0,,,0.0,50.0
mc_dropout,robust,2,0.08,0.25,0.03,one_minus_confidence,adv,cert_fail_tau0.95,True,,,,0,,,0.0,50.0
mc_dropout,robust,2,0.08,0.25,0.03,one_minus_confidence,delta,adv_error,False,,,0.0,50,,,,
mc_dropout,robust,2,0.08,0.25,0.03,one_minus_confidence,delta,cert_fail_tau0.5,True,,,,0,,,0.0,50.0
mc_dropout,robust,2,0.08,0.25,0.03,one_minus_confidence,delta,cert_fail_tau0.9,True,,,,0,,,0.0,50.0
mc_dropout,robust,2,0.08,0.25,0.03,one_minus_confidence,delta,cert_fail_tau0.95,True,,,,0,,,0.0,50.0
mc_dropout,robust,2,0.08,0.25,0.05,mutual_information,clean,adv_error,False,0.9795918367346939,0.5,0.02,50,0.4353602334414741,0.48476677465203766,,
mc_dropout,robust,2,0.08,0.25,0.05,mutual_information,clean,cert_fail_tau0.5,False,1.0,1.0,0.020833333333333332,48,,,48.0,2.0
mc_dropout,robust,2,0.08,0.25,0.05,mutual_information,clean,cert_fail_tau0.9,False,1.0,1.0,0.043478260869565216,46,,,46.0,4.0
mc_dropout,robust,2,0.08,0.25,0.05,mutual_information,clean,cert_fail_tau0.95,False,,1.0,1.0,3,,,3.0,47.0
mc_dropout,robust,2,0.08,0.25,0.05,mutual_information,adv,adv_error,False,1.0,1.0,0.02,50,0.4981241515106461,0.5567137725646042,,
mc_dropout,robust,2,0.08,0.25,0.05,mutual_information,adv,cert_fail_tau0.5,False,1.0,1.0,0.020833333333333332,48,,,48.0,2.0
mc_dropout,robust,2,0.08,0.25,0.05,mutual_information,adv,cert_fail_tau0.9,False,1.0,1.0,0.043478260869565216,46,,,46.0,4.0
mc_dropout,robust,2,0.08,0.25,0.05,mutual_information,adv,cert_fail_tau0.95,False,,1.0,1.0,3,,,3.0,47.0
mc_dropout,robust,2,0.08,0.25,0.05,mutual_information,delta,adv_error,False,1.0,1.0,0.02,50,0.5228722462586218,0.5710395022374603,,
mc_dropout,robust,2,0.08,0.25,0.05,mutual_information,delta,cert_fail_tau0.5,False,1.0,1.0,0.020833333333333332,48,,,48.0,2.0
mc_dropout,robust,2,0.08,0.25,0.05,mutual_information,delta,cert_fail_tau0.9,False,1.0,1.0,0.043478260869565216,46,,,46.0,4.0
mc_dropout,robust,2,0.08,0.25,0.05,mutual_information,delta,cert_fail_tau0.95,False,,1.0,1.0,3,,,3.0,47.0
mc_dropout,robust,2,0.08,0.25,0.05,one_minus_confidence,clean,adv_error,False,0.9795918367346939,0.5,0.02,50,0.4351374951411901,0.4880088581485698,,
mc_dropout,robust,2,0.08,0.25,0.05,one_minus_confidence,clean,cert_fail_tau0.5,False,1.0,1.0,0.020833333333333332,48,,,48.0,2.0
mc_dropout,robust,2,0.08,0.25,0.05,one_minus_confidence,clean,cert_fail_tau0.9,False,1.0,1.0,0.043478260869565216,46,,,46.0,4.0
mc_dropout,robust,2,0.08,0.25,0.05,one_minus_confidence,clean,cert_fail_tau0.95,False,,1.0,1.0,3,,,3.0,47.0
mc_dropout,robust,2,0.08,0.25,0.05,one_minus_confidence,adv,adv_error,False,0.9795918367346939,0.5,0.02,50,0.5217723309364896,0.5782023670738884,,
mc_dropout,robust,2,0.08,0.25,0.05,one_minus_confidence,adv,cert_fail_tau0.5,False,1.0,1.0,0.020833333333333332,48,,,48.0,2.0
mc_dropout,robust,2,0.08,0.25,0.05,one_minus_confidence,adv,cert_fail_tau0.9,False,1.0,1.0,0.043478260869565216,46,,,46.0,4.0
mc_dropout,robust,2,0.08,0.25,0.05,one_minus_confidence,adv,cert_fail_tau0.95,False,,1.0,1.0,3,,,3.0,47.0
mc_dropout,robust,2,0.08,0.25,0.05,one_minus_confidence,delta,adv_error,False,0.9795918367346939,0.5,0.02,50,0.5279593546234835,0.5850468823620307,,
mc_dropout,robust,2,0.08,0.25,0.05,one_minus_confidence,delta,cert_fail_tau0.5,False,1.0,1.0,0.020833333333333332,48,,,48.0,2.0
mc_dropout,robust,2,0.08,0.25,0.05,one_minus_confidence,delta,cert_fail_tau0.9,False,1.0,1.0,0.043478260869565216,46,,,46.0,4.0
mc_dropout,robust,2,0.08,0.25,0.05,one_minus_confidence,delta,cert_fail_tau0.95,False,,1.0,1.0,3,,,3.0,47.0
mc_dropout,robust,2,0.08,0.25,0.07,mutual_information,clean,adv_error,False,0.9270833333333334,0.375,0.04,50,0.6598978478709422,0.620781012402307,,
mc_dropout,robust,2,0.08,0.25,0.07,mutual_information,clean,cert_fail_tau0.5,False,0.9555555555555556,0.6666666666666666,0.0425531914893617,47,,,47.0,3.0
mc_dropout,robust,2,0.08,0.25,0.07,mutual_information,clean,cert_fail_tau0.9,False,0.9636363636363636,0.8392857142857143,0.13157894736842105,38,,,38.0,12.0
mc_dropout,robust,2,0.08,0.25,0.07,mutual_information,clean,cert_fail_tau0.95,False,,1.0,1.0,5,,,5.0,45.0
mc_dropout,robust,2,0.08,0.25,0.07,mutual_information,adv,adv_error,False,0.90625,0.35,0.04,50,0.7694839630935163,0.6631822768566802,,
mc_dropout,robust,2,0.08,0.25,0.07,mutual_information,adv,cert_fail_tau0.5,False,0.9444444444444444,0.6428571428571428,0.0425531914893617,47,,,47.0,3.0
mc_dropout,robust,2,0.08,0.25,0.07,mutual_information,adv,cert_fail_tau0.9,False,0.9939393939393939,0.9666666666666667,0.13157894736842105,38,,,38.0,12.0
mc_dropout,robust,2,0.08,0.25,0.07,mutual_information,adv,cert_fail_tau0.95,False,,1.0,1.0,5,,,5.0,45.0
mc_dropout,robust,2,0.08,0.25,0.07,mutual_information,delta,adv_error,False,0.90625,0.2777777777777778,0.04,50,0.7542445612663307,0.6390665576982555,,
mc_dropout,robust,2,0.08,0.25,0.07,mutual_information,delta,cert_fail_tau0.5,False,0.9333333333333333,0.39285714285714285,0.0425531914893617,47,,,47.0,3.0
mc_dropout,robust,2,0.08,0.25,0.07,mutual_information,delta,cert_fail_tau0.9,False,0.9818181818181818,0.925,0.13157894736842105,38,,,38.0,12.0
mc_dropout,robust,2,0.08,0.25,0.07,mutual_information,delta,cert_fail_tau0.95,False,,1.0,1.0,5,,,5.0,45.0
mc_dropout,robust,2,0.08,0.25,0.07,one_minus_confidence,clean,adv_error,False,0.90625,0.35,0.04,50,0.6749537084696385,0.6146933758133343,,
mc_dropout,robust,2,0.08,0.25,0.07,one_minus_confidence,clean,cert_fail_tau0.5,False,0.9444444444444444,0.6428571428571428,0.0425531914893617,47,,,47.0,3.0
mc_dropout,robust,2,0.08,0.25,0.07,one_minus_confidence,clean,cert_fail_tau0.9,False,0.9696969696969697,0.8583333333333334,0.13157894736842105,38,,,38.0,12.0
mc_dropout,robust,2,0.08,0.25,0.07,one_minus_confidence,clean,cert_fail_tau0.95,False,,1.0,1.0,5,,,5.0,45.0
mc_dropout,robust,2,0.08,0.25,0.07,one_minus_confidence,adv,adv_error,False,0.9166666666666666,0.29166666666666663,0.04,50,0.7878982403013655,0.6647723242737192,,
mc_dropout,robust,2,0.08,0.25,0.07,one_minus_confidence,adv,cert_fail_tau0.5,False,0.9666666666666667,0.7,0.0425531914893617,47,,,47.0,3.0
mc_dropout,robust,2,0.08,0.25,0.07,one_minus_confidence,adv,cert_fail_tau0.9,False,1.0,1.0,0.13157894736842105,38,,,38.0,12.0
mc_dropout,robust,2,0.08,0.25,0.07,one_minus_confidence,adv,cert_fail_tau0.95,False,,1.0,1.0,5,,,5.0,45.0
mc_dropout,robust,2,0.08,0.25,0.07,one_minus_confidence,delta,adv_error,False,0.90625,0.2777777777777778,0.04,50,0.794406734831726,0.6538407482815761,,
mc_dropout,robust,2,0.08,0.25,0.07,one_minus_confidence,delta,cert_fail_tau0.5,False,0.9555555555555556,0.6666666666666666,0.0425531914893617,47,,,47.0,3.0
mc_dropout,robust,2,0.08,0.25,0.07,one_minus_confidence,delta,cert_fail_tau0.9,False,1.0,1.0,0.13157894736842105,38,,,38.0,12.0
mc_dropout,robust,2,0.08,0.25,0.07,one_minus_confidence,delta,cert_fail_tau0.95,False,,1.0,1.0,5,,,5.0,45.0
mc_dropout,robust,2,0.08,0.25,0.08,mutual_information,clean,adv_error,False,0.9347826086956522,0.49652777777777773,0.08,50,0.5609047314333657,0.5604276224635087,,
mc_dropout,robust,2,0.08,0.25,0.08,mutual_information,clean,cert_fail_tau0.5,False,0.9545454545454546,0.7321428571428571,0.08333333333333333,48,,,48.0,2.0
mc_dropout,robust,2,0.08,0.25,0.08,mutual_information,clean,cert_fail_tau0.9,False,0.9741935483870968,0.8761904761904762,0.1388888888888889,36,,,36.0,14.0
mc_dropout,robust,2,0.08,0.25,0.08,mutual_information,clean,cert_fail_tau0.95,False,,1.0,1.0,5,,,5.0,45.0
mc_dropout,robust,2,0.08,0.25,0.08,mutual_information,adv,adv_error,False,0.9293478260869565,0.638095238095238,0.08,50,0.7664753541840211,0.5880131154358792,,
mc_dropout,robust,2,0.08,0.25,0.08,mutual_information,adv,cert_fail_tau0.5,False,0.9375,0.65,0.08333333333333333,48,,,48.0,2.0
mc_dropout,robust,2,0.08,0.25,0.08,mutual_information,adv,cert_fail_tau0.9,False,1.0,1.0,0.1388888888888889,36,,,36.0,14.0
mc_dropout,robust,2,0.08,0.25,0.08,mutual_information,adv,cert_fail_tau0.95,False,,1.0,1.0,5,,,5.0,45.0
mc_dropout,robust,2,0.08,0.25,0.08,mutual_information,delta,adv_error,False,0.9021739130434783,0.4151785714285714,0.08,50,0.7263529067704673,0.5211976888910631,,
mc_dropout,robust,2,0.08,0.25,0.08,mutual_information,delta,cert_fail_tau0.5,False,0.9034090909090909,0.4206730769230769,0.08333333333333333,48,,,48.0,2.0
mc_dropout,robust,2,0.08,0.25,0.08,mutual_information,delta,cert_fail_tau0.9,False,0.9548387096774194,0.8509090909090908,0.1388888888888889,36,,,36.0,14.0
mc_dropout,robust,2,0.08,0.25,0.08,mutual_information,delta,cert_fail_tau0.95,False,,1.0,1.0,5,,,5.0,45.0
mc_dropout,robust,2,0.08,0.25,0.08,one_minus_confidence,clean,adv_error,False,0.9347826086956522,0.4988095238095238,0.08,50,0.5754442073881021,0.5563223395670616,,
mc_dropout,robust,2,0.08,0.25,0.08,one_minus_confidence,clean,cert_fail_tau0.5,False,0.9602272727272727,0.75,0.08333333333333333,48,,,48.0,2.0
mc_dropout,robust,2,0.08,0.25,0.08,one_minus_confidence,clean,cert_fail_tau0.9,False,0.9741935483870968,0.8761904761904762,0.1388888888888889,36,,,36.0,14.0
mc_dropout,robust,2,0.08,0.25,0.08,one_minus_confidence,clean,cert_fail_tau0.95,False,,1.0,1.0,5,,,5.0,45.0
mc_dropout,robust,2,0.08,0.25,0.08,one_minus_confidence,adv,adv_error,False,0.9347826086956522,0.5560897435897436,0.08,50,0.821321171329409,0.5948627863770999,,
mc_dropout,robust,2,0.08,0.25,0.08,one_minus_confidence,adv,cert_fail_tau0.5,False,0.9602272727272727,0.8409090909090909,0.08333333333333333,48,,,48.0,2.0
mc_dropout,robust,2,0.08,0.25,0.08,one_minus_confidence,adv,cert_fail_tau0.9,False,1.0,1.0,0.1388888888888889,36,,,36.0,14.0
mc_dropout,robust,2,0.08,0.25,0.08,one_minus_confidence,adv,cert_fail_tau0.95,False,,1.0,1.0,5,,,5.0,45.0
mc_dropout,robust,2,0.08,0.25,0.08,one_minus_confidence,delta,adv_error,False,0.907608695652174,0.6567982456140351,0.08,50,0.8157556363792312,0.5730683788368522,,
mc_dropout,robust,2,0.08,0.25,0.08,one_minus_confidence,delta,cert_fail_tau0.5,False,0.9261363636363636,0.8088235294117647,0.08333333333333333,48,,,48.0,2.0
mc_dropout,robust,2,0.08,0.25,0.08,one_minus_confidence,delta,cert_fail_tau0.9,False,0.9870967741935484,0.9428571428571428,0.1388888888888889,36,,,36.0,14.0
mc_dropout,robust,2,0.08,0.25,0.08,one_minus_confidence,delta,cert_fail_tau0.95,False,,1.0,1.0,5,,,5.0,45.0
mc_dropout,robust,2,0.08,0.25,0.1,mutual_information,clean,adv_error,False,0.9644444444444444,0.811111111111111,0.1,50,0.4643384934050072,0.5208902797010911,,
mc_dropout,robust,2,0.08,0.25,0.1,mutual_information,clean,cert_fail_tau0.5,False,0.9542857142857143,0.811111111111111,0.125,40,,,40.0,10.0
mc_dropout,robust,2,0.08,0.25,0.1,mutual_information,clean,cert_fail_tau0.9,False,0.9285714285714286,0.8119975262832405,0.2413793103448276,29,,,29.0,21.0
mc_dropout,robust,2,0.08,0.25,0.1,mutual_information,clean,cert_fail_tau0.95,False,,1.0,1.0,10,,,10.0,40.0
mc_dropout,robust,2,0.08,0.25,0.1,mutual_information,adv,adv_error,False,0.7066666666666667,0.17653343388637507,0.1,50,0.6656956786520568,0.6418231685157598,,
mc_dropout,robust,2,0.08,0.25,0.1,mutual_information,adv,cert_fail_tau0.5,False,0.8,0.31010101010101004,0.125,40,,,40.0,10.0
mc_dropout,robust,2,0.08,0.25,0.1,mutual_information,adv,cert_fail_tau0.9,False,0.8961038961038961,0.8216791979949875,0.2413793103448276,29,,,29.0,21.0
mc_dropout,robust,2,0.08,0.25,0.1,mutual_information,adv,cert_fail_tau0.95,False,,1.0,1.0,10,,,10.0,40.0
mc_dropout,robust,2,0.08,0.25,0.1,mutual_information,delta,adv_error,False,0.4088888888888889,0.10863247863247863,0.1,50,0.4691384840959434,0.42750521426281957,,
mc_dropout,robust,2,0.08,0.25,0.1,mutual_information,delta,cert_fail_tau0.5,False,0.4685714285714286,0.1904970760233918,0.125,40,,,40.0,10.0
mc_dropout,robust,2,0.08,0.25,0.1,mutual_information,delta,cert_fail_tau0.9,False,0.6038961038961039,0.6038227753291274,0.2413793103448276,29,,,29.0,21.0
mc_dropout,robust,2,0.08,0.25,0.1,mutual_information,delta,cert_fail_tau0.95,False,,1.0,1.0,10,,,10.0,40.0
mc_dropout,robust,2,0.08,0.25,0.1,one_minus_confidence,clean,adv_error,False,0.9644444444444444,0.8142857142857143,0.1,50,0.47239519140128855,0.5220836528149964,,
mc_dropout,robust,2,0.08,0.25,0.1,one_minus_confidence,clean,cert_fail_tau0.5,False,0.96,0.8253968253968254,0.125,40,,,40.0,10.0
mc_dropout,robust,2,0.08,0.25,0.1,one_minus_confidence,clean,cert_fail_tau0.9,False,0.935064935064935,0.8210884353741497,0.2413793103448276,29,,,29.0,21.0
mc_dropout,robust,2,0.08,0.25,0.1,one_minus_confidence,clean,cert_fail_tau0.95,False,,1.0,1.0,10,,,10.0,40.0
mc_dropout,robust,2,0.08,0.25,0.1,one_minus_confidence,adv,adv_error,False,0.7555555555555555,0.26312354312354314,0.1,50,0.8180832619006669,0.77863717192615,,
mc_dropout,robust,2,0.08,0.25,0.1,one_minus_confidence,adv,cert_fail_tau0.5,False,0.8914285714285715,0.8034782608695652,0.125,40,,,40.0,10.0
mc_dropout,robust,2,0.08,0.25,0.1,one_minus_confidence,adv,cert_fail_tau0.9,False,0.961038961038961,0.9340659340659341,0.2413793103448276,29,,,29.0,21.0
mc_dropout,robust,2,0.08,0.25,0.1,one_minus_confidence,adv,cert_fail_tau0.95,False,,1.0,1.0,10,,,10.0,40.0
mc_dropout,robust,2,0.08,0.25,0.1,one_minus_confidence,delta,adv_error,False,0.68,0.2528205128205128,0.1,50,0.7630045808410357,0.7171685212579206,,
mc_dropout,robust,2,0.08,0.25,0.1,one_minus_confidence,delta,cert_fail_tau0.5,False,0.7942857142857143,0.785,0.125,40,,,40.0,10.0
mc_dropout,robust,2,0.08,0.25,0.1,one_minus_confidence,delta,cert_fail_tau0.9,False,0.8571428571428571,0.8916256157635467,0.2413793103448276,29,,,29.0,21.0
mc_dropout,robust,2,0.08,0.25,0.1,one_minus_confidence,delta,cert_fail_tau0.95,False,,1.0,1.0,10,,,10.0,40.0
mc_dropout,robust,2,0.08,0.25,0.15,mutual_information,clean,adv_error,False,0.6607142857142857,0.6573668293855359,0.44,50,,,,
mc_dropout,robust,2,0.08,0.25,0.15,mutual_information,clean,cert_fail_tau0.5,True,,,,0,,,0.0,50.0
mc_dropout,robust,2,0.08,0.25,0.15,mutual_information,clean,cert_fail_tau0.9,True,,,,0,,,0.0,50.0
mc_dropout,robust,2,0.08,0.25,0.15,mutual_information,clean,cert_fail_tau0.95,True,,,,0,,,0.0,50.0
mc_dropout,robust,2,0.08,0.25,0.15,mutual_information,adv,adv_error,False,0.32954545454545453,0.38904357116892224,0.44,50,,,,
mc_dropout,robust,2,0.08,0.25,0.15,mutual_information,adv,cert_fail_tau0.5,True,,,,0,,,0.0,50.0
mc_dropout,robust,2,0.08,0.25,0.15,mutual_information,adv,cert_fail_tau0.9,True,,,,0,,,0.0,50.0
mc_dropout,robust,2,0.08,0.25,0.15,mutual_information,adv,cert_fail_tau0.95,True,,,,0,,,0.0,50.0
mc_dropout,robust,2,0.08,0.25,0.15,mutual_information,delta,adv_error,False,0.31655844155844154,0.38634808098441636,0.44,50,,,,
mc_dropout,robust,2,0.08,0.25,0.15,mutual_information,delta,cert_fail_tau0.5,True,,,,0,,,0.0,50.0
mc_dropout,robust,2,0.08,0.25,0.15,mutual_information,delta,cert_fail_tau0.9,True,,,,0,,,0.0,50.0
mc_dropout,robust,2,0.08,0.25,0.15,mutual_information,delta,cert_fail_tau0.95,True,,,,0,,,0.0,50.0
mc_dropout,robust,2,0.08,0.25,0.15,one_minus_confidence,clean,adv_error,False,0.6607142857142857,0.6485671804873151,0.44,50,,,,
mc_dropout,robust,2,0.08,0.25,0.15,one_minus_confidence,clean,cert_fail_tau0.5,True,,,,0,,,0.0,50.0
mc_dropout,robust,2,0.08,0.25,0.15,one_minus_confidence,clean,cert_fail_tau0.9,True,,,,0,,,0.0,50.0
mc_dropout,robust,2,0.08,0.25,0.15,one_minus_confidence,clean,cert_fail_tau0.95,True,,,,0,,,0.0,50.0
mc_dropout,robust,2,0.08,0.25,0.15,one_minus_confidence,adv,adv_error,False,0.7159090909090909,0.742862249835934,0.44,50,,,,
mc_dropout,robust,2,0.08,0.25,0.15,one_minus_confidence,adv,cert_fail_tau0.5,True,,,,0,,,0.0,50.0
mc_dropout,robust,2,0.08,0.25,0.15,one_minus_confidence,adv,cert_fail_tau0.9,True,,,,0,,,0.0,50.0
mc_dropout,robust,2,0.08,0.25,0.15,one_minus_confidence,adv,cert_fail_tau0.95,True,,,,0,,,0.0,50.0
mc_dropout,robust,2,0.08,0.25,0.15,one_minus_confidence,delta,adv_error,False,0.7094155844155844,0.7392501553147486,0.44,50,,,,
mc_dropout,robust,2,0.08,0.25,0.15,one_minus_confidence,delta,cert_fail_tau0.5,True,,,,0,,,0.0,50.0
mc_dropout,robust,2,0.08,0.25,0.15,one_minus_confidence,delta,cert_fail_tau0.9,True,,,,0,,,0.0,50.0
mc_dropout,robust,2,0.08,0.25,0.15,one_minus_confidence,delta,cert_fail_tau0.95,True,,,,0,,,0.0,50.0
mc_dropout,robust,3,0.08,0.25,0.01,mutual_information,clean,adv_error,False,,,0.0,50,0.3137140785361947,0.3137140785361947,,
mc_dropout,robust,3,0.08,0.25,0.01,mutual_information,clean,cert_fail_tau0.5,False,,,0.0,50,,,50.0,0.0
mc_dropout,robust,3,0.08,0.25,0.01,mutual_information,clean,cert_fail_tau0.9,False,,,0.0,49,,,49.0,1.0
mc_dropout,robust,3,0.08,0.25,0.01,mutual_information,clean,cert_fail_tau0.95,True,,,,0,,,0.0,50.0
mc_dropout,robust,3,0.08,0.25,0.01,mutual_information,adv,adv_error,False,,,0.0,50,0.319430698040945,0.319430698040945,,
mc_dropout,robust,3,0.08,0.25,0.01,mutual_information,adv,cert_fail_tau0.5,False,,,0.0,50,,,50.0,0.0
mc_dropout,robust,3,0.08,0.25,0.01,mutual_information,adv,cert_fail_tau0.9,False,,,0.0,49,,,49.0,1.0
mc_dropout,robust,3,0.08,0.25,0.01,mutual_information,adv,cert_fail_tau0.95,True,,,,0,,,0.0,50.0
mc_dropout,robust,3,0.08,0.25,0.01,mutual_information,delta,adv_error,False,,,0.0,50,0.3137140785361947,0.3137140785361947,,
mc_dropout,robust,3,0.08,0.25,0.01,mutual_information,delta,cert_fail_tau0.5,False,,,0.0,50,,,50.0,0.0
mc_dropout,robust,3,0.08,0.25,0.01,mutual_information,delta,cert_fail_tau0.9,False,,,0.0,49,,,49.0,1.0
mc_dropout,robust,3,0.08,0.25,0.01,mutual_information,delta,cert_fail_tau0.95,True,,,,0,,,0.0,50.0
mc_dropout,robust,3,0.08,0.25,0.01,one_minus_confidence,clean,adv_error,False,,,0.0,50,0.31410932875177006,0.31410932875177006,,
mc_dropout,robust,3,0.08,0.25,0.01,one_minus_confidence,clean,cert_fail_tau0.5,False,,,0.0,50,,,50.0,0.0
mc_dropout,robust,3,0.08,0.25,0.01,one_minus_confidence,clean,cert_fail_tau0.9,False,,,0.0,49,,,49.0,1.0
mc_dropout,robust,3,0.08,0.25,0.01,one_minus_confidence,clean,cert_fail_tau0.95,True,,,,0,,,0.0,50.0
mc_dropout,robust,3,0.08,0.25,0.01,one_minus_confidence,adv,adv_error,False,,,0.0,50,0.31410178520948934,0.31410178520948934,,
mc_dropout,robust,3,0.08,0.25,0.01,one_minus_confidence,adv,cert_fail_tau0.5,False,,,0.0,50,,,50.0,0.0
mc_dropout,robust,3,0.08,0.25,0.01,one_minus_confidence,adv,cert_fail_tau0.9,False,,,0.0,49,,,49.0,1.0
mc_dropout,robust,3,0.08,0.25,0.01,one_minus_confidence,adv,cert_fail_tau0.95,True,,,,0,,,0.0,50.0
mc_dropout,robust,3,0.08,0.25,0.01,one_minus_confidence,delta,adv_error,False,,,0.0,50,0.32016913024325366,0.32016913024325366,,
mc_dropout,robust,3,0.08,0.25,0.01,one_minus_confidence,delta,cert_fail_tau0.5,False,,,0.0,50,,,50.0,0.0
mc_dropout,robust,3,0.08,0.25,0.01,one_minus_confidence,delta,cert_fail_tau0.9,False,,,0.0,49,,,49.0,1.0
mc_dropout,robust,3,0.08,0.25,0.01,one_minus_confidence,delta,cert_fail_tau0.95,True,,,,0,,,0.0,50.0
mc_dropout,robust,3,0.08,0.25,0.03,mutual_information,clean,adv_error,False,,,0.0,50,,,,
mc_dropout,robust,3,0.08,0.25,0.03,mutual_information,clean,cert_fail_tau0.5,True,,,,0,,,0.0,50.0
mc_dropout,robust,3,0.08,0.25,0.03,mutual_information,clean,cert_fail_tau0.9,True,,,,0,,,0.0,50.0
mc_dropout,robust,3,0.08,0.25,0.03,mutual_information,clean,cert_fail_tau0.95,True,,,,0,,,0.0,50.0
mc_dropout,robust,3,0.08,0.25,0.03,mutual_information,adv,adv_error,False,,,0.0,50,,,,
mc_dropout,robust,3,0.08,0.25,0.03,mutual_information,adv,cert_fail_tau0.5,True,,,,0,,,0.0,50.0
mc_dropout,robust,3,0.08,0.25,0.03,mutual_information,adv,cert_fail_tau0.9,True,,,,0,,,0.0,50.0
mc_dropout,robust,3,0.08,0.25,0.03,mutual_information,adv,cert_fail_tau0.95,True,,,,0,,,0.0,50.0
mc_dropout,robust,3,0.08,0.25,0.03,mutual_information,delta,adv_error,False,,,0.0,50,,,,
mc_dropout,robust,3,0.08,0.25,0.03,mutual_information,delta,cert_fail_tau0.5,True,,,,0,,,0.0,50.0
mc_dropout,robust,3,0.08,0.25,0.03,mutual_information,delta,cert_fail_tau0.9,True,,,,0,,,0.0,50.0
mc_dropout,robust,3,0.08,0.25,0.03,mutual_information,delta,cert_fail_tau0.95,True,,,,0,,,0.0,50.0
mc_dropout,robust,3,0.08,0.25,0.03,one_minus_confidence,clean,adv_error,False,,,0.0,50,,,,
mc_dropout,robust,3,0.08,0.25,0.03,one_minus_confidence,clean,cert_fail_tau0.5,True,,,,0,,,0.0,50.0
mc_dropout,robust,3,0.08,0.25,0.03,one_minus_confidence,clean,cert_fail_tau0.9,True,,,,0,,,0.0,50.0
mc_dropout,robust,3,0.08,0.25,0.03,one_minus_confidence,clean,cert_fail_tau0.95,True,,,,0,,,0.0,50.0
mc_dropout,robust,3,0.08,0.25,0.03,one_minus_confidence,adv,adv_error,False,,,0.0,50,,,,
mc_dropout,robust,3,0.08,0.25,0.03,one_minus_confidence,adv,cert_fail_tau0.5,True,,,,0,,,0.0,50.0
mc_dropout,robust,3,0.08,0.25,0.03,one_minus_confidence,adv,cert_fail_tau0.9,True,,,,0,,,0.0,50.0
mc_dropout,robust,3,0.08,0.25,0.03,one_minus_confidence,adv,cert_fail_tau0.95,True,,,,0,,,0.0,50.0
mc_dropout,robust,3,0.08,0.25,0.03,one_minus_confidence,delta,adv_error,False,,,0.0,50,,,,
mc_dropout,robust,3,0.08,0.25,0.03,one_minus_confidence,delta,cert_fail_tau0.5,True,,,,0,,,0.0,50.0
mc_dropout,robust,3,0.08,0.25,0.03,one_minus_confidence,delta,cert_fail_tau0.9,True,,,,0,,,0.0,50.0
mc_dropout,robust,3,0.08,0.25,0.03,one_minus_confidence,delta,cert_fail_tau0.95,True,,,,0,,,0.0,50.0
mc_dropout,robust,3,0.08,0.25,0.05,mutual_information,clean,adv_error,False,,,0.0,50,0.5861138215097011,0.4889942933081911,,
mc_dropout,robust,3,0.08,0.25,0.05,mutual_information,clean,cert_fail_tau0.5,False,,,0.0,48,,,48.0,2.0
mc_dropout,robust,3,0.08,0.25,0.05,mutual_information,clean,cert_fail_tau0.9,False,1.0,1.0,0.043478260869565216,46,,,46.0,4.0
mc_dropout,robust,3,0.08,0.25,0.05,mutual_information,clean,cert_fail_tau0.95,False,,1.0,1.0,2,,,2.0,48.0
mc_dropout,robust,3,0.08,0.25,0.05,mutual_information,adv,adv_error,False,,,0.0,50,0.6124946784465369,0.50149988849196,,
mc_dropout,robust,3,0.08,0.25,0.05,mutual_information,adv,cert_fail_tau0.5,False,,,0.0,48,,,48.0,2.0
mc_dropout,robust,3,0.08,0.25,0.05,mutual_information,adv,cert_fail_tau0.9,False,1.0,1.0,0.043478260869565216,46,,,46.0,4.0
mc_dropout,robust,3,0.08,0.25,0.05,mutual_information,adv,cert_fail_tau0.95,False,,1.0,1.0,2,,,2.0,48.0
mc_dropout,robust,3,0.08,0.25,0.05,mutual_information,delta,adv_error,False,,,0.0,50,0.6248248615800582,0.5091563753391656,,
mc_dropout,robust,3,0.08,0.25,0.05,mutual_information,delta,cert_fail_tau0.5,False,,,0.0,48,,,48.0,2.0
mc_dropout,robust,3,0.08,0.25,0.05,mutual_information,delta,cert_fail_tau0.9,False,1.0,1.0,0.043478260869565216,46,,,46.0,4.0
mc_dropout,robust,3,0.08,0.25,0.05,mutual_information,delta,cert_fail_tau0.95,False,,1.0,1.0,2,,,2.0,48.0
mc_dropout,robust,3,0.08,0.25,0.05,one_minus_confidence,clean,adv_error,False,,,0.0,50,0.5695644677159114,0.48421494485071087,,
mc_dropout,robust,3,0.08,0.25,0.05,one_minus_confidence,clean,cert_fail_tau0.5,False,,,0.0,48,,,48.0,2.0
mc_dropout,robust,3,0.08,0.25,0.05,one_minus_confidence,clean,cert_fail_tau0.9,False,1.0,1.0,0.043478260869565216,46,,,46.0,4.0
mc_dropout,robust,3,0.08,0.25,0.05,one_minus_confidence,clean,cert_fail_tau0.95,False,,1.0,1.0,2,,,2.0,48.0
mc_dropout,robust,3,0.08,0.25,0.05,one_minus_confidence,adv,adv_error,False,,,0.0,50,0.5917771032977719,0.5004790235789993,,
mc_dropout,robust,3,0.08,0.25,0.05,one_minus_confidence,adv,cert_fail_tau0.5,False,,,0.0,48,,,48.0,2.0
mc_dropout,robust,3,0.08,0.25,0.05,one_minus_confidence,adv,cert_fail_tau0.9,False,1.0,1.0,0.043478260869565216,46,,,46.0,4.0
mc_dropout,robust,3,0.08,0.25,0.05,one_minus_confidence,adv,cert_fail_tau0.95,False,,1.0,1.0,2,,,2.0,48.0
mc_dropout,robust,3,0.08,0.25,0.05,one_minus_confidence,delta,adv_error,False,,,0.0,50,0.5968668881959114,0.5037968345461217,,
mc_dropout,robust,3,0.08,0.25,0.05,one_minus_confidence,delta,cert_fail_tau0.5,False,,,0.0,48,,,48.0,2.0
mc_dropout,robust,3,0.08,0.25,0.05,one_minus_confidence,delta,cert_fail_tau0.9,False,1.0,1.0,0.043478260869565216,46,,,46.0,4.0
mc_dropout,robust,3,0.08,0.25,0.05,one_minus_confidence,delta,cert_fail_tau0.95,False,,1.0,1.0,2,,,2.0,48.0
mc_dropout,robust,3,0.08,0.25,0.07,mutual_information,clean,adv_error,False,1.0,1.0,0.02,50,0.6062206786127734,0.5393451118326505,,
mc_dropout,robust,3,0.08,0.25,0.07,mutual_information,clean,cert_fail_tau0.5,False,,,0.0,46,,,46.0,4.0
mc_dropout,robust,3,0.08,0.25,0.07,mutual_information,clean,cert_fail_tau0.9,False,1.0,1.0,0.0975609756097561,41,,,41.0,9.0
mc_dropout,robust,3,0.08,0.25,0.07,mutual_information,clean,cert_fail_tau0.95,False,,1.0,1.0,4,,,4.0,46.0
mc_dropout,robust,3,0.08,0.25,0.07,mutual_information,adv,adv_error,False,1.0,1.0,0.02,50,0.7503644956256095,0.6763613391253721,,
mc_dropout,robust,3,0.08,0.25,0.07,mutual_information,adv,cert_fail_tau0.5,False,,,0.0,46,,,46.0,4.0
mc_dropout,robust,3,0.08,0.25,0.07,mutual_information,adv,cert_fail_tau0.9,False,1.0,1.0,0.0975609756097561,41,,,41.0,9.0
mc_dropout,robust,3,0.08,0.25,0.07,mutual_information,adv,cert_fail_tau0.95,False,,1.0,1.0,4,,,4.0,46.0
mc_dropout,robust,3,0.08,0.25,0.07,mutual_information,delta,adv_error,False,1.0,1.0,0.02,50,0.7666974388028498,0.684183510267025,,
mc_dropout,robust,3,0.08,0.25,0.07,mutual_information,delta,cert_fail_tau0.5,False,,,0.0,46,,,46.0,4.0
mc_dropout,robust,3,0.08,0.25,0.07,mutual_information,delta,cert_fail_tau0.9,False,1.0,1.0,0.0975609756097561,41,,,41.0,9.0
mc_dropout,robust,3,0.08,0.25,0.07,mutual_information,delta,cert_fail_tau0.95,False,,1.0,1.0,4,,,4.0,46.0
mc_dropout,robust,3,0.08,0.25,0.07,one_minus_confidence,clean,adv_error,False,1.0,1.0,0.02,50,0.5874553057861467,0.5285215081969444,,
mc_dropout,robust,3,0.08,0.25,0.07,one_minus_confidence,clean,cert_fail_tau0.5,False,,,0.0,46,,,46.0,4.0
mc_dropout,robust,3,0.08,0.25,0.07,one_minus_confidence,clean,cert_fail_tau0.9,False,0.9797297297297297,0.8541666666666666,0.0975609756097561,41,,,41.0,9.0
mc_dropout,robust,3,0.08,0.25,0.07,one_minus_confidence,clean,cert_fail_tau0.95,False,,1.0,1.0,4,,,4.0,46.0
mc_dropout,robust,3,0.08,0.25,0.07,one_minus_confidence,adv,adv_error,False,1.0,1.0,0.02,50,0.7225649313821559,0.6796953792841094,,
mc_dropout,robust,3,0.08,0.25,0.07,one_minus_confidence,adv,cert_fail_tau0.5,False,,,0.0,46,,,46.0,4.0
mc_dropout,robust,3,0.08,0.25,0.07,one_minus_confidence,adv,cert_fail_tau0.9,False,1.0,1.0,0.0975609756097561,41,,,41.0,9.0
mc_dropout,robust,3,0.08,0.25,0.07,one_minus_confidence,adv,cert_fail_tau0.95,False,,1.0,1.0,4,,,4.0,46.0
mc_dropout,robust,3,0.08,0.25,0.07,one_minus_confidence,delta,adv_error,False,1.0,1.0,0.02,50,0.7272075145455495,0.6878381312102562,,
mc_dropout,robust,3,0.08,0.25,0.07,one_minus_confidence,delta,cert_fail_tau0.5,False,,,0.0,46,,,46.0,4.0
mc_dropout,robust,3,0.08,0.25,0.07,one_minus_confidence,delta,cert_fail_tau0.9,False,1.0,1.0,0.0975609756097561,41,,,41.0,9.0
mc_dropout,robust,3,0.08,0.25,0.07,one_minus_confidence,delta,cert_fail_tau0.95,False,,1.0,1.0,4,,,4.0,46.0
mc_dropout,robust,3,0.08,0.25,0.08,mutual_information,clean,adv_error,False,0.9895833333333334,0.8333333333333333,0.04,50,0.5593192157677319,0.6050866359860896,,
mc_dropout,robust,3,0.08,0.25,0.08,mutual_information,clean,cert_fail_tau0.5,False,1.0,1.0,0.023809523809523808,42,,,42.0,8.0
mc_dropout,robust,3,0.08,0.25,0.08,mutual_information,clean,cert_fail_tau0.9,False,1.0,1.0,0.10526315789473684,38,,,38.0,12.0
mc_dropout,robust,3,0.08,0.25,0.08,mutual_information,clean,cert_fail_tau0.95,False,,1.0,1.0,4,,,4.0,46.0
mc_dropout,robust,3,0.08,0.25,0.08,mutual_information,adv,adv_error,False,0.9895833333333334,0.8333333333333333,0.04,50,0.7886966979931065,0.7198964861647209,,
mc_dropout,robust,3,0.08,0.25,0.08,mutual_information,adv,cert_fail_tau0.5,False,1.0,1.0,0.023809523809523808,42,,,42.0,8.0
mc_dropout,robust,3,0.08,0.25,0.08,mutual_information,adv,cert_fail_tau0.9,False,0.9926470588235294,0.95,0.10526315789473684,38,,,38.0,12.0
mc_dropout,robust,3,0.08,0.25,0.08,mutual_information,adv,cert_fail_tau0.95,False,,1.0,1.0,4,,,4.0,46.0
mc_dropout,robust,3,0.08,0.25,0.08,mutual_information,delta,adv_error,False,0.96875,0.5,0.04,50,0.8069474432347472,0.731229402923425,,
mc_dropout,robust,3,0.08,0.25,0.08,mutual_information,delta,cert_fail_tau0.5,False,1.0,1.0,0.023809523809523808,42,,,42.0,8.0
mc_dropout,robust,3,0.08,0.25,0.08,mutual_information,delta,cert_fail_tau0.9,False,0.9926470588235294,0.95,0.10526315789473684,38,,,38.0,12.0
mc_dropout,robust,3,0.08,0.25,0.08,mutual_information,delta,cert_fail_tau0.95,False,,1.0,1.0,4,,,4.0,46.0
mc_dropout,robust,3,0.08,0.25,0.08,one_minus_confidence,clean,adv_error,False,1.0,1.0,0.04,50,0.5460404532357621,0.5889409243506373,,
mc_dropout,robust,3,0.08,0.25,0.08,one_minus_confidence,clean,cert_fail_tau0.5,False,1.0,1.0,0.023809523809523808,42,,,42.0,8.0
mc_dropout,robust,3,0.08,0.25,0.08,one_minus_confidence,clean,cert_fail_tau0.9,False,0.9779411764705882,0.8541666666666666,0.10526315789473684,38,,,38.0,12.0
mc_dropout,robust,3,0.08,0.25,0.08,one_minus_confidence,clean,cert_fail_tau0.95,False,,1.0,1.0,4,,,4.0,46.0
mc_dropout,robust,3,0.08,0.25,0.08,one_minus_confidence,adv,adv_error,False,0.9791666666666666,0.5833333333333333,0.04,50,0.7707104563056923,0.7121513772240989,,
mc_dropout,robust,3,0.08,0.25,0.08,one_minus_confidence,adv,cert_fail_tau0.5,False,1.0,1.0,0.023809523809523808,42,,,42.0,8.0
mc_dropout,robust,3,0.08,0.25,0.08,one_minus_confidence,adv,cert_fail_tau0.9,False,1.0,1.0,0.10526315789473684,38,,,38.0,12.0
mc_dropout,robust,3,0.08,0.25,0.08,one_minus_confidence,adv,cert_fail_tau0.95,False,,1.0,1.0,4,,,4.0,46.0
mc_dropout,robust,3,0.08,0.25,0.08,one_minus_confidence,delta,adv_error,False,0.9791666666666666,0.5833333333333333,0.04,50,0.7755773217034632,0.7172768169642164,,
mc_dropout,robust,3,0.08,0.25,0.08,one_minus_confidence,delta,cert_fail_tau0.5,False,1.0,1.0,0.023809523809523808,42,,,42.0,8.0
mc_dropout,robust,3,0.08,0.25,0.08,one_minus_confidence,delta,cert_fail_tau0.9,False,1.0,1.0,0.10526315789473684,38,,,38.0,12.0
mc_dropout,robust,3,0.08,0.25,0.08,one_minus_confidence,delta,cert_fail_tau0.95,False,,1.0,1.0,4,,,4.0,46.0
mc_dropout,robust,3,0.08,0.25,0.1,mutual_information,clean,adv_error,False,0.8598484848484849,0.5517973856209151,0.12,50,0.5034961612369787,0.519109481520079,,
mc_dropout,robust,3,0.08,0.25,0.1,mutual_information,clean,cert_fail_tau0.5,False,1.0,1.0,0.07692307692307693,39,,,39.0,11.0
mc_dropout,robust,3,0.08,0.25,0.1,mutual_information,clean,cert_fail_tau0.9,False,0.8227272727272728,0.7632204354784999,0.3125,32,,,32.0,18.0
mc_dropout,robust,3,0.08,0.25,0.1,mutual_information,clean,cert_fail_tau0.95,False,,1.0,1.0,10,,,10.0,40.0
mc_dropout,robust,3,0.08,0.25,0.1,mutual_information,adv,adv_error,False,0.7234848484848485,0.2891729797979798,0.12,50,0.7557537060255547,0.7158197350933941,,
mc_dropout,robust,3,0.08,0.25,0.1,mutual_information,adv,cert_fail_tau0.5,False,0.8240740740740741,0.712121212121212,0.07692307692307693,39,,,39.0,11.0
mc_dropout,robust,3,0.08,0.25,0.1,mutual_information,adv,cert_fail_tau0.9,False,0.9272727272727272,0.8827272727272727,0.3125,32,,,32.0,18.0
mc_dropout,robust,3,0.08,0.25,0.1,mutual_information,adv,cert_fail_tau0.95,False,,1.0,1.0,10,,,10.0,40.0
mc_dropout,robust,3,0.08,0.25,0.1,mutual_information,delta,adv_error,False,0.6401515151515151,0.22652508522073736,0.12,50,0.6995670861245793,0.6646823374238995,,
mc_dropout,robust,3,0.08,0.25,0.1,mutual_information,delta,cert_fail_tau0.5,False,0.6759259259259259,0.3619047619047619,0.07692307692307693,39,,,39.0,11.0
mc_dropout,robust,3,0.08,0.25,0.1,mutual_information,delta,cert_fail_tau0.9,False,0.8727272727272727,0.868655462184874,0.3125,32,,,32.0,18.0
mc_dropout,robust,3,0.08,0.25,0.1,mutual_information,delta,cert_fail_tau0.95,False,,1.0,1.0,10,,,10.0,40.0
mc_dropout,robust,3,0.08,0.25,0.1,one_minus_confidence,clean,adv_error,False,0.8712121212121212,0.5704230410112763,0.12,50,0.48010571708527533,0.4982330985709695,,
mc_dropout,robust,3,0.08,0.25,0.1,one_minus_confidence,clean,cert_fail_tau0.5,False,0.9814814814814815,0.8666666666666667,0.07692307692307693,39,,,39.0,11.0
mc_dropout,robust,3,0.08,0.25,0.1,one_minus_confidence,clean,cert_fail_tau0.9,False,0.8068181818181818,0.7016171328671329,0.3125,32,,,32.0,18.0
mc_dropout,robust,3,0.08,0.25,0.1,one_minus_confidence,clean,cert_fail_tau0.95,False,,1.0,1.0,10,,,10.0,40.0
mc_dropout,robust,3,0.08,0.25,0.1,one_minus_confidence,adv,adv_error,False,0.9545454545454546,0.6405122655122655,0.12,50,0.8461472059180565,0.840003141413629,,
mc_dropout,robust,3,0.08,0.25,0.1,one_minus_confidence,adv,cert_fail_tau0.5,False,1.0,1.0,0.07692307692307693,39,,,39.0,11.0
mc_dropout,robust,3,0.08,0.25,0.1,one_minus_confidence,adv,cert_fail_tau0.9,False,1.0,1.0,0.3125,32,,,32.0,18.0
mc_dropout,robust,3,0.08,0.25,0.1,one_minus_confidence,adv,cert_fail_tau0.95,False,,1.0,1.0,10,,,10.0,40.0
mc_dropout,robust,3,0.08,0.25,0.1,one_minus_confidence,delta,adv_error,False,0.9431818181818182,0.6015262515262514,0.12,50,0.8475542974354384,0.8380822442422876,,
mc_dropout,robust,3,0.08,0.25,0.1,one_minus_confidence,delta,cert_fail_tau0.5,False,1.0,1.0,0.07692307692307693,39,,,39.0,11.0
mc_dropout,robust,3,0.08,0.25,0.1,one_minus_confidence,delta,cert_fail_tau0.9,False,1.0,1.0,0.3125,32,,,32.0,18.0
mc_dropout,robust,3,0.08,0.25,0.1,one_minus_confidence,delta,cert_fail_tau0.95,False,,1.0,1.0,10,,,10.0,40.0
mc_dropout,robust,3,0.08,0.25,0.15,mutual_information,clean,adv_error,False,0.7241379310344828,0.680391457922275,0.42,50,,,,
mc_dropout,robust,3,0.08,0.25,0.15,mutual_information,clean,cert_fail_tau0.5,True,,,,0,,,0.0,50.0
mc_dropout,robust,3,0.08,0.25,0.15,mutual_information,clean,cert_fail_tau0.9,True,,,,0,,,0.0,50.0
mc_dropout,robust,3,0.08,0.25,0.15,mutual_information,clean,cert_fail_tau0.95,True,,,,0,,,0.0,50.0
mc_dropout,robust,3,0.08,0.25,0.15,mutual_information,adv,adv_error,False,0.38752052545155996,0.37487176950662227,0.42,50,,,,
mc_dropout,robust,3,0.08,0.25,0.15,mutual_information,adv,cert_fail_tau0.5,True,,,,0,,,0.0,50.0
mc_dropout,robust,3,0.08,0.25,0.15,mutual_information,adv,cert_fail_tau0.9,True,,,,0,,,0.0,50.0
mc_dropout,robust,3,0.08,0.25,0.15,mutual_information,adv,cert_fail_tau0.95,True,,,,0,,,0.0,50.0
mc_dropout,robust,3,0.08,0.25,0.15,mutual_information,delta,adv_error,False,0.36288998357963875,0.3775504567816274,0.42,50,,,,
mc_dropout,robust,3,0.08,0.25,0.15,mutual_information,delta,cert_fail_tau0.5,True,,,,0,,,0.0,50.0
mc_dropout,robust,3,0.08,0.25,0.15,mutual_information,delta,cert_fail_tau0.9,True,,,,0,,,0.0,50.0
mc_dropout,robust,3,0.08,0.25,0.15,mutual_information,delta,cert_fail_tau0.95,True,,,,0,,,0.0,50.0
mc_dropout,robust,3,0.08,0.25,0.15,one_minus_confidence,clean,adv_error,False,0.7151067323481116,0.6456525708943117,0.42,50,,,,
mc_dropout,robust,3,0.08,0.25,0.15,one_minus_confidence,clean,cert_fail_tau0.5,True,,,,0,,,0.0,50.0
mc_dropout,robust,3,0.08,0.25,0.15,one_minus_confidence,clean,cert_fail_tau0.9,True,,,,0,,,0.0,50.0
mc_dropout,robust,3,0.08,0.25,0.15,one_minus_confidence,clean,cert_fail_tau0.95,True,,,,0,,,0.0,50.0
mc_dropout,robust,3,0.08,0.25,0.15,one_minus_confidence,adv,adv_error,False,0.6912972085385879,0.6849199845241859,0.42,50,,,,
mc_dropout,robust,3,0.08,0.25,0.15,one_minus_confidence,adv,cert_fail_tau0.5,True,,,,0,,,0.0,50.0
mc_dropout,robust,3,0.08,0.25,0.15,one_minus_confidence,adv,cert_fail_tau0.9,True,,,,0,,,0.0,50.0
mc_dropout,robust,3,0.08,0.25,0.15,one_minus_confidence,adv,cert_fail_tau0.95,True,,,,0,,,0.0,50.0
mc_dropout,robust,3,0.08,0.25,0.15,one_minus_confidence,delta,adv_error,False,0.6896551724137931,0.6877213578622178,0.42,50,,,,
mc_dropout,robust,3,0.08,0.25,0.15,one_minus_confidence,delta,cert_fail_tau0.5,True,,,,0,,,0.0,50.0
mc_dropout,robust,3,0.08,0.25,0.15,one_minus_confidence,delta,cert_fail_tau0.9,True,,,,0,,,0.0,50.0
mc_dropout,robust,3,0.08,0.25,0.15,one_minus_confidence,delta,cert_fail_tau0.95,True,,,,0,,,0.0,50.0
mc_dropout,robust,4,0.08,0.25,0.01,mutual_information,clean,adv_error,False,,,0.0,50,0.4292658112660894,0.37082772235798817,,
mc_dropout,robust,4,0.08,0.25,0.01,mutual_information,clean,cert_fail_tau0.5,False,,,0.0,50,,,50.0,0.0
mc_dropout,robust,4,0.08,0.25,0.01,mutual_information,clean,cert_fail_tau0.9,False,,,0.0,47,,,47.0,3.0
mc_dropout,robust,4,0.08,0.25,0.01,mutual_information,clean,cert_fail_tau0.95,True,,,,0,,,0.0,50.0
mc_dropout,robust,4,0.08,0.25,0.01,mutual_information,adv,adv_error,False,,,0.0,50,0.46029215616026226,0.40558917604237954,,
mc_dropout,robust,4,0.08,0.25,0.01,mutual_information,adv,cert_fail_tau0.5,False,,,0.0,50,,,50.0,0.0
mc_dropout,robust,4,0.08,0.25,0.01,mutual_information,adv,cert_fail_tau0.9,False,,,0.0,47,,,47.0,3.0
mc_dropout,robust,4,0.08,0.25,0.01,mutual_information,adv,cert_fail_tau0.95,True,,,,0,,,0.0,50.0
mc_dropout,robust,4,0.08,0.25,0.01,mutual_information,delta,adv_error,False,,,0.0,50,0.46988582859464467,0.4109550380205071,,
mc_dropout,robust,4,0.08,0.25,0.01,mutual_information,delta,cert_fail_tau0.5,False,,,0.0,50,,,50.0,0.0
mc_dropout,robust,4,0.08,0.25,0.01,mutual_information,delta,cert_fail_tau0.9,False,,,0.0,47,,,47.0,3.0
mc_dropout,robust,4,0.08,0.25,0.01,mutual_information,delta,cert_fail_tau0.95,True,,,,0,,,0.0,50.0
mc_dropout,robust,4,0.08,0.25,0.01,one_minus_confidence,clean,adv_error,False,,,0.0,50,0.42495884901861347,0.3713656566419161,,
mc_dropout,robust,4,0.08,0.25,0.01,one_minus_confidence,clean,cert_fail_tau0.5,False,,,0.0,50,,,50.0,0.0
mc_dropout,robust,4,0.08,0.25,0.01,one_minus_confidence,clean,cert_fail_tau0.9,False,,,0.0,47,,,47.0,3.0
mc_dropout,robust,4,0.08,0.25,0.01,one_minus_confidence,clean,cert_fail_tau0.95,True,,,,0,,,0.0,50.0
mc_dropout,robust,4,0.08,0.25,0.01,one_minus_confidence,adv,adv_error,False,,,0.0,50,0.4453106694173604,0.3941764855424989,,
mc_dropout,robust,4,0.08,0.25,0.01,one_minus_confidence,adv,cert_fail_tau0.5,False,,,0.0,50,,,50.0,0.0
mc_dropout,robust,4,0.08,0.25,0.01,one_minus_confidence,adv,cert_fail_tau0.9,False,,,0.0,47,,,47.0,3.0
mc_dropout,robust,4,0.08,0.25,0.01,one_minus_confidence,adv,cert_fail_tau0.95,True,,,,0,,,0.0,50.0
mc_dropout,robust,4,0.08,0.25,0.01,one_minus_confidence,delta,adv_error,False,,,0.0,50,0.4655419458155433,0.41146115268905925,,
mc_dropout,robust,4,0.08,0.25,0.01,one_minus_confidence,delta,cert_fail_tau0.5,False,,,0.0,50,,,50.0,0.0
mc_dropout,robust,4,0.08,0.25,0.01,one_minus_confidence,delta,cert_fail_tau0.9,False,,,0.0,47,,,47.0,3.0
mc_dropout,robust,4,0.08,0.25,0.01,one_minus_confidence,delta,cert_fail_tau0.95,True,,,,0,,,0.0,50.0
mc_dropout,robust,4,0.08,0.25,0.03,mutual_information,clean,adv_error,False,,,0.0,50,,,,
mc_dropout,robust,4,0.08,0.25,0.03,mutual_information,clean,cert_fail_tau0.5,True,,,,0,,,0.0,50.0
mc_dropout,robust,4,0.08,0.25,0.03,mutual_information,clean,cert_fail_tau0.9,True,,,,0,,,0.0,50.0
mc_dropout,robust,4,0.08,0.25,0.03,mutual_information,clean,cert_fail_tau0.95,True,,,,0,,,0.0,50.0
mc_dropout,robust,4,0.08,0.25,0.03,mutual_information,adv,adv_error,False,,,0.0,50,,,,
mc_dropout,robust,4,0.08,0.25,0.03,mutual_information,adv,cert_fail_tau0.5,True,,,,0,,,0.0,50.0
mc_dropout,robust,4,0.08,0.25,0.03,mutual_information,adv,cert_fail_tau0.9,True,,,,0,,,0.0,50.0
mc_dropout,robust,4,0.08,0.25,0.03,mutual_information,adv,cert_fail_tau0.95,True,,,,0,,,0.0,50.0
mc_dropout,robust,4,0.08,0.25,0.03,mutual_information,delta,adv_error,False,,,0.0,50,,,,
mc_dropout,robust,4,0.08,0.25,0.03,mutual_information,delta,cert_fail_tau0.5,True,,,,0,,,0.0,50.0
mc_dropout,robust,4,0.08,0.25,0.03,mutual_information,delta,cert_fail_tau0.9,True,,,,0,,,0.0,50.0
mc_dropout,robust,4,0.08,0.25,0.03,mutual_information,delta,cert_fail_tau0.95,True,,,,0,,,0.0,50.0
mc_dropout,robust,4,0.08,0.25,0.03,one_minus_confidence,clean,adv_error,False,,,0.0,50,,,,
mc_dropout,robust,4,0.08,0.25,0.03,one_minus_confidence,clean,cert_fail_tau0.5,True,,,,0,,,0.0,50.0
mc_dropout,robust,4,0.08,0.25,0.03,one_minus_confidence,clean,cert_fail_tau0.9,True,,,,0,,,0.0,50.0
mc_dropout,robust,4,0.08,0.25,0.03,one_minus_confidence,clean,cert_fail_tau0.95,True,,,,0,,,0.0,50.0
mc_dropout,robust,4,0.08,0.25,0.03,one_minus_confidence,adv,adv_error,False,,,0.0,50,,,,
mc_dropout,robust,4,0.08,0.25,0.03,one_minus_confidence,adv,cert_fail_tau0.5,True,,,,0,,,0.0,50.0
mc_dropout,robust,4,0.08,0.25,0.03,one_minus_confidence,adv,cert_fail_tau0.9,True,,,,0,,,0.0,50.0
mc_dropout,robust,4,0.08,0.25,0.03,one_minus_confidence,adv,cert_fail_tau0.95,True,,,,0,,,0.0,50.0
mc_dropout,robust,4,0.08,0.25,0.03,one_minus_confidence,delta,adv_error,False,,,0.0,50,,,,
mc_dropout,robust,4,0.08,0.25,0.03,one_minus_confidence,delta,cert_fail_tau0.5,True,,,,0,,,0.0,50.0
mc_dropout,robust,4,0.08,0.25,0.03,one_minus_confidence,delta,cert_fail_tau0.9,True,,,,0,,,0.0,50.0
mc_dropout,robust,4,0.08,0.25,0.03,one_minus_confidence,delta,cert_fail_tau0.95,True,,,,0,,,0.0,50.0
mc_dropout,robust,4,0.08,0.25,0.05,mutual_information,clean,adv_error,False,0.9270833333333334,0.6111111111111112,0.04,50,0.45112699104214155,0.4168266385336971,,
mc_dropout,robust,4,0.08,0.25,0.05,mutual_information,clean,cert_fail_tau0.5,False,0.9456521739130435,0.6428571428571428,0.041666666666666664,48,,,48.0,2.0
mc_dropout,robust,4,0.08,0.25,0.05,mutual_information,clean,cert_fail_tau0.9,False,0.9611111111111111,0.6916666666666667,0.08163265306122448,49,,,49.0,1.0
mc_dropout,robust,4,0.08,0.25,0.05,mutual_information,clean,cert_fail_tau0.95,False,,1.0,1.0,4,,,4.0,46.0
mc_dropout,robust,4,0.08,0.25,0.05,mutual_information,adv,adv_error,False,0.96875,0.5,0.04,50,0.5758625646021807,0.48432119447728605,,
mc_dropout,robust,4,0.08,0.25,0.05,mutual_information,adv,cert_fail_tau0.5,False,1.0,1.0,0.041666666666666664,48,,,48.0,2.0
mc_dropout,robust,4,0.08,0.25,0.05,mutual_information,adv,cert_fail_tau0.9,False,1.0,1.0,0.08163265306122448,49,,,49.0,1.0
mc_dropout,robust,4,0.08,0.25,0.05,mutual_information,adv,cert_fail_tau0.95,False,,1.0,1.0,4,,,4.0,46.0
mc_dropout,robust,4,0.08,0.25,0.05,mutual_information,delta,adv_error,False,0.96875,0.5,0.04,50,0.5941427779687382,0.494588644614931,,
mc_dropout,robust,4,0.08,0.25,0.05,mutual_information,delta,cert_fail_tau0.5,False,1.0,1.0,0.041666666666666664,48,,,48.0,2.0
mc_dropout,robust,4,0.08,0.25,0.05,mutual_information,delta,cert_fail_tau0.9,False,1.0,1.0,0.08163265306122448,49,,,49.0,1.0
mc_dropout,robust,4,0.08,0.25,0.05,mutual_information,delta,cert_fail_tau0.95,False,,1.0,1.0,4,,,4.0,46.0
mc_dropout,robust,4,0.08,0.25,0.05,one_minus_confidence,clean,adv_error,False,0.9479166666666666,0.6428571428571428,0.04,50,0.4498872006924248,0.40818965611891384,,
mc_dropout,robust,4,0.08,0.25,0.05,one_minus_confidence,clean,cert_fail_tau0.5,False,0.967391304347826,0.7,0.041666666666666664,48,,,48.0,2.0
mc_dropout,robust,4,0.08,0.25,0.05,one_minus_confidence,clean,cert_fail_tau0.9,False,0.95,0.6178571428571429,0.08163265306122448,49,,,49.0,1.0
mc_dropout,robust,4,0.08,0.25,0.05,one_minus_confidence,clean,cert_fail_tau0.95,False,,1.0,1.0,4,,,4.0,46.0
mc_dropout,robust,4,0.08,0.25,0.05,one_minus_confidence,adv,adv_error,False,0.9791666666666666,0.5833333333333333,0.04,50,0.5621703263550729,0.4732578179723817,,
mc_dropout,robust,4,0.08,0.25,0.05,one_minus_confidence,adv,cert_fail_tau0.5,False,1.0,1.0,0.041666666666666664,48,,,48.0,2.0
mc_dropout,robust,4,0.08,0.25,0.05,one_minus_confidence,adv,cert_fail_tau0.9,False,1.0,1.0,0.08163265306122448,49,,,49.0,1.0
mc_dropout,robust,4,0.08,0.25,0.05,one_minus_confidence,adv,cert_fail_tau0.95,False,,1.0,1.0,4,,,4.0,46.0
mc_dropout,robust,4,0.08,0.25,0.05,one_minus_confidence,delta,adv_error,False,0.9791666666666666,0.5833333333333333,0.04,50,0.5656113076946602,0.4732578179723817,,
mc_dropout,robust,4,0.08,0.25,0.05,one_minus_confidence,delta,cert_fail_tau0.5,False,1.0,1.0,0.041666666666666664,48,,,48.0,2.0
mc_dropout,robust,4,0.08,0.25,0.05,one_minus_confidence,delta,cert_fail_tau0.9,False,1.0,1.0,0.08163265306122448,49,,,49.0,1.0
mc_dropout,robust,4,0.08,0.25,0.05,one_minus_confidence,delta,cert_fail_tau0.95,False,,1.0,1.0,4,,,4.0,46.0
mc_dropout,robust,4,0.08,0.25,0.07,mutual_information,clean,adv_error,False,0.950354609929078,0.6666666666666667,0.06,50,0.5324698991554639,0.42855999133709677,,
mc_dropout,robust,4,0.08,0.25,0.07,mutual_information,clean,cert_fail_tau0.5,False,0.9612403100775194,0.6984126984126985,0.06521739130434782,46,,,46.0,4.0
mc_dropout,robust,4,0.08,0.25,0.07,mutual_information,clean,cert_fail_tau0.9,False,0.967948717948718,0.7470238095238095,0.09302325581395349,43,,,43.0,7.0
mc_dropout,robust,4,0.08,0.25,0.07,mutual_information,clean,cert_fail_tau0.95,False,,1.0,1.0,4,,,4.0,46.0
mc_dropout,robust,4,0.08,0.25,0.07,mutual_information,adv,adv_error,False,0.9716312056737588,0.7,0.06,50,0.6557076192226015,0.6239036152954013,,
mc_dropout,robust,4,0.08,0.25,0.07,mutual_information,adv,cert_fail_tau0.5,False,1.0,1.0,0.06521739130434782,46,,,46.0,4.0
mc_dropout,robust,4,0.08,0.25,0.07,mutual_information,adv,cert_fail_tau0.9,False,1.0,1.0,0.09302325581395349,43,,,43.0,7.0
mc_dropout,robust,4,0.08,0.25,0.07,mutual_information,adv,cert_fail_tau0.95,False,,1.0,1.0,4,,,4.0,46.0
mc_dropout,robust,4,0.08,0.25,0.07,mutual_information,delta,adv_error,False,0.9361702127659575,0.6,0.06,50,0.6583145709932523,0.6287150346047192,,
mc_dropout,robust,4,0.08,0.25,0.07,mutual_information,delta,cert_fail_tau0.5,False,0.9767441860465116,0.8333333333333333,0.06521739130434782,46,,,46.0,4.0
mc_dropout,robust,4,0.08,0.25,0.07,mutual_information,delta,cert_fail_tau0.9,False,0.9935897435897436,0.95,0.09302325581395349,43,,,43.0,7.0
mc_dropout,robust,4,0.08,0.25,0.07,mutual_information,delta,cert_fail_tau0.95,False,,1.0,1.0,4,,,4.0,46.0
mc_dropout,robust,4,0.08,0.25,0.07,one_minus_confidence,clean,adv_error,False,0.950354609929078,0.6095238095238096,0.06,50,0.533461108075115,0.4246893348644315,,
mc_dropout,robust,4,0.08,0.25,0.07,one_minus_confidence,clean,cert_fail_tau0.5,False,0.9534883720930233,0.6333333333333333,0.06521739130434782,46,,,46.0,4.0
mc_dropout,robust,4,0.08,0.25,0.07,one_minus_confidence,clean,cert_fail_tau0.9,False,0.9615384615384616,0.6916666666666667,0.09302325581395349,43,,,43.0,7.0
mc_dropout,robust,4,0.08,0.25,0.07,one_minus_confidence,clean,cert_fail_tau0.95,False,,1.0,1.0,4,,,4.0,46.0
mc_dropout,robust,4,0.08,0.25,0.07,one_minus_confidence,adv,adv_error,False,0.9219858156028369,0.5396825396825397,0.06,50,0.6571295929156837,0.5970971362863448,,
mc_dropout,robust,4,0.08,0.25,0.07,one_minus_confidence,adv,cert_fail_tau0.5,False,0.9767441860465116,0.7555555555555555,0.06521739130434782,46,,,46.0,4.0
mc_dropout,robust,4,0.08,0.25,0.07,one_minus_confidence,adv,cert_fail_tau0.9,False,0.9935897435897436,0.95,0.09302325581395349,43,,,43.0,7.0
mc_dropout,robust,4,0.08,0.25,0.07,one_minus_confidence,adv,cert_fail_tau0.95,False,,1.0,1.0,4,,,4.0,46.0
mc_dropout,robust,4,0.08,0.25,0.07,one_minus_confidence,delta,adv_error,False,0.9290780141843972,0.5535714285714286,0.06,50,0.6622249986492289,0.6140058384305188,,
mc_dropout,robust,4,0.08,0.25,0.07,one_minus_confidence,delta,cert_fail_tau0.5,False,0.9844961240310077,0.8055555555555556,0.06521739130434782,46,,,46.0,4.0
mc_dropout,robust,4,0.08,0.25,0.07,one_minus_confidence,delta,cert_fail_tau0.9,False,1.0,1.0,0.09302325581395349,43,,,43.0,7.0
mc_dropout,robust,4,0.08,0.25,0.07,one_minus_confidence,delta,cert_fail_tau0.95,False,,1.0,1.0,4,,,4.0,46.0
mc_dropout,robust,4,0.08,0.25,0.08,mutual_information,clean,adv_error,False,0.9565217391304348,0.6777777777777778,0.08,50,0.440828694050375,0.46232657159810014,,
mc_dropout,robust,4,0.08,0.25,0.08,mutual_information,clean,cert_fail_tau0.5,False,0.9593023255813954,0.6916666666666667,0.0851063829787234,47,,,47.0,3.0
mc_dropout,robust,4,0.08,0.25,0.08,mutual_information,clean,cert_fail_tau0.9,False,0.9243697478991597,0.723109243697479,0.17073170731707318,41,,,41.0,9.0
mc_dropout,robust,4,0.08,0.25,0.08,mutual_information,clean,cert_fail_tau0.95,False,,1.0,1.0,7,,,7.0,43.0
mc_dropout,robust,4,0.08,0.25,0.08,mutual_information,adv,adv_error,False,0.9347826086956522,0.6104166666666666,0.08,50,0.7266966194681418,0.5992552400581032,,
mc_dropout,robust,4,0.08,0.25,0.08,mutual_information,adv,cert_fail_tau0.5,False,0.9593023255813954,0.75,0.0851063829787234,47,,,47.0,3.0
mc_dropout,robust,4,0.08,0.25,0.08,mutual_information,adv,cert_fail_tau0.9,False,0.9789915966386554,0.9404761904761905,0.17073170731707318,41,,,41.0,9.0
mc_dropout,robust,4,0.08,0.25,0.08,mutual_information,adv,cert_fail_tau0.95,False,,1.0,1.0,7,,,7.0,43.0
mc_dropout,robust,4,0.08,0.25,0.08,mutual_information,delta,adv_error,False,0.7989130434782609,0.4708333333333333,0.08,50,0.7011011094253428,0.5282266985535697,,
mc_dropout,robust,4,0.08,0.25,0.08,mutual_information,delta,cert_fail_tau0.5,False,0.8197674418604651,0.5287037037037037,0.0851063829787234,47,,,47.0,3.0
mc_dropout,robust,4,0.08,0.25,0.08,mutual_information,delta,cert_fail_tau0.9,False,0.9033613445378151,0.781962481962482,0.17073170731707318,41,,,41.0,9.0
mc_dropout,robust,4,0.08,0.25,0.08,mutual_information,delta,cert_fail_tau0.95,False,,1.0,1.0,7,,,7.0,43.0
mc_dropout,robust,4,0.08,0.25,0.08,one_minus_confidence,clean,adv_error,False,0.9510869565217391,0.6178571428571429,0.08,50,0.4537393085550219,0.460620109455302,,
mc_dropout,robust,4,0.08,0.25,0.08,one_minus_confidence,clean,cert_fail_tau0.5,False,0.9476744186046512,0.6178571428571429,0.0851063829787234,47,,,47.0,3.0
mc_dropout,robust,4,0.08,0.25,0.08,one_minus_confidence,clean,cert_fail_tau0.9,False,0.9327731092436975,0.7445378151260504,0.17073170731707318,41,,,41.0,9.0
mc_dropout,robust,4,0.08,0.25,0.08,one_minus_confidence,clean,cert_fail_tau0.95,False,,1.0,1.0,7,,,7.0,43.0
mc_dropout,robust,4,0.08,0.25,0.08,one_minus_confidence,adv,adv_error,False,0.875,0.3963815789473684,0.08,50,0.7233558400448847,0.5884855695050691,,
mc_dropout,robust,4,0.08,0.25,0.08,one_minus_confidence,adv,cert_fail_tau0.5,False,0.9186046511627907,0.7125,0.0851063829787234,47,,,47.0,3.0
mc_dropout,robust,4,0.08,0.25,0.08,one_minus_confidence,adv,cert_fail_tau0.9,False,0.9789915966386554,0.9404761904761905,0.17073170731707318,41,,,41.0,9.0
mc_dropout,robust,4,0.08,0.25,0.08,one_minus_confidence,adv,cert_fail_tau0.95,False,,1.0,1.0,7,,,7.0,43.0
mc_dropout,robust,4,0.08,0.25,0.08,one_minus_confidence,delta,adv_error,False,0.842391304347826,0.3208333333333333,0.08,50,0.719860870802093,0.5749593761319135,,
mc_dropout,robust,4,0.08,0.25,0.08,one_minus_confidence,delta,cert_fail_tau0.5,False,0.8895348837209303,0.6421568627450981,0.0851063829787234,47,,,47.0,3.0
mc_dropout,robust,4,0.08,0.25,0.08,one_minus_confidence,delta,cert_fail_tau0.9,False,0.9663865546218487,0.8983516483516484,0.17073170731707318,41,,,41.0,9.0
mc_dropout,robust,4,0.08,0.25,0.08,one_minus_confidence,delta,cert_fail_tau0.95,False,,1.0,1.0,7,,,7.0,43.0
mc_dropout,robust,4,0.08,0.25,0.1,mutual_information,clean,adv_error,False,0.8690476190476191,0.564339133089133,0.16,50,0.4346092707253505,0.34073691155565583,,
mc_dropout,robust,4,0.08,0.25,0.1,mutual_information,clean,cert_fail_tau0.5,False,0.926530612244898,0.723109243697479,0.16666666666666666,42,,,42.0,8.0
mc_dropout,robust,4,0.08,0.25,0.1,mutual_information,clean,cert_fail_tau0.9,False,0.8625,0.7104166666666666,0.2857142857142857,28,,,28.0,22.0
mc_dropout,robust,4,0.08,0.25,0.1,mutual_information,clean,cert_fail_tau0.95,False,,1.0,1.0,8,,,8.0,42.0
mc_dropout,robust,4,0.08,0.25,0.1,mutual_information,adv,adv_error,False,0.6696428571428571,0.26318130180765004,0.16,50,0.5878636683129713,0.47953997398933884,,
mc_dropout,robust,4,0.08,0.25,0.1,mutual_information,adv,cert_fail_tau0.5,False,0.7020408163265306,0.3228897913680522,0.16666666666666666,42,,,42.0,8.0
mc_dropout,robust,4,0.08,0.25,0.1,mutual_information,adv,cert_fail_tau0.9,False,0.83125,0.7336805555555556,0.2857142857142857,28,,,28.0,22.0
mc_dropout,robust,4,0.08,0.25,0.1,mutual_information,adv,cert_fail_tau0.95,False,,1.0,1.0,8,,,8.0,42.0
mc_dropout,robust,4,0.08,0.25,0.1,mutual_information,delta,adv_error,False,0.5714285714285714,0.22476537645811237,0.16,50,0.4828776076081436,0.395665458565249,,
mc_dropout,robust,4,0.08,0.25,0.1,mutual_information,delta,cert_fail_tau0.5,False,0.5673469387755102,0.2494902440554614,0.16666666666666666,42,,,42.0,8.0
mc_dropout,robust,4,0.08,0.25,0.1,mutual_information,delta,cert_fail_tau0.9,False,0.69375,0.5976190476190476,0.2857142857142857,28,,,28.0,22.0
mc_dropout,robust,4,0.08,0.25,0.1,mutual_information,delta,cert_fail_tau0.95,False,,1.0,1.0,8,,,8.0,42.0
mc_dropout,robust,4,0.08,0.25,0.1,one_minus_confidence,clean,adv_error,False,0.8720238095238095,0.5466044372294372,0.16,50,0.4465678997520386,0.35575449360044814,,
mc_dropout,robust,4,0.08,0.25,0.1,one_minus_confidence,clean,cert_fail_tau0.5,False,0.9346938775510204,0.7445378151260504,0.16666666666666666,42,,,42.0,8.0
mc_dropout,robust,4,0.08,0.25,0.1,one_minus_confidence,clean,cert_fail_tau0.9,False,0.875,0.7291666666666666,0.2857142857142857,28,,,28.0,22.0
mc_dropout,robust,4,0.08,0.25,0.1,one_minus_confidence,clean,cert_fail_tau0.95,False,,1.0,1.0,8,,,8.0,42.0
mc_dropout,robust,4,0.08,0.25,0.1,one_minus_confidence,adv,adv_error,False,0.8005952380952381,0.525595238095238,0.16,50,0.7192176434316386,0.5851107363054645,,
mc_dropout,robust,4,0.08,0.25,0.1,one_minus_confidence,adv,cert_fail_tau0.5,False,0.8612244897959184,0.7475765306122448,0.16666666666666666,42,,,42.0,8.0
mc_dropout,robust,4,0.08,0.25,0.1,one_minus_confidence,adv,cert_fail_tau0.9,False,0.90625,0.8722744360902255,0.2857142857142857,28,,,28.0,22.0
mc_dropout,robust,4,0.08,0.25,0.1,one_minus_confidence,adv,cert_fail_tau0.95,False,,1.0,1.0,8,,,8.0,42.0
mc_dropout,robust,4,0.08,0.25,0.1,one_minus_confidence,delta,adv_error,False,0.7351190476190477,0.546741452991453,0.16,50,0.6615287257085418,0.5171115234853034,,
mc_dropout,robust,4,0.08,0.25,0.1,one_minus_confidence,delta,cert_fail_tau0.5,False,0.7673469387755102,0.7165815585170424,0.16666666666666666,42,,,42.0,8.0
mc_dropout,robust,4,0.08,0.25,0.1,one_minus_confidence,delta,cert_fail_tau0.9,False,0.83125,0.8402777777777778,0.2857142857142857,28,,,28.0,22.0
mc_dropout,robust,4,0.08,0.25,0.1,one_minus_confidence,delta,cert_fail_tau0.95,False,,1.0,1.0,8,,,8.0,42.0
mc_dropout,robust,4,0.08,0.25,0.15,mutual_information,clean,adv_error,False,0.6553480475382003,0.5823074980947994,0.38,50,,,,
mc_dropout,robust,4,0.08,0.25,0.15,mutual_information,clean,cert_fail_tau0.5,True,,,,0,,,0.0,50.0
mc_dropout,robust,4,0.08,0.25,0.15,mutual_information,clean,cert_fail_tau0.9,True,,,,0,,,0.0,50.0
mc_dropout,robust,4,0.08,0.25,0.15,mutual_information,clean,cert_fail_tau0.95,True,,,,0,,,0.0,50.0
mc_dropout,robust,4,0.08,0.25,0.15,mutual_information,adv,adv_error,False,0.37860780984719866,0.37256268498070844,0.38,50,,,,
mc_dropout,robust,4,0.08,0.25,0.15,mutual_information,adv,cert_fail_tau0.5,True,,,,0,,,0.0,50.0
mc_dropout,robust,4,0.08,0.25,0.15,mutual_information,adv,cert_fail_tau0.9,True,,,,0,,,0.0,50.0
mc_dropout,robust,4,0.08,0.25,0.15,mutual_information,adv,cert_fail_tau0.95,True,,,,0,,,0.0,50.0
mc_dropout,robust,4,0.08,0.25,0.15,mutual_information,delta,adv_error,False,0.366723259762309,0.36680879936663113,0.38,50,,,,
mc_dropout,robust,4,0.08,0.25,0.15,mutual_information,delta,cert_fail_tau0.5,True,,,,0,,,0.0,50.0
mc_dropout,robust,4,0.08,0.25,0.15,mutual_information,delta,cert_fail_tau0.9,True,,,,0,,,0.0,50.0
mc_dropout,robust,4,0.08,0.25,0.15,mutual_information,delta,cert_fail_tau0.95,True,,,,0,,,0.0,50.0
mc_dropout,robust,4,0.08,0.25,0.15,one_minus_confidence,clean,adv_error,False,0.6740237691001698,0.610328933221944,0.38,50,,,,
mc_dropout,robust,4,0.08,0.25,0.15,one_minus_confidence,clean,cert_fail_tau0.5,True,,,,0,,,0.0,50.0
mc_dropout,robust,4,0.08,0.25,0.15,one_minus_confidence,clean,cert_fail_tau0.9,True,,,,0,,,0.0,50.0
mc_dropout,robust,4,0.08,0.25,0.15,one_minus_confidence,clean,cert_fail_tau0.95,True,,,,0,,,0.0,50.0
mc_dropout,robust,4,0.08,0.25,0.15,one_minus_confidence,adv,adv_error,False,0.6230899830220713,0.6207698266834322,0.38,50,,,,
mc_dropout,robust,4,0.08,0.25,0.15,one_minus_confidence,adv,cert_fail_tau0.5,True,,,,0,,,0.0,50.0
mc_dropout,robust,4,0.08,0.25,0.15,one_minus_confidence,adv,cert_fail_tau0.9,True,,,,0,,,0.0,50.0
mc_dropout,robust,4,0.08,0.25,0.15,one_minus_confidence,adv,cert_fail_tau0.95,True,,,,0,,,0.0,50.0
mc_dropout,robust,4,0.08,0.25,0.15,one_minus_confidence,delta,adv_error,False,0.6179966044142614,0.6204700345784032,0.38,50,,,,
mc_dropout,robust,4,0.08,0.25,0.15,one_minus_confidence,delta,cert_fail_tau0.5,True,,,,0,,,0.0,50.0
mc_dropout,robust,4,0.08,0.25,0.15,one_minus_confidence,delta,cert_fail_tau0.9,True,,,,0,,,0.0,50.0
mc_dropout,robust,4,0.08,0.25,0.15,one_minus_confidence,delta,cert_fail_tau0.95,True,,,,0,,,0.0,50.0
mc_dropout,standard,0,,,0.01,mutual_information,clean,adv_error,False,,,0.0,50,0.7039632310191435,0.4652415154934597,,
mc_dropout,standard,0,,,0.01,mutual_information,clean,cert_fail_tau0.5,False,,,0.0,50,,,50.0,0.0
mc_dropout,standard,0,,,0.01,mutual_information,clean,cert_fail_tau0.9,False,,,0.0,43,,,43.0,7.0
mc_dropout,standard,0,,,0.01,mutual_information,clean,cert_fail_tau0.95,True,,,1.0,1,,,1.0,49.0
mc_dropout,standard,0,,,0.01,mutual_information,adv,adv_error,False,,,0.0,50,0.709593876980998,0.4606483017599789,,
mc_dropout,standard,0,,,0.01,mutual_information,adv,cert_fail_tau0.5,False,,,0.0,50,,,50.0,0.0
mc_dropout,standard,0,,,0.01,mutual_information,adv,cert_fail_tau0.9,False,,,0.0,43,,,43.0,7.0
mc_dropout,standard,0,,,0.01,mutual_information,adv,cert_fail_tau0.95,True,,,1.0,1,,,1.0,49.0
mc_dropout,standard,0,,,0.01,mutual_information,delta,adv_error,False,,,0.0,50,0.7086664764696338,0.45084944579521974,,
mc_dropout,standard,0,,,0.01,mutual_information,delta,cert_fail_tau0.5,False,,,0.0,50,,,50.0,0.0
mc_dropout,standard,0,,,0.01,mutual_information,delta,cert_fail_tau0.9,False,,,0.0,43,,,43.0,7.0
mc_dropout,standard,0,,,0.01,mutual_information,delta,cert_fail_tau0.95,True,,,1.0,1,,,1.0,49.0
mc_dropout,standard,0,,,0.01,one_minus_confidence,clean,adv_error,False,,,0.0,50,0.7076083081214574,0.46528620298904766,,
mc_dropout,standard,0,,,0.01,one_minus_confidence,clean,cert_fail_tau0.5,False,,,0.0,50,,,50.0,0.0
mc_dropout,standard,0,,,0.01,one_minus_confidence,clean,cert_fail_tau0.9,False,,,0.0,43,,,43.0,7.0
mc_dropout,standard,0,,,0.01,one_minus_confidence,clean,cert_fail_tau0.95,True,,,1.0,1,,,1.0,49.0
mc_dropout,standard,0,,,0.01,one_minus_confidence,adv,adv_error,False,,,0.0,50,0.7025058873584283,0.4606483017599789,,
mc_dropout,standard,0,,,0.01,one_minus_confidence,adv,cert_fail_tau0.5,False,,,0.0,50,,,50.0,0.0
mc_dropout,standard,0,,,0.01,one_minus_confidence,adv,cert_fail_tau0.9,False,,,0.0,43,,,43.0,7.0
mc_dropout,standard,0,,,0.01,one_minus_confidence,adv,cert_fail_tau0.95,True,,,1.0,1,,,1.0,49.0
mc_dropout,standard,0,,,0.01,one_minus_confidence,delta,adv_error,False,,,0.0,50,0.7084847584312167,0.46065936214154907,,
mc_dropout,standard,0,,,0.01,one_minus_confidence,delta,cert_fail_tau0.5,False,,,0.0,50,,,50.0,0.0
mc_dropout,standard,0,,,0.01,one_minus_confidence,delta,cert_fail_tau0.9,False,,,0.0,43,,,43.0,7.0
mc_dropout,standard,0,,,0.01,one_minus_confidence,delta,cert_fail_tau0.95,True,,,1.0,1,,,1.0,49.0
mc_dropout,standard,0,,,0.03,mutual_information,clean,adv_error,False,0.950354609929078,0.5138888888888888,0.06,50,,,,
mc_dropout,standard,0,,,0.03,mutual_information,clean,cert_fail_tau0.5,True,,,,0,,,0.0,50.0
mc_dropout,standard,0,,,0.03,mutual_information,clean,cert_fail_tau0.9,True,,,,0,,,0.0,50.0
mc_dropout,standard,0,,,0.03,mutual_information,clean,cert_fail_tau0.95,True,,,,0,,,0.0,50.0
mc_dropout,standard,0,,,0.03,mutual_information,adv,adv_error,False,0.8297872340425532,0.19155844155844157,0.06,50,,,,
mc_dropout,standard,0,,,0.03,mutual_information,adv,cert_fail_tau0.5,True,,,,0,,,0.0,50.0
mc_dropout,standard,0,,,0.03,mutual_information,adv,cert_fail_tau0.9,True,,,,0,,,0.0,50.0
mc_dropout,standard,0,,,0.03,mutual_information,adv,cert_fail_tau0.95,True,,,,0,,,0.0,50.0
mc_dropout,standard,0,,,0.03,mutual_information,delta,adv_error,False,0.8368794326241135,0.19914529914529916,0.06,50,,,,
mc_dropout,standard,0,,,0.03,mutual_information,delta,cert_fail_tau0.5,True,,,,0,,,0.0,50.0
mc_dropout,standard,0,,,0.03,mutual_information,delta,cert_fail_tau0.9,True,,,,0,,,0.0,50.0
mc_dropout,standard,0,,,0.03,mutual_information,delta,cert_fail_tau0.95,True,,,,0,,,0.0,50.0
mc_dropout,standard,0,,,0.03,one_minus_confidence,clean,adv_error,False,0.9645390070921985,0.5555555555555556,0.06,50,,,,
mc_dropout,standard,0,,,0.03,one_minus_confidence,clean,cert_fail_tau0.5,True,,,,0,,,0.0,50.0
mc_dropout,standard,0,,,0.03,one_minus_confidence,clean,cert_fail_tau0.9,True,,,,0,,,0.0,50.0
mc_dropout,standard,0,,,0.03,one_minus_confidence,clean,cert_fail_tau0.95,True,,,,0,,,0.0,50.0
mc_dropout,standard,0,,,0.03,one_minus_confidence,adv,adv_error,False,0.9361702127659575,0.4206349206349207,0.06,50,,,,
mc_dropout,standard,0,,,0.03,one_minus_confidence,adv,cert_fail_tau0.5,True,,,,0,,,0.0,50.0
mc_dropout,standard,0,,,0.03,one_minus_confidence,adv,cert_fail_tau0.9,True,,,,0,,,0.0,50.0
mc_dropout,standard,0,,,0.03,one_minus_confidence,adv,cert_fail_tau0.95,True,,,,0,,,0.0,50.0
mc_dropout,standard,0,,,0.03,one_minus_confidence,delta,adv_error,False,0.9361702127659575,0.4206349206349207,0.06,50,,,,
mc_dropout,standard,0,,,0.03,one_minus_confidence,delta,cert_fail_tau0.5,True,,,,0,,,0.0,50.0
mc_dropout,standard,0,,,0.03,one_minus_confidence,delta,cert_fail_tau0.9,True,,,,0,,,0.0,50.0
mc_dropout,standard,0,,,0.03,one_minus_confidence,delta,cert_fail_tau0.95,True,,,,0,,,0.0,50.0
mc_dropout,standard,0,,,0.05,mutual_information,clean,adv_error,False,0.9233511586452763,0.8910440625754834,0.34,50,0.08414501276770736,0.7711136934321613,,
mc_dropout,standard,0,,,0.05,mutual_information,clean,cert_fail_tau0.5,False,,1.0,1.0,18,,,18.0,32.0
mc_dropout,standard,0,,,0.05,mutual_information,clean,cert_fail_tau0.9,False,,1.0,1.0,29,,,29.0,21.0
mc_dropout,standard,0,,,0.05,mutual_information,clean,cert_fail_tau0.95,False,,1.0,1.0,30,,,30.0,20.0
mc_dropout,standard,0,,,0.05,mutual_information,adv,adv_error,False,0.5918003565062389,0.4655961650290863,0.34,50,0.2128373852359657,0.4224495903660246,,
mc_dropout,standard,0,,,0.05,mutual_information,adv,cert_fail_tau0.5,False,,1.0,1.0,18,,,18.0,32.0
mc_dropout,standard,0,,,0.05,mutual_information,adv,cert_fail_tau0.9,False,,1.0,1.0,29,,,29.0,21.0
mc_dropout,standard,0,,,0.05,mutual_information,adv,cert_fail_tau0.95,False,,1.0,1.0,30,,,30.0,20.0
mc_dropout,standard,0,,,0.05,mutual_information,delta,adv_error,False,0.5347593582887701,0.44488663668799,0.34,50,0.20293797196917657,0.323732020599508,,
mc_dropout,standard,0,,,0.05,mutual_information,delta,cert_fail_tau0.5,False,,1.0,1.0,18,,,18.0,32.0
mc_dropout,standard,0,,,0.05,mutual_information,delta,cert_fail_tau0.9,False,,1.0,1.0,29,,,29.0,21.0
mc_dropout,standard,0,,,0.05,mutual_information,delta,cert_fail_tau0.95,False,,1.0,1.0,30,,,30.0,20.0
mc_dropout,standard,0,,,0.05,one_minus_confidence,clean,adv_error,False,0.9358288770053476,0.9026044814659385,0.34,50,0.07425273095799945,0.7943893398560045,,
mc_dropout,standard,0,,,0.05,one_minus_confidence,clean,cert_fail_tau0.5,False,,1.0,1.0,18,,,18.0,32.0
mc_dropout,standard,0,,,0.05,one_minus_confidence,clean,cert_fail_tau0.9,False,,1.0,1.0,29,,,29.0,21.0
mc_dropout,standard,0,,,0.05,one_minus_confidence,clean,cert_fail_tau0.95,False,,1.0,1.0,30,,,30.0,20.0
mc_dropout,standard,0,,,0.05,one_minus_confidence,adv,adv_error,False,0.661319073083779,0.5080739262317684,0.34,50,0.22273679850275477,0.5307453153658601,,
mc_dropout,standard,0,,,0.05,one_minus_confidence,adv,cert_fail_tau0.5,False,,1.0,1.0,18,,,18.0,32.0
mc_dropout,standard,0,,,0.05,one_minus_confidence,adv,cert_fail_tau0.9,False,,1.0,1.0,29,,,29.0,21.0
mc_dropout,standard,0,,,0.05,one_minus_confidence,adv,cert_fail_tau0.95,False,,1.0,1.0,30,,,30.0,20.0
mc_dropout,standard,0,,,0.05,one_minus_confidence,delta,adv_error,False,0.6327985739750446,0.49289585720364915,0.34,50,0.22273679850275477,0.4870419738992598,,
mc_dropout,standard,0,,,0.05,one_minus_confidence,delta,cert_fail_tau0.5,False,,1.0,1.0,18,,,18.0,32.0
mc_dropout,standard,0,,,0.05,one_minus_confidence,delta,cert_fail_tau0.9,False,,1.0,1.0,29,,,29.0,21.0
mc_dropout,standard,0,,,0.05,one_minus_confidence,delta,cert_fail_tau0.95,False,,1.0,1.0,30,,,30.0,20.0
mc_dropout,standard,0,,,0.07,mutual_information,clean,adv_error,False,0.8385416666666666,0.9203472998003798,0.64,50,,0.6613469443400973,,
mc_dropout,standard,0,,,0.07,mutual_information,clean,cert_fail_tau0.5,False,,1.0,1.0,32,,,32.0,18.0
mc_dropout,standard,0,,,0.07,mutual_information,clean,cert_fail_tau0.9,False,,1.0,1.0,44,,,44.0,6.0
mc_dropout,standard,0,,,0.07,mutual_information,clean,cert_fail_tau0.95,False,,1.0,1.0,47,,,47.0,3.0
mc_dropout,standard,0,,,0.07,mutual_information,adv,adv_error,False,0.22743055555555555,0.5748161080018996,0.64,50,,-0.5462555254443433,,
mc_dropout,standard,0,,,0.07,mutual_information,adv,cert_fail_tau0.5,False,,1.0,1.0,32,,,32.0,18.0
mc_dropout,standard,0,,,0.07,mutual_information,adv,cert_fail_tau0.9,False,,1.0,1.0,44,,,44.0,6.0
mc_dropout,standard,0,,,0.07,mutual_information,adv,cert_fail_tau0.95,False,,1.0,1.0,47,,,47.0,3.0
mc_dropout,standard,0,,,0.07,mutual_information,delta,adv_error,False,0.22395833333333334,0.5739028641291908,0.64,50,,-0.5564956729748723,,
mc_dropout,standard,0,,,0.07,mutual_information,delta,cert_fail_tau0.5,False,,1.0,1.0,32,,,32.0,18.0
mc_dropout,standard,0,,,0.07,mutual_information,delta,cert_fail_tau0.9,False,,1.0,1.0,44,,,44.0,6.0
mc_dropout,standard,0,,,0.07,mutual_information,delta,cert_fail_tau0.95,False,,1.0,1.0,47,,,47.0,3.0
mc_dropout,standard,0,,,0.07,one_minus_confidence,clean,adv_error,False,0.8524305555555556,0.9298017095536097,0.64,50,,0.6865477900433098,,
mc_dropout,standard,0,,,0.07,one_minus_confidence,clean,cert_fail_tau0.5,False,,1.0,1.0,32,,,32.0,18.0
mc_dropout,standard,0,,,0.07,one_minus_confidence,clean,cert_fail_tau0.9,False,,1.0,1.0,44,,,44.0,6.0
mc_dropout,standard,0,,,0.07,one_minus_confidence,clean,cert_fail_tau0.95,False,,1.0,1.0,47,,,47.0,3.0
mc_dropout,standard,0,,,0.07,one_minus_confidence,adv,adv_error,False,0.2708333333333333,0.6045168663564386,0.64,50,,-0.4859415464487395,,
mc_dropout,standard,0,,,0.07,one_minus_confidence,adv,cert_fail_tau0.5,False,,1.0,1.0,32,,,32.0,18.0
mc_dropout,standard,0,,,0.07,one_minus_confidence,adv,cert_fail_tau0.9,False,,1.0,1.0,44,,,44.0,6.0
mc_dropout,standard,0,,,0.07,one_minus_confidence,adv,cert_fail_tau0.95,False,,1.0,1.0,47,,,47.0,3.0
mc_dropout,standard,0,,,0.07,one_minus_confidence,delta,adv_error,False,0.2690972222222222,0.6040786041613166,0.64,50,,-0.4918210569925839,,
mc_dropout,standard,0,,,0.07,one_minus_confidence,delta,cert_fail_tau0.5,False,,1.0,1.0,32,,,32.0,18.0
mc_dropout,standard,0,,,0.07,one_minus_confidence,delta,cert_fail_tau0.9,False,,1.0,1.0,44,,,44.0,6.0
mc_dropout,standard,0,,,0.07,one_minus_confidence,delta,cert_fail_tau0.95,False,,1.0,1.0,47,,,47.0,3.0
mc_dropout,standard,0,,,0.08,mutual_information,clean,adv_error,False,0.7697368421052632,0.9234936912009828,0.76,50,,0.6006943814342225,,
mc_dropout,standard,0,,,0.08,mutual_information,clean,cert_fail_tau0.5,False,,1.0,1.0,38,,,38.0,12.0
mc_dropout,standard,0,,,0.08,mutual_information,clean,cert_fail_tau0.9,False,,1.0,1.0,49,,,49.0,1.0
mc_dropout,standard,0,,,0.08,mutual_information,clean,cert_fail_tau0.95,False,,1.0,1.0,50,,,50.0,0.0
mc_dropout,standard,0,,,0.08,mutual_information,adv,adv_error,False,0.16885964912280702,0.6332676077687837,0.76,50,,-0.6763267281179227,,
mc_dropout,standard,0,,,0.08,mutual_information,adv,cert_fail_tau0.5,False,,1.0,1.0,38,,,38.0,12.0
mc_dropout,standard,0,,,0.08,mutual_information,adv,cert_fail_tau0.9,False,,1.0,1.0,49,,,49.0,1.0
mc_dropout,standard,0,,,0.08,mutual_information,adv,cert_fail_tau0.95,False,,1.0,1.0,50,,,50.0,0.0
mc_dropout,standard,0,,,0.08,mutual_information,delta,adv_error,False,0.16885964912280702,0.6332676077687837,0.76,50,,-0.6822828396014999,,
mc_dropout,standard,0,,,0.08,mutual_information,delta,cert_fail_tau0.5,False,,1.0,1.0,38,,,38.0,12.0
mc_dropout,standard,0,,,0.08,mutual_information,delta,cert_fail_tau0.9,False,,1.0,1.0,49,,,49.0,1.0
mc_dropout,standard,0,,,0.08,mutual_information,delta,cert_fail_tau0.95,False,,1.0,1.0,50,,,50.0,0.0
mc_dropout,standard,0,,,0.08,one_minus_confidence,clean,adv_error,False,0.7872807017543859,0.9317326838200503,0.76,50,,0.6222423560245967,,
mc_dropout,standard,0,,,0.08,one_minus_confidence,clean,cert_fail_tau0.5,False,,1.0,1.0,38,,,38.0,12.0
mc_dropout,standard,0,,,0.08,one_minus_confidence,clean,cert_fail_tau0.9,False,,1.0,1.0,49,,,49.0,1.0
mc_dropout,standard,0,,,0.08,one_minus_confidence,clean,cert_fail_tau0.95,False,,1.0,1.0,50,,,50.0,0.0
mc_dropout,standard,0,,,0.08,one_minus_confidence,adv,adv_error,False,0.17982456140350878,0.645800354158056,0.76,50,,-0.6713975324073761,,
mc_dropout,standard,0,,,0.08,one_minus_confidence,adv,cert_fail_tau0.5,False,,1.0,1.0,38,,,38.0,12.0
mc_dropout,standard,0,,,0.08,one_minus_confidence,adv,cert_fail_tau0.9,False,,1.0,1.0,49,,,49.0,1.0
mc_dropout,standard,0,,,0.08,one_minus_confidence,adv,cert_fail_tau0.95,False,,1.0,1.0,50,,,50.0,0.0
mc_dropout,standard,0,,,0.08,one_minus_confidence,delta,adv_error,False,0.17982456140350878,0.645800354158056,0.76,50,,-0.675864616020059,,
mc_dropout,standard,0,,,0.08,one_minus_confidence,delta,cert_fail_tau0.5,False,,1.0,1.0,38,,,38.0,12.0
mc_dropout,standard,0,,,0.08,one_minus_confidence,delta,cert_fail_tau0.9,False,,1.0,1.0,49,,,49.0,1.0
mc_dropout,standard,0,,,0.08,one_minus_confidence,delta,cert_fail_tau0.95,False,,1.0,1.0,50,,,50.0,0.0
mc_dropout,standard,0,,,0.1,mutual_information,clean,adv_error,False,0.7163120567375887,0.9775741613356717,0.94,50,,0.5611771270929655,,
mc_dropout,standard,0,,,0.1,mutual_information,clean,cert_fail_tau0.5,False,,1.0,1.0,50,,,50.0,0.0
mc_dropout,standard,0,,,0.1,mutual_information,clean,cert_fail_tau0.9,False,,1.0,1.0,50,,,50.0,0.0
mc_dropout,standard,0,,,0.1,mutual_information,clean,cert_fail_tau0.95,False,,1.0,1.0,50,,,50.0,0.0
mc_dropout,standard,0,,,0.1,mutual_information,adv,adv_error,False,0.04964539007092199,0.8556231648280104,0.94,50,,-0.7337523751456702,,
mc_dropout,standard,0,,,0.1,mutual_information,adv,cert_fail_tau0.5,False,,1.0,1.0,50,,,50.0,0.0
mc_dropout,standard,0,,,0.1,mutual_information,adv,cert_fail_tau0.9,False,,1.0,1.0,50,,,50.0,0.0
mc_dropout,standard,0,,,0.1,mutual_information,adv,cert_fail_tau0.95,False,,1.0,1.0,50,,,50.0,0.0
mc_dropout,standard,0,,,0.1,mutual_information,delta,adv_error,False,0.04964539007092199,0.8556231648280104,0.94,50,,-0.7403511694652486,,
mc_dropout,standard,0,,,0.1,mutual_information,delta,cert_fail_tau0.5,False,,1.0,1.0,50,,,50.0,0.0
mc_dropout,standard,0,,,0.1,mutual_information,delta,cert_fail_tau0.9,False,,1.0,1.0,50,,,50.0,0.0
mc_dropout,standard,0,,,0.1,mutual_information,delta,cert_fail_tau0.95,False,,1.0,1.0,50,,,50.0,0.0
mc_dropout,standard,0,,,0.1,one_minus_confidence,clean,adv_error,False,0.7198581560283688,0.9778851030499462,0.94,50,,0.582287679402886,,
mc_dropout,standard,0,,,0.1,one_minus_confidence,clean,cert_fail_tau0.5,False,,1.0,1.0,50,,,50.0,0.0
mc_dropout,standard,0,,,0.1,one_minus_confidence,clean,cert_fail_tau0.9,False,,1.0,1.0,50,,,50.0,0.0
mc_dropout,standard,0,,,0.1,one_minus_confidence,clean,cert_fail_tau0.95,False,,1.0,1.0,50,,,50.0,0.0
mc_dropout,standard,0,,,0.1,one_minus_confidence,adv,adv_error,False,0.02127659574468085,0.8358663259222352,0.94,50,,-0.7328576233735238,,
mc_dropout,standard,0,,,0.1,one_minus_confidence,adv,cert_fail_tau0.5,False,,1.0,1.0,50,,,50.0,0.0
mc_dropout,standard,0,,,0.1,one_minus_confidence,adv,cert_fail_tau0.9,False,,1.0,1.0,50,,,50.0,0.0
mc_dropout,standard,0,,,0.1,one_minus_confidence,adv,cert_fail_tau0.95,False,,1.0,1.0,50,,,50.0,0.0
mc_dropout,standard,0,,,0.1,one_minus_confidence,delta,adv_error,False,0.02127659574468085,0.8358663259222352,0.94,50,,-0.7368840063481819,,
mc_dropout,standard,0,,,0.1,one_minus_confidence,delta,cert_fail_tau0.5,False,,1.0,1.0,50,,,50.0,0.0
mc_dropout,standard,0,,,0.1,one_minus_confidence,delta,cert_fail_tau0.9,False,,1.0,1.0,50,,,50.0,0.0
mc_dropout,standard,0,,,0.1,one_minus_confidence,delta,cert_fail_tau0.95,False,,1.0,1.0,50,,,50.0,0.0
mc_dropout,standard,0,,,0.15,mutual_information,clean,adv_error,False,,1.0,1.0,50,,,,
mc_dropout,standard,0,,,0.15,mutual_information,clean,cert_fail_tau0.5,True,,,,0,,,0.0,50.0
mc_dropout,standard,0,,,0.15,mutual_information,clean,cert_fail_tau0.9,True,,,,0,,,0.0,50.0
mc_dropout,standard,0,,,0.15,mutual_information,clean,cert_fail_tau0.95,True,,,,0,,,0.0,50.0
mc_dropout,standard,0,,,0.15,mutual_information,adv,adv_error,False,,1.0,1.0,50,,,,
mc_dropout,standard,0,,,0.15,mutual_information,adv,cert_fail_tau0.5,True,,,,0,,,0.0,50.0
mc_dropout,standard,0,,,0.15,mutual_information,adv,cert_fail_tau0.9,True,,,,0,,,0.0,50.0
mc_dropout,standard,0,,,0.15,mutual_information,adv,cert_fail_tau0.95,True,,,,0,,,0.0,50.0
mc_dropout,standard,0,,,0.15,mutual_information,delta,adv_error,False,,1.0,1.0,50,,,,
mc_dropout,standard,0,,,0.15,mutual_information,delta,cert_fail_tau0.5,True,,,,0,,,0.0,50.0
mc_dropout,standard,0,,,0.15,mutual_information,delta,cert_fail_tau0.9,True,,,,0,,,0.0,50.0
mc_dropout,standard,0,,,0.15,mutual_information,delta,cert_fail_tau0.95,True,,,,0,,,0.0,50.0
mc_dropout,standard,0,,,0.15,one_minus_confidence,clean,adv_error,False,,1.0,1.0,50,,,,
mc_dropout,standard,0,,,0.15,one_minus_confidence,clean,cert_fail_tau0.5,True,,,,0,,,0.0,50.0
mc_dropout,standard,0,,,0.15,one_minus_confidence,clean,cert_fail_tau0.9,True,,,,0,,,0.0,50.0
mc_dropout,standard,0,,,0.15,one_minus_confidence,clean,cert_fail_tau0.95,True,,,,0,,,0.0,50.0
mc_dropout,standard,0,,,0.15,one_minus_confidence,adv,adv_error,False,,1.0,1.0,50,,,,
mc_dropout,standard,0,,,0.15,one_minus_confidence,adv,cert_fail_tau0.5,True,,,,0,,,0.0,50.0
mc_dropout,standard,0,,,0.15,one_minus_confidence,adv,cert_fail_tau0.9,True,,,,0,,,0.0,50.0
mc_dropout,standard,0,,,0.15,one_minus_confidence,adv,cert_fail_tau0.95,True,,,,0,,,0.0,50.0
mc_dropout,standard,0,,,0.15,one_minus_confidence,delta,adv_error,False,,1.0,1.0,50,,,,
mc_dropout,standard,0,,,0.15,one_minus_confidence,delta,cert_fail_tau0.5,True,,,,0,,,0.0,50.0
mc_dropout,standard,0,,,0.15,one_minus_confidence,delta,cert_fail_tau0.9,True,,,,0,,,0.0,50.0
mc_dropout,standard,0,,,0.15,one_minus_confidence,delta,cert_fail_tau0.95,True,,,,0,,,0.0,50.0
mc_dropout,standard,1,,,0.01,mutual_information,clean,adv_error,False,,,0.0,50,0.762323207546692,0.5696445010474833,,
mc_dropout,standard,1,,,0.01,mutual_information,clean,cert_fail_tau0.5,False,,,0.0,49,,,49.0,1.0
mc_dropout,standard,1,,,0.01,mutual_information,clean,cert_fail_tau0.9,False,1.0,1.0,0.024390243902439025,41,,,41.0,9.0
mc_dropout,standard,1,,,0.01,mutual_information,clean,cert_fail_tau0.95,False,,1.0,1.0,3,,,3.0,47.0
mc_dropout,standard,1,,,0.01,mutual_information,adv,adv_error,False,,,0.0,50,0.7768259700371171,0.5771262088997208,,
mc_dropout,standard,1,,,0.01,mutual_information,adv,cert_fail_tau0.5,False,,,0.0,49,,,49.0,1.0
mc_dropout,standard,1,,,0.01,mutual_information,adv,cert_fail_tau0.9,False,1.0,1.0,0.024390243902439025,41,,,41.0,9.0
mc_dropout,standard,1,,,0.01,mutual_information,adv,cert_fail_tau0.95,False,,1.0,1.0,3,,,3.0,47.0
mc_dropout,standard,1,,,0.01,mutual_information,delta,adv_error,False,,,0.0,50,0.7726491744398747,0.5774445794466245,,
mc_dropout,standard,1,,,0.01,mutual_information,delta,cert_fail_tau0.5,False,,,0.0,49,,,49.0,1.0
mc_dropout,standard,1,,,0.01,mutual_information,delta,cert_fail_tau0.9,False,1.0,1.0,0.024390243902439025,41,,,41.0,9.0
mc_dropout,standard,1,,,0.01,mutual_information,delta,cert_fail_tau0.95,False,,1.0,1.0,3,,,3.0,47.0
mc_dropout,standard,1,,,0.01,one_minus_confidence,clean,adv_error,False,,,0.0,50,0.7764115767344466,0.5740283209369377,,
mc_dropout,standard,1,,,0.01,one_minus_confidence,clean,cert_fail_tau0.5,False,,,0.0,49,,,49.0,1.0
mc_dropout,standard,1,,,0.01,one_minus_confidence,clean,cert_fail_tau0.9,False,1.0,1.0,0.024390243902439025,41,,,41.0,9.0
mc_dropout,standard,1,,,0.01,one_minus_confidence,clean,cert_fail_tau0.95,False,,1.0,1.0,3,,,3.0,47.0
mc_dropout,standard,1,,,0.01,one_minus_confidence,adv,adv_error,False,,,0.0,50,0.7919088430271589,0.5777629499935283,,
mc_dropout,standard,1,,,0.01,one_minus_confidence,adv,cert_fail_tau0.5,False,,,0.0,49,,,49.0,1.0
mc_dropout,standard,1,,,0.01,one_minus_confidence,adv,cert_fail_tau0.9,False,1.0,1.0,0.024390243902439025,41,,,41.0,9.0
mc_dropout,standard,1,,,0.01,one_minus_confidence,adv,cert_fail_tau0.95,False,,1.0,1.0,3,,,3.0,47.0
mc_dropout,standard,1,,,0.01,one_minus_confidence,delta,adv_error,False,,,0.0,50,0.791637794915372,0.5776176332571138,,
mc_dropout,standard,1,,,0.01,one_minus_confidence,delta,cert_fail_tau0.5,False,,,0.0,49,,,49.0,1.0
mc_dropout,standard,1,,,0.01,one_minus_confidence,delta,cert_fail_tau0.9,False,1.0,1.0,0.024390243902439025,41,,,41.0,9.0
mc_dropout,standard,1,,,0.01,one_minus_confidence,delta,cert_fail_tau0.95,False,,1.0,1.0,3,,,3.0,47.0
mc_dropout,standard,1,,,0.03,mutual_information,clean,adv_error,False,1.0,1.0,0.08,50,,,,
mc_dropout,standard,1,,,0.03,mutual_information,clean,cert_fail_tau0.5,True,,,,0,,,0.0,50.0
mc_dropout,standard,1,,,0.03,mutual_information,clean,cert_fail_tau0.9,True,,,,0,,,0.0,50.0
mc_dropout,standard,1,,,0.03,mutual_information,clean,cert_fail_tau0.95,True,,,,0,,,0.0,50.0
mc_dropout,standard,1,,,0.03,mutual_information,adv,adv_error,False,0.8858695652173914,0.5630482456140351,0.08,50,,,,
mc_dropout,standard,1,,,0.03,mutual_information,adv,cert_fail_tau0.5,True,,,,0,,,0.0,50.0
mc_dropout,standard,1,,,0.03,mutual_information,adv,cert_fail_tau0.9,True,,,,0,,,0.0,50.0
mc_dropout,standard,1,,,0.03,mutual_information,adv,cert_fail_tau0.95,True,,,,0,,,0.0,50.0
mc_dropout,standard,1,,,0.03,mutual_information,delta,adv_error,False,0.842391304347826,0.3273809523809524,0.08,50,,,,
mc_dropout,standard,1,,,0.03,mutual_information,delta,cert_fail_tau0.5,True,,,,0,,,0.0,50.0
mc_dropout,standard,1,,,0.03,mutual_information,delta,cert_fail_tau0.9,True,,,,0,,,0.0,50.0
mc_dropout,standard,1,,,0.03,mutual_information,delta,cert_fail_tau0.95,True,,,,0,,,0.0,50.0
mc_dropout,standard,1,,,0.03,one_minus_confidence,clean,adv_error,False,1.0,1.0,0.08,50,,,,
mc_dropout,standard,1,,,0.03,one_minus_confidence,clean,cert_fail_tau0.5,True,,,,0,,,0.0,50.0
mc_dropout,standard,1,,,0.03,one_minus_confidence,clean,cert_fail_tau0.9,True,,,,0,,,0.0,50.0
mc_dropout,standard,1,,,0.03,one_minus_confidence,clean,cert_fail_tau0.95,True,,,,0,,,0.0,50.0
mc_dropout,standard,1,,,0.03,one_minus_confidence,adv,adv_error,False,0.907608695652174,0.6464285714285714,0.08,50,,,,
mc_dropout,standard,1,,,0.03,one_minus_confidence,adv,cert_fail_tau0.5,True,,,,0,,,0.0,50.0
mc_dropout,standard,1,,,0.03,one_minus_confidence,adv,cert_fail_tau0.9,True,,,,0,,,0.0,50.0
mc_dropout,standard,1,,,0.03,one_minus_confidence,adv,cert_fail_tau0.95,True,,,,0,,,0.0,50.0
mc_dropout,standard,1,,,0.03,one_minus_confidence,delta,adv_error,False,0.8641304347826086,0.5392857142857143,0.08,50,,,,
mc_dropout,standard,1,,,0.03,one_minus_confidence,delta,cert_fail_tau0.5,True,,,,0,,,0.0,50.0
mc_dropout,standard,1,,,0.03,one_minus_confidence,delta,cert_fail_tau0.9,True,,,,0,,,0.0,50.0
mc_dropout,standard,1,,,0.03,one_minus_confidence,delta,cert_fail_tau0.95,True,,,,0,,,0.0,50.0
mc_dropout,standard,1,,,0.05,mutual_information,clean,adv_error,False,0.9025974025974026,0.8735073274515415,0.44,50,,0.7842502107705415,,
mc_dropout,standard,1,,,0.05,mutual_information,clean,cert_fail_tau0.5,False,,1.0,1.0,24,,,24.0,26.0
mc_dropout,standard,1,,,0.05,mutual_information,clean,cert_fail_tau0.9,False,,1.0,1.0,31,,,31.0,19.0
mc_dropout,standard,1,,,0.05,mutual_information,clean,cert_fail_tau0.95,False,,1.0,1.0,32,,,32.0,18.0
mc_dropout,standard,1,,,0.05,mutual_information,adv,adv_error,False,0.6753246753246753,0.6204433643958643,0.44,50,,0.3959713545798295,,
mc_dropout,standard,1,,,0.05,mutual_information,adv,cert_fail_tau0.5,False,,1.0,1.0,24,,,24.0,26.0
mc_dropout,standard,1,,,0.05,mutual_information,adv,cert_fail_tau0.9,False,,1.0,1.0,31,,,31.0,19.0
mc_dropout,standard,1,,,0.05,mutual_information,adv,cert_fail_tau0.95,False,,1.0,1.0,32,,,32.0,18.0
mc_dropout,standard,1,,,0.05,mutual_information,delta,adv_error,False,0.6298701298701299,0.5997613802899882,0.44,50,,0.3022190304624585,,
mc_dropout,standard,1,,,0.05,mutual_information,delta,cert_fail_tau0.5,False,,1.0,1.0,24,,,24.0,26.0
mc_dropout,standard,1,,,0.05,mutual_information,delta,cert_fail_tau0.9,False,,1.0,1.0,31,,,31.0,19.0
mc_dropout,standard,1,,,0.05,mutual_information,delta,cert_fail_tau0.95,False,,1.0,1.0,32,,,32.0,18.0
mc_dropout,standard,1,,,0.05,one_minus_confidence,clean,adv_error,False,0.8993506493506493,0.8766697275942275,0.44,50,,0.7951767268947487,,
mc_dropout,standard,1,,,0.05,one_minus_confidence,clean,cert_fail_tau0.5,False,,1.0,1.0,24,,,24.0,26.0
mc_dropout,standard,1,,,0.05,one_minus_confidence,clean,cert_fail_tau0.9,False,,1.0,1.0,31,,,31.0,19.0
mc_dropout,standard,1,,,0.05,one_minus_confidence,clean,cert_fail_tau0.95,False,,1.0,1.0,32,,,32.0,18.0
mc_dropout,standard,1,,,0.05,one_minus_confidence,adv,adv_error,False,0.6834415584415584,0.6326697922438569,0.44,50,,0.442847516638515,,
mc_dropout,standard,1,,,0.05,one_minus_confidence,adv,cert_fail_tau0.5,False,,1.0,1.0,24,,,24.0,26.0
mc_dropout,standard,1,,,0.05,one_minus_confidence,adv,cert_fail_tau0.9,False,,1.0,1.0,31,,,31.0,19.0
mc_dropout,standard,1,,,0.05,one_minus_confidence,adv,cert_fail_tau0.95,False,,1.0,1.0,32,,,32.0,18.0
mc_dropout,standard,1,,,0.05,one_minus_confidence,delta,adv_error,False,0.6525974025974026,0.6202103468909856,0.44,50,,0.37649971803237553,,
mc_dropout,standard,1,,,0.05,one_minus_confidence,delta,cert_fail_tau0.5,False,,1.0,1.0,24,,,24.0,26.0
mc_dropout,standard,1,,,0.05,one_minus_confidence,delta,cert_fail_tau0.9,False,,1.0,1.0,31,,,31.0,19.0
mc_dropout,standard,1,,,0.05,one_minus_confidence,delta,cert_fail_tau0.95,False,,1.0,1.0,32,,,32.0,18.0
mc_dropout,standard,1,,,0.07,mutual_information,clean,adv_error,False,0.8805147058823529,0.9449878345964369,0.68,50,,0.6782544266091812,,
mc_dropout,standard,1,,,0.07,mutual_information,clean,cert_fail_tau0.5,False,,1.0,1.0,37,,,37.0,13.0
mc_dropout,standard,1,,,0.07,mutual_information,clean,cert_fail_tau0.9,False,,1.0,1.0,47,,,47.0,3.0
mc_dropout,standard,1,,,0.07,mutual_information,clean,cert_fail_tau0.95,False,,1.0,1.0,49,,,49.0,1.0
mc_dropout,standard,1,,,0.07,mutual_information,adv,adv_error,False,0.16727941176470587,0.567913278930519,0.68,50,,-0.7471917617727373,,
mc_dropout,standard,1,,,0.07,mutual_information,adv,cert_fail_tau0.5,False,,1.0,1.0,37,,,37.0,13.0
mc_dropout,standard,1,,,0.07,mutual_information,adv,cert_fail_tau0.9,False,,1.0,1.0,47,,,47.0,3.0
mc_dropout,standard,1,,,0.07,mutual_information,adv,cert_fail_tau0.95,False,,1.0,1.0,49,,,49.0,1.0
mc_dropout,standard,1,,,0.07,mutual_information,delta,adv_error,False,0.16544117647058823,0.5672404607836524,0.68,50,,-0.7421882455108663,,
mc_dropout,standard,1,,,0.07,mutual_information,delta,cert_fail_tau0.5,False,,1.0,1.0,37,,,37.0,13.0
mc_dropout,standard,1,,,0.07,mutual_information,delta,cert_fail_tau0.9,False,,1.0,1.0,47,,,47.0,3.0
mc_dropout,standard,1,,,0.07,mutual_information,delta,cert_fail_tau0.95,False,,1.0,1.0,49,,,49.0,1.0
mc_dropout,standard,1,,,0.07,one_minus_confidence,clean,adv_error,False,0.8851102941176471,0.949289688910964,0.68,50,,0.6799160254911244,,
mc_dropout,standard,1,,,0.07,one_minus_confidence,clean,cert_fail_tau0.5,False,,1.0,1.0,37,,,37.0,13.0
mc_dropout,standard,1,,,0.07,one_minus_confidence,clean,cert_fail_tau0.9,False,,1.0,1.0,47,,,47.0,3.0
mc_dropout,standard,1,,,0.07,one_minus_confidence,clean,cert_fail_tau0.95,False,,1.0,1.0,49,,,49.0,1.0
mc_dropout,standard,1,,,0.07,one_minus_confidence,adv,adv_error,False,0.19301470588235295,0.5673849314808614,0.68,50,,-0.7104487686173815,,
mc_dropout,standard,1,,,0.07,one_minus_confidence,adv,cert_fail_tau0.5,False,,1.0,1.0,37,,,37.0,13.0
mc_dropout,standard,1,,,0.07,one_minus_confidence,adv,cert_fail_tau0.9,False,,1.0,1.0,47,,,47.0,3.0
mc_dropout,standard,1,,,0.07,one_minus_confidence,adv,cert_fail_tau0.95,False,,1.0,1.0,49,,,49.0,1.0
mc_dropout,standard,1,,,0.07,one_minus_confidence,delta,adv_error,False,0.19301470588235295,0.5673849314808614,0.68,50,,-0.7043839004211742,,
mc_dropout,standard,1,,,0.07,one_minus_confidence,delta,cert_fail_tau0.5,False,,1.0,1.0,37,,,37.0,13.0
mc_dropout,standard,1,,,0.07,one_minus_confidence,delta,cert_fail_tau0.9,False,,1.0,1.0,47,,,47.0,3.0
mc_dropout,standard,1,,,0.07,one_minus_confidence,delta,cert_fail_tau0.95,False,,1.0,1.0,49,,,49.0,1.0
mc_dropout,standard,1,,,0.08,mutual_information,clean,adv_error,False,0.8175,0.9502111612121614,0.8,50,,0.7045241448180865,,
mc_dropout,standard,1,,,0.08,mutual_information,clean,cert_fail_tau0.5,False,,1.0,1.0,43,,,43.0,7.0
mc_dropout,standard,1,,,0.08,mutual_information,clean,cert_fail_tau0.9,False,,1.0,1.0,50,,,50.0,0.0
mc_dropout,standard,1,,,0.08,mutual_information,clean,cert_fail_tau0.95,False,,1.0,1.0,50,,,50.0,0.0
mc_dropout,standard,1,,,0.08,mutual_information,adv,adv_error,False,0.1825,0.7288638523548892,0.8,50,,-0.8176457984192261,,
mc_dropout,standard,1,,,0.08,mutual_information,adv,cert_fail_tau0.5,False,,1.0,1.0,43,,,43.0,7.0
mc_dropout,standard,1,,,0.08,mutual_information,adv,cert_fail_tau0.9,False,,1.0,1.0,50,,,50.0,0.0
mc_dropout,standard,1,,,0.08,mutual_information,adv,cert_fail_tau0.95,False,,1.0,1.0,50,,,50.0,0.0
mc_dropout,standard,1,,,0.08,mutual_information,delta,adv_error,False,0.1825,0.7288638523548892,0.8,50,,-0.8230843394577425,,
mc_dropout,standard,1,,,0.08,mutual_information,delta,cert_fail_tau0.5,False,,1.0,1.0,43,,,43.0,7.0
mc_dropout,standard,1,,,0.08,mutual_information,delta,cert_fail_tau0.9,False,,1.0,1.0,50,,,50.0,0.0
mc_dropout,standard,1,,,0.08,mutual_information,delta,cert_fail_tau0.95,False,,1.0,1.0,50,,,50.0,0.0
mc_dropout,standard,1,,,0.08,one_minus_confidence,clean,adv_error,False,0.8225,0.9531847338054019,0.8,50,,0.7096492197894438,,
mc_dropout,standard,1,,,0.08,one_minus_confidence,clean,cert_fail_tau0.5,False,,1.0,1.0,43,,,43.0,7.0
mc_dropout,standard,1,,,0.08,one_minus_confidence,clean,cert_fail_tau0.9,False,,1.0,1.0,50,,,50.0,0.0
mc_dropout,standard,1,,,0.08,one_minus_confidence,clean,cert_fail_tau0.95,False,,1.0,1.0,50,,,50.0,0.0
mc_dropout,standard,1,,,0.08,one_minus_confidence,adv,adv_error,False,0.135,0.6872934211521051,0.8,50,,-0.8365512029816877,,
mc_dropout,standard,1,,,0.08,one_minus_confidence,adv,cert_fail_tau0.5,False,,1.0,1.0,43,,,43.0,7.0
mc_dropout,standard,1,,,0.08,one_minus_confidence,adv,cert_fail_tau0.9,False,,1.0,1.0,50,,,50.0,0.0
mc_dropout,standard,1,,,0.08,one_minus_confidence,adv,cert_fail_tau0.95,False,,1.0,1.0,50,,,50.0,0.0
mc_dropout,standard,1,,,0.08,one_minus_confidence,delta,adv_error,False,0.135,0.6872934211521051,0.8,50,,-0.8434918172594132,,
mc_dropout,standard,1,,,0.08,one_minus_confidence,delta,cert_fail_tau0.5,False,,1.0,1.0,43,,,43.0,7.0
mc_dropout,standard,1,,,0.08,one_minus_confidence,delta,cert_fail_tau0.9,False,,1.0,1.0,50,,,50.0,0.0
mc_dropout,standard,1,,,0.08,one_minus_confidence,delta,cert_fail_tau0.95,False,,1.0,1.0,50,,,50.0,0.0
mc_dropout,standard,1,,,0.1,mutual_information,clean,adv_error,False,,1.0,1.0,50,,0.4270353059519074,,
mc_dropout,standard,1,,,0.1,mutual_information,clean,cert_fail_tau0.5,False,,1.0,1.0,50,,,50.0,0.0
mc_dropout,standard,1,,,0.1,mutual_information,clean,cert_fail_tau0.9,False,,1.0,1.0,50,,,50.0,0.0
mc_dropout,standard,1,,,0.1,mutual_information,clean,cert_fail_tau0.95,False,,1.0,1.0,50,,,50.0,0.0
mc_dropout,standard,1,,,0.1,mutual_information,adv,adv_error,False,,1.0,1.0,50,,-0.7014289996990424,,
mc_dropout,standard,1,,,0.1,mutual_information,adv,cert_fail_tau0.5,False,,1.0,1.0,50,,,50.0,0.0
mc_dropout,standard,1,,,0.1,mutual_information,adv,cert_fail_tau0.9,False,,1.0,1.0,50,,,50.0,0.0
mc_dropout,standard,1,,,0.1,mutual_information,adv,cert_fail_tau0.95,False,,1.0,1.0,50,,,50.0,0.0
mc_dropout,standard,1,,,0.1,mutual_information,delta,adv_error,False,,1.0,1.0,50,,-0.7014289996990424,,
mc_dropout,standard,1,,,0.1,mutual_information,delta,cert_fail_tau0.5,False,,1.0,1.0,50,,,50.0,0.0
mc_dropout,standard,1,,,0.1,mutual_information,delta,cert_fail_tau0.9,False,,1.0,1.0,50,,,50.0,0.0
mc_dropout,standard,1,,,0.1,mutual_information,delta,cert_fail_tau0.95,False,,1.0,1.0,50,,,50.0,0.0
mc_dropout,standard,1,,,0.1,one_minus_confidence,clean,adv_error,False,,1.0,1.0,50,,0.44428958287941994,,
mc_dropout,standard,1,,,0.1,one_minus_confidence,clean,cert_fail_tau0.5,False,,1.0,1.0,50,,,50.0,0.0
mc_dropout,standard,1,,,0.1,one_minus_confidence,clean,cert_fail_tau0.9,False,,1.0,1.0,50,,,50.0,0.0
mc_dropout,standard,1,,,0.1,one_minus_confidence,clean,cert_fail_tau0.95,False,,1.0,1.0,50,,,50.0,0.0
mc_dropout,standard,1,,,0.1,one_minus_confidence,adv,adv_error,False,,1.0,1.0,50,,-0.709774155160258,,
mc_dropout,standard,1,,,0.1,one_minus_confidence,adv,cert_fail_tau0.5,False,,1.0,1.0,50,,,50.0,0.0
mc_dropout,standard,1,,,0.1,one_minus_confidence,adv,cert_fail_tau0.9,False,,1.0,1.0,50,,,50.0,0.0
mc_dropout,standard,1,,,0.1,one_minus_confidence,adv,cert_fail_tau0.95,False,,1.0,1.0,50,,,50.0,0.0
mc_dropout,standard,1,,,0.1,one_minus_confidence,delta,adv_error,False,,1.0,1.0,50,,-0.7152545557616534,,
mc_dropout,standard,1,,,0.1,one_minus_confidence,delta,cert_fail_tau0.5,False,,1.0,1.0,50,,,50.0,0.0
mc_dropout,standard,1,,,0.1,one_minus_confidence,delta,cert_fail_tau0.9,False,,1.0,1.0,50,,,50.0,0.0
mc_dropout,standard,1,,,0.1,one_minus_confidence,delta,cert_fail_tau0.95,False,,1.0,1.0,50,,,50.0,0.0
mc_dropout,standard,1,,,0.15,mutual_information,clean,adv_error,False,,1.0,1.0,50,,,,
mc_dropout,standard,1,,,0.15,mutual_information,clean,cert_fail_tau0.5,True,,,,0,,,0.0,50.0
mc_dropout,standard,1,,,0.15,mutual_information,clean,cert_fail_tau0.9,True,,,,0,,,0.0,50.0
mc_dropout,standard,1,,,0.15,mutual_information,clean,cert_fail_tau0.95,True,,,,0,,,0.0,50.0
mc_dropout,standard,1,,,0.15,mutual_information,adv,adv_error,False,,1.0,1.0,50,,,,
mc_dropout,standard,1,,,0.15,mutual_information,adv,cert_fail_tau0.5,True,,,,0,,,0.0,50.0
mc_dropout,standard,1,,,0.15,mutual_information,adv,cert_fail_tau0.9,True,,,,0,,,0.0,50.0
mc_dropout,standard,1,,,0.15,mutual_information,adv,cert_fail_tau0.95,True,,,,0,,,0.0,50.0
mc_dropout,standard,1,,,0.15,mutual_information,delta,adv_error,False,,1.0,1.0,50,,,,
mc_dropout,standard,1,,,0.15,mutual_information,delta,cert_fail_tau0.5,True,,,,0,,,0.0,50.0
mc_dropout,standard,1,,,0.15,mutual_information,delta,cert_fail_tau0.9,True,,,,0,,,0.0,50.0
mc_dropout,standard,1,,,0.15,mutual_information,delta,cert_fail_tau0.95,True,,,,0,,,0.0,50.0
mc_dropout,standard,1,,,0.15,one_minus_confidence,clean,adv_error,False,,1.0,1.0,50,,,,
mc_dropout,standard,1,,,0.15,one_minus_confidence,clean,cert_fail_tau0.5,True,,,,0,,,0.0,50.0
mc_dropout,standard,1,,,0.15,one_minus_confidence,clean,cert_fail_tau0.9,True,,,,0,,,0.0,50.0
mc_dropout,standard,1,,,0.15,one_minus_confidence,clean,cert_fail_tau0.95,True,,,,0,,,0.0,50.0
mc_dropout,standard,1,,,0.15,one_minus_confidence,adv,adv_error,False,,1.0,1.0,50,,,,
mc_dropout,standard,1,,,0.15,one_minus_confidence,adv,cert_fail_tau0.5,True,,,,0,,,0.0,50.0
mc_dropout,standard,1,,,0.15,one_minus_confidence,adv,cert_fail_tau0.9,True,,,,0,,,0.0,50.0
mc_dropout,standard,1,,,0.15,one_minus_confidence,adv,cert_fail_tau0.95,True,,,,0,,,0.0,50.0
mc_dropout,standard,1,,,0.15,one_minus_confidence,delta,adv_error,False,,1.0,1.0,50,,,,
mc_dropout,standard,1,,,0.15,one_minus_confidence,delta,cert_fail_tau0.5,True,,,,0,,,0.0,50.0
mc_dropout,standard,1,,,0.15,one_minus_confidence,delta,cert_fail_tau0.9,True,,,,0,,,0.0,50.0
mc_dropout,standard,1,,,0.15,one_minus_confidence,delta,cert_fail_tau0.95,True,,,,0,,,0.0,50.0
mc_dropout,standard,2,,,0.01,mutual_information,clean,adv_error,False,,,0.0,50,0.7329568651779043,0.62631156688421,,
mc_dropout,standard,2,,,0.01,mutual_information,clean,cert_fail_tau0.5,False,,,0.0,50,,,50.0,0.0
mc_dropout,standard,2,,,0.01,mutual_information,clean,cert_fail_tau0.9,False,,,0.0,40,,,40.0,10.0
mc_dropout,standard,2,,,0.01,mutual_information,clean,cert_fail_tau0.95,True,,,1.0,1,,,1.0,49.0
mc_dropout,standard,2,,,0.01,mutual_information,adv,adv_error,False,,,0.0,50,0.7231201088015171,0.6269135001536805,,
mc_dropout,standard,2,,,0.01,mutual_information,adv,cert_fail_tau0.5,False,,,0.0,50,,,50.0,0.0
mc_dropout,standard,2,,,0.01,mutual_information,adv,cert_fail_tau0.9,False,,,0.0,40,,,40.0,10.0
mc_dropout,standard,2,,,0.01,mutual_information,adv,cert_fail_tau0.95,True,,,1.0,1,,,1.0,49.0
mc_dropout,standard,2,,,0.01,mutual_information,delta,adv_error,False,,,0.0,50,0.7192091092783753,0.623151417219489,,
mc_dropout,standard,2,,,0.01,mutual_information,delta,cert_fail_tau0.5,False,,,0.0,50,,,50.0,0.0
mc_dropout,standard,2,,,0.01,mutual_information,delta,cert_fail_tau0.9,False,,,0.0,40,,,40.0,10.0
mc_dropout,standard,2,,,0.01,mutual_information,delta,cert_fail_tau0.95,True,,,1.0,1,,,1.0,49.0
mc_dropout,standard,2,,,0.01,one_minus_confidence,clean,adv_error,False,,,0.0,50,0.7389705487057229,0.6270644583749461,,
mc_dropout,standard,2,,,0.01,one_minus_confidence,clean,cert_fail_tau0.5,False,,,0.0,50,,,50.0,0.0
mc_dropout,standard,2,,,0.01,one_minus_confidence,clean,cert_fail_tau0.9,False,,,0.0,40,,,40.0,10.0
mc_dropout,standard,2,,,0.01,one_minus_confidence,clean,cert_fail_tau0.95,True,,,1.0,1,,,1.0,49.0
mc_dropout,standard,2,,,0.01,one_minus_confidence,adv,adv_error,False,,,0.0,50,0.7274739907901081,0.6197647069118866,,
mc_dropout,standard,2,,,0.01,one_minus_confidence,adv,cert_fail_tau0.5,False,,,0.0,50,,,50.0,0.0
mc_dropout,standard,2,,,0.01,one_minus_confidence,adv,cert_fail_tau0.9,False,,,0.0,40,,,40.0,10.0
mc_dropout,standard,2,,,0.01,one_minus_confidence,adv,cert_fail_tau0.95,True,,,1.0,1,,,1.0,49.0
mc_dropout,standard,2,,,0.01,one_minus_confidence,delta,adv_error,False,,,0.0,50,0.7259923737009225,0.6148734118719069,,
mc_dropout,standard,2,,,0.01,one_minus_confidence,delta,cert_fail_tau0.5,False,,,0.0,50,,,50.0,0.0
mc_dropout,standard,2,,,0.01,one_minus_confidence,delta,cert_fail_tau0.9,False,,,0.0,40,,,40.0,10.0
mc_dropout,standard,2,,,0.01,one_minus_confidence,delta,cert_fail_tau0.95,True,,,1.0,1,,,1.0,49.0
mc_dropout,standard,2,,,0.03,mutual_information,clean,adv_error,False,0.9155555555555556,0.4658119658119658,0.1,50,,,,
mc_dropout,standard,2,,,0.03,mutual_information,clean,cert_fail_tau0.5,True,,,,0,,,0.0,50.0
mc_dropout,standard,2,,,0.03,mutual_information,clean,cert_fail_tau0.9,True,,,,0,,,0.0,50.0
mc_dropout,standard,2,,,0.03,mutual_information,clean,cert_fail_tau0.95,True,,,,0,,,0.0,50.0
mc_dropout,standard,2,,,0.03,mutual_information,adv,adv_error,False,0.8755555555555555,0.3393939393939394,0.1,50,,,,
mc_dropout,standard,2,,,0.03,mutual_information,adv,cert_fail_tau0.5,True,,,,0,,,0.0,50.0
mc_dropout,standard,2,,,0.03,mutual_information,adv,cert_fail_tau0.9,True,,,,0,,,0.0,50.0
mc_dropout,standard,2,,,0.03,mutual_information,adv,cert_fail_tau0.95,True,,,,0,,,0.0,50.0
mc_dropout,standard,2,,,0.03,mutual_information,delta,adv_error,False,0.8755555555555555,0.3660606060606061,0.1,50,,,,
mc_dropout,standard,2,,,0.03,mutual_information,delta,cert_fail_tau0.5,True,,,,0,,,0.0,50.0
mc_dropout,standard,2,,,0.03,mutual_information,delta,cert_fail_tau0.9,True,,,,0,,,0.0,50.0
mc_dropout,standard,2,,,0.03,mutual_information,delta,cert_fail_tau0.95,True,,,,0,,,0.0,50.0
mc_dropout,standard,2,,,0.03,one_minus_confidence,clean,adv_error,False,0.9377777777777778,0.6309523809523809,0.1,50,,,,
mc_dropout,standard,2,,,0.03,one_minus_confidence,clean,cert_fail_tau0.5,True,,,,0,,,0.0,50.0
mc_dropout,standard,2,,,0.03,one_minus_confidence,clean,cert_fail_tau0.9,True,,,,0,,,0.0,50.0
mc_dropout,standard,2,,,0.03,one_minus_confidence,clean,cert_fail_tau0.95,True,,,,0,,,0.0,50.0
mc_dropout,standard,2,,,0.03,one_minus_confidence,adv,adv_error,False,0.9911111111111112,0.9428571428571428,0.1,50,,,,
mc_dropout,standard,2,,,0.03,one_minus_confidence,adv,cert_fail_tau0.5,True,,,,0,,,0.0,50.0
mc_dropout,standard,2,,,0.03,one_minus_confidence,adv,cert_fail_tau0.9,True,,,,0,,,0.0,50.0
mc_dropout,standard,2,,,0.03,one_minus_confidence,adv,cert_fail_tau0.95,True,,,,0,,,0.0,50.0
mc_dropout,standard,2,,,0.03,one_minus_confidence,delta,adv_error,False,0.9911111111111112,0.9428571428571428,0.1,50,,,,
mc_dropout,standard,2,,,0.03,one_minus_confidence,delta,cert_fail_tau0.5,True,,,,0,,,0.0,50.0
mc_dropout,standard,2,,,0.03,one_minus_confidence,delta,cert_fail_tau0.9,True,,,,0,,,0.0,50.0
mc_dropout,standard,2,,,0.03,one_minus_confidence,delta,cert_fail_tau0.95,True,,,,0,,,0.0,50.0
mc_dropout,standard,2,,,0.05,mutual_information,clean,adv_error,False,0.9243156199677939,0.9081083045316705,0.46,50,0.09194227184783403,0.7455861046196642,,
mc_dropout,standard,2,,,0.05,mutual_information,clean,cert_fail_tau0.5,False,,1.0,1.0,26,,,26.0,24.0
mc_dropout,standard,2,,,0.05,mutual_information,clean,cert_fail_tau0.9,False,,1.0,1.0,32,,,32.0,18.0
mc_dropout,standard,2,,,0.05,mutual_information,clean,cert_fail_tau0.95,False,,1.0,1.0,34,,,34.0,16.0
mc_dropout,standard,2,,,0.05,mutual_information,adv,adv_error,False,0.7020933977455717,0.682978249328733,0.46,50,0.15559461389633453,0.4259050723276837,,
mc_dropout,standard,2,,,0.05,mutual_information,adv,cert_fail_tau0.5,False,,1.0,1.0,26,,,26.0,24.0
mc_dropout,standard,2,,,0.05,mutual_information,adv,cert_fail_tau0.9,False,,1.0,1.0,32,,,32.0,18.0
mc_dropout,standard,2,,,0.05,mutual_information,adv,cert_fail_tau0.95,False,,1.0,1.0,34,,,34.0,16.0
mc_dropout,standard,2,,,0.05,mutual_information,delta,adv_error,False,0.677938808373591,0.6726909347558436,0.46,50,0.13437716654683435,0.3698383809112813,,
mc_dropout,standard,2,,,0.05,mutual_information,delta,cert_fail_tau0.5,False,,1.0,1.0,26,,,26.0,24.0
mc_dropout,standard,2,,,0.05,mutual_information,delta,cert_fail_tau0.9,False,,1.0,1.0,32,,,32.0,18.0
mc_dropout,standard,2,,,0.05,mutual_information,delta,cert_fail_tau0.95,False,,1.0,1.0,34,,,34.0,16.0
mc_dropout,standard,2,,,0.05,one_minus_confidence,clean,adv_error,False,0.9355877616747182,0.9219372139622612,0.46,50,0.10971571482337772,0.7687888111590693,,
mc_dropout,standard,2,,,0.05,one_minus_confidence,clean,cert_fail_tau0.5,False,,1.0,1.0,26,,,26.0,24.0
mc_dropout,standard,2,,,0.05,one_minus_confidence,clean,cert_fail_tau0.9,False,,1.0,1.0,32,,,32.0,18.0
mc_dropout,standard,2,,,0.05,one_minus_confidence,clean,cert_fail_tau0.95,False,,1.0,1.0,34,,,34.0,16.0
mc_dropout,standard,2,,,0.05,one_minus_confidence,adv,adv_error,False,0.7085346215780999,0.609462688336035,0.46,50,0.20510199104516824,0.4410387551007486,,
mc_dropout,standard,2,,,0.05,one_minus_confidence,adv,cert_fail_tau0.5,False,,1.0,1.0,26,,,26.0,24.0
mc_dropout,standard,2,,,0.05,one_minus_confidence,adv,cert_fail_tau0.9,False,,1.0,1.0,32,,,32.0,18.0
mc_dropout,standard,2,,,0.05,one_minus_confidence,adv,cert_fail_tau0.95,False,,1.0,1.0,34,,,34.0,16.0
mc_dropout,standard,2,,,0.05,one_minus_confidence,delta,adv_error,False,0.6924315619967794,0.6039757449134455,0.46,50,0.19095702614550147,0.4012587889544066,,
mc_dropout,standard,2,,,0.05,one_minus_confidence,delta,cert_fail_tau0.5,False,,1.0,1.0,26,,,26.0,24.0
mc_dropout,standard,2,,,0.05,one_minus_confidence,delta,cert_fail_tau0.9,False,,1.0,1.0,32,,,32.0,18.0
mc_dropout,standard,2,,,0.05,one_minus_confidence,delta,cert_fail_tau0.95,False,,1.0,1.0,34,,,34.0,16.0
mc_dropout,standard,2,,,0.07,mutual_information,clean,adv_error,False,0.8363970588235294,0.9187346083906077,0.68,50,,0.6140466345667799,,
mc_dropout,standard,2,,,0.07,mutual_information,clean,cert_fail_tau0.5,False,,1.0,1.0,34,,,34.0,16.0
mc_dropout,standard,2,,,0.07,mutual_information,clean,cert_fail_tau0.9,False,,1.0,1.0,48,,,48.0,2.0
mc_dropout,standard,2,,,0.07,mutual_information,clean,cert_fail_tau0.95,False,,1.0,1.0,48,,,48.0,2.0
mc_dropout,standard,2,,,0.07,mutual_information,adv,adv_error,False,0.16544117647058823,0.5142377370824562,0.68,50,,-0.6475158208013176,,
mc_dropout,standard,2,,,0.07,mutual_information,adv,cert_fail_tau0.5,False,,1.0,1.0,34,,,34.0,16.0
mc_dropout,standard,2,,,0.07,mutual_information,adv,cert_fail_tau0.9,False,,1.0,1.0,48,,,48.0,2.0
mc_dropout,standard,2,,,0.07,mutual_information,adv,cert_fail_tau0.95,False,,1.0,1.0,48,,,48.0,2.0
mc_dropout,standard,2,,,0.07,mutual_information,delta,adv_error,False,0.15441176470588236,0.5109252904081447,0.68,50,,-0.6666630699815057,,
mc_dropout,standard,2,,,0.07,mutual_information,delta,cert_fail_tau0.5,False,,1.0,1.0,34,,,34.0,16.0
mc_dropout,standard,2,,,0.07,mutual_information,delta,cert_fail_tau0.9,False,,1.0,1.0,48,,,48.0,2.0
mc_dropout,standard,2,,,0.07,mutual_information,delta,cert_fail_tau0.95,False,,1.0,1.0,48,,,48.0,2.0
mc_dropout,standard,2,,,0.07,one_minus_confidence,clean,adv_error,False,0.8556985294117647,0.9300697644439291,0.68,50,,0.6383248298789891,,
mc_dropout,standard,2,,,0.07,one_minus_confidence,clean,cert_fail_tau0.5,False,,1.0,1.0,34,,,34.0,16.0
mc_dropout,standard,2,,,0.07,one_minus_confidence,clean,cert_fail_tau0.9,False,,1.0,1.0,48,,,48.0,2.0
mc_dropout,standard,2,,,0.07,one_minus_confidence,clean,cert_fail_tau0.95,False,,1.0,1.0,48,,,48.0,2.0
mc_dropout,standard,2,,,0.07,one_minus_confidence,adv,adv_error,False,0.17095588235294118,0.5388894776454607,0.68,50,,-0.6726690435849426,,
mc_dropout,standard,2,,,0.07,one_minus_confidence,adv,cert_fail_tau0.5,False,,1.0,1.0,34,,,34.0,16.0
mc_dropout,standard,2,,,0.07,one_minus_confidence,adv,cert_fail_tau0.9,False,,1.0,1.0,48,,,48.0,2.0
mc_dropout,standard,2,,,0.07,one_minus_confidence,adv,cert_fail_tau0.95,False,,1.0,1.0,48,,,48.0,2.0
mc_dropout,standard,2,,,0.07,one_minus_confidence,delta,adv_error,False,0.15992647058823528,0.5358277314483567,0.68,50,,-0.6905842981798103,,
mc_dropout,standard,2,,,0.07,one_minus_confidence,delta,cert_fail_tau0.5,False,,1.0,1.0,34,,,34.0,16.0
mc_dropout,standard,2,,,0.07,one_minus_confidence,delta,cert_fail_tau0.9,False,,1.0,1.0,48,,,48.0,2.0
mc_dropout,standard,2,,,0.07,one_minus_confidence,delta,cert_fail_tau0.95,False,,1.0,1.0,48,,,48.0,2.0
mc_dropout,standard,2,,,0.08,mutual_information,clean,adv_error,False,0.8888888888888888,0.9758874734022303,0.82,50,,0.587538603034547,,
mc_dropout,standard,2,,,0.08,mutual_information,clean,cert_fail_tau0.5,False,,1.0,1.0,44,,,44.0,6.0
mc_dropout,standard,2,,,0.08,mutual_information,clean,cert_fail_tau0.9,False,,1.0,1.0,49,,,49.0,1.0
mc_dropout,standard,2,,,0.08,mutual_information,clean,cert_fail_tau0.95,False,,1.0,1.0,49,,,49.0,1.0
mc_dropout,standard,2,,,0.08,mutual_information,adv,adv_error,False,0.16531165311653118,0.7127735032008067,0.82,50,,-0.795001603908042,,
mc_dropout,standard,2,,,0.08,mutual_information,adv,cert_fail_tau0.5,False,,1.0,1.0,44,,,44.0,6.0
mc_dropout,standard,2,,,0.08,mutual_information,adv,cert_fail_tau0.9,False,,1.0,1.0,49,,,49.0,1.0
mc_dropout,standard,2,,,0.08,mutual_information,adv,cert_fail_tau0.95,False,,1.0,1.0,49,,,49.0,1.0
mc_dropout,standard,2,,,0.08,mutual_information,delta,adv_error,False,0.15718157181571815,0.7103665712367502,0.82,50,,-0.8065831479282549,,
mc_dropout,standard,2,,,0.08,mutual_information,delta,cert_fail_tau0.5,False,,1.0,1.0,44,,,44.0,6.0
mc_dropout,standard,2,,,0.08,mutual_information,delta,cert_fail_tau0.9,False,,1.0,1.0,49,,,49.0,1.0
mc_dropout,standard,2,,,0.08,mutual_information,delta,cert_fail_tau0.95,False,,1.0,1.0,49,,,49.0,1.0
mc_dropout,standard,2,,,0.08,one_minus_confidence,clean,adv_error,False,0.8861788617886179,0.9738452323276455,0.82,50,,0.610712715105388,,
mc_dropout,standard,2,,,0.08,one_minus_confidence,clean,cert_fail_tau0.5,False,,1.0,1.0,44,,,44.0,6.0
mc_dropout,standard,2,,,0.08,one_minus_confidence,clean,cert_fail_tau0.9,False,,1.0,1.0,49,,,49.0,1.0
mc_dropout,standard,2,,,0.08,one_minus_confidence,clean,cert_fail_tau0.95,False,,1.0,1.0,49,,,49.0,1.0
mc_dropout,standard,2,,,0.08,one_minus_confidence,adv,adv_error,False,0.10840108401084012,0.6652055544614843,0.82,50,,-0.8020880281030581,,
mc_dropout,standard,2,,,0.08,one_minus_confidence,adv,cert_fail_tau0.5,False,,1.0,1.0,44,,,44.0,6.0
mc_dropout,standard,2,,,0.08,one_minus_confidence,adv,cert_fail_tau0.9,False,,1.0,1.0,49,,,49.0,1.0
mc_dropout,standard,2,,,0.08,one_minus_confidence,adv,cert_fail_tau0.95,False,,1.0,1.0,49,,,49.0,1.0
mc_dropout,standard,2,,,0.08,one_minus_confidence,delta,adv_error,False,0.10569105691056911,0.66451924889713,0.82,50,,-0.8071119855547485,,
mc_dropout,standard,2,,,0.08,one_minus_confidence,delta,cert_fail_tau0.5,False,,1.0,1.0,44,,,44.0,6.0
mc_dropout,standard,2,,,0.08,one_minus_confidence,delta,cert_fail_tau0.9,False,,1.0,1.0,49,,,49.0,1.0
mc_dropout,standard,2,,,0.08,one_minus_confidence,delta,cert_fail_tau0.95,False,,1.0,1.0,49,,,49.0,1.0
mc_dropout,standard,2,,,0.1,mutual_information,clean,adv_error,False,,1.0,1.0,50,,0.4769413086569187,,
mc_dropout,standard,2,,,0.1,mutual_information,clean,cert_fail_tau0.5,False,,1.0,1.0,49,,,49.0,1.0
mc_dropout,standard,2,,,0.1,mutual_information,clean,cert_fail_tau0.9,False,,1.0,1.0,50,,,50.0,0.0
mc_dropout,standard,2,,,0.1,mutual_information,clean,cert_fail_tau0.95,False,,1.0,1.0,50,,,50.0,0.0
mc_dropout,standard,2,,,0.1,mutual_information,adv,adv_error,False,,1.0,1.0,50,,-0.7149769563193284,,
mc_dropout,standard,2,,,0.1,mutual_information,adv,cert_fail_tau0.5,False,,1.0,1.0,49,,,49.0,1.0
mc_dropout,standard,2,,,0.1,mutual_information,adv,cert_fail_tau0.9,False,,1.0,1.0,50,,,50.0,0.0
mc_dropout,standard,2,,,0.1,mutual_information,adv,cert_fail_tau0.95,False,,1.0,1.0,50,,,50.0,0.0
mc_dropout,standard,2,,,0.1,mutual_information,delta,adv_error,False,,1.0,1.0,50,,-0.7425273785024776,,
mc_dropout,standard,2,,,0.1,mutual_information,delta,cert_fail_tau0.5,False,,1.0,1.0,49,,,49.0,1.0
mc_dropout,standard,2,,,0.1,mutual_information,delta,cert_fail_tau0.9,False,,1.0,1.0,50,,,50.0,0.0
mc_dropout,standard,2,,,0.1,mutual_information,delta,cert_fail_tau0.95,False,,1.0,1.0,50,,,50.0,0.0
mc_dropout,standard,2,,,0.1,one_minus_confidence,clean,adv_error,False,,1.0,1.0,50,,0.505409630971898,,
mc_dropout,standard,2,,,0.1,one_minus_confidence,clean,cert_fail_tau0.5,False,,1.0,1.0,49,,,49.0,1.0
mc_dropout,standard,2,,,0.1,one_minus_confidence,clean,cert_fail_tau0.9,False,,1.0,1.0,50,,,50.0,0.0
mc_dropout,standard,2,,,0.1,one_minus_confidence,clean,cert_fail_tau0.95,False,,1.0,1.0,50,,,50.0,0.0
mc_dropout,standard,2,,,0.1,one_minus_confidence,adv,adv_error,False,,1.0,1.0,50,,-0.7328992309605771,,
mc_dropout,standard,2,,,0.1,one_minus_confidence,adv,cert_fail_tau0.5,False,,1.0,1.0,49,,,49.0,1.0
mc_dropout,standard,2,,,0.1,one_minus_confidence,adv,cert_fail_tau0.9,False,,1.0,1.0,50,,,50.0,0.0
mc_dropout,standard,2,,,0.1,one_minus_confidence,adv,cert_fail_tau0.95,False,,1.0,1.0,50,,,50.0,0.0
mc_dropout,standard,2,,,0.1,one_minus_confidence,delta,adv_error,False,,1.0,1.0,50,,-0.7506475029354058,,
mc_dropout,standard,2,,,0.1,one_minus_confidence,delta,cert_fail_tau0.5,False,,1.0,1.0,49,,,49.0,1.0
mc_dropout,standard,2,,,0.1,one_minus_confidence,delta,cert_fail_tau0.9,False,,1.0,1.0,50,,,50.0,0.0
mc_dropout,standard,2,,,0.1,one_minus_confidence,delta,cert_fail_tau0.95,False,,1.0,1.0,50,,,50.0,0.0
mc_dropout,standard,2,,,0.15,mutual_information,clean,adv_error,False,,1.0,1.0,50,,,,
mc_dropout,standard,2,,,0.15,mutual_information,clean,cert_fail_tau0.5,True,,,,0,,,0.0,50.0
mc_dropout,standard,2,,,0.15,mutual_information,clean,cert_fail_tau0.9,True,,,,0,,,0.0,50.0
mc_dropout,standard,2,,,0.15,mutual_information,clean,cert_fail_tau0.95,True,,,,0,,,0.0,50.0
mc_dropout,standard,2,,,0.15,mutual_information,adv,adv_error,False,,1.0,1.0,50,,,,
mc_dropout,standard,2,,,0.15,mutual_information,adv,cert_fail_tau0.5,True,,,,0,,,0.0,50.0
mc_dropout,standard,2,,,0.15,mutual_information,adv,cert_fail_tau0.9,True,,,,0,,,0.0,50.0
mc_dropout,standard,2,,,0.15,mutual_information,adv,cert_fail_tau0.95,True,,,,0,,,0.0,50.0
mc_dropout,standard,2,,,0.15,mutual_information,delta,adv_error,False,,1.0,1.0,50,,,,
mc_dropout,standard,2,,,0.15,mutual_information,delta,cert_fail_tau0.5,True,,,,0,,,0.0,50.0
mc_dropout,standard,2,,,0.15,mutual_information,delta,cert_fail_tau0.9,True,,,,0,,,0.0,50.0
mc_dropout,standard,2,,,0.15,mutual_information,delta,cert_fail_tau0.95,True,,,,0,,,0.0,50.0
mc_dropout,standard,2,,,0.15,one_minus_confidence,clean,adv_error,False,,1.0,1.0,50,,,,
mc_dropout,standard,2,,,0.15,one_minus_confidence,clean,cert_fail_tau0.5,True,,,,0,,,0.0,50.0
mc_dropout,standard,2,,,0.15,one_minus_confidence,clean,cert_fail_tau0.9,True,,,,0,,,0.0,50.0
mc_dropout,standard,2,,,0.15,one_minus_confidence,clean,cert_fail_tau0.95,True,,,,0,,,0.0,50.0
mc_dropout,standard,2,,,0.15,one_minus_confidence,adv,adv_error,False,,1.0,1.0,50,,,,
mc_dropout,standard,2,,,0.15,one_minus_confidence,adv,cert_fail_tau0.5,True,,,,0,,,0.0,50.0
mc_dropout,standard,2,,,0.15,one_minus_confidence,adv,cert_fail_tau0.9,True,,,,0,,,0.0,50.0
mc_dropout,standard,2,,,0.15,one_minus_confidence,adv,cert_fail_tau0.95,True,,,,0,,,0.0,50.0
mc_dropout,standard,2,,,0.15,one_minus_confidence,delta,adv_error,False,,1.0,1.0,50,,,,
mc_dropout,standard,2,,,0.15,one_minus_confidence,delta,cert_fail_tau0.5,True,,,,0,,,0.0,50.0
mc_dropout,standard,2,,,0.15,one_minus_confidence,delta,cert_fail_tau0.9,True,,,,0,,,0.0,50.0
mc_dropout,standard,2,,,0.15,one_minus_confidence,delta,cert_fail_tau0.95,True,,,,0,,,0.0,50.0
mc_dropout,standard,3,,,0.01,mutual_information,clean,adv_error,False,,,0.0,50,0.6990789640368479,0.40605577273612975,,
mc_dropout,standard,3,,,0.01,mutual_information,clean,cert_fail_tau0.5,False,,,0.0,49,,,49.0,1.0
mc_dropout,standard,3,,,0.01,mutual_information,clean,cert_fail_tau0.9,False,1.0,1.0,0.023255813953488372,43,,,43.0,7.0
mc_dropout,standard,3,,,0.01,mutual_information,clean,cert_fail_tau0.95,True,,,1.0,1,,,1.0,49.0
mc_dropout,standard,3,,,0.01,mutual_information,adv,adv_error,False,,,0.0,50,0.7261626438066715,0.41165493306113243,,
mc_dropout,standard,3,,,0.01,mutual_information,adv,cert_fail_tau0.5,False,,,0.0,49,,,49.0,1.0
mc_dropout,standard,3,,,0.01,mutual_information,adv,cert_fail_tau0.9,False,1.0,1.0,0.023255813953488372,43,,,43.0,7.0
mc_dropout,standard,3,,,0.01,mutual_information,adv,cert_fail_tau0.95,True,,,1.0,1,,,1.0,49.0
mc_dropout,standard,3,,,0.01,mutual_information,delta,adv_error,False,,,0.0,50,0.7263997000847444,0.41165493306113243,,
mc_dropout,standard,3,,,0.01,mutual_information,delta,cert_fail_tau0.5,False,,,0.0,49,,,49.0,1.0
mc_dropout,standard,3,,,0.01,mutual_information,delta,cert_fail_tau0.9,False,1.0,1.0,0.023255813953488372,43,,,43.0,7.0
mc_dropout,standard,3,,,0.01,mutual_information,delta,cert_fail_tau0.95,True,,,1.0,1,,,1.0,49.0
mc_dropout,standard,3,,,0.01,one_minus_confidence,clean,adv_error,False,,,0.0,50,0.6963513323737769,0.4117241362108288,,
mc_dropout,standard,3,,,0.01,one_minus_confidence,clean,cert_fail_tau0.5,False,,,0.0,49,,,49.0,1.0
mc_dropout,standard,3,,,0.01,one_minus_confidence,clean,cert_fail_tau0.9,False,1.0,1.0,0.023255813953488372,43,,,43.0,7.0
mc_dropout,standard,3,,,0.01,one_minus_confidence,clean,cert_fail_tau0.95,True,,,1.0,1,,,1.0,49.0
mc_dropout,standard,3,,,0.01,one_minus_confidence,adv,adv_error,False,,,0.0,50,0.7246391765076222,0.41166481708896346,,
mc_dropout,standard,3,,,0.01,one_minus_confidence,adv,cert_fail_tau0.5,False,,,0.0,49,,,49.0,1.0
mc_dropout,standard,3,,,0.01,one_minus_confidence,adv,cert_fail_tau0.9,False,1.0,1.0,0.023255813953488372,43,,,43.0,7.0
mc_dropout,standard,3,,,0.01,one_minus_confidence,adv,cert_fail_tau0.95,True,,,1.0,1,,,1.0,49.0
mc_dropout,standard,3,,,0.01,one_minus_confidence,delta,adv_error,False,,,0.0,50,0.7251307115936406,0.41144139227830523,,
mc_dropout,standard,3,,,0.01,one_minus_confidence,delta,cert_fail_tau0.5,False,,,0.0,49,,,49.0,1.0
mc_dropout,standard,3,,,0.01,one_minus_confidence,delta,cert_fail_tau0.9,False,1.0,1.0,0.023255813953488372,43,,,43.0,7.0
mc_dropout,standard,3,,,0.01,one_minus_confidence,delta,cert_fail_tau0.95,True,,,1.0,1,,,1.0,49.0
mc_dropout,standard,3,,,0.03,mutual_information,clean,adv_error,False,0.9791666666666666,0.75,0.04,50,,,,
mc_dropout,standard,3,,,0.03,mutual_information,clean,cert_fail_tau0.5,True,,,,0,,,0.0,50.0
mc_dropout,standard,3,,,0.03,mutual_information,clean,cert_fail_tau0.9,True,,,,0,,,0.0,50.0
mc_dropout,standard,3,,,0.03,mutual_information,clean,cert_fail_tau0.95,True,,,,0,,,0.0,50.0
mc_dropout,standard,3,,,0.03,mutual_information,adv,adv_error,False,0.9583333333333334,0.6666666666666666,0.04,50,,,,
mc_dropout,standard,3,,,0.03,mutual_information,adv,cert_fail_tau0.5,True,,,,0,,,0.0,50.0
mc_dropout,standard,3,,,0.03,mutual_information,adv,cert_fail_tau0.9,True,,,,0,,,0.0,50.0
mc_dropout,standard,3,,,0.03,mutual_information,adv,cert_fail_tau0.95,True,,,,0,,,0.0,50.0
mc_dropout,standard,3,,,0.03,mutual_information,delta,adv_error,False,0.875,0.2,0.04,50,,,,
mc_dropout,standard,3,,,0.03,mutual_information,delta,cert_fail_tau0.5,True,,,,0,,,0.0,50.0
mc_dropout,standard,3,,,0.03,mutual_information,delta,cert_fail_tau0.9,True,,,,0,,,0.0,50.0
mc_dropout,standard,3,,,0.03,mutual_information,delta,cert_fail_tau0.95,True,,,,0,,,0.0,50.0
mc_dropout,standard,3,,,0.03,one_minus_confidence,clean,adv_error,False,0.9895833333333334,0.8333333333333333,0.04,50,,,,
mc_dropout,standard,3,,,0.03,one_minus_confidence,clean,cert_fail_tau0.5,True,,,,0,,,0.0,50.0
mc_dropout,standard,3,,,0.03,one_minus_confidence,clean,cert_fail_tau0.9,True,,,,0,,,0.0,50.0
mc_dropout,standard,3,,,0.03,one_minus_confidence,clean,cert_fail_tau0.95,True,,,,0,,,0.0,50.0
mc_dropout,standard,3,,,0.03,one_minus_confidence,adv,adv_error,False,0.9583333333333334,0.41666666666666663,0.04,50,,,,
mc_dropout,standard,3,,,0.03,one_minus_confidence,adv,cert_fail_tau0.5,True,,,,0,,,0.0,50.0
mc_dropout,standard,3,,,0.03,one_minus_confidence,adv,cert_fail_tau0.9,True,,,,0,,,0.0,50.0
mc_dropout,standard,3,,,0.03,one_minus_confidence,adv,cert_fail_tau0.95,True,,,,0,,,0.0,50.0
mc_dropout,standard,3,,,0.03,one_minus_confidence,delta,adv_error,False,0.9479166666666666,0.3666666666666667,0.04,50,,,,
mc_dropout,standard,3,,,0.03,one_minus_confidence,delta,cert_fail_tau0.5,True,,,,0,,,0.0,50.0
mc_dropout,standard,3,,,0.03,one_minus_confidence,delta,cert_fail_tau0.9,True,,,,0,,,0.0,50.0
mc_dropout,standard,3,,,0.03,one_minus_confidence,delta,cert_fail_tau0.95,True,,,,0,,,0.0,50.0
mc_dropout,standard,3,,,0.05,mutual_information,clean,adv_error,False,0.8968253968253969,0.7479766265480551,0.28,50,0.19303855870238748,0.7754287255003094,,
mc_dropout,standard,3,,,0.05,mutual_information,clean,cert_fail_tau0.5,False,,1.0,1.0,18,,,18.0,32.0
mc_dropout,standard,3,,,0.05,mutual_information,clean,cert_fail_tau0.9,False,,1.0,1.0,30,,,30.0,20.0
mc_dropout,standard,3,,,0.05,mutual_information,clean,cert_fail_tau0.95,False,,1.0,1.0,32,,,32.0,18.0
mc_dropout,standard,3,,,0.05,mutual_information,adv,adv_error,False,0.6388888888888888,0.38466982786980025,0.28,50,0.24253562503633297,0.6004720761905645,,
mc_dropout,standard,3,,,0.05,mutual_information,adv,cert_fail_tau0.5,False,,1.0,1.0,18,,,18.0,32.0
mc_dropout,standard,3,,,0.05,mutual_information,adv,cert_fail_tau0.9,False,,1.0,1.0,30,,,30.0,20.0
mc_dropout,standard,3,,,0.05,mutual_information,adv,cert_fail_tau0.95,False,,1.0,1.0,32,,,32.0,18.0
mc_dropout,standard,3,,,0.05,mutual_information,delta,adv_error,False,0.6051587301587301,0.3973689599745663,0.28,50,0.23263621176954385,0.5269458684370487,,
mc_dropout,standard,3,,,0.05,mutual_information,delta,cert_fail_tau0.5,False,,1.0,1.0,18,,,18.0,32.0
mc_dropout,standard,3,,,0.05,mutual_information,delta,cert_fail_tau0.9,False,,1.0,1.0,30,,,30.0,20.0
mc_dropout,standard,3,,,0.05,mutual_information,delta,cert_fail_tau0.95,False,,1.0,1.0,32,,,32.0,18.0
mc_dropout,standard,3,,,0.05,one_minus_confidence,clean,adv_error,False,0.8968253968253969,0.7477207549686541,0.28,50,0.1930710103389456,0.8006191724108022,,
mc_dropout,standard,3,,,0.05,one_minus_confidence,clean,cert_fail_tau0.5,False,,1.0,1.0,18,,,18.0,32.0
mc_dropout,standard,3,,,0.05,one_minus_confidence,clean,cert_fail_tau0.9,False,,1.0,1.0,30,,,30.0,20.0
mc_dropout,standard,3,,,0.05,one_minus_confidence,clean,cert_fail_tau0.95,False,,1.0,1.0,32,,,32.0,18.0
mc_dropout,standard,3,,,0.05,one_minus_confidence,adv,adv_error,False,0.6190476190476191,0.33522956538632204,0.28,50,0.24253562503633297,0.6137965892174657,,
mc_dropout,standard,3,,,0.05,one_minus_confidence,adv,cert_fail_tau0.5,False,,1.0,1.0,18,,,18.0,32.0
mc_dropout,standard,3,,,0.05,one_minus_confidence,adv,cert_fail_tau0.9,False,,1.0,1.0,30,,,30.0,20.0
mc_dropout,standard,3,,,0.05,one_minus_confidence,adv,cert_fail_tau0.95,False,,1.0,1.0,32,,,32.0,18.0
mc_dropout,standard,3,,,0.05,one_minus_confidence,delta,adv_error,False,0.5813492063492064,0.323097433499304,0.28,50,0.23263621176954385,0.5421531930873162,,
mc_dropout,standard,3,,,0.05,one_minus_confidence,delta,cert_fail_tau0.5,False,,1.0,1.0,18,,,18.0,32.0
mc_dropout,standard,3,,,0.05,one_minus_confidence,delta,cert_fail_tau0.9,False,,1.0,1.0,30,,,30.0,20.0
mc_dropout,standard,3,,,0.05,one_minus_confidence,delta,cert_fail_tau0.95,False,,1.0,1.0,32,,,32.0,18.0
mc_dropout,standard,3,,,0.07,mutual_information,clean,adv_error,False,0.8663101604278075,0.9363883046302681,0.66,50,,0.6903846995449183,,
mc_dropout,standard,3,,,0.07,mutual_information,clean,cert_fail_tau0.5,False,,1.0,1.0,32,,,32.0,18.0
mc_dropout,standard,3,,,0.07,mutual_information,clean,cert_fail_tau0.9,False,,1.0,1.0,43,,,43.0,7.0
mc_dropout,standard,3,,,0.07,mutual_information,clean,cert_fail_tau0.95,False,,1.0,1.0,43,,,43.0,7.0
mc_dropout,standard,3,,,0.07,mutual_information,adv,adv_error,False,0.3155080213903743,0.5569808184016397,0.66,50,,-0.43695541601509574,,
mc_dropout,standard,3,,,0.07,mutual_information,adv,cert_fail_tau0.5,False,,1.0,1.0,32,,,32.0,18.0
mc_dropout,standard,3,,,0.07,mutual_information,adv,cert_fail_tau0.9,False,,1.0,1.0,43,,,43.0,7.0
mc_dropout,standard,3,,,0.07,mutual_information,adv,cert_fail_tau0.95,False,,1.0,1.0,43,,,43.0,7.0
mc_dropout,standard,3,,,0.07,mutual_information,delta,adv_error,False,0.29233511586452765,0.5469662126887348,0.66,50,,-0.4560949862107542,,
mc_dropout,standard,3,,,0.07,mutual_information,delta,cert_fail_tau0.5,False,,1.0,1.0,32,,,32.0,18.0
mc_dropout,standard,3,,,0.07,mutual_information,delta,cert_fail_tau0.9,False,,1.0,1.0,43,,,43.0,7.0
mc_dropout,standard,3,,,0.07,mutual_information,delta,cert_fail_tau0.95,False,,1.0,1.0,43,,,43.0,7.0
mc_dropout,standard,3,,,0.07,one_minus_confidence,clean,adv_error,False,0.8841354723707665,0.945025413327544,0.66,50,,0.7104695054345982,,
mc_dropout,standard,3,,,0.07,one_minus_confidence,clean,cert_fail_tau0.5,False,,1.0,1.0,32,,,32.0,18.0
mc_dropout,standard,3,,,0.07,one_minus_confidence,clean,cert_fail_tau0.9,False,,1.0,1.0,43,,,43.0,7.0
mc_dropout,standard,3,,,0.07,one_minus_confidence,clean,cert_fail_tau0.95,False,,1.0,1.0,43,,,43.0,7.0
mc_dropout,standard,3,,,0.07,one_minus_confidence,adv,adv_error,False,0.36541889483065954,0.6142098034341038,0.66,50,,-0.37225006702875807,,
mc_dropout,standard,3,,,0.07,one_minus_confidence,adv,cert_fail_tau0.5,False,,1.0,1.0,32,,,32.0,18.0
mc_dropout,standard,3,,,0.07,one_minus_confidence,adv,cert_fail_tau0.9,False,,1.0,1.0,43,,,43.0,7.0
mc_dropout,standard,3,,,0.07,one_minus_confidence,adv,cert_fail_tau0.95,False,,1.0,1.0,43,,,43.0,7.0
mc_dropout,standard,3,,,0.07,one_minus_confidence,delta,adv_error,False,0.3511586452762923,0.6050731351604012,0.66,50,,-0.38546317132626845,,
mc_dropout,standard,3,,,0.07,one_minus_confidence,delta,cert_fail_tau0.5,False,,1.0,1.0,32,,,32.0,18.0
mc_dropout,standard,3,,,0.07,one_minus_confidence,delta,cert_fail_tau0.9,False,,1.0,1.0,43,,,43.0,7.0
mc_dropout,standard,3,,,0.07,one_minus_confidence,delta,cert_fail_tau0.95,False,,1.0,1.0,43,,,43.0,7.0
mc_dropout,standard,3,,,0.08,mutual_information,clean,adv_error,False,0.8544698544698545,0.9520972032328864,0.74,50,,0.6193814667690393,,
mc_dropout,standard,3,,,0.08,mutual_information,clean,cert_fail_tau0.5,False,,1.0,1.0,41,,,41.0,9.0
mc_dropout,standard,3,,,0.08,mutual_information,clean,cert_fail_tau0.9,False,,1.0,1.0,47,,,47.0,3.0
mc_dropout,standard,3,,,0.08,mutual_information,clean,cert_fail_tau0.95,False,,1.0,1.0,47,,,47.0,3.0
mc_dropout,standard,3,,,0.08,mutual_information,adv,adv_error,False,0.16424116424116425,0.5884835982735745,0.74,50,,-0.6550093727467161,,
mc_dropout,standard,3,,,0.08,mutual_information,adv,cert_fail_tau0.5,False,,1.0,1.0,41,,,41.0,9.0
mc_dropout,standard,3,,,0.08,mutual_information,adv,cert_fail_tau0.9,False,,1.0,1.0,47,,,47.0,3.0
mc_dropout,standard,3,,,0.08,mutual_information,adv,cert_fail_tau0.95,False,,1.0,1.0,47,,,47.0,3.0
mc_dropout,standard,3,,,0.08,mutual_information,delta,adv_error,False,0.1496881496881497,0.5839377190592576,0.74,50,,-0.6964967874901782,,
mc_dropout,standard,3,,,0.08,mutual_information,delta,cert_fail_tau0.5,False,,1.0,1.0,41,,,41.0,9.0
mc_dropout,standard,3,,,0.08,mutual_information,delta,cert_fail_tau0.9,False,,1.0,1.0,47,,,47.0,3.0
mc_dropout,standard,3,,,0.08,mutual_information,delta,cert_fail_tau0.95,False,,1.0,1.0,47,,,47.0,3.0
mc_dropout,standard,3,,,0.08,one_minus_confidence,clean,adv_error,False,0.8659043659043659,0.9559750092636974,0.74,50,,0.6524247054822478,,
mc_dropout,standard,3,,,0.08,one_minus_confidence,clean,cert_fail_tau0.5,False,,1.0,1.0,41,,,41.0,9.0
mc_dropout,standard,3,,,0.08,one_minus_confidence,clean,cert_fail_tau0.9,False,,1.0,1.0,47,,,47.0,3.0
mc_dropout,standard,3,,,0.08,one_minus_confidence,clean,cert_fail_tau0.95,False,,1.0,1.0,47,,,47.0,3.0
mc_dropout,standard,3,,,0.08,one_minus_confidence,adv,adv_error,False,0.16632016632016633,0.5843385371376667,0.74,50,,-0.6508763263851355,,
mc_dropout,standard,3,,,0.08,one_minus_confidence,adv,cert_fail_tau0.5,False,,1.0,1.0,41,,,41.0,9.0
mc_dropout,standard,3,,,0.08,one_minus_confidence,adv,cert_fail_tau0.9,False,,1.0,1.0,47,,,47.0,3.0
mc_dropout,standard,3,,,0.08,one_minus_confidence,adv,cert_fail_tau0.95,False,,1.0,1.0,47,,,47.0,3.0
mc_dropout,standard,3,,,0.08,one_minus_confidence,delta,adv_error,False,0.15592515592515593,0.581140415309514,0.74,50,,-0.6764593601928945,,
mc_dropout,standard,3,,,0.08,one_minus_confidence,delta,cert_fail_tau0.5,False,,1.0,1.0,41,,,41.0,9.0
mc_dropout,standard,3,,,0.08,one_minus_confidence,delta,cert_fail_tau0.9,False,,1.0,1.0,47,,,47.0,3.0
mc_dropout,standard,3,,,0.08,one_minus_confidence,delta,cert_fail_tau0.95,False,,1.0,1.0,47,,,47.0,3.0
mc_dropout,standard,3,,,0.1,mutual_information,clean,adv_error,False,0.7801418439716312,0.984342280907854,0.94,50,,0.5076888827168964,,
mc_dropout,standard,3,,,0.1,mutual_information,clean,cert_fail_tau0.5,False,,1.0,1.0,47,,,47.0,3.0
mc_dropout,standard,3,,,0.1,mutual_information,clean,cert_fail_tau0.9,False,,1.0,1.0,50,,,50.0,0.0
mc_dropout,standard,3,,,0.1,mutual_information,clean,cert_fail_tau0.95,False,,1.0,1.0,50,,,50.0,0.0
mc_dropout,standard,3,,,0.1,mutual_information,adv,adv_error,False,0.1702127659574468,0.9000206408744227,0.94,50,,-0.7182287064246969,,
mc_dropout,standard,3,,,0.1,mutual_information,adv,cert_fail_tau0.5,False,,1.0,1.0,47,,,47.0,3.0
mc_dropout,standard,3,,,0.1,mutual_information,adv,cert_fail_tau0.9,False,,1.0,1.0,50,,,50.0,0.0
mc_dropout,standard,3,,,0.1,mutual_information,adv,cert_fail_tau0.95,False,,1.0,1.0,50,,,50.0,0.0
mc_dropout,standard,3,,,0.1,mutual_information,delta,adv_error,False,0.1702127659574468,0.9000206408744227,0.94,50,,-0.720361355173566,,
mc_dropout,standard,3,,,0.1,mutual_information,delta,cert_fail_tau0.5,False,,1.0,1.0,47,,,47.0,3.0
mc_dropout,standard,3,,,0.1,mutual_information,delta,cert_fail_tau0.9,False,,1.0,1.0,50,,,50.0,0.0
mc_dropout,standard,3,,,0.1,mutual_information,delta,cert_fail_tau0.95,False,,1.0,1.0,50,,,50.0,0.0
mc_dropout,standard,3,,,0.1,one_minus_confidence,clean,adv_error,False,0.7943262411347518,0.9851225045676181,0.94,50,,0.5442723544532659,,
mc_dropout,standard,3,,,0.1,one_minus_confidence,clean,cert_fail_tau0.5,False,,1.0,1.0,47,,,47.0,3.0
mc_dropout,standard,3,,,0.1,one_minus_confidence,clean,cert_fail_tau0.9,False,,1.0,1.0,50,,,50.0,0.0
mc_dropout,standard,3,,,0.1,one_minus_confidence,clean,cert_fail_tau0.95,False,,1.0,1.0,50,,,50.0,0.0
mc_dropout,standard,3,,,0.1,one_minus_confidence,adv,adv_error,False,0.11347517730496454,0.8645216540456484,0.94,50,,-0.71870262836889,,
mc_dropout,standard,3,,,0.1,one_minus_confidence,adv,cert_fail_tau0.5,False,,1.0,1.0,47,,,47.0,3.0
mc_dropout,standard,3,,,0.1,one_minus_confidence,adv,cert_fail_tau0.9,False,,1.0,1.0,50,,,50.0,0.0
mc_dropout,standard,3,,,0.1,one_minus_confidence,adv,cert_fail_tau0.95,False,,1.0,1.0,50,,,50.0,0.0
mc_dropout,standard,3,,,0.1,one_minus_confidence,delta,adv_error,False,0.11347517730496454,0.8645216540456484,0.94,50,,-0.7229679258666282,,
mc_dropout,standard,3,,,0.1,one_minus_confidence,delta,cert_fail_tau0.5,False,,1.0,1.0,47,,,47.0,3.0
mc_dropout,standard,3,,,0.1,one_minus_confidence,delta,cert_fail_tau0.9,False,,1.0,1.0,50,,,50.0,0.0
mc_dropout,standard,3,,,0.1,one_minus_confidence,delta,cert_fail_tau0.95,False,,1.0,1.0,50,,,50.0,0.0
mc_dropout,standard,3,,,0.15,mutual_information,clean,adv_error,False,,1.0,1.0,50,,,,
mc_dropout,standard,3,,,0.15,mutual_information,clean,cert_fail_tau0.5,True,,,,0,,,0.0,50.0
mc_dropout,standard,3,,,0.15,mutual_information,clean,cert_fail_tau0.9,True,,,,0,,,0.0,50.0
mc_dropout,standard,3,,,0.15,mutual_information,clean,cert_fail_tau0.95,True,,,,0,,,0.0,50.0
mc_dropout,standard,3,,,0.15,mutual_information,adv,adv_error,False,,1.0,1.0,50,,,,
mc_dropout,standard,3,,,0.15,mutual_information,adv,cert_fail_tau0.5,True,,,,0,,,0.0,50.0
mc_dropout,standard,3,,,0.15,mutual_information,adv,cert_fail_tau0.9,True,,,,0,,,0.0,50.0
mc_dropout,standard,3,,,0.15,mutual_information,adv,cert_fail_tau0.95,True,,,,0,,,0.0,50.0
mc_dropout,standard,3,,,0.15,mutual_information,delta,adv_error,False,,1.0,1.0,50,,,,
mc_dropout,standard,3,,,0.15,mutual_information,delta,cert_fail_tau0.5,True,,,,0,,,0.0,50.0
mc_dropout,standard,3,,,0.15,mutual_information,delta,cert_fail_tau0.9,True,,,,0,,,0.0,50.0
mc_dropout,standard,3,,,0.15,mutual_information,delta,cert_fail_tau0.95,True,,,,0,,,0.0,50.0
mc_dropout,standard,3,,,0.15,one_minus_confidence,clean,adv_error,False,,1.0,1.0,50,,,,
mc_dropout,standard,3,,,0.15,one_minus_confidence,clean,cert_fail_tau0.5,True,,,,0,,,0.0,50.0
mc_dropout,standard,3,,,0.15,one_minus_confidence,clean,cert_fail_tau0.9,True,,,,0,,,0.0,50.0
mc_dropout,standard,3,,,0.15,one_minus_confidence,clean,cert_fail_tau0.95,True,,,,0,,,0.0,50.0
mc_dropout,standard,3,,,0.15,one_minus_confidence,adv,adv_error,False,,1.0,1.0,50,,,,
mc_dropout,standard,3,,,0.15,one_minus_confidence,adv,cert_fail_tau0.5,True,,,,0,,,0.0,50.0
mc_dropout,standard,3,,,0.15,one_minus_confidence,adv,cert_fail_tau0.9,True,,,,0,,,0.0,50.0
mc_dropout,standard,3,,,0.15,one_minus_confidence,adv,cert_fail_tau0.95,True,,,,0,,,0.0,50.0
mc_dropout,standard,3,,,0.15,one_minus_confidence,delta,adv_error,False,,1.0,1.0,50,,,,
mc_dropout,standard,3,,,0.15,one_minus_confidence,delta,cert_fail_tau0.5,True,,,,0,,,0.0,50.0
mc_dropout,standard,3,,,0.15,one_minus_confidence,delta,cert_fail_tau0.9,True,,,,0,,,0.0,50.0
mc_dropout,standard,3,,,0.15,one_minus_confidence,delta,cert_fail_tau0.95,True,,,,0,,,0.0,50.0
mc_dropout,standard,4,,,0.01,mutual_information,clean,adv_error,False,,,0.0,50,0.7864355924781348,0.6214119569096455,,
mc_dropout,standard,4,,,0.01,mutual_information,clean,cert_fail_tau0.5,False,,,0.0,48,,,48.0,2.0
mc_dropout,standard,4,,,0.01,mutual_information,clean,cert_fail_tau0.9,False,1.0,1.0,0.05,40,,,40.0,10.0
mc_dropout,standard,4,,,0.01,mutual_information,clean,cert_fail_tau0.95,False,,1.0,1.0,2,,,2.0,48.0
mc_dropout,standard,4,,,0.01,mutual_information,adv,adv_error,False,,,0.0,50,0.7922511002723416,0.6247100935218346,,
mc_dropout,standard,4,,,0.01,mutual_information,adv,cert_fail_tau0.5,False,,,0.0,48,,,48.0,2.0
mc_dropout,standard,4,,,0.01,mutual_information,adv,cert_fail_tau0.9,False,1.0,1.0,0.05,40,,,40.0,10.0
mc_dropout,standard,4,,,0.01,mutual_information,adv,cert_fail_tau0.95,False,,1.0,1.0,2,,,2.0,48.0
mc_dropout,standard,4,,,0.01,mutual_information,delta,adv_error,False,,,0.0,50,0.791691916830591,0.6241365045458017,,
mc_dropout,standard,4,,,0.01,mutual_information,delta,cert_fail_tau0.5,False,,,0.0,48,,,48.0,2.0
mc_dropout,standard,4,,,0.01,mutual_information,delta,cert_fail_tau0.9,False,1.0,1.0,0.05,40,,,40.0,10.0
mc_dropout,standard,4,,,0.01,mutual_information,delta,cert_fail_tau0.95,False,,1.0,1.0,2,,,2.0,48.0
mc_dropout,standard,4,,,0.01,one_minus_confidence,clean,adv_error,False,,,0.0,50,0.7998961084439205,0.6276533914716593,,
mc_dropout,standard,4,,,0.01,one_minus_confidence,clean,cert_fail_tau0.5,False,,,0.0,48,,,48.0,2.0
mc_dropout,standard,4,,,0.01,one_minus_confidence,clean,cert_fail_tau0.9,False,1.0,1.0,0.05,40,,,40.0,10.0
mc_dropout,standard,4,,,0.01,one_minus_confidence,clean,cert_fail_tau0.95,False,,1.0,1.0,2,,,2.0,48.0
mc_dropout,standard,4,,,0.01,one_minus_confidence,adv,adv_error,False,,,0.0,50,0.8047402127490412,0.6187022642480827,,
mc_dropout,standard,4,,,0.01,one_minus_confidence,adv,cert_fail_tau0.5,False,,,0.0,48,,,48.0,2.0
mc_dropout,standard,4,,,0.01,one_minus_confidence,adv,cert_fail_tau0.9,False,1.0,1.0,0.05,40,,,40.0,10.0
mc_dropout,standard,4,,,0.01,one_minus_confidence,adv,cert_fail_tau0.95,False,,1.0,1.0,2,,,2.0,48.0
mc_dropout,standard,4,,,0.01,one_minus_confidence,delta,adv_error,False,,,0.0,50,0.811394655478326,0.6215702779889477,,
mc_dropout,standard,4,,,0.01,one_minus_confidence,delta,cert_fail_tau0.5,False,,,0.0,48,,,48.0,2.0
mc_dropout,standard,4,,,0.01,one_minus_confidence,delta,cert_fail_tau0.9,False,1.0,1.0,0.05,40,,,40.0,10.0
mc_dropout,standard,4,,,0.01,one_minus_confidence,delta,cert_fail_tau0.95,False,,1.0,1.0,2,,,2.0,48.0
mc_dropout,standard,4,,,0.03,mutual_information,clean,adv_error,False,0.9239130434782609,0.6333333333333333,0.08,50,,,,
mc_dropout,standard,4,,,0.03,mutual_information,clean,cert_fail_tau0.5,True,,,,0,,,0.0,50.0
mc_dropout,standard,4,,,0.03,mutual_information,clean,cert_fail_tau0.9,True,,,,0,,,0.0,50.0
mc_dropout,standard,4,,,0.03,mutual_information,clean,cert_fail_tau0.95,True,,,,0,,,0.0,50.0
mc_dropout,standard,4,,,0.03,mutual_information,adv,adv_error,False,0.8478260869565217,0.3098776223776224,0.08,50,,,,
mc_dropout,standard,4,,,0.03,mutual_information,adv,cert_fail_tau0.5,True,,,,0,,,0.0,50.0
mc_dropout,standard,4,,,0.03,mutual_information,adv,cert_fail_tau0.9,True,,,,0,,,0.0,50.0
mc_dropout,standard,4,,,0.03,mutual_information,adv,cert_fail_tau0.95,True,,,,0,,,0.0,50.0
mc_dropout,standard,4,,,0.03,mutual_information,delta,adv_error,False,0.7663043478260869,0.20028409090909094,0.08,50,,,,
mc_dropout,standard,4,,,0.03,mutual_information,delta,cert_fail_tau0.5,True,,,,0,,,0.0,50.0
mc_dropout,standard,4,,,0.03,mutual_information,delta,cert_fail_tau0.9,True,,,,0,,,0.0,50.0
mc_dropout,standard,4,,,0.03,mutual_information,delta,cert_fail_tau0.95,True,,,,0,,,0.0,50.0
mc_dropout,standard,4,,,0.03,one_minus_confidence,clean,adv_error,False,0.9456521739130435,0.7333333333333334,0.08,50,,,,
mc_dropout,standard,4,,,0.03,one_minus_confidence,clean,cert_fail_tau0.5,True,,,,0,,,0.0,50.0
mc_dropout,standard,4,,,0.03,one_minus_confidence,clean,cert_fail_tau0.9,True,,,,0,,,0.0,50.0
mc_dropout,standard,4,,,0.03,one_minus_confidence,clean,cert_fail_tau0.95,True,,,,0,,,0.0,50.0
mc_dropout,standard,4,,,0.03,one_minus_confidence,adv,adv_error,False,0.8804347826086957,0.35119047619047616,0.08,50,,,,
mc_dropout,standard,4,,,0.03,one_minus_confidence,adv,cert_fail_tau0.5,True,,,,0,,,0.0,50.0
mc_dropout,standard,4,,,0.03,one_minus_confidence,adv,cert_fail_tau0.9,True,,,,0,,,0.0,50.0
mc_dropout,standard,4,,,0.03,one_minus_confidence,adv,cert_fail_tau0.95,True,,,,0,,,0.0,50.0
mc_dropout,standard,4,,,0.03,one_minus_confidence,delta,adv_error,False,0.8478260869565217,0.26461038961038963,0.08,50,,,,
mc_dropout,standard,4,,,0.03,one_minus_confidence,delta,cert_fail_tau0.5,True,,,,0,,,0.0,50.0
mc_dropout,standard,4,,,0.03,one_minus_confidence,delta,cert_fail_tau0.9,True,,,,0,,,0.0,50.0
mc_dropout,standard,4,,,0.03,one_minus_confidence,delta,cert_fail_tau0.95,True,,,,0,,,0.0,50.0
mc_dropout,standard,4,,,0.05,mutual_information,clean,adv_error,False,0.8846153846153846,0.8863542882967577,0.48,50,0.08414501276770736,0.8173214332775153,,
mc_dropout,standard,4,,,0.05,mutual_information,clean,cert_fail_tau0.5,False,,1.0,1.0,24,,,24.0,26.0
mc_dropout,standard,4,,,0.05,mutual_information,clean,cert_fail_tau0.9,False,,1.0,1.0,33,,,33.0,17.0
mc_dropout,standard,4,,,0.05,mutual_information,clean,cert_fail_tau0.95,False,,1.0,1.0,34,,,34.0,16.0
mc_dropout,standard,4,,,0.05,mutual_information,adv,adv_error,False,0.6057692307692307,0.5438303324164158,0.48,50,0.07424559950091825,0.28342016401351267,,
mc_dropout,standard,4,,,0.05,mutual_information,adv,cert_fail_tau0.5,False,,1.0,1.0,24,,,24.0,26.0
mc_dropout,standard,4,,,0.05,mutual_information,adv,cert_fail_tau0.9,False,,1.0,1.0,33,,,33.0,17.0
mc_dropout,standard,4,,,0.05,mutual_information,adv,cert_fail_tau0.95,False,,1.0,1.0,34,,,34.0,16.0
mc_dropout,standard,4,,,0.05,mutual_information,delta,adv_error,False,0.5464743589743589,0.5044929781762373,0.48,50,0.06434618623412916,0.15536656768368842,,
mc_dropout,standard,4,,,0.05,mutual_information,delta,cert_fail_tau0.5,False,,1.0,1.0,24,,,24.0,26.0
mc_dropout,standard,4,,,0.05,mutual_information,delta,cert_fail_tau0.9,False,,1.0,1.0,33,,,33.0,17.0
mc_dropout,standard,4,,,0.05,mutual_information,delta,cert_fail_tau0.95,False,,1.0,1.0,34,,,34.0,16.0
mc_dropout,standard,4,,,0.05,one_minus_confidence,clean,adv_error,False,0.8990384615384616,0.9006337722707141,0.48,50,0.10395631980073636,0.8434613818229926,,
mc_dropout,standard,4,,,0.05,one_minus_confidence,clean,cert_fail_tau0.5,False,,1.0,1.0,24,,,24.0,26.0
mc_dropout,standard,4,,,0.05,one_minus_confidence,clean,cert_fail_tau0.9,False,,1.0,1.0,33,,,33.0,17.0
mc_dropout,standard,4,,,0.05,one_minus_confidence,clean,cert_fail_tau0.95,False,,1.0,1.0,34,,,34.0,16.0
mc_dropout,standard,4,,,0.05,one_minus_confidence,adv,adv_error,False,0.7227564102564102,0.6711604910776502,0.48,50,0.11384325256807468,0.4440281293689814,,
mc_dropout,standard,4,,,0.05,one_minus_confidence,adv,cert_fail_tau0.5,False,,1.0,1.0,24,,,24.0,26.0
mc_dropout,standard,4,,,0.05,one_minus_confidence,adv,cert_fail_tau0.9,False,,1.0,1.0,33,,,33.0,17.0
mc_dropout,standard,4,,,0.05,one_minus_confidence,adv,cert_fail_tau0.95,False,,1.0,1.0,34,,,34.0,16.0
mc_dropout,standard,4,,,0.05,one_minus_confidence,delta,adv_error,False,0.6794871794871795,0.6536229660695676,0.48,50,0.10394383930128556,0.34040233136268344,,
mc_dropout,standard,4,,,0.05,one_minus_confidence,delta,cert_fail_tau0.5,False,,1.0,1.0,24,,,24.0,26.0
mc_dropout,standard,4,,,0.05,one_minus_confidence,delta,cert_fail_tau0.9,False,,1.0,1.0,33,,,33.0,17.0
mc_dropout,standard,4,,,0.05,one_minus_confidence,delta,cert_fail_tau0.95,False,,1.0,1.0,34,,,34.0,16.0
mc_dropout,standard,4,,,0.07,mutual_information,clean,adv_error,False,0.893048128342246,0.9430818156640427,0.66,50,,0.7129136839778284,,
mc_dropout,standard,4,,,0.07,mutual_information,clean,cert_fail_tau0.5,False,,1.0,1.0,38,,,38.0,12.0
mc_dropout,standard,4,,,0.07,mutual_information,clean,cert_fail_tau0.9,False,,1.0,1.0,42,,,42.0,8.0
mc_dropout,standard,4,,,0.07,mutual_information,clean,cert_fail_tau0.95,False,,1.0,1.0,46,,,46.0,4.0
mc_dropout,standard,4,,,0.07,mutual_information,adv,adv_error,False,0.11764705882352941,0.4862334557905758,0.66,50,,-0.7298830378640613,,
mc_dropout,standard,4,,,0.07,mutual_information,adv,cert_fail_tau0.5,False,,1.0,1.0,38,,,38.0,12.0
mc_dropout,standard,4,,,0.07,mutual_information,adv,cert_fail_tau0.9,False,,1.0,1.0,42,,,42.0,8.0
mc_dropout,standard,4,,,0.07,mutual_information,adv,cert_fail_tau0.95,False,,1.0,1.0,46,,,46.0,4.0
mc_dropout,standard,4,,,0.07,mutual_information,delta,adv_error,False,0.10695187165775401,0.4824511271595352,0.66,50,,-0.7435890544644801,,
mc_dropout,standard,4,,,0.07,mutual_information,delta,cert_fail_tau0.5,False,,1.0,1.0,38,,,38.0,12.0
mc_dropout,standard,4,,,0.07,mutual_information,delta,cert_fail_tau0.9,False,,1.0,1.0,42,,,42.0,8.0
mc_dropout,standard,4,,,0.07,mutual_information,delta,cert_fail_tau0.95,False,,1.0,1.0,46,,,46.0,4.0
mc_dropout,standard,4,,,0.07,one_minus_confidence,clean,adv_error,False,0.9099821746880571,0.9514337786830994,0.66,50,,0.7445068220178408,,
mc_dropout,standard,4,,,0.07,one_minus_confidence,clean,cert_fail_tau0.5,False,,1.0,1.0,38,,,38.0,12.0
mc_dropout,standard,4,,,0.07,one_minus_confidence,clean,cert_fail_tau0.9,False,,1.0,1.0,42,,,42.0,8.0
mc_dropout,standard,4,,,0.07,one_minus_confidence,clean,cert_fail_tau0.95,False,,1.0,1.0,46,,,46.0,4.0
mc_dropout,standard,4,,,0.07,one_minus_confidence,adv,adv_error,False,0.1532976827094474,0.5018622780579715,0.66,50,,-0.6904719644892305,,
mc_dropout,standard,4,,,0.07,one_minus_confidence,adv,cert_fail_tau0.5,False,,1.0,1.0,38,,,38.0,12.0
mc_dropout,standard,4,,,0.07,one_minus_confidence,adv,cert_fail_tau0.9,False,,1.0,1.0,42,,,42.0,8.0
mc_dropout,standard,4,,,0.07,one_minus_confidence,adv,cert_fail_tau0.95,False,,1.0,1.0,46,,,46.0,4.0
mc_dropout,standard,4,,,0.07,one_minus_confidence,delta,adv_error,False,0.14795008912655971,0.5003041750335928,0.66,50,,-0.7015673112609982,,
mc_dropout,standard,4,,,0.07,one_minus_confidence,delta,cert_fail_tau0.5,False,,1.0,1.0,38,,,38.0,12.0
mc_dropout,standard,4,,,0.07,one_minus_confidence,delta,cert_fail_tau0.9,False,,1.0,1.0,42,,,42.0,8.0
mc_dropout,standard,4,,,0.07,one_minus_confidence,delta,cert_fail_tau0.95,False,,1.0,1.0,46,,,46.0,4.0
mc_dropout,standard,4,,,0.08,mutual_information,clean,adv_error,False,0.9275,0.9825618213176972,0.8,50,,0.6885538617802819,,
mc_dropout,standard,4,,,0.08,mutual_information,clean,cert_fail_tau0.5,False,,1.0,1.0,41,,,41.0,9.0
mc_dropout,standard,4,,,0.08,mutual_information,clean,cert_fail_tau0.9,False,,1.0,1.0,50,,,50.0,0.0
mc_dropout,standard,4,,,0.08,mutual_information,clean,cert_fail_tau0.95,False,,1.0,1.0,50,,,50.0,0.0
mc_dropout,standard,4,,,0.08,mutual_information,adv,adv_error,False,0.115,0.6629818967631813,0.8,50,,-0.7878253571763638,,
mc_dropout,standard,4,,,0.08,mutual_information,adv,cert_fail_tau0.5,False,,1.0,1.0,41,,,41.0,9.0
mc_dropout,standard,4,,,0.08,mutual_information,adv,cert_fail_tau0.9,False,,1.0,1.0,50,,,50.0,0.0
mc_dropout,standard,4,,,0.08,mutual_information,adv,cert_fail_tau0.95,False,,1.0,1.0,50,,,50.0,0.0
mc_dropout,standard,4,,,0.08,mutual_information,delta,adv_error,False,0.11,0.6615887079086922,0.8,50,,-0.798614587363258,,
mc_dropout,standard,4,,,0.08,mutual_information,delta,cert_fail_tau0.5,False,,1.0,1.0,41,,,41.0,9.0
mc_dropout,standard,4,,,0.08,mutual_information,delta,cert_fail_tau0.9,False,,1.0,1.0,50,,,50.0,0.0
mc_dropout,standard,4,,,0.08,mutual_information,delta,cert_fail_tau0.95,False,,1.0,1.0,50,,,50.0,0.0
mc_dropout,standard,4,,,0.08,one_minus_confidence,clean,adv_error,False,0.94375,0.986579517802499,0.8,50,,0.7147400872061617,,
mc_dropout,standard,4,,,0.08,one_minus_confidence,clean,cert_fail_tau0.5,False,,1.0,1.0,41,,,41.0,9.0
mc_dropout,standard,4,,,0.08,one_minus_confidence,clean,cert_fail_tau0.9,False,,1.0,1.0,50,,,50.0,0.0
mc_dropout,standard,4,,,0.08,one_minus_confidence,clean,cert_fail_tau0.95,False,,1.0,1.0,50,,,50.0,0.0
mc_dropout,standard,4,,,0.08,one_minus_confidence,adv,adv_error,False,0.1575,0.7004482389005762,0.8,50,,-0.7816903047171493,,
mc_dropout,standard,4,,,0.08,one_minus_confidence,adv,cert_fail_tau0.5,False,,1.0,1.0,41,,,41.0,9.0
mc_dropout,standard,4,,,0.08,one_minus_confidence,adv,cert_fail_tau0.9,False,,1.0,1.0,50,,,50.0,0.0
mc_dropout,standard,4,,,0.08,one_minus_confidence,adv,cert_fail_tau0.95,False,,1.0,1.0,50,,,50.0,0.0
mc_dropout,standard,4,,,0.08,one_minus_confidence,delta,adv_error,False,0.1525,0.6990593500116873,0.8,50,,-0.7924795349040437,,
mc_dropout,standard,4,,,0.08,one_minus_confidence,delta,cert_fail_tau0.5,False,,1.0,1.0,41,,,41.0,9.0
mc_dropout,standard,4,,,0.08,one_minus_confidence,delta,cert_fail_tau0.9,False,,1.0,1.0,50,,,50.0,0.0
mc_dropout,standard,4,,,0.08,one_minus_confidence,delta,cert_fail_tau0.95,False,,1.0,1.0,50,,,50.0,0.0
mc_dropout,standard,4,,,0.1,mutual_information,clean,adv_error,False,0.8652482269503546,0.9910915355424622,0.94,50,,0.6466189019016189,,
mc_dropout,standard,4,,,0.1,mutual_information,clean,cert_fail_tau0.5,False,,1.0,1.0,50,,,50.0,0.0
mc_dropout,standard,4,,,0.1,mutual_information,clean,cert_fail_tau0.9,False,,1.0,1.0,50,,,50.0,0.0
mc_dropout,standard,4,,,0.1,mutual_information,clean,cert_fail_tau0.95,False,,1.0,1.0,50,,,50.0,0.0
mc_dropout,standard,4,,,0.1,mutual_information,adv,adv_error,False,0.028368794326241134,0.8408308649293275,0.94,50,,-0.6773087123455477,,
mc_dropout,standard,4,,,0.1,mutual_information,adv,cert_fail_tau0.5,False,,1.0,1.0,50,,,50.0,0.0
mc_dropout,standard,4,,,0.1,mutual_information,adv,cert_fail_tau0.9,False,,1.0,1.0,50,,,50.0,0.0
mc_dropout,standard,4,,,0.1,mutual_information,adv,cert_fail_tau0.95,False,,1.0,1.0,50,,,50.0,0.0
mc_dropout,standard,4,,,0.1,mutual_information,delta,adv_error,False,0.028368794326241134,0.8408308649293275,0.94,50,,-0.6877361382878865,,
mc_dropout,standard,4,,,0.1,mutual_information,delta,cert_fail_tau0.5,False,,1.0,1.0,50,,,50.0,0.0
mc_dropout,standard,4,,,0.1,mutual_information,delta,cert_fail_tau0.9,False,,1.0,1.0,50,,,50.0,0.0
mc_dropout,standard,4,,,0.1,mutual_information,delta,cert_fail_tau0.95,False,,1.0,1.0,50,,,50.0,0.0
mc_dropout,standard,4,,,0.1,one_minus_confidence,clean,adv_error,False,0.8865248226950354,0.9922147394747419,0.94,50,,0.677212275003236,,
mc_dropout,standard,4,,,0.1,one_minus_confidence,clean,cert_fail_tau0.5,False,,1.0,1.0,50,,,50.0,0.0
mc_dropout,standard,4,,,0.1,one_minus_confidence,clean,cert_fail_tau0.9,False,,1.0,1.0,50,,,50.0,0.0
mc_dropout,standard,4,,,0.1,one_minus_confidence,clean,cert_fail_tau0.95,False,,1.0,1.0,50,,,50.0,0.0
mc_dropout,standard,4,,,0.1,one_minus_confidence,adv,adv_error,False,0.0070921985815602835,0.8316110067732991,0.94,50,,-0.6996447326879436,,
mc_dropout,standard,4,,,0.1,one_minus_confidence,adv,cert_fail_tau0.5,False,,1.0,1.0,50,,,50.0,0.0
mc_dropout,standard,4,,,0.1,one_minus_confidence,adv,cert_fail_tau0.9,False,,1.0,1.0,50,,,50.0,0.0
mc_dropout,standard,4,,,0.1,one_minus_confidence,adv,cert_fail_tau0.95,False,,1.0,1.0,50,,,50.0,0.0
mc_dropout,standard,4,,,0.1,one_minus_confidence,delta,adv_error,False,0.0070921985815602835,0.8316110067732991,0.94,50,,-0.7046214587058781,,
mc_dropout,standard,4,,,0.1,one_minus_confidence,delta,cert_fail_tau0.5,False,,1.0,1.0,50,,,50.0,0.0
mc_dropout,standard,4,,,0.1,one_minus_confidence,delta,cert_fail_tau0.9,False,,1.0,1.0,50,,,50.0,0.0
mc_dropout,standard,4,,,0.1,one_minus_confidence,delta,cert_fail_tau0.95,False,,1.0,1.0,50,,,50.0,0.0
mc_dropout,standard,4,,,0.15,mutual_information,clean,adv_error,False,,1.0,1.0,50,,,,
mc_dropout,standard,4,,,0.15,mutual_information,clean,cert_fail_tau0.5,True,,,,0,,,0.0,50.0
mc_dropout,standard,4,,,0.15,mutual_information,clean,cert_fail_tau0.9,True,,,,0,,,0.0,50.0
mc_dropout,standard,4,,,0.15,mutual_information,clean,cert_fail_tau0.95,True,,,,0,,,0.0,50.0
mc_dropout,standard,4,,,0.15,mutual_information,adv,adv_error,False,,1.0,1.0,50,,,,
mc_dropout,standard,4,,,0.15,mutual_information,adv,cert_fail_tau0.5,True,,,,0,,,0.0,50.0
mc_dropout,standard,4,,,0.15,mutual_information,adv,cert_fail_tau0.9,True,,,,0,,,0.0,50.0
mc_dropout,standard,4,,,0.15,mutual_information,adv,cert_fail_tau0.95,True,,,,0,,,0.0,50.0
mc_dropout,standard,4,,,0.15,mutual_information,delta,adv_error,False,,1.0,1.0,50,,,,
mc_dropout,standard,4,,,0.15,mutual_information,delta,cert_fail_tau0.5,True,,,,0,,,0.0,50.0
mc_dropout,standard,4,,,0.15,mutual_information,delta,cert_fail_tau0.9,True,,,,0,,,0.0,50.0
mc_dropout,standard,4,,,0.15,mutual_information,delta,cert_fail_tau0.95,True,,,,0,,,0.0,50.0
mc_dropout,standard,4,,,0.15,one_minus_confidence,clean,adv_error,False,,1.0,1.0,50,,,,
mc_dropout,standard,4,,,0.15,one_minus_confidence,clean,cert_fail_tau0.5,True,,,,0,,,0.0,50.0
mc_dropout,standard,4,,,0.15,one_minus_confidence,clean,cert_fail_tau0.9,True,,,,0,,,0.0,50.0
mc_dropout,standard,4,,,0.15,one_minus_confidence,clean,cert_fail_tau0.95,True,,,,0,,,0.0,50.0
mc_dropout,standard,4,,,0.15,one_minus_confidence,adv,adv_error,False,,1.0,1.0,50,,,,
mc_dropout,standard,4,,,0.15,one_minus_confidence,adv,cert_fail_tau0.5,True,,,,0,,,0.0,50.0
mc_dropout,standard,4,,,0.15,one_minus_confidence,adv,cert_fail_tau0.9,True,,,,0,,,0.0,50.0
mc_dropout,standard,4,,,0.15,one_minus_confidence,adv,cert_fail_tau0.95,True,,,,0,,,0.0,50.0
mc_dropout,standard,4,,,0.15,one_minus_confidence,delta,adv_error,False,,1.0,1.0,50,,,,
mc_dropout,standard,4,,,0.15,one_minus_confidence,delta,cert_fail_tau0.5,True,,,,0,,,0.0,50.0
mc_dropout,standard,4,,,0.15,one_minus_confidence,delta,cert_fail_tau0.9,True,,,,0,,,0.0,50.0
mc_dropout,standard,4,,,0.15,one_minus_confidence,delta,cert_fail_tau0.95,True,,,,0,,,0.0,50.0
vogn,robust,0,0.08,0.25,0.01,mutual_information,clean,adv_error,False,0.950354609929078,0.625,0.06,50,0.6126958377476011,0.5735862986237458,,
vogn,robust,0,0.08,0.25,0.01,mutual_information,clean,cert_fail_tau0.5,False,0.950354609929078,0.625,0.06,50,,,50.0,0.0
vogn,robust,0,0.08,0.25,0.01,mutual_information,clean,cert_fail_tau0.9,False,0.9924242424242424,0.9583333333333334,0.12,50,,,50.0,0.0
vogn,robust,0,0.08,0.25,0.01,mutual_information,clean,cert_fail_tau0.95,False,,1.0,1.0,6,,,6.0,44.0
vogn,robust,0,0.08,0.25,0.01,mutual_information,adv,adv_error,False,0.9290780141843972,0.5666666666666667,0.06,50,0.6001319618998788,0.5743821724944601,,
vogn,robust,0,0.08,0.25,0.01,mutual_information,adv,cert_fail_tau0.5,False,0.9290780141843972,0.5666666666666667,0.06,50,,,50.0,0.0
vogn,robust,0,0.08,0.25,0.01,mutual_information,adv,cert_fail_tau0.9,False,0.9848484848484849,0.9333333333333333,0.12,50,,,50.0,0.0
vogn,robust,0,0.08,0.25,0.01,mutual_information,adv,cert_fail_tau0.95,False,,1.0,1.0,6,,,6.0,44.0
vogn,robust,0,0.08,0.25,0.01,mutual_information,delta,adv_error,False,0.02127659574468085,0.04138925073575529,0.06,50,-0.03235009948814691,0.05435818536978194,,
vogn,robust,0,0.08,0.25,0.01,mutual_information,delta,cert_fail_tau0.5,False,0.02127659574468085,0.04138925073575529,0.06,50,,,50.0,0.0
vogn,robust,0,0.08,0.25,0.01,mutual_information,delta,cert_fail_tau0.9,False,0.5113636363636364,0.5519536715395379,0.12,50,,,50.0,0.0
vogn,robust,0,0.08,0.25,0.01,mutual_information,delta,cert_fail_tau0.95,False,,1.0,1.0,6,,,6.0,44.0
vogn,robust,0,0.08,0.25,0.01,one_minus_confidence,clean,adv_error,False,1.0,1.0,0.06,50,0.5899448662526675,0.5412513194589641,,
vogn,robust,0,0.08,0.25,0.01,one_minus_confidence,clean,cert_fail_tau0.5,False,1.0,1.0,0.06,50,,,50.0,0.0
vogn,robust,0,0.08,0.25,0.01,one_minus_confidence,clean,cert_fail_tau0.9,False,0.9583333333333334,0.8238095238095238,0.12,50,,,50.0,0.0
vogn,robust,0,0.08,0.25,0.01,one_minus_confidence,clean,cert_fail_tau0.95,False,,1.0,1.0,6,,,6.0,44.0
vogn,robust,0,0.08,0.25,0.01,one_minus_confidence,adv,adv_error,False,0.9787234042553191,0.8333333333333333,0.06,50,0.6208182314621622,0.5681288832752802,,
vogn,robust,0,0.08,0.25,0.01,one_minus_confidence,adv,cert_fail_tau0.5,False,0.9787234042553191,0.8333333333333333,0.06,50,,,50.0,0.0
vogn,robust,0,0.08,0.25,0.01,one_minus_confidence,adv,cert_fail_tau0.9,False,0.9810606060606061,0.8555555555555555,0.12,50,,,50.0,0.0
vogn,robust,0,0.08,0.25,0.01,one_minus_confidence,adv,cert_fail_tau0.95,False,,1.0,1.0,6,,,6.0,44.0
vogn,robust,0,0.08,0.25,0.01,one_minus_confidence,delta,adv_error,False,0.28368794326241137,0.07527210884353741,0.06,50,0.26351656502776794,0.2067877659237425,,
vogn,robust,0,0.08,0.25,0.01,one_minus_confidence,delta,cert_fail_tau0.5,False,0.28368794326241137,0.07527210884353741,0.06,50,,,50.0,0.0
vogn,robust,0,0.08,0.25,0.01,one_minus_confidence,delta,cert_fail_tau0.9,False,0.6515151515151515,0.6203401360544217,0.12,50,,,50.0,0.0
vogn,robust,0,0.08,0.25,0.01,one_minus_confidence,delta,cert_fail_tau0.95,False,,1.0,1.0,6,,,6.0,44.0
vogn,robust,0,0.08,0.25,0.03,mutual_information,clean,adv_error,False,0.9924242424242424,0.9583333333333334,0.12,50,,,,
vogn,robust,0,0.08,0.25,0.03,mutual_information,clean,cert_fail_tau0.5,True,,,,0,,,0.0,50.0
vogn,robust,0,0.08,0.25,0.03,mutual_information,clean,cert_fail_tau0.9,True,,,,0,,,0.0,50.0
vogn,robust,0,0.08,0.25,0.03,mutual_information,clean,cert_fail_tau0.95,True,,,,0,,,0.0,50.0
vogn,robust,0,0.08,0.25,0.03,mutual_information,adv,adv_error,False,0.9621212121212122,0.8571428571428571,0.12,50,,,,
vogn,robust,0,0.08,0.25,0.03,mutual_information,adv,cert_fail_tau0.5,True,,,,0,,,0.0,50.0
vogn,robust,0,0.08,0.25,0.03,mutual_information,adv,cert_fail_tau0.9,True,,,,0,,,0.0,50.0
vogn,robust,0,0.08,0.25,0.03,mutual_information,adv,cert_fail_tau0.95,True,,,,0,,,0.0,50.0
vogn,robust,0,0.08,0.25,0.03,mutual_information,delta,adv_error,False,0.48863636363636365,0.38483288967761026,0.12,50,,,,
vogn,robust,0,0.08,0.25,0.03,mutual_information,delta,cert_fail_tau0.5,True,,,,0,,,0.0,50.0
vogn,robust,0,0.08,0.25,0.03,mutual_information,delta,cert_fail_tau0.9,True,,,,0,,,0.0,50.0
vogn,robust,0,0.08,0.25,0.03,mutual_information,delta,cert_fail_tau0.95,True,,,,0,,,0.0,50.0
vogn,robust,0,0.08,0.25,0.03,one_minus_confidence,clean,adv_error,False,0.9583333333333334,0.8238095238095238,0.12,50,,,,
vogn,robust,0,0.08,0.25,0.03,one_minus_confidence,clean,cert_fail_tau0.5,True,,,,0,,,0.0,50.0
vogn,robust,0,0.08,0.25,0.03,one_minus_confidence,clean,cert_fail_tau0.9,True,,,,0,,,0.0,50.0
vogn,robust,0,0.08,0.25,0.03,one_minus_confidence,clean,cert_fail_tau0.95,True,,,,0,,,0.0,50.0
vogn,robust,0,0.08,0.25,0.03,one_minus_confidence,adv,adv_error,False,0.9356060606060606,0.7343304843304843,0.12,50,,,,
vogn,robust,0,0.08,0.25,0.03,one_minus_confidence,adv,cert_fail_tau0.5,True,,,,0,,,0.0,50.0
vogn,robust,0,0.08,0.25,0.03,one_minus_confidence,adv,cert_fail_tau0.9,True,,,,0,,,0.0,50.0
vogn,robust,0,0.08,0.25,0.03,one_minus_confidence,adv,cert_fail_tau0.95,True,,,,0,,,0.0,50.0
vogn,robust,0,0.08,0.25,0.03,one_minus_confidence,delta,adv_error,False,0.4734848484848485,0.3078401360544218,0.12,50,,,,
vogn,robust,0,0.08,0.25,0.03,one_minus_confidence,delta,cert_fail_tau0.5,True,,,,0,,,0.0,50.0
vogn,robust,0,0.08,0.25,0.03,one_minus_confidence,delta,cert_fail_tau0.9,True,,,,0,,,0.0,50.0
vogn,robust,0,0.08,0.25,0.03,one_minus_confidence,delta,cert_fail_tau0.95,True,,,,0,,,0.0,50.0
vogn,robust,0,0.08,0.25,0.05,mutual_information,clean,adv_error,False,0.9613095238095238,0.863095238095238,0.16,50,0.7991549280360236,0.7132418305249094,,
vogn,robust,0,0.08,0.25,0.05,mutual_information,clean,cert_fail_tau0.5,False,0.9618055555555556,0.8894500561167228,0.21951219512195122,41,,,41.0,9.0
vogn,robust,0,0.08,0.25,0.05,mutual_information,clean,cert_fail_tau0.9,False,0.9861111111111112,0.9735750360750361,0.3333333333333333,36,,,36.0,14.0
vogn,robust,0,0.08,0.25,0.05,mutual_information,clean,cert_fail_tau0.95,False,,1.0,1.0,15,,,15.0,35.0
vogn,robust,0,0.08,0.25,0.05,mutual_information,adv,adv_error,False,0.8333333333333334,0.4322150072150072,0.16,50,0.7888801512679376,0.7262399055831239,,
vogn,robust,0,0.08,0.25,0.05,mutual_information,adv,cert_fail_tau0.5,False,0.9375,0.8339807852965748,0.21951219512195122,41,,,41.0,9.0
vogn,robust,0,0.08,0.25,0.05,mutual_information,adv,cert_fail_tau0.9,False,0.9722222222222222,0.9408038720538721,0.3333333333333333,36,,,36.0,14.0
vogn,robust,0,0.08,0.25,0.05,mutual_information,adv,cert_fail_tau0.95,False,,1.0,1.0,15,,,15.0,35.0
vogn,robust,0,0.08,0.25,0.05,mutual_information,delta,adv_error,False,0.28869047619047616,0.14212321193299454,0.16,50,0.09677523734276251,0.023682933368780777,,
vogn,robust,0,0.08,0.25,0.05,mutual_information,delta,cert_fail_tau0.5,False,0.3993055555555556,0.36455586740139584,0.21951219512195122,41,,,41.0,9.0
vogn,robust,0,0.08,0.25,0.05,mutual_information,delta,cert_fail_tau0.9,False,0.5625,0.6492753161870809,0.3333333333333333,36,,,36.0,14.0
vogn,robust,0,0.08,0.25,0.05,mutual_information,delta,cert_fail_tau0.95,False,,1.0,1.0,15,,,15.0,35.0
vogn,robust,0,0.08,0.25,0.05,one_minus_confidence,clean,adv_error,False,0.9136904761904762,0.734478021978022,0.16,50,0.7051489325535193,0.6033204743155833,,
vogn,robust,0,0.08,0.25,0.05,one_minus_confidence,clean,cert_fail_tau0.5,False,0.9166666666666666,0.7896575102457456,0.21951219512195122,41,,,41.0,9.0
vogn,robust,0,0.08,0.25,0.05,one_minus_confidence,clean,cert_fail_tau0.9,False,0.9236111111111112,0.8660447861105754,0.3333333333333333,36,,,36.0,14.0
vogn,robust,0,0.08,0.25,0.05,one_minus_confidence,clean,cert_fail_tau0.95,False,,1.0,1.0,15,,,15.0,35.0
vogn,robust,0,0.08,0.25,0.05,one_minus_confidence,adv,adv_error,False,0.7767857142857143,0.4409617794486216,0.16,50,0.7754672653391551,0.6350330738187032,,
vogn,robust,0,0.08,0.25,0.05,one_minus_confidence,adv,cert_fail_tau0.5,False,0.8819444444444444,0.6866818366818367,0.21951219512195122,41,,,41.0,9.0
vogn,robust,0,0.08,0.25,0.05,one_minus_confidence,adv,cert_fail_tau0.9,False,0.9513888888888888,0.9217562530062531,0.3333333333333333,36,,,36.0,14.0
vogn,robust,0,0.08,0.25,0.05,one_minus_confidence,adv,cert_fail_tau0.95,False,,1.0,1.0,15,,,15.0,35.0
vogn,robust,0,0.08,0.25,0.05,one_minus_confidence,delta,adv_error,False,0.3869047619047619,0.2623265739020218,0.16,50,0.4287062030822168,0.2594658118612238,,
vogn,robust,0,0.08,0.25,0.05,one_minus_confidence,delta,cert_fail_tau0.5,False,0.5173611111111112,0.48092474254220086,0.21951219512195122,41,,,41.0,9.0
vogn,robust,0,0.08,0.25,0.05,one_minus_confidence,delta,cert_fail_tau0.9,False,0.6527777777777778,0.7224024205641852,0.3333333333333333,36,,,36.0,14.0
vogn,robust,0,0.08,0.25,0.05,one_minus_confidence,delta,cert_fail_tau0.95,False,,1.0,1.0,15,,,15.0,35.0
vogn,robust,0,0.08,0.25,0.07,mutual_information,clean,adv_error,False,0.940379403794038,0.8227513227513228,0.18,50,0.7167824609999885,0.6844167241624641,,
vogn,robust,0,0.08,0.25,0.07,mutual_information,clean,cert_fail_tau0.5,False,0.946875,0.9379529735615261,0.4444444444444444,36,,,36.0,14.0
vogn,robust,0,0.08,0.25,0.07,mutual_information,clean,cert_fail_tau0.9,False,0.95,0.9610045613141589,0.5555555555555556,36,,,36.0,14.0
vogn,robust,0,0.08,0.25,0.07,mutual_information,clean,cert_fail_tau0.95,False,,1.0,1.0,23,,,23.0,27.0
vogn,robust,0,0.08,0.25,0.07,mutual_information,adv,adv_error,False,0.6449864498644986,0.2612158694767391,0.18,50,0.7778056958102886,0.7133899602652563,,
vogn,robust,0,0.08,0.25,0.07,mutual_information,adv,cert_fail_tau0.5,False,0.928125,0.9404543364459536,0.4444444444444444,36,,,36.0,14.0
vogn,robust,0,0.08,0.25,0.07,mutual_information,adv,cert_fail_tau0.9,False,0.9625,0.979758064516129,0.5555555555555556,36,,,36.0,14.0
vogn,robust,0,0.08,0.25,0.07,mutual_information,adv,cert_fail_tau0.95,False,,1.0,1.0,23,,,23.0,27.0
vogn,robust,0,0.08,0.25,0.07,mutual_information,delta,adv_error,False,0.15989159891598917,0.12076510542857179,0.18,50,0.15040581525858174,0.04204158385545035,,
vogn,robust,0,0.08,0.25,0.07,mutual_information,delta,cert_fail_tau0.5,False,0.55,0.7146374817597542,0.4444444444444444,36,,,36.0,14.0
vogn,robust,0,0.08,0.25,0.07,mutual_information,delta,cert_fail_tau0.9,False,0.646875,0.8261042520625064,0.5555555555555556,36,,,36.0,14.0
vogn,robust,0,0.08,0.25,0.07,mutual_information,delta,cert_fail_tau0.95,False,,1.0,1.0,23,,,23.0,27.0
vogn,robust,0,0.08,0.25,0.07,one_minus_confidence,clean,adv_error,False,0.9024390243902439,0.7139804639804639,0.18,50,0.6228593430060709,0.5836023311841336,,
vogn,robust,0,0.08,0.25,0.07,one_minus_confidence,clean,cert_fail_tau0.5,False,0.878125,0.8495809102626556,0.4444444444444444,36,,,36.0,14.0
vogn,robust,0,0.08,0.25,0.07,one_minus_confidence,clean,cert_fail_tau0.9,False,0.90625,0.9160149223392933,0.5555555555555556,36,,,36.0,14.0
vogn,robust,0,0.08,0.25,0.07,one_minus_confidence,clean,cert_fail_tau0.95,False,,1.0,1.0,23,,,23.0,27.0
vogn,robust,0,0.08,0.25,0.07,one_minus_confidence,adv,adv_error,False,0.5907859078590786,0.2299425661443677,0.18,50,0.763271531170823,0.5979528884501102,,
vogn,robust,0,0.08,0.25,0.07,one_minus_confidence,adv,cert_fail_tau0.5,False,0.9125,0.9154119675259381,0.4444444444444444,36,,,36.0,14.0
vogn,robust,0,0.08,0.25,0.07,one_minus_confidence,adv,cert_fail_tau0.9,False,0.959375,0.9803030303030302,0.5555555555555556,36,,,36.0,14.0
vogn,robust,0,0.08,0.25,0.07,one_minus_confidence,adv,cert_fail_tau0.95,False,,1.0,1.0,23,,,23.0,27.0
vogn,robust,0,0.08,0.25,0.07,one_minus_confidence,delta,adv_error,False,0.31978319783197834,0.17160169097275393,0.18,50,0.51938115868418,0.30528268180337265,,
vogn,robust,0,0.08,0.25,0.07,one_minus_confidence,delta,cert_fail_tau0.5,False,0.6875,0.7897784512529096,0.4444444444444444,36,,,36.0,14.0
vogn,robust,0,0.08,0.25,0.07,one_minus_confidence,delta,cert_fail_tau0.9,False,0.76875,0.8829861194876675,0.5555555555555556,36,,,36.0,14.0
vogn,robust,0,0.08,0.25,0.07,one_minus_confidence,delta,cert_fail_tau0.95,False,,1.0,1.0,23,,,23.0,27.0
vogn,robust,0,0.08,0.25,0.08,mutual_information,clean,adv_error,False,0.8627858627858628,0.7437518621729148,0.26,50,0.6449145643632693,0.6547724529375734,,
vogn,robust,0,0.08,0.25,0.08,mutual_information,clean,cert_fail_tau0.5,False,0.9157894736842105,0.9352625607513989,0.5588235294117647,34,,,34.0,16.0
vogn,robust,0,0.08,0.25,0.08,mutual_information,clean,cert_fail_tau0.9,False,0.9409722222222222,0.9686328620739376,0.6666666666666666,36,,,36.0,14.0
vogn,robust,0,0.08,0.25,0.08,mutual_information,clean,cert_fail_tau0.95,False,,1.0,1.0,25,,,25.0,25.0
vogn,robust,0,0.08,0.25,0.08,mutual_information,adv,adv_error,False,0.7047817047817048,0.5315987701007945,0.26,50,0.6942686618316564,0.6544741511366905,,
vogn,robust,0,0.08,0.25,0.08,mutual_information,adv,cert_fail_tau0.5,False,0.9298245614035088,0.9622076023391812,0.5588235294117647,34,,,34.0,16.0
vogn,robust,0,0.08,0.25,0.08,mutual_information,adv,cert_fail_tau0.9,False,0.9548611111111112,0.984375,0.6666666666666666,36,,,36.0,14.0
vogn,robust,0,0.08,0.25,0.08,mutual_information,adv,cert_fail_tau0.95,False,,1.0,1.0,25,,,25.0,25.0
vogn,robust,0,0.08,0.25,0.08,mutual_information,delta,adv_error,False,0.3659043659043659,0.3863280569179501,0.26,50,0.12535625395325162,0.07412799751935625,,
vogn,robust,0,0.08,0.25,0.08,mutual_information,delta,cert_fail_tau0.5,False,0.6280701754385964,0.8169357034303507,0.5588235294117647,34,,,34.0,16.0
vogn,robust,0,0.08,0.25,0.08,mutual_information,delta,cert_fail_tau0.9,False,0.625,0.8584487782287218,0.6666666666666666,36,,,36.0,14.0
vogn,robust,0,0.08,0.25,0.08,mutual_information,delta,cert_fail_tau0.95,False,,1.0,1.0,25,,,25.0,25.0
vogn,robust,0,0.08,0.25,0.08,one_minus_confidence,clean,adv_error,False,0.7858627858627859,0.6216523647292879,0.26,50,0.568759835017291,0.5612294884385146,,
vogn,robust,0,0.08,0.25,0.08,one_minus_confidence,clean,cert_fail_tau0.5,False,0.856140350877193,0.8772892467776847,0.5588235294117647,34,,,34.0,16.0
vogn,robust,0,0.08,0.25,0.08,one_minus_confidence,clean,cert_fail_tau0.9,False,0.8958333333333334,0.934500386434109,0.6666666666666666,36,,,36.0,14.0
vogn,robust,0,0.08,0.25,0.08,one_minus_confidence,clean,cert_fail_tau0.95,False,,1.0,1.0,25,,,25.0,25.0
vogn,robust,0,0.08,0.25,0.08,one_minus_confidence,adv,adv_error,False,0.6964656964656964,0.4963184436051949,0.26,50,0.7169747002835661,0.5693089869846736,,
vogn,robust,0,0.08,0.25,0.08,one_minus_confidence,adv,cert_fail_tau0.5,False,0.9333333333333333,0.9654970760233917,0.5588235294117647,34,,,34.0,16.0
vogn,robust,0,0.08,0.25,0.08,one_minus_confidence,adv,cert_fail_tau0.9,False,0.9548611111111112,0.984375,0.6666666666666666,36,,,36.0,14.0
vogn,robust,0,0.08,0.25,0.08,one_minus_confidence,adv,cert_fail_tau0.95,False,,1.0,1.0,25,,,25.0,25.0
vogn,robust,0,0.08,0.25,0.08,one_minus_confidence,delta,adv_error,False,0.5051975051975052,0.4694907840852022,0.26,50,0.49343585413548263,0.28622057794697114,,
vogn,robust,0,0.08,0.25,0.08,one_minus_confidence,delta,cert_fail_tau0.5,False,0.7192982456140351,0.8609477007091356,0.5588235294117647,34,,,34.0,16.0
vogn,robust,0,0.08,0.25,0.08,one_minus_confidence,delta,cert_fail_tau0.9,False,0.7847222222222222,0.9223747453526866,0.6666666666666666,36,,,36.0,14.0
vogn,robust,0,0.08,0.25,0.08,one_minus_confidence,delta,cert_fail_tau0.95,False,,1.0,1.0,25,,,25.0,25.0
vogn,robust,0,0.08,0.25,0.1,mutual_information,clean,adv_error,False,0.8132427843803056,0.751980482447323,0.38,50,0.3542042494068288,0.592000452629367,,
vogn,robust,0,0.08,0.25,0.1,mutual_information,clean,cert_fail_tau0.5,False,0.8541666666666666,0.9612061221471977,0.8,30,,,30.0,20.0
vogn,robust,0,0.08,0.25,0.1,mutual_information,clean,cert_fail_tau0.9,False,0.8333333333333334,0.9695325509964622,0.8571428571428571,35,,,35.0,15.0
vogn,robust,0,0.08,0.25,0.1,mutual_information,clean,cert_fail_tau0.95,False,,1.0,1.0,30,,,30.0,20.0
vogn,robust,0,0.08,0.25,0.1,mutual_information,adv,adv_error,False,0.6859083191850595,0.5419611535308738,0.38,50,0.4865699334320278,0.5613814208181955,,
vogn,robust,0,0.08,0.25,0.1,mutual_information,adv,cert_fail_tau0.5,False,0.9444444444444444,0.9883333333333334,0.8,30,,,30.0,20.0
vogn,robust,0,0.08,0.25,0.1,mutual_information,adv,cert_fail_tau0.9,False,0.9533333333333334,0.9930875576036866,0.8571428571428571,35,,,35.0,15.0
vogn,robust,0,0.08,0.25,0.1,mutual_information,adv,cert_fail_tau0.95,False,,1.0,1.0,30,,,30.0,20.0
vogn,robust,0,0.08,0.25,0.1,mutual_information,delta,adv_error,False,0.4923599320882852,0.451053100788383,0.38,50,0.21318475431687828,0.13924833575271553,,
vogn,robust,0,0.08,0.25,0.1,mutual_information,delta,cert_fail_tau0.5,False,0.7083333333333334,0.9348260950416124,0.8,30,,,30.0,20.0
vogn,robust,0,0.08,0.25,0.1,mutual_information,delta,cert_fail_tau0.9,False,0.7333333333333333,0.9574458890392035,0.8571428571428571,35,,,35.0,15.0
vogn,robust,0,0.08,0.25,0.1,mutual_information,delta,cert_fail_tau0.95,False,,1.0,1.0,30,,,30.0,20.0
vogn,robust,0,0.08,0.25,0.1,one_minus_confidence,clean,adv_error,False,0.7555178268251274,0.6840496788954139,0.38,50,0.30392902778840625,0.5057367052693958,,
vogn,robust,0,0.08,0.25,0.1,one_minus_confidence,clean,cert_fail_tau0.5,False,0.75,0.9171296553133779,0.8,30,,,30.0,20.0
vogn,robust,0,0.08,0.25,0.1,one_minus_confidence,clean,cert_fail_tau0.9,False,0.7333333333333333,0.9422449763578148,0.8571428571428571,35,,,35.0,15.0
vogn,robust,0,0.08,0.25,0.1,one_minus_confidence,clean,cert_fail_tau0.95,False,,1.0,1.0,30,,,30.0,20.0
vogn,robust,0,0.08,0.25,0.1,one_minus_confidence,adv,adv_error,False,0.6977928692699491,0.5484506669761297,0.38,50,0.48837594617597596,0.43246944612275445,,
vogn,robust,0,0.08,0.25,0.1,one_minus_confidence,adv,cert_fail_tau0.5,False,0.9305555555555556,0.9848611111111112,0.8,30,,,30.0,20.0
vogn,robust,0,0.08,0.25,0.1,one_minus_confidence,adv,cert_fail_tau0.9,False,0.94,0.9908653353814644,0.8571428571428571,35,,,35.0,15.0
vogn,robust,0,0.08,0.25,0.1,one_minus_confidence,adv,cert_fail_tau0.95,False,,1.0,1.0,30,,,30.0,20.0
vogn,robust,0,0.08,0.25,0.1,one_minus_confidence,delta,adv_error,False,0.5636672325976231,0.5045542138870194,0.38,50,0.3390788926762632,0.17644948427488705,,
vogn,robust,0,0.08,0.25,0.1,one_minus_confidence,delta,cert_fail_tau0.5,False,0.7291666666666666,0.939290380755898,0.8,30,,,30.0,20.0
vogn,robust,0,0.08,0.25,0.1,one_minus_confidence,delta,cert_fail_tau0.9,False,0.78,0.9654416927246624,0.8571428571428571,35,,,35.0,15.0
vogn,robust,0,0.08,0.25,0.1,one_minus_confidence,delta,cert_fail_tau0.95,False,,1.0,1.0,30,,,30.0,20.0
vogn,robust,0,0.08,0.25,0.15,mutual_information,clean,adv_error,False,0.8552380952380952,0.9355127844928726,0.7,50,,,,
vogn,robust,0,0.08,0.25,0.15,mutual_information,clean,cert_fail_tau0.5,True,,,,0,,,0.0,50.0
vogn,robust,0,0.08,0.25,0.15,mutual_information,clean,cert_fail_tau0.9,True,,,,0,,,0.0,50.0
vogn,robust,0,0.08,0.25,0.15,mutual_information,clean,cert_fail_tau0.95,True,,,,0,,,0.0,50.0
vogn,robust,0,0.08,0.25,0.15,mutual_information,adv,adv_error,False,0.41714285714285715,0.6831363612551632,0.7,50,,,,
vogn,robust,0,0.08,0.25,0.15,mutual_information,adv,cert_fail_tau0.5,True,,,,0,,,0.0,50.0
vogn,robust,0,0.08,0.25,0.15,mutual_information,adv,cert_fail_tau0.9,True,,,,0,,,0.0,50.0
vogn,robust,0,0.08,0.25,0.15,mutual_information,adv,cert_fail_tau0.95,True,,,,0,,,0.0,50.0
vogn,robust,0,0.08,0.25,0.15,mutual_information,delta,adv_error,False,0.3523809523809524,0.6413094776051812,0.7,50,,,,
vogn,robust,0,0.08,0.25,0.15,mutual_information,delta,cert_fail_tau0.5,True,,,,0,,,0.0,50.0
vogn,robust,0,0.08,0.25,0.15,mutual_information,delta,cert_fail_tau0.9,True,,,,0,,,0.0,50.0
vogn,robust,0,0.08,0.25,0.15,mutual_information,delta,cert_fail_tau0.95,True,,,,0,,,0.0,50.0
vogn,robust,0,0.08,0.25,0.15,one_minus_confidence,clean,adv_error,False,0.8104761904761905,0.9029858106914442,0.7,50,,,,
vogn,robust,0,0.08,0.25,0.15,one_minus_confidence,clean,cert_fail_tau0.5,True,,,,0,,,0.0,50.0
vogn,robust,0,0.08,0.25,0.15,one_minus_confidence,clean,cert_fail_tau0.9,True,,,,0,,,0.0,50.0
vogn,robust,0,0.08,0.25,0.15,one_minus_confidence,clean,cert_fail_tau0.95,True,,,,0,,,0.0,50.0
vogn,robust,0,0.08,0.25,0.15,one_minus_confidence,adv,adv_error,False,0.64,0.7856677247785424,0.7,50,,,,
vogn,robust,0,0.08,0.25,0.15,one_minus_confidence,adv,cert_fail_tau0.5,True,,,,0,,,0.0,50.0
vogn,robust,0,0.08,0.25,0.15,one_minus_confidence,adv,cert_fail_tau0.9,True,,,,0,,,0.0,50.0
vogn,robust,0,0.08,0.25,0.15,one_minus_confidence,adv,cert_fail_tau0.95,True,,,,0,,,0.0,50.0
vogn,robust,0,0.08,0.25,0.15,one_minus_confidence,delta,adv_error,False,0.5657142857142857,0.7619320338430041,0.7,50,,,,
vogn,robust,0,0.08,0.25,0.15,one_minus_confidence,delta,cert_fail_tau0.5,True,,,,0,,,0.0,50.0
vogn,robust,0,0.08,0.25,0.15,one_minus_confidence,delta,cert_fail_tau0.9,True,,,,0,,,0.0,50.0
vogn,robust,0,0.08,0.25,0.15,one_minus_confidence,delta,cert_fail_tau0.95,True,,,,0,,,0.0,50.0
vogn,robust,1,0.08,0.25,0.01,mutual_information,clean,adv_error,False,0.9574468085106383,0.5317460317460317,0.06,50,0.6576940531924387,0.6581241528457525,,
vogn,robust,1,0.08,0.25,0.01,mutual_information,clean,cert_fail_tau0.5,False,0.9851851851851852,0.8666666666666667,0.0625,48,,,48.0,2.0
vogn,robust,1,0.08,0.25,0.01,mutual_information,clean,cert_fail_tau0.9,False,1.0,1.0,0.10638297872340426,47,,,47.0,3.0
vogn,robust,1,0.08,0.25,0.01,mutual_information,clean,cert_fail_tau0.95,False,,1.0,1.0,5,,,5.0,45.0
vogn,robust,1,0.08,0.25,0.01,mutual_information,adv,adv_error,False,0.9148936170212766,0.3277777777777778,0.06,50,0.6533930566593001,0.6535364232104047,,
vogn,robust,1,0.08,0.25,0.01,mutual_information,adv,cert_fail_tau0.5,False,0.9407407407407408,0.4206349206349207,0.0625,48,,,48.0,2.0
vogn,robust,1,0.08,0.25,0.01,mutual_information,adv,cert_fail_tau0.9,False,0.9952380952380953,0.9666666666666667,0.10638297872340426,47,,,47.0,3.0
vogn,robust,1,0.08,0.25,0.01,mutual_information,adv,cert_fail_tau0.95,False,,1.0,1.0,5,,,5.0,45.0
vogn,robust,1,0.08,0.25,0.01,mutual_information,delta,adv_error,False,0.22695035460992907,0.05281557067271353,0.06,50,0.1296750454741277,0.12766791375866304,,
vogn,robust,1,0.08,0.25,0.01,mutual_information,delta,cert_fail_tau0.5,False,0.21481481481481482,0.054625573633708804,0.0625,48,,,48.0,2.0
vogn,robust,1,0.08,0.25,0.01,mutual_information,delta,cert_fail_tau0.9,False,0.3380952380952381,0.2786679000925069,0.10638297872340426,47,,,47.0,3.0
vogn,robust,1,0.08,0.25,0.01,mutual_information,delta,cert_fail_tau0.95,False,,1.0,1.0,5,,,5.0,45.0
vogn,robust,1,0.08,0.25,0.01,one_minus_confidence,clean,adv_error,False,0.9929078014184397,0.9166666666666666,0.06,50,0.6173641155765375,0.6179387418621235,,
vogn,robust,1,0.08,0.25,0.01,one_minus_confidence,clean,cert_fail_tau0.5,False,1.0,1.0,0.0625,48,,,48.0,2.0
vogn,robust,1,0.08,0.25,0.01,one_minus_confidence,clean,cert_fail_tau0.9,False,1.0,1.0,0.10638297872340426,47,,,47.0,3.0
vogn,robust,1,0.08,0.25,0.01,one_minus_confidence,clean,cert_fail_tau0.95,False,,1.0,1.0,5,,,5.0,45.0
vogn,robust,1,0.08,0.25,0.01,one_minus_confidence,adv,adv_error,False,0.9574468085106383,0.5317460317460317,0.06,50,0.6512670664261159,0.6514107229975123,,
vogn,robust,1,0.08,0.25,0.01,one_minus_confidence,adv,cert_fail_tau0.5,False,0.9851851851851852,0.8666666666666667,0.0625,48,,,48.0,2.0
vogn,robust,1,0.08,0.25,0.01,one_minus_confidence,adv,cert_fail_tau0.9,False,1.0,1.0,0.10638297872340426,47,,,47.0,3.0
vogn,robust,1,0.08,0.25,0.01,one_minus_confidence,adv,cert_fail_tau0.95,False,,1.0,1.0,5,,,5.0,45.0
vogn,robust,1,0.08,0.25,0.01,one_minus_confidence,delta,adv_error,False,0.2907801418439716,0.08122448979591837,0.06,50,0.33622820535355114,0.32933268992651826,,
vogn,robust,1,0.08,0.25,0.01,one_minus_confidence,delta,cert_fail_tau0.5,False,0.3037037037037037,0.10168439716312058,0.0625,48,,,48.0,2.0
vogn,robust,1,0.08,0.25,0.01,one_minus_confidence,delta,cert_fail_tau0.9,False,0.5952380952380952,0.588667900092507,0.10638297872340426,47,,,47.0,3.0
vogn,robust,1,0.08,0.25,0.01,one_minus_confidence,delta,cert_fail_tau0.95,False,,1.0,1.0,5,,,5.0,45.0
vogn,robust,1,0.08,0.25,0.03,mutual_information,clean,adv_error,False,0.9667774086378738,0.8239022881880024,0.14,50,,,,
vogn,robust,1,0.08,0.25,0.03,mutual_information,clean,cert_fail_tau0.5,True,,,,0,,,0.0,50.0
vogn,robust,1,0.08,0.25,0.03,mutual_information,clean,cert_fail_tau0.9,True,,,,0,,,0.0,50.0
vogn,robust,1,0.08,0.25,0.03,mutual_information,clean,cert_fail_tau0.95,True,,,,0,,,0.0,50.0
vogn,robust,1,0.08,0.25,0.03,mutual_information,adv,adv_error,False,0.9302325581395349,0.575,0.14,50,,,,
vogn,robust,1,0.08,0.25,0.03,mutual_information,adv,cert_fail_tau0.5,True,,,,0,,,0.0,50.0
vogn,robust,1,0.08,0.25,0.03,mutual_information,adv,cert_fail_tau0.9,True,,,,0,,,0.0,50.0
vogn,robust,1,0.08,0.25,0.03,mutual_information,adv,cert_fail_tau0.95,True,,,,0,,,0.0,50.0
vogn,robust,1,0.08,0.25,0.03,mutual_information,delta,adv_error,False,0.27906976744186046,0.24051515531546303,0.14,50,,,,
vogn,robust,1,0.08,0.25,0.03,mutual_information,delta,cert_fail_tau0.5,True,,,,0,,,0.0,50.0
vogn,robust,1,0.08,0.25,0.03,mutual_information,delta,cert_fail_tau0.9,True,,,,0,,,0.0,50.0
vogn,robust,1,0.08,0.25,0.03,mutual_information,delta,cert_fail_tau0.95,True,,,,0,,,0.0,50.0
vogn,robust,1,0.08,0.25,0.03,one_minus_confidence,clean,adv_error,False,0.9368770764119602,0.811965811965812,0.14,50,,,,
vogn,robust,1,0.08,0.25,0.03,one_minus_confidence,clean,cert_fail_tau0.5,True,,,,0,,,0.0,50.0
vogn,robust,1,0.08,0.25,0.03,one_minus_confidence,clean,cert_fail_tau0.9,True,,,,0,,,0.0,50.0
vogn,robust,1,0.08,0.25,0.03,one_minus_confidence,clean,cert_fail_tau0.95,True,,,,0,,,0.0,50.0
vogn,robust,1,0.08,0.25,0.03,one_minus_confidence,adv,adv_error,False,0.9235880398671097,0.5502551020408164,0.14,50,,,,
vogn,robust,1,0.08,0.25,0.03,one_minus_confidence,adv,cert_fail_tau0.5,True,,,,0,,,0.0,50.0
vogn,robust,1,0.08,0.25,0.03,one_minus_confidence,adv,cert_fail_tau0.9,True,,,,0,,,0.0,50.0
vogn,robust,1,0.08,0.25,0.03,one_minus_confidence,adv,cert_fail_tau0.95,True,,,,0,,,0.0,50.0
vogn,robust,1,0.08,0.25,0.03,one_minus_confidence,delta,adv_error,False,0.2757475083056478,0.21670563150593922,0.14,50,,,,
vogn,robust,1,0.08,0.25,0.03,one_minus_confidence,delta,cert_fail_tau0.5,True,,,,0,,,0.0,50.0
vogn,robust,1,0.08,0.25,0.03,one_minus_confidence,delta,cert_fail_tau0.9,True,,,,0,,,0.0,50.0
vogn,robust,1,0.08,0.25,0.03,one_minus_confidence,delta,cert_fail_tau0.95,True,,,,0,,,0.0,50.0
vogn,robust,1,0.08,0.25,0.05,mutual_information,clean,adv_error,False,0.9791666666666666,0.8865936147186146,0.16,50,0.8017933070310709,0.7860589194441406,,
vogn,robust,1,0.08,0.25,0.05,mutual_information,clean,cert_fail_tau0.5,False,0.9966666666666667,0.990909090909091,0.25,40,,,40.0,10.0
vogn,robust,1,0.08,0.25,0.05,mutual_information,clean,cert_fail_tau0.9,False,0.9642857142857143,0.9536891679748823,0.35,40,,,40.0,10.0
vogn,robust,1,0.08,0.25,0.05,mutual_information,clean,cert_fail_tau0.95,False,,1.0,1.0,15,,,15.0,35.0
vogn,robust,1,0.08,0.25,0.05,mutual_information,adv,adv_error,False,0.7261904761904762,0.35750776397515527,0.16,50,0.8002196702777967,0.7515351559494925,,
vogn,robust,1,0.08,0.25,0.05,mutual_information,adv,cert_fail_tau0.5,False,0.9333333333333333,0.8362554112554113,0.25,40,,,40.0,10.0
vogn,robust,1,0.08,0.25,0.05,mutual_information,adv,cert_fail_tau0.9,False,0.978021978021978,0.9603545264259551,0.35,40,,,40.0,10.0
vogn,robust,1,0.08,0.25,0.05,mutual_information,adv,cert_fail_tau0.95,False,,1.0,1.0,15,,,15.0,35.0
vogn,robust,1,0.08,0.25,0.05,mutual_information,delta,adv_error,False,0.125,0.1542968672366651,0.16,50,0.11589073250724499,-0.009810324098634504,,
vogn,robust,1,0.08,0.25,0.05,mutual_information,delta,cert_fail_tau0.5,False,0.25,0.34691154033259286,0.25,40,,,40.0,10.0
vogn,robust,1,0.08,0.25,0.05,mutual_information,delta,cert_fail_tau0.9,False,0.4642857142857143,0.6011882040630382,0.35,40,,,40.0,10.0
vogn,robust,1,0.08,0.25,0.05,mutual_information,delta,cert_fail_tau0.95,False,,1.0,1.0,15,,,15.0,35.0
vogn,robust,1,0.08,0.25,0.05,one_minus_confidence,clean,adv_error,False,0.9404761904761905,0.8103632478632479,0.16,50,0.6998538021359383,0.6628112771850797,,
vogn,robust,1,0.08,0.25,0.05,one_minus_confidence,clean,cert_fail_tau0.5,False,0.9433333333333334,0.8730050505050504,0.25,40,,,40.0,10.0
vogn,robust,1,0.08,0.25,0.05,one_minus_confidence,clean,cert_fail_tau0.9,False,0.8956043956043956,0.83453297985861,0.35,40,,,40.0,10.0
vogn,robust,1,0.08,0.25,0.05,one_minus_confidence,clean,cert_fail_tau0.95,False,,1.0,1.0,15,,,15.0,35.0
vogn,robust,1,0.08,0.25,0.05,one_minus_confidence,adv,adv_error,False,0.7380952380952381,0.33094984545542355,0.16,50,0.781100971008965,0.7176719236211726,,
vogn,robust,1,0.08,0.25,0.05,one_minus_confidence,adv,cert_fail_tau0.5,False,0.9166666666666666,0.8225522138680031,0.25,40,,,40.0,10.0
vogn,robust,1,0.08,0.25,0.05,one_minus_confidence,adv,cert_fail_tau0.9,False,0.9587912087912088,0.9313041125541126,0.35,40,,,40.0,10.0
vogn,robust,1,0.08,0.25,0.05,one_minus_confidence,adv,cert_fail_tau0.95,False,,1.0,1.0,15,,,15.0,35.0
vogn,robust,1,0.08,0.25,0.05,one_minus_confidence,delta,adv_error,False,0.22321428571428573,0.23371018647556574,0.16,50,0.2966122683827505,0.18586453717745618,,
vogn,robust,1,0.08,0.25,0.05,one_minus_confidence,delta,cert_fail_tau0.5,False,0.4,0.5190008545271703,0.25,40,,,40.0,10.0
vogn,robust,1,0.08,0.25,0.05,one_minus_confidence,delta,cert_fail_tau0.9,False,0.5714285714285714,0.7022386242311054,0.35,40,,,40.0,10.0
vogn,robust,1,0.08,0.25,0.05,one_minus_confidence,delta,cert_fail_tau0.95,False,,1.0,1.0,15,,,15.0,35.0
vogn,robust,1,0.08,0.25,0.07,mutual_information,clean,adv_error,False,0.9106029106029107,0.8741610325320733,0.26,50,0.7129042645447502,0.7723741877595549,,
vogn,robust,1,0.08,0.25,0.07,mutual_information,clean,cert_fail_tau0.5,False,0.95,0.9540369352869353,0.47368421052631576,38,,,38.0,12.0
vogn,robust,1,0.08,0.25,0.07,mutual_information,clean,cert_fail_tau0.9,False,0.9442724458204335,0.9560241612803941,0.5277777777777778,36,,,36.0,14.0
vogn,robust,1,0.08,0.25,0.07,mutual_information,clean,cert_fail_tau0.95,False,,1.0,1.0,19,,,19.0,31.0
vogn,robust,1,0.08,0.25,0.07,mutual_information,adv,adv_error,False,0.6943866943866944,0.38821569502673786,0.26,50,0.7619811941742679,0.6597098770392943,,
vogn,robust,1,0.08,0.25,0.07,mutual_information,adv,cert_fail_tau0.5,False,0.9277777777777778,0.9373844600818285,0.47368421052631576,38,,,38.0,12.0
vogn,robust,1,0.08,0.25,0.07,mutual_information,adv,cert_fail_tau0.9,False,0.9535603715170279,0.9679731625715005,0.5277777777777778,36,,,36.0,14.0
vogn,robust,1,0.08,0.25,0.07,mutual_information,adv,cert_fail_tau0.95,False,,1.0,1.0,19,,,19.0,31.0
vogn,robust,1,0.08,0.25,0.07,mutual_information,delta,adv_error,False,0.31185031185031187,0.2326607337936134,0.26,50,0.2663145151954717,0.0734701108162276,,
vogn,robust,1,0.08,0.25,0.07,mutual_information,delta,cert_fail_tau0.5,False,0.55,0.7305996256439846,0.47368421052631576,38,,,38.0,12.0
vogn,robust,1,0.08,0.25,0.07,mutual_information,delta,cert_fail_tau0.9,False,0.5789473684210527,0.7786527008904945,0.5277777777777778,36,,,36.0,14.0
vogn,robust,1,0.08,0.25,0.07,mutual_information,delta,cert_fail_tau0.95,False,,1.0,1.0,19,,,19.0,31.0
vogn,robust,1,0.08,0.25,0.07,one_minus_confidence,clean,adv_error,False,0.8607068607068608,0.7633701047510576,0.26,50,0.6456185347615025,0.6432113131296403,,
vogn,robust,1,0.08,0.25,0.07,one_minus_confidence,clean,cert_fail_tau0.5,False,0.8944444444444445,0.8799634869487811,0.47368421052631576,38,,,38.0,12.0
vogn,robust,1,0.08,0.25,0.07,one_minus_confidence,clean,cert_fail_tau0.9,False,0.9040247678018576,0.9067221237654677,0.5277777777777778,36,,,36.0,14.0
vogn,robust,1,0.08,0.25,0.07,one_minus_confidence,clean,cert_fail_tau0.95,False,,1.0,1.0,19,,,19.0,31.0
vogn,robust,1,0.08,0.25,0.07,one_minus_confidence,adv,adv_error,False,0.7193347193347194,0.4787308465836934,0.26,50,0.7769826506051395,0.6450057140740038,,
vogn,robust,1,0.08,0.25,0.07,one_minus_confidence,adv,cert_fail_tau0.5,False,0.9361111111111111,0.9484734395550335,0.47368421052631576,38,,,38.0,12.0
vogn,robust,1,0.08,0.25,0.07,one_minus_confidence,adv,cert_fail_tau0.9,False,0.9566563467492261,0.9710478555735982,0.5277777777777778,36,,,36.0,14.0
vogn,robust,1,0.08,0.25,0.07,one_minus_confidence,adv,cert_fail_tau0.95,False,,1.0,1.0,19,,,19.0,31.0
vogn,robust,1,0.08,0.25,0.07,one_minus_confidence,delta,adv_error,False,0.46153846153846156,0.3717578546215034,0.26,50,0.47035494321399235,0.2631538130684757,,
vogn,robust,1,0.08,0.25,0.07,one_minus_confidence,delta,cert_fail_tau0.5,False,0.6666666666666666,0.8117702023790775,0.47368421052631576,38,,,38.0,12.0
vogn,robust,1,0.08,0.25,0.07,one_minus_confidence,delta,cert_fail_tau0.9,False,0.6842105263157895,0.8393302568493571,0.5277777777777778,36,,,36.0,14.0
vogn,robust,1,0.08,0.25,0.07,one_minus_confidence,delta,cert_fail_tau0.95,False,,1.0,1.0,19,,,19.0,31.0
vogn,robust,1,0.08,0.25,0.08,mutual_information,clean,adv_error,False,0.9161904761904762,0.8764443617384794,0.3,50,0.5630149953437231,0.7392053237121097,,
vogn,robust,1,0.08,0.25,0.08,mutual_information,clean,cert_fail_tau0.5,False,0.9228070175438596,0.9480898856452873,0.5588235294117647,34,,,34.0,16.0
vogn,robust,1,0.08,0.25,0.08,mutual_information,clean,cert_fail_tau0.9,False,0.9043478260869565,0.957620514110957,0.696969696969697,33,,,33.0,17.0
vogn,robust,1,0.08,0.25,0.08,mutual_information,clean,cert_fail_tau0.95,False,,1.0,1.0,23,,,23.0,27.0
vogn,robust,1,0.08,0.25,0.08,mutual_information,adv,adv_error,False,0.64,0.3834302814621033,0.3,50,0.6597031465285986,0.5399847408644782,,
vogn,robust,1,0.08,0.25,0.08,mutual_information,adv,cert_fail_tau0.5,False,0.9087719298245615,0.9459172123858032,0.5588235294117647,34,,,34.0,16.0
vogn,robust,1,0.08,0.25,0.08,mutual_information,adv,cert_fail_tau0.9,False,0.9304347826086956,0.9735318210459988,0.696969696969697,33,,,33.0,17.0
vogn,robust,1,0.08,0.25,0.08,mutual_information,adv,cert_fail_tau0.95,False,,1.0,1.0,23,,,23.0,27.0
vogn,robust,1,0.08,0.25,0.08,mutual_information,delta,adv_error,False,0.26285714285714284,0.2417045826336464,0.3,50,0.18814402361341065,-0.08726521265729166,,
vogn,robust,1,0.08,0.25,0.08,mutual_information,delta,cert_fail_tau0.5,False,0.47368421052631576,0.7298012005063742,0.5588235294117647,34,,,34.0,16.0
vogn,robust,1,0.08,0.25,0.08,mutual_information,delta,cert_fail_tau0.9,False,0.5652173913043478,0.8458666458031696,0.696969696969697,33,,,33.0,17.0
vogn,robust,1,0.08,0.25,0.08,mutual_information,delta,cert_fail_tau0.95,False,,1.0,1.0,23,,,23.0,27.0
vogn,robust,1,0.08,0.25,0.08,one_minus_confidence,clean,adv_error,False,0.8476190476190476,0.7495006332883989,0.3,50,0.5123806595471144,0.611441152275354,,
vogn,robust,1,0.08,0.25,0.08,one_minus_confidence,clean,cert_fail_tau0.5,False,0.8526315789473684,0.8777213738681068,0.5588235294117647,34,,,34.0,16.0
vogn,robust,1,0.08,0.25,0.08,one_minus_confidence,clean,cert_fail_tau0.9,False,0.8521739130434782,0.9215710385793844,0.696969696969697,33,,,33.0,17.0
vogn,robust,1,0.08,0.25,0.08,one_minus_confidence,clean,cert_fail_tau0.95,False,,1.0,1.0,23,,,23.0,27.0
vogn,robust,1,0.08,0.25,0.08,one_minus_confidence,adv,adv_error,False,0.700952380952381,0.5205726705848733,0.3,50,0.6692411546781778,0.5703226469830212,,
vogn,robust,1,0.08,0.25,0.08,one_minus_confidence,adv,cert_fail_tau0.5,False,0.9157894736842105,0.9484323219299987,0.5588235294117647,34,,,34.0,16.0
vogn,robust,1,0.08,0.25,0.08,one_minus_confidence,adv,cert_fail_tau0.9,False,0.9434782608695652,0.9784985965515266,0.696969696969697,33,,,33.0,17.0
vogn,robust,1,0.08,0.25,0.08,one_minus_confidence,adv,cert_fail_tau0.95,False,,1.0,1.0,23,,,23.0,27.0
vogn,robust,1,0.08,0.25,0.08,one_minus_confidence,delta,adv_error,False,0.49523809523809526,0.4445400675991905,0.3,50,0.4397839300511618,0.2497504396612179,,
vogn,robust,1,0.08,0.25,0.08,one_minus_confidence,delta,cert_fail_tau0.5,False,0.6842105263157895,0.8491797751481068,0.5588235294117647,34,,,34.0,16.0
vogn,robust,1,0.08,0.25,0.08,one_minus_confidence,delta,cert_fail_tau0.9,False,0.7391304347826086,0.9141993597880576,0.696969696969697,33,,,33.0,17.0
vogn,robust,1,0.08,0.25,0.08,one_minus_confidence,delta,cert_fail_tau0.95,False,,1.0,1.0,23,,,23.0,27.0
vogn,robust,1,0.08,0.25,0.1,mutual_information,clean,adv_error,False,0.9166666666666666,0.8915923691891184,0.4,50,0.3460892484138524,0.6249083730966054,,
vogn,robust,1,0.08,0.25,0.1,mutual_information,clean,cert_fail_tau0.5,False,0.782051282051282,0.9473087355951145,0.8125,32,,,32.0,18.0
vogn,robust,1,0.08,0.25,0.1,mutual_information,clean,cert_fail_tau0.9,False,0.8275862068965517,0.9737889611343765,0.8787878787878788,33,,,33.0,17.0
vogn,robust,1,0.08,0.25,0.1,mutual_information,clean,cert_fail_tau0.95,False,,1.0,1.0,29,,,29.0,21.0
vogn,robust,1,0.08,0.25,0.1,mutual_information,adv,adv_error,False,0.6083333333333333,0.5274811782377264,0.4,50,0.5042564085549252,0.40609436340473243,,
vogn,robust,1,0.08,0.25,0.1,mutual_information,adv,cert_fail_tau0.5,False,0.9230769230769231,0.9839039557308789,0.8125,32,,,32.0,18.0
vogn,robust,1,0.08,0.25,0.1,mutual_information,adv,cert_fail_tau0.9,False,0.9396551724137931,0.992122544738478,0.8787878787878788,33,,,33.0,17.0
vogn,robust,1,0.08,0.25,0.1,mutual_information,adv,cert_fail_tau0.95,False,,1.0,1.0,29,,,29.0,21.0
vogn,robust,1,0.08,0.25,0.1,mutual_information,delta,adv_error,False,0.38333333333333336,0.4313945863167545,0.4,50,0.22993748076718967,-0.035770991001193374,,
vogn,robust,1,0.08,0.25,0.1,mutual_information,delta,cert_fail_tau0.5,False,0.6153846153846154,0.9151503203340204,0.8125,32,,,32.0,18.0
vogn,robust,1,0.08,0.25,0.1,mutual_information,delta,cert_fail_tau0.9,False,0.6551724137931034,0.9511025221168677,0.8787878787878788,33,,,33.0,17.0
vogn,robust,1,0.08,0.25,0.1,mutual_information,delta,cert_fail_tau0.95,False,,1.0,1.0,29,,,29.0,21.0
vogn,robust,1,0.08,0.25,0.1,one_minus_confidence,clean,adv_error,False,0.8416666666666667,0.7745993462770157,0.4,50,0.3123044039079621,0.5162973356459374,,
vogn,robust,1,0.08,0.25,0.1,one_minus_confidence,clean,cert_fail_tau0.5,False,0.717948717948718,0.9175021482659028,0.8125,32,,,32.0,18.0
vogn,robust,1,0.08,0.25,0.1,one_minus_confidence,clean,cert_fail_tau0.9,False,0.7758620689655172,0.9580348896008443,0.8787878787878788,33,,,33.0,17.0
vogn,robust,1,0.08,0.25,0.1,one_minus_confidence,clean,cert_fail_tau0.95,False,,1.0,1.0,29,,,29.0,21.0
vogn,robust,1,0.08,0.25,0.1,one_minus_confidence,adv,adv_error,False,0.6733333333333333,0.5267362597465294,0.4,50,0.4998110939906702,0.4631013008542927,,
vogn,robust,1,0.08,0.25,0.1,one_minus_confidence,adv,cert_fail_tau0.5,False,0.9166666666666666,0.9826320794590025,0.8125,32,,,32.0,18.0
vogn,robust,1,0.08,0.25,0.1,one_minus_confidence,adv,cert_fail_tau0.9,False,0.9224137931034483,0.9896864948589086,0.8787878787878788,33,,,33.0,17.0
vogn,robust,1,0.08,0.25,0.1,one_minus_confidence,adv,cert_fail_tau0.95,False,,1.0,1.0,29,,,29.0,21.0
vogn,robust,1,0.08,0.25,0.1,one_minus_confidence,delta,adv_error,False,0.5,0.4702410176631859,0.4,50,0.3171230051241908,0.18186050659146658,,
vogn,robust,1,0.08,0.25,0.1,one_minus_confidence,delta,cert_fail_tau0.5,False,0.7307692307692307,0.9440299189962278,0.8125,32,,,32.0,18.0
vogn,robust,1,0.08,0.25,0.1,one_minus_confidence,delta,cert_fail_tau0.9,False,0.7241379310344828,0.9623668899329597,0.8787878787878788,33,,,33.0,17.0
vogn,robust,1,0.08,0.25,0.1,one_minus_confidence,delta,cert_fail_tau0.95,False,,1.0,1.0,29,,,29.0,21.0
vogn,robust,1,0.08,0.25,0.15,mutual_information,clean,adv_error,False,0.7886029411764706,0.8921460328108752,0.68,50,,,,
vogn,robust,1,0.08,0.25,0.15,mutual_information,clean,cert_fail_tau0.5,True,,,,0,,,0.0,50.0
vogn,robust,1,0.08,0.25,0.15,mutual_information,clean,cert_fail_tau0.9,True,,,,0,,,0.0,50.0
vogn,robust,1,0.08,0.25,0.15,mutual_information,clean,cert_fail_tau0.95,True,,,,0,,,0.0,50.0
vogn,robust,1,0.08,0.25,0.15,mutual_information,adv,adv_error,False,0.3952205882352941,0.6187117622584773,0.68,50,,,,
vogn,robust,1,0.08,0.25,0.15,mutual_information,adv,cert_fail_tau0.5,True,,,,0,,,0.0,50.0
vogn,robust,1,0.08,0.25,0.15,mutual_information,adv,cert_fail_tau0.9,True,,,,0,,,0.0,50.0
vogn,robust,1,0.08,0.25,0.15,mutual_information,adv,cert_fail_tau0.95,True,,,,0,,,0.0,50.0
vogn,robust,1,0.08,0.25,0.15,mutual_information,delta,adv_error,False,0.35110294117647056,0.606712550697362,0.68,50,,,,
vogn,robust,1,0.08,0.25,0.15,mutual_information,delta,cert_fail_tau0.5,True,,,,0,,,0.0,50.0
vogn,robust,1,0.08,0.25,0.15,mutual_information,delta,cert_fail_tau0.9,True,,,,0,,,0.0,50.0
vogn,robust,1,0.08,0.25,0.15,mutual_information,delta,cert_fail_tau0.95,True,,,,0,,,0.0,50.0
vogn,robust,1,0.08,0.25,0.15,one_minus_confidence,clean,adv_error,False,0.7637867647058824,0.8633947541580285,0.68,50,,,,
vogn,robust,1,0.08,0.25,0.15,one_minus_confidence,clean,cert_fail_tau0.5,True,,,,0,,,0.0,50.0
vogn,robust,1,0.08,0.25,0.15,one_minus_confidence,clean,cert_fail_tau0.9,True,,,,0,,,0.0,50.0
vogn,robust,1,0.08,0.25,0.15,one_minus_confidence,clean,cert_fail_tau0.95,True,,,,0,,,0.0,50.0
vogn,robust,1,0.08,0.25,0.15,one_minus_confidence,adv,adv_error,False,0.5845588235294118,0.7700964541070536,0.68,50,,,,
vogn,robust,1,0.08,0.25,0.15,one_minus_confidence,adv,cert_fail_tau0.5,True,,,,0,,,0.0,50.0
vogn,robust,1,0.08,0.25,0.15,one_minus_confidence,adv,cert_fail_tau0.9,True,,,,0,,,0.0,50.0
vogn,robust,1,0.08,0.25,0.15,one_minus_confidence,adv,cert_fail_tau0.95,True,,,,0,,,0.0,50.0
vogn,robust,1,0.08,0.25,0.15,one_minus_confidence,delta,adv_error,False,0.5349264705882353,0.7629072689919664,0.68,50,,,,
vogn,robust,1,0.08,0.25,0.15,one_minus_confidence,delta,cert_fail_tau0.5,True,,,,0,,,0.0,50.0
vogn,robust,1,0.08,0.25,0.15,one_minus_confidence,delta,cert_fail_tau0.9,True,,,,0,,,0.0,50.0
vogn,robust,1,0.08,0.25,0.15,one_minus_confidence,delta,cert_fail_tau0.95,True,,,,0,,,0.0,50.0
vogn,robust,2,0.08,0.25,0.01,mutual_information,clean,adv_error,False,0.967391304347826,0.6220238095238095,0.08,50,0.6299221949829114,0.6299221949829114,,
vogn,robust,2,0.08,0.25,0.01,mutual_information,clean,cert_fail_tau0.5,False,0.9722222222222222,0.6458333333333333,0.08163265306122448,49,,,49.0,1.0
vogn,robust,2,0.08,0.25,0.01,mutual_information,clean,cert_fail_tau0.9,False,1.0,1.0,0.125,48,,,48.0,2.0
vogn,robust,2,0.08,0.25,0.01,mutual_information,clean,cert_fail_tau0.95,False,,1.0,1.0,6,,,6.0,44.0
vogn,robust,2,0.08,0.25,0.01,mutual_information,adv,adv_error,False,0.9347826086956522,0.4611111111111111,0.08,50,0.6267616726810021,0.6267616726810021,,
vogn,robust,2,0.08,0.25,0.01,mutual_information,adv,cert_fail_tau0.5,False,0.95,0.525,0.08163265306122448,49,,,49.0,1.0
vogn,robust,2,0.08,0.25,0.01,mutual_information,adv,cert_fail_tau0.9,False,0.996031746031746,0.9761904761904762,0.125,48,,,48.0,2.0
vogn,robust,2,0.08,0.25,0.01,mutual_information,adv,cert_fail_tau0.95,False,,1.0,1.0,6,,,6.0,44.0
vogn,robust,2,0.08,0.25,0.01,mutual_information,delta,adv_error,False,0.0,0.05104193805181647,0.08,50,-0.05493288762842257,-0.05493288762842257,,
vogn,robust,2,0.08,0.25,0.01,mutual_information,delta,cert_fail_tau0.5,False,0.0,0.05210624374634219,0.08163265306122448,49,,,49.0,1.0
vogn,robust,2,0.08,0.25,0.01,mutual_information,delta,cert_fail_tau0.9,False,0.3333333333333333,0.3975010278548669,0.125,48,,,48.0,2.0
vogn,robust,2,0.08,0.25,0.01,mutual_information,delta,cert_fail_tau0.95,False,,1.0,1.0,6,,,6.0,44.0
vogn,robust,2,0.08,0.25,0.01,one_minus_confidence,clean,adv_error,False,1.0,1.0,0.08,50,0.5749460255313801,0.5749460255313801,,
vogn,robust,2,0.08,0.25,0.01,one_minus_confidence,clean,cert_fail_tau0.5,False,1.0,1.0,0.08163265306122448,49,,,49.0,1.0
vogn,robust,2,0.08,0.25,0.01,one_minus_confidence,clean,cert_fail_tau0.9,False,0.9920634920634921,0.9583333333333334,0.125,48,,,48.0,2.0
vogn,robust,2,0.08,0.25,0.01,one_minus_confidence,clean,cert_fail_tau0.95,False,,1.0,1.0,6,,,6.0,44.0
vogn,robust,2,0.08,0.25,0.01,one_minus_confidence,adv,adv_error,False,0.967391304347826,0.775,0.08,50,0.6184131474923316,0.6184131474923316,,
vogn,robust,2,0.08,0.25,0.01,one_minus_confidence,adv,cert_fail_tau0.5,False,0.9777777777777777,0.8303571428571428,0.08163265306122448,49,,,49.0,1.0
vogn,robust,2,0.08,0.25,0.01,one_minus_confidence,adv,cert_fail_tau0.9,False,0.996031746031746,0.9761904761904762,0.125,48,,,48.0,2.0
vogn,robust,2,0.08,0.25,0.01,one_minus_confidence,adv,cert_fail_tau0.95,False,,1.0,1.0,6,,,6.0,44.0
vogn,robust,2,0.08,0.25,0.01,one_minus_confidence,delta,adv_error,False,0.0,0.05104193805181647,0.08,50,-0.06397377387851706,-0.06397377387851706,,
vogn,robust,2,0.08,0.25,0.01,one_minus_confidence,delta,cert_fail_tau0.5,False,0.0,0.05210624374634219,0.08163265306122448,49,,,49.0,1.0
vogn,robust,2,0.08,0.25,0.01,one_minus_confidence,delta,cert_fail_tau0.9,False,0.3333333333333333,0.3975010278548669,0.125,48,,,48.0,2.0
vogn,robust,2,0.08,0.25,0.01,one_minus_confidence,delta,cert_fail_tau0.95,False,,1.0,1.0,6,,,6.0,44.0
vogn,robust,2,0.08,0.25,0.03,mutual_information,clean,adv_error,False,0.9867109634551495,0.9240362811791383,0.14,50,,,,
vogn,robust,2,0.08,0.25,0.03,mutual_information,clean,cert_fail_tau0.5,True,,,,0,,,0.0,50.0
vogn,robust,2,0.08,0.25,0.03,mutual_information,clean,cert_fail_tau0.9,True,,,,0,,,0.0,50.0
vogn,robust,2,0.08,0.25,0.03,mutual_information,clean,cert_fail_tau0.95,True,,,,0,,,0.0,50.0
vogn,robust,2,0.08,0.25,0.03,mutual_information,adv,adv_error,False,0.9069767441860465,0.5818070818070817,0.14,50,,,,
vogn,robust,2,0.08,0.25,0.03,mutual_information,adv,cert_fail_tau0.5,True,,,,0,,,0.0,50.0
vogn,robust,2,0.08,0.25,0.03,mutual_information,adv,cert_fail_tau0.9,True,,,,0,,,0.0,50.0
vogn,robust,2,0.08,0.25,0.03,mutual_information,adv,cert_fail_tau0.95,True,,,,0,,,0.0,50.0
vogn,robust,2,0.08,0.25,0.03,mutual_information,delta,adv_error,False,0.12956810631229235,0.10090117018652774,0.14,50,,,,
vogn,robust,2,0.08,0.25,0.03,mutual_information,delta,cert_fail_tau0.5,True,,,,0,,,0.0,50.0
vogn,robust,2,0.08,0.25,0.03,mutual_information,delta,cert_fail_tau0.9,True,,,,0,,,0.0,50.0
vogn,robust,2,0.08,0.25,0.03,mutual_information,delta,cert_fail_tau0.95,True,,,,0,,,0.0,50.0
vogn,robust,2,0.08,0.25,0.03,one_minus_confidence,clean,adv_error,False,0.9667774086378738,0.888095238095238,0.14,50,,,,
vogn,robust,2,0.08,0.25,0.03,one_minus_confidence,clean,cert_fail_tau0.5,True,,,,0,,,0.0,50.0
vogn,robust,2,0.08,0.25,0.03,one_minus_confidence,clean,cert_fail_tau0.9,True,,,,0,,,0.0,50.0
vogn,robust,2,0.08,0.25,0.03,one_minus_confidence,clean,cert_fail_tau0.95,True,,,,0,,,0.0,50.0
vogn,robust,2,0.08,0.25,0.03,one_minus_confidence,adv,adv_error,False,0.8471760797342193,0.48589981447124303,0.14,50,,,,
vogn,robust,2,0.08,0.25,0.03,one_minus_confidence,adv,cert_fail_tau0.5,True,,,,0,,,0.0,50.0
vogn,robust,2,0.08,0.25,0.03,one_minus_confidence,adv,cert_fail_tau0.9,True,,,,0,,,0.0,50.0
vogn,robust,2,0.08,0.25,0.03,one_minus_confidence,adv,cert_fail_tau0.95,True,,,,0,,,0.0,50.0
vogn,robust,2,0.08,0.25,0.03,one_minus_confidence,delta,adv_error,False,0.2724252491694352,0.1928961076964154,0.14,50,,,,
vogn,robust,2,0.08,0.25,0.03,one_minus_confidence,delta,cert_fail_tau0.5,True,,,,0,,,0.0,50.0
vogn,robust,2,0.08,0.25,0.03,one_minus_confidence,delta,cert_fail_tau0.9,True,,,,0,,,0.0,50.0
vogn,robust,2,0.08,0.25,0.03,one_minus_confidence,delta,cert_fail_tau0.95,True,,,,0,,,0.0,50.0
vogn,robust,2,0.08,0.25,0.05,mutual_information,clean,adv_error,False,0.975609756097561,0.8909171075837744,0.18,50,0.8152837869041273,0.7521370913012344,,
vogn,robust,2,0.08,0.25,0.05,mutual_information,clean,cert_fail_tau0.5,False,0.9754464285714286,0.952891156462585,0.30434782608695654,46,,,46.0,4.0
vogn,robust,2,0.08,0.25,0.05,mutual_information,clean,cert_fail_tau0.9,False,0.9616368286445013,0.9551294680551646,0.425,40,,,40.0,10.0
vogn,robust,2,0.08,0.25,0.05,mutual_information,clean,cert_fail_tau0.95,False,,1.0,1.0,17,,,17.0,33.0
vogn,robust,2,0.08,0.25,0.05,mutual_information,adv,adv_error,False,0.7533875338753387,0.31408128908128913,0.18,50,0.8054471835041144,0.7340662650816593,,
vogn,robust,2,0.08,0.25,0.05,mutual_information,adv,cert_fail_tau0.5,False,0.9419642857142857,0.9021128613388676,0.30434782608695654,46,,,46.0,4.0
vogn,robust,2,0.08,0.25,0.05,mutual_information,adv,cert_fail_tau0.9,False,0.9872122762148338,0.9840397923875432,0.425,40,,,40.0,10.0
vogn,robust,2,0.08,0.25,0.05,mutual_information,adv,cert_fail_tau0.95,False,,1.0,1.0,17,,,17.0,33.0
vogn,robust,2,0.08,0.25,0.05,mutual_information,delta,adv_error,False,0.18157181571815717,0.13262600070788266,0.18,50,0.0869736412868484,0.00021706698161651786,,
vogn,robust,2,0.08,0.25,0.05,mutual_information,delta,cert_fail_tau0.5,False,0.49776785714285715,0.6115922398081901,0.30434782608695654,46,,,46.0,4.0
vogn,robust,2,0.08,0.25,0.05,mutual_information,delta,cert_fail_tau0.9,False,0.5882352941176471,0.7432864292042949,0.425,40,,,40.0,10.0
vogn,robust,2,0.08,0.25,0.05,mutual_information,delta,cert_fail_tau0.95,False,,1.0,1.0,17,,,17.0,33.0
vogn,robust,2,0.08,0.25,0.05,one_minus_confidence,clean,adv_error,False,0.9295392953929539,0.807977207977208,0.18,50,0.7242014663527423,0.6146178412061599,,
vogn,robust,2,0.08,0.25,0.05,one_minus_confidence,clean,cert_fail_tau0.5,False,0.8816964285714286,0.7682318621228396,0.30434782608695654,46,,,46.0,4.0
vogn,robust,2,0.08,0.25,0.05,one_minus_confidence,clean,cert_fail_tau0.9,False,0.928388746803069,0.9032317838477919,0.425,40,,,40.0,10.0
vogn,robust,2,0.08,0.25,0.05,one_minus_confidence,clean,cert_fail_tau0.95,False,,1.0,1.0,17,,,17.0,33.0
vogn,robust,2,0.08,0.25,0.05,one_minus_confidence,adv,adv_error,False,0.6910569105691057,0.310089495434323,0.18,50,0.7554333590741923,0.6154440019880344,,
vogn,robust,2,0.08,0.25,0.05,one_minus_confidence,adv,cert_fail_tau0.5,False,0.8861607142857143,0.8300090187590188,0.30434782608695654,46,,,46.0,4.0
vogn,robust,2,0.08,0.25,0.05,one_minus_confidence,adv,cert_fail_tau0.9,False,0.9565217391304348,0.9528296386427875,0.425,40,,,40.0,10.0
vogn,robust,2,0.08,0.25,0.05,one_minus_confidence,adv,cert_fail_tau0.95,False,,1.0,1.0,17,,,17.0,33.0
vogn,robust,2,0.08,0.25,0.05,one_minus_confidence,delta,adv_error,False,0.2845528455284553,0.1963704675531247,0.18,50,0.30752376526792746,0.14631719835623816,,
vogn,robust,2,0.08,0.25,0.05,one_minus_confidence,delta,cert_fail_tau0.5,False,0.5669642857142857,0.6699560981720485,0.30434782608695654,46,,,46.0,4.0
vogn,robust,2,0.08,0.25,0.05,one_minus_confidence,delta,cert_fail_tau0.9,False,0.6470588235294118,0.7830788167475475,0.425,40,,,40.0,10.0
vogn,robust,2,0.08,0.25,0.05,one_minus_confidence,delta,cert_fail_tau0.95,False,,1.0,1.0,17,,,17.0,33.0
vogn,robust,2,0.08,0.25,0.07,mutual_information,clean,adv_error,False,0.9319852941176471,0.9018353174603174,0.32,50,0.6806739682472768,0.7476539810347225,,
vogn,robust,2,0.08,0.25,0.07,mutual_information,clean,cert_fail_tau0.5,False,0.9261904761904762,0.929291847930864,0.4878048780487805,41,,,41.0,9.0
vogn,robust,2,0.08,0.25,0.07,mutual_information,clean,cert_fail_tau0.9,False,0.9545454545454546,0.9640700741341351,0.5789473684210527,38,,,38.0,12.0
vogn,robust,2,0.08,0.25,0.07,mutual_information,clean,cert_fail_tau0.95,False,,1.0,1.0,23,,,23.0,27.0
vogn,robust,2,0.08,0.25,0.07,mutual_information,adv,adv_error,False,0.7959558823529411,0.6513588236382355,0.32,50,0.7628978615182139,0.6801968635174641,,
vogn,robust,2,0.08,0.25,0.07,mutual_information,adv,cert_fail_tau0.5,False,0.9261904761904762,0.937699549846289,0.4878048780487805,41,,,41.0,9.0
vogn,robust,2,0.08,0.25,0.07,mutual_information,adv,cert_fail_tau0.9,False,0.9630681818181818,0.9792921094057457,0.5789473684210527,38,,,38.0,12.0
vogn,robust,2,0.08,0.25,0.07,mutual_information,adv,cert_fail_tau0.95,False,,1.0,1.0,23,,,23.0,27.0
vogn,robust,2,0.08,0.25,0.07,mutual_information,delta,adv_error,False,0.40808823529411764,0.4535611640403332,0.32,50,0.17360091537378608,-0.032884705506896955,,
vogn,robust,2,0.08,0.25,0.07,mutual_information,delta,cert_fail_tau0.5,False,0.5476190476190477,0.7391733415609238,0.4878048780487805,41,,,41.0,9.0
vogn,robust,2,0.08,0.25,0.07,mutual_information,delta,cert_fail_tau0.9,False,0.5909090909090909,0.8063649340303326,0.5789473684210527,38,,,38.0,12.0
vogn,robust,2,0.08,0.25,0.07,mutual_information,delta,cert_fail_tau0.95,False,,1.0,1.0,23,,,23.0,27.0
vogn,robust,2,0.08,0.25,0.07,one_minus_confidence,clean,adv_error,False,0.8363970588235294,0.7192850793744282,0.32,50,0.6336936826539629,0.6067535775716907,,
vogn,robust,2,0.08,0.25,0.07,one_minus_confidence,clean,cert_fail_tau0.5,False,0.8857142857142857,0.8793602096739214,0.4878048780487805,41,,,41.0,9.0
vogn,robust,2,0.08,0.25,0.07,one_minus_confidence,clean,cert_fail_tau0.9,False,0.9289772727272727,0.9412045137685748,0.5789473684210527,38,,,38.0,12.0
vogn,robust,2,0.08,0.25,0.07,one_minus_confidence,clean,cert_fail_tau0.95,False,,1.0,1.0,23,,,23.0,27.0
vogn,robust,2,0.08,0.25,0.07,one_minus_confidence,adv,adv_error,False,0.7702205882352942,0.7046259687892753,0.32,50,0.7361583840317302,0.5694730883659371,,
vogn,robust,2,0.08,0.25,0.07,one_minus_confidence,adv,cert_fail_tau0.5,False,0.9142857142857143,0.93354457619675,0.4878048780487805,41,,,41.0,9.0
vogn,robust,2,0.08,0.25,0.07,one_minus_confidence,adv,cert_fail_tau0.9,False,0.9460227272727273,0.9678892253991069,0.5789473684210527,38,,,38.0,12.0
vogn,robust,2,0.08,0.25,0.07,one_minus_confidence,adv,cert_fail_tau0.95,False,,1.0,1.0,23,,,23.0,27.0
vogn,robust,2,0.08,0.25,0.07,one_minus_confidence,delta,adv_error,False,0.5643382352941176,0.6121203405943525,0.32,50,0.4429497289780193,0.23858032844428348,,
vogn,robust,2,0.08,0.25,0.07,one_minus_confidence,delta,cert_fail_tau0.5,False,0.6833333333333333,0.8174691144155201,0.4878048780487805,41,,,41.0,9.0
vogn,robust,2,0.08,0.25,0.07,one_minus_confidence,delta,cert_fail_tau0.9,False,0.7215909090909091,0.8717445365067091,0.5789473684210527,38,,,38.0,12.0
vogn,robust,2,0.08,0.25,0.07,one_minus_confidence,delta,cert_fail_tau0.95,False,,1.0,1.0,23,,,23.0,27.0
vogn,robust,2,0.08,0.25,0.08,mutual_information,clean,adv_error,False,0.9055258467023173,0.8790892114421526,0.34,50,0.606997055551022,0.7297222390403072,,
vogn,robust,2,0.08,0.25,0.08,mutual_information,clean,cert_fail_tau0.5,False,0.8951048951048951,0.9374728965598601,0.6285714285714286,35,,,35.0,15.0
vogn,robust,2,0.08,0.25,0.08,mutual_information,clean,cert_fail_tau0.9,False,0.9,0.955438075494449,0.7142857142857143,35,,,35.0,15.0
vogn,robust,2,0.08,0.25,0.08,mutual_information,clean,cert_fail_tau0.95,False,,1.0,1.0,25,,,25.0,25.0
vogn,robust,2,0.08,0.25,0.08,mutual_information,adv,adv_error,False,0.7254901960784313,0.49525986128282207,0.34,50,0.674907607682179,0.6075595986324865,,
vogn,robust,2,0.08,0.25,0.08,mutual_information,adv,cert_fail_tau0.5,False,0.9475524475524476,0.9754379266978082,0.6285714285714286,35,,,35.0,15.0
vogn,robust,2,0.08,0.25,0.08,mutual_information,adv,cert_fail_tau0.9,False,0.96,0.9862442028985506,0.7142857142857143,35,,,35.0,15.0
vogn,robust,2,0.08,0.25,0.08,mutual_information,adv,cert_fail_tau0.95,False,,1.0,1.0,25,,,25.0,25.0
vogn,robust,2,0.08,0.25,0.08,mutual_information,delta,adv_error,False,0.39572192513368987,0.34807785080711284,0.34,50,0.18842786999771724,-0.02277522384631863,,
vogn,robust,2,0.08,0.25,0.08,mutual_information,delta,cert_fail_tau0.5,False,0.5909090909090909,0.8272408119807452,0.6285714285714286,35,,,35.0,15.0
vogn,robust,2,0.08,0.25,0.08,mutual_information,delta,cert_fail_tau0.9,False,0.64,0.8830553188792737,0.7142857142857143,35,,,35.0,15.0
vogn,robust,2,0.08,0.25,0.08,mutual_information,delta,cert_fail_tau0.95,False,,1.0,1.0,25,,,25.0,25.0
vogn,robust,2,0.08,0.25,0.08,one_minus_confidence,clean,adv_error,False,0.8146167557932263,0.708224192352403,0.34,50,0.5813625409050512,0.5883106099264265,,
vogn,robust,2,0.08,0.25,0.08,one_minus_confidence,clean,cert_fail_tau0.5,False,0.8461538461538461,0.8959140774874416,0.6285714285714286,35,,,35.0,15.0
vogn,robust,2,0.08,0.25,0.08,one_minus_confidence,clean,cert_fail_tau0.9,False,0.872,0.9379025190968238,0.7142857142857143,35,,,35.0,15.0
vogn,robust,2,0.08,0.25,0.08,one_minus_confidence,clean,cert_fail_tau0.95,False,,1.0,1.0,25,,,25.0,25.0
vogn,robust,2,0.08,0.25,0.08,one_minus_confidence,adv,adv_error,False,0.714795008912656,0.5178032295825769,0.34,50,0.6795837646364372,0.5283038531494268,,
vogn,robust,2,0.08,0.25,0.08,one_minus_confidence,adv,cert_fail_tau0.5,False,0.9090909090909091,0.9530560667793287,0.6285714285714286,35,,,35.0,15.0
vogn,robust,2,0.08,0.25,0.08,one_minus_confidence,adv,cert_fail_tau0.9,False,0.94,0.9781614827201783,0.7142857142857143,35,,,35.0,15.0
vogn,robust,2,0.08,0.25,0.08,one_minus_confidence,adv,cert_fail_tau0.95,False,,1.0,1.0,25,,,25.0,25.0
vogn,robust,2,0.08,0.25,0.08,one_minus_confidence,delta,adv_error,False,0.5115864527629234,0.43593850880974144,0.34,50,0.38328545580753937,0.1844386431125982,,
vogn,robust,2,0.08,0.25,0.08,one_minus_confidence,delta,cert_fail_tau0.5,False,0.6818181818181818,0.8702302299701631,0.6285714285714286,35,,,35.0,15.0
vogn,robust,2,0.08,0.25,0.08,one_minus_confidence,delta,cert_fail_tau0.9,False,0.72,0.9121558479798028,0.7142857142857143,35,,,35.0,15.0
vogn,robust,2,0.08,0.25,0.08,one_minus_confidence,delta,cert_fail_tau0.95,False,,1.0,1.0,25,,,25.0,25.0
vogn,robust,2,0.08,0.25,0.1,mutual_information,clean,adv_error,False,0.8801313628899836,0.8699620081132686,0.42,50,0.34629072379264514,0.6068245695500696,,
vogn,robust,2,0.08,0.25,0.1,mutual_information,clean,cert_fail_tau0.5,False,0.8076923076923077,0.9510456738286591,0.8125,32,,,32.0,18.0
vogn,robust,2,0.08,0.25,0.1,mutual_information,clean,cert_fail_tau0.9,False,0.7976190476190477,0.9500576093651943,0.8235294117647058,34,,,34.0,16.0
vogn,robust,2,0.08,0.25,0.1,mutual_information,clean,cert_fail_tau0.95,False,,1.0,1.0,28,,,28.0,22.0
vogn,robust,2,0.08,0.25,0.1,mutual_information,adv,adv_error,False,0.6190476190476191,0.5324112829298712,0.42,50,0.521659576251845,0.3666066948047765,,
vogn,robust,2,0.08,0.25,0.1,mutual_information,adv,cert_fail_tau0.5,False,0.8974358974358975,0.9761789519017561,0.8125,32,,,32.0,18.0
vogn,robust,2,0.08,0.25,0.1,mutual_information,adv,cert_fail_tau0.9,False,0.9047619047619048,0.979516259429407,0.8235294117647058,34,,,34.0,16.0
vogn,robust,2,0.08,0.25,0.1,mutual_information,adv,cert_fail_tau0.95,False,,1.0,1.0,28,,,28.0,22.0
vogn,robust,2,0.08,0.25,0.1,mutual_information,delta,adv_error,False,0.38095238095238093,0.42206286523020536,0.42,50,0.26653196553717257,-0.11432353363752942,,
vogn,robust,2,0.08,0.25,0.1,mutual_information,delta,cert_fail_tau0.5,False,0.5961538461538461,0.9079199281771577,0.8125,32,,,32.0,18.0
vogn,robust,2,0.08,0.25,0.1,mutual_information,delta,cert_fail_tau0.9,False,0.625,0.9206956592833485,0.8235294117647058,34,,,34.0,16.0
vogn,robust,2,0.08,0.25,0.1,mutual_information,delta,cert_fail_tau0.95,False,,1.0,1.0,28,,,28.0,22.0
vogn,robust,2,0.08,0.25,0.1,one_minus_confidence,clean,adv_error,False,0.7963875205254516,0.741978376350896,0.42,50,0.3520940576198499,0.4795000415910629,,
vogn,robust,2,0.08,0.25,0.1,one_minus_confidence,clean,cert_fail_tau0.5,False,0.7692307692307693,0.9351626786187409,0.8125,32,,,32.0,18.0
vogn,robust,2,0.08,0.25,0.1,one_minus_confidence,clean,cert_fail_tau0.9,False,0.75,0.9330761232841719,0.8235294117647058,34,,,34.0,16.0
vogn,robust,2,0.08,0.25,0.1,one_minus_confidence,clean,cert_fail_tau0.95,False,,1.0,1.0,28,,,28.0,22.0
vogn,robust,2,0.08,0.25,0.1,one_minus_confidence,adv,adv_error,False,0.6830870279146142,0.6314656685493749,0.42,50,0.4951211405013731,0.3551347831248859,,
vogn,robust,2,0.08,0.25,0.1,one_minus_confidence,adv,cert_fail_tau0.5,False,0.8974358974358975,0.9773543459203995,0.8125,32,,,32.0,18.0
vogn,robust,2,0.08,0.25,0.1,one_minus_confidence,adv,cert_fail_tau0.9,False,0.8928571428571429,0.9774573156701526,0.8235294117647058,34,,,34.0,16.0
vogn,robust,2,0.08,0.25,0.1,one_minus_confidence,adv,cert_fail_tau0.95,False,,1.0,1.0,28,,,28.0,22.0
vogn,robust,2,0.08,0.25,0.1,one_minus_confidence,delta,adv_error,False,0.5730706075533661,0.5833071662086691,0.42,50,0.35217221495896595,0.16782615621357044,,
vogn,robust,2,0.08,0.25,0.1,one_minus_confidence,delta,cert_fail_tau0.5,False,0.7307692307692307,0.9440299189962278,0.8125,32,,,32.0,18.0
vogn,robust,2,0.08,0.25,0.1,one_minus_confidence,delta,cert_fail_tau0.9,False,0.75,0.9514100206014249,0.8235294117647058,34,,,34.0,16.0
vogn,robust,2,0.08,0.25,0.1,one_minus_confidence,delta,cert_fail_tau0.95,False,,1.0,1.0,28,,,28.0,22.0
vogn,robust,2,0.08,0.25,0.15,mutual_information,clean,adv_error,False,0.7522281639928698,0.8765284600214635,0.66,50,,,,
vogn,robust,2,0.08,0.25,0.15,mutual_information,clean,cert_fail_tau0.5,True,,,,0,,,0.0,50.0
vogn,robust,2,0.08,0.25,0.15,mutual_information,clean,cert_fail_tau0.9,True,,,,0,,,0.0,50.0
vogn,robust,2,0.08,0.25,0.15,mutual_information,clean,cert_fail_tau0.95,True,,,,0,,,0.0,50.0
vogn,robust,2,0.08,0.25,0.15,mutual_information,adv,adv_error,False,0.3582887700534759,0.5978443966453703,0.66,50,,,,
vogn,robust,2,0.08,0.25,0.15,mutual_information,adv,cert_fail_tau0.5,True,,,,0,,,0.0,50.0
vogn,robust,2,0.08,0.25,0.15,mutual_information,adv,cert_fail_tau0.9,True,,,,0,,,0.0,50.0
vogn,robust,2,0.08,0.25,0.15,mutual_information,adv,cert_fail_tau0.95,True,,,,0,,,0.0,50.0
vogn,robust,2,0.08,0.25,0.15,mutual_information,delta,adv_error,False,0.3155080213903743,0.5821344660210211,0.66,50,,,,
vogn,robust,2,0.08,0.25,0.15,mutual_information,delta,cert_fail_tau0.5,True,,,,0,,,0.0,50.0
vogn,robust,2,0.08,0.25,0.15,mutual_information,delta,cert_fail_tau0.9,True,,,,0,,,0.0,50.0
vogn,robust,2,0.08,0.25,0.15,mutual_information,delta,cert_fail_tau0.95,True,,,,0,,,0.0,50.0
vogn,robust,2,0.08,0.25,0.15,one_minus_confidence,clean,adv_error,False,0.7005347593582888,0.8199260259674823,0.66,50,,,,
vogn,robust,2,0.08,0.25,0.15,one_minus_confidence,clean,cert_fail_tau0.5,True,,,,0,,,0.0,50.0
vogn,robust,2,0.08,0.25,0.15,one_minus_confidence,clean,cert_fail_tau0.9,True,,,,0,,,0.0,50.0
vogn,robust,2,0.08,0.25,0.15,one_minus_confidence,clean,cert_fail_tau0.95,True,,,,0,,,0.0,50.0
vogn,robust,2,0.08,0.25,0.15,one_minus_confidence,adv,adv_error,False,0.5276292335115864,0.6900793249469195,0.66,50,,,,
vogn,robust,2,0.08,0.25,0.15,one_minus_confidence,adv,cert_fail_tau0.5,True,,,,0,,,0.0,50.0
vogn,robust,2,0.08,0.25,0.15,one_minus_confidence,adv,cert_fail_tau0.9,True,,,,0,,,0.0,50.0
vogn,robust,2,0.08,0.25,0.15,one_minus_confidence,adv,cert_fail_tau0.95,True,,,,0,,,0.0,50.0
vogn,robust,2,0.08,0.25,0.15,one_minus_confidence,delta,adv_error,False,0.483065953654189,0.6746182672413051,0.66,50,,,,
vogn,robust,2,0.08,0.25,0.15,one_minus_confidence,delta,cert_fail_tau0.5,True,,,,0,,,0.0,50.0
vogn,robust,2,0.08,0.25,0.15,one_minus_confidence,delta,cert_fail_tau0.9,True,,,,0,,,0.0,50.0
vogn,robust,2,0.08,0.25,0.15,one_minus_confidence,delta,cert_fail_tau0.95,True,,,,0,,,0.0,50.0
vogn,robust,3,0.08,0.25,0.01,mutual_information,clean,adv_error,False,0.9858156028368794,0.8666666666666667,0.06,50,0.5974625147451728,0.5979400390676013,,
vogn,robust,3,0.08,0.25,0.01,mutual_information,clean,cert_fail_tau0.5,False,0.9927536231884058,0.9166666666666666,0.061224489795918366,49,,,49.0,1.0
vogn,robust,3,0.08,0.25,0.01,mutual_information,clean,cert_fail_tau0.9,False,1.0,1.0,0.0851063829787234,47,,,47.0,3.0
vogn,robust,3,0.08,0.25,0.01,mutual_information,clean,cert_fail_tau0.95,False,,1.0,1.0,4,,,4.0,46.0
vogn,robust,3,0.08,0.25,0.01,mutual_information,adv,adv_error,False,0.9716312056737588,0.7,0.06,50,0.5968258156486014,0.5973033399710299,,
vogn,robust,3,0.08,0.25,0.01,mutual_information,adv,cert_fail_tau0.5,False,0.9855072463768116,0.8055555555555556,0.061224489795918366,49,,,49.0,1.0
vogn,robust,3,0.08,0.25,0.01,mutual_information,adv,cert_fail_tau0.9,False,1.0,1.0,0.0851063829787234,47,,,47.0,3.0
vogn,robust,3,0.08,0.25,0.01,mutual_information,adv,cert_fail_tau0.95,False,,1.0,1.0,4,,,4.0,46.0
vogn,robust,3,0.08,0.25,0.01,mutual_information,delta,adv_error,False,0.0,0.04054988662131519,0.06,50,0.027457648539640948,0.027616823313783793,,
vogn,robust,3,0.08,0.25,0.01,mutual_information,delta,cert_fail_tau0.5,False,0.0,0.04138925073575529,0.061224489795918366,49,,,49.0,1.0
vogn,robust,3,0.08,0.25,0.01,mutual_information,delta,cert_fail_tau0.9,False,0.25,0.2986920546818789,0.0851063829787234,47,,,47.0,3.0
vogn,robust,3,0.08,0.25,0.01,mutual_information,delta,cert_fail_tau0.95,False,,1.0,1.0,4,,,4.0,46.0
vogn,robust,3,0.08,0.25,0.01,one_minus_confidence,clean,adv_error,False,1.0,1.0,0.06,50,0.5229101713976033,0.5227506746242626,,
vogn,robust,3,0.08,0.25,0.01,one_minus_confidence,clean,cert_fail_tau0.5,False,1.0,1.0,0.061224489795918366,49,,,49.0,1.0
vogn,robust,3,0.08,0.25,0.01,one_minus_confidence,clean,cert_fail_tau0.9,False,0.9883720930232558,0.9166666666666666,0.0851063829787234,47,,,47.0,3.0
vogn,robust,3,0.08,0.25,0.01,one_minus_confidence,clean,cert_fail_tau0.95,False,,1.0,1.0,4,,,4.0,46.0
vogn,robust,3,0.08,0.25,0.01,one_minus_confidence,adv,adv_error,False,0.9858156028368794,0.8055555555555556,0.06,50,0.5750656162800241,0.5749061195066835,,
vogn,robust,3,0.08,0.25,0.01,one_minus_confidence,adv,cert_fail_tau0.5,False,1.0,1.0,0.061224489795918366,49,,,49.0,1.0
vogn,robust,3,0.08,0.25,0.01,one_minus_confidence,adv,cert_fail_tau0.9,False,1.0,1.0,0.0851063829787234,47,,,47.0,3.0
vogn,robust,3,0.08,0.25,0.01,one_minus_confidence,adv,cert_fail_tau0.95,False,,1.0,1.0,4,,,4.0,46.0
vogn,robust,3,0.08,0.25,0.01,one_minus_confidence,delta,adv_error,False,0.3049645390070922,0.10027210884353742,0.06,50,0.21316743756989381,0.21300794079655308,,
vogn,robust,3,0.08,0.25,0.01,one_minus_confidence,delta,cert_fail_tau0.5,False,0.3115942028985507,0.11763038548752833,0.061224489795918366,49,,,49.0,1.0
vogn,robust,3,0.08,0.25,0.01,one_minus_confidence,delta,cert_fail_tau0.9,False,0.4941860465116279,0.45424761023743443,0.0851063829787234,47,,,47.0,3.0
vogn,robust,3,0.08,0.25,0.01,one_minus_confidence,delta,cert_fail_tau0.95,False,,1.0,1.0,4,,,4.0,46.0
vogn,robust,3,0.08,0.25,0.03,mutual_information,clean,adv_error,False,0.9696969696969697,0.8214646464646465,0.12,50,,,,
vogn,robust,3,0.08,0.25,0.03,mutual_information,clean,cert_fail_tau0.5,True,,,,0,,,0.0,50.0
vogn,robust,3,0.08,0.25,0.03,mutual_information,clean,cert_fail_tau0.9,True,,,,0,,,0.0,50.0
vogn,robust,3,0.08,0.25,0.03,mutual_information,clean,cert_fail_tau0.95,True,,,,0,,,0.0,50.0
vogn,robust,3,0.08,0.25,0.03,mutual_information,adv,adv_error,False,0.9053030303030303,0.4532407407407407,0.12,50,,,,
vogn,robust,3,0.08,0.25,0.03,mutual_information,adv,cert_fail_tau0.5,True,,,,0,,,0.0,50.0
vogn,robust,3,0.08,0.25,0.03,mutual_information,adv,cert_fail_tau0.9,True,,,,0,,,0.0,50.0
vogn,robust,3,0.08,0.25,0.03,mutual_information,adv,cert_fail_tau0.95,True,,,,0,,,0.0,50.0
vogn,robust,3,0.08,0.25,0.03,mutual_information,delta,adv_error,False,0.30303030303030304,0.15042287837120663,0.12,50,,,,
vogn,robust,3,0.08,0.25,0.03,mutual_information,delta,cert_fail_tau0.5,True,,,,0,,,0.0,50.0
vogn,robust,3,0.08,0.25,0.03,mutual_information,delta,cert_fail_tau0.9,True,,,,0,,,0.0,50.0
vogn,robust,3,0.08,0.25,0.03,mutual_information,delta,cert_fail_tau0.95,True,,,,0,,,0.0,50.0
vogn,robust,3,0.08,0.25,0.03,one_minus_confidence,clean,adv_error,False,0.9204545454545454,0.7395002658160552,0.12,50,,,,
vogn,robust,3,0.08,0.25,0.03,one_minus_confidence,clean,cert_fail_tau0.5,True,,,,0,,,0.0,50.0
vogn,robust,3,0.08,0.25,0.03,one_minus_confidence,clean,cert_fail_tau0.9,True,,,,0,,,0.0,50.0
vogn,robust,3,0.08,0.25,0.03,one_minus_confidence,clean,cert_fail_tau0.95,True,,,,0,,,0.0,50.0
vogn,robust,3,0.08,0.25,0.03,one_minus_confidence,adv,adv_error,False,0.875,0.5757797270955165,0.12,50,,,,
vogn,robust,3,0.08,0.25,0.03,one_minus_confidence,adv,cert_fail_tau0.5,True,,,,0,,,0.0,50.0
vogn,robust,3,0.08,0.25,0.03,one_minus_confidence,adv,cert_fail_tau0.9,True,,,,0,,,0.0,50.0
vogn,robust,3,0.08,0.25,0.03,one_minus_confidence,adv,cert_fail_tau0.95,True,,,,0,,,0.0,50.0
vogn,robust,3,0.08,0.25,0.03,one_minus_confidence,delta,adv_error,False,0.32575757575757575,0.25597843392676217,0.12,50,,,,
vogn,robust,3,0.08,0.25,0.03,one_minus_confidence,delta,cert_fail_tau0.5,True,,,,0,,,0.0,50.0
vogn,robust,3,0.08,0.25,0.03,one_minus_confidence,delta,cert_fail_tau0.9,True,,,,0,,,0.0,50.0
vogn,robust,3,0.08,0.25,0.03,one_minus_confidence,delta,cert_fail_tau0.95,True,,,,0,,,0.0,50.0
vogn,robust,3,0.08,0.25,0.05,mutual_information,clean,adv_error,False,0.9880952380952381,0.9502840909090909,0.16,50,0.828365302384888,0.7984127270323226,,
vogn,robust,3,0.08,0.25,0.05,mutual_information,clean,cert_fail_tau0.5,False,0.996875,0.990909090909091,0.23809523809523808,42,,,42.0,8.0
vogn,robust,3,0.08,0.25,0.05,mutual_information,clean,cert_fail_tau0.9,False,0.976,0.9663881927039821,0.375,40,,,40.0,10.0
vogn,robust,3,0.08,0.25,0.05,mutual_information,clean,cert_fail_tau0.95,False,,1.0,1.0,16,,,16.0,34.0
vogn,robust,3,0.08,0.25,0.05,mutual_information,adv,adv_error,False,0.7440476190476191,0.31286525974025975,0.16,50,0.8023144727483159,0.741318148754647,,
vogn,robust,3,0.08,0.25,0.05,mutual_information,adv,cert_fail_tau0.5,False,0.90625,0.8331679894179894,0.23809523809523808,42,,,42.0,8.0
vogn,robust,3,0.08,0.25,0.05,mutual_information,adv,cert_fail_tau0.9,False,0.9706666666666667,0.9688888888888889,0.375,40,,,40.0,10.0
vogn,robust,3,0.08,0.25,0.05,mutual_information,adv,cert_fail_tau0.95,False,,1.0,1.0,16,,,16.0,34.0
vogn,robust,3,0.08,0.25,0.05,mutual_information,delta,adv_error,False,0.27380952380952384,0.1320000706110381,0.16,50,0.316440959997187,0.26418974812430585,,
vogn,robust,3,0.08,0.25,0.05,mutual_information,delta,cert_fail_tau0.5,False,0.475,0.4871973476530601,0.23809523809523808,42,,,42.0,8.0
vogn,robust,3,0.08,0.25,0.05,mutual_information,delta,cert_fail_tau0.9,False,0.6666666666666666,0.7803973001341422,0.375,40,,,40.0,10.0
vogn,robust,3,0.08,0.25,0.05,mutual_information,delta,cert_fail_tau0.95,False,,1.0,1.0,16,,,16.0,34.0
vogn,robust,3,0.08,0.25,0.05,one_minus_confidence,clean,adv_error,False,0.9017857142857143,0.6886164274322168,0.16,50,0.6867787192338651,0.6281290374447276,,
vogn,robust,3,0.08,0.25,0.05,one_minus_confidence,clean,cert_fail_tau0.5,False,0.890625,0.722295751633987,0.23809523809523808,42,,,42.0,8.0
vogn,robust,3,0.08,0.25,0.05,one_minus_confidence,clean,cert_fail_tau0.9,False,0.8986666666666666,0.8356840218604923,0.375,40,,,40.0,10.0
vogn,robust,3,0.08,0.25,0.05,one_minus_confidence,clean,cert_fail_tau0.95,False,,1.0,1.0,16,,,16.0,34.0
vogn,robust,3,0.08,0.25,0.05,one_minus_confidence,adv,adv_error,False,0.7470238095238095,0.42421837421837416,0.16,50,0.7787528818953222,0.7066128441977716,,
vogn,robust,3,0.08,0.25,0.05,one_minus_confidence,adv,cert_fail_tau0.5,False,0.890625,0.8081476418318524,0.23809523809523808,42,,,42.0,8.0
vogn,robust,3,0.08,0.25,0.05,one_minus_confidence,adv,cert_fail_tau0.9,False,0.9573333333333334,0.9424241298154342,0.375,40,,,40.0,10.0
vogn,robust,3,0.08,0.25,0.05,one_minus_confidence,adv,cert_fail_tau0.95,False,,1.0,1.0,16,,,16.0,34.0
vogn,robust,3,0.08,0.25,0.05,one_minus_confidence,delta,adv_error,False,0.43154761904761907,0.22825187666942987,0.16,50,0.4883488062262565,0.4021474161098243,,
vogn,robust,3,0.08,0.25,0.05,one_minus_confidence,delta,cert_fail_tau0.5,False,0.59375,0.652757080318056,0.23809523809523808,42,,,42.0,8.0
vogn,robust,3,0.08,0.25,0.05,one_minus_confidence,delta,cert_fail_tau0.9,False,0.7333333333333333,0.8266935964304385,0.375,40,,,40.0,10.0
vogn,robust,3,0.08,0.25,0.05,one_minus_confidence,delta,cert_fail_tau0.95,False,,1.0,1.0,16,,,16.0,34.0
vogn,robust,3,0.08,0.25,0.07,mutual_information,clean,adv_error,False,0.918859649122807,0.8515685703185704,0.24,50,0.6781683123816438,0.7452583470382776,,
vogn,robust,3,0.08,0.25,0.07,mutual_information,clean,cert_fail_tau0.5,False,0.9523809523809523,0.9521160856687173,0.475,40,,,40.0,10.0
vogn,robust,3,0.08,0.25,0.07,mutual_information,clean,cert_fail_tau0.9,False,0.9315476190476191,0.9487973075379091,0.5675675675675675,37,,,37.0,13.0
vogn,robust,3,0.08,0.25,0.07,mutual_information,clean,cert_fail_tau0.95,False,,1.0,1.0,21,,,21.0,29.0
vogn,robust,3,0.08,0.25,0.07,mutual_information,adv,adv_error,False,0.6951754385964912,0.40079931384279216,0.24,50,0.7648947732482422,0.6518158588695896,,
vogn,robust,3,0.08,0.25,0.07,mutual_information,adv,cert_fail_tau0.5,False,0.9348370927318296,0.9510494987468672,0.475,40,,,40.0,10.0
vogn,robust,3,0.08,0.25,0.07,mutual_information,adv,cert_fail_tau0.9,False,0.9583333333333334,0.9749589490968802,0.5675675675675675,37,,,37.0,13.0
vogn,robust,3,0.08,0.25,0.07,mutual_information,adv,cert_fail_tau0.95,False,,1.0,1.0,21,,,21.0,29.0
vogn,robust,3,0.08,0.25,0.07,mutual_information,delta,adv_error,False,0.35526315789473684,0.27126728191607374,0.24,50,0.3455300417957718,0.15904996494040935,,
vogn,robust,3,0.08,0.25,0.07,mutual_information,delta,cert_fail_tau0.5,False,0.631578947368421,0.7902820485719296,0.475,40,,,40.0,10.0
vogn,robust,3,0.08,0.25,0.07,mutual_information,delta,cert_fail_tau0.9,False,0.6666666666666666,0.8425911673133143,0.5675675675675675,37,,,37.0,13.0
vogn,robust,3,0.08,0.25,0.07,mutual_information,delta,cert_fail_tau0.95,False,,1.0,1.0,21,,,21.0,29.0
vogn,robust,3,0.08,0.25,0.07,one_minus_confidence,clean,adv_error,False,0.8004385964912281,0.6029967799916865,0.24,50,0.542039127401097,0.5637704444600019,,
vogn,robust,3,0.08,0.25,0.07,one_minus_confidence,clean,cert_fail_tau0.5,False,0.8621553884711779,0.833631770073028,0.475,40,,,40.0,10.0
vogn,robust,3,0.08,0.25,0.07,one_minus_confidence,clean,cert_fail_tau0.9,False,0.8571428571428571,0.8766665188013478,0.5675675675675675,37,,,37.0,13.0
vogn,robust,3,0.08,0.25,0.07,one_minus_confidence,clean,cert_fail_tau0.95,False,,1.0,1.0,21,,,21.0,29.0
vogn,robust,3,0.08,0.25,0.07,one_minus_confidence,adv,adv_error,False,0.6710526315789473,0.4077468848412047,0.24,50,0.714958268166417,0.5839775250824466,,
vogn,robust,3,0.08,0.25,0.07,one_minus_confidence,adv,cert_fail_tau0.5,False,0.9223057644110275,0.9329075274794754,0.475,40,,,40.0,10.0
vogn,robust,3,0.08,0.25,0.07,one_minus_confidence,adv,cert_fail_tau0.9,False,0.9375,0.9577840644382477,0.5675675675675675,37,,,37.0,13.0
vogn,robust,3,0.08,0.25,0.07,one_minus_confidence,adv,cert_fail_tau0.95,False,,1.0,1.0,21,,,21.0,29.0
vogn,robust,3,0.08,0.25,0.07,one_minus_confidence,delta,adv_error,False,0.47149122807017546,0.34677774854496146,0.24,50,0.5068555265805252,0.3216997218829765,,
vogn,robust,3,0.08,0.25,0.07,one_minus_confidence,delta,cert_fail_tau0.5,False,0.7368421052631579,0.8543687358784312,0.475,40,,,40.0,10.0
vogn,robust,3,0.08,0.25,0.07,one_minus_confidence,delta,cert_fail_tau0.9,False,0.7619047619047619,0.8909782640875078,0.5675675675675675,37,,,37.0,13.0
vogn,robust,3,0.08,0.25,0.07,one_minus_confidence,delta,cert_fail_tau0.95,False,,1.0,1.0,21,,,21.0,29.0
vogn,robust,3,0.08,0.25,0.08,mutual_information,clean,adv_error,False,0.9238095238095239,0.8782794547500429,0.3,50,0.6426048653305446,0.6877665249821214,,
vogn,robust,3,0.08,0.25,0.08,mutual_information,clean,cert_fail_tau0.5,False,0.926984126984127,0.9487973075379091,0.5833333333333334,36,,,36.0,14.0
vogn,robust,3,0.08,0.25,0.08,mutual_information,clean,cert_fail_tau0.9,False,0.8738461538461538,0.9316178384454009,0.6578947368421053,38,,,38.0,12.0
vogn,robust,3,0.08,0.25,0.08,mutual_information,clean,cert_fail_tau0.95,False,,1.0,1.0,26,,,26.0,24.0
vogn,robust,3,0.08,0.25,0.08,mutual_information,adv,adv_error,False,0.6571428571428571,0.4086251782451206,0.3,50,0.6913468443274009,0.587175834612603,,
vogn,robust,3,0.08,0.25,0.08,mutual_information,adv,cert_fail_tau0.5,False,0.9396825396825397,0.9657255025676077,0.5833333333333334,36,,,36.0,14.0
vogn,robust,3,0.08,0.25,0.08,mutual_information,adv,cert_fail_tau0.9,False,0.9538461538461539,0.9794143178410795,0.6578947368421053,38,,,38.0,12.0
vogn,robust,3,0.08,0.25,0.08,mutual_information,adv,cert_fail_tau0.95,False,,1.0,1.0,26,,,26.0,24.0
vogn,robust,3,0.08,0.25,0.08,mutual_information,delta,adv_error,False,0.3638095238095238,0.2896201886365438,0.3,50,0.2874923509541051,0.09796184096637024,,
vogn,robust,3,0.08,0.25,0.08,mutual_information,delta,cert_fail_tau0.5,False,0.6190476190476191,0.8232941729798063,0.5833333333333334,36,,,36.0,14.0
vogn,robust,3,0.08,0.25,0.08,mutual_information,delta,cert_fail_tau0.9,False,0.68,0.8788842611650212,0.6578947368421053,38,,,38.0,12.0
vogn,robust,3,0.08,0.25,0.08,mutual_information,delta,cert_fail_tau0.95,False,,1.0,1.0,26,,,26.0,24.0
vogn,robust,3,0.08,0.25,0.08,one_minus_confidence,clean,adv_error,False,0.8380952380952381,0.696693901583545,0.3,50,0.5584337931278558,0.4894332689049567,,
vogn,robust,3,0.08,0.25,0.08,one_minus_confidence,clean,cert_fail_tau0.5,False,0.8476190476190476,0.8766665188013478,0.5833333333333334,36,,,36.0,14.0
vogn,robust,3,0.08,0.25,0.08,one_minus_confidence,clean,cert_fail_tau0.9,False,0.8,0.8728002268441577,0.6578947368421053,38,,,38.0,12.0
vogn,robust,3,0.08,0.25,0.08,one_minus_confidence,clean,cert_fail_tau0.95,False,,1.0,1.0,26,,,26.0,24.0
vogn,robust,3,0.08,0.25,0.08,one_minus_confidence,adv,adv_error,False,0.6571428571428571,0.4143988221022013,0.3,50,0.7041456134294201,0.5021598369334341,,
vogn,robust,3,0.08,0.25,0.08,one_minus_confidence,adv,cert_fail_tau0.5,False,0.9238095238095239,0.9560046240718509,0.5833333333333334,36,,,36.0,14.0
vogn,robust,3,0.08,0.25,0.08,one_minus_confidence,adv,cert_fail_tau0.9,False,0.9230769230769231,0.9637015744489428,0.6578947368421053,38,,,38.0,12.0
vogn,robust,3,0.08,0.25,0.08,one_minus_confidence,adv,cert_fail_tau0.95,False,,1.0,1.0,26,,,26.0,24.0
vogn,robust,3,0.08,0.25,0.08,one_minus_confidence,delta,adv_error,False,0.5104761904761905,0.34552695840352543,0.3,50,0.5218698101348307,0.303012094411927,,
vogn,robust,3,0.08,0.25,0.08,one_minus_confidence,delta,cert_fail_tau0.5,False,0.7555555555555555,0.889484708024624,0.5833333333333334,36,,,36.0,14.0
vogn,robust,3,0.08,0.25,0.08,one_minus_confidence,delta,cert_fail_tau0.9,False,0.7938461538461539,0.9240296668346204,0.6578947368421053,38,,,38.0,12.0
vogn,robust,3,0.08,0.25,0.08,one_minus_confidence,delta,cert_fail_tau0.95,False,,1.0,1.0,26,,,26.0,24.0
vogn,robust,3,0.08,0.25,0.1,mutual_information,clean,adv_error,False,0.8733974358974359,0.8748637396554065,0.48,50,0.270235445706369,0.5778998115759574,,
vogn,robust,3,0.08,0.25,0.1,mutual_information,clean,cert_fail_tau0.5,False,0.7380952380952381,0.9373803091404678,0.8235294117647058,34,,,34.0,16.0
vogn,robust,3,0.08,0.25,0.1,mutual_information,clean,cert_fail_tau0.9,False,0.8045977011494253,0.9732893931014832,0.90625,32,,,32.0,18.0
vogn,robust,3,0.08,0.25,0.1,mutual_information,clean,cert_fail_tau0.95,False,,1.0,1.0,29,,,29.0,21.0
vogn,robust,3,0.08,0.25,0.1,mutual_information,adv,adv_error,False,0.6794871794871795,0.6200305901968872,0.48,50,0.47743199451303286,0.4089782828150709,,
vogn,robust,3,0.08,0.25,0.1,mutual_information,adv,cert_fail_tau0.5,False,0.9107142857142857,0.9822478706122648,0.8235294117647058,34,,,34.0,16.0
vogn,robust,3,0.08,0.25,0.1,mutual_information,adv,cert_fail_tau0.9,False,0.9080459770114943,0.9903639441436706,0.90625,32,,,32.0,18.0
vogn,robust,3,0.08,0.25,0.1,mutual_information,adv,cert_fail_tau0.95,False,,1.0,1.0,29,,,29.0,21.0
vogn,robust,3,0.08,0.25,0.1,mutual_information,delta,adv_error,False,0.4791666666666667,0.511886356031748,0.48,50,0.21812695732035328,0.010689988842552444,,
vogn,robust,3,0.08,0.25,0.1,mutual_information,delta,cert_fail_tau0.5,False,0.6666666666666666,0.9315663408893242,0.8235294117647058,34,,,34.0,16.0
vogn,robust,3,0.08,0.25,0.1,mutual_information,delta,cert_fail_tau0.9,False,0.6666666666666666,0.963095513770066,0.90625,32,,,32.0,18.0
vogn,robust,3,0.08,0.25,0.1,mutual_information,delta,cert_fail_tau0.95,False,,1.0,1.0,29,,,29.0,21.0
vogn,robust,3,0.08,0.25,0.1,one_minus_confidence,clean,adv_error,False,0.7756410256410257,0.7227982060311388,0.48,50,0.24736162979901014,0.4010684937869601,,
vogn,robust,3,0.08,0.25,0.1,one_minus_confidence,clean,cert_fail_tau0.5,False,0.6428571428571429,0.9028292808392112,0.8235294117647058,34,,,34.0,16.0
vogn,robust,3,0.08,0.25,0.1,one_minus_confidence,clean,cert_fail_tau0.9,False,0.7586206896551724,0.9611573950476275,0.90625,32,,,32.0,18.0
vogn,robust,3,0.08,0.25,0.1,one_minus_confidence,clean,cert_fail_tau0.95,False,,1.0,1.0,29,,,29.0,21.0
vogn,robust,3,0.08,0.25,0.1,one_minus_confidence,adv,adv_error,False,0.7772435897435898,0.7888227153146347,0.48,50,0.49461817142134945,0.4491273192513854,,
vogn,robust,3,0.08,0.25,0.1,one_minus_confidence,adv,cert_fail_tau0.5,False,0.9226190476190477,0.9849295273665022,0.8235294117647058,34,,,34.0,16.0
vogn,robust,3,0.08,0.25,0.1,one_minus_confidence,adv,cert_fail_tau0.9,False,0.9310344827586207,0.9930695144354478,0.90625,32,,,32.0,18.0
vogn,robust,3,0.08,0.25,0.1,one_minus_confidence,adv,cert_fail_tau0.95,False,,1.0,1.0,29,,,29.0,21.0
vogn,robust,3,0.08,0.25,0.1,one_minus_confidence,delta,adv_error,False,0.6650641025641025,0.7511891788777301,0.48,50,0.37273380478756873,0.23783993609144333,,
vogn,robust,3,0.08,0.25,0.1,one_minus_confidence,delta,cert_fail_tau0.5,False,0.7857142857142857,0.9590630818259147,0.8235294117647058,34,,,34.0,16.0
vogn,robust,3,0.08,0.25,0.1,one_minus_confidence,delta,cert_fail_tau0.9,False,0.7931034482758621,0.9788887435288129,0.90625,32,,,32.0,18.0
vogn,robust,3,0.08,0.25,0.1,one_minus_confidence,delta,cert_fail_tau0.95,False,,1.0,1.0,29,,,29.0,21.0
vogn,robust,3,0.08,0.25,0.15,mutual_information,clean,adv_error,False,0.7113970588235294,0.8592015661409282,0.68,50,,,,
vogn,robust,3,0.08,0.25,0.15,mutual_information,clean,cert_fail_tau0.5,True,,,,0,,,0.0,50.0
vogn,robust,3,0.08,0.25,0.15,mutual_information,clean,cert_fail_tau0.9,True,,,,0,,,0.0,50.0
vogn,robust,3,0.08,0.25,0.15,mutual_information,clean,cert_fail_tau0.95,True,,,,0,,,0.0,50.0
vogn,robust,3,0.08,0.25,0.15,mutual_information,adv,adv_error,False,0.47794117647058826,0.6758169453135835,0.68,50,,,,
vogn,robust,3,0.08,0.25,0.15,mutual_information,adv,cert_fail_tau0.5,True,,,,0,,,0.0,50.0
vogn,robust,3,0.08,0.25,0.15,mutual_information,adv,cert_fail_tau0.9,True,,,,0,,,0.0,50.0
vogn,robust,3,0.08,0.25,0.15,mutual_information,adv,cert_fail_tau0.95,True,,,,0,,,0.0,50.0
vogn,robust,3,0.08,0.25,0.15,mutual_information,delta,adv_error,False,0.4025735294117647,0.6504277655513105,0.68,50,,,,
vogn,robust,3,0.08,0.25,0.15,mutual_information,delta,cert_fail_tau0.5,True,,,,0,,,0.0,50.0
vogn,robust,3,0.08,0.25,0.15,mutual_information,delta,cert_fail_tau0.9,True,,,,0,,,0.0,50.0
vogn,robust,3,0.08,0.25,0.15,mutual_information,delta,cert_fail_tau0.95,True,,,,0,,,0.0,50.0
vogn,robust,3,0.08,0.25,0.15,one_minus_confidence,clean,adv_error,False,0.6240808823529411,0.7666383035162866,0.68,50,,,,
vogn,robust,3,0.08,0.25,0.15,one_minus_confidence,clean,cert_fail_tau0.5,True,,,,0,,,0.0,50.0
vogn,robust,3,0.08,0.25,0.15,one_minus_confidence,clean,cert_fail_tau0.9,True,,,,0,,,0.0,50.0
vogn,robust,3,0.08,0.25,0.15,one_minus_confidence,clean,cert_fail_tau0.95,True,,,,0,,,0.0,50.0
vogn,robust,3,0.08,0.25,0.15,one_minus_confidence,adv,adv_error,False,0.5863970588235294,0.7640056126473489,0.68,50,,,,
vogn,robust,3,0.08,0.25,0.15,one_minus_confidence,adv,cert_fail_tau0.5,True,,,,0,,,0.0,50.0
vogn,robust,3,0.08,0.25,0.15,one_minus_confidence,adv,cert_fail_tau0.9,True,,,,0,,,0.0,50.0
vogn,robust,3,0.08,0.25,0.15,one_minus_confidence,adv,cert_fail_tau0.95,True,,,,0,,,0.0,50.0
vogn,robust,3,0.08,0.25,0.15,one_minus_confidence,delta,adv_error,False,0.5698529411764706,0.786888271619589,0.68,50,,,,
vogn,robust,3,0.08,0.25,0.15,one_minus_confidence,delta,cert_fail_tau0.5,True,,,,0,,,0.0,50.0
vogn,robust,3,0.08,0.25,0.15,one_minus_confidence,delta,cert_fail_tau0.9,True,,,,0,,,0.0,50.0
vogn,robust,3,0.08,0.25,0.15,one_minus_confidence,delta,cert_fail_tau0.95,True,,,,0,,,0.0,50.0
vogn,robust,4,0.08,0.25,0.01,mutual_information,clean,adv_error,False,0.9728260869565217,0.6458333333333333,0.08,50,0.6337610188096502,0.6333096220726063,,
vogn,robust,4,0.08,0.25,0.01,mutual_information,clean,cert_fail_tau0.5,False,0.9722222222222222,0.6458333333333333,0.08163265306122448,49,,,49.0,1.0
vogn,robust,4,0.08,0.25,0.01,mutual_information,clean,cert_fail_tau0.9,False,1.0,1.0,0.125,48,,,48.0,2.0
vogn,robust,4,0.08,0.25,0.01,mutual_information,clean,cert_fail_tau0.95,False,,1.0,1.0,7,,,7.0,43.0
vogn,robust,4,0.08,0.25,0.01,mutual_information,adv,adv_error,False,0.9565217391304348,0.5666666666666667,0.08,50,0.6310526383873868,0.6307517072293575,,
vogn,robust,4,0.08,0.25,0.01,mutual_information,adv,cert_fail_tau0.5,False,0.9611111111111111,0.5845238095238094,0.08163265306122448,49,,,49.0,1.0
vogn,robust,4,0.08,0.25,0.01,mutual_information,adv,cert_fail_tau0.9,False,1.0,1.0,0.125,48,,,48.0,2.0
vogn,robust,4,0.08,0.25,0.01,mutual_information,adv,cert_fail_tau0.95,False,,1.0,1.0,7,,,7.0,43.0
vogn,robust,4,0.08,0.25,0.01,mutual_information,delta,adv_error,False,0.30434782608695654,0.10001200480192078,0.08,50,0.1647598090210273,0.16506074017905656,,
vogn,robust,4,0.08,0.25,0.01,mutual_information,delta,cert_fail_tau0.5,False,0.3111111111111111,0.11368467841682127,0.08163265306122448,49,,,49.0,1.0
vogn,robust,4,0.08,0.25,0.01,mutual_information,delta,cert_fail_tau0.9,False,0.5555555555555556,0.5593971631205674,0.125,48,,,48.0,2.0
vogn,robust,4,0.08,0.25,0.01,mutual_information,delta,cert_fail_tau0.95,False,,1.0,1.0,7,,,7.0,43.0
vogn,robust,4,0.08,0.25,0.01,one_minus_confidence,clean,adv_error,False,1.0,1.0,0.08,50,0.5839903098905415,0.5835383050067252,,
vogn,robust,4,0.08,0.25,0.01,one_minus_confidence,clean,cert_fail_tau0.5,False,1.0,1.0,0.08163265306122448,49,,,49.0,1.0
vogn,robust,4,0.08,0.25,0.01,one_minus_confidence,clean,cert_fail_tau0.9,False,0.9920634920634921,0.9583333333333334,0.125,48,,,48.0,2.0
vogn,robust,4,0.08,0.25,0.01,one_minus_confidence,clean,cert_fail_tau0.95,False,,1.0,1.0,7,,,7.0,43.0
vogn,robust,4,0.08,0.25,0.01,one_minus_confidence,adv,adv_error,False,0.9891304347826086,0.9166666666666666,0.08,50,0.6293247213962725,0.6297764979371169,,
vogn,robust,4,0.08,0.25,0.01,one_minus_confidence,adv,cert_fail_tau0.5,False,0.9944444444444445,0.95,0.08163265306122448,49,,,49.0,1.0
vogn,robust,4,0.08,0.25,0.01,one_minus_confidence,adv,cert_fail_tau0.9,False,1.0,1.0,0.125,48,,,48.0,2.0
vogn,robust,4,0.08,0.25,0.01,one_minus_confidence,adv,cert_fail_tau0.95,False,,1.0,1.0,7,,,7.0,43.0
vogn,robust,4,0.08,0.25,0.01,one_minus_confidence,delta,adv_error,False,0.6847826086956522,0.25958333333333333,0.08,50,0.44417163574020235,0.4446234122810468,,
vogn,robust,4,0.08,0.25,0.01,one_minus_confidence,delta,cert_fail_tau0.5,False,0.7,0.31088435374149664,0.08163265306122448,49,,,49.0,1.0
vogn,robust,4,0.08,0.25,0.01,one_minus_confidence,delta,cert_fail_tau0.9,False,0.8293650793650794,0.826388888888889,0.125,48,,,48.0,2.0
vogn,robust,4,0.08,0.25,0.01,one_minus_confidence,delta,cert_fail_tau0.95,False,,1.0,1.0,7,,,7.0,43.0
vogn,robust,4,0.08,0.25,0.03,mutual_information,clean,adv_error,False,0.9900332225913622,0.9379251700680271,0.14,50,,,,
vogn,robust,4,0.08,0.25,0.03,mutual_information,clean,cert_fail_tau0.5,True,,,,0,,,0.0,50.0
vogn,robust,4,0.08,0.25,0.03,mutual_information,clean,cert_fail_tau0.9,True,,,,0,,,0.0,50.0
vogn,robust,4,0.08,0.25,0.03,mutual_information,clean,cert_fail_tau0.95,True,,,,0,,,0.0,50.0
vogn,robust,4,0.08,0.25,0.03,mutual_information,adv,adv_error,False,0.9269102990033222,0.6287938252223967,0.14,50,,,,
vogn,robust,4,0.08,0.25,0.03,mutual_information,adv,cert_fail_tau0.5,True,,,,0,,,0.0,50.0
vogn,robust,4,0.08,0.25,0.03,mutual_information,adv,cert_fail_tau0.9,True,,,,0,,,0.0,50.0
vogn,robust,4,0.08,0.25,0.03,mutual_information,adv,cert_fail_tau0.95,True,,,,0,,,0.0,50.0
vogn,robust,4,0.08,0.25,0.03,mutual_information,delta,adv_error,False,0.3388704318936877,0.14072219465293717,0.14,50,,,,
vogn,robust,4,0.08,0.25,0.03,mutual_information,delta,cert_fail_tau0.5,True,,,,0,,,0.0,50.0
vogn,robust,4,0.08,0.25,0.03,mutual_information,delta,cert_fail_tau0.9,True,,,,0,,,0.0,50.0
vogn,robust,4,0.08,0.25,0.03,mutual_information,delta,cert_fail_tau0.95,True,,,,0,,,0.0,50.0
vogn,robust,4,0.08,0.25,0.03,one_minus_confidence,clean,adv_error,False,0.9634551495016611,0.8839285714285714,0.14,50,,,,
vogn,robust,4,0.08,0.25,0.03,one_minus_confidence,clean,cert_fail_tau0.5,True,,,,0,,,0.0,50.0
vogn,robust,4,0.08,0.25,0.03,one_minus_confidence,clean,cert_fail_tau0.9,True,,,,0,,,0.0,50.0
vogn,robust,4,0.08,0.25,0.03,one_minus_confidence,clean,cert_fail_tau0.95,True,,,,0,,,0.0,50.0
vogn,robust,4,0.08,0.25,0.03,one_minus_confidence,adv,adv_error,False,0.920265780730897,0.6545195001077354,0.14,50,,,,
vogn,robust,4,0.08,0.25,0.03,one_minus_confidence,adv,cert_fail_tau0.5,True,,,,0,,,0.0,50.0
vogn,robust,4,0.08,0.25,0.03,one_minus_confidence,adv,cert_fail_tau0.9,True,,,,0,,,0.0,50.0
vogn,robust,4,0.08,0.25,0.03,one_minus_confidence,adv,cert_fail_tau0.95,True,,,,0,,,0.0,50.0
vogn,robust,4,0.08,0.25,0.03,one_minus_confidence,delta,adv_error,False,0.4053156146179402,0.2847698137005562,0.14,50,,,,
vogn,robust,4,0.08,0.25,0.03,one_minus_confidence,delta,cert_fail_tau0.5,True,,,,0,,,0.0,50.0
vogn,robust,4,0.08,0.25,0.03,one_minus_confidence,delta,cert_fail_tau0.9,True,,,,0,,,0.0,50.0
vogn,robust,4,0.08,0.25,0.03,one_minus_confidence,delta,cert_fail_tau0.95,True,,,,0,,,0.0,50.0
vogn,robust,4,0.08,0.25,0.05,mutual_information,clean,adv_error,False,1.0,1.0,0.16,50,0.7829849389310722,0.7463487618818753,,
vogn,robust,4,0.08,0.25,0.05,mutual_information,clean,cert_fail_tau0.5,False,0.9435483870967742,0.8983271630330454,0.27906976744186046,43,,,43.0,7.0
vogn,robust,4,0.08,0.25,0.05,mutual_information,clean,cert_fail_tau0.9,False,0.945,0.9162701116285676,0.3902439024390244,41,,,41.0,9.0
vogn,robust,4,0.08,0.25,0.05,mutual_information,clean,cert_fail_tau0.95,False,,1.0,1.0,17,,,17.0,33.0
vogn,robust,4,0.08,0.25,0.05,mutual_information,adv,adv_error,False,0.7767857142857143,0.31786796536796535,0.16,50,0.8016286536358699,0.7722789033470125,,
vogn,robust,4,0.08,0.25,0.05,mutual_information,adv,cert_fail_tau0.5,False,0.967741935483871,0.9432565789473685,0.27906976744186046,43,,,43.0,7.0
vogn,robust,4,0.08,0.25,0.05,mutual_information,adv,cert_fail_tau0.9,False,0.99,0.9862253289473684,0.3902439024390244,41,,,41.0,9.0
vogn,robust,4,0.08,0.25,0.05,mutual_information,adv,cert_fail_tau0.95,False,,1.0,1.0,17,,,17.0,33.0
vogn,robust,4,0.08,0.25,0.05,mutual_information,delta,adv_error,False,0.10714285714285714,0.10952187478725407,0.16,50,0.04300824049709458,0.0041788244509932,,
vogn,robust,4,0.08,0.25,0.05,mutual_information,delta,cert_fail_tau0.5,False,0.4166666666666667,0.5467814884980975,0.27906976744186046,43,,,43.0,7.0
vogn,robust,4,0.08,0.25,0.05,mutual_information,delta,cert_fail_tau0.9,False,0.5625,0.7113698556353404,0.3902439024390244,41,,,41.0,9.0
vogn,robust,4,0.08,0.25,0.05,mutual_information,delta,cert_fail_tau0.95,False,,1.0,1.0,17,,,17.0,33.0
vogn,robust,4,0.08,0.25,0.05,one_minus_confidence,clean,adv_error,False,0.9523809523809523,0.8485576923076923,0.16,50,0.7272149623147719,0.6644162524213417,,
vogn,robust,4,0.08,0.25,0.05,one_minus_confidence,clean,cert_fail_tau0.5,False,0.8844086021505376,0.7790433833832171,0.27906976744186046,43,,,43.0,7.0
vogn,robust,4,0.08,0.25,0.05,one_minus_confidence,clean,cert_fail_tau0.9,False,0.91,0.8637843773873185,0.3902439024390244,41,,,41.0,9.0
vogn,robust,4,0.08,0.25,0.05,one_minus_confidence,clean,cert_fail_tau0.95,False,,1.0,1.0,17,,,17.0,33.0
vogn,robust,4,0.08,0.25,0.05,one_minus_confidence,adv,adv_error,False,0.7529761904761905,0.43135582010582,0.16,50,0.7603570879331948,0.7060606082005049,,
vogn,robust,4,0.08,0.25,0.05,one_minus_confidence,adv,cert_fail_tau0.5,False,0.9086021505376344,0.8422156084656084,0.27906976744186046,43,,,43.0,7.0
vogn,robust,4,0.08,0.25,0.05,one_minus_confidence,adv,cert_fail_tau0.9,False,0.9625,0.9539314772438342,0.3902439024390244,41,,,41.0,9.0
vogn,robust,4,0.08,0.25,0.05,one_minus_confidence,adv,cert_fail_tau0.95,False,,1.0,1.0,17,,,17.0,33.0
vogn,robust,4,0.08,0.25,0.05,one_minus_confidence,delta,adv_error,False,0.30654761904761907,0.18720840394437144,0.16,50,0.3513190951769793,0.28699952030731507,,
vogn,robust,4,0.08,0.25,0.05,one_minus_confidence,delta,cert_fail_tau0.5,False,0.5725806451612904,0.654280734155238,0.27906976744186046,43,,,43.0,7.0
vogn,robust,4,0.08,0.25,0.05,one_minus_confidence,delta,cert_fail_tau0.9,False,0.685,0.7942071572226419,0.3902439024390244,41,,,41.0,9.0
vogn,robust,4,0.08,0.25,0.05,one_minus_confidence,delta,cert_fail_tau0.95,False,,1.0,1.0,17,,,17.0,33.0
vogn,robust,4,0.08,0.25,0.07,mutual_information,clean,adv_error,False,0.9230769230769231,0.8712596181248219,0.22,50,0.7197653774199576,0.7313171742010534,,
vogn,robust,4,0.08,0.25,0.07,mutual_information,clean,cert_fail_tau0.5,False,0.916267942583732,0.8995083028650804,0.4634146341463415,41,,,41.0,9.0
vogn,robust,4,0.08,0.25,0.07,mutual_information,clean,cert_fail_tau0.9,False,0.9243697478991597,0.9326768047102452,0.5526315789473685,38,,,38.0,12.0
vogn,robust,4,0.08,0.25,0.07,mutual_information,clean,cert_fail_tau0.95,False,,1.0,1.0,21,,,21.0,29.0
vogn,robust,4,0.08,0.25,0.07,mutual_information,adv,adv_error,False,0.668997668997669,0.31873521794268506,0.22,50,0.791055940393498,0.7087546720288839,,
vogn,robust,4,0.08,0.25,0.07,mutual_information,adv,cert_fail_tau0.5,False,0.937799043062201,0.9429438799318614,0.4634146341463415,41,,,41.0,9.0
vogn,robust,4,0.08,0.25,0.07,mutual_information,adv,cert_fail_tau0.9,False,0.9663865546218487,0.9769968399259017,0.5526315789473685,38,,,38.0,12.0
vogn,robust,4,0.08,0.25,0.07,mutual_information,adv,cert_fail_tau0.95,False,,1.0,1.0,21,,,21.0,29.0
vogn,robust,4,0.08,0.25,0.07,mutual_information,delta,adv_error,False,0.2261072261072261,0.1826977772865384,0.22,50,0.19740829447769398,0.04643443527397364,,
vogn,robust,4,0.08,0.25,0.07,mutual_information,delta,cert_fail_tau0.5,False,0.5765550239234449,0.7476681794990973,0.4634146341463415,41,,,41.0,9.0
vogn,robust,4,0.08,0.25,0.07,mutual_information,delta,cert_fail_tau0.9,False,0.6190476190476191,0.811449857125033,0.5526315789473685,38,,,38.0,12.0
vogn,robust,4,0.08,0.25,0.07,mutual_information,delta,cert_fail_tau0.95,False,,1.0,1.0,21,,,21.0,29.0
vogn,robust,4,0.08,0.25,0.07,one_minus_confidence,clean,adv_error,False,0.8717948717948718,0.7389829468776836,0.22,50,0.6636461502359637,0.6455618485536928,,
vogn,robust,4,0.08,0.25,0.07,one_minus_confidence,clean,cert_fail_tau0.5,False,0.8827751196172249,0.8553259238724449,0.4634146341463415,41,,,41.0,9.0
vogn,robust,4,0.08,0.25,0.07,one_minus_confidence,clean,cert_fail_tau0.9,False,0.8823529411764706,0.8850137443845981,0.5526315789473685,38,,,38.0,12.0
vogn,robust,4,0.08,0.25,0.07,one_minus_confidence,clean,cert_fail_tau0.95,False,,1.0,1.0,21,,,21.0,29.0
vogn,robust,4,0.08,0.25,0.07,one_minus_confidence,adv,adv_error,False,0.6526806526806527,0.3099837945057381,0.22,50,0.7642775179508352,0.6349229126887046,,
vogn,robust,4,0.08,0.25,0.07,one_minus_confidence,adv,cert_fail_tau0.5,False,0.9234449760765551,0.9379866779247584,0.4634146341463415,41,,,41.0,9.0
vogn,robust,4,0.08,0.25,0.07,one_minus_confidence,adv,cert_fail_tau0.9,False,0.9327731092436975,0.9547537614079448,0.5526315789473685,38,,,38.0,12.0
vogn,robust,4,0.08,0.25,0.07,one_minus_confidence,adv,cert_fail_tau0.95,False,,1.0,1.0,21,,,21.0,29.0
vogn,robust,4,0.08,0.25,0.07,one_minus_confidence,delta,adv_error,False,0.3752913752913753,0.23356323494375086,0.22,50,0.4608734185103434,0.2737717897498055,,
vogn,robust,4,0.08,0.25,0.07,one_minus_confidence,delta,cert_fail_tau0.5,False,0.6842105263157895,0.8191925787324748,0.4634146341463415,41,,,41.0,9.0
vogn,robust,4,0.08,0.25,0.07,one_minus_confidence,delta,cert_fail_tau0.9,False,0.7142857142857143,0.8628611474476137,0.5526315789473685,38,,,38.0,12.0
vogn,robust,4,0.08,0.25,0.07,one_minus_confidence,delta,cert_fail_tau0.95,False,,1.0,1.0,21,,,21.0,29.0
vogn,robust,4,0.08,0.25,0.08,mutual_information,clean,adv_error,False,0.9028571428571428,0.845130590321153,0.3,50,0.5817482707695697,0.7169444167902969,,
vogn,robust,4,0.08,0.25,0.08,mutual_information,clean,cert_fail_tau0.5,False,0.9176136363636364,0.9324613804909083,0.5789473684210527,38,,,38.0,12.0
vogn,robust,4,0.08,0.25,0.08,mutual_information,clean,cert_fail_tau0.9,False,0.9163636363636364,0.956592603972507,0.6944444444444444,36,,,36.0,14.0
vogn,robust,4,0.08,0.25,0.08,mutual_information,clean,cert_fail_tau0.95,False,,1.0,1.0,25,,,25.0,25.0
vogn,robust,4,0.08,0.25,0.08,mutual_information,adv,adv_error,False,0.6933333333333334,0.4395612287944945,0.3,50,0.6686761732983558,0.607385486688683,,
vogn,robust,4,0.08,0.25,0.08,mutual_information,adv,cert_fail_tau0.5,False,0.9346590909090909,0.96478467040668,0.5789473684210527,38,,,38.0,12.0
vogn,robust,4,0.08,0.25,0.08,mutual_information,adv,cert_fail_tau0.9,False,0.9490909090909091,0.9811108627093281,0.6944444444444444,36,,,36.0,14.0
vogn,robust,4,0.08,0.25,0.08,mutual_information,adv,cert_fail_tau0.95,False,,1.0,1.0,25,,,25.0,25.0
vogn,robust,4,0.08,0.25,0.08,mutual_information,delta,adv_error,False,0.3904761904761905,0.323128551618591,0.3,50,0.2552644756797692,0.06630670838263285,,
vogn,robust,4,0.08,0.25,0.08,mutual_information,delta,cert_fail_tau0.5,False,0.6335227272727273,0.8275770552424536,0.5789473684210527,38,,,38.0,12.0
vogn,robust,4,0.08,0.25,0.08,mutual_information,delta,cert_fail_tau0.9,False,0.68,0.8911492105555608,0.6944444444444444,36,,,36.0,14.0
vogn,robust,4,0.08,0.25,0.08,mutual_information,delta,cert_fail_tau0.95,False,,1.0,1.0,25,,,25.0,25.0
vogn,robust,4,0.08,0.25,0.08,one_minus_confidence,clean,adv_error,False,0.8533333333333334,0.7478798738735217,0.3,50,0.5562803626907088,0.6274752032798022,,
vogn,robust,4,0.08,0.25,0.08,one_minus_confidence,clean,cert_fail_tau0.5,False,0.8721590909090909,0.884938319238956,0.5789473684210527,38,,,38.0,12.0
vogn,robust,4,0.08,0.25,0.08,one_minus_confidence,clean,cert_fail_tau0.9,False,0.8763636363636363,0.9249508960072695,0.6944444444444444,36,,,36.0,14.0
vogn,robust,4,0.08,0.25,0.08,one_minus_confidence,clean,cert_fail_tau0.95,False,,1.0,1.0,25,,,25.0,25.0
vogn,robust,4,0.08,0.25,0.08,one_minus_confidence,adv,adv_error,False,0.7180952380952381,0.5392999418873051,0.3,50,0.676901951620677,0.5709493740702596,,
vogn,robust,4,0.08,0.25,0.08,one_minus_confidence,adv,cert_fail_tau0.5,False,0.9232954545454546,0.9572549564145154,0.5789473684210527,38,,,38.0,12.0
vogn,robust,4,0.08,0.25,0.08,one_minus_confidence,adv,cert_fail_tau0.9,False,0.9272727272727272,0.9718465476552433,0.6944444444444444,36,,,36.0,14.0
vogn,robust,4,0.08,0.25,0.08,one_minus_confidence,adv,cert_fail_tau0.95,False,,1.0,1.0,25,,,25.0,25.0
vogn,robust,4,0.08,0.25,0.08,one_minus_confidence,delta,adv_error,False,0.518095238095238,0.4479256580436044,0.3,50,0.45146255605151686,0.2677327559939718,,
vogn,robust,4,0.08,0.25,0.08,one_minus_confidence,delta,cert_fail_tau0.5,False,0.7272727272727273,0.8767950415572142,0.5789473684210527,38,,,38.0,12.0
vogn,robust,4,0.08,0.25,0.08,one_minus_confidence,delta,cert_fail_tau0.9,False,0.76,0.920988291015331,0.6944444444444444,36,,,36.0,14.0
vogn,robust,4,0.08,0.25,0.08,one_minus_confidence,delta,cert_fail_tau0.95,False,,1.0,1.0,25,,,25.0,25.0
vogn,robust,4,0.08,0.25,0.1,mutual_information,clean,adv_error,False,0.8701298701298701,0.8349953279341454,0.44,50,0.29283602411950777,0.657829604393204,,
vogn,robust,4,0.08,0.25,0.1,mutual_information,clean,cert_fail_tau0.5,False,0.8205128205128205,0.9523224570146716,0.8125,32,,,32.0,18.0
vogn,robust,4,0.08,0.25,0.1,mutual_information,clean,cert_fail_tau0.9,False,0.8703703703703703,0.9784838337527465,0.8709677419354839,31,,,31.0,19.0
vogn,robust,4,0.08,0.25,0.1,mutual_information,clean,cert_fail_tau0.95,False,,1.0,1.0,29,,,29.0,21.0
vogn,robust,4,0.08,0.25,0.1,mutual_information,adv,adv_error,False,0.7288961038961039,0.6744002771264213,0.44,50,0.4373824978146143,0.4910033490213026,,
vogn,robust,4,0.08,0.25,0.1,mutual_information,adv,cert_fail_tau0.5,False,0.9230769230769231,0.9833779404975058,0.8125,32,,,32.0,18.0
vogn,robust,4,0.08,0.25,0.1,mutual_information,adv,cert_fail_tau0.9,False,0.9537037037037037,0.9938492853666092,0.8709677419354839,31,,,31.0,19.0
vogn,robust,4,0.08,0.25,0.1,mutual_information,adv,cert_fail_tau0.95,False,,1.0,1.0,29,,,29.0,21.0
vogn,robust,4,0.08,0.25,0.1,mutual_information,delta,adv_error,False,0.5405844155844156,0.5910919317814749,0.44,50,0.20188722359068598,0.07722710409064183,,
vogn,robust,4,0.08,0.25,0.1,mutual_information,delta,cert_fail_tau0.5,False,0.6858974358974359,0.9327748582674829,0.8125,32,,,32.0,18.0
vogn,robust,4,0.08,0.25,0.1,mutual_information,delta,cert_fail_tau0.9,False,0.7037037037037037,0.9565994541704178,0.8709677419354839,31,,,31.0,19.0
vogn,robust,4,0.08,0.25,0.1,mutual_information,delta,cert_fail_tau0.95,False,,1.0,1.0,29,,,29.0,21.0
vogn,robust,4,0.08,0.25,0.1,one_minus_confidence,clean,adv_error,False,0.8262987012987013,0.7715743866566123,0.44,50,0.25192148614765875,0.5725356377600861,,
vogn,robust,4,0.08,0.25,0.1,one_minus_confidence,clean,cert_fail_tau0.5,False,0.7628205128205128,0.9239810711506613,0.8125,32,,,32.0,18.0
vogn,robust,4,0.08,0.25,0.1,one_minus_confidence,clean,cert_fail_tau0.9,False,0.8148148148148148,0.9580942956842515,0.8709677419354839,31,,,31.0,19.0
vogn,robust,4,0.08,0.25,0.1,one_minus_confidence,clean,cert_fail_tau0.95,False,,1.0,1.0,29,,,29.0,21.0
vogn,robust,4,0.08,0.25,0.1,one_minus_confidence,adv,adv_error,False,0.7857142857142857,0.7838876954277161,0.44,50,0.4030576878076772,0.4729362324889719,,
vogn,robust,4,0.08,0.25,0.1,one_minus_confidence,adv,cert_fail_tau0.5,False,0.8974358974358975,0.9773543459203995,0.8125,32,,,32.0,18.0
vogn,robust,4,0.08,0.25,0.1,one_minus_confidence,adv,cert_fail_tau0.9,False,0.9074074074074074,0.9861062849424492,0.8709677419354839,31,,,31.0,19.0
vogn,robust,4,0.08,0.25,0.1,one_minus_confidence,adv,cert_fail_tau0.95,False,,1.0,1.0,29,,,29.0,21.0
vogn,robust,4,0.08,0.25,0.1,one_minus_confidence,delta,adv_error,False,0.6623376623376623,0.7274059071688582,0.44,50,0.3123478070700869,0.2538724445344621,,
vogn,robust,4,0.08,0.25,0.1,one_minus_confidence,delta,cert_fail_tau0.5,False,0.7628205128205128,0.9510741568096964,0.8125,32,,,32.0,18.0
vogn,robust,4,0.08,0.25,0.1,one_minus_confidence,delta,cert_fail_tau0.9,False,0.7777777777777778,0.9686982196025166,0.8709677419354839,31,,,31.0,19.0
vogn,robust,4,0.08,0.25,0.1,one_minus_confidence,delta,cert_fail_tau0.95,False,,1.0,1.0,29,,,29.0,21.0
vogn,robust,4,0.08,0.25,0.15,mutual_information,clean,adv_error,False,0.725,0.8068635843973662,0.6,50,,,,
vogn,robust,4,0.08,0.25,0.15,mutual_information,clean,cert_fail_tau0.5,True,,,,0,,,0.0,50.0
vogn,robust,4,0.08,0.25,0.15,mutual_information,clean,cert_fail_tau0.9,True,,,,0,,,0.0,50.0
vogn,robust,4,0.08,0.25,0.15,mutual_information,clean,cert_fail_tau0.95,True,,,,0,,,0.0,50.0
vogn,robust,4,0.08,0.25,0.15,mutual_information,adv,adv_error,False,0.29833333333333334,0.48058116785802696,0.6,50,,,,
vogn,robust,4,0.08,0.25,0.15,mutual_information,adv,cert_fail_tau0.5,True,,,,0,,,0.0,50.0
vogn,robust,4,0.08,0.25,0.15,mutual_information,adv,cert_fail_tau0.9,True,,,,0,,,0.0,50.0
vogn,robust,4,0.08,0.25,0.15,mutual_information,adv,cert_fail_tau0.95,True,,,,0,,,0.0,50.0
vogn,robust,4,0.08,0.25,0.15,mutual_information,delta,adv_error,False,0.26666666666666666,0.47569379384301586,0.6,50,,,,
vogn,robust,4,0.08,0.25,0.15,mutual_information,delta,cert_fail_tau0.5,True,,,,0,,,0.0,50.0
vogn,robust,4,0.08,0.25,0.15,mutual_information,delta,cert_fail_tau0.9,True,,,,0,,,0.0,50.0
vogn,robust,4,0.08,0.25,0.15,mutual_information,delta,cert_fail_tau0.95,True,,,,0,,,0.0,50.0
vogn,robust,4,0.08,0.25,0.15,one_minus_confidence,clean,adv_error,False,0.695,0.7641036634654097,0.6,50,,,,
vogn,robust,4,0.08,0.25,0.15,one_minus_confidence,clean,cert_fail_tau0.5,True,,,,0,,,0.0,50.0
vogn,robust,4,0.08,0.25,0.15,one_minus_confidence,clean,cert_fail_tau0.9,True,,,,0,,,0.0,50.0
vogn,robust,4,0.08,0.25,0.15,one_minus_confidence,clean,cert_fail_tau0.95,True,,,,0,,,0.0,50.0
vogn,robust,4,0.08,0.25,0.15,one_minus_confidence,adv,adv_error,False,0.5183333333333333,0.6486766664453886,0.6,50,,,,
vogn,robust,4,0.08,0.25,0.15,one_minus_confidence,adv,cert_fail_tau0.5,True,,,,0,,,0.0,50.0
vogn,robust,4,0.08,0.25,0.15,one_minus_confidence,adv,cert_fail_tau0.9,True,,,,0,,,0.0,50.0
vogn,robust,4,0.08,0.25,0.15,one_minus_confidence,adv,cert_fail_tau0.95,True,,,,0,,,0.0,50.0
vogn,robust,4,0.08,0.25,0.15,one_minus_confidence,delta,adv_error,False,0.51,0.6604605724434809,0.6,50,,,,
vogn,robust,4,0.08,0.25,0.15,one_minus_confidence,delta,cert_fail_tau0.5,True,,,,0,,,0.0,50.0
vogn,robust,4,0.08,0.25,0.15,one_minus_confidence,delta,cert_fail_tau0.9,True,,,,0,,,0.0,50.0
vogn,robust,4,0.08,0.25,0.15,one_minus_confidence,delta,cert_fail_tau0.95,True,,,,0,,,0.0,50.0
vogn,standard,0,,,0.01,mutual_information,clean,adv_error,False,1.0,1.0,0.02,50,0.8500203197728907,0.741023583579369,,
vogn,standard,0,,,0.01,mutual_information,clean,cert_fail_tau0.5,False,1.0,1.0,0.022222222222222223,45,,,45.0,5.0
vogn,standard,0,,,0.01,mutual_information,clean,cert_fail_tau0.9,False,1.0,1.0,0.13043478260869565,23,,,23.0,27.0
vogn,standard,0,,,0.01,mutual_information,clean,cert_fail_tau0.95,False,,1.0,1.0,3,,,3.0,47.0
vogn,standard,0,,,0.01,mutual_information,adv,adv_error,False,1.0,1.0,0.02,50,0.8571820530830576,0.7328039493684068,,
vogn,standard,0,,,0.01,mutual_information,adv,cert_fail_tau0.5,False,1.0,1.0,0.022222222222222223,45,,,45.0,5.0
vogn,standard,0,,,0.01,mutual_information,adv,cert_fail_tau0.9,False,1.0,1.0,0.13043478260869565,23,,,23.0,27.0
vogn,standard,0,,,0.01,mutual_information,adv,cert_fail_tau0.95,False,,1.0,1.0,3,,,3.0,47.0
vogn,standard,0,,,0.01,mutual_information,delta,adv_error,False,0.0,0.02,0.02,50,0.6963817842338422,0.5247477305507996,,
vogn,standard,0,,,0.01,mutual_information,delta,cert_fail_tau0.5,False,0.0,0.022222222222222223,0.022222222222222223,45,,,45.0,5.0
vogn,standard,0,,,0.01,mutual_information,delta,cert_fail_tau0.9,False,0.6333333333333333,0.5434782608695652,0.13043478260869565,23,,,23.0,27.0
vogn,standard,0,,,0.01,mutual_information,delta,cert_fail_tau0.95,False,,1.0,1.0,3,,,3.0,47.0
vogn,standard,0,,,0.01,one_minus_confidence,clean,adv_error,False,1.0,1.0,0.02,50,0.8995717718648549,0.7508138485312795,,
vogn,standard,0,,,0.01,one_minus_confidence,clean,cert_fail_tau0.5,False,1.0,1.0,0.022222222222222223,45,,,45.0,5.0
vogn,standard,0,,,0.01,one_minus_confidence,clean,cert_fail_tau0.9,False,1.0,1.0,0.13043478260869565,23,,,23.0,27.0
vogn,standard,0,,,0.01,one_minus_confidence,clean,cert_fail_tau0.95,False,,1.0,1.0,3,,,3.0,47.0
vogn,standard,0,,,0.01,one_minus_confidence,adv,adv_error,False,0.9795918367346939,0.5,0.02,50,0.9013622051923965,0.7476725870493831,,
vogn,standard,0,,,0.01,one_minus_confidence,adv,cert_fail_tau0.5,False,1.0,1.0,0.022222222222222223,45,,,45.0,5.0
vogn,standard,0,,,0.01,one_minus_confidence,adv,cert_fail_tau0.9,False,1.0,1.0,0.13043478260869565,23,,,23.0,27.0
vogn,standard,0,,,0.01,one_minus_confidence,adv,cert_fail_tau0.95,False,,1.0,1.0,3,,,3.0,47.0
vogn,standard,0,,,0.01,one_minus_confidence,delta,adv_error,False,0.0,0.02,0.02,50,0.7844033578229854,0.6033316219562421,,
vogn,standard,0,,,0.01,one_minus_confidence,delta,cert_fail_tau0.5,False,0.0,0.022222222222222223,0.022222222222222223,45,,,45.0,5.0
vogn,standard,0,,,0.01,one_minus_confidence,delta,cert_fail_tau0.9,False,0.6666666666666666,0.7101449275362318,0.13043478260869565,23,,,23.0,27.0
vogn,standard,0,,,0.01,one_minus_confidence,delta,cert_fail_tau0.95,False,,1.0,1.0,3,,,3.0,47.0
vogn,standard,0,,,0.03,mutual_information,clean,adv_error,False,1.0,1.0,0.04,50,,,,
vogn,standard,0,,,0.03,mutual_information,clean,cert_fail_tau0.5,True,,,,0,,,0.0,50.0
vogn,standard,0,,,0.03,mutual_information,clean,cert_fail_tau0.9,True,,,,0,,,0.0,50.0
vogn,standard,0,,,0.03,mutual_information,clean,cert_fail_tau0.95,True,,,,0,,,0.0,50.0
vogn,standard,0,,,0.03,mutual_information,adv,adv_error,False,1.0,1.0,0.04,50,,,,
vogn,standard,0,,,0.03,mutual_information,adv,cert_fail_tau0.5,True,,,,0,,,0.0,50.0
vogn,standard,0,,,0.03,mutual_information,adv,cert_fail_tau0.9,True,,,,0,,,0.0,50.0
vogn,standard,0,,,0.03,mutual_information,adv,cert_fail_tau0.95,True,,,,0,,,0.0,50.0
vogn,standard,0,,,0.03,mutual_information,delta,adv_error,False,0.0,0.030204081632653063,0.04,50,,,,
vogn,standard,0,,,0.03,mutual_information,delta,cert_fail_tau0.5,True,,,,0,,,0.0,50.0
vogn,standard,0,,,0.03,mutual_information,delta,cert_fail_tau0.9,True,,,,0,,,0.0,50.0
vogn,standard,0,,,0.03,mutual_information,delta,cert_fail_tau0.95,True,,,,0,,,0.0,50.0
vogn,standard,0,,,0.03,one_minus_confidence,clean,adv_error,False,1.0,1.0,0.04,50,,,,
vogn,standard,0,,,0.03,one_minus_confidence,clean,cert_fail_tau0.5,True,,,,0,,,0.0,50.0
vogn,standard,0,,,0.03,one_minus_confidence,clean,cert_fail_tau0.9,True,,,,0,,,0.0,50.0
vogn,standard,0,,,0.03,one_minus_confidence,clean,cert_fail_tau0.95,True,,,,0,,,0.0,50.0
vogn,standard,0,,,0.03,one_minus_confidence,adv,adv_error,False,0.9895833333333334,0.8333333333333333,0.04,50,,,,
vogn,standard,0,,,0.03,one_minus_confidence,adv,cert_fail_tau0.5,True,,,,0,,,0.0,50.0
vogn,standard,0,,,0.03,one_minus_confidence,adv,cert_fail_tau0.9,True,,,,0,,,0.0,50.0
vogn,standard,0,,,0.03,one_minus_confidence,adv,cert_fail_tau0.95,True,,,,0,,,0.0,50.0
vogn,standard,0,,,0.03,one_minus_confidence,delta,adv_error,False,0.2916666666666667,0.04380952380952381,0.04,50,,,,
vogn,standard,0,,,0.03,one_minus_confidence,delta,cert_fail_tau0.5,True,,,,0,,,0.0,50.0
vogn,standard,0,,,0.03,one_minus_confidence,delta,cert_fail_tau0.9,True,,,,0,,,0.0,50.0
vogn,standard,0,,,0.03,one_minus_confidence,delta,cert_fail_tau0.95,True,,,,0,,,0.0,50.0
vogn,standard,0,,,0.05,mutual_information,clean,adv_error,False,1.0,1.0,0.04,50,,0.8565871153702654,,
vogn,standard,0,,,0.05,mutual_information,clean,cert_fail_tau0.5,False,,1.0,1.0,27,,,27.0,23.0
vogn,standard,0,,,0.05,mutual_information,clean,cert_fail_tau0.9,False,,1.0,1.0,43,,,43.0,7.0
vogn,standard,0,,,0.05,mutual_information,clean,cert_fail_tau0.95,False,,1.0,1.0,46,,,46.0,4.0
vogn,standard,0,,,0.05,mutual_information,adv,adv_error,False,0.7916666666666666,0.13392857142857142,0.04,50,,0.9005811606564534,,
vogn,standard,0,,,0.05,mutual_information,adv,cert_fail_tau0.5,False,,1.0,1.0,27,,,27.0,23.0
vogn,standard,0,,,0.05,mutual_information,adv,cert_fail_tau0.9,False,,1.0,1.0,43,,,43.0,7.0
vogn,standard,0,,,0.05,mutual_information,adv,cert_fail_tau0.95,False,,1.0,1.0,46,,,46.0,4.0
vogn,standard,0,,,0.05,mutual_information,delta,adv_error,False,0.0,0.030204081632653063,0.04,50,,0.6606311057985983,,
vogn,standard,0,,,0.05,mutual_information,delta,cert_fail_tau0.5,False,,1.0,1.0,27,,,27.0,23.0
vogn,standard,0,,,0.05,mutual_information,delta,cert_fail_tau0.9,False,,1.0,1.0,43,,,43.0,7.0
vogn,standard,0,,,0.05,mutual_information,delta,cert_fail_tau0.95,False,,1.0,1.0,46,,,46.0,4.0
vogn,standard,0,,,0.05,one_minus_confidence,clean,adv_error,False,1.0,1.0,0.04,50,,0.9141251789650834,,
vogn,standard,0,,,0.05,one_minus_confidence,clean,cert_fail_tau0.5,False,,1.0,1.0,27,,,27.0,23.0
vogn,standard,0,,,0.05,one_minus_confidence,clean,cert_fail_tau0.9,False,,1.0,1.0,43,,,43.0,7.0
vogn,standard,0,,,0.05,one_minus_confidence,clean,cert_fail_tau0.95,False,,1.0,1.0,46,,,46.0,4.0
vogn,standard,0,,,0.05,one_minus_confidence,adv,adv_error,False,0.75,0.10989010989010989,0.04,50,,0.9448633765449527,,
vogn,standard,0,,,0.05,one_minus_confidence,adv,cert_fail_tau0.5,False,,1.0,1.0,27,,,27.0,23.0
vogn,standard,0,,,0.05,one_minus_confidence,adv,cert_fail_tau0.9,False,,1.0,1.0,43,,,43.0,7.0
vogn,standard,0,,,0.05,one_minus_confidence,adv,cert_fail_tau0.95,False,,1.0,1.0,46,,,46.0,4.0
vogn,standard,0,,,0.05,one_minus_confidence,delta,adv_error,False,0.0,0.030204081632653063,0.04,50,,0.7459776325164543,,
vogn,standard,0,,,0.05,one_minus_confidence,delta,cert_fail_tau0.5,False,,1.0,1.0,27,,,27.0,23.0
vogn,standard,0,,,0.05,one_minus_confidence,delta,cert_fail_tau0.9,False,,1.0,1.0,43,,,43.0,7.0
vogn,standard,0,,,0.05,one_minus_confidence,delta,cert_fail_tau0.95,False,,1.0,1.0,46,,,46.0,4.0
vogn,standard,0,,,0.07,mutual_information,clean,adv_error,False,0.8844444444444445,0.594949494949495,0.1,50,,0.8042407469557808,,
vogn,standard,0,,,0.07,mutual_information,clean,cert_fail_tau0.5,False,,1.0,1.0,45,,,45.0,5.0
vogn,standard,0,,,0.07,mutual_information,clean,cert_fail_tau0.9,False,,1.0,1.0,50,,,50.0,0.0
vogn,standard,0,,,0.07,mutual_information,clean,cert_fail_tau0.95,False,,1.0,1.0,50,,,50.0,0.0
vogn,standard,0,,,0.07,mutual_information,adv,adv_error,False,0.64,0.15640522875816992,0.1,50,,0.7595687894172565,,
vogn,standard,0,,,0.07,mutual_information,adv,cert_fail_tau0.5,False,,1.0,1.0,45,,,45.0,5.0
vogn,standard,0,,,0.07,mutual_information,adv,cert_fail_tau0.9,False,,1.0,1.0,50,,,50.0,0.0
vogn,standard,0,,,0.07,mutual_information,adv,cert_fail_tau0.95,False,,1.0,1.0,50,,,50.0,0.0
vogn,standard,0,,,0.07,mutual_information,delta,adv_error,False,0.4088888888888889,0.12234803598858898,0.1,50,,0.5230159806057647,,
vogn,standard,0,,,0.07,mutual_information,delta,cert_fail_tau0.5,False,,1.0,1.0,45,,,45.0,5.0
vogn,standard,0,,,0.07,mutual_information,delta,cert_fail_tau0.9,False,,1.0,1.0,50,,,50.0,0.0
vogn,standard,0,,,0.07,mutual_information,delta,cert_fail_tau0.95,False,,1.0,1.0,50,,,50.0,0.0
vogn,standard,0,,,0.07,one_minus_confidence,clean,adv_error,False,0.9066666666666666,0.7196428571428571,0.1,50,,0.8670046047786372,,
vogn,standard,0,,,0.07,one_minus_confidence,clean,cert_fail_tau0.5,False,,1.0,1.0,45,,,45.0,5.0
vogn,standard,0,,,0.07,one_minus_confidence,clean,cert_fail_tau0.9,False,,1.0,1.0,50,,,50.0,0.0
vogn,standard,0,,,0.07,one_minus_confidence,clean,cert_fail_tau0.95,False,,1.0,1.0,50,,,50.0,0.0
vogn,standard,0,,,0.07,one_minus_confidence,adv,adv_error,False,0.7333333333333333,0.2549166666666667,0.1,50,,0.8614266730555857,,
vogn,standard,0,,,0.07,one_minus_confidence,adv,cert_fail_tau0.5,False,,1.0,1.0,45,,,45.0,5.0
vogn,standard,0,,,0.07,one_minus_confidence,adv,cert_fail_tau0.9,False,,1.0,1.0,50,,,50.0,0.0
vogn,standard,0,,,0.07,one_minus_confidence,adv,cert_fail_tau0.95,False,,1.0,1.0,50,,,50.0,0.0
vogn,standard,0,,,0.07,one_minus_confidence,delta,adv_error,False,0.5244444444444445,0.27162064825930377,0.1,50,,0.7096584264344751,,
vogn,standard,0,,,0.07,one_minus_confidence,delta,cert_fail_tau0.5,False,,1.0,1.0,45,,,45.0,5.0
vogn,standard,0,,,0.07,one_minus_confidence,delta,cert_fail_tau0.9,False,,1.0,1.0,50,,,50.0,0.0
vogn,standard,0,,,0.07,one_minus_confidence,delta,cert_fail_tau0.95,False,,1.0,1.0,50,,,50.0,0.0
vogn,standard,0,,,0.08,mutual_information,clean,adv_error,False,0.9196428571428571,0.7515151515151515,0.16,50,,0.7676479188125765,,
vogn,standard,0,,,0.08,mutual_information,clean,cert_fail_tau0.5,False,,1.0,1.0,49,,,49.0,1.0
vogn,standard,0,,,0.08,mutual_information,clean,cert_fail_tau0.9,False,,1.0,1.0,50,,,50.0,0.0
vogn,standard,0,,,0.08,mutual_information,clean,cert_fail_tau0.95,False,,1.0,1.0,50,,,50.0,0.0
vogn,standard,0,,,0.08,mutual_information,adv,adv_error,False,0.6339285714285714,0.24116964505684016,0.16,50,,0.6415562118629867,,
vogn,standard,0,,,0.08,mutual_information,adv,cert_fail_tau0.5,False,,1.0,1.0,49,,,49.0,1.0
vogn,standard,0,,,0.08,mutual_information,adv,cert_fail_tau0.9,False,,1.0,1.0,50,,,50.0,0.0
vogn,standard,0,,,0.08,mutual_information,adv,cert_fail_tau0.95,False,,1.0,1.0,50,,,50.0,0.0
vogn,standard,0,,,0.08,mutual_information,delta,adv_error,False,0.37797619047619047,0.14555030252398674,0.16,50,,0.41136728925967336,,
vogn,standard,0,,,0.08,mutual_information,delta,cert_fail_tau0.5,False,,1.0,1.0,49,,,49.0,1.0
vogn,standard,0,,,0.08,mutual_information,delta,cert_fail_tau0.9,False,,1.0,1.0,50,,,50.0,0.0
vogn,standard,0,,,0.08,mutual_information,delta,cert_fail_tau0.95,False,,1.0,1.0,50,,,50.0,0.0
vogn,standard,0,,,0.08,one_minus_confidence,clean,adv_error,False,0.9375,0.7973484848484849,0.16,50,,0.8257475225324791,,
vogn,standard,0,,,0.08,one_minus_confidence,clean,cert_fail_tau0.5,False,,1.0,1.0,49,,,49.0,1.0
vogn,standard,0,,,0.08,one_minus_confidence,clean,cert_fail_tau0.9,False,,1.0,1.0,50,,,50.0,0.0
vogn,standard,0,,,0.08,one_minus_confidence,clean,cert_fail_tau0.95,False,,1.0,1.0,50,,,50.0,0.0
vogn,standard,0,,,0.08,one_minus_confidence,adv,adv_error,False,0.6904761904761905,0.3853172174622602,0.16,50,,0.7892908999735774,,
vogn,standard,0,,,0.08,one_minus_confidence,adv,cert_fail_tau0.5,False,,1.0,1.0,49,,,49.0,1.0
vogn,standard,0,,,0.08,one_minus_confidence,adv,cert_fail_tau0.9,False,,1.0,1.0,50,,,50.0,0.0
vogn,standard,0,,,0.08,one_minus_confidence,adv,cert_fail_tau0.95,False,,1.0,1.0,50,,,50.0,0.0
vogn,standard,0,,,0.08,one_minus_confidence,delta,adv_error,False,0.5654761904761905,0.31712793011941615,0.16,50,,0.6953874782309518,,
vogn,standard,0,,,0.08,one_minus_confidence,delta,cert_fail_tau0.5,False,,1.0,1.0,49,,,49.0,1.0
vogn,standard,0,,,0.08,one_minus_confidence,delta,cert_fail_tau0.9,False,,1.0,1.0,50,,,50.0,0.0
vogn,standard,0,,,0.08,one_minus_confidence,delta,cert_fail_tau0.95,False,,1.0,1.0,50,,,50.0,0.0
vogn,standard,0,,,0.1,mutual_information,clean,adv_error,False,0.9261083743842364,0.9034292396507719,0.42,50,,0.6176538568596623,,
vogn,standard,0,,,0.1,mutual_information,clean,cert_fail_tau0.5,False,,1.0,1.0,50,,,50.0,0.0
vogn,standard,0,,,0.1,mutual_information,clean,cert_fail_tau0.9,False,,1.0,1.0,50,,,50.0,0.0
vogn,standard,0,,,0.1,mutual_information,clean,cert_fail_tau0.95,False,,1.0,1.0,50,,,50.0,0.0
vogn,standard,0,,,0.1,mutual_information,adv,adv_error,False,0.555008210180624,0.4815141293040309,0.42,50,,0.3682874031017977,,
vogn,standard,0,,,0.1,mutual_information,adv,cert_fail_tau0.5,False,,1.0,1.0,50,,,50.0,0.0
vogn,standard,0,,,0.1,mutual_information,adv,cert_fail_tau0.9,False,,1.0,1.0,50,,,50.0,0.0
vogn,standard,0,,,0.1,mutual_information,adv,cert_fail_tau0.95,False,,1.0,1.0,50,,,50.0,0.0
vogn,standard,0,,,0.1,mutual_information,delta,adv_error,False,0.361247947454844,0.3529253715644927,0.42,50,,0.17666831447846723,,
vogn,standard,0,,,0.1,mutual_information,delta,cert_fail_tau0.5,False,,1.0,1.0,50,,,50.0,0.0
vogn,standard,0,,,0.1,mutual_information,delta,cert_fail_tau0.9,False,,1.0,1.0,50,,,50.0,0.0
vogn,standard,0,,,0.1,mutual_information,delta,cert_fail_tau0.95,False,,1.0,1.0,50,,,50.0,0.0
vogn,standard,0,,,0.1,one_minus_confidence,clean,adv_error,False,0.9589490968801314,0.93739979962121,0.42,50,,0.6404537874305788,,
vogn,standard,0,,,0.1,one_minus_confidence,clean,cert_fail_tau0.5,False,,1.0,1.0,50,,,50.0,0.0
vogn,standard,0,,,0.1,one_minus_confidence,clean,cert_fail_tau0.9,False,,1.0,1.0,50,,,50.0,0.0
vogn,standard,0,,,0.1,one_minus_confidence,clean,cert_fail_tau0.95,False,,1.0,1.0,50,,,50.0,0.0
vogn,standard,0,,,0.1,one_minus_confidence,adv,adv_error,False,0.7011494252873564,0.6497845805743456,0.42,50,,0.582332652942423,,
vogn,standard,0,,,0.1,one_minus_confidence,adv,cert_fail_tau0.5,False,,1.0,1.0,50,,,50.0,0.0
vogn,standard,0,,,0.1,one_minus_confidence,adv,cert_fail_tau0.9,False,,1.0,1.0,50,,,50.0,0.0
vogn,standard,0,,,0.1,one_minus_confidence,adv,cert_fail_tau0.95,False,,1.0,1.0,50,,,50.0,0.0
vogn,standard,0,,,0.1,one_minus_confidence,delta,adv_error,False,0.632183908045977,0.5691018427108908,0.42,50,,0.5234016848547537,,
vogn,standard,0,,,0.1,one_minus_confidence,delta,cert_fail_tau0.5,False,,1.0,1.0,50,,,50.0,0.0
vogn,standard,0,,,0.1,one_minus_confidence,delta,cert_fail_tau0.9,False,,1.0,1.0,50,,,50.0,0.0
vogn,standard,0,,,0.1,one_minus_confidence,delta,cert_fail_tau0.95,False,,1.0,1.0,50,,,50.0,0.0
vogn,standard,0,,,0.15,mutual_information,clean,adv_error,False,0.8455284552845529,0.9668041121541958,0.82,50,,,,
vogn,standard,0,,,0.15,mutual_information,clean,cert_fail_tau0.5,True,,,,0,,,0.0,50.0
vogn,standard,0,,,0.15,mutual_information,clean,cert_fail_tau0.9,True,,,,0,,,0.0,50.0
vogn,standard,0,,,0.15,mutual_information,clean,cert_fail_tau0.95,True,,,,0,,,0.0,50.0
vogn,standard,0,,,0.15,mutual_information,adv,adv_error,False,0.19241192411924118,0.7233759669590722,0.82,50,,,,
vogn,standard,0,,,0.15,mutual_information,adv,cert_fail_tau0.5,True,,,,0,,,0.0,50.0
vogn,standard,0,,,0.15,mutual_information,adv,cert_fail_tau0.9,True,,,,0,,,0.0,50.0
vogn,standard,0,,,0.15,mutual_information,adv,cert_fail_tau0.95,True,,,,0,,,0.0,50.0
vogn,standard,0,,,0.15,mutual_information,delta,adv_error,False,0.14634146341463414,0.696581409037824,0.82,50,,,,
vogn,standard,0,,,0.15,mutual_information,delta,cert_fail_tau0.5,True,,,,0,,,0.0,50.0
vogn,standard,0,,,0.15,mutual_information,delta,cert_fail_tau0.9,True,,,,0,,,0.0,50.0
vogn,standard,0,,,0.15,mutual_information,delta,cert_fail_tau0.95,True,,,,0,,,0.0,50.0
vogn,standard,0,,,0.15,one_minus_confidence,clean,adv_error,False,0.8807588075880759,0.9744769030284324,0.82,50,,,,
vogn,standard,0,,,0.15,one_minus_confidence,clean,cert_fail_tau0.5,True,,,,0,,,0.0,50.0
vogn,standard,0,,,0.15,one_minus_confidence,clean,cert_fail_tau0.9,True,,,,0,,,0.0,50.0
vogn,standard,0,,,0.15,one_minus_confidence,clean,cert_fail_tau0.95,True,,,,0,,,0.0,50.0
vogn,standard,0,,,0.15,one_minus_confidence,adv,adv_error,False,0.3333333333333333,0.7911540401200106,0.82,50,,,,
vogn,standard,0,,,0.15,one_minus_confidence,adv,cert_fail_tau0.5,True,,,,0,,,0.0,50.0
vogn,standard,0,,,0.15,one_minus_confidence,adv,cert_fail_tau0.9,True,,,,0,,,0.0,50.0
vogn,standard,0,,,0.15,one_minus_confidence,adv,cert_fail_tau0.95,True,,,,0,,,0.0,50.0
vogn,standard,0,,,0.15,one_minus_confidence,delta,adv_error,False,0.3170731707317073,0.7863299238935391,0.82,50,,,,
vogn,standard,0,,,0.15,one_minus_confidence,delta,cert_fail_tau0.5,True,,,,0,,,0.0,50.0
vogn,standard,0,,,0.15,one_minus_confidence,delta,cert_fail_tau0.9,True,,,,0,,,0.0,50.0
vogn,standard,0,,,0.15,one_minus_confidence,delta,cert_fail_tau0.95,True,,,,0,,,0.0,50.0
vogn,standard,1,,,0.01,mutual_information,clean,adv_error,False,1.0,1.0,0.02,50,0.9286227482768193,0.8219114344521435,,
vogn,standard,1,,,0.01,mutual_information,clean,cert_fail_tau0.5,False,1.0,1.0,0.020833333333333332,48,,,48.0,2.0
vogn,standard,1,,,0.01,mutual_information,clean,cert_fail_tau0.9,False,1.0,1.0,0.08333333333333333,24,,,24.0,26.0
vogn,standard,1,,,0.01,mutual_information,clean,cert_fail_tau0.95,False,,1.0,1.0,3,,,3.0,47.0
vogn,standard,1,,,0.01,mutual_information,adv,adv_error,False,1.0,1.0,0.02,50,0.9337319567953153,0.8273640222241756,,
vogn,standard,1,,,0.01,mutual_information,adv,cert_fail_tau0.5,False,1.0,1.0,0.020833333333333332,48,,,48.0,2.0
vogn,standard,1,,,0.01,mutual_information,adv,cert_fail_tau0.9,False,1.0,1.0,0.08333333333333333,24,,,24.0,26.0
vogn,standard,1,,,0.01,mutual_information,adv,cert_fail_tau0.95,False,,1.0,1.0,3,,,3.0,47.0
vogn,standard,1,,,0.01,mutual_information,delta,adv_error,False,0.6530612244897959,0.05555555555555555,0.02,50,0.919705733409633,0.8129120177410226,,
vogn,standard,1,,,0.01,mutual_information,delta,cert_fail_tau0.5,False,0.6808510638297872,0.0625,0.020833333333333332,48,,,48.0,2.0
vogn,standard,1,,,0.01,mutual_information,delta,cert_fail_tau0.9,False,1.0,1.0,0.08333333333333333,24,,,24.0,26.0
vogn,standard,1,,,0.01,mutual_information,delta,cert_fail_tau0.95,False,,1.0,1.0,3,,,3.0,47.0
vogn,standard,1,,,0.01,one_minus_confidence,clean,adv_error,False,1.0,1.0,0.02,50,0.944480574716302,0.8249818236829967,,
vogn,standard,1,,,0.01,one_minus_confidence,clean,cert_fail_tau0.5,False,1.0,1.0,0.020833333333333332,48,,,48.0,2.0
vogn,standard,1,,,0.01,one_minus_confidence,clean,cert_fail_tau0.9,False,1.0,1.0,0.08333333333333333,24,,,24.0,26.0
vogn,standard,1,,,0.01,one_minus_confidence,clean,cert_fail_tau0.95,False,,1.0,1.0,3,,,3.0,47.0
vogn,standard,1,,,0.01,one_minus_confidence,adv,adv_error,False,1.0,1.0,0.02,50,0.9515659865296879,0.8266228937891422,,
vogn,standard,1,,,0.01,one_minus_confidence,adv,cert_fail_tau0.5,False,1.0,1.0,0.020833333333333332,48,,,48.0,2.0
vogn,standard,1,,,0.01,one_minus_confidence,adv,cert_fail_tau0.9,False,1.0,1.0,0.08333333333333333,24,,,24.0,26.0
vogn,standard,1,,,0.01,one_minus_confidence,adv,cert_fail_tau0.95,False,,1.0,1.0,3,,,3.0,47.0
vogn,standard,1,,,0.01,one_minus_confidence,delta,adv_error,False,0.0,0.02,0.02,50,0.8321743874701176,0.69930761619946,,
vogn,standard,1,,,0.01,one_minus_confidence,delta,cert_fail_tau0.5,False,0.0,0.020833333333333332,0.020833333333333332,48,,,48.0,2.0
vogn,standard,1,,,0.01,one_minus_confidence,delta,cert_fail_tau0.9,False,0.5,0.5416666666666666,0.08333333333333333,24,,,24.0,26.0
vogn,standard,1,,,0.01,one_minus_confidence,delta,cert_fail_tau0.95,False,,1.0,1.0,3,,,3.0,47.0
vogn,standard,1,,,0.03,mutual_information,clean,adv_error,False,1.0,1.0,0.02,50,,,,
vogn,standard,1,,,0.03,mutual_information,clean,cert_fail_tau0.5,True,,,,0,,,0.0,50.0
vogn,standard,1,,,0.03,mutual_information,clean,cert_fail_tau0.9,True,,,,0,,,0.0,50.0
vogn,standard,1,,,0.03,mutual_information,clean,cert_fail_tau0.95,True,,,,0,,,0.0,50.0
vogn,standard,1,,,0.03,mutual_information,adv,adv_error,False,1.0,1.0,0.02,50,,,,
vogn,standard,1,,,0.03,mutual_information,adv,cert_fail_tau0.5,True,,,,0,,,0.0,50.0
vogn,standard,1,,,0.03,mutual_information,adv,cert_fail_tau0.9,True,,,,0,,,0.0,50.0
vogn,standard,1,,,0.03,mutual_information,adv,cert_fail_tau0.95,True,,,,0,,,0.0,50.0
vogn,standard,1,,,0.03,mutual_information,delta,adv_error,False,0.5102040816326531,0.04,0.02,50,,,,
vogn,standard,1,,,0.03,mutual_information,delta,cert_fail_tau0.5,True,,,,0,,,0.0,50.0
vogn,standard,1,,,0.03,mutual_information,delta,cert_fail_tau0.9,True,,,,0,,,0.0,50.0
vogn,standard,1,,,0.03,mutual_information,delta,cert_fail_tau0.95,True,,,,0,,,0.0,50.0
vogn,standard,1,,,0.03,one_minus_confidence,clean,adv_error,False,1.0,1.0,0.02,50,,,,
vogn,standard,1,,,0.03,one_minus_confidence,clean,cert_fail_tau0.5,True,,,,0,,,0.0,50.0
vogn,standard,1,,,0.03,one_minus_confidence,clean,cert_fail_tau0.9,True,,,,0,,,0.0,50.0
vogn,standard,1,,,0.03,one_minus_confidence,clean,cert_fail_tau0.95,True,,,,0,,,0.0,50.0
vogn,standard,1,,,0.03,one_minus_confidence,adv,adv_error,False,1.0,1.0,0.02,50,,,,
vogn,standard,1,,,0.03,one_minus_confidence,adv,cert_fail_tau0.5,True,,,,0,,,0.0,50.0
vogn,standard,1,,,0.03,one_minus_confidence,adv,cert_fail_tau0.9,True,,,,0,,,0.0,50.0
vogn,standard,1,,,0.03,one_minus_confidence,adv,cert_fail_tau0.95,True,,,,0,,,0.0,50.0
vogn,standard,1,,,0.03,one_minus_confidence,delta,adv_error,False,0.0,0.02,0.02,50,,,,
vogn,standard,1,,,0.03,one_minus_confidence,delta,cert_fail_tau0.5,True,,,,0,,,0.0,50.0
vogn,standard,1,,,0.03,one_minus_confidence,delta,cert_fail_tau0.9,True,,,,0,,,0.0,50.0
vogn,standard,1,,,0.03,one_minus_confidence,delta,cert_fail_tau0.95,True,,,,0,,,0.0,50.0
vogn,standard,1,,,0.05,mutual_information,clean,adv_error,False,1.0,1.0,0.02,50,,0.8487802545322636,,
vogn,standard,1,,,0.05,mutual_information,clean,cert_fail_tau0.5,False,,1.0,1.0,28,,,28.0,22.0
vogn,standard,1,,,0.05,mutual_information,clean,cert_fail_tau0.9,False,,1.0,1.0,45,,,45.0,5.0
vogn,standard,1,,,0.05,mutual_information,clean,cert_fail_tau0.95,False,,1.0,1.0,47,,,47.0,3.0
vogn,standard,1,,,0.05,mutual_information,adv,adv_error,False,1.0,1.0,0.02,50,,0.8943526710273764,,
vogn,standard,1,,,0.05,mutual_information,adv,cert_fail_tau0.5,False,,1.0,1.0,28,,,28.0,22.0
vogn,standard,1,,,0.05,mutual_information,adv,cert_fail_tau0.9,False,,1.0,1.0,45,,,45.0,5.0
vogn,standard,1,,,0.05,mutual_information,adv,cert_fail_tau0.95,False,,1.0,1.0,47,,,47.0,3.0
vogn,standard,1,,,0.05,mutual_information,delta,adv_error,False,0.32653061224489793,0.029411764705882353,0.02,50,,0.8074337312421771,,
vogn,standard,1,,,0.05,mutual_information,delta,cert_fail_tau0.5,False,,1.0,1.0,28,,,28.0,22.0
vogn,standard,1,,,0.05,mutual_information,delta,cert_fail_tau0.9,False,,1.0,1.0,45,,,45.0,5.0
vogn,standard,1,,,0.05,mutual_information,delta,cert_fail_tau0.95,False,,1.0,1.0,47,,,47.0,3.0
vogn,standard,1,,,0.05,one_minus_confidence,clean,adv_error,False,1.0,1.0,0.02,50,,0.8797061093508649,,
vogn,standard,1,,,0.05,one_minus_confidence,clean,cert_fail_tau0.5,False,,1.0,1.0,28,,,28.0,22.0
vogn,standard,1,,,0.05,one_minus_confidence,clean,cert_fail_tau0.9,False,,1.0,1.0,45,,,45.0,5.0
vogn,standard,1,,,0.05,one_minus_confidence,clean,cert_fail_tau0.95,False,,1.0,1.0,47,,,47.0,3.0
vogn,standard,1,,,0.05,one_minus_confidence,adv,adv_error,False,0.9591836734693877,0.3333333333333333,0.02,50,,0.9387245496801521,,
vogn,standard,1,,,0.05,one_minus_confidence,adv,cert_fail_tau0.5,False,,1.0,1.0,28,,,28.0,22.0
vogn,standard,1,,,0.05,one_minus_confidence,adv,cert_fail_tau0.9,False,,1.0,1.0,45,,,45.0,5.0
vogn,standard,1,,,0.05,one_minus_confidence,adv,cert_fail_tau0.95,False,,1.0,1.0,47,,,47.0,3.0
vogn,standard,1,,,0.05,one_minus_confidence,delta,adv_error,False,0.10204081632653061,0.022222222222222223,0.02,50,,0.8536304274153051,,
vogn,standard,1,,,0.05,one_minus_confidence,delta,cert_fail_tau0.5,False,,1.0,1.0,28,,,28.0,22.0
vogn,standard,1,,,0.05,one_minus_confidence,delta,cert_fail_tau0.9,False,,1.0,1.0,45,,,45.0,5.0
vogn,standard,1,,,0.05,one_minus_confidence,delta,cert_fail_tau0.95,False,,1.0,1.0,47,,,47.0,3.0
vogn,standard,1,,,0.07,mutual_information,clean,adv_error,False,0.9295392953929539,0.7540750915750916,0.18,50,,0.7374041499399281,,
vogn,standard,1,,,0.07,mutual_information,clean,cert_fail_tau0.5,False,,1.0,1.0,45,,,45.0,5.0
vogn,standard,1,,,0.07,mutual_information,clean,cert_fail_tau0.9,False,,1.0,1.0,49,,,49.0,1.0
vogn,standard,1,,,0.07,mutual_information,clean,cert_fail_tau0.95,False,,1.0,1.0,49,,,49.0,1.0
vogn,standard,1,,,0.07,mutual_information,adv,adv_error,False,0.7669376693766937,0.4109352592089165,0.18,50,,0.7609712729889336,,
vogn,standard,1,,,0.07,mutual_information,adv,cert_fail_tau0.5,False,,1.0,1.0,45,,,45.0,5.0
vogn,standard,1,,,0.07,mutual_information,adv,cert_fail_tau0.9,False,,1.0,1.0,49,,,49.0,1.0
vogn,standard,1,,,0.07,mutual_information,adv,cert_fail_tau0.95,False,,1.0,1.0,49,,,49.0,1.0
vogn,standard,1,,,0.07,mutual_information,delta,adv_error,False,0.4742547425474255,0.17542073983783094,0.18,50,,0.5891780762251362,,
vogn,standard,1,,,0.07,mutual_information,delta,cert_fail_tau0.5,False,,1.0,1.0,45,,,45.0,5.0
vogn,standard,1,,,0.07,mutual_information,delta,cert_fail_tau0.9,False,,1.0,1.0,49,,,49.0,1.0
vogn,standard,1,,,0.07,mutual_information,delta,cert_fail_tau0.95,False,,1.0,1.0,49,,,49.0,1.0
vogn,standard,1,,,0.07,one_minus_confidence,clean,adv_error,False,0.9539295392953929,0.7956228956228956,0.18,50,,0.7721499288910286,,
vogn,standard,1,,,0.07,one_minus_confidence,clean,cert_fail_tau0.5,False,,1.0,1.0,45,,,45.0,5.0
vogn,standard,1,,,0.07,one_minus_confidence,clean,cert_fail_tau0.9,False,,1.0,1.0,49,,,49.0,1.0
vogn,standard,1,,,0.07,one_minus_confidence,clean,cert_fail_tau0.95,False,,1.0,1.0,49,,,49.0,1.0
vogn,standard,1,,,0.07,one_minus_confidence,adv,adv_error,False,0.8861788617886179,0.5840833348079725,0.18,50,,0.8327372760313875,,
vogn,standard,1,,,0.07,one_minus_confidence,adv,cert_fail_tau0.5,False,,1.0,1.0,45,,,45.0,5.0
vogn,standard,1,,,0.07,one_minus_confidence,adv,cert_fail_tau0.9,False,,1.0,1.0,49,,,49.0,1.0
vogn,standard,1,,,0.07,one_minus_confidence,adv,cert_fail_tau0.95,False,,1.0,1.0,49,,,49.0,1.0
vogn,standard,1,,,0.07,one_minus_confidence,delta,adv_error,False,0.7398373983739838,0.33587369420702756,0.18,50,,0.7751018683283784,,
vogn,standard,1,,,0.07,one_minus_confidence,delta,cert_fail_tau0.5,False,,1.0,1.0,45,,,45.0,5.0
vogn,standard,1,,,0.07,one_minus_confidence,delta,cert_fail_tau0.9,False,,1.0,1.0,49,,,49.0,1.0
vogn,standard,1,,,0.07,one_minus_confidence,delta,cert_fail_tau0.95,False,,1.0,1.0,49,,,49.0,1.0
vogn,standard,1,,,0.08,mutual_information,clean,adv_error,False,0.951048951048951,0.8470820845820844,0.22,50,,0.5551861946727195,,
vogn,standard,1,,,0.08,mutual_information,clean,cert_fail_tau0.5,False,,1.0,1.0,48,,,48.0,2.0
vogn,standard,1,,,0.08,mutual_information,clean,cert_fail_tau0.9,False,,1.0,1.0,49,,,49.0,1.0
vogn,standard,1,,,0.08,mutual_information,clean,cert_fail_tau0.95,False,,1.0,1.0,50,,,50.0,0.0
vogn,standard,1,,,0.08,mutual_information,adv,adv_error,False,0.6643356643356644,0.3842889938344484,0.22,50,,0.5764437908452835,,
vogn,standard,1,,,0.08,mutual_information,adv,cert_fail_tau0.5,False,,1.0,1.0,48,,,48.0,2.0
vogn,standard,1,,,0.08,mutual_information,adv,cert_fail_tau0.9,False,,1.0,1.0,49,,,49.0,1.0
vogn,standard,1,,,0.08,mutual_information,adv,cert_fail_tau0.95,False,,1.0,1.0,50,,,50.0,0.0
vogn,standard,1,,,0.08,mutual_information,delta,adv_error,False,0.34498834498834496,0.1779957485429702,0.22,50,,0.42193736012762334,,
vogn,standard,1,,,0.08,mutual_information,delta,cert_fail_tau0.5,False,,1.0,1.0,48,,,48.0,2.0
vogn,standard,1,,,0.08,mutual_information,delta,cert_fail_tau0.9,False,,1.0,1.0,49,,,49.0,1.0
vogn,standard,1,,,0.08,mutual_information,delta,cert_fail_tau0.95,False,,1.0,1.0,50,,,50.0,0.0
vogn,standard,1,,,0.08,one_minus_confidence,clean,adv_error,False,0.9743589743589743,0.9145316804407713,0.22,50,,0.5932943243967062,,
vogn,standard,1,,,0.08,one_minus_confidence,clean,cert_fail_tau0.5,False,,1.0,1.0,48,,,48.0,2.0
vogn,standard,1,,,0.08,one_minus_confidence,clean,cert_fail_tau0.9,False,,1.0,1.0,49,,,49.0,1.0
vogn,standard,1,,,0.08,one_minus_confidence,clean,cert_fail_tau0.95,False,,1.0,1.0,50,,,50.0,0.0
vogn,standard,1,,,0.08,one_minus_confidence,adv,adv_error,False,0.6993006993006993,0.36709262959262956,0.22,50,,0.6856870960540452,,
vogn,standard,1,,,0.08,one_minus_confidence,adv,cert_fail_tau0.5,False,,1.0,1.0,48,,,48.0,2.0
vogn,standard,1,,,0.08,one_minus_confidence,adv,cert_fail_tau0.9,False,,1.0,1.0,49,,,49.0,1.0
vogn,standard,1,,,0.08,one_minus_confidence,adv,cert_fail_tau0.95,False,,1.0,1.0,50,,,50.0,0.0
vogn,standard,1,,,0.08,one_minus_confidence,delta,adv_error,False,0.5198135198135199,0.23523968421746808,0.22,50,,0.617455397119669,,
vogn,standard,1,,,0.08,one_minus_confidence,delta,cert_fail_tau0.5,False,,1.0,1.0,48,,,48.0,2.0
vogn,standard,1,,,0.08,one_minus_confidence,delta,cert_fail_tau0.9,False,,1.0,1.0,49,,,49.0,1.0
vogn,standard,1,,,0.08,one_minus_confidence,delta,cert_fail_tau0.95,False,,1.0,1.0,50,,,50.0,0.0
vogn,standard,1,,,0.1,mutual_information,clean,adv_error,False,0.8981937602627258,0.8867060373611679,0.42,50,,0.4333239932164962,,
vogn,standard,1,,,0.1,mutual_information,clean,cert_fail_tau0.5,False,,1.0,1.0,49,,,49.0,1.0
vogn,standard,1,,,0.1,mutual_information,clean,cert_fail_tau0.9,False,,1.0,1.0,50,,,50.0,0.0
vogn,standard,1,,,0.1,mutual_information,clean,cert_fail_tau0.95,False,,1.0,1.0,50,,,50.0,0.0
vogn,standard,1,,,0.1,mutual_information,adv,adv_error,False,0.5057471264367817,0.5044680008118367,0.42,50,,0.4164831971603348,,
vogn,standard,1,,,0.1,mutual_information,adv,cert_fail_tau0.5,False,,1.0,1.0,49,,,49.0,1.0
vogn,standard,1,,,0.1,mutual_information,adv,cert_fail_tau0.9,False,,1.0,1.0,50,,,50.0,0.0
vogn,standard,1,,,0.1,mutual_information,adv,cert_fail_tau0.95,False,,1.0,1.0,50,,,50.0,0.0
vogn,standard,1,,,0.1,mutual_information,delta,adv_error,False,0.2955665024630542,0.394119415791429,0.42,50,,0.2645036049963638,,
vogn,standard,1,,,0.1,mutual_information,delta,cert_fail_tau0.5,False,,1.0,1.0,49,,,49.0,1.0
vogn,standard,1,,,0.1,mutual_information,delta,cert_fail_tau0.9,False,,1.0,1.0,50,,,50.0,0.0
vogn,standard,1,,,0.1,mutual_information,delta,cert_fail_tau0.95,False,,1.0,1.0,50,,,50.0,0.0
vogn,standard,1,,,0.1,one_minus_confidence,clean,adv_error,False,0.9211822660098522,0.914242948641445,0.42,50,,0.4610941222233909,,
vogn,standard,1,,,0.1,one_minus_confidence,clean,cert_fail_tau0.5,False,,1.0,1.0,49,,,49.0,1.0
vogn,standard,1,,,0.1,one_minus_confidence,clean,cert_fail_tau0.9,False,,1.0,1.0,50,,,50.0,0.0
vogn,standard,1,,,0.1,one_minus_confidence,clean,cert_fail_tau0.95,False,,1.0,1.0,50,,,50.0,0.0
vogn,standard,1,,,0.1,one_minus_confidence,adv,adv_error,False,0.5566502463054187,0.48557379743849094,0.42,50,,0.5272200234724819,,
vogn,standard,1,,,0.1,one_minus_confidence,adv,cert_fail_tau0.5,False,,1.0,1.0,49,,,49.0,1.0
vogn,standard,1,,,0.1,one_minus_confidence,adv,cert_fail_tau0.9,False,,1.0,1.0,50,,,50.0,0.0
vogn,standard,1,,,0.1,one_minus_confidence,adv,cert_fail_tau0.95,False,,1.0,1.0,50,,,50.0,0.0
vogn,standard,1,,,0.1,one_minus_confidence,delta,adv_error,False,0.44991789819376027,0.4357089160181663,0.42,50,,0.420401259916258,,
vogn,standard,1,,,0.1,one_minus_confidence,delta,cert_fail_tau0.5,False,,1.0,1.0,49,,,49.0,1.0
vogn,standard,1,,,0.1,one_minus_confidence,delta,cert_fail_tau0.9,False,,1.0,1.0,50,,,50.0,0.0
vogn,standard,1,,,0.1,one_minus_confidence,delta,cert_fail_tau0.95,False,,1.0,1.0,50,,,50.0,0.0
vogn,standard,1,,,0.15,mutual_information,clean,adv_error,False,0.8205980066445183,0.9664652436646108,0.86,50,,,,
vogn,standard,1,,,0.15,mutual_information,clean,cert_fail_tau0.5,True,,,,0,,,0.0,50.0
vogn,standard,1,,,0.15,mutual_information,clean,cert_fail_tau0.9,True,,,,0,,,0.0,50.0
vogn,standard,1,,,0.15,mutual_information,clean,cert_fail_tau0.95,True,,,,0,,,0.0,50.0
vogn,standard,1,,,0.15,mutual_information,adv,adv_error,False,0.3953488372093023,0.8264295350113671,0.86,50,,,,
vogn,standard,1,,,0.15,mutual_information,adv,cert_fail_tau0.5,True,,,,0,,,0.0,50.0
vogn,standard,1,,,0.15,mutual_information,adv,cert_fail_tau0.9,True,,,,0,,,0.0,50.0
vogn,standard,1,,,0.15,mutual_information,adv,cert_fail_tau0.95,True,,,,0,,,0.0,50.0
vogn,standard,1,,,0.15,mutual_information,delta,adv_error,False,0.3289036544850498,0.7950907555113294,0.86,50,,,,
vogn,standard,1,,,0.15,mutual_information,delta,cert_fail_tau0.5,True,,,,0,,,0.0,50.0
vogn,standard,1,,,0.15,mutual_information,delta,cert_fail_tau0.9,True,,,,0,,,0.0,50.0
vogn,standard,1,,,0.15,mutual_information,delta,cert_fail_tau0.95,True,,,,0,,,0.0,50.0
vogn,standard,1,,,0.15,one_minus_confidence,clean,adv_error,False,0.8504983388704319,0.9713939761942505,0.86,50,,,,
vogn,standard,1,,,0.15,one_minus_confidence,clean,cert_fail_tau0.5,True,,,,0,,,0.0,50.0
vogn,standard,1,,,0.15,one_minus_confidence,clean,cert_fail_tau0.9,True,,,,0,,,0.0,50.0
vogn,standard,1,,,0.15,one_minus_confidence,clean,cert_fail_tau0.95,True,,,,0,,,0.0,50.0
vogn,standard,1,,,0.15,one_minus_confidence,adv,adv_error,False,0.42524916943521596,0.8630250078770368,0.86,50,,,,
vogn,standard,1,,,0.15,one_minus_confidence,adv,cert_fail_tau0.5,True,,,,0,,,0.0,50.0
vogn,standard,1,,,0.15,one_minus_confidence,adv,cert_fail_tau0.9,True,,,,0,,,0.0,50.0
vogn,standard,1,,,0.15,one_minus_confidence,adv,cert_fail_tau0.95,True,,,,0,,,0.0,50.0
vogn,standard,1,,,0.15,one_minus_confidence,delta,adv_error,False,0.3920265780730897,0.8451171218424725,0.86,50,,,,
vogn,standard,1,,,0.15,one_minus_confidence,delta,cert_fail_tau0.5,True,,,,0,,,0.0,50.0
vogn,standard,1,,,0.15,one_minus_confidence,delta,cert_fail_tau0.9,True,,,,0,,,0.0,50.0
vogn,standard,1,,,0.15,one_minus_confidence,delta,cert_fail_tau0.95,True,,,,0,,,0.0,50.0
vogn,standard,2,,,0.01,mutual_information,clean,adv_error,False,,,0.0,50,0.7928929503113276,0.7484493415143681,,
vogn,standard,2,,,0.01,mutual_information,clean,cert_fail_tau0.5,False,1.0,1.0,0.022222222222222223,45,,,45.0,5.0
vogn,standard,2,,,0.01,mutual_information,clean,cert_fail_tau0.9,False,1.0,1.0,0.17391304347826086,23,,,23.0,27.0
vogn,standard,2,,,0.01,mutual_information,clean,cert_fail_tau0.95,False,,1.0,1.0,4,,,4.0,46.0
vogn,standard,2,,,0.01,mutual_information,adv,adv_error,False,,,0.0,50,0.8159930191995346,0.7689441415073093,,
vogn,standard,2,,,0.01,mutual_information,adv,cert_fail_tau0.5,False,1.0,1.0,0.022222222222222223,45,,,45.0,5.0
vogn,standard,2,,,0.01,mutual_information,adv,cert_fail_tau0.9,False,1.0,1.0,0.17391304347826086,23,,,23.0,27.0
vogn,standard,2,,,0.01,mutual_information,adv,cert_fail_tau0.95,False,,1.0,1.0,4,,,4.0,46.0
vogn,standard,2,,,0.01,mutual_information,delta,adv_error,False,,,0.0,50,0.8200524455313536,0.778127887326931,,
vogn,standard,2,,,0.01,mutual_information,delta,cert_fail_tau0.5,False,0.9545454545454546,0.3333333333333333,0.022222222222222223,45,,,45.0,5.0
vogn,standard,2,,,0.01,mutual_information,delta,cert_fail_tau0.9,False,1.0,1.0,0.17391304347826086,23,,,23.0,27.0
vogn,standard,2,,,0.01,mutual_information,delta,cert_fail_tau0.95,False,,1.0,1.0,4,,,4.0,46.0
vogn,standard,2,,,0.01,one_minus_confidence,clean,adv_error,False,,,0.0,50,0.8990179529860197,0.831310596169373,,
vogn,standard,2,,,0.01,one_minus_confidence,clean,cert_fail_tau0.5,False,1.0,1.0,0.022222222222222223,45,,,45.0,5.0
vogn,standard,2,,,0.01,one_minus_confidence,clean,cert_fail_tau0.9,False,1.0,1.0,0.17391304347826086,23,,,23.0,27.0
vogn,standard,2,,,0.01,one_minus_confidence,clean,cert_fail_tau0.95,False,,1.0,1.0,4,,,4.0,46.0
vogn,standard,2,,,0.01,one_minus_confidence,adv,adv_error,False,,,0.0,50,0.9086832537760645,0.8473432371765094,,
vogn,standard,2,,,0.01,one_minus_confidence,adv,cert_fail_tau0.5,False,1.0,1.0,0.022222222222222223,45,,,45.0,5.0
vogn,standard,2,,,0.01,one_minus_confidence,adv,cert_fail_tau0.9,False,1.0,1.0,0.17391304347826086,23,,,23.0,27.0
vogn,standard,2,,,0.01,one_minus_confidence,adv,cert_fail_tau0.95,False,,1.0,1.0,4,,,4.0,46.0
vogn,standard,2,,,0.01,one_minus_confidence,delta,adv_error,False,,,0.0,50,0.9221180218742269,0.8470838093284974,,
vogn,standard,2,,,0.01,one_minus_confidence,delta,cert_fail_tau0.5,False,1.0,1.0,0.022222222222222223,45,,,45.0,5.0
vogn,standard,2,,,0.01,one_minus_confidence,delta,cert_fail_tau0.9,False,1.0,1.0,0.17391304347826086,23,,,23.0,27.0
vogn,standard,2,,,0.01,one_minus_confidence,delta,cert_fail_tau0.95,False,,1.0,1.0,4,,,4.0,46.0
vogn,standard,2,,,0.03,mutual_information,clean,adv_error,False,1.0,1.0,0.02,50,,,,
vogn,standard,2,,,0.03,mutual_information,clean,cert_fail_tau0.5,True,,,,0,,,0.0,50.0
vogn,standard,2,,,0.03,mutual_information,clean,cert_fail_tau0.9,True,,,,0,,,0.0,50.0
vogn,standard,2,,,0.03,mutual_information,clean,cert_fail_tau0.95,True,,,,0,,,0.0,50.0
vogn,standard,2,,,0.03,mutual_information,adv,adv_error,False,1.0,1.0,0.02,50,,,,
vogn,standard,2,,,0.03,mutual_information,adv,cert_fail_tau0.5,True,,,,0,,,0.0,50.0
vogn,standard,2,,,0.03,mutual_information,adv,cert_fail_tau0.9,True,,,,0,,,0.0,50.0
vogn,standard,2,,,0.03,mutual_information,adv,cert_fail_tau0.95,True,,,,0,,,0.0,50.0
vogn,standard,2,,,0.03,mutual_information,delta,adv_error,False,0.5918367346938775,0.047619047619047616,0.02,50,,,,
vogn,standard,2,,,0.03,mutual_information,delta,cert_fail_tau0.5,True,,,,0,,,0.0,50.0
vogn,standard,2,,,0.03,mutual_information,delta,cert_fail_tau0.9,True,,,,0,,,0.0,50.0
vogn,standard,2,,,0.03,mutual_information,delta,cert_fail_tau0.95,True,,,,0,,,0.0,50.0
vogn,standard,2,,,0.03,one_minus_confidence,clean,adv_error,False,1.0,1.0,0.02,50,,,,
vogn,standard,2,,,0.03,one_minus_confidence,clean,cert_fail_tau0.5,True,,,,0,,,0.0,50.0
vogn,standard,2,,,0.03,one_minus_confidence,clean,cert_fail_tau0.9,True,,,,0,,,0.0,50.0
vogn,standard,2,,,0.03,one_minus_confidence,clean,cert_fail_tau0.95,True,,,,0,,,0.0,50.0
vogn,standard,2,,,0.03,one_minus_confidence,adv,adv_error,False,1.0,1.0,0.02,50,,,,
vogn,standard,2,,,0.03,one_minus_confidence,adv,cert_fail_tau0.5,True,,,,0,,,0.0,50.0
vogn,standard,2,,,0.03,one_minus_confidence,adv,cert_fail_tau0.9,True,,,,0,,,0.0,50.0
vogn,standard,2,,,0.03,one_minus_confidence,adv,cert_fail_tau0.95,True,,,,0,,,0.0,50.0
vogn,standard,2,,,0.03,one_minus_confidence,delta,adv_error,False,0.9183673469387755,0.2,0.02,50,,,,
vogn,standard,2,,,0.03,one_minus_confidence,delta,cert_fail_tau0.5,True,,,,0,,,0.0,50.0
vogn,standard,2,,,0.03,one_minus_confidence,delta,cert_fail_tau0.9,True,,,,0,,,0.0,50.0
vogn,standard,2,,,0.03,one_minus_confidence,delta,cert_fail_tau0.95,True,,,,0,,,0.0,50.0
vogn,standard,2,,,0.05,mutual_information,clean,adv_error,False,0.9858156028368794,0.8055555555555556,0.06,50,,0.7308089437165856,,
vogn,standard,2,,,0.05,mutual_information,clean,cert_fail_tau0.5,False,,1.0,1.0,30,,,30.0,20.0
vogn,standard,2,,,0.05,mutual_information,clean,cert_fail_tau0.9,False,,1.0,1.0,44,,,44.0,6.0
vogn,standard,2,,,0.05,mutual_information,clean,cert_fail_tau0.95,False,,1.0,1.0,45,,,45.0,5.0
vogn,standard,2,,,0.05,mutual_information,adv,adv_error,False,0.9078014184397163,0.41025641025641024,0.06,50,,0.8071169612987682,,
vogn,standard,2,,,0.05,mutual_information,adv,cert_fail_tau0.5,False,,1.0,1.0,30,,,30.0,20.0
vogn,standard,2,,,0.05,mutual_information,adv,cert_fail_tau0.9,False,,1.0,1.0,44,,,44.0,6.0
vogn,standard,2,,,0.05,mutual_information,adv,cert_fail_tau0.95,False,,1.0,1.0,45,,,45.0,5.0
vogn,standard,2,,,0.05,mutual_information,delta,adv_error,False,0.1773049645390071,0.048616694958158374,0.06,50,,0.5737268005376559,,
vogn,standard,2,,,0.05,mutual_information,delta,cert_fail_tau0.5,False,,1.0,1.0,30,,,30.0,20.0
vogn,standard,2,,,0.05,mutual_information,delta,cert_fail_tau0.9,False,,1.0,1.0,44,,,44.0,6.0
vogn,standard,2,,,0.05,mutual_information,delta,cert_fail_tau0.95,False,,1.0,1.0,45,,,45.0,5.0
vogn,standard,2,,,0.05,one_minus_confidence,clean,adv_error,False,0.9929078014184397,0.9166666666666666,0.06,50,,0.8539390614514603,,
vogn,standard,2,,,0.05,one_minus_confidence,clean,cert_fail_tau0.5,False,,1.0,1.0,30,,,30.0,20.0
vogn,standard,2,,,0.05,one_minus_confidence,clean,cert_fail_tau0.9,False,,1.0,1.0,44,,,44.0,6.0
vogn,standard,2,,,0.05,one_minus_confidence,clean,cert_fail_tau0.95,False,,1.0,1.0,45,,,45.0,5.0
vogn,standard,2,,,0.05,one_minus_confidence,adv,adv_error,False,0.9716312056737588,0.5888888888888888,0.06,50,,0.9393713857300648,,
vogn,standard,2,,,0.05,one_minus_confidence,adv,cert_fail_tau0.5,False,,1.0,1.0,30,,,30.0,20.0
vogn,standard,2,,,0.05,one_minus_confidence,adv,cert_fail_tau0.9,False,,1.0,1.0,44,,,44.0,6.0
vogn,standard,2,,,0.05,one_minus_confidence,adv,cert_fail_tau0.95,False,,1.0,1.0,45,,,45.0,5.0
vogn,standard,2,,,0.05,one_minus_confidence,delta,adv_error,False,0.6453900709219859,0.17410714285714285,0.06,50,,0.8661368188245719,,
vogn,standard,2,,,0.05,one_minus_confidence,delta,cert_fail_tau0.5,False,,1.0,1.0,30,,,30.0,20.0
vogn,standard,2,,,0.05,one_minus_confidence,delta,cert_fail_tau0.9,False,,1.0,1.0,44,,,44.0,6.0
vogn,standard,2,,,0.05,one_minus_confidence,delta,cert_fail_tau0.95,False,,1.0,1.0,45,,,45.0,5.0
vogn,standard,2,,,0.07,mutual_information,clean,adv_error,False,0.8863636363636364,0.7559808612440191,0.12,50,,0.6053818301112669,,
vogn,standard,2,,,0.07,mutual_information,clean,cert_fail_tau0.5,False,,1.0,1.0,44,,,44.0,6.0
vogn,standard,2,,,0.07,mutual_information,clean,cert_fail_tau0.9,False,,1.0,1.0,50,,,50.0,0.0
vogn,standard,2,,,0.07,mutual_information,clean,cert_fail_tau0.95,False,,1.0,1.0,50,,,50.0,0.0
vogn,standard,2,,,0.07,mutual_information,adv,adv_error,False,0.6893939393939394,0.4649983694101341,0.12,50,,0.6101417321772893,,
vogn,standard,2,,,0.07,mutual_information,adv,cert_fail_tau0.5,False,,1.0,1.0,44,,,44.0,6.0
vogn,standard,2,,,0.07,mutual_information,adv,cert_fail_tau0.9,False,,1.0,1.0,50,,,50.0,0.0
vogn,standard,2,,,0.07,mutual_information,adv,cert_fail_tau0.95,False,,1.0,1.0,50,,,50.0,0.0
vogn,standard,2,,,0.07,mutual_information,delta,adv_error,False,0.25757575757575757,0.09835855955156866,0.12,50,,0.344121491201727,,
vogn,standard,2,,,0.07,mutual_information,delta,cert_fail_tau0.5,False,,1.0,1.0,44,,,44.0,6.0
vogn,standard,2,,,0.07,mutual_information,delta,cert_fail_tau0.9,False,,1.0,1.0,50,,,50.0,0.0
vogn,standard,2,,,0.07,mutual_information,delta,cert_fail_tau0.95,False,,1.0,1.0,50,,,50.0,0.0
vogn,standard,2,,,0.07,one_minus_confidence,clean,adv_error,False,0.9659090909090909,0.9,0.12,50,,0.7404561938419659,,
vogn,standard,2,,,0.07,one_minus_confidence,clean,cert_fail_tau0.5,False,,1.0,1.0,44,,,44.0,6.0
vogn,standard,2,,,0.07,one_minus_confidence,clean,cert_fail_tau0.9,False,,1.0,1.0,50,,,50.0,0.0
vogn,standard,2,,,0.07,one_minus_confidence,clean,cert_fail_tau0.95,False,,1.0,1.0,50,,,50.0,0.0
vogn,standard,2,,,0.07,one_minus_confidence,adv,adv_error,False,0.8143939393939394,0.33002645502645506,0.12,50,,0.8427940882614492,,
vogn,standard,2,,,0.07,one_minus_confidence,adv,cert_fail_tau0.5,False,,1.0,1.0,44,,,44.0,6.0
vogn,standard,2,,,0.07,one_minus_confidence,adv,cert_fail_tau0.9,False,,1.0,1.0,50,,,50.0,0.0
vogn,standard,2,,,0.07,one_minus_confidence,adv,cert_fail_tau0.95,False,,1.0,1.0,50,,,50.0,0.0
vogn,standard,2,,,0.07,one_minus_confidence,delta,adv_error,False,0.4772727272727273,0.2848936407407538,0.12,50,,0.6572550485450628,,
vogn,standard,2,,,0.07,one_minus_confidence,delta,cert_fail_tau0.5,False,,1.0,1.0,44,,,44.0,6.0
vogn,standard,2,,,0.07,one_minus_confidence,delta,cert_fail_tau0.9,False,,1.0,1.0,50,,,50.0,0.0
vogn,standard,2,,,0.07,one_minus_confidence,delta,cert_fail_tau0.95,False,,1.0,1.0,50,,,50.0,0.0
vogn,standard,2,,,0.08,mutual_information,clean,adv_error,False,0.835,0.6980808665019191,0.2,50,,0.4519047589082054,,
vogn,standard,2,,,0.08,mutual_information,clean,cert_fail_tau0.5,False,,1.0,1.0,49,,,49.0,1.0
vogn,standard,2,,,0.08,mutual_information,clean,cert_fail_tau0.9,False,,1.0,1.0,50,,,50.0,0.0
vogn,standard,2,,,0.08,mutual_information,clean,cert_fail_tau0.95,False,,1.0,1.0,50,,,50.0,0.0
vogn,standard,2,,,0.08,mutual_information,adv,adv_error,False,0.5775,0.2706958403914925,0.2,50,,0.3995778844508751,,
vogn,standard,2,,,0.08,mutual_information,adv,cert_fail_tau0.5,False,,1.0,1.0,49,,,49.0,1.0
vogn,standard,2,,,0.08,mutual_information,adv,cert_fail_tau0.9,False,,1.0,1.0,50,,,50.0,0.0
vogn,standard,2,,,0.08,mutual_information,adv,cert_fail_tau0.95,False,,1.0,1.0,50,,,50.0,0.0
vogn,standard,2,,,0.08,mutual_information,delta,adv_error,False,0.335,0.1622742498989519,0.2,50,,0.21076801694314498,,
vogn,standard,2,,,0.08,mutual_information,delta,cert_fail_tau0.5,False,,1.0,1.0,49,,,49.0,1.0
vogn,standard,2,,,0.08,mutual_information,delta,cert_fail_tau0.9,False,,1.0,1.0,50,,,50.0,0.0
vogn,standard,2,,,0.08,mutual_information,delta,cert_fail_tau0.95,False,,1.0,1.0,50,,,50.0,0.0
vogn,standard,2,,,0.08,one_minus_confidence,clean,adv_error,False,0.905,0.7833333333333333,0.2,50,,0.5873804973973477,,
vogn,standard,2,,,0.08,one_minus_confidence,clean,cert_fail_tau0.5,False,,1.0,1.0,49,,,49.0,1.0
vogn,standard,2,,,0.08,one_minus_confidence,clean,cert_fail_tau0.9,False,,1.0,1.0,50,,,50.0,0.0
vogn,standard,2,,,0.08,one_minus_confidence,clean,cert_fail_tau0.95,False,,1.0,1.0,50,,,50.0,0.0
vogn,standard,2,,,0.08,one_minus_confidence,adv,adv_error,False,0.7575,0.451063596491228,0.2,50,,0.7124815139055369,,
vogn,standard,2,,,0.08,one_minus_confidence,adv,cert_fail_tau0.5,False,,1.0,1.0,49,,,49.0,1.0
vogn,standard,2,,,0.08,one_minus_confidence,adv,cert_fail_tau0.9,False,,1.0,1.0,50,,,50.0,0.0
vogn,standard,2,,,0.08,one_minus_confidence,adv,cert_fail_tau0.95,False,,1.0,1.0,50,,,50.0,0.0
vogn,standard,2,,,0.08,one_minus_confidence,delta,adv_error,False,0.555,0.33859382777501246,0.2,50,,0.5578679387525011,,
vogn,standard,2,,,0.08,one_minus_confidence,delta,cert_fail_tau0.5,False,,1.0,1.0,49,,,49.0,1.0
vogn,standard,2,,,0.08,one_minus_confidence,delta,cert_fail_tau0.9,False,,1.0,1.0,50,,,50.0,0.0
vogn,standard,2,,,0.08,one_minus_confidence,delta,cert_fail_tau0.95,False,,1.0,1.0,50,,,50.0,0.0
vogn,standard,2,,,0.1,mutual_information,clean,adv_error,False,0.7760416666666666,0.695951960512925,0.36,50,,0.447596097983344,,
vogn,standard,2,,,0.1,mutual_information,clean,cert_fail_tau0.5,False,,1.0,1.0,50,,,50.0,0.0
vogn,standard,2,,,0.1,mutual_information,clean,cert_fail_tau0.9,False,,1.0,1.0,50,,,50.0,0.0
vogn,standard,2,,,0.1,mutual_information,clean,cert_fail_tau0.95,False,,1.0,1.0,50,,,50.0,0.0
vogn,standard,2,,,0.1,mutual_information,adv,adv_error,False,0.4618055555555556,0.3616694587546224,0.36,50,,0.3109321785290752,,
vogn,standard,2,,,0.1,mutual_information,adv,cert_fail_tau0.5,False,,1.0,1.0,50,,,50.0,0.0
vogn,standard,2,,,0.1,mutual_information,adv,cert_fail_tau0.9,False,,1.0,1.0,50,,,50.0,0.0
vogn,standard,2,,,0.1,mutual_information,adv,cert_fail_tau0.95,False,,1.0,1.0,50,,,50.0,0.0
vogn,standard,2,,,0.1,mutual_information,delta,adv_error,False,0.3125,0.30274701312461444,0.36,50,,0.1359675427946292,,
vogn,standard,2,,,0.1,mutual_information,delta,cert_fail_tau0.5,False,,1.0,1.0,50,,,50.0,0.0
vogn,standard,2,,,0.1,mutual_information,delta,cert_fail_tau0.9,False,,1.0,1.0,50,,,50.0,0.0
vogn,standard,2,,,0.1,mutual_information,delta,cert_fail_tau0.95,False,,1.0,1.0,50,,,50.0,0.0
vogn,standard,2,,,0.1,one_minus_confidence,clean,adv_error,False,0.8402777777777778,0.7905611874776632,0.36,50,,0.5769480625113971,,
vogn,standard,2,,,0.1,one_minus_confidence,clean,cert_fail_tau0.5,False,,1.0,1.0,50,,,50.0,0.0
vogn,standard,2,,,0.1,one_minus_confidence,clean,cert_fail_tau0.9,False,,1.0,1.0,50,,,50.0,0.0
vogn,standard,2,,,0.1,one_minus_confidence,clean,cert_fail_tau0.95,False,,1.0,1.0,50,,,50.0,0.0
vogn,standard,2,,,0.1,one_minus_confidence,adv,adv_error,False,0.5034722222222222,0.40878919239267575,0.36,50,,0.6011471514338727,,
vogn,standard,2,,,0.1,one_minus_confidence,adv,cert_fail_tau0.5,False,,1.0,1.0,50,,,50.0,0.0
vogn,standard,2,,,0.1,one_minus_confidence,adv,cert_fail_tau0.9,False,,1.0,1.0,50,,,50.0,0.0
vogn,standard,2,,,0.1,one_minus_confidence,adv,cert_fail_tau0.95,False,,1.0,1.0,50,,,50.0,0.0
vogn,standard,2,,,0.1,one_minus_confidence,delta,adv_error,False,0.4357638888888889,0.4008267841879747,0.36,50,,0.49442742834410613,,
vogn,standard,2,,,0.1,one_minus_confidence,delta,cert_fail_tau0.5,False,,1.0,1.0,50,,,50.0,0.0
vogn,standard,2,,,0.1,one_minus_confidence,delta,cert_fail_tau0.9,False,,1.0,1.0,50,,,50.0,0.0
vogn,standard,2,,,0.1,one_minus_confidence,delta,cert_fail_tau0.95,False,,1.0,1.0,50,,,50.0,0.0
vogn,standard,2,,,0.15,mutual_information,clean,adv_error,False,0.9015151515151515,0.9872435032129787,0.88,50,,,,
vogn,standard,2,,,0.15,mutual_information,clean,cert_fail_tau0.5,True,,,,0,,,0.0,50.0
vogn,standard,2,,,0.15,mutual_information,clean,cert_fail_tau0.9,True,,,,0,,,0.0,50.0
vogn,standard,2,,,0.15,mutual_information,clean,cert_fail_tau0.95,True,,,,0,,,0.0,50.0
vogn,standard,2,,,0.15,mutual_information,adv,adv_error,False,0.24242424242424243,0.7999242923971963,0.88,50,,,,
vogn,standard,2,,,0.15,mutual_information,adv,cert_fail_tau0.5,True,,,,0,,,0.0,50.0
vogn,standard,2,,,0.15,mutual_information,adv,cert_fail_tau0.9,True,,,,0,,,0.0,50.0
vogn,standard,2,,,0.15,mutual_information,adv,cert_fail_tau0.95,True,,,,0,,,0.0,50.0
vogn,standard,2,,,0.15,mutual_information,delta,adv_error,False,0.17424242424242425,0.779056384513218,0.88,50,,,,
vogn,standard,2,,,0.15,mutual_information,delta,cert_fail_tau0.5,True,,,,0,,,0.0,50.0
vogn,standard,2,,,0.15,mutual_information,delta,cert_fail_tau0.9,True,,,,0,,,0.0,50.0
vogn,standard,2,,,0.15,mutual_information,delta,cert_fail_tau0.95,True,,,,0,,,0.0,50.0
vogn,standard,2,,,0.15,one_minus_confidence,clean,adv_error,False,0.9053030303030303,0.9872546370078134,0.88,50,,,,
vogn,standard,2,,,0.15,one_minus_confidence,clean,cert_fail_tau0.5,True,,,,0,,,0.0,50.0
vogn,standard,2,,,0.15,one_minus_confidence,clean,cert_fail_tau0.9,True,,,,0,,,0.0,50.0
vogn,standard,2,,,0.15,one_minus_confidence,clean,cert_fail_tau0.95,True,,,,0,,,0.0,50.0
vogn,standard,2,,,0.15,one_minus_confidence,adv,adv_error,False,0.29545454545454547,0.8307108470718436,0.88,50,,,,
vogn,standard,2,,,0.15,one_minus_confidence,adv,cert_fail_tau0.5,True,,,,0,,,0.0,50.0
vogn,standard,2,,,0.15,one_minus_confidence,adv,cert_fail_tau0.9,True,,,,0,,,0.0,50.0
vogn,standard,2,,,0.15,one_minus_confidence,adv,cert_fail_tau0.95,True,,,,0,,,0.0,50.0
vogn,standard,2,,,0.15,one_minus_confidence,delta,adv_error,False,0.2689393939393939,0.8217134838234159,0.88,50,,,,
vogn,standard,2,,,0.15,one_minus_confidence,delta,cert_fail_tau0.5,True,,,,0,,,0.0,50.0
vogn,standard,2,,,0.15,one_minus_confidence,delta,cert_fail_tau0.9,True,,,,0,,,0.0,50.0
vogn,standard,2,,,0.15,one_minus_confidence,delta,cert_fail_tau0.95,True,,,,0,,,0.0,50.0
vogn,standard,3,,,0.01,mutual_information,clean,adv_error,False,1.0,1.0,0.02,50,0.8966493117582495,0.7435646243413708,,
vogn,standard,3,,,0.01,mutual_information,clean,cert_fail_tau0.5,False,1.0,1.0,0.021739130434782608,46,,,46.0,4.0
vogn,standard,3,,,0.01,mutual_information,clean,cert_fail_tau0.9,False,1.0,1.0,0.18518518518518517,27,,,27.0,23.0
vogn,standard,3,,,0.01,mutual_information,clean,cert_fail_tau0.95,False,,1.0,1.0,6,,,6.0,44.0
vogn,standard,3,,,0.01,mutual_information,adv,adv_error,False,1.0,1.0,0.02,50,0.8995425066335113,0.7438824549138614,,
vogn,standard,3,,,0.01,mutual_information,adv,cert_fail_tau0.5,False,1.0,1.0,0.021739130434782608,46,,,46.0,4.0
vogn,standard,3,,,0.01,mutual_information,adv,cert_fail_tau0.9,False,1.0,1.0,0.18518518518518517,27,,,27.0,23.0
vogn,standard,3,,,0.01,mutual_information,adv,cert_fail_tau0.95,False,,1.0,1.0,6,,,6.0,44.0
vogn,standard,3,,,0.01,mutual_information,delta,adv_error,False,0.0,0.02,0.02,50,0.7494339125220066,0.5750084773972773,,
vogn,standard,3,,,0.01,mutual_information,delta,cert_fail_tau0.5,False,0.0,0.021739130434782608,0.021739130434782608,46,,,46.0,4.0
vogn,standard,3,,,0.01,mutual_information,delta,cert_fail_tau0.9,False,0.8,0.837037037037037,0.18518518518518517,27,,,27.0,23.0
vogn,standard,3,,,0.01,mutual_information,delta,cert_fail_tau0.95,False,,1.0,1.0,6,,,6.0,44.0
vogn,standard,3,,,0.01,one_minus_confidence,clean,adv_error,False,1.0,1.0,0.02,50,0.9293906337632967,0.7820750953747952,,
vogn,standard,3,,,0.01,one_minus_confidence,clean,cert_fail_tau0.5,False,1.0,1.0,0.021739130434782608,46,,,46.0,4.0
vogn,standard,3,,,0.01,one_minus_confidence,clean,cert_fail_tau0.9,False,1.0,1.0,0.18518518518518517,27,,,27.0,23.0
vogn,standard,3,,,0.01,one_minus_confidence,clean,cert_fail_tau0.95,False,,1.0,1.0,6,,,6.0,44.0
vogn,standard,3,,,0.01,one_minus_confidence,adv,adv_error,False,1.0,1.0,0.02,50,0.9354663430013467,0.7714277711963656,,
vogn,standard,3,,,0.01,one_minus_confidence,adv,cert_fail_tau0.5,False,1.0,1.0,0.021739130434782608,46,,,46.0,4.0
vogn,standard,3,,,0.01,one_minus_confidence,adv,cert_fail_tau0.9,False,1.0,1.0,0.18518518518518517,27,,,27.0,23.0
vogn,standard,3,,,0.01,one_minus_confidence,adv,cert_fail_tau0.95,False,,1.0,1.0,6,,,6.0,44.0
vogn,standard,3,,,0.01,one_minus_confidence,delta,adv_error,False,0.0,0.02,0.02,50,0.8087444074648755,0.600646810244839,,
vogn,standard,3,,,0.01,one_minus_confidence,delta,cert_fail_tau0.5,False,0.0,0.021739130434782608,0.021739130434782608,46,,,46.0,4.0
vogn,standard,3,,,0.01,one_minus_confidence,delta,cert_fail_tau0.9,False,0.8,0.837037037037037,0.18518518518518517,27,,,27.0,23.0
vogn,standard,3,,,0.01,one_minus_confidence,delta,cert_fail_tau0.95,False,,1.0,1.0,6,,,6.0,44.0
vogn,standard,3,,,0.03,mutual_information,clean,adv_error,False,1.0,1.0,0.02,50,,,,
vogn,standard,3,,,0.03,mutual_information,clean,cert_fail_tau0.5,True,,,,0,,,0.0,50.0
vogn,standard,3,,,0.03,mutual_information,clean,cert_fail_tau0.9,True,,,,0,,,0.0,50.0
vogn,standard,3,,,0.03,mutual_information,clean,cert_fail_tau0.95,True,,,,0,,,0.0,50.0
vogn,standard,3,,,0.03,mutual_information,adv,adv_error,False,1.0,1.0,0.02,50,,,,
vogn,standard,3,,,0.03,mutual_information,adv,cert_fail_tau0.5,True,,,,0,,,0.0,50.0
vogn,standard,3,,,0.03,mutual_information,adv,cert_fail_tau0.9,True,,,,0,,,0.0,50.0
vogn,standard,3,,,0.03,mutual_information,adv,cert_fail_tau0.95,True,,,,0,,,0.0,50.0
vogn,standard,3,,,0.03,mutual_information,delta,adv_error,False,0.0,0.02,0.02,50,,,,
vogn,standard,3,,,0.03,mutual_information,delta,cert_fail_tau0.5,True,,,,0,,,0.0,50.0
vogn,standard,3,,,0.03,mutual_information,delta,cert_fail_tau0.9,True,,,,0,,,0.0,50.0
vogn,standard,3,,,0.03,mutual_information,delta,cert_fail_tau0.95,True,,,,0,,,0.0,50.0
vogn,standard,3,,,0.03,one_minus_confidence,clean,adv_error,False,1.0,1.0,0.02,50,,,,
vogn,standard,3,,,0.03,one_minus_confidence,clean,cert_fail_tau0.5,True,,,,0,,,0.0,50.0
vogn,standard,3,,,0.03,one_minus_confidence,clean,cert_fail_tau0.9,True,,,,0,,,0.0,50.0
vogn,standard,3,,,0.03,one_minus_confidence,clean,cert_fail_tau0.95,True,,,,0,,,0.0,50.0
vogn,standard,3,,,0.03,one_minus_confidence,adv,adv_error,False,0.9591836734693877,0.3333333333333333,0.02,50,,,,
vogn,standard,3,,,0.03,one_minus_confidence,adv,cert_fail_tau0.5,True,,,,0,,,0.0,50.0
vogn,standard,3,,,0.03,one_minus_confidence,adv,cert_fail_tau0.9,True,,,,0,,,0.0,50.0
vogn,standard,3,,,0.03,one_minus_confidence,adv,cert_fail_tau0.95,True,,,,0,,,0.0,50.0
vogn,standard,3,,,0.03,one_minus_confidence,delta,adv_error,False,0.0,0.02,0.02,50,,,,
vogn,standard,3,,,0.03,one_minus_confidence,delta,cert_fail_tau0.5,True,,,,0,,,0.0,50.0
vogn,standard,3,,,0.03,one_minus_confidence,delta,cert_fail_tau0.9,True,,,,0,,,0.0,50.0
vogn,standard,3,,,0.03,one_minus_confidence,delta,cert_fail_tau0.95,True,,,,0,,,0.0,50.0
vogn,standard,3,,,0.05,mutual_information,clean,adv_error,False,0.9836956521739131,0.8541666666666666,0.08,50,,0.8712001192756429,,
vogn,standard,3,,,0.05,mutual_information,clean,cert_fail_tau0.5,False,,1.0,1.0,27,,,27.0,23.0
vogn,standard,3,,,0.05,mutual_information,clean,cert_fail_tau0.9,False,,1.0,1.0,44,,,44.0,6.0
vogn,standard,3,,,0.05,mutual_information,clean,cert_fail_tau0.95,False,,1.0,1.0,45,,,45.0,5.0
vogn,standard,3,,,0.05,mutual_information,adv,adv_error,False,0.9456521739130435,0.7071428571428571,0.08,50,,0.8801805736224015,,
vogn,standard,3,,,0.05,mutual_information,adv,cert_fail_tau0.5,False,,1.0,1.0,27,,,27.0,23.0
vogn,standard,3,,,0.05,mutual_information,adv,cert_fail_tau0.9,False,,1.0,1.0,44,,,44.0,6.0
vogn,standard,3,,,0.05,mutual_information,adv,cert_fail_tau0.95,False,,1.0,1.0,45,,,45.0,5.0
vogn,standard,3,,,0.05,mutual_information,delta,adv_error,False,0.358695652173913,0.07833333333333334,0.08,50,,0.6280555184326585,,
vogn,standard,3,,,0.05,mutual_information,delta,cert_fail_tau0.5,False,,1.0,1.0,27,,,27.0,23.0
vogn,standard,3,,,0.05,mutual_information,delta,cert_fail_tau0.9,False,,1.0,1.0,44,,,44.0,6.0
vogn,standard,3,,,0.05,mutual_information,delta,cert_fail_tau0.95,False,,1.0,1.0,45,,,45.0,5.0
vogn,standard,3,,,0.05,one_minus_confidence,clean,adv_error,False,0.9945652173913043,0.95,0.08,50,,0.9059693649818094,,
vogn,standard,3,,,0.05,one_minus_confidence,clean,cert_fail_tau0.5,False,,1.0,1.0,27,,,27.0,23.0
vogn,standard,3,,,0.05,one_minus_confidence,clean,cert_fail_tau0.9,False,,1.0,1.0,44,,,44.0,6.0
vogn,standard,3,,,0.05,one_minus_confidence,clean,cert_fail_tau0.95,False,,1.0,1.0,45,,,45.0,5.0
vogn,standard,3,,,0.05,one_minus_confidence,adv,adv_error,False,0.9728260869565217,0.7333333333333333,0.08,50,,0.9464534452722767,,
vogn,standard,3,,,0.05,one_minus_confidence,adv,cert_fail_tau0.5,False,,1.0,1.0,27,,,27.0,23.0
vogn,standard,3,,,0.05,one_minus_confidence,adv,cert_fail_tau0.9,False,,1.0,1.0,44,,,44.0,6.0
vogn,standard,3,,,0.05,one_minus_confidence,adv,cert_fail_tau0.95,False,,1.0,1.0,45,,,45.0,5.0
vogn,standard,3,,,0.05,one_minus_confidence,delta,adv_error,False,0.6739130434782609,0.26583333333333337,0.08,50,,0.823704561259899,,
vogn,standard,3,,,0.05,one_minus_confidence,delta,cert_fail_tau0.5,False,,1.0,1.0,27,,,27.0,23.0
vogn,standard,3,,,0.05,one_minus_confidence,delta,cert_fail_tau0.9,False,,1.0,1.0,44,,,44.0,6.0
vogn,standard,3,,,0.05,one_minus_confidence,delta,cert_fail_tau0.95,False,,1.0,1.0,45,,,45.0,5.0
vogn,standard,3,,,0.07,mutual_information,clean,adv_error,False,0.9924242424242424,0.9484126984126984,0.12,50,,0.7722159192025468,,
vogn,standard,3,,,0.07,mutual_information,clean,cert_fail_tau0.5,False,,1.0,1.0,45,,,45.0,5.0
vogn,standard,3,,,0.07,mutual_information,clean,cert_fail_tau0.9,False,,1.0,1.0,50,,,50.0,0.0
vogn,standard,3,,,0.07,mutual_information,clean,cert_fail_tau0.95,False,,1.0,1.0,50,,,50.0,0.0
vogn,standard,3,,,0.07,mutual_information,adv,adv_error,False,0.7424242424242424,0.34274710504549216,0.12,50,,0.6646271567681515,,
vogn,standard,3,,,0.07,mutual_information,adv,cert_fail_tau0.5,False,,1.0,1.0,45,,,45.0,5.0
vogn,standard,3,,,0.07,mutual_information,adv,cert_fail_tau0.9,False,,1.0,1.0,50,,,50.0,0.0
vogn,standard,3,,,0.07,mutual_information,adv,cert_fail_tau0.95,False,,1.0,1.0,50,,,50.0,0.0
vogn,standard,3,,,0.07,mutual_information,delta,adv_error,False,0.17045454545454544,0.08927413331597964,0.12,50,,0.33003579827848273,,
vogn,standard,3,,,0.07,mutual_information,delta,cert_fail_tau0.5,False,,1.0,1.0,45,,,45.0,5.0
vogn,standard,3,,,0.07,mutual_information,delta,cert_fail_tau0.9,False,,1.0,1.0,50,,,50.0,0.0
vogn,standard,3,,,0.07,mutual_information,delta,cert_fail_tau0.95,False,,1.0,1.0,50,,,50.0,0.0
vogn,standard,3,,,0.07,one_minus_confidence,clean,adv_error,False,0.9962121212121212,0.9761904761904762,0.12,50,,0.8088542545180436,,
vogn,standard,3,,,0.07,one_minus_confidence,clean,cert_fail_tau0.5,False,,1.0,1.0,45,,,45.0,5.0
vogn,standard,3,,,0.07,one_minus_confidence,clean,cert_fail_tau0.9,False,,1.0,1.0,50,,,50.0,0.0
vogn,standard,3,,,0.07,one_minus_confidence,clean,cert_fail_tau0.95,False,,1.0,1.0,50,,,50.0,0.0
vogn,standard,3,,,0.07,one_minus_confidence,adv,adv_error,False,0.7196969696969697,0.22559523809523807,0.12,50,,0.8690942688000045,,
vogn,standard,3,,,0.07,one_minus_confidence,adv,cert_fail_tau0.5,False,,1.0,1.0,45,,,45.0,5.0
vogn,standard,3,,,0.07,one_minus_confidence,adv,cert_fail_tau0.9,False,,1.0,1.0,50,,,50.0,0.0
vogn,standard,3,,,0.07,one_minus_confidence,adv,cert_fail_tau0.95,False,,1.0,1.0,50,,,50.0,0.0
vogn,standard,3,,,0.07,one_minus_confidence,delta,adv_error,False,0.36742424242424243,0.1297834989139337,0.12,50,,0.6788753982797338,,
vogn,standard,3,,,0.07,one_minus_confidence,delta,cert_fail_tau0.5,False,,1.0,1.0,45,,,45.0,5.0
vogn,standard,3,,,0.07,one_minus_confidence,delta,cert_fail_tau0.9,False,,1.0,1.0,50,,,50.0,0.0
vogn,standard,3,,,0.07,one_minus_confidence,delta,cert_fail_tau0.95,False,,1.0,1.0,50,,,50.0,0.0
vogn,standard,3,,,0.08,mutual_information,clean,adv_error,False,0.9100877192982456,0.8196532999164579,0.24,50,,0.7430714741303492,,
vogn,standard,3,,,0.08,mutual_information,clean,cert_fail_tau0.5,False,,1.0,1.0,48,,,48.0,2.0
vogn,standard,3,,,0.08,mutual_information,clean,cert_fail_tau0.9,False,,1.0,1.0,50,,,50.0,0.0
vogn,standard,3,,,0.08,mutual_information,clean,cert_fail_tau0.95,False,,1.0,1.0,50,,,50.0,0.0
vogn,standard,3,,,0.08,mutual_information,adv,adv_error,False,0.6535087719298246,0.41063092585524824,0.24,50,,0.5075152383017246,,
vogn,standard,3,,,0.08,mutual_information,adv,cert_fail_tau0.5,False,,1.0,1.0,48,,,48.0,2.0
vogn,standard,3,,,0.08,mutual_information,adv,cert_fail_tau0.9,False,,1.0,1.0,50,,,50.0,0.0
vogn,standard,3,,,0.08,mutual_information,adv,cert_fail_tau0.95,False,,1.0,1.0,50,,,50.0,0.0
vogn,standard,3,,,0.08,mutual_information,delta,adv_error,False,0.36403508771929827,0.2062999393171522,0.24,50,,0.1999624195540268,,
vogn,standard,3,,,0.08,mutual_information,delta,cert_fail_tau0.5,False,,1.0,1.0,48,,,48.0,2.0
vogn,standard,3,,,0.08,mutual_information,delta,cert_fail_tau0.9,False,,1.0,1.0,50,,,50.0,0.0
vogn,standard,3,,,0.08,mutual_information,delta,cert_fail_tau0.95,False,,1.0,1.0,50,,,50.0,0.0
vogn,standard,3,,,0.08,one_minus_confidence,clean,adv_error,False,0.9451754385964912,0.8659165181224004,0.24,50,,0.7646603371264478,,
vogn,standard,3,,,0.08,one_minus_confidence,clean,cert_fail_tau0.5,False,,1.0,1.0,48,,,48.0,2.0
vogn,standard,3,,,0.08,one_minus_confidence,clean,cert_fail_tau0.9,False,,1.0,1.0,50,,,50.0,0.0
vogn,standard,3,,,0.08,one_minus_confidence,clean,cert_fail_tau0.95,False,,1.0,1.0,50,,,50.0,0.0
vogn,standard,3,,,0.08,one_minus_confidence,adv,adv_error,False,0.7828947368421053,0.6645458707958708,0.24,50,,0.7594527191203633,,
vogn,standard,3,,,0.08,one_minus_confidence,adv,cert_fail_tau0.5,False,,1.0,1.0,48,,,48.0,2.0
vogn,standard,3,,,0.08,one_minus_confidence,adv,cert_fail_tau0.9,False,,1.0,1.0,50,,,50.0,0.0
vogn,standard,3,,,0.08,one_minus_confidence,adv,cert_fail_tau0.95,False,,1.0,1.0,50,,,50.0,0.0
vogn,standard,3,,,0.08,one_minus_confidence,delta,adv_error,False,0.5964912280701754,0.574615712651427,0.24,50,,0.5514007958675642,,
vogn,standard,3,,,0.08,one_minus_confidence,delta,cert_fail_tau0.5,False,,1.0,1.0,48,,,48.0,2.0
vogn,standard,3,,,0.08,one_minus_confidence,delta,cert_fail_tau0.9,False,,1.0,1.0,50,,,50.0,0.0
vogn,standard,3,,,0.08,one_minus_confidence,delta,cert_fail_tau0.95,False,,1.0,1.0,50,,,50.0,0.0
vogn,standard,3,,,0.1,mutual_information,clean,adv_error,False,0.8637110016420362,0.8217149622389904,0.42,50,,0.6056756210271677,,
vogn,standard,3,,,0.1,mutual_information,clean,cert_fail_tau0.5,False,,1.0,1.0,50,,,50.0,0.0
vogn,standard,3,,,0.1,mutual_information,clean,cert_fail_tau0.9,False,,1.0,1.0,50,,,50.0,0.0
vogn,standard,3,,,0.1,mutual_information,clean,cert_fail_tau0.95,False,,1.0,1.0,50,,,50.0,0.0
vogn,standard,3,,,0.1,mutual_information,adv,adv_error,False,0.45320197044334976,0.38696652511331214,0.42,50,,0.1717415548004719,,
vogn,standard,3,,,0.1,mutual_information,adv,cert_fail_tau0.5,False,,1.0,1.0,50,,,50.0,0.0
vogn,standard,3,,,0.1,mutual_information,adv,cert_fail_tau0.9,False,,1.0,1.0,50,,,50.0,0.0
vogn,standard,3,,,0.1,mutual_information,adv,cert_fail_tau0.95,False,,1.0,1.0,50,,,50.0,0.0
vogn,standard,3,,,0.1,mutual_information,delta,adv_error,False,0.32348111658456485,0.3333005879531472,0.42,50,,0.025418478085975887,,
vogn,standard,3,,,0.1,mutual_information,delta,cert_fail_tau0.5,False,,1.0,1.0,50,,,50.0,0.0
vogn,standard,3,,,0.1,mutual_information,delta,cert_fail_tau0.9,False,,1.0,1.0,50,,,50.0,0.0
vogn,standard,3,,,0.1,mutual_information,delta,cert_fail_tau0.95,False,,1.0,1.0,50,,,50.0,0.0
vogn,standard,3,,,0.1,one_minus_confidence,clean,adv_error,False,0.8981937602627258,0.869973777389744,0.42,50,,0.6327927086272421,,
vogn,standard,3,,,0.1,one_minus_confidence,clean,cert_fail_tau0.5,False,,1.0,1.0,50,,,50.0,0.0
vogn,standard,3,,,0.1,one_minus_confidence,clean,cert_fail_tau0.9,False,,1.0,1.0,50,,,50.0,0.0
vogn,standard,3,,,0.1,one_minus_confidence,clean,cert_fail_tau0.95,False,,1.0,1.0,50,,,50.0,0.0
vogn,standard,3,,,0.1,one_minus_confidence,adv,adv_error,False,0.5435139573070608,0.46055105469776003,0.42,50,,0.5412497887424268,,
vogn,standard,3,,,0.1,one_minus_confidence,adv,cert_fail_tau0.5,False,,1.0,1.0,50,,,50.0,0.0
vogn,standard,3,,,0.1,one_minus_confidence,adv,cert_fail_tau0.9,False,,1.0,1.0,50,,,50.0,0.0
vogn,standard,3,,,0.1,one_minus_confidence,adv,cert_fail_tau0.95,False,,1.0,1.0,50,,,50.0,0.0
vogn,standard,3,,,0.1,one_minus_confidence,delta,adv_error,False,0.45648604269293924,0.4334481348198036,0.42,50,,0.42143715337297016,,
vogn,standard,3,,,0.1,one_minus_confidence,delta,cert_fail_tau0.5,False,,1.0,1.0,50,,,50.0,0.0
vogn,standard,3,,,0.1,one_minus_confidence,delta,cert_fail_tau0.9,False,,1.0,1.0,50,,,50.0,0.0
vogn,standard,3,,,0.1,one_minus_confidence,delta,cert_fail_tau0.95,False,,1.0,1.0,50,,,50.0,0.0
vogn,standard,3,,,0.15,mutual_information,clean,adv_error,False,0.8770764119601329,0.9753769806759305,0.86,50,,,,
vogn,standard,3,,,0.15,mutual_information,clean,cert_fail_tau0.5,True,,,,0,,,0.0,50.0
vogn,standard,3,,,0.15,mutual_information,clean,cert_fail_tau0.9,True,,,,0,,,0.0,50.0
vogn,standard,3,,,0.15,mutual_information,clean,cert_fail_tau0.95,True,,,,0,,,0.0,50.0
vogn,standard,3,,,0.15,mutual_information,adv,adv_error,False,0.16611295681063123,0.7840468121681988,0.86,50,,,,
vogn,standard,3,,,0.15,mutual_information,adv,cert_fail_tau0.5,True,,,,0,,,0.0,50.0
vogn,standard,3,,,0.15,mutual_information,adv,cert_fail_tau0.9,True,,,,0,,,0.0,50.0
vogn,standard,3,,,0.15,mutual_information,adv,cert_fail_tau0.95,True,,,,0,,,0.0,50.0
vogn,standard,3,,,0.15,mutual_information,delta,adv_error,False,0.15282392026578073,0.7801665421114581,0.86,50,,,,
vogn,standard,3,,,0.15,mutual_information,delta,cert_fail_tau0.5,True,,,,0,,,0.0,50.0
vogn,standard,3,,,0.15,mutual_information,delta,cert_fail_tau0.9,True,,,,0,,,0.0,50.0
vogn,standard,3,,,0.15,mutual_information,delta,cert_fail_tau0.95,True,,,,0,,,0.0,50.0
vogn,standard,3,,,0.15,one_minus_confidence,clean,adv_error,False,0.8737541528239202,0.9738227150703531,0.86,50,,,,
vogn,standard,3,,,0.15,one_minus_confidence,clean,cert_fail_tau0.5,True,,,,0,,,0.0,50.0
vogn,standard,3,,,0.15,one_minus_confidence,clean,cert_fail_tau0.9,True,,,,0,,,0.0,50.0
vogn,standard,3,,,0.15,one_minus_confidence,clean,cert_fail_tau0.95,True,,,,0,,,0.0,50.0
vogn,standard,3,,,0.15,one_minus_confidence,adv,adv_error,False,0.23255813953488372,0.7842530628967641,0.86,50,,,,
vogn,standard,3,,,0.15,one_minus_confidence,adv,cert_fail_tau0.5,True,,,,0,,,0.0,50.0
vogn,standard,3,,,0.15,one_minus_confidence,adv,cert_fail_tau0.9,True,,,,0,,,0.0,50.0
vogn,standard,3,,,0.15,one_minus_confidence,adv,cert_fail_tau0.95,True,,,,0,,,0.0,50.0
vogn,standard,3,,,0.15,one_minus_confidence,delta,adv_error,False,0.2026578073089701,0.7751626341625859,0.86,50,,,,
vogn,standard,3,,,0.15,one_minus_confidence,delta,cert_fail_tau0.5,True,,,,0,,,0.0,50.0
vogn,standard,3,,,0.15,one_minus_confidence,delta,cert_fail_tau0.9,True,,,,0,,,0.0,50.0
vogn,standard,3,,,0.15,one_minus_confidence,delta,cert_fail_tau0.95,True,,,,0,,,0.0,50.0
vogn,standard,4,,,0.01,mutual_information,clean,adv_error,False,,,0.0,50,0.8621567567367995,0.8638620397050408,,
vogn,standard,4,,,0.01,mutual_information,clean,cert_fail_tau0.5,False,,,0.0,45,,,45.0,5.0
vogn,standard,4,,,0.01,mutual_information,clean,cert_fail_tau0.9,False,1.0,1.0,0.12,25,,,25.0,25.0
vogn,standard,4,,,0.01,mutual_information,clean,cert_fail_tau0.95,False,,1.0,1.0,4,,,4.0,46.0
vogn,standard,4,,,0.01,mutual_information,adv,adv_error,False,,,0.0,50,0.8643973901158895,0.8681271369208827,,
vogn,standard,4,,,0.01,mutual_information,adv,cert_fail_tau0.5,False,,,0.0,45,,,45.0,5.0
vogn,standard,4,,,0.01,mutual_information,adv,cert_fail_tau0.9,False,1.0,1.0,0.12,25,,,25.0,25.0
vogn,standard,4,,,0.01,mutual_information,adv,cert_fail_tau0.95,False,,1.0,1.0,4,,,4.0,46.0
vogn,standard,4,,,0.01,mutual_information,delta,adv_error,False,,,0.0,50,0.8383865591499319,0.8386825501175403,,
vogn,standard,4,,,0.01,mutual_information,delta,cert_fail_tau0.5,False,,,0.0,45,,,45.0,5.0
vogn,standard,4,,,0.01,mutual_information,delta,cert_fail_tau0.9,False,1.0,1.0,0.12,25,,,25.0,25.0
vogn,standard,4,,,0.01,mutual_information,delta,cert_fail_tau0.95,False,,1.0,1.0,4,,,4.0,46.0
vogn,standard,4,,,0.01,one_minus_confidence,clean,adv_error,False,,,0.0,50,0.9011730031857361,0.8838000845212657,,
vogn,standard,4,,,0.01,one_minus_confidence,clean,cert_fail_tau0.5,False,,,0.0,45,,,45.0,5.0
vogn,standard,4,,,0.01,one_minus_confidence,clean,cert_fail_tau0.9,False,1.0,1.0,0.12,25,,,25.0,25.0
vogn,standard,4,,,0.01,one_minus_confidence,clean,cert_fail_tau0.95,False,,1.0,1.0,4,,,4.0,46.0
vogn,standard,4,,,0.01,one_minus_confidence,adv,adv_error,False,,,0.0,50,0.9140809998261457,0.8805627215743012,,
vogn,standard,4,,,0.01,one_minus_confidence,adv,cert_fail_tau0.5,False,,,0.0,45,,,45.0,5.0
vogn,standard,4,,,0.01,one_minus_confidence,adv,cert_fail_tau0.9,False,1.0,1.0,0.12,25,,,25.0,25.0
vogn,standard,4,,,0.01,one_minus_confidence,adv,cert_fail_tau0.95,False,,1.0,1.0,4,,,4.0,46.0
vogn,standard,4,,,0.01,one_minus_confidence,delta,adv_error,False,,,0.0,50,0.9038033119351024,0.8728033278442756,,
vogn,standard,4,,,0.01,one_minus_confidence,delta,cert_fail_tau0.5,False,,,0.0,45,,,45.0,5.0
vogn,standard,4,,,0.01,one_minus_confidence,delta,cert_fail_tau0.9,False,1.0,1.0,0.12,25,,,25.0,25.0
vogn,standard,4,,,0.01,one_minus_confidence,delta,cert_fail_tau0.95,False,,1.0,1.0,4,,,4.0,46.0
vogn,standard,4,,,0.03,mutual_information,clean,adv_error,False,,,0.0,50,,,,
vogn,standard,4,,,0.03,mutual_information,clean,cert_fail_tau0.5,True,,,,0,,,0.0,50.0
vogn,standard,4,,,0.03,mutual_information,clean,cert_fail_tau0.9,True,,,,0,,,0.0,50.0
vogn,standard,4,,,0.03,mutual_information,clean,cert_fail_tau0.95,True,,,,0,,,0.0,50.0
vogn,standard,4,,,0.03,mutual_information,adv,adv_error,False,,,0.0,50,,,,
vogn,standard,4,,,0.03,mutual_information,adv,cert_fail_tau0.5,True,,,,0,,,0.0,50.0
vogn,standard,4,,,0.03,mutual_information,adv,cert_fail_tau0.9,True,,,,0,,,0.0,50.0
vogn,standard,4,,,0.03,mutual_information,adv,cert_fail_tau0.95,True,,,,0,,,0.0,50.0
vogn,standard,4,,,0.03,mutual_information,delta,adv_error,False,,,0.0,50,,,,
vogn,standard,4,,,0.03,mutual_information,delta,cert_fail_tau0.5,True,,,,0,,,0.0,50.0
vogn,standard,4,,,0.03,mutual_information,delta,cert_fail_tau0.9,True,,,,0,,,0.0,50.0
vogn,standard,4,,,0.03,mutual_information,delta,cert_fail_tau0.95,True,,,,0,,,0.0,50.0
vogn,standard,4,,,0.03,one_minus_confidence,clean,adv_error,False,,,0.0,50,,,,
vogn,standard,4,,,0.03,one_minus_confidence,clean,cert_fail_tau0.5,True,,,,0,,,0.0,50.0
vogn,standard,4,,,0.03,one_minus_confidence,clean,cert_fail_tau0.9,True,,,,0,,,0.0,50.0
vogn,standard,4,,,0.03,one_minus_confidence,clean,cert_fail_tau0.95,True,,,,0,,,0.0,50.0
vogn,standard,4,,,0.03,one_minus_confidence,adv,adv_error,False,,,0.0,50,,,,
vogn,standard,4,,,0.03,one_minus_confidence,adv,cert_fail_tau0.5,True,,,,0,,,0.0,50.0
vogn,standard,4,,,0.03,one_minus_confidence,adv,cert_fail_tau0.9,True,,,,0,,,0.0,50.0
vogn,standard,4,,,0.03,one_minus_confidence,adv,cert_fail_tau0.95,True,,,,0,,,0.0,50.0
vogn,standard,4,,,0.03,one_minus_confidence,delta,adv_error,False,,,0.0,50,,,,
vogn,standard,4,,,0.03,one_minus_confidence,delta,cert_fail_tau0.5,True,,,,0,,,0.0,50.0
vogn,standard,4,,,0.03,one_minus_confidence,delta,cert_fail_tau0.9,True,,,,0,,,0.0,50.0
vogn,standard,4,,,0.03,one_minus_confidence,delta,cert_fail_tau0.95,True,,,,0,,,0.0,50.0
vogn,standard,4,,,0.05,mutual_information,clean,adv_error,False,0.950354609929078,0.7666666666666666,0.06,50,,0.8629400222294266,,
vogn,standard,4,,,0.05,mutual_information,clean,cert_fail_tau0.5,False,,1.0,1.0,25,,,25.0,25.0
vogn,standard,4,,,0.05,mutual_information,clean,cert_fail_tau0.9,False,,1.0,1.0,42,,,42.0,8.0
vogn,standard,4,,,0.05,mutual_information,clean,cert_fail_tau0.95,False,,1.0,1.0,45,,,45.0,5.0
vogn,standard,4,,,0.05,mutual_information,adv,adv_error,False,0.950354609929078,0.7666666666666666,0.06,50,,0.8958363389541836,,
vogn,standard,4,,,0.05,mutual_information,adv,cert_fail_tau0.5,False,,1.0,1.0,25,,,25.0,25.0
vogn,standard,4,,,0.05,mutual_information,adv,cert_fail_tau0.9,False,,1.0,1.0,42,,,42.0,8.0
vogn,standard,4,,,0.05,mutual_information,adv,cert_fail_tau0.95,False,,1.0,1.0,45,,,45.0,5.0
vogn,standard,4,,,0.05,mutual_information,delta,adv_error,False,0.5177304964539007,0.07816358024691358,0.06,50,,0.7925371020564432,,
vogn,standard,4,,,0.05,mutual_information,delta,cert_fail_tau0.5,False,,1.0,1.0,25,,,25.0,25.0
vogn,standard,4,,,0.05,mutual_information,delta,cert_fail_tau0.9,False,,1.0,1.0,42,,,42.0,8.0
vogn,standard,4,,,0.05,mutual_information,delta,cert_fail_tau0.95,False,,1.0,1.0,45,,,45.0,5.0
vogn,standard,4,,,0.05,one_minus_confidence,clean,adv_error,False,0.9432624113475178,0.7575757575757576,0.06,50,,0.9034721263399301,,
vogn,standard,4,,,0.05,one_minus_confidence,clean,cert_fail_tau0.5,False,,1.0,1.0,25,,,25.0,25.0
vogn,standard,4,,,0.05,one_minus_confidence,clean,cert_fail_tau0.9,False,,1.0,1.0,42,,,42.0,8.0
vogn,standard,4,,,0.05,one_minus_confidence,clean,cert_fail_tau0.95,False,,1.0,1.0,45,,,45.0,5.0
vogn,standard,4,,,0.05,one_minus_confidence,adv,adv_error,False,1.0,1.0,0.06,50,,0.9576910191607338,,
vogn,standard,4,,,0.05,one_minus_confidence,adv,cert_fail_tau0.5,False,,1.0,1.0,25,,,25.0,25.0
vogn,standard,4,,,0.05,one_minus_confidence,adv,cert_fail_tau0.9,False,,1.0,1.0,42,,,42.0,8.0
vogn,standard,4,,,0.05,one_minus_confidence,adv,cert_fail_tau0.95,False,,1.0,1.0,45,,,45.0,5.0
vogn,standard,4,,,0.05,one_minus_confidence,delta,adv_error,False,0.8652482269503546,0.47916666666666663,0.06,50,,0.9512558272758909,,
vogn,standard,4,,,0.05,one_minus_confidence,delta,cert_fail_tau0.5,False,,1.0,1.0,25,,,25.0,25.0
vogn,standard,4,,,0.05,one_minus_confidence,delta,cert_fail_tau0.9,False,,1.0,1.0,42,,,42.0,8.0
vogn,standard,4,,,0.05,one_minus_confidence,delta,cert_fail_tau0.95,False,,1.0,1.0,45,,,45.0,5.0
vogn,standard,4,,,0.07,mutual_information,clean,adv_error,False,0.8970099667774086,0.608843537414966,0.14,50,,0.7622883240345579,,
vogn,standard,4,,,0.07,mutual_information,clean,cert_fail_tau0.5,False,,1.0,1.0,42,,,42.0,8.0
vogn,standard,4,,,0.07,mutual_information,clean,cert_fail_tau0.9,False,,1.0,1.0,49,,,49.0,1.0
vogn,standard,4,,,0.07,mutual_information,clean,cert_fail_tau0.95,False,,1.0,1.0,50,,,50.0,0.0
vogn,standard,4,,,0.07,mutual_information,adv,adv_error,False,0.7740863787375415,0.5039266289266289,0.14,50,,0.7502272634979789,,
vogn,standard,4,,,0.07,mutual_information,adv,cert_fail_tau0.5,False,,1.0,1.0,42,,,42.0,8.0
vogn,standard,4,,,0.07,mutual_information,adv,cert_fail_tau0.9,False,,1.0,1.0,49,,,49.0,1.0
vogn,standard,4,,,0.07,mutual_information,adv,cert_fail_tau0.95,False,,1.0,1.0,50,,,50.0,0.0
vogn,standard,4,,,0.07,mutual_information,delta,adv_error,False,0.3920265780730897,0.12487112332199432,0.14,50,,0.5165259042750339,,
vogn,standard,4,,,0.07,mutual_information,delta,cert_fail_tau0.5,False,,1.0,1.0,42,,,42.0,8.0
vogn,standard,4,,,0.07,mutual_information,delta,cert_fail_tau0.9,False,,1.0,1.0,49,,,49.0,1.0
vogn,standard,4,,,0.07,mutual_information,delta,cert_fail_tau0.95,False,,1.0,1.0,50,,,50.0,0.0
vogn,standard,4,,,0.07,one_minus_confidence,clean,adv_error,False,0.9136212624584718,0.6343846629560915,0.14,50,,0.8085793579968127,,
vogn,standard,4,,,0.07,one_minus_confidence,clean,cert_fail_tau0.5,False,,1.0,1.0,42,,,42.0,8.0
vogn,standard,4,,,0.07,one_minus_confidence,clean,cert_fail_tau0.9,False,,1.0,1.0,49,,,49.0,1.0
vogn,standard,4,,,0.07,one_minus_confidence,clean,cert_fail_tau0.95,False,,1.0,1.0,50,,,50.0,0.0
vogn,standard,4,,,0.07,one_minus_confidence,adv,adv_error,False,0.8338870431893688,0.42520443142291886,0.14,50,,0.8824594575589347,,
vogn,standard,4,,,0.07,one_minus_confidence,adv,cert_fail_tau0.5,False,,1.0,1.0,42,,,42.0,8.0
vogn,standard,4,,,0.07,one_minus_confidence,adv,cert_fail_tau0.9,False,,1.0,1.0,49,,,49.0,1.0
vogn,standard,4,,,0.07,one_minus_confidence,adv,cert_fail_tau0.95,False,,1.0,1.0,50,,,50.0,0.0
vogn,standard,4,,,0.07,one_minus_confidence,delta,adv_error,False,0.7043189368770764,0.2662205823295785,0.14,50,,0.8447625396065499,,
vogn,standard,4,,,0.07,one_minus_confidence,delta,cert_fail_tau0.5,False,,1.0,1.0,42,,,42.0,8.0
vogn,standard,4,,,0.07,one_minus_confidence,delta,cert_fail_tau0.9,False,,1.0,1.0,49,,,49.0,1.0
vogn,standard,4,,,0.07,one_minus_confidence,delta,cert_fail_tau0.95,False,,1.0,1.0,50,,,50.0,0.0
vogn,standard,4,,,0.08,mutual_information,clean,adv_error,False,0.8391608391608392,0.5892321155439596,0.22,50,,0.7167618998790548,,
vogn,standard,4,,,0.08,mutual_information,clean,cert_fail_tau0.5,False,,1.0,1.0,48,,,48.0,2.0
vogn,standard,4,,,0.08,mutual_information,clean,cert_fail_tau0.9,False,,1.0,1.0,50,,,50.0,0.0
vogn,standard,4,,,0.08,mutual_information,clean,cert_fail_tau0.95,False,,1.0,1.0,50,,,50.0,0.0
vogn,standard,4,,,0.08,mutual_information,adv,adv_error,False,0.6293706293706294,0.4143012154183975,0.22,50,,0.6596715140779734,,
vogn,standard,4,,,0.08,mutual_information,adv,cert_fail_tau0.5,False,,1.0,1.0,48,,,48.0,2.0
vogn,standard,4,,,0.08,mutual_information,adv,cert_fail_tau0.9,False,,1.0,1.0,50,,,50.0,0.0
vogn,standard,4,,,0.08,mutual_information,adv,cert_fail_tau0.95,False,,1.0,1.0,50,,,50.0,0.0
vogn,standard,4,,,0.08,mutual_information,delta,adv_error,False,0.34965034965034963,0.17739614674456042,0.22,50,,0.4465883970469967,,
vogn,standard,4,,,0.08,mutual_information,delta,cert_fail_tau0.5,False,,1.0,1.0,48,,,48.0,2.0
vogn,standard,4,,,0.08,mutual_information,delta,cert_fail_tau0.9,False,,1.0,1.0,50,,,50.0,0.0
vogn,standard,4,,,0.08,mutual_information,delta,cert_fail_tau0.95,False,,1.0,1.0,50,,,50.0,0.0
vogn,standard,4,,,0.08,one_minus_confidence,clean,adv_error,False,0.8834498834498834,0.6462543125690619,0.22,50,,0.7460455500446407,,
vogn,standard,4,,,0.08,one_minus_confidence,clean,cert_fail_tau0.5,False,,1.0,1.0,48,,,48.0,2.0
vogn,standard,4,,,0.08,one_minus_confidence,clean,cert_fail_tau0.9,False,,1.0,1.0,50,,,50.0,0.0
vogn,standard,4,,,0.08,one_minus_confidence,clean,cert_fail_tau0.95,False,,1.0,1.0,50,,,50.0,0.0
vogn,standard,4,,,0.08,one_minus_confidence,adv,adv_error,False,0.7855477855477856,0.5478425891738585,0.22,50,,0.7829684132969014,,
vogn,standard,4,,,0.08,one_minus_confidence,adv,cert_fail_tau0.5,False,,1.0,1.0,48,,,48.0,2.0
vogn,standard,4,,,0.08,one_minus_confidence,adv,cert_fail_tau0.9,False,,1.0,1.0,50,,,50.0,0.0
vogn,standard,4,,,0.08,one_minus_confidence,adv,cert_fail_tau0.95,False,,1.0,1.0,50,,,50.0,0.0
vogn,standard,4,,,0.08,one_minus_confidence,delta,adv_error,False,0.6643356643356644,0.45212547163766675,0.22,50,,0.7156924100469205,,
vogn,standard,4,,,0.08,one_minus_confidence,delta,cert_fail_tau0.5,False,,1.0,1.0,48,,,48.0,2.0
vogn,standard,4,,,0.08,one_minus_confidence,delta,cert_fail_tau0.9,False,,1.0,1.0,50,,,50.0,0.0
vogn,standard,4,,,0.08,one_minus_confidence,delta,cert_fail_tau0.95,False,,1.0,1.0,50,,,50.0,0.0
vogn,standard,4,,,0.1,mutual_information,clean,adv_error,False,0.8981937602627258,0.8560473156688443,0.42,50,,0.5703313360877402,,
vogn,standard,4,,,0.1,mutual_information,clean,cert_fail_tau0.5,False,,1.0,1.0,50,,,50.0,0.0
vogn,standard,4,,,0.1,mutual_information,clean,cert_fail_tau0.9,False,,1.0,1.0,50,,,50.0,0.0
vogn,standard,4,,,0.1,mutual_information,clean,cert_fail_tau0.95,False,,1.0,1.0,50,,,50.0,0.0
vogn,standard,4,,,0.1,mutual_information,adv,adv_error,False,0.5944170771756979,0.556816937864619,0.42,50,,0.5749363251836523,,
vogn,standard,4,,,0.1,mutual_information,adv,cert_fail_tau0.5,False,,1.0,1.0,50,,,50.0,0.0
vogn,standard,4,,,0.1,mutual_information,adv,cert_fail_tau0.9,False,,1.0,1.0,50,,,50.0,0.0
vogn,standard,4,,,0.1,mutual_information,adv,cert_fail_tau0.95,False,,1.0,1.0,50,,,50.0,0.0
vogn,standard,4,,,0.1,mutual_information,delta,adv_error,False,0.3464696223316913,0.3823444146847899,0.42,50,,0.38963706245859236,,
vogn,standard,4,,,0.1,mutual_information,delta,cert_fail_tau0.5,False,,1.0,1.0,50,,,50.0,0.0
vogn,standard,4,,,0.1,mutual_information,delta,cert_fail_tau0.9,False,,1.0,1.0,50,,,50.0,0.0
vogn,standard,4,,,0.1,mutual_information,delta,cert_fail_tau0.95,False,,1.0,1.0,50,,,50.0,0.0
vogn,standard,4,,,0.1,one_minus_confidence,clean,adv_error,False,0.9310344827586207,0.910048147806226,0.42,50,,0.5856583893472687,,
vogn,standard,4,,,0.1,one_minus_confidence,clean,cert_fail_tau0.5,False,,1.0,1.0,50,,,50.0,0.0
vogn,standard,4,,,0.1,one_minus_confidence,clean,cert_fail_tau0.9,False,,1.0,1.0,50,,,50.0,0.0
vogn,standard,4,,,0.1,one_minus_confidence,clean,cert_fail_tau0.95,False,,1.0,1.0,50,,,50.0,0.0
vogn,standard,4,,,0.1,one_minus_confidence,adv,adv_error,False,0.6896551724137931,0.6373612467331288,0.42,50,,0.6185806248240133,,
vogn,standard,4,,,0.1,one_minus_confidence,adv,cert_fail_tau0.5,False,,1.0,1.0,50,,,50.0,0.0
vogn,standard,4,,,0.1,one_minus_confidence,adv,cert_fail_tau0.9,False,,1.0,1.0,50,,,50.0,0.0
vogn,standard,4,,,0.1,one_minus_confidence,adv,cert_fail_tau0.95,False,,1.0,1.0,50,,,50.0,0.0
vogn,standard,4,,,0.1,one_minus_confidence,delta,adv_error,False,0.5993431855500821,0.5891989811932751,0.42,50,,0.5295050148493553,,
vogn,standard,4,,,0.1,one_minus_confidence,delta,cert_fail_tau0.5,False,,1.0,1.0,50,,,50.0,0.0
vogn,standard,4,,,0.1,one_minus_confidence,delta,cert_fail_tau0.9,False,,1.0,1.0,50,,,50.0,0.0
vogn,standard,4,,,0.1,one_minus_confidence,delta,cert_fail_tau0.95,False,,1.0,1.0,50,,,50.0,0.0
vogn,standard,4,,,0.15,mutual_information,clean,adv_error,False,0.8753387533875339,0.9735161159262055,0.82,50,,,,
vogn,standard,4,,,0.15,mutual_information,clean,cert_fail_tau0.5,True,,,,0,,,0.0,50.0
vogn,standard,4,,,0.15,mutual_information,clean,cert_fail_tau0.9,True,,,,0,,,0.0,50.0
vogn,standard,4,,,0.15,mutual_information,clean,cert_fail_tau0.95,True,,,,0,,,0.0,50.0
vogn,standard,4,,,0.15,mutual_information,adv,adv_error,False,0.21951219512195122,0.6979170221951376,0.82,50,,,,
vogn,standard,4,,,0.15,mutual_information,adv,cert_fail_tau0.5,True,,,,0,,,0.0,50.0
vogn,standard,4,,,0.15,mutual_information,adv,cert_fail_tau0.9,True,,,,0,,,0.0,50.0
vogn,standard,4,,,0.15,mutual_information,adv,cert_fail_tau0.95,True,,,,0,,,0.0,50.0
vogn,standard,4,,,0.15,mutual_information,delta,adv_error,False,0.15718157181571815,0.6786425699015912,0.82,50,,,,
vogn,standard,4,,,0.15,mutual_information,delta,cert_fail_tau0.5,True,,,,0,,,0.0,50.0
vogn,standard,4,,,0.15,mutual_information,delta,cert_fail_tau0.9,True,,,,0,,,0.0,50.0
vogn,standard,4,,,0.15,mutual_information,delta,cert_fail_tau0.95,True,,,,0,,,0.0,50.0
vogn,standard,4,,,0.15,one_minus_confidence,clean,adv_error,False,0.8861788617886179,0.9756095049537171,0.82,50,,,,
vogn,standard,4,,,0.15,one_minus_confidence,clean,cert_fail_tau0.5,True,,,,0,,,0.0,50.0
vogn,standard,4,,,0.15,one_minus_confidence,clean,cert_fail_tau0.9,True,,,,0,,,0.0,50.0
vogn,standard,4,,,0.15,one_minus_confidence,clean,cert_fail_tau0.95,True,,,,0,,,0.0,50.0
vogn,standard,4,,,0.15,one_minus_confidence,adv,adv_error,False,0.4037940379403794,0.7927089760066652,0.82,50,,,,
vogn,standard,4,,,0.15,one_minus_confidence,adv,cert_fail_tau0.5,True,,,,0,,,0.0,50.0
vogn,standard,4,,,0.15,one_minus_confidence,adv,cert_fail_tau0.9,True,,,,0,,,0.0,50.0
vogn,standard,4,,,0.15,one_minus_confidence,adv,cert_fail_tau0.95,True,,,,0,,,0.0,50.0
vogn,standard,4,,,0.15,one_minus_confidence,delta,adv_error,False,0.3821138211382114,0.7842100046862519,0.82,50,,,,
vogn,standard,4,,,0.15,one_minus_confidence,delta,cert_fail_tau0.5,True,,,,0,,,0.0,50.0
vogn,standard,4,,,0.15,one_minus_confidence,delta,cert_fail_tau0.9,True,,,,0,,,0.0,50.0
vogn,standard,4,,,0.15,one_minus_confidence,delta,cert_fail_tau0.95,True,,,,0,,,0.0,50.0
