family,condition,seed,train_eps,rob_lam,eps,n_inputs,subset_accuracy_clean,subset_accuracy_adv,subset_misclassification_adv,attack_success_rate,n_clean_correct,subset_ece_clean,subset_ece_adv,mean_mutual_information_clean,mean_mutual_information_adv,mean_mutual_information_delta,delta_mutual_information_attack_success,delta_mutual_information_attack_failed,delta_mutual_information_success_gap,mean_one_minus_confidence_clean,mean_one_minus_confidence_adv,mean_one_minus_confidence_delta,delta_one_minus_confidence_attack_success,delta_one_minus_confidence_attack_failed,delta_one_minus_confidence_success_gap,n_inputs_cert,mean_p_safe_point,median_p_safe_point,mean_p_safe_optimistic,mean_p_safe_lower,mean_p_safe_upper,mean_interval_width,mean_ci_width,mean_unknown_frac,mean_property_evaluations,mean_net_frac_safe,mean_net_frac_unsafe,p_safe_q05,p_safe_q25,p_safe_q50,p_safe_q75,p_safe_q95,frac_robust_tau0.5,frac_below_tau0.5,frac_inconclusive_tau0.5,frac_robust_tau0.9,frac_below_tau0.9,frac_inconclusive_tau0.9,frac_robust_tau0.95,frac_below_tau0.95,frac_inconclusive_tau0.95
bbb,robust,0,0.08,0.25,0.01,50,1.0,1.0,0.0,0.0,50,0.0031860351562500444,0.006230299472808805,0.00015585767415645876,0.00040525715601479176,0.00024939948185833305,,0.00024939948185833305,,0.00318603515625,0.006230299472808838,0.003044264316558838,,0.003044264316558838,,50.0,1.0,1.0,1.0,0.9249999999999998,1.0,0.07499999999999997,0.03848335099752875,0.0,94.0,1.0,0.0,1.0,1.0,1.0,1.0,1.0,1.0,0.0,0.0,1.0,0.0,0.0,0.0,0.0,1.0
bbb,robust,0,0.08,0.25,0.03,50,1.0,1.0,0.0,0.0,50,0.0031860351562500444,0.02982552528381349,0.00015585767415645876,0.0016965855139431888,0.00154072783978673,,0.00154072783978673,,0.00318603515625,0.029825525283813478,0.026639490127563475,,0.026639490127563475,,,,,,,,,,,,,,,,,,,,,,,,,,,
bbb,robust,0,0.08,0.25,0.05,50,1.0,0.94,0.06,0.06,50,0.0031860351562500444,0.059242080450058,0.00015585767415645876,0.0015004545134445913,0.0013445968392881325,0.010328767200311026,0.0007711391566696499,0.009557628043641376,0.00318603515625,0.02978070855140686,0.02659467339515686,0.1856702764829,0.016440911495939216,0.16922936498696078,50.0,0.9211077235772358,1.0,0.9318493150684932,0.8506077235772357,0.9378493150684932,0.08724159149125735,0.03995254403610866,0.010308943089430896,99.54,0.94,0.06,0.046875,1.0,1.0,1.0,1.0,0.92,0.06,0.019999999999999962,0.9,0.08,0.019999999999999976,0.0,0.08,0.92
bbb,robust,0,0.08,0.25,0.07,50,1.0,0.92,0.08,0.08,50,0.0031860351562500444,0.059064707756042494,0.00015585767415645876,0.0016599884395248664,0.0015041307653684078,0.00691623892635107,0.0010335126644133935,0.005882726261937677,0.00318603515625,0.04276968479156494,0.03958364963531494,0.1570318043231964,0.02937076661897742,0.127661037704219,50.0,0.8738907450718344,1.0,0.9205797730850659,0.8063907450718341,0.9269467455621302,0.12055600049029586,0.041419933700050364,0.04638463976081647,104.38,0.9,0.08,0.0,1.0,1.0,1.0,1.0,0.88,0.08,0.039999999999999994,0.84,0.08,0.08000000000000003,0.0,0.08,0.92
bbb,robust,0,0.08,0.25,0.08,50,1.0,0.92,0.08,0.08,50,0.0031860351562500444,0.10813472509384152,0.00015585767415645876,0.0022755636223274677,0.002119705948171009,0.005364324897527695,0.0018375651699660798,0.003526759727561615,0.00318603515625,0.0661152696609497,0.06292923450469971,0.15223412215709686,0.05516359210014343,0.09707053005695343,50.0,0.8063233630765364,1.0,0.8892127483601269,0.7433233630765363,0.8989024035325406,0.1555790404560041,0.04214170428355918,0.08336735857294815,115.04,0.86,0.08,0.0,1.0,1.0,1.0,1.0,0.8,0.12,0.07999999999999996,0.78,0.12,0.09999999999999998,0.0,0.12,0.88
bbb,robust,0,0.08,0.25,0.1,50,1.0,0.82,0.18,0.18,50,0.0031860351562500444,0.14534589231014253,0.00015585767415645876,0.0037668237364050583,0.0036109660622485997,0.006931210908738371,0.002882131827653284,0.004049079081085087,0.00318603515625,0.11692656099796295,0.11374052584171296,0.24219956331782871,0.08554220054207778,0.15665736277575093,50.0,0.5904473093699776,0.9827586206896552,0.8234334820730959,0.5413603975146252,0.8406231372455096,0.2992627397308844,0.04678269651986859,0.23140836073311521,138.28,0.7,0.18,0.0,0.0,0.9827586206896552,1.0,1.0,0.6,0.16,0.24000000000000002,0.5,0.2,0.3,0.0,0.2,0.8
bbb,robust,0,0.08,0.25,0.15,50,1.0,0.46,0.54,0.54,50,0.0031860351562500444,0.39580727279186256,0.00015585767415645876,0.0043752445187419655,0.004219386844585507,0.004696232655201561,0.0036596113277753556,0.0010366213274262057,0.00318603515625,0.2408721226453781,0.23768608748912812,0.2558033885779204,0.21641795142837192,0.03938543714954848,,,,,,,,,,,,,,,,,,,,,,,,,,
bbb,robust,1,0.08,0.25,0.01,50,1.0,1.0,0.0,0.0,50,0.001986997127532919,0.0034110546112060477,8.398472102199718e-05,0.00013680746955870875,5.282274853671158e-05,,5.282274853671158e-05,,0.001986997127532959,0.0034110546112060547,0.0014240574836730958,,0.0014240574836730958,,50.0,1.0,1.0,1.0,0.9249999999999998,1.0,0.07499999999999997,0.03848335099752875,0.0,94.0,1.0,0.0,1.0,1.0,1.0,1.0,1.0,1.0,0.0,0.0,1.0,0.0,0.0,0.0,0.0,1.0
bbb,robust,1,0.08,0.25,0.03,50,1.0,1.0,0.0,0.0,50,0.001986997127532919,0.010028328895568848,8.398472102199718e-05,0.0004429269791685186,0.00035894225814652147,,0.00035894225814652147,,0.001986997127532959,0.010028328895568848,0.008041331768035889,,0.008041331768035889,,,,,,,,,,,,,,,,,,,,,,,,,,,
bbb,robust,1,0.08,0.25,0.05,50,1.0,1.0,0.0,0.0,50,0.001986997127532919,0.03560361385345462,8.398472102199718e-05,0.0017285330247733199,0.0016445483037513225,,0.0016445483037513225,,0.001986997127532959,0.03560361385345459,0.03361661672592163,,0.03361661672592163,,50.0,0.9201390944066291,1.0,0.9918248083448536,0.8508165137614678,0.9936917808219178,0.1428752670604499,0.038972239003743844,0.07060026604589291,98.68,0.94,0.0,0.007258064516129029,1.0,1.0,1.0,1.0,0.92,0.0,0.07999999999999996,0.92,0.02,0.059999999999999956,0.0,0.02,0.98
bbb,robust,1,0.08,0.25,0.07,50,1.0,0.9,0.1,0.1,50,0.001986997127532919,0.05389378547668459,8.398472102199718e-05,0.0029359948711027073,0.0028520101500807103,0.016586927301250397,0.0013259082443951892,0.015261019056855209,0.001986997127532959,0.07036596298217773,0.06837896585464477,0.38447037935256956,0.03325769768820869,0.35121268166436087,50.0,0.8233989649998469,1.0,0.9232526156833135,0.7600449826989617,0.9307526156833135,0.17070763298435154,0.03967993819627638,0.10186150393546922,109.64,0.9,0.08,0.0,1.0,1.0,1.0,1.0,0.82,0.06,0.12000000000000005,0.82,0.1,0.08000000000000004,0.0,0.1,0.9
bbb,robust,1,0.08,0.25,0.08,50,1.0,0.88,0.12,0.12,50,0.001986997127532919,0.08754594683647154,8.398472102199718e-05,0.002833486885429579,0.0027495021644075818,0.01341258049554502,0.0012954460283433858,0.012117134467201635,0.001986997127532959,0.06508089423179626,0.0630938971042633,0.23094182213147482,0.04020554369146174,0.1907362784400131,50.0,0.7859046556543191,1.0,0.8944375337236362,0.7244046556543191,0.9049375337236362,0.18053287806931703,0.04423539676060245,0.10770359176836136,126.42,0.82,0.1,0.0,0.9079702048417132,1.0,1.0,1.0,0.78,0.08,0.13999999999999996,0.7,0.14,0.16000000000000003,0.0,0.14,0.86
bbb,robust,1,0.08,0.25,0.1,50,1.0,0.8,0.2,0.2,50,0.001986997127532919,0.09932760953903198,8.398472102199718e-05,0.004764630578574724,0.004680645857552727,0.007193196365838084,0.004052508230481388,0.0031406881353566955,0.001986997127532959,0.10067239046096801,0.09868539333343505,0.2375235915184021,0.0639758437871933,0.1735477477312088,50.0,0.618616246280503,1.0,0.8382027833254938,0.5683459044413119,0.8531535605275664,0.28480765608625447,0.045071496763514185,0.21994045475042476,129.02,0.74,0.16,0.0,0.0,1.0,1.0,1.0,0.62,0.16,0.22,0.54,0.18,0.27999999999999997,0.0,0.18,0.8200000000000001
bbb,robust,1,0.08,0.25,0.15,50,1.0,0.42,0.58,0.58,50,0.001986997127532919,0.3805208373069764,8.398472102199718e-05,0.0043854990741238,0.004301514353101803,0.005000210983996017,0.00333664757710503,0.0016635634068909873,0.001986997127532959,0.19947916269302368,0.19749216556549073,0.25127512216567993,0.12322046359380086,0.1280546585718791,,,,,,,,,,,,,,,,,,,,,,,,,,
bbb,robust,2,0.08,0.25,0.01,50,1.0,1.0,0.0,0.0,50,0.003323547840118386,0.006952939033508266,0.0002019306770364093,0.00035626102485403763,0.0001543303478176284,,0.0001543303478176284,,0.003323547840118408,0.006952939033508301,0.0036293911933898927,,0.0036293911933898927,,50.0,1.0,1.0,1.0,0.9249999999999998,1.0,0.07499999999999997,0.03848335099752875,0.0,94.0,1.0,0.0,1.0,1.0,1.0,1.0,1.0,1.0,0.0,0.0,1.0,0.0,0.0,0.0,0.0,1.0
bbb,robust,2,0.08,0.25,0.03,50,1.0,1.0,0.0,0.0,50,0.003323547840118386,0.02561751604080203,0.0002019306770364093,0.0013267397083534872,0.0011248090313170777,,0.0011248090313170777,,0.003323547840118408,0.025617516040802,0.022293968200683592,,0.022293968200683592,,,,,,,,,,,,,,,,,,,,,,,,,,,
bbb,robust,2,0.08,0.25,0.05,50,1.0,0.94,0.06,0.06,50,0.003323547840118386,0.053108887672424325,0.0002019306770364093,0.0017687985504136312,0.0015668678733772217,0.018314245156943798,0.0004978863446389297,0.017816358812304867,0.003323547840118408,0.028479933738708496,0.025156385898590088,0.21697678168614706,0.012912530848320494,0.20406425083782656,50.0,0.92,1.0,0.9403539823008851,0.851,0.9448539823008849,0.0938539823008849,0.03838993387042534,0.020412371134020616,94.88,0.94,0.06,0.0,1.0,1.0,1.0,1.0,0.92,0.06,0.019999999999999962,0.92,0.06,0.019999999999999962,0.0,0.06,0.94
bbb,robust,2,0.08,0.25,0.07,50,1.0,0.94,0.06,0.06,50,0.003323547840118386,0.0615769171714783,0.0002019306770364093,0.001746132549869106,0.0015442018728326968,0.0010358396296699841,0.0015766505266515932,-0.0005408108969816091,0.003323547840118408,0.04056849241256714,0.03724494457244873,0.03267077604929606,0.03753691277605422,-0.004866136726758161,50.0,0.8964318610762939,1.0,0.9361050228310502,0.8287548699258513,0.9424383561643837,0.11368348623853208,0.039857913383529106,0.03929663084962524,102.92,0.9,0.06,0.0,1.0,1.0,1.0,1.0,0.9,0.06,0.03999999999999998,0.88,0.08,0.039999999999999994,0.0,0.08,0.92
bbb,robust,2,0.08,0.25,0.08,50,1.0,0.94,0.06,0.06,50,0.003323547840118386,0.07831320047378539,0.0002019306770364093,0.002506376786165134,0.0023044461091287246,-0.0012330608442425728,0.0025302444253013615,-0.0037633052695439343,0.003323547840118408,0.06277431726455689,0.05945076942443848,0.015277703603108725,0.06227032681728931,-0.04699262321418059,50.0,0.828307290466887,1.0,0.924910085848509,0.7634847098217256,0.9330997410209229,0.16961503119919705,0.0427963954255185,0.09757398655339906,111.34,0.9,0.06,0.0,1.0,1.0,1.0,1.0,0.82,0.08,0.10000000000000005,0.78,0.08,0.13999999999999996,0.0,0.08,0.92
bbb,robust,2,0.08,0.25,0.1,50,1.0,0.86,0.14,0.14,50,0.003323547840118386,0.13086456060409543,0.0002019306770364093,0.004038471554049465,0.003836540877013056,0.012363811185683258,0.0024483805942062792,0.009915430591476978,0.003323547840118408,0.13934812664985657,0.13602457880973817,0.25881114176341463,0.11603606856146524,0.14277507320194938,50.0,0.5865014710557075,0.9954128440366973,0.8752479803589523,0.5395537098616777,0.8918202323822346,0.352266522520557,0.04483175700080489,0.2881377042020244,136.64,0.66,0.1,0.0,0.0,0.9954128440366973,1.0,1.0,0.58,0.12,0.30000000000000004,0.52,0.14,0.33999999999999997,0.0,0.14,0.86
bbb,robust,2,0.08,0.25,0.15,50,1.0,0.4,0.6,0.6,50,0.003323547840118386,0.3746368229389191,0.0002019306770364093,0.003666323135839775,0.0034643924588033657,0.004387628191302536,0.002079538860054612,0.0023080893312479238,0.003323547840118408,0.22536317706108094,0.22203962922096251,0.27886768579483034,0.13679754436016084,0.1420701414346695,,,,,,,,,,,,,,,,,,,,,,,,,,
bbb,robust,3,0.08,0.25,0.01,50,1.0,1.0,0.0,0.0,50,0.0034708034992217843,0.006811352968215931,0.00022140976833018706,0.0004993463854482736,0.00027793661711808656,,0.00027793661711808656,,0.0034708034992218017,0.006811352968215942,0.0033405494689941408,,0.0033405494689941408,,50.0,1.0,1.0,1.0,0.9249999999999998,1.0,0.07499999999999997,0.03848335099752875,0.0,94.0,1.0,0.0,1.0,1.0,1.0,1.0,1.0,1.0,0.0,0.0,1.0,0.0,0.0,0.0,0.0,1.0
bbb,robust,3,0.08,0.25,0.03,50,1.0,1.0,0.0,0.0,50,0.0034708034992217843,0.025235382318496702,0.00022140976833018706,0.0015296511782530611,0.001308241409922874,,0.001308241409922874,,0.0034708034992218017,0.025235382318496705,0.0217645788192749,,0.0217645788192749,,,,,,,,,,,,,,,,,,,,,,,,,,,
bbb,robust,3,0.08,0.25,0.05,50,1.0,0.94,0.06,0.06,50,0.0034708034992217843,0.0381391572952271,0.00022140976833018706,0.0018084649679229402,0.0015870551995927533,0.011699885129928589,0.0009415554168053597,0.01075832971312323,0.0034708034992218017,0.04286242485046387,0.039391621351242065,0.29592978954315186,0.023016844658141442,0.2729129448850104,50.0,0.9173137336960312,1.0,0.9410168057622843,0.8468137336960312,0.9475108087607851,0.10069707506475378,0.04114437137314292,0.02486929967807324,107.26,0.94,0.06,0.04576271186440677,1.0,1.0,1.0,1.0,0.92,0.06,0.019999999999999962,0.88,0.06,0.06,0.0,0.06,0.94
bbb,robust,3,0.08,0.25,0.07,50,1.0,0.9,0.1,0.1,50,0.0034708034992217843,0.06628271102905273,0.00022140976833018706,0.001217998866434573,0.0009965890981043861,0.004043786879628896,0.0006580115668238849,0.0033857753128050116,0.0034708034992218017,0.056217384338378903,0.052746580839157106,0.28441656827926637,0.02700547112358941,0.25741109715567695,50.0,0.8723132129018174,1.0,0.9034246575342466,0.8063132129018173,0.9109246575342467,0.10461144463242915,0.04059575220667425,0.031604312871378486,105.36,0.88,0.1,0.0,1.0,1.0,1.0,1.0,0.88,0.1,0.01999999999999999,0.84,0.1,0.060000000000000026,0.0,0.1,0.9
bbb,robust,3,0.08,0.25,0.08,50,1.0,0.9,0.1,0.1,50,0.0034708034992217843,0.06417975306510922,0.00022140976833018706,0.002163025139706125,0.0019416153713759383,0.0039035956375300883,0.0017236175640254767,0.0021799780735046116,0.0034708034992218017,0.0769468915462494,0.07347608804702759,0.27437915802001955,0.051153524716695147,0.2232256333033244,50.0,0.7952903482053455,1.0,0.9001891038984737,0.7322903482053453,0.9087120924042209,0.17642174419887546,0.04503863075960126,0.1051220229286752,117.08,0.86,0.1,0.0,0.9073105852137223,1.0,1.0,1.0,0.8,0.1,0.09999999999999995,0.72,0.1,0.18000000000000002,0.0,0.1,0.9
bbb,robust,3,0.08,0.25,0.1,50,1.0,0.8,0.2,0.2,50,0.0034708034992217843,0.09359624207019804,0.00022140976833018706,0.0035917268459351704,0.0033703170776049835,0.0077172062354293304,0.0022835947881488967,0.005433611447280434,0.0034708034992218017,0.12533218324184417,0.12186137974262237,0.25952968299388884,0.08744430392980576,0.17208537906408308,50.0,0.5721846991802014,1.0,0.8118454664670811,0.5275663856691254,0.8300289527056134,0.3024625670364879,0.04141240372003359,0.24327921834557176,128.9,0.66,0.16,0.0,0.0,1.0,1.0,1.0,0.58,0.18,0.24000000000000005,0.54,0.22,0.23999999999999996,0.0,0.22,0.78
bbb,robust,3,0.08,0.25,0.15,50,1.0,0.44,0.56,0.56,50,0.0034708034992217843,0.32843380391597754,0.00022140976833018706,0.00398001021327218,0.0037586004449419934,0.0026498264211997783,0.0051697673842502675,-0.002519940963050489,0.0034708034992218017,0.2346394020318985,0.23116859853267668,0.264895352934088,0.1882436383854259,0.0766517145486621,,,,,,,,,,,,,,,,,,,,,,,,,,
bbb,robust,4,0.08,0.25,0.01,50,1.0,1.0,0.0,0.0,50,0.0015783452987671032,0.0027408611774444314,6.844073881728693e-05,0.00019049068793789543,0.00012204994912060849,,0.00012204994912060849,,0.00157834529876709,0.002740861177444458,0.001162515878677368,,0.001162515878677368,,50.0,1.0,1.0,1.0,0.9249999999999998,1.0,0.07499999999999997,0.03848335099752875,0.0,94.0,1.0,0.0,1.0,1.0,1.0,1.0,1.0,1.0,0.0,0.0,1.0,0.0,0.0,0.0,0.0,1.0
bbb,robust,4,0.08,0.25,0.03,50,1.0,1.0,0.0,0.0,50,0.0015783452987671032,0.011933652162551881,6.844073881728693e-05,0.0006979795741682554,0.0006295388353509684,,0.0006295388353509684,,0.00157834529876709,0.01193365216255188,0.01035530686378479,,0.01035530686378479,,,,,,,,,,,,,,,,,,,,,,,,,,,
bbb,robust,4,0.08,0.25,0.05,50,1.0,0.98,0.02,0.02,50,0.0015783452987671032,0.02678161263465878,6.844073881728693e-05,0.0010265950871462515,0.0009581543483289645,0.01134774461388588,0.0007461218939298438,0.010601622719956036,0.00157834529876709,0.02482505440711975,0.02324670910835266,0.21490883827209473,0.019335237084602823,0.1955736011874919,50.0,0.958082191780822,1.0,0.9786170212765959,0.8860821917808218,0.9815,0.09541780821917804,0.039316947224893345,0.020474509250105917,98.44,0.96,0.02,0.9472602739726028,1.0,1.0,1.0,1.0,0.96,0.02,0.020000000000000035,0.94,0.02,0.04000000000000005,0.0,0.02,0.98
bbb,robust,4,0.08,0.25,0.07,50,1.0,0.94,0.06,0.06,50,0.0015783452987671032,0.05598364472389225,6.844073881728693e-05,0.00235930691528516,0.0022908661764678728,0.011467956200552484,0.0017050944728028976,0.009762861727749586,0.00157834529876709,0.06746801257133483,0.06588966727256775,0.3274957338968913,0.049191407700802416,0.27830432619608886,50.0,0.8333618697162496,1.0,0.9282746939597082,0.7673618697162496,0.9369337899543378,0.16957192023808823,0.047318103464387896,0.0935997176301704,127.02,0.9,0.06,0.0,0.9741379310344828,1.0,1.0,1.0,0.82,0.06,0.12000000000000005,0.74,0.1,0.16,0.0,0.1,0.9
bbb,robust,4,0.08,0.25,0.08,50,1.0,0.9,0.1,0.1,50,0.0015783452987671032,0.07599695801734924,6.844073881728693e-05,0.0021421832606301904,0.0020737425218129036,0.005131102376617491,0.0017340358712790605,0.0033970665053384306,0.00157834529876709,0.07538286328315735,0.07380451798439026,0.2094547152519226,0.05873227384355333,0.15072244140836927,50.0,0.7437013230801096,1.0,0.878520765383779,0.6850833333333333,0.890520765383779,0.2054374320504457,0.04028428011064947,0.13499195947291406,117.96,0.78,0.1,0.0,0.328125,1.0,1.0,1.0,0.74,0.1,0.16,0.74,0.16,0.1,0.0,0.16,0.84
bbb,robust,4,0.08,0.25,0.1,50,1.0,0.78,0.22,0.22,50,0.0015783452987671032,0.14665999710559843,6.844073881728693e-05,0.0023337328954221447,0.002265292156604858,0.005264460192440817,0.0014193729670101002,0.003845087225430717,0.00157834529876709,0.08385163247585296,0.08227328717708587,0.20594505017453973,0.04739150787011171,0.15855354230442803,50.0,0.6309067142617188,1.0,0.8154888310216802,0.5808792251567908,0.8326784861940939,0.25179926103730316,0.04390537362044398,0.18455720326405445,128.44,0.72,0.16,0.0,0.0,1.0,1.0,1.0,0.64,0.2,0.15999999999999998,0.54,0.2,0.25999999999999995,0.0,0.2,0.8
bbb,robust,4,0.08,0.25,0.15,50,1.0,0.5,0.5,0.5,50,0.0015783452987671032,0.289773285984993,6.844073881728693e-05,0.004131923073291546,0.004063482334474258,0.0037458236576522453,0.004381141011296272,-0.0006353173536440266,0.00157834529876709,0.22190755546092988,0.22032921016216278,0.2355546247959137,0.20510379552841188,0.03045082926750181,,,,,,,,,,,,,,,,,,,,,,,,,,
bbb,standard,0,,,0.01,50,1.0,1.0,0.0,0.0,50,0.006954237222671545,0.014626178741455113,0.005887013097252805,0.009687958269680622,0.0038009451724278164,,0.0038009451724278164,,0.006954237222671509,0.014626178741455078,0.00767194151878357,,0.00767194151878357,,50.0,0.9257234886082234,1.0,0.9857051222690382,0.8507234886082233,0.9896780821917808,0.13895459358355744,0.052033247984061406,0.05964353129356006,132.34,0.98,0.02,0.5707191780821919,0.9852064220183486,1.0,1.0,1.0,0.94,0.0,0.06000000000000005,0.78,0.02,0.19999999999999998,0.0,0.02,0.98
bbb,standard,0,,,0.03,50,1.0,0.96,0.04,0.04,50,0.006954237222671545,0.05193973779678349,0.005887013097252805,0.02479165538548841,0.01890464228823561,0.05672508478164673,0.01732879051767681,0.039396294263969914,0.006954237222671509,0.04115213871002197,0.03419790148735046,0.2108750343322754,0.026836354285478592,0.1840386800467968,,,,,,,,,,,,,,,,,,,,,,,,,,
bbb,standard,0,,,0.05,50,1.0,0.88,0.12,0.12,50,0.006954237222671545,0.038293436169624356,0.005887013097252805,0.05464029338269029,0.04875328028543748,0.0816418540974458,0.04426847476561817,0.03737337933182763,0.006954237222671509,0.11534303963184357,0.10838880240917206,0.22816177705923715,0.09205612404779955,0.13610565301143762,50.0,0.0,0.0,0.4158277017598451,0.0,0.47716509566535875,0.47716509566535875,0.037315636908736065,0.41958762886597945,171.08,0.16,0.12,0.0,0.0,0.0,0.0,0.0,0.0,0.56,0.43999999999999995,0.0,0.7,0.30000000000000004,0.0,0.7,0.30000000000000004
bbb,standard,0,,,0.07,50,1.0,0.6,0.4,0.4,50,0.006954237222671545,0.2344370985031128,0.005887013097252805,0.07904988664202392,0.07316287354477112,0.09102180837362539,0.0612569169922016,0.02976489138142379,0.006954237222671509,0.1655629014968872,0.1586086642742157,0.22603638470172882,0.11365685065587362,0.1123795340458552,50.0,0.0,0.0,0.12253575494228672,0.0,0.19710084369968311,0.19710084369968311,0.037315636908736065,0.12515463917525774,151.14,0.0,0.36,0.0,0.0,0.0,0.0,0.0,0.0,0.88,0.12,0.0,0.98,0.020000000000000018,0.0,0.98,0.020000000000000018
bbb,standard,0,,,0.08,50,1.0,0.54,0.46,0.46,50,0.006954237222671545,0.3846155142784119,0.005887013097252805,0.08451571794226766,0.07862870484501486,0.07065744853689862,0.08541903429266942,-0.0147615857557708,0.006954237222671509,0.1675003457069397,0.1605461084842682,0.14197330889494522,0.17636738220850626,-0.034394073313561035,50.0,0.0,0.0,0.04958520598504419,0.0,0.12458520598504416,0.12458520598504416,0.037315636908736065,0.0490721649484536,125.3,0.0,0.44,0.0,0.0,0.0,0.0,0.0,0.0,0.96,0.040000000000000036,0.0,0.98,0.020000000000000018,0.0,1.0,0.0
bbb,standard,0,,,0.1,50,1.0,0.26,0.74,0.74,50,0.006954237222671545,0.5958235132694244,0.005887013097252805,0.08255959076806903,0.07667257767081623,0.06578046716101515,0.10767319989101928,-0.04189273273000413,0.006954237222671509,0.1486012089252472,0.14164697170257567,0.1341164772574966,0.16307991743087769,-0.028963440173381094,50.0,0.0,0.0,0.009928016609501364,0.0,0.08492801660950132,0.08492801660950132,0.037315636908736065,0.007628865979381442,104.66,0.0,0.72,0.0,0.0,0.0,0.0,0.0,0.0,1.0,0.0,0.0,1.0,0.0,0.0,1.0,0.0
bbb,standard,0,,,0.15,50,1.0,0.0,1.0,1.0,50,0.006954237222671545,0.9307947373390197,0.005887013097252805,0.04989107613626402,0.044004063039011214,0.044004063039011214,,,0.006954237222671509,0.06920526266098022,0.06225102543830872,0.06225102543830872,,,,,,,,,,,,,,,,,,,,,,,,,,,,
bbb,standard,1,,,0.01,50,1.0,1.0,0.0,0.0,50,0.002854071855545093,0.008943240642547642,0.0026247814398350044,0.0066391710379184584,0.0040143895980834544,,0.0040143895980834544,,0.002854071855545044,0.008943240642547607,0.006089168787002564,,0.006089168787002564,,50.0,0.9293320931327235,1.0,0.9888755505120099,0.8551654264660568,0.9932739726027399,0.13810854613668297,0.05191780382951328,0.059541879470016316,134.8,1.0,0.0,0.6066780821917809,0.9874999999999999,1.0,1.0,1.0,0.94,0.0,0.06000000000000005,0.76,0.04,0.19999999999999998,0.0,0.04,0.96
bbb,standard,1,,,0.03,50,1.0,0.98,0.02,0.02,50,0.002854071855545093,0.04456381320953366,0.0026247814398350044,0.023389237212795705,0.0207644557729607,0.07581460475921631,0.01964098334466977,0.05617362141454654,0.002854071855545044,0.03480630874633789,0.031952236890792844,0.20337969064712524,0.028453717426377898,0.17492597322074735,,,,,,,,,,,,,,,,,,,,,,,,,,
bbb,standard,1,,,0.05,50,1.0,0.9,0.1,0.1,50,0.002854071855545093,0.09115936875343325,0.0026247814398350044,0.061720908122806575,0.059096126682971574,0.14143954715691506,0.049946857741422296,0.09149268941549277,0.002854071855545044,0.1183582890033722,0.11550421714782715,0.31567572355270385,0.0932629386583964,0.22241278489430744,50.0,0.0,0.0,0.4220088387681302,0.0,0.4825393261151303,0.4825393261151303,0.037315636908736065,0.42577319587628865,171.68,0.12,0.12,0.0,0.0,0.0,0.0,0.0,0.0,0.58,0.42000000000000004,0.0,0.66,0.33999999999999997,0.0,0.7,0.30000000000000004
bbb,standard,1,,,0.07,50,1.0,0.64,0.36,0.36,50,0.002854071855545093,0.1944836181402206,0.0026247814398350044,0.09638151340186596,0.09375673196203095,0.11558428224897296,0.08147873492562607,0.03410554732334689,0.002854071855545044,0.18111936390399933,0.1782652920484543,0.2501363505919774,0.1378378216177225,0.11229852897425491,50.0,0.0,0.0,0.14777761201107034,0.0,0.21994022710622668,0.21994022710622668,0.037315636908736065,0.14804123711340206,135.68,0.0,0.36,0.0,0.0,0.0,0.0,0.0,0.0,0.86,0.14,0.0,0.88,0.12,0.0,0.92,0.07999999999999996
bbb,standard,1,,,0.08,50,1.0,0.54,0.46,0.46,50,0.002854071855545093,0.3652816104888916,0.0026247814398350044,0.10144840291701257,0.09882362147717756,0.1012263238416104,0.09677687501858664,0.004449448823023755,0.002854071855545044,0.18799173593521118,0.18513766407966614,0.18979649699252585,0.18116902863537823,0.008627468357147616,50.0,0.0,0.0,0.07923868251810125,0.0,0.15423868251810122,0.15423868251810122,0.037315636908736065,0.07876288659793813,129.68,0.0,0.48,0.0,0.0,0.0,0.0,0.0,0.0,0.9,0.09999999999999998,0.0,0.98,0.020000000000000018,0.0,1.0,0.0
bbb,standard,1,,,0.1,50,1.0,0.28,0.72,0.72,50,0.002854071855545093,0.5931078803539276,0.0026247814398350044,0.09500187613884918,0.09237709469901417,0.08813113559382499,0.10329527525521495,-0.015164139661389964,0.002854071855545044,0.1460377013683319,0.14318362951278688,0.1361300845940908,0.1613213164465768,-0.025191231852486007,50.0,0.0,0.0,0.006868279537943598,0.0,0.08186827953794357,0.08186827953794357,0.037315636908736065,0.007422680412371135,105.02,0.0,0.74,0.0,0.0,0.0,0.0,0.0,0.0,1.0,0.0,0.0,1.0,0.0,0.0,1.0,0.0
bbb,standard,1,,,0.15,50,1.0,0.04,0.96,0.96,50,0.002854071855545093,0.9185846948623657,0.0026247814398350044,0.0458975816477323,0.04327280020789729,0.03439536500023103,0.25633124519188755,-0.22193588019165653,0.002854071855545044,0.061015737056732175,0.05816166520118713,0.042429499328136444,0.4357336461544037,-0.39330414682626724,,,,,,,,,,,,,,,,,,,,,,,,,,
bbb,standard,2,,,0.01,50,1.0,1.0,0.0,0.0,50,0.006623024940490728,0.012441217899322475,0.004263647687261027,0.00665485601550472,0.0023912083282436923,,0.0023912083282436923,,0.0066230249404907226,0.01244121789932251,0.005818192958831787,,0.005818192958831787,,50.0,0.9297920459361722,1.0,0.983389000762821,0.8562920459361721,0.9867559732398854,0.13046392730371317,0.04823622283338362,0.052545944134765286,124.48,0.98,0.0,0.48784246575342466,1.0,1.0,1.0,1.0,0.92,0.02,0.059999999999999956,0.82,0.02,0.16000000000000006,0.0,0.02,0.98
bbb,standard,2,,,0.03,50,1.0,0.98,0.02,0.02,50,0.006623024940490728,0.041032190322875944,0.004263647687261027,0.020114674833021127,0.0158510271457601,0.01132318377494812,0.015943432112511365,-0.004620248337563245,0.0066230249404907226,0.030783932209014892,0.02416090726852417,-0.03728461265563965,0.025414897471058125,-0.06269951012669778,,,,,,,,,,,,,,,,,,,,,,,,,,
bbb,standard,2,,,0.05,50,1.0,0.92,0.08,0.08,50,0.006623024940490728,0.07666029810905453,0.004263647687261027,0.04976544658420608,0.04550179889694505,0.08905648341169581,0.04171443502609715,0.047342048385598655,0.0066230249404907226,0.0963342559337616,0.08971123099327087,0.18382826447486877,0.08152714112530583,0.10230112334956294,50.0,0.0,0.0,0.4439787807623382,0.0,0.5041146338856977,0.5041146338856977,0.037315636908736065,0.4418556701030928,173.92,0.16,0.1,0.0,0.0,0.0,0.0,0.0,0.0,0.54,0.45999999999999996,0.0,0.68,0.31999999999999995,0.0,0.7,0.30000000000000004
bbb,standard,2,,,0.07,50,1.0,0.7,0.3,0.3,50,0.006623024940490728,0.1880536770820618,0.004263647687261027,0.08185531884431839,0.07759167115705737,0.07744276129330198,0.07765548967009539,-0.00021272837679341128,0.0066230249404907226,0.17707646369934082,0.1704534387588501,0.21137967507044475,0.1529136231967381,0.058466051873706654,50.0,0.0,0.0,0.11310979237514251,0.0,0.18783884265447207,0.18783884265447207,0.037315636908736065,0.10907216494845359,151.16,0.0,0.32,0.0,0.0,0.0,0.0,0.0,0.0,0.92,0.07999999999999996,0.0,0.96,0.040000000000000036,0.0,0.98,0.020000000000000018
bbb,standard,2,,,0.08,50,1.0,0.52,0.48,0.48,50,0.006623024940490728,0.30094153881072994,0.004263647687261027,0.09274292873218655,0.08847928104492553,0.09377527065892839,0.08359067524738442,0.01018459541154397,0.0066230249404907226,0.17905846118927002,0.1724354362487793,0.19475173950195312,0.15183577170738807,0.04291596779456505,50.0,0.0,0.0,0.038396327334159056,0.0,0.11339632733415902,0.11339632733415902,0.037315636908736065,0.03402061855670103,124.14,0.0,0.42,0.0,0.0,0.0,0.0,0.0,0.0,0.98,0.020000000000000018,0.0,1.0,0.0,0.0,1.0,0.0
bbb,standard,2,,,0.1,50,1.0,0.28,0.72,0.72,50,0.006623024940490728,0.567005009651184,0.004263647687261027,0.08808485332876444,0.08382120564150342,0.06379591274388001,0.1353148159496779,-0.07151890320579789,0.0066230249404907226,0.15299499034881592,0.1463719654083252,0.11870987216631572,0.21750306231634958,-0.09879319015003386,50.0,0.0,0.0,0.00017699115044247815,0.0,0.07517699115044245,0.07517699115044245,0.037315636908736065,0.00020618556701030926,97.32,0.0,0.72,0.0,0.0,0.0,0.0,0.0,0.0,1.0,0.0,0.0,1.0,0.0,0.0,1.0,0.0
bbb,standard,2,,,0.15,50,1.0,0.0,1.0,1.0,50,0.006623024940490728,0.9580055391788483,0.004263647687261027,0.03169941805303097,0.02743577036576994,0.02743577036576994,,,0.0066230249404907226,0.041994460821151734,0.03537143588066101,0.03537143588066101,,,,,,,,,,,,,,,,,,,,,,,,,,,,
bbb,standard,3,,,0.01,50,1.0,1.0,0.0,0.0,50,0.0036170530319213443,0.009073644876480103,0.003861260693782924,0.00836917533086762,0.004507914637084696,,0.004507914637084696,,0.003617053031921387,0.009073644876480103,0.005456591844558716,,0.005456591844558716,,50.0,0.9201268899740661,1.0,0.9933196968186764,0.8451268899740662,0.9971164383561644,0.15198954838209824,0.05338555589680585,0.07397597768674995,135.44,1.0,0.0,0.513013698630137,0.9724916387959865,1.0,1.0,1.0,0.92,0.0,0.07999999999999996,0.74,0.02,0.24000000000000002,0.0,0.02,0.98
bbb,standard,3,,,0.03,50,1.0,0.98,0.02,0.02,50,0.0036170530319213443,0.04576673507690427,0.003861260693782924,0.02790737220109804,0.02404611150731512,0.11693227291107178,0.022150475560299674,0.0947817973507721,0.003617053031921387,0.044055633544921875,0.04043858051300049,0.3423774242401123,0.03427656329407984,0.30810086094603245,,,,,,,,,,,,,,,,,,,,,,,,,,
bbb,standard,3,,,0.05,50,1.0,0.9,0.1,0.1,50,0.0036170530319213443,0.06293190240859985,0.003861260693782924,0.05680047088128049,0.052939210187497567,0.1121675804257393,0.046358280161026263,0.06580930026471303,0.003617053031921387,0.11671535730361939,0.113098304271698,0.23893897533416747,0.09911600748697917,0.13982296784718828,50.0,0.0,0.0,0.44856009262347085,0.0,0.5050786821129207,0.5050786821129207,0.037315636908736065,0.4457731958762887,160.14,0.22,0.12,0.0,0.0,0.0,0.0,0.0,0.0,0.5,0.5,0.0,0.66,0.33999999999999997,0.0,0.68,0.31999999999999995
bbb,standard,3,,,0.07,50,1.0,0.62,0.38,0.38,50,0.0036170530319213443,0.2412248134613037,0.003861260693782924,0.07474140805774368,0.07088014736396075,0.10316332344633625,0.05109368460379513,0.052069638842541115,0.003617053031921387,0.14922772407531737,0.145610671043396,0.21280419199090256,0.10442754530137585,0.1083766466895267,50.0,0.0,0.0,0.17765587307647082,0.0,0.2483393593150029,0.2483393593150029,0.037315636908736065,0.17567010309278344,146.38,0.02,0.38,0.0,0.0,0.0,0.0,0.0,0.0,0.8,0.19999999999999996,0.0,0.9,0.09999999999999998,0.0,0.92,0.07999999999999996
bbb,standard,3,,,0.08,50,1.0,0.5,0.5,0.5,50,0.0036170530319213443,0.3491781389713287,0.003861260693782924,0.07899353356217034,0.07513227286838742,0.08509577588378306,0.06516876985299178,0.019927006030791283,0.003617053031921387,0.15453259587287904,0.15091554284095765,0.18432230472564698,0.11750878095626831,0.06681352376937867,50.0,0.0,0.0,0.09301026977825931,0.0,0.16607983196615841,0.16607983196615841,0.037315636908736065,0.09608247422680412,128.64,0.0,0.48,0.0,0.0,0.0,0.0,0.0,0.0,0.92,0.07999999999999996,0.0,0.96,0.040000000000000036,0.0,0.96,0.040000000000000036
bbb,standard,3,,,0.1,50,1.0,0.38,0.62,0.62,50,0.0036170530319213443,0.5810109746456147,0.003861260693782924,0.0812268206384033,0.07736555994462037,0.05038247306997472,0.12139059642430539,-0.07100812335433067,0.003617053031921387,0.1274614989757538,0.1238444459438324,0.07769234718814973,0.19914523865047254,-0.12145289146232281,50.0,0.0,0.0,0.02422462782821614,0.0,0.09922462782821612,0.09922462782821612,0.037315636908736065,0.022268041237113404,107.94,0.0,0.62,0.0,0.0,0.0,0.0,0.0,0.0,0.96,0.040000000000000036,0.0,1.0,0.0,0.0,1.0,0.0
bbb,standard,3,,,0.15,50,1.0,0.08,0.92,0.92,50,0.0036170530319213443,0.844715831875801,0.003861260693782924,0.050565959138912146,0.04670469844512923,0.03819221457296328,0.14459826297503753,-0.10640604840207424,0.003617053031921387,0.07528416812419891,0.07166711509227752,0.05779125703417737,0.23123948276042938,-0.17344822572625201,,,,,,,,,,,,,,,,,,,,,,,,,,
bbb,standard,4,,,0.01,50,1.0,1.0,0.0,0.0,50,0.005771631002426134,0.01074739456176757,0.004969865217603342,0.007847363209259583,0.0028774979916562416,,0.0028774979916562416,,0.005771631002426147,0.010747394561767577,0.004975763559341431,,0.004975763559341431,,50.0,0.9430481058093712,1.0,0.986058522893888,0.8686944472727859,0.9880753424657535,0.11938089519296753,0.05152641132437997,0.0439185603730738,133.08,0.98,0.0,0.7804794520547945,0.9740942028985506,1.0,1.0,1.0,0.96,0.02,0.020000000000000035,0.74,0.02,0.24000000000000002,0.0,0.02,0.98
bbb,standard,4,,,0.03,50,1.0,0.98,0.02,0.02,50,0.005771631002426134,0.0366586065292358,0.004969865217603342,0.023925526190851087,0.018955660973247745,0.0436285138130188,0.018452133364272826,0.025176380448745973,0.005771631002426147,0.032188763618469236,0.02641713261604309,0.12156277894973755,0.024475384731681978,0.09708739421805557,,,,,,,,,,,,,,,,,,,,,,,,,,
bbb,standard,4,,,0.05,50,1.0,0.92,0.08,0.08,50,0.005771631002426134,0.06362685084342956,0.004969865217603342,0.06901813892531208,0.06404827370770874,0.10066164168529212,0.06086450257922323,0.03979713910606889,0.005771631002426147,0.13305954575538637,0.1272879147529602,0.23943842947483063,0.11753569608149321,0.12190273339333742,50.0,0.0,0.0,0.41635107263141685,0.0,0.4761041210578481,0.4761041210578481,0.037315636908736065,0.41402061855670097,164.96,0.22,0.1,0.0,0.0,0.0,0.0,0.0,0.0,0.58,0.42000000000000004,0.0,0.68,0.31999999999999995,0.0,0.7,0.30000000000000004
bbb,standard,4,,,0.07,50,1.0,0.54,0.46,0.46,50,0.005771631002426134,0.29245710730552676,0.004969865217603342,0.09186348466668277,0.08689361944907943,0.11780934501439333,0.06055800137492316,0.05725134363947017,0.005771631002426147,0.16754289269447326,0.1617712616920471,0.24683140930922134,0.08931261742556537,0.15751879188365597,50.0,0.0,0.0,0.14581772500978502,0.0,0.22081772500978494,0.22081772500978494,0.037315636908736065,0.14494845360824743,153.6,0.0,0.42,0.0,0.0,0.0,0.0,0.0,0.0,0.86,0.14,0.0,0.92,0.07999999999999996,0.0,0.96,0.040000000000000036
bbb,standard,4,,,0.08,50,1.0,0.5,0.5,0.5,50,0.005771631002426134,0.36106542468070985,0.004969865217603342,0.09008502643555402,0.08511516121795068,0.08418675466673449,0.08604356776916688,-0.0018568131024323947,0.005771631002426147,0.1554633605480194,0.14969172954559326,0.14866267919540405,0.15072077989578248,-0.002058100700378429,50.0,0.0,0.0,0.0641092665847785,0.0,0.13910926658477846,0.13910926658477846,0.037315636908736065,0.06412371134020618,129.34,0.0,0.52,0.0,0.0,0.0,0.0,0.0,0.0,0.94,0.06000000000000005,0.0,1.0,0.0,0.0,1.0,0.0
bbb,standard,4,,,0.1,50,1.0,0.3,0.7,0.7,50,0.005771631002426134,0.6186070370674134,0.004969865217603342,0.08613134302198887,0.08116147780438553,0.05896065220918639,0.1329634041931835,-0.07400275198399711,0.005771631002426147,0.14494313478469847,0.13917150378227233,0.10382425274167742,0.22164842287699382,-0.1178241701353164,50.0,0.0,0.0,0.003586890853549578,0.0,0.07858689085354953,0.07858689085354953,0.037315636908736065,0.003298969072164948,102.2,0.0,0.66,0.0,0.0,0.0,0.0,0.0,0.0,1.0,0.0,0.0,1.0,0.0,0.0,1.0,0.0
bbb,standard,4,,,0.15,50,1.0,0.04,0.96,0.96,50,0.005771631002426134,0.9295079910755157,0.004969865217603342,0.036502019804029257,0.031532154586425915,0.02304779772664804,0.23515671922109505,-0.21210892149444702,0.005771631002426147,0.04931436657905579,0.04354273557662964,0.0265092837313811,0.4523455798625946,-0.4258362961312135,,,,,,,,,,,,,,,,,,,,,,,,,,
deterministic,robust,0,0.08,0.25,0.01,50,1.0,1.0,0.0,0.0,50,0.0004935276508331032,0.0012490153312683105,-8.26280156485332e-08,-4.394216317413213e-08,3.868585247440108e-08,,3.868585247440108e-08,,0.0004935276508331299,0.0012490153312683105,0.0007554876804351806,,0.0007554876804351806,,50.0,1.0,1.0,1.0,0.9249999999999998,1.0,0.07499999999999997,0.03848335099752875,0.0,94.0,1.0,0.0,1.0,1.0,1.0,1.0,1.0,1.0,0.0,0.0,1.0,0.0,0.0,0.0,0.0,1.0
deterministic,robust,0,0.08,0.25,0.03,50,1.0,1.0,0.0,0.0,50,0.0004935276508331032,0.0052119326591492056,-8.26280156485332e-08,-2.4528170976533963e-08,5.809984467199924e-08,,5.809984467199924e-08,,0.0004935276508331299,0.00521193265914917,0.00471840500831604,,0.00471840500831604,,,,,,,,,,,,,,,,,,,,,,,,,,,
deterministic,robust,0,0.08,0.25,0.05,50,1.0,1.0,0.0,0.0,50,0.0004935276508331032,0.0191030824184418,-8.26280156485332e-08,-1.6774513582618057e-08,6.585350206591515e-08,,6.585350206591515e-08,,0.0004935276508331299,0.01910308241844177,0.018609554767608644,,0.018609554767608644,,50.0,1.0,1.0,1.0,0.9249999999999998,1.0,0.07499999999999997,0.03848335099752875,0.0,94.0,1.0,0.0,1.0,1.0,1.0,1.0,1.0,1.0,0.0,0.0,1.0,0.0,0.0,0.0,0.0,1.0
deterministic,robust,0,0.08,0.25,0.07,50,1.0,0.96,0.04,0.04,50,0.0004935276508331032,0.04469550490379338,-8.26280156485332e-08,1.6816923106288685e-08,9.944493875482188e-08,3.725726855918765e-07,8.806461596994461e-08,2.845080696219319e-07,0.0004935276508331299,0.04766778826713562,0.04717426061630249,0.3800429701805115,0.033304731051127114,0.34673823912938434,50.0,0.9,1.0,0.96,0.8324999999999999,0.963,0.13049999999999998,0.03836657958864948,0.06,94.3,0.9,0.04,0.0,1.0,1.0,1.0,1.0,0.9,0.04,0.05999999999999998,0.9,0.04,0.05999999999999998,0.0,0.04,0.96
deterministic,robust,0,0.08,0.25,0.08,50,1.0,0.92,0.08,0.08,50,0.0004935276508331032,0.0639082396030426,-8.26280156485332e-08,-3.7529935064117835e-08,4.509808058441537e-08,1.8631567400007043e-07,3.2818289852619274e-08,1.5349738414745116e-07,0.0004935276508331299,0.05629459500312805,0.055801067352294925,0.3128577172756195,0.03344831518504931,0.2794094020905702,50.0,0.88,1.0,0.8804477611940298,0.814,0.8894477611940297,0.07544776119402981,0.038343225306873625,0.00020618556701030926,95.1,0.88,0.12,0.0,1.0,1.0,1.0,1.0,0.88,0.12,0.0,0.88,0.12,0.0,0.0,0.12,0.88
deterministic,robust,0,0.08,0.25,0.1,50,1.0,0.88,0.12,0.12,50,0.0004935276508331032,0.10452190041542059,-8.26280156485332e-08,3.930908789584464e-09,8.655892443811767e-08,2.5337052041625913e-07,6.381188862291656e-08,1.8955863179334257e-07,0.0004935276508331299,0.06872999787330628,0.06823647022247314,0.1678775648276011,0.054649048230864784,0.11322851659673633,50.0,0.8,1.0,0.8826119402985074,0.74,0.8916119402985074,0.1516119402985074,0.038249808179770216,0.08309278350515463,98.02,0.8,0.1,0.0,1.0,1.0,1.0,1.0,0.8,0.12,0.07999999999999996,0.8,0.12,0.07999999999999996,0.0,0.12,0.88
deterministic,robust,0,0.08,0.25,0.15,50,1.0,0.6,0.4,0.4,50,0.0004935276508331032,0.22478061199188232,-8.26280156485332e-08,-2.5979243218898773e-08,5.6648772429634434e-08,5.6068279447648445e-08,5.7035767750958424e-08,-9.674883033099796e-10,0.0004935276508331299,0.2203053915500641,0.21981186389923096,0.27393345832824706,0.18373080094655356,0.0902026573816935,,,,,,,,,,,,,,,,,,,,,,,,,,
deterministic,robust,1,0.08,0.25,0.01,50,1.0,1.0,0.0,0.0,50,0.00020463943481441316,0.00042149305343630594,-7.88317457341904e-08,-6.303978276438411e-08,1.5791962969806298e-08,,1.5791962969806298e-08,,0.00020463943481445314,0.00042149305343627927,0.00021685361862182616,,0.00021685361862182616,,50.0,1.0,1.0,1.0,0.9249999999999998,1.0,0.07499999999999997,0.03848335099752875,0.0,94.0,1.0,0.0,1.0,1.0,1.0,1.0,1.0,1.0,0.0,0.0,1.0,0.0,0.0,0.0,0.0,1.0
deterministic,robust,1,0.08,0.25,0.03,50,1.0,1.0,0.0,0.0,50,0.00020463943481441316,0.0019504964351654275,-7.88317457341904e-08,-5.8200182392886806e-08,2.063156334130359e-08,,2.063156334130359e-08,,0.00020463943481445314,0.0019504964351654054,0.001745857000350952,,0.001745857000350952,,,,,,,,,,,,,,,,,,,,,,,,,,,
deterministic,robust,1,0.08,0.25,0.05,50,1.0,1.0,0.0,0.0,50,0.00020463943481441316,0.010900212526321422,-7.88317457341904e-08,-9.763137267527728e-09,6.906860846666267e-08,,6.906860846666267e-08,,0.00020463943481445314,0.010900212526321411,0.010695573091506958,,0.010695573091506958,,50.0,0.98,1.0,1.0,0.9064999999999998,1.0,0.09349999999999996,0.0384599967157529,0.02,94.06,0.98,0.0,1.0,1.0,1.0,1.0,1.0,0.98,0.0,0.020000000000000018,0.98,0.0,0.020000000000000018,0.0,0.0,1.0
deterministic,robust,1,0.08,0.25,0.07,50,1.0,1.0,0.0,0.0,50,0.00020463943481441316,0.052532755136489896,-7.88317457341904e-08,-1.2599636733015562e-07,-4.716462159596522e-08,,-4.716462159596522e-08,,0.00020463943481445314,0.05253275513648987,0.052328115701675414,,0.052328115701675414,,50.0,0.9,1.0,0.9909768177028451,0.8324999999999999,0.9929383561643835,0.16043835616438354,0.03836657958864948,0.09010309278350516,98.86,0.9,0.0,0.0,1.0,1.0,1.0,1.0,0.9,0.0,0.09999999999999998,0.9,0.02,0.07999999999999997,0.0,0.02,0.98
deterministic,robust,1,0.08,0.25,0.08,50,1.0,0.92,0.08,0.08,50,0.00020463943481441316,0.06993870615959165,-7.88317457341904e-08,-6.438288324139841e-08,1.4448862492791998e-08,4.0467921280651353e-07,-1.9484211447531613e-08,4.2416342425404513e-07,0.00020463943481445314,0.058118125200271605,0.05791348576545716,0.3458736836910248,0.03287346855453823,0.31300021513648657,50.0,0.88,1.0,0.9099119373776908,0.8139999999999997,0.9174119373776907,0.10341193737769076,0.038343225306873625,0.029072164948453612,101.92,0.88,0.1,0.0,1.0,1.0,1.0,1.0,0.88,0.1,0.01999999999999999,0.88,0.1,0.01999999999999999,0.0,0.1,0.9
deterministic,robust,1,0.08,0.25,0.1,50,1.0,0.84,0.16,0.16,50,0.00020463943481441316,0.12782671988010402,-7.88317457341904e-08,1.3104203389957546e-07,2.0987377963376586e-07,1.580440311989284e-07,2.1974611266897301e-07,-6.170208147004461e-08,0.00020463943481445314,0.07085220515727997,0.07064756572246551,0.2687228061258793,0.03291894850276765,0.23580385762311162,50.0,0.72,1.0,0.8910106916137654,0.6659999999999999,0.900986301369863,0.23498630136986293,0.0381563910526668,0.171340206185567,103.98,0.72,0.1,0.0,0.0,1.0,1.0,1.0,0.72,0.12,0.16000000000000003,0.72,0.12,0.16000000000000003,0.0,0.12,0.88
deterministic,robust,1,0.08,0.25,0.15,50,1.0,0.68,0.32,0.32,50,0.00020463943481441316,0.16333485603332515,-7.88317457341904e-08,1.0357180144637823e-08,8.918892587882822e-08,7.058253587328978e-08,9.794487411672867e-08,-2.7362338243438896e-08,0.00020463943481445314,0.22026225090026855,0.2200576114654541,0.2959878407418728,0.18432573886478648,0.1116621018770863,,,,,,,,,,,,,,,,,,,,,,,,,,
deterministic,robust,2,0.08,0.25,0.01,50,1.0,1.0,0.0,0.0,50,0.00023881196975705787,0.0005842936038971125,-5.8774215124783295e-09,-2.7847879352678834e-08,-2.1970457840200506e-08,,-2.1970457840200506e-08,,0.00023881196975708007,0.0005842936038970947,0.00034548163414001466,,0.00034548163414001466,,50.0,1.0,1.0,1.0,0.9249999999999998,1.0,0.07499999999999997,0.03848335099752875,0.0,94.0,1.0,0.0,1.0,1.0,1.0,1.0,1.0,1.0,0.0,0.0,1.0,0.0,0.0,0.0,0.0,1.0
deterministic,robust,2,0.08,0.25,0.03,50,1.0,1.0,0.0,0.0,50,0.00023881196975705787,0.003286602497100872,-5.8774215124783295e-09,-2.3603740066903887e-08,-1.772631855442556e-08,,-1.772631855442556e-08,,0.00023881196975708007,0.00328660249710083,0.00304779052734375,,0.00304779052734375,,,,,,,,,,,,,,,,,,,,,,,,,,,
deterministic,robust,2,0.08,0.25,0.05,50,1.0,1.0,0.0,0.0,50,0.00023881196975705787,0.018846099376678443,-5.8774215124783295e-09,-1.1246308064018218e-08,-5.368886551539888e-09,,-5.368886551539888e-09,,0.00023881196975708007,0.018846099376678468,0.018607287406921386,,0.018607287406921386,,50.0,0.98,1.0,1.0,0.9064999999999998,1.0,0.09349999999999996,0.0384599967157529,0.02,94.06,0.98,0.0,1.0,1.0,1.0,1.0,1.0,0.98,0.0,0.020000000000000018,0.98,0.0,0.020000000000000018,0.0,0.0,1.0
deterministic,robust,2,0.08,0.25,0.07,50,1.0,0.98,0.02,0.02,50,0.00023881196975705787,0.03966028332710267,-5.8774215124783295e-09,-1.3261815102749708e-08,-7.384393590271378e-09,-6.221234798431396e-07,5.16130204754226e-09,-6.272847818906819e-07,0.00023881196975708007,0.03829997658729553,0.03806116461753845,0.1341908574104309,0.03609933415237738,0.09809152325805354,50.0,0.9,1.0,0.98,0.8325,0.9815,0.14899999999999997,0.03836657958864948,0.08,94.3,0.9,0.02,0.0,1.0,1.0,1.0,1.0,0.9,0.02,0.07999999999999997,0.9,0.02,0.07999999999999997,0.0,0.02,0.98
deterministic,robust,2,0.08,0.25,0.08,50,1.0,0.92,0.08,0.08,50,0.00023881196975705787,0.04947868347167972,-5.8774215124783295e-09,-1.0388135724070935e-07,-9.800393572823103e-08,-4.125903245721929e-07,-7.064859756788651e-08,-3.419417270043064e-07,0.00023881196975708007,0.05610852003097534,0.055869708061218264,0.3259800225496292,0.0323818546274434,0.2935981679221858,50.0,0.86,1.0,0.94,0.7955,0.9444999999999999,0.149,0.038319871025097776,0.08,94.42,0.86,0.06,0.0,1.0,1.0,1.0,1.0,0.86,0.06,0.08000000000000002,0.86,0.06,0.08000000000000002,0.0,0.06,0.94
deterministic,robust,2,0.08,0.25,0.1,50,1.0,0.86,0.14,0.14,50,0.00023881196975705787,0.08359116554260258,-5.8774215124783295e-09,4.36431591310793e-08,4.952058064355763e-08,-2.914546420080504e-08,6.232668096705854e-08,-9.147214516786358e-08,0.00023881196975708007,0.07211575269699097,0.07187694072723388,0.21532668386186873,0.04852465696113054,0.1668020269007382,50.0,0.74,1.0,0.9,0.6844999999999999,0.9075,0.22299999999999995,0.038179745334442655,0.16,94.78,0.74,0.08,0.0,0.25,1.0,1.0,1.0,0.74,0.1,0.16,0.74,0.1,0.16,0.0,0.1,0.9
deterministic,robust,2,0.08,0.25,0.15,50,1.0,0.6,0.4,0.4,50,0.00023881196975705787,0.22502304017543795,-5.8774215124783295e-09,-1.512380549684167e-08,-9.246383984363339e-09,-2.890880287976811e-08,3.861895279239841e-09,-3.277069815900795e-08,0.00023881196975708007,0.21383536398410796,0.2135965520143509,0.2939205035567284,0.16004725098609923,0.13387325257062915,,,,,,,,,,,,,,,,,,,,,,,,,,
deterministic,robust,3,0.08,0.25,0.01,50,1.0,1.0,0.0,0.0,50,0.00023314714431765804,0.000705754756927468,-7.286927747918892e-08,-7.909842198776712e-08,-6.229144508578196e-09,,-6.229144508578196e-09,,0.00023314714431762695,0.0007057547569274903,0.0004726076126098633,,0.0004726076126098633,,50.0,1.0,1.0,1.0,0.9249999999999998,1.0,0.07499999999999997,0.03848335099752875,0.0,94.0,1.0,0.0,1.0,1.0,1.0,1.0,1.0,1.0,0.0,0.0,1.0,0.0,0.0,0.0,0.0,1.0
deterministic,robust,3,0.08,0.25,0.03,50,1.0,1.0,0.0,0.0,50,0.00023314714431765804,0.005042613744735717,-7.286927747918892e-08,-3.768960180340966e-08,3.517967567577925e-08,,3.517967567577925e-08,,0.00023314714431762695,0.005042613744735718,0.004809466600418091,,0.004809466600418091,,,,,,,,,,,,,,,,,,,,,,,,,,,
deterministic,robust,3,0.08,0.25,0.05,50,1.0,1.0,0.0,0.0,50,0.00023314714431765804,0.024008692502975448,-7.286927747918892e-08,-1.0089714009398065e-07,-2.802786261479174e-08,,-2.802786261479174e-08,,0.00023314714431762695,0.024008692502975465,0.023775545358657838,,0.023775545358657838,,50.0,0.96,1.0,1.0,0.8879999999999998,1.0,0.11199999999999996,0.03843664243397704,0.04,94.12,0.96,0.0,1.0,1.0,1.0,1.0,1.0,0.96,0.0,0.040000000000000036,0.96,0.0,0.040000000000000036,0.0,0.0,1.0
deterministic,robust,3,0.08,0.25,0.07,50,1.0,0.94,0.06,0.06,50,0.00023314714431765804,0.05086581587791439,-7.286927747918892e-08,-1.2462490559528306e-08,6.040678691966061e-08,4.3151279290517173e-08,6.150820230024424e-08,-1.8356923009727064e-08,0.00023314714431762695,0.02670702338218689,0.026473876237869263,0.11801560719807942,0.020630787027643083,0.09738482017043634,50.0,0.92,1.0,0.94,0.851,0.9444999999999999,0.09349999999999996,0.03838993387042534,0.02,94.24,0.92,0.06,0.0,1.0,1.0,1.0,1.0,0.92,0.06,0.019999999999999962,0.92,0.06,0.019999999999999962,0.0,0.06,0.94
deterministic,robust,3,0.08,0.25,0.08,50,1.0,0.92,0.08,0.08,50,0.00023314714431765804,0.07807132840156553,-7.286927747918892e-08,-4.214849269601473e-08,3.072078478317419e-08,-1.0727671906352043e-07,4.2720567726365024e-08,-1.4999728678988546e-07,0.00023314714431762695,0.03078081250190735,0.030547665357589723,0.14817547798156738,0.020319159912026447,0.12785631806954093,50.0,0.88,1.0,0.92,0.814,0.9259999999999999,0.11199999999999996,0.038343225306873625,0.04,94.36,0.88,0.08,0.0,1.0,1.0,1.0,1.0,0.88,0.08,0.039999999999999994,0.88,0.08,0.039999999999999994,0.0,0.08,0.92
deterministic,robust,3,0.08,0.25,0.1,50,1.0,0.88,0.12,0.12,50,0.00023314714431765804,0.1079307329654694,-7.286927747918892e-08,7.819029633537866e-08,1.5105957381456757e-07,1.290948906292518e-07,1.5405475788529245e-07,-2.4959867256040643e-08,0.00023314714431762695,0.06256539463996887,0.06233224749565124,0.1742641031742096,0.04706881263039329,0.12719529054381631,50.0,0.74,1.0,0.9,0.6844999999999999,0.9075,0.22299999999999995,0.038179745334442655,0.16,94.78,0.74,0.1,0.0,0.25,1.0,1.0,1.0,0.74,0.1,0.16,0.74,0.1,0.16,0.0,0.1,0.9
deterministic,robust,3,0.08,0.25,0.15,50,1.0,0.56,0.44,0.44,50,0.00023314714431765804,0.2515753608942032,-7.286927747918892e-08,3.405846655368805e-08,1.0692774403287696e-07,1.8980498854087575e-07,4.180990906230649e-08,1.4799507947856927e-07,0.00023314714431762695,0.210391588807106,0.21015844166278838,0.2783139944076538,0.15660765022039413,0.12170634418725967,,,,,,,,,,,,,,,,,,,,,,,,,,
deterministic,robust,4,0.08,0.25,0.01,50,1.0,1.0,0.0,0.0,50,0.0003291308879852517,0.0007460224628448309,-4.063752648384245e-08,-1.6200453637037887e-08,2.443707284680456e-08,,2.443707284680456e-08,,0.00032913088798522947,0.0007460224628448487,0.0004168915748596191,,0.0004168915748596191,,50.0,1.0,1.0,1.0,0.9249999999999998,1.0,0.07499999999999997,0.03848335099752875,0.0,94.0,1.0,0.0,1.0,1.0,1.0,1.0,1.0,1.0,0.0,0.0,1.0,0.0,0.0,0.0,0.0,1.0
deterministic,robust,4,0.08,0.25,0.03,50,1.0,1.0,0.0,0.0,50,0.0003291308879852517,0.003952515125274654,-4.063752648384245e-08,-5.800903257871526e-08,-1.7371506094872812e-08,,-1.7371506094872812e-08,,0.00032913088798522947,0.003952515125274658,0.003623384237289429,,0.003623384237289429,,,,,,,,,,,,,,,,,,,,,,,,,,,
deterministic,robust,4,0.08,0.25,0.05,50,1.0,1.0,0.0,0.0,50,0.0003291308879852517,0.02344236254692076,-4.063752648384245e-08,-8.162398398514626e-08,-4.098645750130381e-08,,-4.098645750130381e-08,,0.00032913088798522947,0.023442362546920777,0.023113231658935546,,0.023113231658935546,,50.0,0.94,1.0,1.0,0.8694999999999999,1.0,0.13049999999999998,0.038413288152201186,0.06,94.18,0.94,0.0,0.4500000000000002,1.0,1.0,1.0,1.0,0.94,0.0,0.06000000000000005,0.94,0.0,0.06000000000000005,0.0,0.0,1.0
deterministic,robust,4,0.08,0.25,0.07,50,1.0,0.92,0.08,0.08,50,0.0003291308879852517,0.05566629171371458,-4.063752648384245e-08,-3.558754983146173e-08,5.049976652380719e-09,5.235779099166393e-08,9.362536663560915e-10,5.1421537325307844e-08,0.00032913088798522947,0.0402195405960083,0.03989040970802307,0.2917770892381668,0.017987220183662746,0.2737898690545041,50.0,0.92,1.0,0.9254794520547945,0.851,0.9314794520547945,0.0804794520547945,0.03838993387042534,0.005979381443298969,98.14,0.92,0.08,0.0,1.0,1.0,1.0,1.0,0.92,0.08,-4.163336342344337e-17,0.92,0.08,-4.163336342344337e-17,0.0,0.08,0.92
deterministic,robust,4,0.08,0.25,0.08,50,1.0,0.92,0.08,0.08,50,0.0003291308879852517,0.0899054789543152,-4.063752648384245e-08,-1.9142949554407097e-08,2.1494576929435352e-08,4.3233740143477917e-07,-1.4230886071029328e-08,4.465682875058085e-07,0.00032913088798522947,0.04099223852157593,0.0406631076335907,0.13939251005649567,0.03207794220551201,0.10731456785098366,50.0,0.86,1.0,0.92,0.7954999999999999,0.9259999999999999,0.13049999999999998,0.038319871025097776,0.06,94.42,0.86,0.08,0.0,1.0,1.0,1.0,1.0,0.86,0.08,0.06000000000000001,0.86,0.08,0.06000000000000001,0.0,0.08,0.92
deterministic,robust,4,0.08,0.25,0.1,50,1.0,0.88,0.12,0.12,50,0.0003291308879852517,0.12048612594604494,-4.063752648384245e-08,-1.086227348423563e-07,-6.798520835851385e-08,3.2920252124313265e-07,-1.221471714860111e-07,4.513496927291437e-07,0.00032913088798522947,0.05140643119812012,0.05107730031013489,0.08190706372261047,0.046873241662979126,0.03503382205963135,50.0,0.76,1.0,0.88,0.7029999999999998,0.889,0.18599999999999994,0.038203099616218504,0.12,94.72,0.76,0.12,0.0,1.0,1.0,1.0,1.0,0.76,0.12,0.12,0.76,0.12,0.12,0.0,0.12,0.88
deterministic,robust,4,0.08,0.25,0.15,50,1.0,0.62,0.38,0.38,50,0.0003291308879852517,0.1997040218114853,-4.063752648384245e-08,-8.157454431056977e-08,-4.093701782672732e-08,-1.0761925142824158e-07,-6.726174837985905e-11,-1.0755198967986173e-07,0.00032913088798522947,0.19589202463626862,0.1955628937482834,0.2519389924250151,0.16100980101093168,0.09092919141408343,,,,,,,,,,,,,,,,,,,,,,,,,,
deterministic,standard,0,,,0.01,50,1.0,1.0,0.0,0.0,50,0.00011328458786008522,0.0023047423362732022,-4.8501171823894797e-08,-1.0656347648074772e-07,-5.806230465685291e-08,,-5.806230465685291e-08,,0.00011328458786010742,0.0023047423362731936,0.002191457748413086,,0.002191457748413086,,50.0,1.0,1.0,1.0,0.9249999999999998,1.0,0.07499999999999997,0.03848335099752875,0.0,94.0,1.0,0.0,1.0,1.0,1.0,1.0,1.0,1.0,0.0,0.0,1.0,0.0,0.0,0.0,0.0,1.0
deterministic,standard,0,,,0.03,50,1.0,0.86,0.14,0.14,50,0.00011328458786008522,0.12442911505699164,-4.8501171823894797e-08,7.465939706463587e-09,5.5967111530358384e-08,2.4051821258451257e-07,2.592390903317049e-08,2.1459430355134207e-07,0.00011328458786010742,0.034433645009994504,0.0343203604221344,0.09927969319479805,0.023745585319607757,0.0755341078751903,,,,,,,,,,,,,,,,,,,,,,,,,,
deterministic,standard,0,,,0.05,50,1.0,0.56,0.44,0.44,50,0.00011328458786008522,0.44673607707023627,-4.8501171823894797e-08,-4.396409934770418e-08,4.537072476190618e-09,-3.1561423737129376e-08,3.2900176643799184e-08,-6.446160038092856e-08,0.00011328458786010742,0.051486726999282834,0.05137344241142273,0.03213298320770264,0.06649094607148852,-0.03435796286378588,50.0,0.0,0.0,0.5620338983050847,0.0,0.5950338983050847,0.5950338983050847,0.037315636908736065,0.5616494845360824,99.78,0.0,0.44,0.0,0.0,0.0,0.0,0.0,0.0,0.44,0.56,0.0,0.44,0.56,0.0,0.44,0.56
deterministic,standard,0,,,0.07,50,1.0,0.24,0.76,0.76,50,0.00011328458786008522,0.742798376083374,-4.8501171823894797e-08,-7.961497374253667e-08,-3.111380191864188e-08,-4.2017586353231506e-08,3.4148487908919334e-09,-4.543243514412344e-08,0.00011328458786010742,0.05101114273071289,0.05089785814285278,0.03703157682167856,0.09480774899323781,-0.05777617217155925,50.0,0.0,0.0,0.24,0.0,0.297,0.297,0.037315636908736065,0.24,97.0,0.0,0.76,0.0,0.0,0.0,0.0,0.0,0.0,0.76,0.24,0.0,0.76,0.24,0.0,0.76,0.24
deterministic,standard,0,,,0.08,50,1.0,0.1,0.9,0.9,50,0.00011328458786008522,0.8654254460334778,-4.8501171823894797e-08,-2.6738000187265244e-08,2.1763171636629552e-08,-1.978514422974599e-09,2.3543834617306691e-07,-2.374168605960415e-07,0.00011328458786010742,0.05626724243164063,0.056153957843780515,0.0396622724003262,0.2045791268348694,-0.16491685443454318,50.0,0.0,0.0,0.12,0.0,0.18599999999999994,0.18599999999999994,0.037315636908736065,0.1197938144329897,97.0,0.0,0.88,0.0,0.0,0.0,0.0,0.0,0.0,0.88,0.12,0.0,0.88,0.12,0.0,0.88,0.12
deterministic,standard,0,,,0.1,50,1.0,0.0,1.0,1.0,50,0.00011328458786008522,0.988999285697937,-4.8501171823894797e-08,2.07007454064434e-08,6.92019172303382e-08,6.92019172303382e-08,,,0.00011328458786010742,0.011000714302062987,0.010887429714202881,0.010887429714202881,,,50.0,0.0,0.0,0.0,0.0,0.07499999999999997,0.07499999999999997,0.037315636908736065,0.0,97.0,0.0,1.0,0.0,0.0,0.0,0.0,0.0,0.0,1.0,0.0,0.0,1.0,0.0,0.0,1.0,0.0
deterministic,standard,0,,,0.15,50,1.0,0.0,1.0,1.0,50,0.00011328458786008522,0.9999514532089233,-4.8501171823894797e-08,-3.694571287347556e-08,1.1555458950419235e-08,1.1555458950419235e-08,,,0.00011328458786010742,4.854679107666016e-05,-6.473779678344726e-05,-6.473779678344726e-05,,,,,,,,,,,,,,,,,,,,,,,,,,,,
deterministic,standard,1,,,0.01,50,1.0,0.96,0.04,0.04,50,0.007660925388336182,0.03558123946189877,-1.6114584853437614e-08,-4.551491012250164e-08,-2.9400325269064025e-08,-2.086162567138672e-07,-2.193299479219723e-08,-1.8668326192166997e-07,0.007660925388336182,0.006006447076797486,-0.0016544783115386963,-0.06062135100364685,0.0008024747172991434,-0.06142382572094599,50.0,0.96,1.0,0.96,0.8879999999999998,0.963,0.07499999999999997,0.03843664243397704,0.0,94.12,0.96,0.04,1.0,1.0,1.0,1.0,1.0,0.96,0.04,3.469446951953614e-17,0.96,0.04,3.469446951953614e-17,0.0,0.04,0.96
deterministic,standard,1,,,0.03,50,1.0,0.9,0.1,0.1,50,0.007660925388336182,0.09153744220733645,-1.6114584853437614e-08,-1.5950262408637173e-08,1.6432244480044101e-10,-1.0100884537678211e-07,1.1405785536087393e-08,-1.1241463091286951e-07,0.007660925388336182,0.08066099405288696,0.07300006866455078,0.09951986074447632,0.07005342510011461,0.029466435644361702,,,,,,,,,,,,,,,,,,,,,,,,,,
deterministic,standard,1,,,0.05,50,1.0,0.56,0.44,0.44,50,0.007660925388336182,0.41186786174774176,-1.6114584853437614e-08,-8.937040092860116e-08,-7.325581607516355e-08,-3.073293183578327e-08,-1.0666665369181948e-07,7.593372185603621e-08,0.007660925388336182,0.05655653953552246,0.04889561414718628,0.038244632157412445,0.057264242853437154,-0.01901961069602471,50.0,0.0,0.0,0.56,0.0,0.593,0.593,0.037315636908736065,0.56,97.0,0.0,0.44,0.0,0.0,0.0,0.0,0.0,0.0,0.44,0.56,0.0,0.44,0.56,0.0,0.44,0.56
deterministic,standard,1,,,0.07,50,1.0,0.14,0.86,0.86,50,0.007660925388336182,0.782017251253128,-1.6114584853437614e-08,-1.024967059493065e-07,-8.638212109586887e-08,-1.0366063573596348e-07,1.975732597899797e-08,-1.2341796171496144e-07,0.007660925388336182,0.07798274874687194,0.07032182335853576,0.06851727879324625,0.08140688283102852,-0.012889604037782276,50.0,0.0,0.0,0.15116438356164383,0.0,0.2156643835616438,0.2156643835616438,0.037315636908736065,0.14969072164948455,100.9,0.0,0.84,0.0,0.0,0.0,0.0,0.0,0.0,0.84,0.16000000000000003,0.0,0.86,0.14,0.0,0.86,0.14
deterministic,standard,1,,,0.08,50,1.0,0.08,0.92,0.92,50,0.007660925388336182,0.9015289378166199,-1.6114584853437614e-08,-6.039114083478126e-08,-4.427655598134364e-08,-4.261973825219783e-08,-6.332995986652046e-08,2.0710221614322628e-08,0.007660925388336182,0.032811105251312256,0.025150179862976074,0.013859200736750727,0.15499643981456757,-0.14113723907781683,50.0,0.0,0.0,0.08,0.0,0.14899999999999997,0.14899999999999997,0.037315636908736065,0.08,97.0,0.0,0.92,0.0,0.0,0.0,0.0,0.0,0.0,0.92,0.07999999999999996,0.0,0.92,0.07999999999999996,0.0,0.92,0.07999999999999996
deterministic,standard,1,,,0.1,50,1.0,0.02,0.98,0.98,50,0.007660925388336182,0.9616254389286041,-1.6114584853437614e-08,-3.9182972955131846e-08,-2.3068388101694233e-08,-2.35391715119492e-08,-9.992007221626409e-16,-2.3539170512748477e-08,0.007660925388336182,0.018374561071395873,0.010713635683059693,0.0017445452359257912,0.45019906759262085,-0.4484545223566951,50.0,0.0,0.0,0.020559440559440558,0.0,0.09405944055944053,0.09405944055944053,0.037315636908736065,0.02082474226804124,97.92,0.0,0.98,0.0,0.0,0.0,0.0,0.0,0.0,0.98,0.020000000000000018,0.0,0.98,0.020000000000000018,0.0,0.98,0.020000000000000018
deterministic,standard,1,,,0.15,50,1.0,0.0,1.0,1.0,50,0.007660925388336182,0.9999594628810883,-1.6114584853437614e-08,-9.748115797660051e-09,6.3664690557775625e-09,6.3664690557775625e-09,,,0.007660925388336182,4.0537118911743165e-05,-0.007620388269424438,-0.007620388269424438,,,,,,,,,,,,,,,,,,,,,,,,,,,,
deterministic,standard,2,,,0.01,50,1.0,0.98,0.02,0.02,50,0.0011706995964050337,0.017069517374038695,-3.45795993059347e-08,-7.238659780139866e-08,-3.780699849546396e-08,-9.98377799987793e-07,-1.8203512750722547e-08,-9.801742872370705e-07,0.0011706995964050294,0.011008745431900025,0.009838045835494994,0.3011489510536194,0.003892925320839395,0.29725602573278,50.0,0.98,1.0,0.98,0.9064999999999998,0.9815,0.07499999999999997,0.0384599967157529,0.0,94.06,0.98,0.02,1.0,1.0,1.0,1.0,1.0,0.98,0.02,1.734723475976807e-17,0.98,0.02,1.734723475976807e-17,0.0,0.02,0.98
deterministic,standard,2,,,0.03,50,1.0,0.84,0.16,0.16,50,0.0011706995964050337,0.11286393284797666,-3.45795993059347e-08,3.1713330770318305e-08,6.629293007625301e-08,-4.153844201937318e-08,8.683223904684848e-08,-1.2837068106622166e-07,0.0011706995964050294,0.049918619394302366,0.04874791979789734,0.15448687970638275,0.028607165529614405,0.12587971417676835,,,,,,,,,,,,,,,,,,,,,,,,,,
deterministic,standard,2,,,0.05,50,1.0,0.52,0.48,0.48,50,0.0011706995964050337,0.400694180727005,-3.45795993059347e-08,7.957918573886502e-08,1.1415878504479973e-07,9.400135662455493e-08,1.3276564204810261e-07,-3.8764285423547685e-08,0.0011706995964050294,0.10140160441398621,0.10023090481758118,0.1180062120159467,0.08382292894216684,0.034183283073779866,50.0,0.0,0.0,0.576027397260274,0.0,0.6090273972602739,0.6090273972602739,0.037315636908736065,0.5775257731958763,100.9,0.0,0.42,0.0,0.0,0.0,0.0,0.0,0.0,0.42,0.5800000000000001,0.0,0.44,0.56,0.0,0.44,0.56
deterministic,standard,2,,,0.07,50,1.0,0.22,0.78,0.78,50,0.0011706995964050337,0.7243859839439393,-3.45795993059347e-08,-1.4056311556487344e-07,-1.0598351625893874e-07,-1.4093886507432913e-07,1.7949084086536235e-08,-1.5888794916086536e-07,0.0011706995964050294,0.061406488418579104,0.06023578882217407,0.05265661386343149,0.08710740913044322,-0.03445079526701173,50.0,0.0,0.0,0.23942028985507247,0.0,0.29699999999999993,0.29699999999999993,0.037315636908736065,0.23938144329896907,97.82,0.0,0.76,0.0,0.0,0.0,0.0,0.0,0.0,0.76,0.24,0.0,0.76,0.24,0.0,0.76,0.24
deterministic,standard,2,,,0.08,50,1.0,0.16,0.84,0.84,50,0.0011706995964050337,0.8522931730747222,-3.45795993059347e-08,-5.0298701808060286e-08,-1.5719102502125584e-08,-4.3953169807468363e-08,1.32509750850924e-07,-1.7646292065839237e-07,0.0011706995964050294,0.04923551678657532,0.048064817190170285,0.017299757117316836,0.2095813825726509,-0.19228162545533406,50.0,0.0,0.0,0.17999350491191038,0.0,0.24167699115044244,0.24167699115044244,0.037315636908736065,0.18,97.56,0.0,0.82,0.0,0.0,0.0,0.0,0.0,0.0,0.82,0.18000000000000005,0.0,0.82,0.18000000000000005,0.0,0.82,0.18000000000000005
deterministic,standard,2,,,0.1,50,1.0,0.02,0.98,0.98,50,0.0011706995964050337,0.9672929334640503,-3.45795993059347e-08,-2.9866448514326295e-08,4.713150791608407e-09,1.2716076135111313e-08,-3.87430191040034e-07,4.001462671751453e-07,0.0011706995964050294,0.012707066535949708,0.011536366939544677,0.008557780664794299,0.15748709440231323,-0.14892931373751894,50.0,0.0,0.0,0.029589041095890414,0.0,0.10308904109589039,0.10308904109589039,0.037315636908736065,0.030103092783505155,100.9,0.0,0.98,0.0,0.0,0.0,0.0,0.0,0.0,0.96,0.040000000000000036,0.0,0.98,0.020000000000000018,0.0,0.98,0.020000000000000018
deterministic,standard,2,,,0.15,50,1.0,0.0,1.0,1.0,50,0.0011706995964050337,0.9999940276145936,-3.45795993059347e-08,-1.1204048030566405e-07,-7.746088099972935e-08,-7.746088099972935e-08,,,0.0011706995964050294,5.972385406494141e-06,-0.0011647272109985352,-0.0011647272109985352,,,,,,,,,,,,,,,,,,,,,,,,,,,,
deterministic,standard,3,,,0.01,50,1.0,1.0,0.0,0.0,50,0.0002331888675689564,0.004361890554428091,-4.0295362401712027e-08,-4.7736954602584094e-08,-7.4415922008720655e-09,,-7.4415922008720655e-09,,0.00023318886756896974,0.004361890554428101,0.004128701686859131,,0.004128701686859131,,50.0,0.98,1.0,1.0,0.9064999999999998,1.0,0.09349999999999996,0.0384599967157529,0.02,94.06,0.98,0.0,1.0,1.0,1.0,1.0,1.0,0.98,0.0,0.020000000000000018,0.98,0.0,0.020000000000000018,0.0,0.0,1.0
deterministic,standard,3,,,0.03,50,1.0,0.84,0.16,0.16,50,0.0002331888675689564,0.12989763855934142,-4.0295362401712027e-08,-1.6947450212079217e-08,2.3347912189632807e-08,1.0284020390827209e-07,8.206523290844373e-09,9.463368061742772e-08,0.00023318886756896974,0.03877699017524719,0.038543801307678226,0.14079508185386658,0.01906736691792806,0.12172771493593852,,,,,,,,,,,,,,,,,,,,,,,,,,
deterministic,standard,3,,,0.05,50,1.0,0.56,0.44,0.44,50,0.0002331888675689564,0.45835078716278077,-4.0295362401712027e-08,4.474291912970329e-08,8.503828153141533e-08,2.2127200015699022e-07,-2.2002497388679236e-08,2.4327449754566947e-07,0.00023318886756896974,0.060377368927001955,0.060144180059432985,0.03199549154801802,0.08226100674697331,-0.05026551519895529,50.0,0.0,0.0,0.56,0.0,0.5930000000000001,0.5930000000000001,0.037315636908736065,0.56,97.0,0.0,0.44,0.0,0.0,0.0,0.0,0.0,0.0,0.44,0.56,0.0,0.44,0.56,0.0,0.44,0.56
deterministic,standard,3,,,0.07,50,1.0,0.24,0.76,0.76,50,0.0002331888675689564,0.7004182851314544,-4.0295362401712027e-08,-6.607601903851901e-08,-2.578065663680698e-08,-3.301510780807414e-08,-2.871561261127628e-09,-3.0143546546946514e-08,0.00023318886756896974,0.059581714868545535,0.059348526000976565,0.039111046414626274,0.12343387802441914,-0.08432283160979287,50.0,0.0,0.0,0.24,0.0,0.29699999999999993,0.29699999999999993,0.037315636908736065,0.24,97.0,0.0,0.76,0.0,0.0,0.0,0.0,0.0,0.0,0.76,0.24,0.0,0.76,0.24,0.0,0.76,0.24
deterministic,standard,3,,,0.08,50,1.0,0.08,0.92,0.92,50,0.0002331888675689564,0.8831931841373444,-4.0295362401712027e-08,-5.0854995947702267e-08,-1.0559633545990238e-08,-3.8648186358286714e-08,3.1245872379541927e-07,-3.5110691015370597e-07,0.00023318886756896974,0.055638777017593385,0.055405588150024415,0.04432499279146609,0.18283243477344513,-0.13850744198197903,50.0,0.0,0.0,0.08,0.0,0.14899999999999997,0.14899999999999997,0.037315636908736065,0.08,97.0,0.0,0.92,0.0,0.0,0.0,0.0,0.0,0.0,0.92,0.07999999999999996,0.0,0.92,0.07999999999999996,0.0,0.92,0.07999999999999996
deterministic,standard,3,,,0.1,50,1.0,0.02,0.98,0.98,50,0.0002331888675689564,0.9859091544151305,-4.0295362401712027e-08,-4.681823208563252e-09,3.5613539193148776e-08,3.025823950565339e-08,2.9802322388042257e-07,-2.677649843747692e-07,0.00023318886756896974,0.00861713409423828,0.008383945226669312,0.0011436744612090442,0.3631572127342224,-0.36201353827301336,50.0,0.0,0.0,0.02,0.0,0.09349999999999996,0.09349999999999996,0.037315636908736065,0.02,97.0,0.0,0.98,0.0,0.0,0.0,0.0,0.0,0.0,0.98,0.020000000000000018,0.0,0.98,0.020000000000000018,0.0,0.98,0.020000000000000018
deterministic,standard,3,,,0.15,50,1.0,0.0,1.0,1.0,50,0.0002331888675689564,0.9999343490600586,-4.0295362401712027e-08,-4.408503255513667e-08,-3.789670153424643e-09,-3.789670153424643e-09,,,0.00023318886756896974,6.565093994140625e-05,-0.00016753792762756349,-0.00016753792762756349,,,,,,,,,,,,,,,,,,,,,,,,,,,,
deterministic,standard,4,,,0.01,50,1.0,1.0,0.0,0.0,50,0.0002033710479736328,0.004186730384826667,-2.6563117295937134e-08,-7.648346910194004e-08,-4.9920351806002905e-08,,-4.9920351806002905e-08,,0.0002033710479736328,0.00418673038482666,0.003983359336853027,,0.003983359336853027,,50.0,0.98,1.0,1.0,0.9064999999999998,1.0,0.09349999999999996,0.0384599967157529,0.02,94.06,0.98,0.0,1.0,1.0,1.0,1.0,1.0,0.98,0.0,0.020000000000000018,0.98,0.0,0.020000000000000018,0.0,0.0,1.0
deterministic,standard,4,,,0.03,50,1.0,0.84,0.16,0.16,50,0.0002033710479736328,0.12259387493133547,-2.6563117295937134e-08,-6.048324781460224e-08,-3.3920130518665104e-08,-1.124985828937497e-07,-1.8952806256744228e-08,-9.354577663700547e-08,0.0002033710479736328,0.0669660758972168,0.06676270484924317,0.19563370198011398,0.042215848252886816,0.15341785372722716,,,,,,,,,,,,,,,,,,,,,,,,,,
deterministic,standard,4,,,0.05,50,1.0,0.54,0.46,0.46,50,0.0002033710479736328,0.46490378737449645,-2.6563117295937134e-08,-9.397858661941427e-08,-6.741546932347714e-08,-5.055196670928521e-08,-8.178067525408508e-08,3.1228708544799866e-08,0.0002033710479736328,0.05298306107521057,0.05277969002723694,0.03603688789450604,0.06704207702919289,-0.031005189134686847,50.0,0.0,0.0,0.54,0.0,0.5745,0.5745,0.037315636908736065,0.54,97.0,0.0,0.46,0.0,0.0,0.0,0.0,0.0,0.0,0.46,0.54,0.0,0.46,0.54,0.0,0.46,0.54
deterministic,standard,4,,,0.07,50,1.0,0.26,0.74,0.74,50,0.0002033710479736328,0.7129713690280914,-2.6563117295937134e-08,6.523747089204335e-09,3.308686438514147e-08,4.258503735304447e-08,6.053602861109845e-09,3.653143449193463e-08,0.0002033710479736328,0.07008404850959778,0.06988067746162414,0.039056856889982484,0.15761001293475813,-0.11855315604477565,50.0,0.0,0.0,0.27858746348213825,0.0,0.33399999999999996,0.33399999999999996,0.037315636908736065,0.27876288659793813,98.88,0.0,0.72,0.0,0.0,0.0,0.0,0.0,0.0,0.72,0.28,0.0,0.72,0.28,0.0,0.72,0.28
deterministic,standard,4,,,0.08,50,1.0,0.08,0.92,0.92,50,0.0002033710479736328,0.8743678140640259,-2.6563117295937134e-08,2.2998355397874092e-08,4.9561472693811226e-08,3.508274529172838e-08,2.1606683781776395e-07,-1.8098409252603556e-07,0.0002033710479736328,0.053174285888671874,0.05297091484069824,0.04728964878165204,0.11830547451972961,-0.07101582573807758,50.0,0.0,0.0,0.06417808219178082,0.0,0.1346780821917808,0.1346780821917808,0.037315636908736065,0.06474226804123712,100.9,0.0,0.94,0.0,0.0,0.0,0.0,0.0,0.0,0.94,0.06000000000000005,0.0,0.94,0.06000000000000005,0.0,0.94,0.06000000000000005
deterministic,standard,4,,,0.1,50,1.0,0.02,0.98,0.98,50,0.0002033710479736328,0.9850779330730438,-2.6563117295937134e-08,4.654155229544266e-09,3.12172725254814e-08,2.9421517075985485e-08,1.1920928955078125e-07,-8.978777247479577e-08,0.0002033710479736328,0.009311429262161254,0.009108058214187621,0.0019524255577398806,0.35973405838012695,-0.35778163282238706,50.0,0.0,0.0,0.02,0.0,0.09349999999999996,0.09349999999999996,0.037315636908736065,0.02,97.0,0.0,0.98,0.0,0.0,0.0,0.0,0.0,0.0,0.98,0.020000000000000018,0.0,0.98,0.020000000000000018,0.0,0.98,0.020000000000000018
deterministic,standard,4,,,0.15,50,1.0,0.0,1.0,1.0,50,0.0002033710479736328,0.999961587190628,-2.6563117295937134e-08,-3.835000308215035e-08,-1.1786885786213217e-08,-1.1786885786213217e-08,,,0.0002033710479736328,3.8412809371948244e-05,-0.00016495823860168457,-0.00016495823860168457,,,,,,,,,,,,,,,,,,,,,,,,,,,,
mc_dropout,robust,0,0.08,0.25,0.01,50,1.0,1.0,0.0,0.0,50,0.00398416042327876,0.006887487173080444,0.007881323276058368,0.012195128284536167,0.0043138050084778005,,0.0043138050084778005,,0.003984160423278808,0.006887487173080444,0.0029033267498016356,,0.0029033267498016356,,50.0,0.9963270005757053,1.0,0.9965311500094108,0.9213270005757052,0.9993354978354978,0.07800849725979257,0.04020734948575945,0.00018909702847526682,98.78,1.0,0.0,1.0,1.0,1.0,1.0,1.0,1.0,0.0,0.0,0.96,0.0,0.040000000000000036,0.0,0.0,1.0
mc_dropout,robust,0,0.08,0.25,0.03,50,1.0,1.0,0.0,0.0,50,0.00398416042327876,0.01738743543624878,0.007881323276058368,0.023552561504948243,0.015671238228889876,,0.015671238228889876,,0.003984160423278808,0.01738743543624878,0.013403275012969972,,0.013403275012969972,,,,,,,,,,,,,,,,,,,,,,,,,,,
mc_dropout,robust,0,0.08,0.25,0.05,50,1.0,0.98,0.02,0.02,50,0.00398416042327876,0.04059439897537231,0.007881323276058368,0.03755765164925833,0.029676328373199966,0.38877157121896744,0.02234785402940879,0.36642371718955863,0.003984160423278808,0.040277678966522214,0.036293518543243405,0.43825095891952515,0.0280903054743397,0.41016065344518543,50.0,0.9486795796827024,1.0,0.9729851122862309,0.8736795796827024,0.9796301369863013,0.10595055730359886,0.046968137456557126,0.02411432036980097,116.88,0.96,0.0,0.5445205479452055,1.0,1.0,1.0,1.0,0.94,0.0,0.06000000000000005,0.86,0.08,0.06000000000000001,0.0,0.08,0.92
mc_dropout,robust,0,0.08,0.25,0.07,50,1.0,0.96,0.04,0.04,50,0.00398416042327876,0.08436702013015748,0.007881323276058368,0.04950931170256809,0.041627988426509714,0.15311439707875252,0.03698272139933293,0.1161316756794196,0.003984160423278808,0.06742357492446899,0.06343941450119019,0.23315894603729248,0.05636776735385259,0.17679117868343988,50.0,0.8925414696480475,1.0,0.9424962294994773,0.821012898219476,0.952380021548407,0.1313671233289309,0.04923889685417407,0.049237072906929455,130.3,0.88,0.04,0.12845694716242662,0.9724916387959865,1.0,1.0,1.0,0.88,0.04,0.07999999999999999,0.74,0.1,0.16,0.0,0.12,0.88
mc_dropout,robust,0,0.08,0.25,0.08,50,1.0,0.9,0.1,0.1,50,0.00398416042327876,0.049233763813972486,0.007881323276058368,0.05649449101416394,0.048613167738105575,0.1214397618547082,0.04052132394737195,0.08091843790733624,0.003984160423278808,0.0809230488538742,0.0769388884305954,0.317671138048172,0.050190860695309106,0.2674802773528629,50.0,0.8507088664592688,1.0,0.9184796939320463,0.7813548841583838,0.9310180925303696,0.14966320837198574,0.05391507898960704,0.06684019144978122,152.9,0.88,0.1,0.008849557522123908,0.8934108527131783,1.0,1.0,1.0,0.88,0.08,0.039999999999999994,0.64,0.12,0.24,0.0,0.12,0.88
mc_dropout,robust,0,0.08,0.25,0.1,50,1.0,0.86,0.14,0.14,50,0.00398416042327876,0.10502576351165765,0.007881323276058368,0.06831760437227785,0.060436281096219485,0.05836972341473613,0.06077269746297259,-0.0024029740482364587,0.003984160423278808,0.1131868028640747,0.1092026424407959,0.22428974083491734,0.09046753339989241,0.13382220743502493,50.0,0.6888332731089594,0.9208796764408493,0.8680375264997738,0.6256773591304647,0.8883697710882796,0.26269241195781495,0.06031035957644095,0.1779206634174971,179.9,0.72,0.12,0.0,0.21917808219178078,0.9208796764408493,1.0,1.0,0.72,0.12,0.16000000000000003,0.48,0.18,0.34,0.0,0.18,0.8200000000000001
mc_dropout,robust,0,0.08,0.25,0.15,50,1.0,0.56,0.44,0.44,50,0.00398416042327876,0.21238955438137055,0.007881323276058368,0.07965675145387649,0.07177542817781812,0.05594215933855198,0.08421585369438438,-0.028273694355832393,0.003984160423278808,0.2842546373605728,0.280270476937294,0.35709207030859863,0.21991065357412612,0.1371814167344725,,,,,,,,,,,,,,,,,,,,,,,,,,
mc_dropout,robust,1,0.08,0.25,0.01,50,1.0,1.0,0.0,0.0,50,0.002536394596099889,0.004598022699356079,0.005159478127440593,0.008147632546398427,0.0029881544189578335,,0.0029881544189578335,,0.0025363945960998535,0.004598022699356079,0.0020616281032562254,,0.0020616281032562254,,50.0,0.9982158894645942,1.0,0.9984376163873371,0.923215889464594,1.0,0.07678411053540585,0.03965151389770325,0.0002072538860103627,96.5,1.0,0.0,1.0,1.0,1.0,1.0,1.0,1.0,0.0,0.0,0.98,0.0,0.020000000000000018,0.0,0.0,1.0
mc_dropout,robust,1,0.08,0.25,0.03,50,1.0,1.0,0.0,0.0,50,0.002536394596099889,0.015300533771514916,0.005159478127440593,0.019928879103781584,0.01476940097634099,,0.01476940097634099,,0.0025363945960998535,0.015300533771514892,0.012764139175415039,,0.012764139175415039,,,,,,,,,,,,,,,,,,,,,,,,,,,
mc_dropout,robust,1,0.08,0.25,0.05,50,1.0,0.98,0.02,0.02,50,0.002536394596099889,0.03894799709320074,0.005159478127440593,0.03240657816924795,0.027247100041807356,0.33095674216747284,0.02104894408005908,0.30990779808741376,0.0025363945960998535,0.03483795404434204,0.03230155944824219,0.3907608985900879,0.024986062731061662,0.3657748358590262,50.0,0.9426307960285889,1.0,0.9708609732733565,0.8682771374920035,0.9788932106789321,0.11061607318692847,0.04715829061412022,0.027889859625411538,118.3,0.96,0.02,0.5700342465753425,1.0,1.0,1.0,1.0,0.94,0.02,0.04000000000000005,0.86,0.04,0.1,0.0,0.06,0.94
mc_dropout,robust,1,0.08,0.25,0.07,50,1.0,0.94,0.06,0.06,50,0.002536394596099889,0.08192269265651704,0.005159478127440593,0.04223780057363911,0.03707832244619851,0.1648415643721819,0.02892322189773149,0.1359183424744504,0.0025363945960998535,0.06723399460315704,0.0646976000070572,0.3576004405816396,0.04600167401293491,0.31159876656870467,50.0,0.8853469371726329,1.0,0.9388614745256244,0.813346937172633,0.951288705091755,0.13794176791912205,0.05008559195807342,0.05312083615123461,131.68,0.88,0.04,0.13864155251141558,0.9724916387959865,1.0,1.0,1.0,0.88,0.04,0.07999999999999999,0.74,0.12,0.14,0.0,0.12,0.88
mc_dropout,robust,1,0.08,0.25,0.08,50,1.0,0.9,0.1,0.1,50,0.002536394596099889,0.09632037818431852,0.005159478127440593,0.04681181844935054,0.041652340321909946,0.1131007238291204,0.033713631043331006,0.0793870927857894,0.0025363945960998535,0.0784761780500412,0.07593978345394134,0.31425113677978517,0.04946074419551426,0.2647903925842709,50.0,0.8426493496153823,0.9908256880733946,0.9087399761731167,0.7749541115201443,0.9234134138386395,0.14845930231849505,0.053464706609761964,0.06488526779358673,149.36,0.88,0.08,0.0,0.875858123569794,0.9908256880733946,1.0,1.0,0.88,0.06,0.06,0.64,0.12,0.24,0.0,0.12,0.88
mc_dropout,robust,1,0.08,0.25,0.1,50,1.0,0.84,0.16,0.16,50,0.002536394596099889,0.11198099851608274,0.005159478127440593,0.058555791523540394,0.0533963133960998,0.05399481323142652,0.05328231342746614,0.0007124998039603828,0.0025363945960998535,0.10655192852020264,0.10401553392410279,0.2044399231672287,0.08488707883017403,0.11955284433705467,50.0,0.6849225628941004,0.9606067219554779,0.8434052440809066,0.624804573147324,0.8682926493094086,0.24348807616208468,0.059574830077571014,0.15939156414398245,174.74,0.72,0.14,0.0,0.3236301369863014,0.9606067219554779,1.0,1.0,0.7,0.14,0.16000000000000003,0.48,0.18,0.34,0.0,0.24,0.76
mc_dropout,robust,1,0.08,0.25,0.15,50,1.0,0.52,0.48,0.48,50,0.002536394596099889,0.23398808419704437,0.005159478127440593,0.0964038659259677,0.0912443877985271,0.06933558799964128,0.11146789530519094,-0.04213230730554966,0.0025363945960998535,0.2860846930742264,0.2835482984781265,0.3041728747387727,0.2645102280836839,0.039662646655088785,,,,,,,,,,,,,,,,,,,,,,,,,,
mc_dropout,robust,2,0.08,0.25,0.01,50,1.0,1.0,0.0,0.0,50,0.003452291488647452,0.006391112804412867,0.007582876171501809,0.011854854173559809,0.004271978002057999,,0.004271978002057999,,0.0034522914886474607,0.006391112804412842,0.0029388213157653807,,0.0029388213157653807,,50.0,0.9969713102632357,1.0,0.9972557876905702,0.9219713102632354,0.9993354978354978,0.07736418757226207,0.039956125912513435,0.00024489795918367346,97.9,1.0,0.0,1.0,1.0,1.0,1.0,1.0,1.0,0.0,0.0,0.96,0.0,0.040000000000000036,0.0,0.0,1.0
mc_dropout,robust,2,0.08,0.25,0.03,50,1.0,1.0,0.0,0.0,50,0.003452291488647452,0.018633993864059423,0.007582876171501809,0.022851003821833728,0.01526812765033192,,0.01526812765033192,,0.0034522914886474607,0.018633993864059447,0.015181702375411988,,0.015181702375411988,,,,,,,,,,,,,,,,,,,,,,,,,,,
mc_dropout,robust,2,0.08,0.25,0.05,50,1.0,0.98,0.02,0.02,50,0.003452291488647452,0.030873788595199562,0.007582876171501809,0.03128216187056751,0.023699285699065698,0.2588108032941818,0.018901091462430675,0.23990971183175114,0.0034522914886474607,0.033945969343185424,0.030493677854537965,0.2337031364440918,0.026346546046587885,0.20735659039750393,50.0,0.9442167797261111,1.0,0.9733758263857957,0.870269018532081,0.981078343548267,0.11080932501618573,0.0455083913256532,0.029052732420289683,116.24,0.96,0.02,0.6333904109589041,1.0,1.0,1.0,1.0,0.94,0.02,0.04000000000000005,0.88,0.04,0.07999999999999999,0.0,0.06,0.94
mc_dropout,robust,2,0.08,0.25,0.07,50,1.0,0.96,0.04,0.04,50,0.003452291488647452,0.060918467044830296,0.007582876171501809,0.0433760156090284,0.03579313943752659,0.10825287830084562,0.03277398365155496,0.07547889464929067,0.0034522914886474607,0.06237751245498657,0.05892522096633911,0.22756841778755188,0.05189842109878858,0.1756699966887633,50.0,0.8962804855808715,1.0,0.9361204592500784,0.8257804855808715,0.9460117667720408,0.12023128119116926,0.05001476806914369,0.041779886500906915,130.08,0.9,0.04,0.08167808219178083,0.9655172413793104,1.0,1.0,1.0,0.9,0.04,0.05999999999999998,0.66,0.1,0.23999999999999996,0.0,0.1,0.9
mc_dropout,robust,2,0.08,0.25,0.08,50,1.0,0.92,0.08,0.08,50,0.003452291488647452,0.06711990714073178,0.007582876171501809,0.05010506129387068,0.04252218512236887,0.10809179302304983,0.036820480087527044,0.07127131293552279,0.0034522914886474607,0.07087155699729919,0.06741926550865174,0.27820083498954773,0.049090433379878166,0.22911040160966956,50.0,0.858757001436172,0.9908256880733946,0.9211829319792938,0.7890347792139498,0.9335408731484576,0.14450609393450772,0.05516095689662872,0.06292788854148083,148.34,0.9,0.08,0.025000000000000022,0.904109589041096,0.9908256880733946,1.0,1.0,0.88,0.08,0.039999999999999994,0.62,0.1,0.28,0.0,0.1,0.9
mc_dropout,robust,2,0.08,0.25,0.1,50,1.0,0.9,0.1,0.1,50,0.003452291488647452,0.08196220278739925,0.007582876171501809,0.06740704077819828,0.05982416460669647,0.040494071692228316,0.061971952708304044,-0.02147788101607573,0.0034522914886474607,0.11461697697639465,0.11116468548774719,0.21255091428756714,0.09989954895443387,0.11265136533313327,50.0,0.688627035265864,0.9581112591605596,0.8789206970459503,0.6275058338560934,0.9036592956365632,0.2761534617804699,0.059837421655144434,0.19294881843363595,172.12,0.72,0.1,0.0,0.19178082191780818,0.9581112591605596,0.9977064220183487,1.0,0.7,0.1,0.20000000000000004,0.44,0.14,0.42000000000000004,0.0,0.2,0.8
mc_dropout,robust,2,0.08,0.25,0.15,50,1.0,0.56,0.44,0.44,50,0.003452291488647452,0.1962519329786301,0.007582876171501809,0.09074471447616815,0.08316183830466635,0.06281565428944641,0.0991481257451963,-0.03633247145574989,0.0034522914886474607,0.310686040520668,0.30723374903202055,0.39487852968952875,0.2383699928011213,0.15650853688840743,,,,,,,,,,,,,,,,,,,,,,,,,,
mc_dropout,robust,3,0.08,0.25,0.01,50,1.0,1.0,0.0,0.0,50,0.00288349628448481,0.004678280353546116,0.0064023522248944165,0.00954421355327426,0.0031418613283798447,,0.0031418613283798447,,0.0028834962844848633,0.004678280353546143,0.0017947840690612793,,0.0017947840690612793,,50.0,0.9990533173780082,1.0,0.9990533173780082,0.9240533173780081,1.0,0.07594668262199172,0.03945928304648119,0.0,95.48,1.0,0.0,0.994954128440367,1.0,1.0,1.0,1.0,1.0,0.0,0.0,0.98,0.0,0.020000000000000018,0.0,0.0,1.0
mc_dropout,robust,3,0.08,0.25,0.03,50,1.0,1.0,0.0,0.0,50,0.00288349628448481,0.011767960786819458,0.0064023522248944165,0.018857642268986296,0.01245529004409188,,0.01245529004409188,,0.0028834962844848633,0.011767960786819458,0.008884464502334594,,0.008884464502334594,,,,,,,,,,,,,,,,,,,,,,,,,,,
mc_dropout,robust,3,0.08,0.25,0.05,50,1.0,1.0,0.0,0.0,50,0.00288349628448481,0.0276017534732819,0.0064023522248944165,0.032340923845481484,0.02593857162058707,,0.02593857162058707,,0.0028834962844848633,0.02760175347328186,0.024718257188796996,,0.024718257188796996,,50.0,0.962395186818198,1.0,0.9890730699939507,0.8873951868181978,0.9951232876712329,0.10772810085303483,0.046607729661052255,0.02625505391540024,114.66,1.0,0.0,0.7044520547945206,1.0,1.0,1.0,1.0,0.96,0.0,0.040000000000000036,0.88,0.04,0.07999999999999999,0.0,0.04,0.96
mc_dropout,robust,3,0.08,0.25,0.07,50,1.0,0.98,0.02,0.02,50,0.00288349628448481,0.05714723348617553,0.0064023522248944165,0.047613809395916175,0.04121145717102176,0.3008478432893753,0.03591275541350434,0.26493508787587094,0.0028834962844848633,0.05881778955459595,0.05593429327011108,0.513752281665802,0.0465910690171378,0.4671612126486642,50.0,0.897422034693409,1.0,0.9692482487467114,0.8252450435429662,0.9785342465753425,0.153289203032376,0.05014905310812584,0.07040719218359777,134.86,0.92,0.0,0.13127641939494408,0.975967291583566,1.0,1.0,1.0,0.92,0.0,0.07999999999999996,0.74,0.08,0.18,0.0,0.08,0.92
mc_dropout,robust,3,0.08,0.25,0.08,50,1.0,0.96,0.04,0.04,50,0.00288349628448481,0.08268167495727538,0.0064023522248944165,0.056676179863789006,0.05027382763889458,0.2226216197013855,0.0430926696362908,0.1795289500650947,0.0028834962844848633,0.07793548822402954,0.07505199193954468,0.4169197976589203,0.060807500034570694,0.3561122976243496,50.0,0.8550053410601081,1.0,0.951147835786474,0.7853805887156357,0.9652661923003231,0.1798856035846874,0.054183794906725063,0.09520358057202269,148.14,0.9,0.04,0.014941883502839773,0.9256061669726752,1.0,1.0,1.0,0.82,0.02,0.16000000000000006,0.68,0.08,0.23999999999999994,0.0,0.08,0.92
mc_dropout,robust,3,0.08,0.25,0.1,50,1.0,0.88,0.12,0.12,50,0.00288349628448481,0.12178534507751468,0.0064023522248944165,0.0706494473182829,0.0642470950933885,0.08745842597757776,0.06108191360918087,0.026376512368396894,0.0028834962844848633,0.12146877527236938,0.11858527898788453,0.3525639772415161,0.0866790928623893,0.26588488437912683,50.0,0.6961000608264252,0.9421920919048892,0.8909729669641561,0.6340047202466588,0.9130901722138103,0.2790854519671517,0.059783599585394004,0.19344865168286784,184.02,0.72,0.06,0.0,0.21318493150684928,0.9421920919048892,0.9908256880733946,1.0,0.72,0.06,0.22000000000000003,0.44,0.2,0.36000000000000004,0.0,0.2,0.8
mc_dropout,robust,3,0.08,0.25,0.15,50,1.0,0.58,0.42,0.42,50,0.00288349628448481,0.21251658380031585,0.0064023522248944165,0.09972941406071185,0.09332706183581746,0.07448582115524903,0.10697071888036698,-0.03248489772511795,0.0028834962844848633,0.28753512680530546,0.2846516305208206,0.35952293447085787,0.23043447938458672,0.12908845508627115,,,,,,,,,,,,,,,,,,,,,,,,,,
mc_dropout,robust,4,0.08,0.25,0.01,50,1.0,1.0,0.0,0.0,50,0.003494668006897017,0.007212283611297632,0.005085038742582242,0.009219093667489915,0.004134054924907673,,0.004134054924907673,,0.003494668006896973,0.007212283611297607,0.0037176156044006346,,0.0037176156044006346,,50.0,0.9968999504651008,1.0,0.9979411609984481,0.9218999504651006,1.0,0.07810004953489924,0.04068603269567835,0.001265666339535586,98.44,1.0,0.0,0.9799295306475203,1.0,1.0,1.0,1.0,1.0,0.0,0.0,0.94,0.0,0.06000000000000005,0.0,0.0,1.0
mc_dropout,robust,4,0.08,0.25,0.03,50,1.0,1.0,0.0,0.0,50,0.003494668006897017,0.0240913283824921,0.005085038742582242,0.021662302505583285,0.016577263763001043,,0.016577263763001043,,0.003494668006896973,0.024091328382492064,0.020596660375595092,,0.020596660375595092,,,,,,,,,,,,,,,,,,,,,,,,,,,
mc_dropout,robust,4,0.08,0.25,0.05,50,1.0,0.96,0.04,0.04,50,0.003494668006897017,0.03674797058105474,0.005085038742582242,0.03073482042267642,0.02564978168009418,0.15659455582499504,0.020193749424056644,0.1364008064009384,0.003494668006896973,0.038134877681732175,0.03464020967483521,0.2980274558067322,0.023665741086006165,0.274361714720726,50.0,0.9330953210316337,1.0,0.9548476393950819,0.8602516632145245,0.9615479452054794,0.10129628199095478,0.044337303133832634,0.02176550652532068,114.1,0.94,0.04,0.3741438356164384,1.0,1.0,1.0,1.0,0.92,0.04,0.03999999999999996,0.9,0.08,0.019999999999999976,0.0,0.08,0.92
mc_dropout,robust,4,0.08,0.25,0.07,50,1.0,0.94,0.06,0.06,50,0.003494668006897017,0.04041103839874268,0.005085038742582242,0.03845967798806669,0.03337463924548444,0.14994373793403307,0.025934058478130278,0.12400967945590279,0.003494668006896973,0.05607832193374634,0.05258365392684936,0.23137334982554117,0.0411715456779967,0.19020180414754448,50.0,0.8774285786059792,1.0,0.928914812026618,0.8077619119393126,0.9406362916339106,0.13287437969459798,0.04732033813324023,0.05029015343944176,124.44,0.88,0.06,0.015000000000000003,0.9852064220183486,1.0,1.0,1.0,0.86,0.06,0.08000000000000002,0.78,0.08,0.13999999999999996,0.0,0.08,0.92
mc_dropout,robust,4,0.08,0.25,0.08,50,1.0,0.92,0.08,0.08,50,0.003494668006897017,0.04823735833168026,0.005085038742582242,0.04141312888597895,0.036328090143396705,0.09612309094518423,0.03112852485628475,0.06499456608889947,0.003494668006896973,0.06717202782630921,0.06367735981941224,0.1908472329378128,0.05261910998302957,0.13822812295478323,50.0,0.8459508318830748,0.9954128440366973,0.9100453005841868,0.7775971733464891,0.9238497455741126,0.1462525722276232,0.05071053332513752,0.06401353091795596,137.36,0.86,0.08,0.0,0.9569037308461026,0.9954128440366973,1.0,1.0,0.86,0.08,0.06000000000000001,0.68,0.14,0.17999999999999994,0.0,0.14,0.86
mc_dropout,robust,4,0.08,0.25,0.1,50,1.0,0.84,0.16,0.16,50,0.003494668006897017,0.10010148286819462,0.005085038742582242,0.05550953179466887,0.050424493052086634,0.05499424054141855,0.04955406495888055,0.0054401755825379955,0.003494668006896973,0.10309407472610474,0.09959940671920776,0.22197028994560242,0.07629066705703735,0.14567962288856506,50.0,0.6911625052278262,0.9333575054387238,0.8591415738373058,0.6292326806664228,0.882265429515235,0.25303274884881233,0.061506314988640225,0.16842091752870295,177.8,0.72,0.14,0.0,0.2782534246575342,0.9333575054387238,0.9977064220183487,1.0,0.7,0.14,0.16000000000000003,0.4,0.16,0.43999999999999995,0.0,0.16,0.84
mc_dropout,robust,4,0.08,0.25,0.15,50,1.0,0.62,0.38,0.38,50,0.003494668006897017,0.16138694763183595,0.005085038742582242,0.09362493732012808,0.08853989857754584,0.06952061336333397,0.10019687983786925,-0.03067626647453528,0.003494668006896973,0.29881215929985044,0.2953174912929535,0.3455944124021028,0.26450260416153937,0.08109180824056345,,,,,,,,,,,,,,,,,,,,,,,,,,
mc_dropout,standard,0,,,0.01,50,1.0,1.0,0.0,0.0,50,0.002990287542343102,0.010883891582489051,0.004962999987345142,0.015275225773855254,0.010312225786510112,,0.010312225786510112,,0.0029902875423431395,0.010883891582489013,0.007893604040145875,,0.007893604040145875,,50.0,0.9777522872229065,1.0,0.9945475768321512,0.9027522872229065,0.9980972222222222,0.09534493499931566,0.04661858556876268,0.016576864553944762,116.72,1.0,0.0,0.8253371147260273,1.0,1.0,1.0,1.0,1.0,0.0,0.0,0.86,0.0,0.14,0.0,0.02,0.98
mc_dropout,standard,0,,,0.03,50,1.0,0.94,0.06,0.06,50,0.002990287542343102,0.05901052594184874,0.004962999987345142,0.07451043339329771,0.06954743340595257,0.15858083125203848,0.06386445056471304,0.09471638068732544,0.0029902875423431395,0.08698648810386658,0.08399620056152343,0.3363142212231954,0.06789079498737416,0.2684234262358212,,,,,,,,,,,,,,,,,,,,,,,,,,
mc_dropout,standard,0,,,0.05,50,1.0,0.66,0.34,0.34,50,0.002990287542343102,0.2628010803461075,0.004962999987345142,0.12542266017757356,0.12045966019022841,0.13846088905419868,0.11118629986636495,0.027274589187833723,0.0029902875423431395,0.16531238973140716,0.16232210218906404,0.21642556435921612,0.13445062167716748,0.08197494268204863,50.0,0.00017699115044247815,0.0,0.5958378396126371,0.0,0.6482703622143678,0.6482703622143678,0.037531256615834376,0.5963178542103822,191.22,0.0,0.3,0.0,0.0,0.0,0.0,0.0,0.0,0.36,0.64,0.0,0.58,0.42000000000000004,0.0,0.6,0.4
mc_dropout,standard,0,,,0.07,50,1.0,0.36,0.64,0.64,50,0.002990287542343102,0.5768491727113725,0.004962999987345142,0.12920464650844224,0.1242416465210971,0.08957545266490996,0.18587043559876312,-0.09629498293385316,0.0029902875423431395,0.136089009642601,0.13309872210025786,0.1083069620653987,0.17717296216222975,-0.06886600009683105,50.0,0.0,0.0,0.285503688384266,0.0,0.3591379518248705,0.3591379518248705,0.037315636908736065,0.2847422680412371,183.8,0.0,0.64,0.0,0.0,0.0,0.0,0.0,0.0,0.64,0.36,0.0,0.88,0.12,0.0,0.94,0.06000000000000005
mc_dropout,standard,0,,,0.08,50,1.0,0.24,0.76,0.76,50,0.002990287542343102,0.6939381814002991,0.004962999987345142,0.13438957878621294,0.12942657879886782,0.08943813144496385,0.25605666208623035,-0.1666185306412665,0.0029902875423431395,0.15268997788429262,0.14969969034194947,0.10688698997623042,0.2852732415000598,-0.17838625152382936,50.0,0.0,0.0,0.1705242691316059,0.0,0.24552426913160585,0.24552426913160585,0.037315636908736065,0.16659793814432988,173.2,0.0,0.76,0.0,0.0,0.0,0.0,0.0,0.0,0.76,0.24,0.0,0.98,0.020000000000000018,0.0,1.0,0.0
mc_dropout,standard,0,,,0.1,50,1.0,0.06,0.94,0.94,50,0.002990287542343102,0.875187293291092,0.004962999987345142,0.08254693821010733,0.07758393822276219,0.06212804372058899,0.31972628542347553,-0.25759824170288653,0.0029902875423431395,0.08393586277961732,0.08094557523727416,0.059505744183317145,0.4168362617492676,-0.3573305175659504,50.0,0.0,0.0,0.03784932417220962,0.0,0.11284932417220958,0.11284932417220958,0.037315636908736065,0.03711340206185567,130.4,0.0,0.92,0.0,0.0,0.0,0.0,0.0,0.0,1.0,0.0,0.0,1.0,0.0,0.0,1.0,0.0
mc_dropout,standard,0,,,0.15,50,1.0,0.0,1.0,1.0,50,0.002990287542343102,0.9860564279556274,0.004962999987345142,0.020158722267738086,0.015195722280392943,0.015195722280392943,,,0.0029902875423431395,0.013943572044372559,0.010953284502029419,0.010953284502029419,,,,,,,,,,,,,,,,,,,,,,,,,,,,
mc_dropout,standard,1,,,0.01,50,1.0,1.0,0.0,0.0,50,0.004248186349868739,0.01783660292625429,0.0074637994857172174,0.023189245141047508,0.01572544565533029,,0.01572544565533029,,0.004248186349868775,0.01783660292625427,0.013588416576385497,,0.013588416576385497,,50.0,0.9558945774553357,1.0,0.9854839064720619,0.8808945774553356,0.9928264887052236,0.11193191124988794,0.05128081699984692,0.029192040976351804,125.18,0.98,0.0,0.6950342465753425,0.9769230769230769,1.0,1.0,1.0,0.98,0.0,0.020000000000000018,0.8,0.02,0.17999999999999997,0.0,0.06,0.94
mc_dropout,standard,1,,,0.03,50,1.0,0.92,0.08,0.08,50,0.004248186349868739,0.061520721912384044,0.0074637994857172174,0.09539773794531356,0.08793393845959635,0.21286373864859343,0.0770704775735966,0.13579326107499684,0.004248186349868775,0.10054046630859376,0.09629227995872497,0.29621270298957825,0.07890789534734644,0.2173048076422318,,,,,,,,,,,,,,,,,,,,,,,,,,
mc_dropout,standard,1,,,0.05,50,1.0,0.56,0.44,0.44,50,0.004248186349868739,0.29444319844245914,0.0074637994857172174,0.1373843146301806,0.12992051514446337,0.1565006824464283,0.10903609797863378,0.04746458446779453,0.004248186349868775,0.14924342751502992,0.14499524116516113,0.1837617592378096,0.11453583410808019,0.06922592512972942,50.0,0.0,0.0,0.5169434313710165,0.0,0.5738921595245957,0.5738921595245957,0.037315636908736065,0.5152577319587629,197.6,0.0,0.42,0.0,0.0,0.0,0.0,0.0,0.0,0.48,0.52,0.0,0.62,0.38,0.0,0.64,0.36
mc_dropout,standard,1,,,0.07,50,1.0,0.32,0.68,0.68,50,0.004248186349868739,0.5602116453647613,0.0074637994857172174,0.1192034160834737,0.1117396165977565,0.07320880419913532,0.1936175929448265,-0.12040878874569118,0.004248186349868775,0.11978835463523865,0.11554016828536988,0.07976540046579697,0.19156154990196228,-0.11179614943616531,50.0,0.0,0.0,0.23996489391026884,0.0,0.3149648939102688,0.3149648939102688,0.037315636908736065,0.23505154639175255,184.64,0.0,0.66,0.0,0.0,0.0,0.0,0.0,0.0,0.74,0.26,0.0,0.94,0.06000000000000005,0.0,0.98,0.020000000000000018
mc_dropout,standard,1,,,0.08,50,1.0,0.2,0.8,0.8,50,0.004248186349868739,0.7108564782142639,0.0074637994857172174,0.11916044183075428,0.11169664234503707,0.08037112748619535,0.23699870178040391,-0.15662757429420857,0.004248186349868775,0.14227935314178466,0.1380311667919159,0.08959606140851975,0.33177158832550047,-0.24217552691698072,50.0,0.0,0.0,0.1259263680782851,0.0,0.20092636807828504,0.20092636807828504,0.037315636908736065,0.12618556701030925,167.14,0.0,0.8,0.0,0.0,0.0,0.0,0.0,0.0,0.86,0.14,0.0,1.0,0.0,0.0,1.0,0.0
mc_dropout,standard,1,,,0.1,50,1.0,0.0,1.0,1.0,50,0.004248186349868739,0.9440642738342286,0.0074637994857172174,0.06258281674934552,0.05511901726362829,0.05511901726362829,,,0.004248186349868775,0.055935726165771485,0.05168753981590271,0.05168753981590271,,,50.0,0.0,0.0,0.01573043810078068,0.0,0.09073043810078066,0.09073043810078066,0.037315636908736065,0.017113402061855666,119.44,0.0,0.98,0.0,0.0,0.0,0.0,0.0,0.0,1.0,0.0,0.0,1.0,0.0,0.0,1.0,0.0
mc_dropout,standard,1,,,0.15,50,1.0,0.0,1.0,1.0,50,0.004248186349868739,0.9757655358314514,0.0074637994857172174,0.02332989901935889,0.015866099533641674,0.015866099533641674,,,0.004248186349868775,0.024234464168548586,0.019986277818679808,0.019986277818679808,,,,,,,,,,,,,,,,,,,,,,,,,,,,
mc_dropout,standard,2,,,0.01,50,1.0,1.0,0.0,0.0,50,0.002394422292709364,0.01152330875396725,0.005198489071471215,0.018942924557385367,0.013744435485914152,,0.013744435485914152,,0.0023944222927093505,0.011523308753967286,0.009128886461257934,,0.009128886461257934,,50.0,0.9742531211158042,1.0,0.9929808032753473,0.8992531211158042,0.9983345323741006,0.09908141125829642,0.04908429388360256,0.018374259433903913,123.0,1.0,0.0,0.8363149154589372,0.9908256880733946,1.0,1.0,1.0,1.0,0.0,0.0,0.8,0.0,0.19999999999999996,0.0,0.02,0.98
mc_dropout,standard,2,,,0.03,50,1.0,0.9,0.1,0.1,50,0.002394422292709364,0.09284903645515441,0.005198489071471215,0.10007053324712616,0.09487204417565494,0.23276832192204894,0.07955023553716671,0.1532180863848822,0.0023944222927093505,0.1070490300655365,0.10465460777282715,0.4267778992652893,0.06886313094033135,0.35791476832495794,,,,,,,,,,,,,,,,,,,,,,,,,,
mc_dropout,standard,2,,,0.05,50,1.0,0.54,0.46,0.46,50,0.002394422292709364,0.2915687882900238,0.005198489071471215,0.1470772296539508,0.14187874058247957,0.1812910852180642,0.10830526181883339,0.0729858233992308,0.0023944222927093505,0.1684312117099762,0.16603678941726685,0.21114837345869644,0.1276084030116046,0.08353997044709185,50.0,0.0003539823008849563,0.0,0.4922871320254949,0.0,0.5525202442999881,0.5525202442999881,0.03774687632293268,0.49180914150168775,203.6,0.0,0.44,0.0,0.0,0.0,0.0,0.0,0.0,0.52,0.48,0.0,0.64,0.36,0.0,0.68,0.31999999999999995
mc_dropout,standard,2,,,0.07,50,1.0,0.32,0.68,0.68,50,0.002394422292709364,0.6066631531715393,0.005198489071471215,0.11980477303266525,0.11460628396119404,0.0663512403871577,0.21714825155602124,-0.15079701116886354,0.0023944222927093505,0.1214851188659668,0.11909069657325745,0.06745369469418246,0.2288193255662918,-0.16136563087210937,50.0,0.0,0.0,0.23708716806096752,0.0,0.3103565333783088,0.3103565333783088,0.037315636908736065,0.2371134020618557,171.94,0.0,0.68,0.0,0.0,0.0,0.0,0.0,0.0,0.68,0.31999999999999995,0.0,0.96,0.040000000000000036,0.0,0.96,0.040000000000000036
mc_dropout,standard,2,,,0.08,50,1.0,0.18,0.82,0.82,50,0.002394422292709364,0.7290621316432953,0.005198489071471215,0.11267955783288926,0.10748106876141804,0.08100998695834544,0.228071552530971,-0.14706156557262556,0.0023944222927093505,0.12782294631004334,0.12542852401733398,0.0817300648224063,0.32449928257200455,-0.24276921774959825,50.0,0.0,0.0,0.14022198142799336,0.0,0.2152219814279933,0.2152219814279933,0.037315636908736065,0.14,167.1,0.0,0.78,0.0,0.0,0.0,0.0,0.0,0.0,0.88,0.12,0.0,0.98,0.020000000000000018,0.0,0.98,0.020000000000000018
mc_dropout,standard,2,,,0.1,50,1.0,0.0,1.0,1.0,50,0.002394422292709364,0.9442264890670775,0.005198489071471215,0.060856669834902274,0.05565818076343106,0.05565818076343106,,,0.0023944222927093505,0.05577351093292236,0.05337908864021301,0.05337908864021301,,,50.0,0.0,0.0,0.033336658244471726,0.0,0.1083366582444717,0.1083366582444717,0.037315636908736065,0.03505154639175257,125.68,0.0,0.98,0.0,0.0,0.0,0.0,0.0,0.0,0.98,0.020000000000000018,0.0,1.0,0.0,0.0,1.0,0.0
mc_dropout,standard,2,,,0.15,50,1.0,0.0,1.0,1.0,50,0.002394422292709364,0.9683776891231537,0.005198489071471215,0.035009054891656885,0.029810565820185674,0.029810565820185674,,,0.0023944222927093505,0.03162231087684631,0.02922788858413696,0.02922788858413696,,,,,,,,,,,,,,,,,,,,,,,,,,,,
mc_dropout,standard,3,,,0.01,50,1.0,1.0,0.0,0.0,50,0.005362110137939418,0.012395334243774411,0.011495681854369196,0.021106469729566014,0.00961078787519682,,0.00961078787519682,,0.005362110137939453,0.012395334243774415,0.007033224105834961,,0.007033224105834961,,50.0,0.9745423434834721,1.0,0.991771532042198,0.899542343483472,0.995461187214612,0.09591884373113986,0.04757617111383708,0.01728395933200372,115.58,1.0,0.0,0.8605913898406078,0.9908256880733946,1.0,1.0,1.0,0.98,0.0,0.020000000000000018,0.84,0.02,0.14000000000000004,0.0,0.02,0.98
mc_dropout,standard,3,,,0.03,50,1.0,0.96,0.04,0.04,50,0.005362110137939418,0.04753283858299259,0.011495681854369196,0.07221140236390056,0.06071572050953136,0.17589363269507885,0.055916640835133556,0.11997699185994529,0.005362110137939453,0.07500381350517273,0.06964170336723327,0.33180347084999084,0.05871829638878504,0.2730851744612058,,,,,,,,,,,,,,,,,,,,,,,,,,
mc_dropout,standard,3,,,0.05,50,1.0,0.72,0.28,0.28,50,0.005362110137939418,0.19143110394477847,0.011495681854369196,0.13405732895131223,0.12256164709694303,0.1396243756615669,0.11592614154403375,0.023698234117533162,0.005362110137939453,0.16545490384101869,0.16009279370307922,0.18446719220706395,0.15061386095152962,0.03385333125553433,50.0,0.005410958904109589,0.0,0.5981189347604365,0.003910958904109589,0.6523764315139742,0.6484654726098645,0.038668069095292835,0.5908777008897048,208.94,0.02,0.28,0.0,0.0,0.0,0.0,0.0,0.0,0.36,0.64,0.0,0.6,0.4,0.0,0.64,0.36
mc_dropout,standard,3,,,0.07,50,1.0,0.34,0.66,0.66,50,0.005362110137939418,0.5779075932502746,0.011495681854369196,0.11616211074637249,0.1046664288920033,0.0751135835056678,0.16203371699488986,-0.08692013348922206,0.005362110137939453,0.12718384027481078,0.12182173013687134,0.10106794942509044,0.16210848093032837,-0.06104053150523793,50.0,0.0,0.0,0.2900898887951482,0.0,0.35994832577641994,0.35994832577641994,0.037315636908736065,0.28845360824742267,175.3,0.0,0.64,0.0,0.0,0.0,0.0,0.0,0.0,0.64,0.36,0.0,0.86,0.14,0.0,0.86,0.14
mc_dropout,standard,3,,,0.08,50,1.0,0.26,0.74,0.74,50,0.005362110137939418,0.6756698155403136,0.011495681854369196,0.1065695691097062,0.09507388725533701,0.056996137546042755,0.20344902104332838,-0.14645288349728564,0.005362110137939453,0.12382635831832886,0.1184642481803894,0.07115157874854836,0.2531233842556293,-0.18197180550708095,50.0,0.0,0.0,0.18787916430522117,0.0,0.26166327484062696,0.26166327484062696,0.037315636908736065,0.1865979381443299,162.6,0.0,0.7,0.0,0.0,0.0,0.0,0.0,0.0,0.82,0.18000000000000005,0.0,0.94,0.06000000000000005,0.0,0.94,0.06000000000000005
mc_dropout,standard,3,,,0.1,50,1.0,0.06,0.94,0.94,50,0.005362110137939418,0.8726054549217224,0.011495681854369196,0.08026440796849783,0.06876872611412864,0.06061438666023015,0.196520044225205,-0.13590565756497486,0.005362110137939453,0.08733044624328613,0.08196833610534668,0.06904307578472381,0.2844640811284383,-0.2154210053437145,50.0,0.0,0.0,0.06804016233558736,0.0,0.14304016233558733,0.14304016233558733,0.037315636908736065,0.07010309278350514,136.48,0.0,0.9,0.0,0.0,0.0,0.0,0.0,0.0,0.94,0.06000000000000005,0.0,1.0,0.0,0.0,1.0,0.0
mc_dropout,standard,3,,,0.15,50,1.0,0.0,1.0,1.0,50,0.005362110137939418,0.9684115338325502,0.011495681854369196,0.03226113691444382,0.020765455060074628,0.020765455060074628,,,0.005362110137939453,0.03158846616744995,0.026226356029510497,0.026226356029510497,,,,,,,,,,,,,,,,,,,,,,,,,,,,
mc_dropout,standard,4,,,0.01,50,1.0,1.0,0.0,0.0,50,0.004770339727401707,0.017939620018005416,0.009667191903592992,0.023782789636172766,0.014115597732579772,,0.014115597732579772,,0.004770339727401734,0.01793962001800537,0.013169280290603637,,0.013169280290603637,,50.0,0.9503232756925049,1.0,0.9865650540560064,0.8753232756925046,0.9939793334519362,0.11865605775943143,0.05261229597894145,0.03590258148465361,129.58,0.98,0.0,0.6659246575342466,0.9833333333333333,1.0,1.0,1.0,0.96,0.0,0.040000000000000036,0.76,0.04,0.19999999999999998,0.0,0.04,0.96
mc_dropout,standard,4,,,0.03,50,1.0,0.92,0.08,0.08,50,0.004770339727401707,0.07863460659980774,0.009667191903592992,0.08004112870992686,0.07037393680633386,0.12622223829384893,0.06551756276394125,0.06070467552990769,0.004770339727401734,0.08841365933418274,0.08364331960678101,0.21089959144592285,0.07257755683815997,0.13832203460776288,,,,,,,,,,,,,,,,,,,,,,,,,,
mc_dropout,standard,4,,,0.05,50,1.0,0.52,0.48,0.48,50,0.004770339727401707,0.32658985853195194,0.009667191903592992,0.1257612014375627,0.11609400953396971,0.12103897922664449,0.11152942212534683,0.009509557101297653,0.004770339727401734,0.1534101414680481,0.14863980174064637,0.19473479936520258,0.10609057316413292,0.08864422620106965,50.0,0.00044776119402984983,0.0,0.4972862403254466,0.0,0.555911089936818,0.555911089936818,0.03775715592511629,0.49380058470533933,202.48,0.0,0.42,0.0,0.0,0.0,0.0,0.0,0.0,0.48,0.52,0.0,0.66,0.33999999999999997,0.0,0.68,0.31999999999999995
mc_dropout,standard,4,,,0.07,50,1.0,0.34,0.66,0.66,50,0.004770339727401707,0.6131381899118424,0.009667191903592992,0.11801442521391436,0.10834723331032137,0.048998033399240026,0.22355450372594987,-0.17455647032670984,0.004770339727401734,0.11871831357479096,0.11394797384738922,0.05666114344741359,0.22515182109440074,-0.16849067764698716,50.0,0.0,0.0,0.2363000109283152,0.0,0.30992633776396533,0.30992633776396533,0.037315636908736065,0.2346391752577319,168.46,0.0,0.66,0.0,0.0,0.0,0.0,0.0,0.0,0.76,0.24,0.0,0.84,0.16000000000000003,0.0,0.92,0.07999999999999996
mc_dropout,standard,4,,,0.08,50,1.0,0.2,0.8,0.8,50,0.004770339727401707,0.6889278471469878,0.009667191903592992,0.11214684223290533,0.10247965032931233,0.0628341099712543,0.2610618117615445,-0.19822770179029023,0.004770339727401734,0.11107215285301208,0.10630181312561035,0.0723333165049553,0.2421757996082306,-0.16984248310327532,50.0,0.0,0.0,0.14390302071883415,0.0,0.21890302071883408,0.21890302071883408,0.037315636908736065,0.14288659793814432,162.02,0.0,0.78,0.0,0.0,0.0,0.0,0.0,0.0,0.82,0.18000000000000005,0.0,1.0,0.0,0.0,1.0,0.0
mc_dropout,standard,4,,,0.1,50,1.0,0.06,0.94,0.94,50,0.004770339727401707,0.9212998175621032,0.009667191903592992,0.07794989963353145,0.06828270772993847,0.04433216040225075,0.443507949197046,-0.39917578879479526,0.004770339727401734,0.07038188934326171,0.06561154961585998,0.042309286746572944,0.4306803345680237,-0.3883710478214507,50.0,0.0,0.0,0.031799540378878687,0.0,0.10679954037887864,0.10679954037887864,0.037315636908736065,0.03237113402061856,127.38,0.0,0.94,0.0,0.0,0.0,0.0,0.0,0.0,1.0,0.0,0.0,1.0,0.0,0.0,1.0,0.0
mc_dropout,standard,4,,,0.15,50,1.0,0.0,1.0,1.0,50,0.004770339727401707,0.9898496675491332,0.009667191903592992,0.017814780330509164,0.008147588426916173,0.008147588426916173,,,0.004770339727401734,0.0101503324508667,0.005379992723464966,0.005379992723464966,,,,,,,,,,,,,,,,,,,,,,,,,,,,
vogn,robust,0,0.08,0.25,0.01,50,0.96,0.94,0.06,0.020833333333333332,48,0.0724885565042496,0.05672605097293852,0.01909653611310843,0.022822009269737212,0.0037254731566287867,-0.011751890182495117,0.004723193027298691,-0.01647508320979381,0.06925884425640107,0.08359237611293793,0.014333531856536866,0.0386296808719635,0.017703153985611935,0.020926526886351566,50.0,0.9251801546867527,1.0,0.9298481259848609,0.8516801546867526,0.939031612223393,0.08735145753664036,0.04501307424145422,0.0046836268754076975,113.0,0.94,0.06,0.38524951076320946,1.0,1.0,1.0,1.0,0.94,0.06,5.551115123125783e-17,0.88,0.12,0.0,0.0,0.12,0.88
vogn,robust,0,0.08,0.25,0.03,50,0.96,0.88,0.12,0.08333333333333333,48,0.0724885565042496,0.07045774042606356,0.01909653611310843,0.02712172749534998,0.008025191382241555,0.03406638279557228,0.007558075153096504,0.026508307642475776,0.06925884425640107,0.11442624986171722,0.04516740560531616,0.16164792329072952,0.04611583054065704,0.11553209275007248,,,,,,,,,,,,,,,,,,,,,,,,,,
vogn,robust,0,0.08,0.25,0.05,50,0.96,0.84,0.16,0.125,48,0.0724885565042496,0.09092652499675748,0.01909653611310843,0.02849103317978205,0.009394497066673623,-0.022723186761140823,0.0168394917532766,-0.03956267851441742,0.06925884425640107,0.13490838348865508,0.06564953923225403,0.08305905759334564,0.08067966642833892,0.002379391165006725,50.0,0.6454876291018061,0.9558729139922978,0.7884969235836361,0.5836336468009211,0.8141595386787924,0.2305258918778713,0.05712452951298535,0.14364115627831278,157.2,0.84,0.16,0.0,0.11888280394304487,0.9558729139922978,1.0,1.0,0.64,0.18,0.18,0.48,0.24,0.28,0.0,0.3,0.7
vogn,robust,0,0.08,0.25,0.07,50,0.96,0.82,0.18,0.14583333333333334,48,0.0724885565042496,0.18297845244407662,0.01909653611310843,0.03387609256471478,0.014779556451606352,-0.04538744757883251,0.028828796280114994,-0.0742162438589475,0.06925884425640107,0.1946884024143219,0.12542955815792084,0.0663273845400129,0.15928246044531102,-0.09295507590529813,50.0,0.4210560535251225,0.09246737231528102,0.656789578775027,0.3811592234984631,0.6943856015314209,0.31322637803295783,0.050403591735195284,0.2320604212231011,172.6,0.7,0.22,0.0,0.0,0.09246737231528102,1.0,1.0,0.4,0.32,0.27999999999999997,0.32,0.4,0.2799999999999999,0.0,0.46,0.54
vogn,robust,0,0.08,0.25,0.08,50,0.96,0.74,0.26,0.22916666666666666,48,0.0724885565042496,0.15810970485210418,0.01909653611310843,0.033439433937091964,0.014342897823983534,0.01638803309635312,0.0181159070394261,-0.0017278739430729786,0.06925884425640107,0.21248185455799104,0.14322301030158996,0.23020690950480374,0.14574595883085922,0.08446095067394452,50.0,0.32005627114559737,0.0,0.5956728423741686,0.2900196082051974,0.6377089456243187,0.3476893374191213,0.04801234391984474,0.27684000709277234,166.64,0.66,0.28,0.0,0.0,0.0,0.9415292353823088,1.0,0.3,0.38,0.31999999999999995,0.24,0.48,0.28,0.0,0.5,0.5
vogn,robust,0,0.08,0.25,0.1,50,0.96,0.62,0.38,0.3541666666666667,48,0.0724885565042496,0.1789709669351578,0.01909653611310843,0.030731266901186702,0.011634730788078272,0.006857985962924699,0.019611355423249974,-0.012753369460325275,0.06925884425640107,0.2483185464143753,0.17905970215797423,0.26496156524209413,0.16594463490670727,0.09901693033538686,50.0,0.12072537648958143,0.0,0.49912337565837744,0.10951547303271443,0.5480861500375848,0.43857067700487035,0.04026525872362065,0.37556328330423305,160.5,0.52,0.36,0.0,0.0,0.0,0.0,0.9924999999999999,0.12,0.48,0.4,0.1,0.6,0.30000000000000004,0.0,0.6,0.4
vogn,robust,0,0.08,0.25,0.15,50,0.96,0.3,0.7,0.6875,48,0.0724885565042496,0.38163587689399725,0.01909653611310843,0.036171475798964146,0.017074939685855717,0.011749903789298952,0.04108746281346958,-0.02933755902417063,0.06925884425640107,0.3183641231060028,0.24910527884960174,0.29056555123040173,0.24271385471026102,0.04785169652014071,,,,,,,,,,,,,,,,,,,,,,,,,,
vogn,robust,1,0.08,0.25,0.01,50,0.98,0.94,0.06,0.04081632653061224,49,0.07638501942157744,0.05778407454490664,0.016827648955395628,0.02006334839773589,0.003235699442340263,-0.0030881166458129883,0.0038538720034045197,-0.0069419886492175075,0.06865698635578156,0.0885500168800354,0.019893030524253844,0.010136455297470093,0.02231832704645522,-0.012181871748985128,50.0,0.9182521284497891,1.0,0.9261748224496971,0.844752128449789,0.937547963860643,0.09279583541085394,0.04718302957224295,0.00797361290251592,119.48,0.9,0.08,0.301541095890411,1.0,1.0,1.0,1.0,0.9,0.06,0.03999999999999998,0.84,0.1,0.060000000000000026,0.0,0.1,0.9
vogn,robust,1,0.08,0.25,0.03,50,0.98,0.86,0.14,0.12244897959183673,49,0.07638501942157744,0.11556553184986118,0.016827648955395628,0.023655835020499318,0.00682818606510369,-0.007859321931997934,0.009728542420921953,-0.01758786435291989,0.06865698635578156,0.10137215435504913,0.032715167999267575,0.0354950875043869,0.03753923330196114,-0.00204414579757424,,,,,,,,,,,,,,,,,,,,,,,,,,
vogn,robust,1,0.08,0.25,0.05,50,0.98,0.84,0.16,0.14285714285714285,49,0.07638501942157744,0.15259727954864505,0.016827648955395628,0.025997144547783506,0.009169495592387878,-0.04250866387571607,0.018903098870213495,-0.06141176274592956,0.06865698635578156,0.13276714324951172,0.06411015689373016,-0.033992150000163486,0.0879276678675697,-0.12191981786773318,50.0,0.6251198015159792,0.9833333333333333,0.7779539984409183,0.5674892899661566,0.8062174900399435,0.23872820007378695,0.055788205536434106,0.15257254617947005,154.26,0.8,0.16,0.0,0.09253980007404661,0.9833333333333333,1.0,1.0,0.6,0.2,0.2,0.52,0.28,0.19999999999999996,0.0,0.3,0.7
vogn,robust,1,0.08,0.25,0.07,50,0.98,0.74,0.26,0.24489795918367346,49,0.07638501942157744,0.1383600860834122,0.016827648955395628,0.027187481077107806,0.010359832121712176,-0.01920152384263929,0.02135419953180404,-0.040555723374443325,0.06865698635578156,0.17283521831035614,0.10417823195457458,0.10484334329764049,0.11429250562513196,-0.009449162327491475,50.0,0.4186485985543467,0.018410792747075966,0.651845328341714,0.38191216684446366,0.6883463057943721,0.3064341389499083,0.04752729831258586,0.23423225679865772,158.48,0.66,0.22,0.0,0.0,0.018410792747075966,1.0,1.0,0.4,0.36,0.24,0.34,0.38,0.2799999999999999,0.0,0.38,0.62
vogn,robust,1,0.08,0.25,0.08,50,0.98,0.7,0.3,0.2857142857142857,49,0.07638501942157744,0.2374327576160431,0.016827648955395628,0.027628464083391008,0.01080081512799538,-0.01990542877631794,0.024612358064418062,-0.044517786840736,0.06865698635578156,0.18618656039237977,0.11752957403659821,0.12803866820675985,0.12486060857772827,0.0031780596290315877,50.0,0.31359954621515074,0.0,0.6004950419190758,0.28407097478657933,0.640384275873527,0.3563133010869477,0.05022309870443592,0.2833309720732266,169.82,0.58,0.28,0.0,0.0,0.0,0.7722602739726028,1.0,0.3,0.38,0.31999999999999995,0.2,0.46,0.34,0.0,0.46,0.54
vogn,robust,1,0.08,0.25,0.1,50,0.98,0.6,0.4,0.3877551020408163,49,0.07638501942157744,0.29042068123817444,0.016827648955395628,0.029589178664273276,0.012761529708877648,0.0002535815582345286,0.02256976328664351,-0.022316181728408983,0.06865698635578156,0.20085283875465393,0.13219585239887238,0.14685943409016258,0.13717960516611735,0.00967982892404523,50.0,0.12118869012711667,0.0,0.4899535830077102,0.10901169897667419,0.5369075507972116,0.42789585182053747,0.04194214532943743,0.36623399028525455,159.5,0.5,0.36,0.0,0.0,0.0,0.0,0.9958715596330275,0.12,0.52,0.36,0.08,0.58,0.3400000000000001,0.0,0.58,0.42000000000000004
vogn,robust,1,0.08,0.25,0.15,50,0.98,0.32,0.68,0.673469387755102,49,0.07638501942157744,0.4189581745862961,0.016827648955395628,0.029187641165586923,0.012359992210191293,0.002590365709798113,0.036078061731046884,-0.03348769602124877,0.06865698635578156,0.2665216380357742,0.19786465167999268,0.21071454792311697,0.20275040715932846,0.007964140763788513,,,,,,,,,,,,,,,,,,,,,,,,,,
vogn,robust,2,0.08,0.25,0.01,50,0.92,0.92,0.08,0.0,46,0.08190454602241518,0.06736872971057892,0.019374399500113243,0.02312075461172874,0.0037463551116155,,0.0057753602396066655,,0.07747014403343201,0.08887953460216522,0.011409390568733215,,0.020738424166389133,,50.0,0.8962558387966354,1.0,0.903073727794586,0.8257558387966353,0.915073727794586,0.08931788899795041,0.04424991061548947,0.00680295848742122,111.8,0.92,0.08,0.03608490566037739,1.0,1.0,1.0,1.0,0.9,0.08,0.019999999999999976,0.84,0.12,0.040000000000000036,0.0,0.12,0.88
vogn,robust,2,0.08,0.25,0.03,50,0.92,0.86,0.14,0.06521739130434782,46,0.08190454602241518,0.07397053003311156,0.019374399500113243,0.02478278901834255,0.005408389518229304,0.006531253457069397,0.011468099588534788,-0.004936846131465391,0.07747014403343201,0.1047547698020935,0.0272846257686615,0.145978311697642,0.04584312161733938,0.10013519008030261,,,,,,,,,,,,,,,,,,,,,,,,,,
vogn,robust,2,0.08,0.25,0.05,50,0.92,0.82,0.18,0.10869565217391304,46,0.08190454602241518,0.15556417465209957,0.019374399500113243,0.0295762139354688,0.010201814435355559,-0.02485067881643772,0.023763887402406425,-0.04861456621884415,0.07747014403343201,0.13681193232536315,0.05934178829193115,0.13296570181846618,0.09051016554599856,0.04245553627246762,50.0,0.6347824928911543,0.9448013524936602,0.7246985061456787,0.5770181616809632,0.7538136323743752,0.17679547069341198,0.05543843475510544,0.08805449502291773,155.6,0.78,0.2,0.0,0.0992178245418438,0.9448013524936602,1.0,1.0,0.64,0.28,0.07999999999999996,0.46,0.34,0.2,0.0,0.34,0.6599999999999999
vogn,robust,2,0.08,0.25,0.07,50,0.92,0.68,0.32,0.2608695652173913,46,0.08190454602241518,0.21631687104701997,0.019374399500113243,0.027670042157708394,0.00829564265759515,0.024728000348356243,0.014904754388253515,0.009823245960102728,0.07747014403343201,0.1692487746477127,0.0917786306142807,0.3008153513073921,0.07509889322168686,0.22571645808570526,50.0,0.41792205253656517,0.05527223638818057,0.6100071153316672,0.3802450613861227,0.6480256392952073,0.2677805779090846,0.04906458478634984,0.19280942895844394,163.66,0.64,0.3,0.0,0.0,0.05527223638818057,0.9977064220183487,1.0,0.42,0.4,0.18000000000000005,0.32,0.44,0.23999999999999994,0.0,0.46,0.54
vogn,robust,2,0.08,0.25,0.08,50,0.92,0.66,0.34,0.2826086956521739,46,0.08190454602241518,0.21829808533191683,0.019374399500113243,0.02398375075936201,0.004609351259248768,0.0053479591515497304,0.017169515885788356,-0.011821556734238625,0.07747014403343201,0.1727479261159897,0.09527778208255767,0.2403249809375176,0.09872491431958748,0.14160006661793012,50.0,0.30088299905416116,0.0,0.5540270514769623,0.26970675987241455,0.5928533948583515,0.32314663498593693,0.0511259359033635,0.2565263226911232,161.14,0.6,0.36,0.0,0.0,0.0,0.6506849315068494,1.0,0.26,0.44,0.3,0.2,0.5,0.30000000000000004,0.0,0.5,0.5
vogn,robust,2,0.08,0.25,0.1,50,0.92,0.58,0.42,0.3695652173913043,46,0.08190454602241518,0.26050535380840306,0.019374399500113243,0.02142812313126342,0.0020537236311501763,0.0031581516782085493,0.016387075045976963,-0.013228923367768413,0.07747014403343201,0.18922130644321442,0.1117511624097824,0.24550880930002997,0.10615240499891083,0.13935640430111912,50.0,0.12892278410309557,0.0,0.4945973042139531,0.11565962620835872,0.5390989824417445,0.42343935623338574,0.04093796175689418,0.363448349917523,151.18,0.48,0.42,0.0,0.0,0.0,0.0,1.0,0.12,0.52,0.36,0.12,0.56,0.31999999999999995,0.0,0.56,0.43999999999999995
vogn,robust,2,0.08,0.25,0.15,50,0.92,0.34,0.66,0.6304347826086957,46,0.08190454602241518,0.42284208178520205,0.019374399500113243,0.03471933696818913,0.015344937468075885,0.014536828400390561,0.04623025484242786,-0.0316934264420373,0.07747014403343201,0.26797789335250854,0.19050774931907655,0.2568184219557664,0.22380485955406637,0.0330135624017,,,,,,,,,,,,,,,,,,,,,,,,,,
vogn,robust,3,0.08,0.25,0.01,50,0.96,0.94,0.06,0.020833333333333332,48,0.0673549288511276,0.07083203077316282,0.017066630261639227,0.01984180769686241,0.0027751774352231845,-0.02445816993713379,0.00430990478263671,-0.028768074719770498,0.05907897174358368,0.07177765369415283,0.012698681950569153,0.049726516008377075,0.016478282340029453,0.03324823366834762,50.0,0.9267094738205662,1.0,0.9317937438394478,0.8535983627094549,0.9404672754946728,0.08686891278521763,0.044100278790050594,0.004650669591495498,110.7,0.94,0.06,0.26951933352764024,1.0,1.0,1.0,1.0,0.92,0.06,0.019999999999999962,0.86,0.08,0.06000000000000001,0.0,0.08,0.92
vogn,robust,3,0.08,0.25,0.03,50,0.96,0.88,0.12,0.08333333333333333,48,0.0673549288511276,0.08867467284202576,0.017066630261639227,0.021843518914200714,0.004776888652561487,-0.015337234362959862,0.009747241046751969,-0.02508447540971183,0.05907897174358368,0.09173384308815002,0.03265487134456634,0.1133936271071434,0.03789855946194042,0.07549506764520297,,,,,,,,,,,,,,,,,,,,,,,,,,
vogn,robust,3,0.08,0.25,0.05,50,0.96,0.84,0.16,0.125,48,0.0673549288511276,0.10260299503803252,0.017066630261639227,0.028585125552432374,0.011518495290793145,-0.030470128171145916,0.02231224336181506,-0.052782371532960976,0.05907897174358368,0.12913553535938263,0.07005656361579896,0.11307269831498463,0.08253147985254015,0.03054121846244448,50.0,0.6402904182752419,0.9663096397273612,0.7648359313070844,0.581825324863246,0.7933886739231184,0.21156334905987234,0.05450886859730167,0.12266456009966556,158.7,0.82,0.16,0.0,0.16609589041095887,0.9663096397273612,1.0,1.0,0.64,0.2,0.15999999999999998,0.5,0.3,0.2,0.0,0.32,0.6799999999999999
vogn,robust,3,0.08,0.25,0.07,50,0.96,0.76,0.24,0.20833333333333334,48,0.0673549288511276,0.2556070393323898,0.017066630261639227,0.03381850271092844,0.016751872449289214,0.005452204658649862,0.025902542976901654,-0.02045033831825179,0.05907897174358368,0.17628638923168183,0.11720741748809814,0.18400678932666778,0.12464647151921925,0.059360317807448534,50.0,0.4210335268010032,0.0767123287671233,0.6292567326550987,0.3813565356505608,0.6647904105895277,0.2834338749389668,0.049501538020364624,0.2094091252881614,167.56,0.66,0.24,0.0,0.0,0.0767123287671233,1.0,1.0,0.42,0.38,0.20000000000000007,0.32,0.42,0.25999999999999995,0.0,0.42,0.5800000000000001
vogn,robust,3,0.08,0.25,0.08,50,0.96,0.7,0.3,0.2708333333333333,48,0.0673549288511276,0.24729703187942503,0.017066630261639227,0.03357229451474268,0.01650566425310345,8.996563869564292e-05,0.02946468122771994,-0.029374715589024297,0.05907897174358368,0.19467082262039184,0.13559185087680817,0.18576557361162627,0.14576368076460702,0.040001892847019244,50.0,0.31469505417842636,0.0,0.5743914614188742,0.2846529680365297,0.6151330158357378,0.33048004779920814,0.0469984114618778,0.25633657825406186,162.6,0.6,0.32,0.0,0.0,0.0,0.9284246575342465,1.0,0.3,0.42,0.27999999999999997,0.26,0.5,0.24,0.0,0.52,0.48
vogn,robust,3,0.08,0.25,0.1,50,0.96,0.52,0.48,0.4583333333333333,48,0.0673549288511276,0.2798883032798767,0.017066630261639227,0.034407059664845294,0.017340429403206063,0.01783314472124237,0.026358340269489963,-0.008525195548247592,0.05907897174358368,0.22637447834014893,0.16729550659656525,0.2845792133699764,0.10277627523128803,0.18180293813868836,50.0,0.12799200864067067,0.0,0.47195521982720384,0.11416942799550941,0.5180517495439969,0.40388232154848747,0.0432682879792379,0.34355438311190667,165.16,0.48,0.44,0.0,0.0,0.0,0.0,0.9844827586206896,0.12,0.56,0.31999999999999995,0.06,0.58,0.36,0.0,0.58,0.42000000000000004
vogn,robust,3,0.08,0.25,0.15,50,0.96,0.32,0.68,0.6666666666666666,48,0.0673549288511276,0.4614119333028794,0.017066630261639227,0.023933296381016777,0.006866666119377549,0.005335658863710163,0.02447311438230048,-0.019137455518590318,0.05907897174358368,0.2460600858926773,0.18698111414909363,0.22663980908691883,0.17075464874505997,0.055885160341858864,,,,,,,,,,,,,,,,,,,,,,,,,,
vogn,robust,4,0.08,0.25,0.01,50,0.98,0.92,0.08,0.061224489795918366,49,0.0556657302379608,0.048724343180656396,0.017798649717542123,0.021315347729402214,0.0035166980118600923,-0.0011016130447387695,0.004215267828738387,-0.0053168808734771564,0.07262229084968568,0.09125551760196686,0.018633226752281188,0.059373567501703896,0.017694356648818306,0.04167921085288559,50.0,0.910525621511923,1.0,0.918795413936867,0.8370256215119227,0.9307954139368673,0.09376979242494426,0.047090788795988346,0.008147640791476408,121.34,0.92,0.08,0.265582191780822,1.0,1.0,1.0,1.0,0.9,0.08,0.019999999999999976,0.84,0.12,0.040000000000000036,0.0,0.14,0.86
vogn,robust,4,0.08,0.25,0.03,50,0.98,0.86,0.14,0.12244897959183673,49,0.0556657302379608,0.06904257237911225,0.017798649717542123,0.022130611572563418,0.004331961855021296,-0.01952883352835973,0.008568972678063426,-0.028097806206423156,0.07262229084968568,0.09308429777622224,0.02046200692653656,-0.006366228063901265,0.028750271298164546,-0.03511649936206581,,,,,,,,,,,,,,,,,,,,,,,,,,
vogn,robust,4,0.08,0.25,0.05,50,0.98,0.84,0.16,0.14285714285714285,49,0.0556657302379608,0.09170189201831817,0.017798649717542123,0.026952078961387117,0.009153429243844996,-0.05356881368373122,0.02095024342265187,-0.07451905710638308,0.07262229084968568,0.12412834823131562,0.051506057381629944,-0.04263976216316223,0.07418062857219151,-0.11682039073535375,50.0,0.6382475142792737,0.9591434139848838,0.7512723803936665,0.5784594120177201,0.7799320571083891,0.20147264509066878,0.05615891471196802,0.11173055345285228,161.18,0.8,0.18,0.0,0.14246830913923533,0.9591434139848838,1.0,1.0,0.62,0.24,0.14,0.5,0.32,0.18,0.0,0.34,0.6599999999999999
vogn,robust,4,0.08,0.25,0.07,50,0.98,0.78,0.22,0.20408163265306123,49,0.0556657302379608,0.14938885152339934,0.017798649717542123,0.03153410223443643,0.01373545251689431,-0.033123455656459556,0.02747648517112306,-0.06059994082758262,0.07262229084968568,0.17270149409770966,0.10007920324802398,0.03518064320087433,0.12635321953357795,-0.09117257633270362,50.0,0.43675231071382337,0.05339836878298415,0.632472809721073,0.39767505360187044,0.66880058790153,0.2711255342996596,0.04797203861284012,0.20057289061202646,158.54,0.7,0.26,0.0,0.0,0.05339836878298415,1.0,1.0,0.44,0.38,0.18000000000000005,0.34,0.42,0.23999999999999994,0.0,0.42,0.5800000000000001
vogn,robust,4,0.08,0.25,0.08,50,0.98,0.7,0.3,0.2857142857142857,49,0.0556657302379608,0.17715375125408175,0.017798649717542123,0.03197365169206023,0.014175001974518108,-0.007532874975108176,0.024849774384776563,-0.03238264935988474,0.07262229084968568,0.18669202148914338,0.1140697306394577,0.14242652484348842,0.11416052665029253,0.02826599819319589,50.0,0.32672524206175085,0.0,0.5717587552124925,0.29610048971727854,0.6109450285190292,0.3148445388017507,0.050378696423650275,0.24686624298837515,166.2,0.6,0.32,0.0,0.0,0.0,0.8411163926002055,1.0,0.32,0.44,0.23999999999999994,0.22,0.5,0.28,0.0,0.5,0.5
vogn,robust,4,0.08,0.25,0.1,50,0.98,0.56,0.44,0.42857142857142855,49,0.0556657302379608,0.23275900959968565,0.017798649717542123,0.02857886552752916,0.010780215809987038,0.00918200719199073,0.0144293368524593,-0.005247329660468571,0.07262229084968568,0.20724099040031432,0.13461869955062866,0.21988738718486966,0.08616315467017037,0.13372423251469928,50.0,0.1264302657768411,0.0,0.5018952591626626,0.11593026577684112,0.5472650187077315,0.43133475293089035,0.04081678291508541,0.3758377754602723,159.38,0.48,0.4,0.0,0.0,0.0,0.0,1.0,0.12,0.52,0.36,0.08,0.54,0.38,0.0,0.58,0.42000000000000004
vogn,robust,4,0.08,0.25,0.15,50,0.98,0.4,0.6,0.5918367346938775,49,0.0556657302379608,0.3851704406738281,0.017798649717542123,0.027111340281966573,0.009312690564424454,-0.007501484046254254,0.03715651917099307,-0.044658003217247326,0.07262229084968568,0.2644802343845367,0.19185794353485108,0.19403305444224128,0.21387840956449508,-0.0198453551222538,,,,,,,,,,,,,,,,,,,,,,,,,,
vogn,standard,0,,,0.01,50,0.98,0.98,0.02,0.0,49,0.03004207491874695,0.05680007576942445,0.0467698589572683,0.058144113272428515,0.011374254315160214,,0.012012961049735243,,0.037399779558181766,0.04905718684196472,0.011657407283782959,,0.012667558631118464,,50.0,0.863890163802226,0.9448834991143207,0.9526603299637973,0.7902131726517834,0.9696020464289571,0.17938887377717372,0.0711118972452606,0.08661011052289808,183.08,0.98,0.02,0.5150684931506849,0.8492374452308729,0.9448834991143207,0.9908256880733946,1.0,0.88,0.02,0.09999999999999999,0.4,0.06,0.54,0.0,0.06,0.94
vogn,standard,0,,,0.03,50,0.98,0.96,0.04,0.02040816326530612,49,0.03004207491874695,0.06674942374229433,0.0467698589572683,0.08931299226358533,0.04254313330631703,0.00031706690788269043,0.04559560845276186,-0.04527854154487917,0.037399779558181766,0.08242185235023498,0.045022072792053225,0.0521358847618103,0.04764888063073158,0.00448700413107872,,,,,,,,,,,,,,,,,,,,,,,,,,
vogn,standard,0,,,0.05,50,0.98,0.96,0.04,0.02040816326530612,49,0.03004207491874695,0.11616668343544007,0.0467698589572683,0.1332312546670437,0.08646139570977539,-0.051399409770965576,0.09336761146065935,-0.14476702123162494,0.037399779558181766,0.14253678441047668,0.10513700485229492,-0.11053550243377686,0.1143583965798219,-0.22489389901359874,50.0,0.0,0.0,0.4134110791857375,0.0,0.48770055286994807,0.48770055286994807,0.037315636908736065,0.40824742268041225,253.2,0.66,0.04,0.0,0.0,0.0,0.0,0.0,0.0,0.54,0.45999999999999996,0.0,0.86,0.14,0.0,0.92,0.07999999999999996
vogn,standard,0,,,0.07,50,0.98,0.9,0.1,0.08163265306122448,49,0.03004207491874695,0.14299089491367342,0.0467698589572683,0.18313549488782882,0.13636563593056053,0.10566387884318829,0.1454305417990933,-0.039766662955905,0.037399779558181766,0.2314019352197647,0.19400215566158294,0.2475951388478279,0.1968607809808519,0.050734357866976,50.0,0.0,0.0,0.13660391369035088,0.0,0.21160391369035086,0.21160391369035086,0.037315636908736065,0.13793814432989687,190.36,0.3,0.16,0.0,0.0,0.0,0.0,0.0,0.0,0.9,0.09999999999999998,0.0,1.0,0.0,0.0,1.0,0.0
vogn,standard,0,,,0.08,50,0.98,0.84,0.16,0.14285714285714285,49,0.03004207491874695,0.16918171167373655,0.0467698589572683,0.2076234409213066,0.16085358196403832,0.1253411482487406,0.174439620154555,-0.0490984719058144,0.037399779558181766,0.27629379749298094,0.2388940179347992,0.3056510772023882,0.23710175922938756,0.06854931797300065,50.0,0.0,0.0,0.06773952251931611,0.0,0.14273952251931607,0.14273952251931607,0.037315636908736065,0.06701030927835051,156.7,0.1,0.24,0.0,0.0,0.0,0.0,0.0,0.0,0.98,0.020000000000000018,0.0,1.0,0.0,0.0,1.0,0.0
vogn,standard,0,,,0.1,50,0.98,0.58,0.42,0.40816326530612246,49,0.03004207491874695,0.21413743615150452,0.0467698589572683,0.2456262944638729,0.19885643550660462,0.17495061904191972,0.22848513737674161,-0.053534518334821896,0.037399779558181766,0.32687993049621583,0.28948015093803403,0.3306756868958473,0.2769212835821612,0.05375440331368608,50.0,0.0,0.0,0.01367947516211965,0.0,0.08867947516211962,0.08867947516211962,0.037315636908736065,0.014639175257731958,114.24,0.0,0.4,0.0,0.0,0.0,0.0,0.0,0.0,1.0,0.0,0.0,1.0,0.0,0.0,1.0,0.0
vogn,standard,0,,,0.15,50,0.98,0.18,0.82,0.8163265306122449,49,0.03004207491874695,0.49748799651861186,0.0467698589572683,0.2650024487823248,0.2182325898250565,0.1930154155474156,0.37754918249427444,-0.18453376694685883,0.037399779558181766,0.3350472632050514,0.29764748364686966,0.2854798924177885,0.40565356612205505,-0.12017367370426657,,,,,,,,,,,,,,,,,,,,,,,,,,
vogn,standard,1,,,0.01,50,0.98,0.98,0.02,0.0,49,0.03521003246307372,0.048370441198348976,0.03984782065730542,0.05312670066021383,0.01327888000290841,,0.013252977086991375,,0.03436038970947266,0.047171229124069215,0.012810839414596558,,0.013250636811159094,,50.0,0.8649251007277663,0.9407640854129149,0.9573474273191439,0.7907584340610996,0.9764039645164906,0.18564553045539106,0.07299264815661895,0.09019506192408876,191.32,0.98,0.02,0.5159246575342465,0.8133561643835616,0.9407640854129149,0.9908256880733946,1.0,0.94,0.02,0.04000000000000005,0.44,0.04,0.52,0.0,0.06,0.94
vogn,standard,1,,,0.03,50,0.98,0.98,0.02,0.0,49,0.03521003246307372,0.09228770136833189,0.03984782065730542,0.08928913951851428,0.04944131886120886,,0.04955012371706567,,0.03436038970947266,0.09128918528556823,0.05692879557609558,,0.058166563510894775,,,,,,,,,,,,,,,,,,,,,,,,,,,
vogn,standard,1,,,0.05,50,0.98,0.98,0.02,0.0,49,0.03521003246307372,0.15083887934684753,0.03984782065730542,0.1374369722045958,0.09758915154729038,,0.09833246194377389,,0.03436038970947266,0.17083887934684752,0.13647848963737488,,0.13878065530134706,,50.0,0.0,0.0,0.37394176619913744,0.0,0.44701547934256575,0.44701547934256575,0.037315636908736065,0.37505154639175253,247.24,0.68,0.08,0.0,0.0,0.0,0.0,0.0,0.0,0.56,0.43999999999999995,0.0,0.9,0.09999999999999998,0.0,0.94,0.06000000000000005
vogn,standard,1,,,0.07,50,0.98,0.82,0.18,0.16326530612244897,49,0.03521003246307372,0.1470588976144791,0.03984782065730542,0.18686185896396637,0.14701403830666096,0.15405195206403732,0.14770394532441547,0.006348006739621853,0.03436038970947266,0.2514073115587234,0.21704692184925078,0.3319156989455223,0.19807157938073322,0.1338441195647891,50.0,0.0,0.0,0.12336789524292292,0.0,0.19836789524292286,0.19836789524292286,0.037315636908736065,0.12247422680412372,176.86,0.24,0.2,0.0,0.0,0.0,0.0,0.0,0.0,0.9,0.09999999999999998,0.0,0.98,0.020000000000000018,0.0,0.98,0.020000000000000018
vogn,standard,1,,,0.08,50,0.98,0.78,0.22,0.20408163265306123,49,0.03521003246307372,0.16576184689998621,0.03984782065730542,0.20575552828609944,0.165907707628794,0.14762636125087739,0.1735799417245942,-0.02595358047371682,0.03436038970947266,0.2925859421491623,0.25822555243968964,0.2833094626665115,0.25641616796835875,0.02689329469815277,50.0,0.0,0.0,0.0689625384409559,0.0,0.14396253844095586,0.14396253844095586,0.037315636908736065,0.06721649484536081,143.64,0.14,0.28,0.0,0.0,0.0,0.0,0.0,0.0,0.96,0.040000000000000036,0.0,0.98,0.020000000000000018,0.0,1.0,0.0
vogn,standard,1,,,0.1,50,0.98,0.58,0.42,0.40816326530612246,49,0.03521003246307372,0.1613619941473007,0.03984782065730542,0.230864197909832,0.19101637725252657,0.16732240673154591,0.21398101767107588,-0.04665861093952997,0.03436038970947266,0.349051747918129,0.3146913582086563,0.3120398834347725,0.3280850176153512,-0.01604513418057868,50.0,0.0,0.0,0.018932912701087865,0.0,0.09393291270108783,0.09393291270108783,0.037315636908736065,0.018350515463917527,113.66,0.02,0.5,0.0,0.0,0.0,0.0,0.0,0.0,0.98,0.020000000000000018,0.0,1.0,0.0,0.0,1.0,0.0
vogn,standard,1,,,0.15,50,0.98,0.14,0.86,0.8571428571428571,49,0.03521003246307372,0.535511971116066,0.03984782065730542,0.21361508190631867,0.17376726124901323,0.16762586596554943,0.2608572554974152,-0.09323138953186574,0.03436038970947266,0.324488028883934,0.2901276391744614,0.2907071574812844,0.36928772926330566,-0.07858057178202127,,,,,,,,,,,,,,,,,,,,,,,,,,
vogn,standard,2,,,0.01,50,1.0,1.0,0.0,0.0,50,0.03689602613449094,0.05045095086097717,0.04331645913422108,0.05465430472046137,0.011337845586240292,,0.011337845586240292,,0.036896026134490965,0.05045095086097717,0.013554924726486206,,0.013554924726486206,,50.0,0.8678227087104883,0.9467455621301775,0.9547248675099361,0.7928227087104882,0.9718423471505663,0.17901963844007807,0.07106794516475622,0.08632387621435321,183.18,0.98,0.02,0.40496575342465757,0.8523720349563046,0.9467455621301775,0.9908256880733946,1.0,0.88,0.02,0.09999999999999999,0.38,0.08,0.54,0.0,0.08,0.92
vogn,standard,2,,,0.03,50,1.0,0.98,0.02,0.02,50,0.03689602613449094,0.07185205042362215,0.04331645913422108,0.0846211712434888,0.04130471210926771,0.04403203725814819,0.041249052412351786,0.0027829848457964074,0.036896026134490965,0.09185205042362213,0.05495602428913116,0.14756640791893005,0.0530660164599516,0.09450039145897846,,,,,,,,,,,,,,,,,,,,,,,,,,
vogn,standard,2,,,0.05,50,1.0,0.94,0.06,0.06,50,0.03689602613449094,0.11144905269145966,0.04331645913422108,0.12717321738600731,0.08385675825178623,0.04441330830256144,0.08637442526982185,-0.04196111696726041,0.036896026134490965,0.1544683212041855,0.11757229506969452,0.16705171267191568,0.1144140343716804,0.052637678300235274,50.0,0.0,0.0,0.4002358603751113,0.0,0.4744129781352416,0.4744129781352416,0.037315636908736065,0.40247422680412365,254.0,0.7,0.06,0.0,0.0,0.0,0.0,0.0,0.0,0.6,0.4,0.0,0.88,0.12,0.0,0.9,0.09999999999999998
vogn,standard,2,,,0.07,50,1.0,0.88,0.12,0.12,50,0.03689602613449094,0.13311820626258852,0.04331645913422108,0.17679912492632865,0.13348266579210757,0.07784689962863922,0.1410693611780351,-0.06322246154939587,0.036896026134490965,0.2392389452457428,0.20234291911125182,0.19933382173379263,0.20275325057181445,-0.0034194288380218207,50.0,0.0,0.0,0.1362771359019064,0.0,0.21127713590190633,0.21127713590190633,0.037315636908736065,0.1356701030927835,185.74,0.24,0.14,0.0,0.0,0.0,0.0,0.0,0.0,0.88,0.12,0.0,1.0,0.0,0.0,1.0,0.0
vogn,standard,2,,,0.08,50,1.0,0.8,0.2,0.2,50,0.03689602613449094,0.10846195518970486,0.04331645913422108,0.2013697761297226,0.1580533169955015,0.10963668301701546,0.17015747549012303,-0.06052079247310757,0.036896026134490965,0.2884248787164688,0.2515288525819778,0.27691086530685427,0.24518334940075875,0.031727515906095516,50.0,0.0,0.0,0.07046637379380373,0.0,0.14546637379380367,0.14546637379380367,0.037315636908736065,0.07195876288659794,153.3,0.14,0.22,0.0,0.0,0.0,0.0,0.0,0.0,0.98,0.020000000000000018,0.0,1.0,0.0,0.0,1.0,0.0
vogn,standard,2,,,0.1,50,1.0,0.64,0.36,0.36,50,0.03689602613449094,0.19327453553676607,0.04331645913422108,0.24019977062940598,0.1968833114951849,0.14977265609842208,0.22338305515586399,-0.0736103990574419,0.036896026134490965,0.35302201211452483,0.3161259859800339,0.2802607516447703,0.33630018029361963,-0.05603942864884931,50.0,0.0,0.0,0.019502882450137125,0.0,0.09450288245013709,0.09450288245013709,0.037315636908736065,0.018762886597938143,117.76,0.02,0.34,0.0,0.0,0.0,0.0,0.0,0.0,1.0,0.0,0.0,1.0,0.0,0.0,1.0,0.0
vogn,standard,2,,,0.15,50,1.0,0.12,0.88,0.88,50,0.03689602613449094,0.5760569322109222,0.04331645913422108,0.2417460000514984,0.19842954091727733,0.17808751870920372,0.3476043704431504,-0.16951685173394668,0.036896026134490965,0.3326802444458008,0.2957842183113098,0.27448527311736887,0.4519764830668767,-0.17749120994950784,,,,,,,,,,,,,,,,,,,,,,,,,,
vogn,standard,3,,,0.01,50,0.98,0.98,0.02,0.0,49,0.03749479293823244,0.05125529527664183,0.044583061765879395,0.057011361168697476,0.012428299402818083,,0.012678097924027515,,0.037757349014282224,0.04994063854217529,0.012183289527893066,,0.013236628503215556,,50.0,0.8637222247435195,0.9655172413793104,0.9497446722554436,0.7895555580768528,0.9672168063842943,0.17766124830744165,0.0717340511986685,0.08582945726836294,182.14,0.98,0.02,0.44811643835616444,0.7996575342465754,0.9655172413793104,0.9908256880733946,1.0,0.9,0.02,0.07999999999999997,0.44,0.1,0.4600000000000001,0.0,0.12,0.88
vogn,standard,3,,,0.03,50,0.98,0.98,0.02,0.0,49,0.03749479293823244,0.07158168196678164,0.044583061765879395,0.08903992654755712,0.04445686478167772,,0.045513613073497404,,0.037757349014282224,0.09158168196678161,0.05382433295249939,,0.05669404900803858,,,,,,,,,,,,,,,,,,,,,,,,,,,
vogn,standard,3,,,0.05,50,0.98,0.92,0.08,0.061224489795918366,49,0.03749479293823244,0.11571345686912539,0.044583061765879395,0.13119708474725486,0.08661402298137545,0.07998597621917725,0.08932540417932298,-0.009339427960145738,0.037757349014282224,0.15466906428337096,0.11691171526908875,0.271479070186615,0.11184107479841812,0.15963799538819687,50.0,0.0,0.0,0.4017654932979324,0.0,0.4761515692472994,0.4761515692472994,0.037315636908736065,0.40103092783505156,249.08,0.68,0.1,0.0,0.0,0.0,0.0,0.0,0.0,0.54,0.45999999999999996,0.0,0.88,0.12,0.0,0.9,0.09999999999999998
vogn,standard,3,,,0.07,50,0.98,0.88,0.12,0.10204081632653061,49,0.03749479293823244,0.1534469360113144,0.044583061765879395,0.17798852577805518,0.1334054640121758,0.05850056409835815,0.1459407566157593,-0.08744019251740115,0.037757349014282224,0.23961572349071503,0.2018583744764328,0.18702527284622192,0.21116113324056973,-0.024135860394347813,50.0,0.0,0.0,0.13661807807579213,0.0,0.21161807807579208,0.21161807807579208,0.037315636908736065,0.14061855670103093,188.34,0.28,0.12,0.0,0.0,0.0,0.0,0.0,0.0,0.9,0.09999999999999998,0.0,1.0,0.0,0.0,1.0,0.0
vogn,standard,3,,,0.08,50,0.98,0.76,0.24,0.22448979591836735,49,0.03749479293823244,0.12430255830287934,0.044583061765879395,0.19969678431749344,0.15511372255161404,0.12274380095980385,0.1700206093343073,-0.047276808374503446,0.037757349014282224,0.28357410490512847,0.24581675589084626,0.32549824768846686,0.23291157735021492,0.09258667033825194,50.0,0.0,0.0,0.07313395694318746,0.0,0.14813395694318743,0.14813395694318743,0.037315636908736065,0.07257731958762886,156.66,0.16,0.26,0.0,0.0,0.0,0.0,0.0,0.0,0.96,0.040000000000000036,0.0,1.0,0.0,0.0,1.0,0.0
vogn,standard,3,,,0.1,50,0.98,0.58,0.42,0.40816326530612246,49,0.03749479293823244,0.15052683651447296,0.044583061765879395,0.2321595510840416,0.1875764893181622,0.147036262601614,0.22487152062741847,-0.07783525802580446,0.037757349014282224,0.3445064860582352,0.30674913704395296,0.3065155491232872,0.3228184889102804,-0.01630293978699321,50.0,0.0,0.0,0.018232051224707068,0.0,0.09323205122470704,0.09323205122470704,0.037315636908736065,0.01752577319587629,118.3,0.04,0.46,0.0,0.0,0.0,0.0,0.0,0.0,1.0,0.0,0.0,1.0,0.0,0.0,1.0,0.0
vogn,standard,3,,,0.15,50,0.98,0.14,0.86,0.8571428571428571,49,0.03749479293823244,0.5838498187065124,0.044583061765879395,0.22033396914601325,0.17575090738013388,0.15869539080276376,0.3183311911832009,-0.15963580038043715,0.037757349014282224,0.3078882348537445,0.27013088583946226,0.24908449607236044,0.4477736141000475,-0.19868911802768707,,,,,,,,,,,,,,,,,,,,,,,,,,
vogn,standard,4,,,0.01,50,1.0,1.0,0.0,0.0,50,0.03714617490768435,0.05117337822914123,0.05223770891781896,0.06524986175820231,0.01301215284038335,,0.01301215284038335,,0.03714617490768433,0.05117337822914123,0.01402720332145691,,0.01402720332145691,,50.0,0.8687662378400434,0.9657704042715485,0.9610235034471772,0.7937662378400434,0.9821795521364891,0.18841331429644573,0.07134849716557272,0.09265887064504026,180.24,1.0,0.0,0.5159246575342465,0.7688356164383561,0.9657704042715485,1.0,1.0,0.9,0.0,0.09999999999999998,0.44,0.06,0.5,0.0,0.08,0.92
vogn,standard,4,,,0.03,50,1.0,1.0,0.0,0.0,50,0.03714617490768435,0.09507982194423678,0.05223770891781896,0.09683571527712047,0.04459800635930151,,0.04459800635930151,,0.03714617490768433,0.09507982194423675,0.05793364703655243,,0.05793364703655243,,,,,,,,,,,,,,,,,,,,,,,,,,,
vogn,standard,4,,,0.05,50,1.0,0.94,0.06,0.06,50,0.03714617490768435,0.15952768504619597,0.05223770891781896,0.13552558444440366,0.08328787552658469,0.08335298299789429,0.08328371973054365,6.926326735064159e-05,0.03714617490768433,0.16372075617313386,0.12657458126544952,0.286758154630661,0.11635009785915942,0.1704080567715016,50.0,0.0,0.0,0.42422784555669935,0.0,0.49738694155132895,0.49738694155132895,0.037315636908736065,0.43092783505154636,240.96,0.66,0.06,0.0,0.0,0.0,0.0,0.0,0.0,0.5,0.5,0.0,0.84,0.16000000000000003,0.0,0.9,0.09999999999999998
vogn,standard,4,,,0.07,50,1.0,0.86,0.14,0.14,50,0.03714617490768435,0.15326348423957822,0.05223770891781896,0.1790308313071728,0.1267931223893538,0.10782651603221893,0.12988070947074787,-0.022054193438528935,0.03714617490768433,0.24945181608200073,0.2123056411743164,0.2974668826375689,0.1984421832616939,0.09902469937587496,50.0,0.0,0.0,0.1529532796528265,0.0,0.22795327965282652,0.22795327965282652,0.037315636908736065,0.1562886597938144,194.08,0.28,0.16,0.0,0.0,0.0,0.0,0.0,0.0,0.84,0.16000000000000003,0.0,0.98,0.020000000000000018,0.0,1.0,0.0
vogn,standard,4,,,0.08,50,1.0,0.78,0.22,0.22,50,0.03714617490768435,0.14019771516323087,0.05223770891781896,0.19917269073426724,0.14693498181644826,0.11107446862892671,0.15704948553600565,-0.04597501690707893,0.03714617490768433,0.29122341334819796,0.2540772384405136,0.343146028843793,0.22895527191651174,0.11419075692728128,50.0,0.0,0.0,0.08175115264664427,0.0,0.15675115264664422,0.15675115264664422,0.037315636908736065,0.08577319587628866,155.1,0.16,0.24,0.0,0.0,0.0,0.0,0.0,0.0,0.96,0.040000000000000036,0.0,1.0,0.0,0.0,1.0,0.0
vogn,standard,4,,,0.1,50,1.0,0.58,0.42,0.42,50,0.03714617490768435,0.13624742090702058,0.05223770891781896,0.23074552312493324,0.17850781420711428,0.14662741692293257,0.20159361913703897,-0.05496620221410639,0.03714617490768433,0.35034479439258576,0.3131986194849014,0.346439581541788,0.2891275779954318,0.05731200354635618,50.0,0.0,0.0,0.022417733337707375,0.0,0.09741773333770734,0.09741773333770734,0.037315636908736065,0.022268041237113397,116.84,0.02,0.42,0.0,0.0,0.0,0.0,0.0,0.0,1.0,0.0,0.0,1.0,0.0,0.0,1.0,0.0
vogn,standard,4,,,0.15,50,1.0,0.18,0.82,0.82,50,0.03714617490768435,0.4921116751432419,0.05223770891781896,0.23374733045697213,0.18150962153915315,0.1506673038664569,0.3220135131592138,-0.17134620929275687,0.03714617490768433,0.3388238471746445,0.30167767226696013,0.28358228395624857,0.38411221901575726,-0.10052993505950869,,,,,,,,,,,,,,,,,,,,,,,,,,
