family,condition,train_eps,rob_lam,eps,score,variant,coverage,n_seeds_present,metric,mean,sd,se,ci_low,ci_high,n_valid
bbb,robust,0.08,0.25,0.01,mutual_information,adv,0.1,5,selective_risk,0.0,0.0,0.0,0.0,0.0,5
bbb,robust,0.08,0.25,0.01,mutual_information,adv,0.2,5,selective_risk,0.0,0.0,0.0,0.0,0.0,5
bbb,robust,0.08,0.25,0.01,mutual_information,adv,0.3,5,selective_risk,0.0,0.0,0.0,0.0,0.0,5
bbb,robust,0.08,0.25,0.01,mutual_information,adv,0.4,5,selective_risk,0.0,0.0,0.0,0.0,0.0,5
bbb,robust,0.08,0.25,0.01,mutual_information,adv,0.5,5,selective_risk,0.0,0.0,0.0,0.0,0.0,5
bbb,robust,0.08,0.25,0.01,mutual_information,adv,0.6,5,selective_risk,0.0,0.0,0.0,0.0,0.0,5
bbb,robust,0.08,0.25,0.01,mutual_information,adv,0.7,5,selective_risk,0.0,0.0,0.0,0.0,0.0,5
bbb,robust,0.08,0.25,0.01,mutual_information,adv,0.8,5,selective_risk,0.0,0.0,0.0,0.0,0.0,5
bbb,robust,0.08,0.25,0.01,mutual_information,adv,0.9,5,selective_risk,0.0,0.0,0.0,0.0,0.0,5
bbb,robust,0.08,0.25,0.01,mutual_information,adv,1.0,5,selective_risk,0.0,0.0,0.0,0.0,0.0,5
bbb,robust,0.08,0.25,0.01,mutual_information,clean,0.1,5,selective_risk,0.0,0.0,0.0,0.0,0.0,5
bbb,robust,0.08,0.25,0.01,mutual_information,clean,0.2,5,selective_risk,0.0,0.0,0.0,0.0,0.0,5
bbb,robust,0.08,0.25,0.01,mutual_information,clean,0.3,5,selective_risk,0.0,0.0,0.0,0.0,0.0,5
bbb,robust,0.08,0.25,0.01,mutual_information,clean,0.4,5,selective_risk,0.0,0.0,0.0,0.0,0.0,5
bbb,robust,0.08,0.25,0.01,mutual_information,clean,0.5,5,selective_risk,0.0,0.0,0.0,0.0,0.0,5
bbb,robust,0.08,0.25,0.01,mutual_information,clean,0.6,5,selective_risk,0.0,0.0,0.0,0.0,0.0,5
bbb,robust,0.08,0.25,0.01,mutual_information,clean,0.7,5,selective_risk,0.0,0.0,0.0,0.0,0.0,5
bbb,robust,0.08,0.25,0.01,mutual_information,clean,0.8,5,selective_risk,0.0,0.0,0.0,0.0,0.0,5
bbb,robust,0.08,0.25,0.01,mutual_information,clean,0.9,5,selective_risk,0.0,0.0,0.0,0.0,0.0,5
bbb,robust,0.08,0.25,0.01,mutual_information,clean,1.0,5,selective_risk,0.0,0.0,0.0,0.0,0.0,5
bbb,robust,0.08,0.25,0.01,mutual_information,delta,0.1,5,selective_risk,0.0,0.0,0.0,0.0,0.0,5
bbb,robust,0.08,0.25,0.01,mutual_information,delta,0.2,5,selective_risk,0.0,0.0,0.0,0.0,0.0,5
bbb,robust,0.08,0.25,0.01,mutual_information,delta,0.3,5,selective_risk,0.0,0.0,0.0,0.0,0.0,5
bbb,robust,0.08,0.25,0.01,mutual_information,delta,0.4,5,selective_risk,0.0,0.0,0.0,0.0,0.0,5
bbb,robust,0.08,0.25,0.01,mutual_information,delta,0.5,5,selective_risk,0.0,0.0,0.0,0.0,0.0,5
bbb,robust,0.08,0.25,0.01,mutual_information,delta,0.6,5,selective_risk,0.0,0.0,0.0,0.0,0.0,5
bbb,robust,0.08,0.25,0.01,mutual_information,delta,0.7,5,selective_risk,0.0,0.0,0.0,0.0,0.0,5
bbb,robust,0.08,0.25,0.01,mutual_information,delta,0.8,5,selective_risk,0.0,0.0,0.0,0.0,0.0,5
bbb,robust,0.08,0.25,0.01,mutual_information,delta,0.9,5,selective_risk,0.0,0.0,0.0,0.0,0.0,5
bbb,robust,0.08,0.25,0.01,mutual_information,delta,1.0,5,selective_risk,0.0,0.0,0.0,0.0,0.0,5
bbb,robust,0.08,0.25,0.01,one_minus_confidence,adv,0.1,5,selective_risk,0.0,0.0,0.0,0.0,0.0,5
bbb,robust,0.08,0.25,0.01,one_minus_confidence,adv,0.2,5,selective_risk,0.0,0.0,0.0,0.0,0.0,5
bbb,robust,0.08,0.25,0.01,one_minus_confidence,adv,0.3,5,selective_risk,0.0,0.0,0.0,0.0,0.0,5
bbb,robust,0.08,0.25,0.01,one_minus_confidence,adv,0.4,5,selective_risk,0.0,0.0,0.0,0.0,0.0,5
bbb,robust,0.08,0.25,0.01,one_minus_confidence,adv,0.5,5,selective_risk,0.0,0.0,0.0,0.0,0.0,5
bbb,robust,0.08,0.25,0.01,one_minus_confidence,adv,0.6,5,selective_risk,0.0,0.0,0.0,0.0,0.0,5
bbb,robust,0.08,0.25,0.01,one_minus_confidence,adv,0.7,5,selective_risk,0.0,0.0,0.0,0.0,0.0,5
bbb,robust,0.08,0.25,0.01,one_minus_confidence,adv,0.8,5,selective_risk,0.0,0.0,0.0,0.0,0.0,5
bbb,robust,0.08,0.25,0.01,one_minus_confidence,adv,0.9,5,selective_risk,0.0,0.0,0.0,0.0,0.0,5
bbb,robust,0.08,0.25,0.01,one_minus_confidence,adv,1.0,5,selective_risk,0.0,0.0,0.0,0.0,0.0,5
bbb,robust,0.08,0.25,0.01,one_minus_confidence,clean,0.1,5,selective_risk,0.0,0.0,0.0,0.0,0.0,5
bbb,robust,0.08,0.25,0.01,one_minus_confidence,clean,0.2,5,selective_risk,0.0,0.0,0.0,0.0,0.0,5
bbb,robust,0.08,0.25,0.01,one_minus_confidence,clean,0.3,5,selective_risk,0.0,0.0,0.0,0.0,0.0,5
bbb,robust,0.08,0.25,0.01,one_minus_confidence,clean,0.4,5,selective_risk,0.0,0.0,0.0,0.0,0.0,5
bbb,robust,0.08,0.25,0.01,one_minus_confidence,clean,0.5,5,selective_risk,0.0,0.0,0.0,0.0,0.0,5
bbb,robust,0.08,0.25,0.01,one_minus_confidence,clean,0.6,5,selective_risk,0.0,0.0,0.0,0.0,0.0,5
bbb,robust,0.08,0.25,0.01,one_minus_confidence,clean,0.7,5,selective_risk,0.0,0.0,0.0,0.0,0.0,5
bbb,robust,0.08,0.25,0.01,one_minus_confidence,clean,0.8,5,selective_risk,0.0,0.0,0.0,0.0,0.0,5
bbb,robust,0.08,0.25,0.01,one_minus_confidence,clean,0.9,5,selective_risk,0.0,0.0,0.0,0.0,0.0,5
bbb,robust,0.08,0.25,0.01,one_minus_confidence,clean,1.0,5,selective_risk,0.0,0.0,0.0,0.0,0.0,5
bbb,robust,0.08,0.25,0.01,one_minus_confidence,delta,0.1,5,selective_risk,0.0,0.0,0.0,0.0,0.0,5
bbb,robust,0.08,0.25,0.01,one_minus_confidence,delta,0.2,5,selective_risk,0.0,0.0,0.0,0.0,0.0,5
bbb,robust,0.08,0.25,0.01,one_minus_confidence,delta,0.3,5,selective_risk,0.0,0.0,0.0,0.0,0.0,5
bbb,robust,0.08,0.25,0.01,one_minus_confidence,delta,0.4,5,selective_risk,0.0,0.0,0.0,0.0,0.0,5
bbb,robust,0.08,0.25,0.01,one_minus_confidence,delta,0.5,5,selective_risk,0.0,0.0,0.0,0.0,0.0,5
bbb,robust,0.08,0.25,0.01,one_minus_confidence,delta,0.6,5,selective_risk,0.0,0.0,0.0,0.0,0.0,5
bbb,robust,0.08,0.25,0.01,one_minus_confidence,delta,0.7,5,selective_risk,0.0,0.0,0.0,0.0,0.0,5
bbb,robust,0.08,0.25,0.01,one_minus_confidence,delta,0.8,5,selective_risk,0.0,0.0,0.0,0.0,0.0,5
bbb,robust,0.08,0.25,0.01,one_minus_confidence,delta,0.9,5,selective_risk,0.0,0.0,0.0,0.0,0.0,5
bbb,robust,0.08,0.25,0.01,one_minus_confidence,delta,1.0,5,selective_risk,0.0,0.0,0.0,0.0,0.0,5
bbb,robust,0.08,0.25,0.03,mutual_information,adv,0.1,5,selective_risk,0.0,0.0,0.0,0.0,0.0,5
bbb,robust,0.08,0.25,0.03,mutual_information,adv,0.2,5,selective_risk,0.0,0.0,0.0,0.0,0.0,5
bbb,robust,0.08,0.25,0.03,mutual_information,adv,0.3,5,selective_risk,0.0,0.0,0.0,0.0,0.0,5
bbb,robust,0.08,0.25,0.03,mutual_information,adv,0.4,5,selective_risk,0.0,0.0,0.0,0.0,0.0,5
bbb,robust,0.08,0.25,0.03,mutual_information,adv,0.5,5,selective_risk,0.0,0.0,0.0,0.0,0.0,5
bbb,robust,0.08,0.25,0.03,mutual_information,adv,0.6,5,selective_risk,0.0,0.0,0.0,0.0,0.0,5
bbb,robust,0.08,0.25,0.03,mutual_information,adv,0.7,5,selective_risk,0.0,0.0,0.0,0.0,0.0,5
bbb,robust,0.08,0.25,0.03,mutual_information,adv,0.8,5,selective_risk,0.0,0.0,0.0,0.0,0.0,5
bbb,robust,0.08,0.25,0.03,mutual_information,adv,0.9,5,selective_risk,0.0,0.0,0.0,0.0,0.0,5
bbb,robust,0.08,0.25,0.03,mutual_information,adv,1.0,5,selective_risk,0.0,0.0,0.0,0.0,0.0,5
bbb,robust,0.08,0.25,0.03,mutual_information,clean,0.1,5,selective_risk,0.0,0.0,0.0,0.0,0.0,5
bbb,robust,0.08,0.25,0.03,mutual_information,clean,0.2,5,selective_risk,0.0,0.0,0.0,0.0,0.0,5
bbb,robust,0.08,0.25,0.03,mutual_information,clean,0.3,5,selective_risk,0.0,0.0,0.0,0.0,0.0,5
bbb,robust,0.08,0.25,0.03,mutual_information,clean,0.4,5,selective_risk,0.0,0.0,0.0,0.0,0.0,5
bbb,robust,0.08,0.25,0.03,mutual_information,clean,0.5,5,selective_risk,0.0,0.0,0.0,0.0,0.0,5
bbb,robust,0.08,0.25,0.03,mutual_information,clean,0.6,5,selective_risk,0.0,0.0,0.0,0.0,0.0,5
bbb,robust,0.08,0.25,0.03,mutual_information,clean,0.7,5,selective_risk,0.0,0.0,0.0,0.0,0.0,5
bbb,robust,0.08,0.25,0.03,mutual_information,clean,0.8,5,selective_risk,0.0,0.0,0.0,0.0,0.0,5
bbb,robust,0.08,0.25,0.03,mutual_information,clean,0.9,5,selective_risk,0.0,0.0,0.0,0.0,0.0,5
bbb,robust,0.08,0.25,0.03,mutual_information,clean,1.0,5,selective_risk,0.0,0.0,0.0,0.0,0.0,5
bbb,robust,0.08,0.25,0.03,mutual_information,delta,0.1,5,selective_risk,0.0,0.0,0.0,0.0,0.0,5
bbb,robust,0.08,0.25,0.03,mutual_information,delta,0.2,5,selective_risk,0.0,0.0,0.0,0.0,0.0,5
bbb,robust,0.08,0.25,0.03,mutual_information,delta,0.3,5,selective_risk,0.0,0.0,0.0,0.0,0.0,5
bbb,robust,0.08,0.25,0.03,mutual_information,delta,0.4,5,selective_risk,0.0,0.0,0.0,0.0,0.0,5
bbb,robust,0.08,0.25,0.03,mutual_information,delta,0.5,5,selective_risk,0.0,0.0,0.0,0.0,0.0,5
bbb,robust,0.08,0.25,0.03,mutual_information,delta,0.6,5,selective_risk,0.0,0.0,0.0,0.0,0.0,5
bbb,robust,0.08,0.25,0.03,mutual_information,delta,0.7,5,selective_risk,0.0,0.0,0.0,0.0,0.0,5
bbb,robust,0.08,0.25,0.03,mutual_information,delta,0.8,5,selective_risk,0.0,0.0,0.0,0.0,0.0,5
bbb,robust,0.08,0.25,0.03,mutual_information,delta,0.9,5,selective_risk,0.0,0.0,0.0,0.0,0.0,5
bbb,robust,0.08,0.25,0.03,mutual_information,delta,1.0,5,selective_risk,0.0,0.0,0.0,0.0,0.0,5
bbb,robust,0.08,0.25,0.03,one_minus_confidence,adv,0.1,5,selective_risk,0.0,0.0,0.0,0.0,0.0,5
bbb,robust,0.08,0.25,0.03,one_minus_confidence,adv,0.2,5,selective_risk,0.0,0.0,0.0,0.0,0.0,5
bbb,robust,0.08,0.25,0.03,one_minus_confidence,adv,0.3,5,selective_risk,0.0,0.0,0.0,0.0,0.0,5
bbb,robust,0.08,0.25,0.03,one_minus_confidence,adv,0.4,5,selective_risk,0.0,0.0,0.0,0.0,0.0,5
bbb,robust,0.08,0.25,0.03,one_minus_confidence,adv,0.5,5,selective_risk,0.0,0.0,0.0,0.0,0.0,5
bbb,robust,0.08,0.25,0.03,one_minus_confidence,adv,0.6,5,selective_risk,0.0,0.0,0.0,0.0,0.0,5
bbb,robust,0.08,0.25,0.03,one_minus_confidence,adv,0.7,5,selective_risk,0.0,0.0,0.0,0.0,0.0,5
bbb,robust,0.08,0.25,0.03,one_minus_confidence,adv,0.8,5,selective_risk,0.0,0.0,0.0,0.0,0.0,5
bbb,robust,0.08,0.25,0.03,one_minus_confidence,adv,0.9,5,selective_risk,0.0,0.0,0.0,0.0,0.0,5
bbb,robust,0.08,0.25,0.03,one_minus_confidence,adv,1.0,5,selective_risk,0.0,0.0,0.0,0.0,0.0,5
bbb,robust,0.08,0.25,0.03,one_minus_confidence,clean,0.1,5,selective_risk,0.0,0.0,0.0,0.0,0.0,5
bbb,robust,0.08,0.25,0.03,one_minus_confidence,clean,0.2,5,selective_risk,0.0,0.0,0.0,0.0,0.0,5
bbb,robust,0.08,0.25,0.03,one_minus_confidence,clean,0.3,5,selective_risk,0.0,0.0,0.0,0.0,0.0,5
bbb,robust,0.08,0.25,0.03,one_minus_confidence,clean,0.4,5,selective_risk,0.0,0.0,0.0,0.0,0.0,5
bbb,robust,0.08,0.25,0.03,one_minus_confidence,clean,0.5,5,selective_risk,0.0,0.0,0.0,0.0,0.0,5
bbb,robust,0.08,0.25,0.03,one_minus_confidence,clean,0.6,5,selective_risk,0.0,0.0,0.0,0.0,0.0,5
bbb,robust,0.08,0.25,0.03,one_minus_confidence,clean,0.7,5,selective_risk,0.0,0.0,0.0,0.0,0.0,5
bbb,robust,0.08,0.25,0.03,one_minus_confidence,clean,0.8,5,selective_risk,0.0,0.0,0.0,0.0,0.0,5
bbb,robust,0.08,0.25,0.03,one_minus_confidence,clean,0.9,5,selective_risk,0.0,0.0,0.0,0.0,0.0,5
bbb,robust,0.08,0.25,0.03,one_minus_confidence,clean,1.0,5,selective_risk,0.0,0.0,0.0,0.0,0.0,5
bbb,robust,0.08,0.25,0.03,one_minus_confidence,delta,0.1,5,selective_risk,0.0,0.0,0.0,0.0,0.0,5
bbb,robust,0.08,0.25,0.03,one_minus_confidence,delta,0.2,5,selective_risk,0.0,0.0,0.0,0.0,0.0,5
bbb,robust,0.08,0.25,0.03,one_minus_confidence,delta,0.3,5,selective_risk,0.0,0.0,0.0,0.0,0.0,5
bbb,robust,0.08,0.25,0.03,one_minus_confidence,delta,0.4,5,selective_risk,0.0,0.0,0.0,0.0,0.0,5
bbb,robust,0.08,0.25,0.03,one_minus_confidence,delta,0.5,5,selective_risk,0.0,0.0,0.0,0.0,0.0,5
bbb,robust,0.08,0.25,0.03,one_minus_confidence,delta,0.6,5,selective_risk,0.0,0.0,0.0,0.0,0.0,5
bbb,robust,0.08,0.25,0.03,one_minus_confidence,delta,0.7,5,selective_risk,0.0,0.0,0.0,0.0,0.0,5
bbb,robust,0.08,0.25,0.03,one_minus_confidence,delta,0.8,5,selective_risk,0.0,0.0,0.0,0.0,0.0,5
bbb,robust,0.08,0.25,0.03,one_minus_confidence,delta,0.9,5,selective_risk,0.0,0.0,0.0,0.0,0.0,5
bbb,robust,0.08,0.25,0.03,one_minus_confidence,delta,1.0,5,selective_risk,0.0,0.0,0.0,0.0,0.0,5
bbb,robust,0.08,0.25,0.05,mutual_information,adv,0.1,5,selective_risk,0.0,0.0,0.0,0.0,0.0,5
bbb,robust,0.08,0.25,0.05,mutual_information,adv,0.2,5,selective_risk,0.0,0.0,0.0,0.0,0.0,5
bbb,robust,0.08,0.25,0.05,mutual_information,adv,0.3,5,selective_risk,0.0,0.0,0.0,0.0,0.0,5
bbb,robust,0.08,0.25,0.05,mutual_information,adv,0.4,5,selective_risk,0.0,0.0,0.0,0.0,0.0,5
bbb,robust,0.08,0.25,0.05,mutual_information,adv,0.5,5,selective_risk,0.0,0.0,0.0,0.0,0.0,5
bbb,robust,0.08,0.25,0.05,mutual_information,adv,0.6,5,selective_risk,0.0,0.0,0.0,0.0,0.0,5
bbb,robust,0.08,0.25,0.05,mutual_information,adv,0.7,5,selective_risk,0.0,0.0,0.0,0.0,0.0,5
bbb,robust,0.08,0.25,0.05,mutual_information,adv,0.8,5,selective_risk,0.0,0.0,0.0,0.0,0.0,5
bbb,robust,0.08,0.25,0.05,mutual_information,adv,0.9,5,selective_risk,0.0,0.0,0.0,0.0,0.0,5
bbb,robust,0.08,0.25,0.05,mutual_information,adv,1.0,5,selective_risk,0.039999999999999994,0.0282842712474619,0.012649110640673518,0.00488606886149031,0.07511393113850967,5
bbb,robust,0.08,0.25,0.05,mutual_information,clean,0.1,5,selective_risk,0.0,0.0,0.0,0.0,0.0,5
bbb,robust,0.08,0.25,0.05,mutual_information,clean,0.2,5,selective_risk,0.0,0.0,0.0,0.0,0.0,5
bbb,robust,0.08,0.25,0.05,mutual_information,clean,0.3,5,selective_risk,0.0,0.0,0.0,0.0,0.0,5
bbb,robust,0.08,0.25,0.05,mutual_information,clean,0.4,5,selective_risk,0.0,0.0,0.0,0.0,0.0,5
bbb,robust,0.08,0.25,0.05,mutual_information,clean,0.5,5,selective_risk,0.0,0.0,0.0,0.0,0.0,5
bbb,robust,0.08,0.25,0.05,mutual_information,clean,0.6,5,selective_risk,0.0,0.0,0.0,0.0,0.0,5
bbb,robust,0.08,0.25,0.05,mutual_information,clean,0.7,5,selective_risk,0.0,0.0,0.0,0.0,0.0,5
bbb,robust,0.08,0.25,0.05,mutual_information,clean,0.8,5,selective_risk,0.0,0.0,0.0,0.0,0.0,5
bbb,robust,0.08,0.25,0.05,mutual_information,clean,0.9,5,selective_risk,0.008888888888888889,0.012171612389003692,0.005443310539518174,-0.0062217411688135615,0.023999518946591337,5
bbb,robust,0.08,0.25,0.05,mutual_information,clean,1.0,5,selective_risk,0.039999999999999994,0.0282842712474619,0.012649110640673518,0.00488606886149031,0.07511393113850967,5
bbb,robust,0.08,0.25,0.05,mutual_information,delta,0.1,5,selective_risk,0.04,0.08944271909999159,0.04,-0.07103999999999999,0.15104,5
bbb,robust,0.08,0.25,0.05,mutual_information,delta,0.2,5,selective_risk,0.02,0.044721359549995794,0.02,-0.035519999999999996,0.07552,5
bbb,robust,0.08,0.25,0.05,mutual_information,delta,0.3,5,selective_risk,0.013333333333333332,0.02981423969999719,0.01333333333333333,-0.02367999999999999,0.05034666666666665,5
bbb,robust,0.08,0.25,0.05,mutual_information,delta,0.4,5,selective_risk,0.01,0.022360679774997897,0.01,-0.017759999999999998,0.03776,5
bbb,robust,0.08,0.25,0.05,mutual_information,delta,0.5,5,selective_risk,0.008,0.01788854381999832,0.008,-0.014207999999999998,0.030208,5
bbb,robust,0.08,0.25,0.05,mutual_information,delta,0.6,5,selective_risk,0.006666666666666666,0.014907119849998596,0.006666666666666665,-0.011839999999999995,0.025173333333333325,5
bbb,robust,0.08,0.25,0.05,mutual_information,delta,0.7,5,selective_risk,0.005714285714285714,0.012777531299998797,0.005714285714285713,-0.010148571428571427,0.021577142857142854,5
bbb,robust,0.08,0.25,0.05,mutual_information,delta,0.8,5,selective_risk,0.005,0.011180339887498949,0.005,-0.008879999999999999,0.01888,5
bbb,robust,0.08,0.25,0.05,mutual_information,delta,0.9,5,selective_risk,0.0044444444444444444,0.009938079899999066,0.0044444444444444444,-0.007893333333333332,0.016782222222222223,5
bbb,robust,0.08,0.25,0.05,mutual_information,delta,1.0,5,selective_risk,0.039999999999999994,0.0282842712474619,0.012649110640673518,0.00488606886149031,0.07511393113850967,5
bbb,robust,0.08,0.25,0.05,one_minus_confidence,adv,0.1,5,selective_risk,0.0,0.0,0.0,0.0,0.0,5
bbb,robust,0.08,0.25,0.05,one_minus_confidence,adv,0.2,5,selective_risk,0.0,0.0,0.0,0.0,0.0,5
bbb,robust,0.08,0.25,0.05,one_minus_confidence,adv,0.3,5,selective_risk,0.0,0.0,0.0,0.0,0.0,5
bbb,robust,0.08,0.25,0.05,one_minus_confidence,adv,0.4,5,selective_risk,0.0,0.0,0.0,0.0,0.0,5
bbb,robust,0.08,0.25,0.05,one_minus_confidence,adv,0.5,5,selective_risk,0.0,0.0,0.0,0.0,0.0,5
bbb,robust,0.08,0.25,0.05,one_minus_confidence,adv,0.6,5,selective_risk,0.0,0.0,0.0,0.0,0.0,5
bbb,robust,0.08,0.25,0.05,one_minus_confidence,adv,0.7,5,selective_risk,0.0,0.0,0.0,0.0,0.0,5
bbb,robust,0.08,0.25,0.05,one_minus_confidence,adv,0.8,5,selective_risk,0.0,0.0,0.0,0.0,0.0,5
bbb,robust,0.08,0.25,0.05,one_minus_confidence,adv,0.9,5,selective_risk,0.0,0.0,0.0,0.0,0.0,5
bbb,robust,0.08,0.25,0.05,one_minus_confidence,adv,1.0,5,selective_risk,0.039999999999999994,0.0282842712474619,0.012649110640673518,0.00488606886149031,0.07511393113850967,5
bbb,robust,0.08,0.25,0.05,one_minus_confidence,clean,0.1,5,selective_risk,0.0,0.0,0.0,0.0,0.0,5
bbb,robust,0.08,0.25,0.05,one_minus_confidence,clean,0.2,5,selective_risk,0.0,0.0,0.0,0.0,0.0,5
bbb,robust,0.08,0.25,0.05,one_minus_confidence,clean,0.3,5,selective_risk,0.0,0.0,0.0,0.0,0.0,5
bbb,robust,0.08,0.25,0.05,one_minus_confidence,clean,0.4,5,selective_risk,0.0,0.0,0.0,0.0,0.0,5
bbb,robust,0.08,0.25,0.05,one_minus_confidence,clean,0.5,5,selective_risk,0.0,0.0,0.0,0.0,0.0,5
bbb,robust,0.08,0.25,0.05,one_minus_confidence,clean,0.6,5,selective_risk,0.0,0.0,0.0,0.0,0.0,5
bbb,robust,0.08,0.25,0.05,one_minus_confidence,clean,0.7,5,selective_risk,0.005714285714285714,0.012777531299998797,0.005714285714285713,-0.010148571428571427,0.021577142857142854,5
bbb,robust,0.08,0.25,0.05,one_minus_confidence,clean,0.8,5,selective_risk,0.005,0.011180339887498949,0.005,-0.008879999999999999,0.01888,5
bbb,robust,0.08,0.25,0.05,one_minus_confidence,clean,0.9,5,selective_risk,0.017777777777777778,0.024343224778007384,0.010886621079036348,-0.012443482337627123,0.047999037893182675,5
bbb,robust,0.08,0.25,0.05,one_minus_confidence,clean,1.0,5,selective_risk,0.039999999999999994,0.0282842712474619,0.012649110640673518,0.00488606886149031,0.07511393113850967,5
bbb,robust,0.08,0.25,0.05,one_minus_confidence,delta,0.1,5,selective_risk,0.0,0.0,0.0,0.0,0.0,5
bbb,robust,0.08,0.25,0.05,one_minus_confidence,delta,0.2,5,selective_risk,0.0,0.0,0.0,0.0,0.0,5
bbb,robust,0.08,0.25,0.05,one_minus_confidence,delta,0.3,5,selective_risk,0.0,0.0,0.0,0.0,0.0,5
bbb,robust,0.08,0.25,0.05,one_minus_confidence,delta,0.4,5,selective_risk,0.0,0.0,0.0,0.0,0.0,5
bbb,robust,0.08,0.25,0.05,one_minus_confidence,delta,0.5,5,selective_risk,0.0,0.0,0.0,0.0,0.0,5
bbb,robust,0.08,0.25,0.05,one_minus_confidence,delta,0.6,5,selective_risk,0.0,0.0,0.0,0.0,0.0,5
bbb,robust,0.08,0.25,0.05,one_minus_confidence,delta,0.7,5,selective_risk,0.0,0.0,0.0,0.0,0.0,5
bbb,robust,0.08,0.25,0.05,one_minus_confidence,delta,0.8,5,selective_risk,0.0,0.0,0.0,0.0,0.0,5
bbb,robust,0.08,0.25,0.05,one_minus_confidence,delta,0.9,5,selective_risk,0.0044444444444444444,0.009938079899999066,0.0044444444444444444,-0.007893333333333332,0.016782222222222223,5
bbb,robust,0.08,0.25,0.05,one_minus_confidence,delta,1.0,5,selective_risk,0.039999999999999994,0.0282842712474619,0.012649110640673518,0.00488606886149031,0.07511393113850967,5
bbb,robust,0.08,0.25,0.07,mutual_information,adv,0.1,5,selective_risk,0.0,0.0,0.0,0.0,0.0,5
bbb,robust,0.08,0.25,0.07,mutual_information,adv,0.2,5,selective_risk,0.0,0.0,0.0,0.0,0.0,5
bbb,robust,0.08,0.25,0.07,mutual_information,adv,0.3,5,selective_risk,0.0,0.0,0.0,0.0,0.0,5
bbb,robust,0.08,0.25,0.07,mutual_information,adv,0.4,5,selective_risk,0.0,0.0,0.0,0.0,0.0,5
bbb,robust,0.08,0.25,0.07,mutual_information,adv,0.5,5,selective_risk,0.0,0.0,0.0,0.0,0.0,5
bbb,robust,0.08,0.25,0.07,mutual_information,adv,0.6,5,selective_risk,0.0,0.0,0.0,0.0,0.0,5
bbb,robust,0.08,0.25,0.07,mutual_information,adv,0.7,5,selective_risk,0.0,0.0,0.0,0.0,0.0,5
bbb,robust,0.08,0.25,0.07,mutual_information,adv,0.8,5,selective_risk,0.015000000000000003,0.0223606797749979,0.010000000000000002,-0.01276,0.042760000000000006,5
bbb,robust,0.08,0.25,0.07,mutual_information,adv,0.9,5,selective_risk,0.04,0.009938079899999066,0.0044444444444444444,0.027662222222222223,0.052337777777777775,5
bbb,robust,0.08,0.25,0.07,mutual_information,adv,1.0,5,selective_risk,0.07999999999999999,0.020000000000000004,0.00894427190999916,0.05517070117784233,0.10482929882215765,5
bbb,robust,0.08,0.25,0.07,mutual_information,clean,0.1,5,selective_risk,0.0,0.0,0.0,0.0,0.0,5
bbb,robust,0.08,0.25,0.07,mutual_information,clean,0.2,5,selective_risk,0.0,0.0,0.0,0.0,0.0,5
bbb,robust,0.08,0.25,0.07,mutual_information,clean,0.3,5,selective_risk,0.0,0.0,0.0,0.0,0.0,5
bbb,robust,0.08,0.25,0.07,mutual_information,clean,0.4,5,selective_risk,0.0,0.0,0.0,0.0,0.0,5
bbb,robust,0.08,0.25,0.07,mutual_information,clean,0.5,5,selective_risk,0.0,0.0,0.0,0.0,0.0,5
bbb,robust,0.08,0.25,0.07,mutual_information,clean,0.6,5,selective_risk,0.0,0.0,0.0,0.0,0.0,5
bbb,robust,0.08,0.25,0.07,mutual_information,clean,0.7,5,selective_risk,0.005714285714285714,0.012777531299998797,0.005714285714285713,-0.010148571428571427,0.021577142857142854,5
bbb,robust,0.08,0.25,0.07,mutual_information,clean,0.8,5,selective_risk,0.02,0.020916500663351892,0.009354143466934854,-0.005967102264211151,0.04596710226421115,5
bbb,robust,0.08,0.25,0.07,mutual_information,clean,0.9,5,selective_risk,0.03111111111111111,0.01987615979999813,0.008888888888888889,0.0064355555555555555,0.055786666666666665,5
bbb,robust,0.08,0.25,0.07,mutual_information,clean,1.0,5,selective_risk,0.07999999999999999,0.020000000000000004,0.00894427190999916,0.05517070117784233,0.10482929882215765,5
bbb,robust,0.08,0.25,0.07,mutual_information,delta,0.1,5,selective_risk,0.12000000000000002,0.10954451150103323,0.048989794855663564,-0.01599567051932202,0.25599567051932204,5
bbb,robust,0.08,0.25,0.07,mutual_information,delta,0.2,5,selective_risk,0.06000000000000001,0.05477225575051661,0.024494897427831782,-0.00799783525966101,0.12799783525966102,5
bbb,robust,0.08,0.25,0.07,mutual_information,delta,0.3,5,selective_risk,0.04,0.03651483716701107,0.01632993161855452,-0.00533189017310734,0.08533189017310734,5
bbb,robust,0.08,0.25,0.07,mutual_information,delta,0.4,5,selective_risk,0.030000000000000006,0.027386127875258306,0.012247448713915891,-0.003998917629830505,0.06399891762983051,5
bbb,robust,0.08,0.25,0.07,mutual_information,delta,0.5,5,selective_risk,0.024,0.021908902300206645,0.009797958971132711,-0.003199134103864406,0.05119913410386441,5
bbb,robust,0.08,0.25,0.07,mutual_information,delta,0.6,5,selective_risk,0.02,0.018257418583505537,0.00816496580927726,-0.00266594508655367,0.04266594508655367,5
bbb,robust,0.08,0.25,0.07,mutual_information,delta,0.7,5,selective_risk,0.022857142857142857,0.02390457218668787,0.010690449676496972,-0.006819545444812735,0.052533831159098446,5
bbb,robust,0.08,0.25,0.07,mutual_information,delta,0.8,5,selective_risk,0.03,0.020916500663351892,0.009354143466934854,0.004032897735788847,0.05596710226421115,5
bbb,robust,0.08,0.25,0.07,mutual_information,delta,0.9,5,selective_risk,0.04,0.009938079899999066,0.0044444444444444444,0.027662222222222223,0.052337777777777775,5
bbb,robust,0.08,0.25,0.07,mutual_information,delta,1.0,5,selective_risk,0.07999999999999999,0.020000000000000004,0.00894427190999916,0.05517070117784233,0.10482929882215765,5
bbb,robust,0.08,0.25,0.07,one_minus_confidence,adv,0.1,5,selective_risk,0.0,0.0,0.0,0.0,0.0,5
bbb,robust,0.08,0.25,0.07,one_minus_confidence,adv,0.2,5,selective_risk,0.0,0.0,0.0,0.0,0.0,5
bbb,robust,0.08,0.25,0.07,one_minus_confidence,adv,0.3,5,selective_risk,0.0,0.0,0.0,0.0,0.0,5
bbb,robust,0.08,0.25,0.07,one_minus_confidence,adv,0.4,5,selective_risk,0.0,0.0,0.0,0.0,0.0,5
bbb,robust,0.08,0.25,0.07,one_minus_confidence,adv,0.5,5,selective_risk,0.0,0.0,0.0,0.0,0.0,5
bbb,robust,0.08,0.25,0.07,one_minus_confidence,adv,0.6,5,selective_risk,0.006666666666666666,0.014907119849998596,0.006666666666666665,-0.011839999999999995,0.025173333333333325,5
bbb,robust,0.08,0.25,0.07,one_minus_confidence,adv,0.7,5,selective_risk,0.017142857142857144,0.01564921592871903,0.0069985421222376505,-0.0022850957884745712,0.03657081007418886,5
bbb,robust,0.08,0.25,0.07,one_minus_confidence,adv,0.8,5,selective_risk,0.025,0.01767766952966369,0.00790569415042095,0.003053793038431448,0.04694620696156855,5
bbb,robust,0.08,0.25,0.07,one_minus_confidence,adv,0.9,5,selective_risk,0.04,0.01859244503409057,0.00831479419283098,0.0169181313207012,0.0630818686792988,5
bbb,robust,0.08,0.25,0.07,one_minus_confidence,adv,1.0,5,selective_risk,0.07999999999999999,0.020000000000000004,0.00894427190999916,0.05517070117784233,0.10482929882215765,5
bbb,robust,0.08,0.25,0.07,one_minus_confidence,clean,0.1,5,selective_risk,0.0,0.0,0.0,0.0,0.0,5
bbb,robust,0.08,0.25,0.07,one_minus_confidence,clean,0.2,5,selective_risk,0.0,0.0,0.0,0.0,0.0,5
bbb,robust,0.08,0.25,0.07,one_minus_confidence,clean,0.3,5,selective_risk,0.0,0.0,0.0,0.0,0.0,5
bbb,robust,0.08,0.25,0.07,one_minus_confidence,clean,0.4,5,selective_risk,0.0,0.0,0.0,0.0,0.0,5
bbb,robust,0.08,0.25,0.07,one_minus_confidence,clean,0.5,5,selective_risk,0.0,0.0,0.0,0.0,0.0,5
bbb,robust,0.08,0.25,0.07,one_minus_confidence,clean,0.6,5,selective_risk,0.0,0.0,0.0,0.0,0.0,5
bbb,robust,0.08,0.25,0.07,one_minus_confidence,clean,0.7,5,selective_risk,0.017142857142857144,0.01564921592871903,0.0069985421222376505,-0.0022850957884745712,0.03657081007418886,5
bbb,robust,0.08,0.25,0.07,one_minus_confidence,clean,0.8,5,selective_risk,0.03,0.027386127875258303,0.01224744871391589,-0.003998917629830505,0.06399891762983051,5
bbb,robust,0.08,0.25,0.07,one_minus_confidence,clean,0.9,5,selective_risk,0.04888888888888889,0.024343224778007384,0.010886621079036348,0.01866762877348399,0.07911014900429379,5
bbb,robust,0.08,0.25,0.07,one_minus_confidence,clean,1.0,5,selective_risk,0.07999999999999999,0.020000000000000004,0.00894427190999916,0.05517070117784233,0.10482929882215765,5
bbb,robust,0.08,0.25,0.07,one_minus_confidence,delta,0.1,5,selective_risk,0.12000000000000002,0.10954451150103323,0.048989794855663564,-0.01599567051932202,0.25599567051932204,5
bbb,robust,0.08,0.25,0.07,one_minus_confidence,delta,0.2,5,selective_risk,0.06000000000000001,0.05477225575051661,0.024494897427831782,-0.00799783525966101,0.12799783525966102,5
bbb,robust,0.08,0.25,0.07,one_minus_confidence,delta,0.3,5,selective_risk,0.04,0.03651483716701107,0.01632993161855452,-0.00533189017310734,0.08533189017310734,5
bbb,robust,0.08,0.25,0.07,one_minus_confidence,delta,0.4,5,selective_risk,0.030000000000000006,0.027386127875258306,0.012247448713915891,-0.003998917629830505,0.06399891762983051,5
bbb,robust,0.08,0.25,0.07,one_minus_confidence,delta,0.5,5,selective_risk,0.024,0.021908902300206645,0.009797958971132711,-0.003199134103864406,0.05119913410386441,5
bbb,robust,0.08,0.25,0.07,one_minus_confidence,delta,0.6,5,selective_risk,0.026666666666666665,0.02788866755113585,0.012472191289246471,-0.007956136352281533,0.06128946968561486,5
bbb,robust,0.08,0.25,0.07,one_minus_confidence,delta,0.7,5,selective_risk,0.022857142857142857,0.02390457218668787,0.010690449676496972,-0.006819545444812735,0.052533831159098446,5
bbb,robust,0.08,0.25,0.07,one_minus_confidence,delta,0.8,5,selective_risk,0.025,0.01767766952966369,0.00790569415042095,0.003053793038431448,0.04694620696156855,5
bbb,robust,0.08,0.25,0.07,one_minus_confidence,delta,0.9,5,selective_risk,0.044444444444444446,0.01571348402636772,0.007027283689263064,0.024936704923050182,0.06395218396583871,5
bbb,robust,0.08,0.25,0.07,one_minus_confidence,delta,1.0,5,selective_risk,0.07999999999999999,0.020000000000000004,0.00894427190999916,0.05517070117784233,0.10482929882215765,5
bbb,robust,0.08,0.25,0.08,mutual_information,adv,0.1,5,selective_risk,0.0,0.0,0.0,0.0,0.0,5
bbb,robust,0.08,0.25,0.08,mutual_information,adv,0.2,5,selective_risk,0.0,0.0,0.0,0.0,0.0,5
bbb,robust,0.08,0.25,0.08,mutual_information,adv,0.3,5,selective_risk,0.0,0.0,0.0,0.0,0.0,5
bbb,robust,0.08,0.25,0.08,mutual_information,adv,0.4,5,selective_risk,0.0,0.0,0.0,0.0,0.0,5
bbb,robust,0.08,0.25,0.08,mutual_information,adv,0.5,5,selective_risk,0.008,0.01788854381999832,0.008,-0.014207999999999998,0.030208,5
bbb,robust,0.08,0.25,0.08,mutual_information,adv,0.6,5,selective_risk,0.02,0.018257418583505537,0.00816496580927726,-0.00266594508655367,0.04266594508655367,5
bbb,robust,0.08,0.25,0.08,mutual_information,adv,0.7,5,selective_risk,0.02857142857142857,0.020203050891044214,0.009035079029052512,0.0034900491867787993,0.05365280795607834,5
bbb,robust,0.08,0.25,0.08,mutual_information,adv,0.8,5,selective_risk,0.025,0.01767766952966369,0.00790569415042095,0.003053793038431448,0.04694620696156855,5
bbb,robust,0.08,0.25,0.08,mutual_information,adv,0.9,5,selective_risk,0.07111111111111111,0.009938079899999067,0.004444444444444445,0.05877333333333333,0.08344888888888889,5
bbb,robust,0.08,0.25,0.08,mutual_information,adv,1.0,5,selective_risk,0.092,0.02280350850198276,0.01019803902718557,0.06369024366053286,0.12030975633946714,5
bbb,robust,0.08,0.25,0.08,mutual_information,clean,0.1,5,selective_risk,0.0,0.0,0.0,0.0,0.0,5
bbb,robust,0.08,0.25,0.08,mutual_information,clean,0.2,5,selective_risk,0.0,0.0,0.0,0.0,0.0,5
bbb,robust,0.08,0.25,0.08,mutual_information,clean,0.3,5,selective_risk,0.0,0.0,0.0,0.0,0.0,5
bbb,robust,0.08,0.25,0.08,mutual_information,clean,0.4,5,selective_risk,0.0,0.0,0.0,0.0,0.0,5
bbb,robust,0.08,0.25,0.08,mutual_information,clean,0.5,5,selective_risk,0.0,0.0,0.0,0.0,0.0,5
bbb,robust,0.08,0.25,0.08,mutual_information,clean,0.6,5,selective_risk,0.0,0.0,0.0,0.0,0.0,5
bbb,robust,0.08,0.25,0.08,mutual_information,clean,0.7,5,selective_risk,0.011428571428571429,0.025555062599997593,0.011428571428571427,-0.020297142857142854,0.04315428571428571,5
bbb,robust,0.08,0.25,0.08,mutual_information,clean,0.8,5,selective_risk,0.030000000000000006,0.03259601202601324,0.014577379737113249,-0.010466806150226368,0.07046680615022638,5
bbb,robust,0.08,0.25,0.08,mutual_information,clean,0.9,5,selective_risk,0.04,0.024343224778007384,0.010886621079036348,0.0097787398845951,0.0702212601154049,5
bbb,robust,0.08,0.25,0.08,mutual_information,clean,1.0,5,selective_risk,0.092,0.02280350850198276,0.01019803902718557,0.06369024366053286,0.12030975633946714,5
bbb,robust,0.08,0.25,0.08,mutual_information,delta,0.1,5,selective_risk,0.2,0.14142135623730953,0.0632455532033676,0.024430344307451585,0.3755696556925484,5
bbb,robust,0.08,0.25,0.08,mutual_information,delta,0.2,5,selective_risk,0.1,0.07071067811865477,0.0316227766016838,0.012215172153725792,0.1877848278462742,5
bbb,robust,0.08,0.25,0.08,mutual_information,delta,0.3,5,selective_risk,0.06666666666666667,0.04714045207910317,0.021081851067789193,0.008143448102483873,0.12518988523084945,5
bbb,robust,0.08,0.25,0.08,mutual_information,delta,0.4,5,selective_risk,0.05,0.03535533905932738,0.0158113883008419,0.006107586076862896,0.0938924139231371,5
bbb,robust,0.08,0.25,0.08,mutual_information,delta,0.5,5,selective_risk,0.04,0.0282842712474619,0.012649110640673518,0.004886068861490317,0.07511393113850968,5
bbb,robust,0.08,0.25,0.08,mutual_information,delta,0.6,5,selective_risk,0.03333333333333333,0.023570226039551584,0.010540925533894597,0.0040717240512419366,0.06259494261542473,5
bbb,robust,0.08,0.25,0.08,mutual_information,delta,0.7,5,selective_risk,0.02857142857142857,0.020203050891044214,0.009035079029052512,0.0034900491867787993,0.05365280795607834,5
bbb,robust,0.08,0.25,0.08,mutual_information,delta,0.8,5,selective_risk,0.039999999999999994,0.028504385627478448,0.01274754878398196,0.0046128045756660754,0.07538719542433392,5
bbb,robust,0.08,0.25,0.08,mutual_information,delta,0.9,5,selective_risk,0.07111111111111111,0.009938079899999067,0.004444444444444445,0.05877333333333333,0.08344888888888889,5
bbb,robust,0.08,0.25,0.08,mutual_information,delta,1.0,5,selective_risk,0.092,0.02280350850198276,0.01019803902718557,0.06369024366053286,0.12030975633946714,5
bbb,robust,0.08,0.25,0.08,one_minus_confidence,adv,0.1,5,selective_risk,0.0,0.0,0.0,0.0,0.0,5
bbb,robust,0.08,0.25,0.08,one_minus_confidence,adv,0.2,5,selective_risk,0.0,0.0,0.0,0.0,0.0,5
bbb,robust,0.08,0.25,0.08,one_minus_confidence,adv,0.3,5,selective_risk,0.0,0.0,0.0,0.0,0.0,5
bbb,robust,0.08,0.25,0.08,one_minus_confidence,adv,0.4,5,selective_risk,0.030000000000000006,0.027386127875258306,0.012247448713915891,-0.003998917629830505,0.06399891762983051,5
bbb,robust,0.08,0.25,0.08,one_minus_confidence,adv,0.5,5,selective_risk,0.024,0.021908902300206645,0.009797958971132711,-0.003199134103864406,0.05119913410386441,5
bbb,robust,0.08,0.25,0.08,one_minus_confidence,adv,0.6,5,selective_risk,0.03333333333333333,0.023570226039551584,0.010540925533894597,0.0040717240512419366,0.06259494261542473,5
bbb,robust,0.08,0.25,0.08,one_minus_confidence,adv,0.7,5,selective_risk,0.02857142857142857,0.020203050891044214,0.009035079029052512,0.0034900491867787993,0.05365280795607834,5
bbb,robust,0.08,0.25,0.08,one_minus_confidence,adv,0.8,5,selective_risk,0.03,0.027386127875258303,0.01224744871391589,-0.003998917629830505,0.06399891762983051,5
bbb,robust,0.08,0.25,0.08,one_minus_confidence,adv,0.9,5,selective_risk,0.06666666666666667,0.015713484026367724,0.0070272836892630655,0.047158927145272395,0.08617440618806094,5
bbb,robust,0.08,0.25,0.08,one_minus_confidence,adv,1.0,5,selective_risk,0.092,0.02280350850198276,0.01019803902718557,0.06369024366053286,0.12030975633946714,5
bbb,robust,0.08,0.25,0.08,one_minus_confidence,clean,0.1,5,selective_risk,0.0,0.0,0.0,0.0,0.0,5
bbb,robust,0.08,0.25,0.08,one_minus_confidence,clean,0.2,5,selective_risk,0.0,0.0,0.0,0.0,0.0,5
bbb,robust,0.08,0.25,0.08,one_minus_confidence,clean,0.3,5,selective_risk,0.0,0.0,0.0,0.0,0.0,5
bbb,robust,0.08,0.25,0.08,one_minus_confidence,clean,0.4,5,selective_risk,0.0,0.0,0.0,0.0,0.0,5
bbb,robust,0.08,0.25,0.08,one_minus_confidence,clean,0.5,5,selective_risk,0.0,0.0,0.0,0.0,0.0,5
bbb,robust,0.08,0.25,0.08,one_minus_confidence,clean,0.6,5,selective_risk,0.0,0.0,0.0,0.0,0.0,5
bbb,robust,0.08,0.25,0.08,one_minus_confidence,clean,0.7,5,selective_risk,0.017142857142857144,0.01564921592871903,0.0069985421222376505,-0.0022850957884745712,0.03657081007418886,5
bbb,robust,0.08,0.25,0.08,one_minus_confidence,clean,0.8,5,selective_risk,0.04,0.03354101966249685,0.015,-0.0016399999999999956,0.08163999999999999,5
bbb,robust,0.08,0.25,0.08,one_minus_confidence,clean,0.9,5,selective_risk,0.05777777777777778,0.01987615979999813,0.008888888888888889,0.03310222222222223,0.08245333333333334,5
bbb,robust,0.08,0.25,0.08,one_minus_confidence,clean,1.0,5,selective_risk,0.092,0.02280350850198276,0.01019803902718557,0.06369024366053286,0.12030975633946714,5
bbb,robust,0.08,0.25,0.08,one_minus_confidence,delta,0.1,5,selective_risk,0.12000000000000002,0.10954451150103323,0.048989794855663564,-0.01599567051932202,0.25599567051932204,5
bbb,robust,0.08,0.25,0.08,one_minus_confidence,delta,0.2,5,selective_risk,0.06000000000000001,0.05477225575051661,0.024494897427831782,-0.00799783525966101,0.12799783525966102,5
bbb,robust,0.08,0.25,0.08,one_minus_confidence,delta,0.3,5,selective_risk,0.04,0.03651483716701107,0.01632993161855452,-0.00533189017310734,0.08533189017310734,5
bbb,robust,0.08,0.25,0.08,one_minus_confidence,delta,0.4,5,selective_risk,0.04,0.041833001326703784,0.01870828693386971,-0.011934204528422303,0.0919342045284223,5
bbb,robust,0.08,0.25,0.08,one_minus_confidence,delta,0.5,5,selective_risk,0.032,0.03346640106136302,0.014966629547095763,-0.009547363622737837,0.07354736362273784,5
bbb,robust,0.08,0.25,0.08,one_minus_confidence,delta,0.6,5,selective_risk,0.03333333333333333,0.023570226039551584,0.010540925533894597,0.0040717240512419366,0.06259494261542473,5
bbb,robust,0.08,0.25,0.08,one_minus_confidence,delta,0.7,5,selective_risk,0.02857142857142857,0.020203050891044214,0.009035079029052512,0.0034900491867787993,0.05365280795607834,5
bbb,robust,0.08,0.25,0.08,one_minus_confidence,delta,0.8,5,selective_risk,0.03,0.020916500663351892,0.009354143466934854,0.004032897735788847,0.05596710226421115,5
bbb,robust,0.08,0.25,0.08,one_minus_confidence,delta,0.9,5,selective_risk,0.06222222222222222,0.009938079899999064,0.004444444444444444,0.04988444444444445,0.07455999999999999,5
bbb,robust,0.08,0.25,0.08,one_minus_confidence,delta,1.0,5,selective_risk,0.092,0.02280350850198276,0.01019803902718557,0.06369024366053286,0.12030975633946714,5
bbb,robust,0.08,0.25,0.1,mutual_information,adv,0.1,5,selective_risk,0.0,0.0,0.0,0.0,0.0,5
bbb,robust,0.08,0.25,0.1,mutual_information,adv,0.2,5,selective_risk,0.02,0.044721359549995794,0.02,-0.035519999999999996,0.07552,5
bbb,robust,0.08,0.25,0.1,mutual_information,adv,0.3,5,selective_risk,0.05333333333333333,0.0298142396999972,0.013333333333333334,0.016319999999999994,0.09034666666666666,5
bbb,robust,0.08,0.25,0.1,mutual_information,adv,0.4,5,selective_risk,0.06000000000000001,0.041833001326703784,0.01870828693386971,0.008065795471577708,0.11193420452842232,5
bbb,robust,0.08,0.25,0.1,mutual_information,adv,0.5,5,selective_risk,0.07999999999999999,0.04,0.017888543819998316,0.030341402355684666,0.1296585976443153,5
bbb,robust,0.08,0.25,0.1,mutual_information,adv,0.6,5,selective_risk,0.08,0.01825741858350554,0.008164965809277261,0.05733405491344633,0.10266594508655368,5
bbb,robust,0.08,0.25,0.1,mutual_information,adv,0.7,5,selective_risk,0.09142857142857143,0.023904572186687872,0.010690449676496974,0.06175188312661583,0.12110525973052702,5
bbb,robust,0.08,0.25,0.1,mutual_information,adv,0.8,5,selective_risk,0.125,0.030618621784789725,0.013693063937629152,0.08698805450914149,0.1630119454908585,5
bbb,robust,0.08,0.25,0.1,mutual_information,adv,0.9,5,selective_risk,0.15111111111111114,0.03651483716701108,0.016329931618554522,0.10577922093800379,0.1964430012842185,5
bbb,robust,0.08,0.25,0.1,mutual_information,adv,1.0,5,selective_risk,0.188,0.0303315017762062,0.013564659966250534,0.15034450393368853,0.22565549606631147,5
bbb,robust,0.08,0.25,0.1,mutual_information,clean,0.1,5,selective_risk,0.08,0.10954451150103323,0.048989794855663564,-0.05599567051932204,0.21599567051932206,5
bbb,robust,0.08,0.25,0.1,mutual_information,clean,0.2,5,selective_risk,0.04,0.05477225575051661,0.024494897427831782,-0.02799783525966102,0.10799783525966103,5
bbb,robust,0.08,0.25,0.1,mutual_information,clean,0.3,5,selective_risk,0.026666666666666665,0.03651483716701107,0.01632993161855452,-0.018665223506440676,0.071998556839774,5
bbb,robust,0.08,0.25,0.1,mutual_information,clean,0.4,5,selective_risk,0.02,0.027386127875258306,0.012247448713915891,-0.01399891762983051,0.053998917629830515,5
bbb,robust,0.08,0.25,0.1,mutual_information,clean,0.5,5,selective_risk,0.04,0.0282842712474619,0.012649110640673518,0.004886068861490317,0.07511393113850968,5
bbb,robust,0.08,0.25,0.1,mutual_information,clean,0.6,5,selective_risk,0.06666666666666667,0.0,0.0,0.06666666666666667,0.06666666666666667,5
bbb,robust,0.08,0.25,0.1,mutual_information,clean,0.7,5,selective_risk,0.10285714285714284,0.038332593899996395,0.017142857142857144,0.05526857142857142,0.15044571428571427,5
bbb,robust,0.08,0.25,0.1,mutual_information,clean,0.8,5,selective_risk,0.125,0.039528470752104736,0.017677669529663684,0.07592678938565361,0.17407321061434639,5
bbb,robust,0.08,0.25,0.1,mutual_information,clean,0.9,5,selective_risk,0.13333333333333333,0.02721655269759087,0.01217161238900369,0.09954493734145908,0.16712172932520758,5
bbb,robust,0.08,0.25,0.1,mutual_information,clean,1.0,5,selective_risk,0.188,0.0303315017762062,0.013564659966250534,0.15034450393368853,0.22565549606631147,5
bbb,robust,0.08,0.25,0.1,mutual_information,delta,0.1,5,selective_risk,0.2,0.14142135623730953,0.0632455532033676,0.024430344307451585,0.3755696556925484,5
bbb,robust,0.08,0.25,0.1,mutual_information,delta,0.2,5,selective_risk,0.1,0.07071067811865477,0.0316227766016838,0.012215172153725792,0.1877848278462742,5
bbb,robust,0.08,0.25,0.1,mutual_information,delta,0.3,5,selective_risk,0.08,0.0557773351022717,0.024944382578492942,0.010754393962103606,0.14924560603789638,5
bbb,robust,0.08,0.25,0.1,mutual_information,delta,0.4,5,selective_risk,0.08,0.044721359549995794,0.02,0.024480000000000002,0.13552,5
bbb,robust,0.08,0.25,0.1,mutual_information,delta,0.5,5,selective_risk,0.088,0.03346640106136302,0.014966629547095763,0.04645263637726216,0.12954736362273783,5
bbb,robust,0.08,0.25,0.1,mutual_information,delta,0.6,5,selective_risk,0.08,0.01825741858350554,0.008164965809277261,0.05733405491344633,0.10266594508655368,5
bbb,robust,0.08,0.25,0.1,mutual_information,delta,0.7,5,selective_risk,0.10285714285714287,0.01564921592871903,0.0069985421222376505,0.08342918992581115,0.12228509578847459,5
bbb,robust,0.08,0.25,0.1,mutual_information,delta,0.8,5,selective_risk,0.125,0.030618621784789725,0.013693063937629152,0.08698805450914149,0.1630119454908585,5
bbb,robust,0.08,0.25,0.1,mutual_information,delta,0.9,5,selective_risk,0.15111111111111114,0.03651483716701108,0.016329931618554522,0.10577922093800379,0.1964430012842185,5
bbb,robust,0.08,0.25,0.1,mutual_information,delta,1.0,5,selective_risk,0.188,0.0303315017762062,0.013564659966250534,0.15034450393368853,0.22565549606631147,5
bbb,robust,0.08,0.25,0.1,one_minus_confidence,adv,0.1,5,selective_risk,0.04,0.08944271909999159,0.04,-0.07103999999999999,0.15104,5
bbb,robust,0.08,0.25,0.1,one_minus_confidence,adv,0.2,5,selective_risk,0.06000000000000001,0.05477225575051661,0.024494897427831782,-0.00799783525966101,0.12799783525966102,5
bbb,robust,0.08,0.25,0.1,one_minus_confidence,adv,0.3,5,selective_risk,0.06666666666666667,0.04714045207910317,0.021081851067789193,0.008143448102483873,0.12518988523084945,5
bbb,robust,0.08,0.25,0.1,one_minus_confidence,adv,0.4,5,selective_risk,0.06999999999999999,0.044721359549995794,0.02,0.014479999999999993,0.12552,5
bbb,robust,0.08,0.25,0.1,one_minus_confidence,adv,0.5,5,selective_risk,0.064,0.021908902300206645,0.009797958971132711,0.0368008658961356,0.0911991341038644,5
bbb,robust,0.08,0.25,0.1,one_minus_confidence,adv,0.6,5,selective_risk,0.07333333333333333,0.02788866755113585,0.012472191289246471,0.038710530314385136,0.10795613635228153,5
bbb,robust,0.08,0.25,0.1,one_minus_confidence,adv,0.7,5,selective_risk,0.09714285714285714,0.01564921592871903,0.0069985421222376505,0.07771490421152542,0.11657081007418886,5
bbb,robust,0.08,0.25,0.1,one_minus_confidence,adv,0.8,5,selective_risk,0.10999999999999999,0.028504385627478448,0.01274754878398196,0.07461280457566608,0.1453871954243339,5
bbb,robust,0.08,0.25,0.1,one_minus_confidence,adv,0.9,5,selective_risk,0.14666666666666667,0.019876159799998135,0.00888888888888889,0.1219911111111111,0.17134222222222223,5
bbb,robust,0.08,0.25,0.1,one_minus_confidence,adv,1.0,5,selective_risk,0.188,0.0303315017762062,0.013564659966250534,0.15034450393368853,0.22565549606631147,5
bbb,robust,0.08,0.25,0.1,one_minus_confidence,clean,0.1,5,selective_risk,0.0,0.0,0.0,0.0,0.0,5
bbb,robust,0.08,0.25,0.1,one_minus_confidence,clean,0.2,5,selective_risk,0.02,0.044721359549995794,0.02,-0.035519999999999996,0.07552,5
bbb,robust,0.08,0.25,0.1,one_minus_confidence,clean,0.3,5,selective_risk,0.013333333333333332,0.02981423969999719,0.01333333333333333,-0.02367999999999999,0.05034666666666665,5
bbb,robust,0.08,0.25,0.1,one_minus_confidence,clean,0.4,5,selective_risk,0.04,0.022360679774997897,0.01,0.012240000000000001,0.06776,5
bbb,robust,0.08,0.25,0.1,one_minus_confidence,clean,0.5,5,selective_risk,0.048,0.01788854381999832,0.008,0.025792000000000002,0.07020799999999999,5
bbb,robust,0.08,0.25,0.1,one_minus_confidence,clean,0.6,5,selective_risk,0.06666666666666667,0.0,0.0,0.06666666666666667,0.06666666666666667,5
bbb,robust,0.08,0.25,0.1,one_minus_confidence,clean,0.7,5,selective_risk,0.10857142857142858,0.02390457218668787,0.010690449676496972,0.07889474026947299,0.13824811687338417,5
bbb,robust,0.08,0.25,0.1,one_minus_confidence,clean,0.8,5,selective_risk,0.13999999999999999,0.04183300132670378,0.018708286933869705,0.0880657954715777,0.19193420452842228,5
bbb,robust,0.08,0.25,0.1,one_minus_confidence,clean,0.9,5,selective_risk,0.16,0.01859244503409057,0.00831479419283098,0.13691813132070121,0.1830818686792988,5
bbb,robust,0.08,0.25,0.1,one_minus_confidence,clean,1.0,5,selective_risk,0.188,0.0303315017762062,0.013564659966250534,0.15034450393368853,0.22565549606631147,5
bbb,robust,0.08,0.25,0.1,one_minus_confidence,delta,0.1,5,selective_risk,0.24,0.16733200530681513,0.07483314773547883,0.03226318188631078,0.4477368181136892,5
bbb,robust,0.08,0.25,0.1,one_minus_confidence,delta,0.2,5,selective_risk,0.12,0.08366600265340757,0.03741657386773942,0.01613159094315539,0.2238684090568446,5
bbb,robust,0.08,0.25,0.1,one_minus_confidence,delta,0.3,5,selective_risk,0.08,0.0557773351022717,0.024944382578492942,0.010754393962103606,0.14924560603789638,5
bbb,robust,0.08,0.25,0.1,one_minus_confidence,delta,0.4,5,selective_risk,0.08,0.044721359549995794,0.02,0.024480000000000002,0.13552,5
bbb,robust,0.08,0.25,0.1,one_minus_confidence,delta,0.5,5,selective_risk,0.07200000000000001,0.017888543819998316,0.007999999999999998,0.04979200000000002,0.094208,5
bbb,robust,0.08,0.25,0.1,one_minus_confidence,delta,0.6,5,selective_risk,0.08,0.01825741858350554,0.008164965809277261,0.05733405491344633,0.10266594508655368,5
bbb,robust,0.08,0.25,0.1,one_minus_confidence,delta,0.7,5,selective_risk,0.09142857142857144,0.012777531299998797,0.005714285714285713,0.0755657142857143,0.10729142857142858,5
bbb,robust,0.08,0.25,0.1,one_minus_confidence,delta,0.8,5,selective_risk,0.10999999999999999,0.028504385627478448,0.01274754878398196,0.07461280457566608,0.1453871954243339,5
bbb,robust,0.08,0.25,0.1,one_minus_confidence,delta,0.9,5,selective_risk,0.14666666666666667,0.019876159799998135,0.00888888888888889,0.1219911111111111,0.17134222222222223,5
bbb,robust,0.08,0.25,0.1,one_minus_confidence,delta,1.0,5,selective_risk,0.188,0.0303315017762062,0.013564659966250534,0.15034450393368853,0.22565549606631147,5
bbb,robust,0.08,0.25,0.15,mutual_information,adv,0.1,5,selective_risk,0.4,0.1414213562373095,0.06324555320336758,0.22443034430745162,0.5755696556925485,5
bbb,robust,0.08,0.25,0.15,mutual_information,adv,0.2,5,selective_risk,0.4,0.15811388300841897,0.07071067811865475,0.20370715754261445,0.5962928424573856,5
bbb,robust,0.08,0.25,0.15,mutual_information,adv,0.3,5,selective_risk,0.4133333333333334,0.10954451150103323,0.048989794855663564,0.27733766281401134,0.5493290038526555,5
bbb,robust,0.08,0.25,0.15,mutual_information,adv,0.4,5,selective_risk,0.4699999999999999,0.07582875444051553,0.03391164991562635,0.3758612598342212,0.5641387401657787,5
bbb,robust,0.08,0.25,0.15,mutual_information,adv,0.5,5,selective_risk,0.488,0.052153619241621194,0.0233238075793812,0.4232531101596378,0.5527468898403622,5
bbb,robust,0.08,0.25,0.15,mutual_information,adv,0.6,5,selective_risk,0.5133333333333333,0.038005847503304595,0.016996731711975948,0.4661504061008881,0.5605162605657785,5
bbb,robust,0.08,0.25,0.15,mutual_information,adv,0.7,5,selective_risk,0.5314285714285714,0.025555062599997607,0.011428571428571432,0.49970285714285706,0.5631542857142856,5
bbb,robust,0.08,0.25,0.15,mutual_information,adv,0.8,5,selective_risk,0.53,0.04107919181288747,0.01837117307087384,0.4790016235552543,0.5809983764447458,5
bbb,robust,0.08,0.25,0.15,mutual_information,adv,0.9,5,selective_risk,0.5599999999999999,0.024343224778007357,0.010886621079036336,0.5297787398845951,0.5902212601154048,5
bbb,robust,0.08,0.25,0.15,mutual_information,adv,1.0,5,selective_risk,0.556,0.03847076812334267,0.017204650534085243,0.5082398901173795,0.6037601098826206,5
bbb,robust,0.08,0.25,0.15,mutual_information,clean,0.1,5,selective_risk,0.76,0.21908902300206642,0.09797958971132711,0.488008658961356,1.031991341038644,5
bbb,robust,0.08,0.25,0.15,mutual_information,clean,0.2,5,selective_risk,0.68,0.08366600265340758,0.037416573867739424,0.5761315909431555,0.7838684090568446,5
bbb,robust,0.08,0.25,0.15,mutual_information,clean,0.3,5,selective_risk,0.5466666666666666,0.05577733510227169,0.024944382578492935,0.47742106062877027,0.6159122727045631,5
bbb,robust,0.08,0.25,0.15,mutual_information,clean,0.4,5,selective_risk,0.52,0.02738612787525833,0.012247448713915901,0.4860010823701695,0.5539989176298306,5
bbb,robust,0.08,0.25,0.15,mutual_information,clean,0.5,5,selective_risk,0.552,0.0438178046004133,0.019595917942265426,0.49760173179227124,0.6063982682077289,5
bbb,robust,0.08,0.25,0.15,mutual_information,clean,0.6,5,selective_risk,0.5599999999999999,0.0829993306532582,0.03711842908553347,0.45695924085855905,0.6630407591414409,5
bbb,robust,0.08,0.25,0.15,mutual_information,clean,0.7,5,selective_risk,0.5599999999999999,0.06259686371487613,0.02799416848895061,0.48228818827467307,0.6377118117253269,5
bbb,robust,0.08,0.25,0.15,mutual_information,clean,0.8,5,selective_risk,0.545,0.04107919181288744,0.018371173070873825,0.4940016235552543,0.5959983764447457,5
bbb,robust,0.08,0.25,0.15,mutual_information,clean,0.9,5,selective_risk,0.5199999999999999,0.05115939748098373,0.02287917809108222,0.4564874016191557,0.5835125983808441,5
bbb,robust,0.08,0.25,0.15,mutual_information,clean,1.0,5,selective_risk,0.556,0.03847076812334267,0.017204650534085243,0.5082398901173795,0.6037601098826206,5
bbb,robust,0.08,0.25,0.15,mutual_information,delta,0.1,5,selective_risk,0.56,0.21908902300206645,0.09797958971132713,0.28800865896135597,0.8319913410386441,5
bbb,robust,0.08,0.25,0.15,mutual_information,delta,0.2,5,selective_risk,0.4,0.1414213562373095,0.06324555320336758,0.22443034430745162,0.5755696556925485,5
bbb,robust,0.08,0.25,0.15,mutual_information,delta,0.3,5,selective_risk,0.42666666666666664,0.10110500592068734,0.04521553322083512,0.3011483464456284,0.5521849868877049,5
bbb,robust,0.08,0.25,0.15,mutual_information,delta,0.4,5,selective_risk,0.4800000000000001,0.07582875444051553,0.03391164991562635,0.38586125983422137,0.5741387401657788,5
bbb,robust,0.08,0.25,0.15,mutual_information,delta,0.5,5,selective_risk,0.48,0.0565685424949238,0.025298221281347035,0.4097721377229806,0.5502278622770194,5
bbb,robust,0.08,0.25,0.15,mutual_information,delta,0.6,5,selective_risk,0.5133333333333333,0.038005847503304595,0.016996731711975948,0.4661504061008881,0.5605162605657785,5
bbb,robust,0.08,0.25,0.15,mutual_information,delta,0.7,5,selective_risk,0.5314285714285714,0.025555062599997607,0.011428571428571432,0.49970285714285706,0.5631542857142856,5
bbb,robust,0.08,0.25,0.15,mutual_information,delta,0.8,5,selective_risk,0.53,0.04107919181288747,0.01837117307087384,0.4790016235552543,0.5809983764447458,5
bbb,robust,0.08,0.25,0.15,mutual_information,delta,0.9,5,selective_risk,0.5599999999999999,0.024343224778007357,0.010886621079036336,0.5297787398845951,0.5902212601154048,5
bbb,robust,0.08,0.25,0.15,mutual_information,delta,1.0,5,selective_risk,0.556,0.03847076812334267,0.017204650534085243,0.5082398901173795,0.6037601098826206,5
bbb,robust,0.08,0.25,0.15,one_minus_confidence,adv,0.1,5,selective_risk,0.48,0.22803508501982758,0.10198039027185568,0.19690243660532863,0.7630975633946713,5
bbb,robust,0.08,0.25,0.15,one_minus_confidence,adv,0.2,5,selective_risk,0.4,0.18708286933869706,0.08366600265340754,0.1677431766341407,0.6322568233658593,5
bbb,robust,0.08,0.25,0.15,one_minus_confidence,adv,0.3,5,selective_risk,0.3733333333333333,0.0894427190999916,0.04000000000000001,0.26229333333333327,0.4843733333333333,5
bbb,robust,0.08,0.25,0.15,one_minus_confidence,adv,0.4,5,selective_risk,0.42000000000000004,0.07582875444051551,0.03391164991562634,0.3258612598342213,0.5141387401657788,5
bbb,robust,0.08,0.25,0.15,one_minus_confidence,adv,0.5,5,selective_risk,0.46399999999999997,0.045607017003965515,0.020396078054371138,0.4073804873210657,0.5206195126789342,5
bbb,robust,0.08,0.25,0.15,one_minus_confidence,adv,0.6,5,selective_risk,0.4866666666666667,0.03800584750330459,0.016996731711975945,0.4394837394342215,0.5338495938991119,5
bbb,robust,0.08,0.25,0.15,one_minus_confidence,adv,0.7,5,selective_risk,0.49142857142857144,0.023904572186687855,0.010690449676496967,0.46175188312661586,0.521105259730527,5
bbb,robust,0.08,0.25,0.15,one_minus_confidence,adv,0.8,5,selective_risk,0.51,0.028504385627478476,0.012747548783981972,0.47461280457566607,0.545387195424334,5
bbb,robust,0.08,0.25,0.15,one_minus_confidence,adv,0.9,5,selective_risk,0.5333333333333334,0.03142696805273547,0.01405456737852614,0.49431785429054487,0.572348812376122,5
bbb,robust,0.08,0.25,0.15,one_minus_confidence,adv,1.0,5,selective_risk,0.556,0.03847076812334267,0.017204650534085243,0.5082398901173795,0.6037601098826206,5
bbb,robust,0.08,0.25,0.15,one_minus_confidence,clean,0.1,5,selective_risk,0.32,0.10954451150103323,0.048989794855663564,0.18400432948067796,0.45599567051932205,5
bbb,robust,0.08,0.25,0.15,one_minus_confidence,clean,0.2,5,selective_risk,0.48,0.08366600265340754,0.0374165738677394,0.3761315909431554,0.5838684090568446,5
bbb,robust,0.08,0.25,0.15,one_minus_confidence,clean,0.3,5,selective_risk,0.48,0.0869226987360353,0.038873012632301994,0.37208851693272965,0.5879114830672703,5
bbb,robust,0.08,0.25,0.15,one_minus_confidence,clean,0.4,5,selective_risk,0.5200000000000001,0.057008771254956896,0.02549509756796392,0.4492256091513323,0.590774390848668,5
bbb,robust,0.08,0.25,0.15,one_minus_confidence,clean,0.5,5,selective_risk,0.552,0.06572670690061992,0.02939387691339813,0.47040259768840686,0.6335974023115932,5
bbb,robust,0.08,0.25,0.15,one_minus_confidence,clean,0.6,5,selective_risk,0.5533333333333333,0.07673909622147557,0.034318767136623324,0.458064435762067,0.6486022309045997,5
bbb,robust,0.08,0.25,0.15,one_minus_confidence,clean,0.7,5,selective_risk,0.5714285714285714,0.07559289460184546,0.033806170189140665,0.47758264298351694,0.6652744998736259,5
bbb,robust,0.08,0.25,0.15,one_minus_confidence,clean,0.8,5,selective_risk,0.565,0.04541475531146236,0.020310096011589892,0.5086191734718264,0.6213808265281735,5
bbb,robust,0.08,0.25,0.15,one_minus_confidence,clean,0.9,5,selective_risk,0.5511111111111111,0.05067446333773947,0.02266230894930127,0.4882005414678508,0.6140216807543715,5
bbb,robust,0.08,0.25,0.15,one_minus_confidence,clean,1.0,5,selective_risk,0.556,0.03847076812334267,0.017204650534085243,0.5082398901173795,0.6037601098826206,5
bbb,robust,0.08,0.25,0.15,one_minus_confidence,delta,0.1,5,selective_risk,0.56,0.1673320053068151,0.07483314773547882,0.3522631818863109,0.7677368181136892,5
bbb,robust,0.08,0.25,0.15,one_minus_confidence,delta,0.2,5,selective_risk,0.4,0.18708286933869706,0.08366600265340754,0.1677431766341407,0.6322568233658593,5
bbb,robust,0.08,0.25,0.15,one_minus_confidence,delta,0.3,5,selective_risk,0.3733333333333333,0.0894427190999916,0.04000000000000001,0.26229333333333327,0.4843733333333333,5
bbb,robust,0.08,0.25,0.15,one_minus_confidence,delta,0.4,5,selective_risk,0.42000000000000004,0.07582875444051551,0.03391164991562634,0.3258612598342213,0.5141387401657788,5
bbb,robust,0.08,0.25,0.15,one_minus_confidence,delta,0.5,5,selective_risk,0.46399999999999997,0.045607017003965515,0.020396078054371138,0.4073804873210657,0.5206195126789342,5
bbb,robust,0.08,0.25,0.15,one_minus_confidence,delta,0.6,5,selective_risk,0.4866666666666667,0.03800584750330459,0.016996731711975945,0.4394837394342215,0.5338495938991119,5
bbb,robust,0.08,0.25,0.15,one_minus_confidence,delta,0.7,5,selective_risk,0.49142857142857144,0.023904572186687855,0.010690449676496967,0.46175188312661586,0.521105259730527,5
bbb,robust,0.08,0.25,0.15,one_minus_confidence,delta,0.8,5,selective_risk,0.505,0.02091650066335191,0.009354143466934863,0.47903289773578883,0.5309671022642112,5
bbb,robust,0.08,0.25,0.15,one_minus_confidence,delta,0.9,5,selective_risk,0.5333333333333334,0.03142696805273547,0.01405456737852614,0.49431785429054487,0.572348812376122,5
bbb,robust,0.08,0.25,0.15,one_minus_confidence,delta,1.0,5,selective_risk,0.556,0.03847076812334267,0.017204650534085243,0.5082398901173795,0.6037601098826206,5
bbb,standard,,,0.01,mutual_information,adv,0.1,5,selective_risk,0.0,0.0,0.0,0.0,0.0,5
bbb,standard,,,0.01,mutual_information,adv,0.2,5,selective_risk,0.0,0.0,0.0,0.0,0.0,5
bbb,standard,,,0.01,mutual_information,adv,0.3,5,selective_risk,0.0,0.0,0.0,0.0,0.0,5
bbb,standard,,,0.01,mutual_information,adv,0.4,5,selective_risk,0.0,0.0,0.0,0.0,0.0,5
bbb,standard,,,0.01,mutual_information,adv,0.5,5,selective_risk,0.0,0.0,0.0,0.0,0.0,5
bbb,standard,,,0.01,mutual_information,adv,0.6,5,selective_risk,0.0,0.0,0.0,0.0,0.0,5
bbb,standard,,,0.01,mutual_information,adv,0.7,5,selective_risk,0.0,0.0,0.0,0.0,0.0,5
bbb,standard,,,0.01,mutual_information,adv,0.8,5,selective_risk,0.0,0.0,0.0,0.0,0.0,5
bbb,standard,,,0.01,mutual_information,adv,0.9,5,selective_risk,0.0,0.0,0.0,0.0,0.0,5
bbb,standard,,,0.01,mutual_information,adv,1.0,5,selective_risk,0.0,0.0,0.0,0.0,0.0,5
bbb,standard,,,0.01,mutual_information,clean,0.1,5,selective_risk,0.0,0.0,0.0,0.0,0.0,5
bbb,standard,,,0.01,mutual_information,clean,0.2,5,selective_risk,0.0,0.0,0.0,0.0,0.0,5
bbb,standard,,,0.01,mutual_information,clean,0.3,5,selective_risk,0.0,0.0,0.0,0.0,0.0,5
bbb,standard,,,0.01,mutual_information,clean,0.4,5,selective_risk,0.0,0.0,0.0,0.0,0.0,5
bbb,standard,,,0.01,mutual_information,clean,0.5,5,selective_risk,0.0,0.0,0.0,0.0,0.0,5
bbb,standard,,,0.01,mutual_information,clean,0.6,5,selective_risk,0.0,0.0,0.0,0.0,0.0,5
bbb,standard,,,0.01,mutual_information,clean,0.7,5,selective_risk,0.0,0.0,0.0,0.0,0.0,5
bbb,standard,,,0.01,mutual_information,clean,0.8,5,selective_risk,0.0,0.0,0.0,0.0,0.0,5
bbb,standard,,,0.01,mutual_information,clean,0.9,5,selective_risk,0.0,0.0,0.0,0.0,0.0,5
bbb,standard,,,0.01,mutual_information,clean,1.0,5,selective_risk,0.0,0.0,0.0,0.0,0.0,5
bbb,standard,,,0.01,mutual_information,delta,0.1,5,selective_risk,0.0,0.0,0.0,0.0,0.0,5
bbb,standard,,,0.01,mutual_information,delta,0.2,5,selective_risk,0.0,0.0,0.0,0.0,0.0,5
bbb,standard,,,0.01,mutual_information,delta,0.3,5,selective_risk,0.0,0.0,0.0,0.0,0.0,5
bbb,standard,,,0.01,mutual_information,delta,0.4,5,selective_risk,0.0,0.0,0.0,0.0,0.0,5
bbb,standard,,,0.01,mutual_information,delta,0.5,5,selective_risk,0.0,0.0,0.0,0.0,0.0,5
bbb,standard,,,0.01,mutual_information,delta,0.6,5,selective_risk,0.0,0.0,0.0,0.0,0.0,5
bbb,standard,,,0.01,mutual_information,delta,0.7,5,selective_risk,0.0,0.0,0.0,0.0,0.0,5
bbb,standard,,,0.01,mutual_information,delta,0.8,5,selective_risk,0.0,0.0,0.0,0.0,0.0,5
bbb,standard,,,0.01,mutual_information,delta,0.9,5,selective_risk,0.0,0.0,0.0,0.0,0.0,5
bbb,standard,,,0.01,mutual_information,delta,1.0,5,selective_risk,0.0,0.0,0.0,0.0,0.0,5
bbb,standard,,,0.01,one_minus_confidence,adv,0.1,5,selective_risk,0.0,0.0,0.0,0.0,0.0,5
bbb,standard,,,0.01,one_minus_confidence,adv,0.2,5,selective_risk,0.0,0.0,0.0,0.0,0.0,5
bbb,standard,,,0.01,one_minus_confidence,adv,0.3,5,selective_risk,0.0,0.0,0.0,0.0,0.0,5
bbb,standard,,,0.01,one_minus_confidence,adv,0.4,5,selective_risk,0.0,0.0,0.0,0.0,0.0,5
bbb,standard,,,0.01,one_minus_confidence,adv,0.5,5,selective_risk,0.0,0.0,0.0,0.0,0.0,5
bbb,standard,,,0.01,one_minus_confidence,adv,0.6,5,selective_risk,0.0,0.0,0.0,0.0,0.0,5
bbb,standard,,,0.01,one_minus_confidence,adv,0.7,5,selective_risk,0.0,0.0,0.0,0.0,0.0,5
bbb,standard,,,0.01,one_minus_confidence,adv,0.8,5,selective_risk,0.0,0.0,0.0,0.0,0.0,5
bbb,standard,,,0.01,one_minus_confidence,adv,0.9,5,selective_risk,0.0,0.0,0.0,0.0,0.0,5
bbb,standard,,,0.01,one_minus_confidence,adv,1.0,5,selective_risk,0.0,0.0,0.0,0.0,0.0,5
bbb,standard,,,0.01,one_minus_confidence,clean,0.1,5,selective_risk,0.0,0.0,0.0,0.0,0.0,5
bbb,standard,,,0.01,one_minus_confidence,clean,0.2,5,selective_risk,0.0,0.0,0.0,0.0,0.0,5
bbb,standard,,,0.01,one_minus_confidence,clean,0.3,5,selective_risk,0.0,0.0,0.0,0.0,0.0,5
bbb,standard,,,0.01,one_minus_confidence,clean,0.4,5,selective_risk,0.0,0.0,0.0,0.0,0.0,5
bbb,standard,,,0.01,one_minus_confidence,clean,0.5,5,selective_risk,0.0,0.0,0.0,0.0,0.0,5
bbb,standard,,,0.01,one_minus_confidence,clean,0.6,5,selective_risk,0.0,0.0,0.0,0.0,0.0,5
bbb,standard,,,0.01,one_minus_confidence,clean,0.7,5,selective_risk,0.0,0.0,0.0,0.0,0.0,5
bbb,standard,,,0.01,one_minus_confidence,clean,0.8,5,selective_risk,0.0,0.0,0.0,0.0,0.0,5
bbb,standard,,,0.01,one_minus_confidence,clean,0.9,5,selective_risk,0.0,0.0,0.0,0.0,0.0,5
bbb,standard,,,0.01,one_minus_confidence,clean,1.0,5,selective_risk,0.0,0.0,0.0,0.0,0.0,5
bbb,standard,,,0.01,one_minus_confidence,delta,0.1,5,selective_risk,0.0,0.0,0.0,0.0,0.0,5
bbb,standard,,,0.01,one_minus_confidence,delta,0.2,5,selective_risk,0.0,0.0,0.0,0.0,0.0,5
bbb,standard,,,0.01,one_minus_confidence,delta,0.3,5,selective_risk,0.0,0.0,0.0,0.0,0.0,5
bbb,standard,,,0.01,one_minus_confidence,delta,0.4,5,selective_risk,0.0,0.0,0.0,0.0,0.0,5
bbb,standard,,,0.01,one_minus_confidence,delta,0.5,5,selective_risk,0.0,0.0,0.0,0.0,0.0,5
bbb,standard,,,0.01,one_minus_confidence,delta,0.6,5,selective_risk,0.0,0.0,0.0,0.0,0.0,5
bbb,standard,,,0.01,one_minus_confidence,delta,0.7,5,selective_risk,0.0,0.0,0.0,0.0,0.0,5
bbb,standard,,,0.01,one_minus_confidence,delta,0.8,5,selective_risk,0.0,0.0,0.0,0.0,0.0,5
bbb,standard,,,0.01,one_minus_confidence,delta,0.9,5,selective_risk,0.0,0.0,0.0,0.0,0.0,5
bbb,standard,,,0.01,one_minus_confidence,delta,1.0,5,selective_risk,0.0,0.0,0.0,0.0,0.0,5
bbb,standard,,,0.03,mutual_information,adv,0.1,5,selective_risk,0.0,0.0,0.0,0.0,0.0,5
bbb,standard,,,0.03,mutual_information,adv,0.2,5,selective_risk,0.0,0.0,0.0,0.0,0.0,5
bbb,standard,,,0.03,mutual_information,adv,0.3,5,selective_risk,0.0,0.0,0.0,0.0,0.0,5
bbb,standard,,,0.03,mutual_information,adv,0.4,5,selective_risk,0.0,0.0,0.0,0.0,0.0,5
bbb,standard,,,0.03,mutual_information,adv,0.5,5,selective_risk,0.0,0.0,0.0,0.0,0.0,5
bbb,standard,,,0.03,mutual_information,adv,0.6,5,selective_risk,0.0,0.0,0.0,0.0,0.0,5
bbb,standard,,,0.03,mutual_information,adv,0.7,5,selective_risk,0.0,0.0,0.0,0.0,0.0,5
bbb,standard,,,0.03,mutual_information,adv,0.8,5,selective_risk,0.0,0.0,0.0,0.0,0.0,5
bbb,standard,,,0.03,mutual_information,adv,0.9,5,selective_risk,0.0,0.0,0.0,0.0,0.0,5
bbb,standard,,,0.03,mutual_information,adv,1.0,5,selective_risk,0.024,0.00894427190999916,0.004,0.012896000000000001,0.035103999999999996,5
bbb,standard,,,0.03,mutual_information,clean,0.1,5,selective_risk,0.0,0.0,0.0,0.0,0.0,5
bbb,standard,,,0.03,mutual_information,clean,0.2,5,selective_risk,0.0,0.0,0.0,0.0,0.0,5
bbb,standard,,,0.03,mutual_information,clean,0.3,5,selective_risk,0.0,0.0,0.0,0.0,0.0,5
bbb,standard,,,0.03,mutual_information,clean,0.4,5,selective_risk,0.0,0.0,0.0,0.0,0.0,5
bbb,standard,,,0.03,mutual_information,clean,0.5,5,selective_risk,0.0,0.0,0.0,0.0,0.0,5
bbb,standard,,,0.03,mutual_information,clean,0.6,5,selective_risk,0.0,0.0,0.0,0.0,0.0,5
bbb,standard,,,0.03,mutual_information,clean,0.7,5,selective_risk,0.0,0.0,0.0,0.0,0.0,5
bbb,standard,,,0.03,mutual_information,clean,0.8,5,selective_risk,0.0,0.0,0.0,0.0,0.0,5
bbb,standard,,,0.03,mutual_information,clean,0.9,5,selective_risk,0.0,0.0,0.0,0.0,0.0,5
bbb,standard,,,0.03,mutual_information,clean,1.0,5,selective_risk,0.024,0.00894427190999916,0.004,0.012896000000000001,0.035103999999999996,5
bbb,standard,,,0.03,mutual_information,delta,0.1,5,selective_risk,0.0,0.0,0.0,0.0,0.0,5
bbb,standard,,,0.03,mutual_information,delta,0.2,5,selective_risk,0.0,0.0,0.0,0.0,0.0,5
bbb,standard,,,0.03,mutual_information,delta,0.3,5,selective_risk,0.0,0.0,0.0,0.0,0.0,5
bbb,standard,,,0.03,mutual_information,delta,0.4,5,selective_risk,0.0,0.0,0.0,0.0,0.0,5
bbb,standard,,,0.03,mutual_information,delta,0.5,5,selective_risk,0.0,0.0,0.0,0.0,0.0,5
bbb,standard,,,0.03,mutual_information,delta,0.6,5,selective_risk,0.0,0.0,0.0,0.0,0.0,5
bbb,standard,,,0.03,mutual_information,delta,0.7,5,selective_risk,0.0,0.0,0.0,0.0,0.0,5
bbb,standard,,,0.03,mutual_information,delta,0.8,5,selective_risk,0.005,0.011180339887498949,0.005,-0.008879999999999999,0.01888,5
bbb,standard,,,0.03,mutual_information,delta,0.9,5,selective_risk,0.013333333333333332,0.012171612389003692,0.005443310539518174,-0.001777296724369118,0.028443963391035783,5
bbb,standard,,,0.03,mutual_information,delta,1.0,5,selective_risk,0.024,0.00894427190999916,0.004,0.012896000000000001,0.035103999999999996,5
bbb,standard,,,0.03,one_minus_confidence,adv,0.1,5,selective_risk,0.0,0.0,0.0,0.0,0.0,5
bbb,standard,,,0.03,one_minus_confidence,adv,0.2,5,selective_risk,0.0,0.0,0.0,0.0,0.0,5
bbb,standard,,,0.03,one_minus_confidence,adv,0.3,5,selective_risk,0.0,0.0,0.0,0.0,0.0,5
bbb,standard,,,0.03,one_minus_confidence,adv,0.4,5,selective_risk,0.0,0.0,0.0,0.0,0.0,5
bbb,standard,,,0.03,one_minus_confidence,adv,0.5,5,selective_risk,0.0,0.0,0.0,0.0,0.0,5
bbb,standard,,,0.03,one_minus_confidence,adv,0.6,5,selective_risk,0.0,0.0,0.0,0.0,0.0,5
bbb,standard,,,0.03,one_minus_confidence,adv,0.7,5,selective_risk,0.0,0.0,0.0,0.0,0.0,5
bbb,standard,,,0.03,one_minus_confidence,adv,0.8,5,selective_risk,0.0,0.0,0.0,0.0,0.0,5
bbb,standard,,,0.03,one_minus_confidence,adv,0.9,5,selective_risk,0.0,0.0,0.0,0.0,0.0,5
bbb,standard,,,0.03,one_minus_confidence,adv,1.0,5,selective_risk,0.024,0.00894427190999916,0.004,0.012896000000000001,0.035103999999999996,5
bbb,standard,,,0.03,one_minus_confidence,clean,0.1,5,selective_risk,0.0,0.0,0.0,0.0,0.0,5
bbb,standard,,,0.03,one_minus_confidence,clean,0.2,5,selective_risk,0.0,0.0,0.0,0.0,0.0,5
bbb,standard,,,0.03,one_minus_confidence,clean,0.3,5,selective_risk,0.0,0.0,0.0,0.0,0.0,5
bbb,standard,,,0.03,one_minus_confidence,clean,0.4,5,selective_risk,0.0,0.0,0.0,0.0,0.0,5
bbb,standard,,,0.03,one_minus_confidence,clean,0.5,5,selective_risk,0.0,0.0,0.0,0.0,0.0,5
bbb,standard,,,0.03,one_minus_confidence,clean,0.6,5,selective_risk,0.0,0.0,0.0,0.0,0.0,5
bbb,standard,,,0.03,one_minus_confidence,clean,0.7,5,selective_risk,0.0,0.0,0.0,0.0,0.0,5
bbb,standard,,,0.03,one_minus_confidence,clean,0.8,5,selective_risk,0.0,0.0,0.0,0.0,0.0,5
bbb,standard,,,0.03,one_minus_confidence,clean,0.9,5,selective_risk,0.0,0.0,0.0,0.0,0.0,5
bbb,standard,,,0.03,one_minus_confidence,clean,1.0,5,selective_risk,0.024,0.00894427190999916,0.004,0.012896000000000001,0.035103999999999996,5
bbb,standard,,,0.03,one_minus_confidence,delta,0.1,5,selective_risk,0.04,0.08944271909999159,0.04,-0.07103999999999999,0.15104,5
bbb,standard,,,0.03,one_minus_confidence,delta,0.2,5,selective_risk,0.02,0.044721359549995794,0.02,-0.035519999999999996,0.07552,5
bbb,standard,,,0.03,one_minus_confidence,delta,0.3,5,selective_risk,0.013333333333333332,0.02981423969999719,0.01333333333333333,-0.02367999999999999,0.05034666666666665,5
bbb,standard,,,0.03,one_minus_confidence,delta,0.4,5,selective_risk,0.01,0.022360679774997897,0.01,-0.017759999999999998,0.03776,5
bbb,standard,,,0.03,one_minus_confidence,delta,0.5,5,selective_risk,0.008,0.01788854381999832,0.008,-0.014207999999999998,0.030208,5
bbb,standard,,,0.03,one_minus_confidence,delta,0.6,5,selective_risk,0.006666666666666666,0.014907119849998596,0.006666666666666665,-0.011839999999999995,0.025173333333333325,5
bbb,standard,,,0.03,one_minus_confidence,delta,0.7,5,selective_risk,0.005714285714285714,0.012777531299998797,0.005714285714285713,-0.010148571428571427,0.021577142857142854,5
bbb,standard,,,0.03,one_minus_confidence,delta,0.8,5,selective_risk,0.005,0.011180339887498949,0.005,-0.008879999999999999,0.01888,5
bbb,standard,,,0.03,one_minus_confidence,delta,0.9,5,selective_risk,0.008888888888888889,0.012171612389003692,0.005443310539518174,-0.0062217411688135615,0.023999518946591337,5
bbb,standard,,,0.03,one_minus_confidence,delta,1.0,5,selective_risk,0.024,0.00894427190999916,0.004,0.012896000000000001,0.035103999999999996,5
bbb,standard,,,0.05,mutual_information,adv,0.1,5,selective_risk,0.0,0.0,0.0,0.0,0.0,5
bbb,standard,,,0.05,mutual_information,adv,0.2,5,selective_risk,0.0,0.0,0.0,0.0,0.0,5
bbb,standard,,,0.05,mutual_information,adv,0.3,5,selective_risk,0.0,0.0,0.0,0.0,0.0,5
bbb,standard,,,0.05,mutual_information,adv,0.4,5,selective_risk,0.0,0.0,0.0,0.0,0.0,5
bbb,standard,,,0.05,mutual_information,adv,0.5,5,selective_risk,0.008,0.01788854381999832,0.008,-0.014207999999999998,0.030208,5
bbb,standard,,,0.05,mutual_information,adv,0.6,5,selective_risk,0.013333333333333332,0.018257418583505537,0.00816496580927726,-0.009332611753220338,0.035999278419887,5
bbb,standard,,,0.05,mutual_information,adv,0.7,5,selective_risk,0.022857142857142857,0.012777531299998797,0.005714285714285713,0.006994285714285717,0.03872,5
bbb,standard,,,0.05,mutual_information,adv,0.8,5,selective_risk,0.034999999999999996,0.013693063937629153,0.0061237243569579455,0.01800054118508474,0.05199945881491525,5
bbb,standard,,,0.05,mutual_information,adv,0.9,5,selective_risk,0.057777777777777775,0.02533723166886973,0.01133115447465063,0.02632249295614763,0.08923306259940791,5
bbb,standard,,,0.05,mutual_information,adv,1.0,5,selective_risk,0.096,0.01673320053068151,0.007483314773547882,0.07522631818863108,0.11677368181136892,5
bbb,standard,,,0.05,mutual_information,clean,0.1,5,selective_risk,0.0,0.0,0.0,0.0,0.0,5
bbb,standard,,,0.05,mutual_information,clean,0.2,5,selective_risk,0.0,0.0,0.0,0.0,0.0,5
bbb,standard,,,0.05,mutual_information,clean,0.3,5,selective_risk,0.0,0.0,0.0,0.0,0.0,5
bbb,standard,,,0.05,mutual_information,clean,0.4,5,selective_risk,0.0,0.0,0.0,0.0,0.0,5
bbb,standard,,,0.05,mutual_information,clean,0.5,5,selective_risk,0.0,0.0,0.0,0.0,0.0,5
bbb,standard,,,0.05,mutual_information,clean,0.6,5,selective_risk,0.0,0.0,0.0,0.0,0.0,5
bbb,standard,,,0.05,mutual_information,clean,0.7,5,selective_risk,0.005714285714285714,0.012777531299998797,0.005714285714285713,-0.010148571428571427,0.021577142857142854,5
bbb,standard,,,0.05,mutual_information,clean,0.8,5,selective_risk,0.01,0.013693063937629153,0.0061237243569579455,-0.006999458814915255,0.026999458814915257,5
bbb,standard,,,0.05,mutual_information,clean,0.9,5,selective_risk,0.035555555555555556,0.012171612389003692,0.005443310539518174,0.020444925497853105,0.050666185613258,5
bbb,standard,,,0.05,mutual_information,clean,1.0,5,selective_risk,0.096,0.01673320053068151,0.007483314773547882,0.07522631818863108,0.11677368181136892,5
bbb,standard,,,0.05,mutual_information,delta,0.1,5,selective_risk,0.2,0.14142135623730953,0.0632455532033676,0.024430344307451585,0.3755696556925484,5
bbb,standard,,,0.05,mutual_information,delta,0.2,5,selective_risk,0.1,0.07071067811865477,0.0316227766016838,0.012215172153725792,0.1877848278462742,5
bbb,standard,,,0.05,mutual_information,delta,0.3,5,selective_risk,0.06666666666666667,0.04714045207910317,0.021081851067789193,0.008143448102483873,0.12518988523084945,5
bbb,standard,,,0.05,mutual_information,delta,0.4,5,selective_risk,0.05,0.03535533905932738,0.0158113883008419,0.006107586076862896,0.0938924139231371,5
bbb,standard,,,0.05,mutual_information,delta,0.5,5,selective_risk,0.04,0.0282842712474619,0.012649110640673518,0.004886068861490317,0.07511393113850968,5
bbb,standard,,,0.05,mutual_information,delta,0.6,5,selective_risk,0.04,0.02788866755113585,0.012472191289246471,0.005377196981051803,0.07462280301894819,5
bbb,standard,,,0.05,mutual_information,delta,0.7,5,selective_risk,0.045714285714285714,0.01564921592871903,0.0069985421222376505,0.026286332782954,0.06514223864561743,5
bbb,standard,,,0.05,mutual_information,delta,0.8,5,selective_risk,0.05,0.017677669529663688,0.007905694150420948,0.028053793038431453,0.07194620696156856,5
bbb,standard,,,0.05,mutual_information,delta,0.9,5,selective_risk,0.07111111111111111,0.01859244503409057,0.00831479419283098,0.04802924243181231,0.09419297979040991,5
bbb,standard,,,0.05,mutual_information,delta,1.0,5,selective_risk,0.096,0.01673320053068151,0.007483314773547882,0.07522631818863108,0.11677368181136892,5
bbb,standard,,,0.05,one_minus_confidence,adv,0.1,5,selective_risk,0.0,0.0,0.0,0.0,0.0,5
bbb,standard,,,0.05,one_minus_confidence,adv,0.2,5,selective_risk,0.0,0.0,0.0,0.0,0.0,5
bbb,standard,,,0.05,one_minus_confidence,adv,0.3,5,selective_risk,0.0,0.0,0.0,0.0,0.0,5
bbb,standard,,,0.05,one_minus_confidence,adv,0.4,5,selective_risk,0.0,0.0,0.0,0.0,0.0,5
bbb,standard,,,0.05,one_minus_confidence,adv,0.5,5,selective_risk,0.008,0.01788854381999832,0.008,-0.014207999999999998,0.030208,5
bbb,standard,,,0.05,one_minus_confidence,adv,0.6,5,selective_risk,0.013333333333333332,0.018257418583505537,0.00816496580927726,-0.009332611753220338,0.035999278419887,5
bbb,standard,,,0.05,one_minus_confidence,adv,0.7,5,selective_risk,0.03428571428571429,0.012777531299998797,0.005714285714285713,0.018422857142857147,0.05014857142857143,5
bbb,standard,,,0.05,one_minus_confidence,adv,0.8,5,selective_risk,0.045,0.02091650066335189,0.009354143466934852,0.01903289773578885,0.07096710226421114,5
bbb,standard,,,0.05,one_minus_confidence,adv,0.9,5,selective_risk,0.07111111111111111,0.01859244503409057,0.00831479419283098,0.04802924243181231,0.09419297979040991,5
bbb,standard,,,0.05,one_minus_confidence,adv,1.0,5,selective_risk,0.096,0.01673320053068151,0.007483314773547882,0.07522631818863108,0.11677368181136892,5
bbb,standard,,,0.05,one_minus_confidence,clean,0.1,5,selective_risk,0.0,0.0,0.0,0.0,0.0,5
bbb,standard,,,0.05,one_minus_confidence,clean,0.2,5,selective_risk,0.0,0.0,0.0,0.0,0.0,5
bbb,standard,,,0.05,one_minus_confidence,clean,0.3,5,selective_risk,0.0,0.0,0.0,0.0,0.0,5
bbb,standard,,,0.05,one_minus_confidence,clean,0.4,5,selective_risk,0.0,0.0,0.0,0.0,0.0,5
bbb,standard,,,0.05,one_minus_confidence,clean,0.5,5,selective_risk,0.0,0.0,0.0,0.0,0.0,5
bbb,standard,,,0.05,one_minus_confidence,clean,0.6,5,selective_risk,0.0,0.0,0.0,0.0,0.0,5
bbb,standard,,,0.05,one_minus_confidence,clean,0.7,5,selective_risk,0.0,0.0,0.0,0.0,0.0,5
bbb,standard,,,0.05,one_minus_confidence,clean,0.8,5,selective_risk,0.005,0.011180339887498949,0.005,-0.008879999999999999,0.01888,5
bbb,standard,,,0.05,one_minus_confidence,clean,0.9,5,selective_risk,0.026666666666666665,0.009938079899999064,0.004444444444444444,0.014328888888888891,0.03900444444444444,5
bbb,standard,,,0.05,one_minus_confidence,clean,1.0,5,selective_risk,0.096,0.01673320053068151,0.007483314773547882,0.07522631818863108,0.11677368181136892,5
bbb,standard,,,0.05,one_minus_confidence,delta,0.1,5,selective_risk,0.16,0.08944271909999159,0.04,0.048960000000000004,0.27104,5
bbb,standard,,,0.05,one_minus_confidence,delta,0.2,5,selective_risk,0.08,0.044721359549995794,0.02,0.024480000000000002,0.13552,5
bbb,standard,,,0.05,one_minus_confidence,delta,0.3,5,selective_risk,0.05333333333333333,0.029814239699997195,0.013333333333333332,0.01632,0.09034666666666666,5
bbb,standard,,,0.05,one_minus_confidence,delta,0.4,5,selective_risk,0.04,0.022360679774997897,0.01,0.012240000000000001,0.06776,5
bbb,standard,,,0.05,one_minus_confidence,delta,0.5,5,selective_risk,0.032,0.01788854381999832,0.008,0.009792000000000002,0.054208,5
bbb,standard,,,0.05,one_minus_confidence,delta,0.6,5,selective_risk,0.039999999999999994,0.014907119849998597,0.006666666666666666,0.02149333333333333,0.05850666666666666,5
bbb,standard,,,0.05,one_minus_confidence,delta,0.7,5,selective_risk,0.039999999999999994,0.01564921592871903,0.0069985421222376505,0.02057204706866828,0.05942795293133171,5
bbb,standard,,,0.05,one_minus_confidence,delta,0.8,5,selective_risk,0.05,0.017677669529663688,0.007905694150420948,0.028053793038431453,0.07194620696156856,5
bbb,standard,,,0.05,one_minus_confidence,delta,0.9,5,selective_risk,0.07111111111111111,0.01859244503409057,0.00831479419283098,0.04802924243181231,0.09419297979040991,5
bbb,standard,,,0.05,one_minus_confidence,delta,1.0,5,selective_risk,0.096,0.01673320053068151,0.007483314773547882,0.07522631818863108,0.11677368181136892,5
bbb,standard,,,0.07,mutual_information,adv,0.1,5,selective_risk,0.0,0.0,0.0,0.0,0.0,5
bbb,standard,,,0.07,mutual_information,adv,0.2,5,selective_risk,0.04,0.05477225575051661,0.024494897427831782,-0.02799783525966102,0.10799783525966103,5
bbb,standard,,,0.07,mutual_information,adv,0.3,5,selective_risk,0.15999999999999998,0.05962847939999439,0.026666666666666665,0.08597333333333332,0.23402666666666663,5
bbb,standard,,,0.07,mutual_information,adv,0.4,5,selective_risk,0.19,0.041833001326703784,0.01870828693386971,0.1380657954715777,0.2419342045284223,5
bbb,standard,,,0.07,mutual_information,adv,0.5,5,selective_risk,0.23200000000000004,0.0521536192416212,0.023323807579381205,0.1672531101596378,0.29674688984036224,5
bbb,standard,,,0.07,mutual_information,adv,0.6,5,selective_risk,0.2866666666666667,0.04472135954999579,0.019999999999999997,0.2311466666666667,0.34218666666666664,5
bbb,standard,,,0.07,mutual_information,adv,0.7,5,selective_risk,0.3085714285714286,0.012777531299998802,0.005714285714285716,0.2927085714285715,0.32443428571428573,5
bbb,standard,,,0.07,mutual_information,adv,0.8,5,selective_risk,0.33999999999999997,0.0518411033833193,0.023184046238739257,0.2756410876412598,0.40435891235874016,5
bbb,standard,,,0.07,mutual_information,adv,0.9,5,selective_risk,0.35555555555555557,0.04714045207910316,0.02108185106778919,0.29703233699137277,0.41407877411973837,5
bbb,standard,,,0.07,mutual_information,adv,1.0,5,selective_risk,0.38,0.05830951894845302,0.0260768096208106,0.3076107764926298,0.4523892235073702,5
bbb,standard,,,0.07,mutual_information,clean,0.1,5,selective_risk,0.0,0.0,0.0,0.0,0.0,5
bbb,standard,,,0.07,mutual_information,clean,0.2,5,selective_risk,0.0,0.0,0.0,0.0,0.0,5
bbb,standard,,,0.07,mutual_information,clean,0.3,5,selective_risk,0.0,0.0,0.0,0.0,0.0,5
bbb,standard,,,0.07,mutual_information,clean,0.4,5,selective_risk,0.02,0.027386127875258306,0.012247448713915891,-0.01399891762983051,0.053998917629830515,5
bbb,standard,,,0.07,mutual_information,clean,0.5,5,selective_risk,0.048,0.03346640106136302,0.014966629547095763,0.006452636377262164,0.08954736362273784,5
bbb,standard,,,0.07,mutual_information,clean,0.6,5,selective_risk,0.12666666666666665,0.027888667551135844,0.012472191289246468,0.09204386364771847,0.16128946968561483,5
bbb,standard,,,0.07,mutual_information,clean,0.7,5,selective_risk,0.19428571428571428,0.02390457218668787,0.010690449676496972,0.1646090259837587,0.22396240258766986,5
bbb,standard,,,0.07,mutual_information,clean,0.8,5,selective_risk,0.23500000000000001,0.06274950199005568,0.028062430400804562,0.15709869320736655,0.3129013067926335,5
bbb,standard,,,0.07,mutual_information,clean,0.9,5,selective_risk,0.31111111111111106,0.06478835438717002,0.028974232912011778,0.23067864054736636,0.39154358167485576,5
bbb,standard,,,0.07,mutual_information,clean,1.0,5,selective_risk,0.38,0.05830951894845302,0.0260768096208106,0.3076107764926298,0.4523892235073702,5
bbb,standard,,,0.07,mutual_information,delta,0.1,5,selective_risk,0.24,0.08944271909999159,0.04,0.12896,0.35104,5
bbb,standard,,,0.07,mutual_information,delta,0.2,5,selective_risk,0.16,0.05477225575051661,0.024494897427831782,0.09200216474033898,0.22799783525966102,5
bbb,standard,,,0.07,mutual_information,delta,0.3,5,selective_risk,0.18666666666666668,0.0557773351022717,0.024944382578492942,0.11742106062877028,0.25591227270456307,5
bbb,standard,,,0.07,mutual_information,delta,0.4,5,selective_risk,0.2,0.03535533905932738,0.0158113883008419,0.1561075860768629,0.24389241392313712,5
bbb,standard,,,0.07,mutual_information,delta,0.5,5,selective_risk,0.248,0.0438178046004133,0.019595917942265426,0.1936017317922712,0.3023982682077288,5
bbb,standard,,,0.07,mutual_information,delta,0.6,5,selective_risk,0.2866666666666667,0.04472135954999579,0.019999999999999997,0.2311466666666667,0.34218666666666664,5
bbb,standard,,,0.07,mutual_information,delta,0.7,5,selective_risk,0.32,0.012777531299998802,0.005714285714285716,0.3041371428571429,0.33586285714285713,5
bbb,standard,,,0.07,mutual_information,delta,0.8,5,selective_risk,0.33999999999999997,0.0518411033833193,0.023184046238739257,0.2756410876412598,0.40435891235874016,5
bbb,standard,,,0.07,mutual_information,delta,0.9,5,selective_risk,0.36,0.05533288710217213,0.024745619390355644,0.29130616057237274,0.42869383942762723,5
bbb,standard,,,0.07,mutual_information,delta,1.0,5,selective_risk,0.38,0.05830951894845302,0.0260768096208106,0.3076107764926298,0.4523892235073702,5
bbb,standard,,,0.07,one_minus_confidence,adv,0.1,5,selective_risk,0.0,0.0,0.0,0.0,0.0,5
bbb,standard,,,0.07,one_minus_confidence,adv,0.2,5,selective_risk,0.04,0.05477225575051661,0.024494897427831782,-0.02799783525966102,0.10799783525966103,5
bbb,standard,,,0.07,one_minus_confidence,adv,0.3,5,selective_risk,0.09333333333333334,0.05962847939999439,0.026666666666666665,0.01930666666666668,0.16736,5
bbb,standard,,,0.07,one_minus_confidence,adv,0.4,5,selective_risk,0.15,0.06123724356957945,0.027386127875258303,0.07397610901828296,0.22602389098171705,5
bbb,standard,,,0.07,one_minus_confidence,adv,0.5,5,selective_risk,0.2,0.039999999999999994,0.017888543819998316,0.1503414023556847,0.24965859764431533,5
bbb,standard,,,0.07,one_minus_confidence,adv,0.6,5,selective_risk,0.2533333333333333,0.029814239699997188,0.013333333333333329,0.21631999999999998,0.29034666666666664,5
bbb,standard,,,0.07,one_minus_confidence,adv,0.7,5,selective_risk,0.2857142857142857,0.03499271061118827,0.015649215928719037,0.24227206229616166,0.32915650913240974,5
bbb,standard,,,0.07,one_minus_confidence,adv,0.8,5,selective_risk,0.325,0.024999999999999994,0.011180339887498945,0.2939633764723029,0.3560366235276971,5
bbb,standard,,,0.07,one_minus_confidence,adv,0.9,5,selective_risk,0.3511111111111111,0.042745297914825224,0.01911627837120584,0.29804432235264366,0.4041778998695785,5
bbb,standard,,,0.07,one_minus_confidence,adv,1.0,5,selective_risk,0.38,0.05830951894845302,0.0260768096208106,0.3076107764926298,0.4523892235073702,5
bbb,standard,,,0.07,one_minus_confidence,clean,0.1,5,selective_risk,0.0,0.0,0.0,0.0,0.0,5
bbb,standard,,,0.07,one_minus_confidence,clean,0.2,5,selective_risk,0.0,0.0,0.0,0.0,0.0,5
bbb,standard,,,0.07,one_minus_confidence,clean,0.3,5,selective_risk,0.0,0.0,0.0,0.0,0.0,5
bbb,standard,,,0.07,one_minus_confidence,clean,0.4,5,selective_risk,0.01,0.022360679774997897,0.01,-0.017759999999999998,0.03776,5
bbb,standard,,,0.07,one_minus_confidence,clean,0.5,5,selective_risk,0.064,0.021908902300206645,0.009797958971132711,0.0368008658961356,0.0911991341038644,5
bbb,standard,,,0.07,one_minus_confidence,clean,0.6,5,selective_risk,0.11333333333333333,0.029814239699997195,0.013333333333333332,0.07632,0.15034666666666666,5
bbb,standard,,,0.07,one_minus_confidence,clean,0.7,5,selective_risk,0.15999999999999998,0.04333071682315172,0.019378085666072194,0.10620643419098358,0.21379356580901637,5
bbb,standard,,,0.07,one_minus_confidence,clean,0.8,5,selective_risk,0.22999999999999998,0.06471089552772392,0.028939592256975562,0.14966369189463583,0.31033630810536417,5
bbb,standard,,,0.07,one_minus_confidence,clean,0.9,5,selective_risk,0.31111111111111106,0.06478835438717002,0.028974232912011778,0.23067864054736636,0.39154358167485576,5
bbb,standard,,,0.07,one_minus_confidence,clean,1.0,5,selective_risk,0.38,0.05830951894845302,0.0260768096208106,0.3076107764926298,0.4523892235073702,5
bbb,standard,,,0.07,one_minus_confidence,delta,0.1,5,selective_risk,0.24,0.08944271909999159,0.04,0.12896,0.35104,5
bbb,standard,,,0.07,one_minus_confidence,delta,0.2,5,selective_risk,0.12,0.044721359549995794,0.02,0.06448,0.17552,5
bbb,standard,,,0.07,one_minus_confidence,delta,0.3,5,selective_risk,0.14666666666666667,0.029814239699997205,0.013333333333333338,0.10965333333333332,0.18368,5
bbb,standard,,,0.07,one_minus_confidence,delta,0.4,5,selective_risk,0.18000000000000002,0.0447213595499958,0.020000000000000004,0.12448000000000001,0.23552000000000003,5
bbb,standard,,,0.07,one_minus_confidence,delta,0.5,5,selective_risk,0.2,0.039999999999999994,0.017888543819998316,0.1503414023556847,0.24965859764431533,5
bbb,standard,,,0.07,one_minus_confidence,delta,0.6,5,selective_risk,0.26,0.027888667551135844,0.012472191289246468,0.22537719698105182,0.2946228030189482,5
bbb,standard,,,0.07,one_minus_confidence,delta,0.7,5,selective_risk,0.2857142857142857,0.03499271061118827,0.015649215928719037,0.24227206229616166,0.32915650913240974,5
bbb,standard,,,0.07,one_minus_confidence,delta,0.8,5,selective_risk,0.32999999999999996,0.02091650066335188,0.009354143466934849,0.30403289773578884,0.3559671022642111,5
bbb,standard,,,0.07,one_minus_confidence,delta,0.9,5,selective_risk,0.3511111111111111,0.042745297914825224,0.01911627837120584,0.29804432235264366,0.4041778998695785,5
bbb,standard,,,0.07,one_minus_confidence,delta,1.0,5,selective_risk,0.38,0.05830951894845302,0.0260768096208106,0.3076107764926298,0.4523892235073702,5
bbb,standard,,,0.08,mutual_information,adv,0.1,5,selective_risk,0.16,0.16733200530681513,0.07483314773547883,-0.04773681811368921,0.3677368181136892,5
bbb,standard,,,0.08,mutual_information,adv,0.2,5,selective_risk,0.3,0.1,0.044721359549995794,0.17585350588921167,0.4241464941107883,5
bbb,standard,,,0.08,mutual_information,adv,0.3,5,selective_risk,0.36,0.036514837167011094,0.01632993161855453,0.31466810982689264,0.40533189017310733,5
bbb,standard,,,0.08,mutual_information,adv,0.4,5,selective_risk,0.44000000000000006,0.02236067977499789,0.009999999999999997,0.41224000000000005,0.46776000000000006,5
bbb,standard,,,0.08,mutual_information,adv,0.5,5,selective_risk,0.45599999999999996,0.03577708763999662,0.01599999999999999,0.411584,0.500416,5
bbb,standard,,,0.08,mutual_information,adv,0.6,5,selective_risk,0.4666666666666667,0.0,0.0,0.4666666666666667,0.4666666666666667,5
bbb,standard,,,0.08,mutual_information,adv,0.7,5,selective_risk,0.4628571428571428,0.02390457218668788,0.010690449676496978,0.43318045455518717,0.49253383115909843,5
bbb,standard,,,0.08,mutual_information,adv,0.8,5,selective_risk,0.47000000000000003,0.041079191812887446,0.01837117307087383,0.4190016235552543,0.5209983764447458,5
bbb,standard,,,0.08,mutual_information,adv,0.9,5,selective_risk,0.47111111111111115,0.024343224778007374,0.010886621079036343,0.44088985099570627,0.5013323712265161,5
bbb,standard,,,0.08,mutual_information,adv,1.0,5,selective_risk,0.48,0.01999999999999999,0.008944271909999154,0.4551707011778423,0.5048292988221577,5
bbb,standard,,,0.08,mutual_information,clean,0.1,5,selective_risk,0.0,0.0,0.0,0.0,0.0,5
bbb,standard,,,0.08,mutual_information,clean,0.2,5,selective_risk,0.02,0.044721359549995794,0.02,-0.035519999999999996,0.07552,5
bbb,standard,,,0.08,mutual_information,clean,0.3,5,selective_risk,0.013333333333333332,0.02981423969999719,0.01333333333333333,-0.02367999999999999,0.05034666666666665,5
bbb,standard,,,0.08,mutual_information,clean,0.4,5,selective_risk,0.05,0.03535533905932738,0.0158113883008419,0.006107586076862896,0.0938924139231371,5
bbb,standard,,,0.08,mutual_information,clean,0.5,5,selective_risk,0.096,0.021908902300206638,0.00979795897113271,0.0688008658961356,0.1231991341038644,5
bbb,standard,,,0.08,mutual_information,clean,0.6,5,selective_risk,0.18666666666666668,0.018257418583505547,0.008164965809277265,0.164000721580113,0.20933261175322035,5
bbb,standard,,,0.08,mutual_information,clean,0.7,5,selective_risk,0.29714285714285715,0.015649215928719037,0.006998542122237654,0.27771490421152545,0.31657081007418886,5
bbb,standard,,,0.08,mutual_information,clean,0.8,5,selective_risk,0.355,0.02091650066335189,0.009354143466934852,0.3290328977357888,0.38096710226421115,5
bbb,standard,,,0.08,mutual_information,clean,0.9,5,selective_risk,0.4222222222222222,0.0222222222222222,0.009938079899999055,0.3946341124198248,0.4498103320246196,5
bbb,standard,,,0.08,mutual_information,clean,1.0,5,selective_risk,0.48,0.01999999999999999,0.008944271909999154,0.4551707011778423,0.5048292988221577,5
bbb,standard,,,0.08,mutual_information,delta,0.1,5,selective_risk,0.43999999999999995,0.16733200530681508,0.0748331477354788,0.2322631818863108,0.6477368181136891,5
bbb,standard,,,0.08,mutual_information,delta,0.2,5,selective_risk,0.36,0.11401754250991379,0.05099019513592784,0.2184512183026643,0.5015487816973356,5
bbb,standard,,,0.08,mutual_information,delta,0.3,5,selective_risk,0.37333333333333335,0.0365148371670111,0.016329931618554533,0.32800144316022595,0.41866522350644075,5
bbb,standard,,,0.08,mutual_information,delta,0.4,5,selective_risk,0.44000000000000006,0.02236067977499789,0.009999999999999997,0.41224000000000005,0.46776000000000006,5
bbb,standard,,,0.08,mutual_information,delta,0.5,5,selective_risk,0.46399999999999997,0.021908902300206635,0.009797958971132708,0.4368008658961356,0.49119913410386434,5
bbb,standard,,,0.08,mutual_information,delta,0.6,5,selective_risk,0.48,0.018257418583505533,0.008164965809277258,0.4573340549134463,0.5026659450865536,5
bbb,standard,,,0.08,mutual_information,delta,0.7,5,selective_risk,0.4685714285714285,0.03257644071711822,0.014568627181693666,0.4281289195150469,0.5090139376278101,5
bbb,standard,,,0.08,mutual_information,delta,0.8,5,selective_risk,0.47000000000000003,0.041079191812887446,0.01837117307087383,0.4190016235552543,0.5209983764447458,5
bbb,standard,,,0.08,mutual_information,delta,0.9,5,selective_risk,0.47111111111111115,0.024343224778007374,0.010886621079036343,0.44088985099570627,0.5013323712265161,5
bbb,standard,,,0.08,mutual_information,delta,1.0,5,selective_risk,0.48,0.01999999999999999,0.008944271909999154,0.4551707011778423,0.5048292988221577,5
bbb,standard,,,0.08,one_minus_confidence,adv,0.1,5,selective_risk,0.16,0.16733200530681513,0.07483314773547883,-0.04773681811368921,0.3677368181136892,5
bbb,standard,,,0.08,one_minus_confidence,adv,0.2,5,selective_risk,0.28,0.08366600265340755,0.03741657386773941,0.17613159094315545,0.3838684090568446,5
bbb,standard,,,0.08,one_minus_confidence,adv,0.3,5,selective_risk,0.31999999999999995,0.05577733510227171,0.024944382578492946,0.25075439396210353,0.3892456060378964,5
bbb,standard,,,0.08,one_minus_confidence,adv,0.4,5,selective_risk,0.39,0.0418330013267038,0.018708286933869715,0.33806579547157767,0.44193420452842236,5
bbb,standard,,,0.08,one_minus_confidence,adv,0.5,5,selective_risk,0.42400000000000004,0.045607017003965515,0.020396078054371138,0.36738048732106576,0.4806195126789343,5
bbb,standard,,,0.08,one_minus_confidence,adv,0.6,5,selective_risk,0.45999999999999996,0.04346134936801765,0.019436506316150997,0.4060442584663648,0.5139557415336351,5
bbb,standard,,,0.08,one_minus_confidence,adv,0.7,5,selective_risk,0.4685714285714285,0.043330716823151705,0.019378085666072187,0.41477786276241213,0.5223649943804449,5
bbb,standard,,,0.08,one_minus_confidence,adv,0.8,5,selective_risk,0.49499999999999994,0.032596012026013255,0.014577379737113256,0.45453319384977353,0.5354668061502263,5
bbb,standard,,,0.08,one_minus_confidence,adv,0.9,5,selective_risk,0.47111111111111115,0.024343224778007374,0.010886621079036343,0.44088985099570627,0.5013323712265161,5
bbb,standard,,,0.08,one_minus_confidence,adv,1.0,5,selective_risk,0.48,0.01999999999999999,0.008944271909999154,0.4551707011778423,0.5048292988221577,5
bbb,standard,,,0.08,one_minus_confidence,clean,0.1,5,selective_risk,0.0,0.0,0.0,0.0,0.0,5
bbb,standard,,,0.08,one_minus_confidence,clean,0.2,5,selective_risk,0.02,0.044721359549995794,0.02,-0.035519999999999996,0.07552,5
bbb,standard,,,0.08,one_minus_confidence,clean,0.3,5,selective_risk,0.013333333333333332,0.02981423969999719,0.01333333333333333,-0.02367999999999999,0.05034666666666665,5
bbb,standard,,,0.08,one_minus_confidence,clean,0.4,5,selective_risk,0.04,0.022360679774997897,0.01,0.012240000000000001,0.06776,5
bbb,standard,,,0.08,one_minus_confidence,clean,0.5,5,selective_risk,0.10400000000000001,0.021908902300206638,0.00979795897113271,0.0768008658961356,0.1311991341038644,5
bbb,standard,,,0.08,one_minus_confidence,clean,0.6,5,selective_risk,0.1933333333333333,0.014907119849998608,0.0066666666666666706,0.17482666666666663,0.21183999999999997,5
bbb,standard,,,0.08,one_minus_confidence,clean,0.7,5,selective_risk,0.2685714285714285,0.025555062599997593,0.011428571428571427,0.23684571428571424,0.3002971428571428,5
bbb,standard,,,0.08,one_minus_confidence,clean,0.8,5,selective_risk,0.35,0.024999999999999994,0.011180339887498945,0.3189633764723029,0.38103662352769707,5
bbb,standard,,,0.08,one_minus_confidence,clean,0.9,5,selective_risk,0.4222222222222222,0.0222222222222222,0.009938079899999055,0.3946341124198248,0.4498103320246196,5
bbb,standard,,,0.08,one_minus_confidence,clean,1.0,5,selective_risk,0.48,0.01999999999999999,0.008944271909999154,0.4551707011778423,0.5048292988221577,5
bbb,standard,,,0.08,one_minus_confidence,delta,0.1,5,selective_risk,0.4,0.1414213562373095,0.06324555320336758,0.22443034430745162,0.5755696556925485,5
bbb,standard,,,0.08,one_minus_confidence,delta,0.2,5,selective_risk,0.32000000000000006,0.08366600265340757,0.03741657386773942,0.21613159094315545,0.42386840905684464,5
bbb,standard,,,0.08,one_minus_confidence,delta,0.3,5,selective_risk,0.36,0.059628479399994404,0.026666666666666672,0.2859733333333333,0.43402666666666667,5
bbb,standard,,,0.08,one_minus_confidence,delta,0.4,5,selective_risk,0.39,0.0418330013267038,0.018708286933869715,0.33806579547157767,0.44193420452842236,5
bbb,standard,,,0.08,one_minus_confidence,delta,0.5,5,selective_risk,0.42400000000000004,0.045607017003965515,0.020396078054371138,0.36738048732106576,0.4806195126789343,5
bbb,standard,,,0.08,one_minus_confidence,delta,0.6,5,selective_risk,0.45999999999999996,0.04346134936801765,0.019436506316150997,0.4060442584663648,0.5139557415336351,5
bbb,standard,,,0.08,one_minus_confidence,delta,0.7,5,selective_risk,0.4685714285714285,0.043330716823151705,0.019378085666072187,0.41477786276241213,0.5223649943804449,5
bbb,standard,,,0.08,one_minus_confidence,delta,0.8,5,selective_risk,0.49499999999999994,0.032596012026013255,0.014577379737113256,0.45453319384977353,0.5354668061502263,5
bbb,standard,,,0.08,one_minus_confidence,delta,0.9,5,selective_risk,0.47111111111111115,0.024343224778007374,0.010886621079036343,0.44088985099570627,0.5013323712265161,5
bbb,standard,,,0.08,one_minus_confidence,delta,1.0,5,selective_risk,0.48,0.01999999999999999,0.008944271909999154,0.4551707011778423,0.5048292988221577,5
bbb,standard,,,0.1,mutual_information,adv,0.1,5,selective_risk,0.9199999999999999,0.17888543819998318,0.08,0.6979199999999999,1.14208,5
bbb,standard,,,0.1,mutual_information,adv,0.2,5,selective_risk,0.9,0.12247448713915893,0.05477225575051662,0.7479522180365659,1.0520477819634342,5
bbb,standard,,,0.1,mutual_information,adv,0.3,5,selective_risk,0.8533333333333333,0.08692269873603534,0.03887301263230201,0.7454218502660629,0.9612448164006037,5
bbb,standard,,,0.1,mutual_information,adv,0.4,5,selective_risk,0.8400000000000001,0.0651920240520265,0.029154759474226504,0.7590663876995473,0.9209336123004529,5
bbb,standard,,,0.1,mutual_information,adv,0.5,5,selective_risk,0.792,0.05215361924162119,0.023323807579381198,0.7272531101596378,0.8567468898403623,5
bbb,standard,,,0.1,mutual_information,adv,0.6,5,selective_risk,0.7799999999999999,0.029814239699997233,0.01333333333333335,0.7429866666666666,0.8170133333333333,5
bbb,standard,,,0.1,mutual_information,adv,0.7,5,selective_risk,0.7771428571428572,0.05111012519999521,0.022857142857142864,0.7136914285714286,0.8405942857142858,5
bbb,standard,,,0.1,mutual_information,adv,0.8,5,selective_risk,0.765,0.03791437722025778,0.016955824957813184,0.7179306299171107,0.8120693700828894,5
bbb,standard,,,0.1,mutual_information,adv,0.9,5,selective_risk,0.7422222222222222,0.03370166864022912,0.015071844406945041,0.7003827821485428,0.7840616622959017,5
bbb,standard,,,0.1,mutual_information,adv,1.0,5,selective_risk,0.7,0.04690415759823429,0.020976176963403027,0.6417701327495932,0.7582298672504068,5
bbb,standard,,,0.1,mutual_information,clean,0.1,5,selective_risk,0.12000000000000002,0.1788854381999832,0.08000000000000002,-0.10208,0.34208000000000005,5
bbb,standard,,,0.1,mutual_information,clean,0.2,5,selective_risk,0.2,0.15811388300841897,0.07071067811865475,0.003707157542614442,0.3962928424573856,5
bbb,standard,,,0.1,mutual_information,clean,0.3,5,selective_risk,0.22666666666666666,0.1115546702045434,0.049888765156985884,0.08817545459087386,0.3651578787424594,5
bbb,standard,,,0.1,mutual_information,clean,0.4,5,selective_risk,0.35,0.07905694150420949,0.035355339059327376,0.2518535787713072,0.44814642122869275,5
bbb,standard,,,0.1,mutual_information,clean,0.5,5,selective_risk,0.43200000000000005,0.09549869109050657,0.04270831300812524,0.3134417230894444,0.5505582769105557,5
bbb,standard,,,0.1,mutual_information,clean,0.6,5,selective_risk,0.52,0.07673909622147557,0.034318767136623324,0.4247311024287337,0.6152688975712663,5
bbb,standard,,,0.1,mutual_information,clean,0.7,5,selective_risk,0.5885714285714286,0.06577636818983622,0.029416086117105715,0.5069123735103431,0.6702304836325141,5
bbb,standard,,,0.1,mutual_information,clean,0.8,5,selective_risk,0.625,0.05863019699779287,0.02622022120425379,0.5522126659369915,0.6977873340630085,5
bbb,standard,,,0.1,mutual_information,clean,0.9,5,selective_risk,0.6666666666666665,0.052115730664704804,0.02330686329267005,0.6019668141662144,0.7313665191671186,5
bbb,standard,,,0.1,mutual_information,clean,1.0,5,selective_risk,0.7,0.04690415759823429,0.020976176963403027,0.6417701327495932,0.7582298672504068,5
bbb,standard,,,0.1,mutual_information,delta,0.1,5,selective_risk,0.96,0.08944271909999157,0.039999999999999994,0.8489599999999999,1.07104,5
bbb,standard,,,0.1,mutual_information,delta,0.2,5,selective_risk,0.9199999999999999,0.08366600265340753,0.037416573867739396,0.8161315909431553,1.0238684090568444,5
bbb,standard,,,0.1,mutual_information,delta,0.3,5,selective_risk,0.8666666666666668,0.06666666666666665,0.029814239699997188,0.7839023372594747,0.949430996073859,5
bbb,standard,,,0.1,mutual_information,delta,0.4,5,selective_risk,0.85,0.04999999999999999,0.02236067977499789,0.7879267529446058,0.9120732470553942,5
bbb,standard,,,0.1,mutual_information,delta,0.5,5,selective_risk,0.792,0.05215361924162119,0.023323807579381198,0.7272531101596378,0.8567468898403623,5
bbb,standard,,,0.1,mutual_information,delta,0.6,5,selective_risk,0.7799999999999999,0.029814239699997233,0.01333333333333335,0.7429866666666666,0.8170133333333333,5
bbb,standard,,,0.1,mutual_information,delta,0.7,5,selective_risk,0.7771428571428572,0.05111012519999521,0.022857142857142864,0.7136914285714286,0.8405942857142858,5
bbb,standard,,,0.1,mutual_information,delta,0.8,5,selective_risk,0.765,0.03791437722025778,0.016955824957813184,0.7179306299171107,0.8120693700828894,5
bbb,standard,,,0.1,mutual_information,delta,0.9,5,selective_risk,0.7466666666666667,0.03370166864022912,0.015071844406945041,0.7048272265929872,0.7885061067403462,5
bbb,standard,,,0.1,mutual_information,delta,1.0,5,selective_risk,0.7,0.04690415759823429,0.020976176963403027,0.6417701327495932,0.7582298672504068,5
bbb,standard,,,0.1,one_minus_confidence,adv,0.1,5,selective_risk,0.8399999999999999,0.2607680962081059,0.11661903789690599,0.5162655507981888,1.163734449201811,5
bbb,standard,,,0.1,one_minus_confidence,adv,0.2,5,selective_risk,0.8400000000000001,0.1140175425099138,0.05099019513592785,0.6984512183026643,0.9815487816973358,5
bbb,standard,,,0.1,one_minus_confidence,adv,0.3,5,selective_risk,0.8400000000000001,0.07601169500660922,0.0339934634239519,0.7456341455351096,0.9343658544648905,5
bbb,standard,,,0.1,one_minus_confidence,adv,0.4,5,selective_risk,0.8200000000000001,0.0670820393249937,0.03,0.73672,0.9032800000000001,5
bbb,standard,,,0.1,one_minus_confidence,adv,0.5,5,selective_risk,0.768,0.0521536192416212,0.023323807579381205,0.7032531101596378,0.8327468898403623,5
bbb,standard,,,0.1,one_minus_confidence,adv,0.6,5,selective_risk,0.76,0.0278886675511359,0.012472191289246492,0.7253771969810517,0.7946228030189483,5
bbb,standard,,,0.1,one_minus_confidence,adv,0.7,5,selective_risk,0.76,0.0383325938999964,0.017142857142857144,0.7124114285714286,0.8075885714285714,5
bbb,standard,,,0.1,one_minus_confidence,adv,0.8,5,selective_risk,0.7350000000000001,0.028504385627478472,0.012747548783981972,0.6996128045756661,0.7703871954243341,5
bbb,standard,,,0.1,one_minus_confidence,adv,0.9,5,selective_risk,0.72,0.03370166864022911,0.015071844406945038,0.6781605599263205,0.7618394400736794,5
bbb,standard,,,0.1,one_minus_confidence,adv,1.0,5,selective_risk,0.7,0.04690415759823429,0.020976176963403027,0.6417701327495932,0.7582298672504068,5
bbb,standard,,,0.1,one_minus_confidence,clean,0.1,5,selective_risk,0.08,0.10954451150103324,0.048989794855663564,-0.05599567051932204,0.21599567051932206,5
bbb,standard,,,0.1,one_minus_confidence,clean,0.2,5,selective_risk,0.2,0.15811388300841897,0.07071067811865475,0.003707157542614442,0.3962928424573856,5
bbb,standard,,,0.1,one_minus_confidence,clean,0.3,5,selective_risk,0.24,0.11155467020454342,0.04988876515698589,0.10150878792420717,0.37849121207579284,5
bbb,standard,,,0.1,one_minus_confidence,clean,0.4,5,selective_risk,0.33999999999999997,0.09617692030835673,0.04301162633521313,0.22059972529344832,0.45940027470655165,5
bbb,standard,,,0.1,one_minus_confidence,clean,0.5,5,selective_risk,0.44000000000000006,0.09380831519646858,0.04195235392680605,0.32354026549918646,0.5564597345008137,5
bbb,standard,,,0.1,one_minus_confidence,clean,0.6,5,selective_risk,0.52,0.07673909622147557,0.034318767136623324,0.4247311024287337,0.6152688975712663,5
bbb,standard,,,0.1,one_minus_confidence,clean,0.7,5,selective_risk,0.5714285714285715,0.06700593942604899,0.029965967090575755,0.4882430467851332,0.6546140960720098,5
bbb,standard,,,0.1,one_minus_confidence,clean,0.8,5,selective_risk,0.625,0.05863019699779287,0.02622022120425379,0.5522126659369915,0.6977873340630085,5
bbb,standard,,,0.1,one_minus_confidence,clean,0.9,5,selective_risk,0.6666666666666665,0.052115730664704804,0.02330686329267005,0.6019668141662144,0.7313665191671186,5
bbb,standard,,,0.1,one_minus_confidence,clean,1.0,5,selective_risk,0.7,0.04690415759823429,0.020976176963403027,0.6417701327495932,0.7582298672504068,5
bbb,standard,,,0.1,one_minus_confidence,delta,0.1,5,selective_risk,0.96,0.08944271909999157,0.039999999999999994,0.8489599999999999,1.07104,5
bbb,standard,,,0.1,one_minus_confidence,delta,0.2,5,selective_risk,0.8800000000000001,0.130384048104053,0.05830951894845301,0.7181327753990946,1.0418672246009058,5
bbb,standard,,,0.1,one_minus_confidence,delta,0.3,5,selective_risk,0.8400000000000001,0.07601169500660922,0.0339934634239519,0.7456341455351096,0.9343658544648905,5
bbb,standard,,,0.1,one_minus_confidence,delta,0.4,5,selective_risk,0.8200000000000001,0.0670820393249937,0.03,0.73672,0.9032800000000001,5
bbb,standard,,,0.1,one_minus_confidence,delta,0.5,5,selective_risk,0.768,0.0521536192416212,0.023323807579381205,0.7032531101596378,0.8327468898403623,5
bbb,standard,,,0.1,one_minus_confidence,delta,0.6,5,selective_risk,0.76,0.0278886675511359,0.012472191289246492,0.7253771969810517,0.7946228030189483,5
bbb,standard,,,0.1,one_minus_confidence,delta,0.7,5,selective_risk,0.76,0.0383325938999964,0.017142857142857144,0.7124114285714286,0.8075885714285714,5
bbb,standard,,,0.1,one_minus_confidence,delta,0.8,5,selective_risk,0.7350000000000001,0.028504385627478472,0.012747548783981972,0.6996128045756661,0.7703871954243341,5
bbb,standard,,,0.1,one_minus_confidence,delta,0.9,5,selective_risk,0.72,0.03370166864022911,0.015071844406945038,0.6781605599263205,0.7618394400736794,5
bbb,standard,,,0.1,one_minus_confidence,delta,1.0,5,selective_risk,0.7,0.04690415759823429,0.020976176963403027,0.6417701327495932,0.7582298672504068,5
bbb,standard,,,0.15,mutual_information,adv,0.1,5,selective_risk,1.0,0.0,0.0,1.0,1.0,5
bbb,standard,,,0.15,mutual_information,adv,0.2,5,selective_risk,1.0,0.0,0.0,1.0,1.0,5
bbb,standard,,,0.15,mutual_information,adv,0.3,5,selective_risk,1.0,0.0,0.0,1.0,1.0,5
bbb,standard,,,0.15,mutual_information,adv,0.4,5,selective_risk,1.0,0.0,0.0,1.0,1.0,5
bbb,standard,,,0.15,mutual_information,adv,0.5,5,selective_risk,1.0,0.0,0.0,1.0,1.0,5
bbb,standard,,,0.15,mutual_information,adv,0.6,5,selective_risk,1.0,0.0,0.0,1.0,1.0,5
bbb,standard,,,0.15,mutual_information,adv,0.7,5,selective_risk,1.0,0.0,0.0,1.0,1.0,5
bbb,standard,,,0.15,mutual_information,adv,0.8,5,selective_risk,0.9949999999999999,0.011180339887498959,0.0050000000000000044,0.9811199999999999,1.00888,5
bbb,standard,,,0.15,mutual_information,adv,0.9,5,selective_risk,0.9866666666666667,0.029814239699997188,0.013333333333333329,0.9496533333333333,1.02368,5
bbb,standard,,,0.15,mutual_information,adv,1.0,5,selective_risk,0.968,0.03346640106136301,0.01496662954709576,0.9264526363772622,1.009547363622738,5
bbb,standard,,,0.15,mutual_information,clean,0.1,5,selective_risk,0.8399999999999999,0.2607680962081059,0.11661903789690599,0.5162655507981888,1.163734449201811,5
bbb,standard,,,0.15,mutual_information,clean,0.2,5,selective_risk,0.8799999999999999,0.130384048104053,0.05830951894845301,0.7181327753990944,1.0418672246009055,5
bbb,standard,,,0.15,mutual_information,clean,0.3,5,selective_risk,0.8933333333333333,0.11155467020454342,0.04988876515698589,0.7548421212575405,1.0318245454091262,5
bbb,standard,,,0.15,mutual_information,clean,0.4,5,selective_risk,0.9200000000000002,0.08366600265340754,0.0374165738677394,0.8161315909431556,1.0238684090568446,5
bbb,standard,,,0.15,mutual_information,clean,0.5,5,selective_risk,0.9359999999999999,0.06693280212272605,0.029933259094191533,0.8529052727545242,1.0190947272454756,5
bbb,standard,,,0.15,mutual_information,clean,0.6,5,selective_risk,0.9466666666666667,0.05577733510227169,0.024944382578492935,0.8774210606287702,1.015912272704563,5
bbb,standard,,,0.15,mutual_information,clean,0.7,5,selective_risk,0.9542857142857143,0.04780914437337576,0.021380899352993955,0.894932337681803,1.0136390908896256,5
bbb,standard,,,0.15,mutual_information,clean,0.8,5,selective_risk,0.96,0.04183300132670378,0.018708286933869705,0.9080657954715776,1.0119342045284223,5
bbb,standard,,,0.15,mutual_information,clean,0.9,5,selective_risk,0.9644444444444444,0.03718489006818113,0.016629588385661958,0.9182807070858469,1.0106081818030421,5
bbb,standard,,,0.15,mutual_information,clean,1.0,5,selective_risk,0.968,0.03346640106136301,0.01496662954709576,0.9264526363772622,1.009547363622738,5
bbb,standard,,,0.15,mutual_information,delta,0.1,5,selective_risk,1.0,0.0,0.0,1.0,1.0,5
bbb,standard,,,0.15,mutual_information,delta,0.2,5,selective_risk,1.0,0.0,0.0,1.0,1.0,5
bbb,standard,,,0.15,mutual_information,delta,0.3,5,selective_risk,1.0,0.0,0.0,1.0,1.0,5
bbb,standard,,,0.15,mutual_information,delta,0.4,5,selective_risk,1.0,0.0,0.0,1.0,1.0,5
bbb,standard,,,0.15,mutual_information,delta,0.5,5,selective_risk,1.0,0.0,0.0,1.0,1.0,5
bbb,standard,,,0.15,mutual_information,delta,0.6,5,selective_risk,1.0,0.0,0.0,1.0,1.0,5
bbb,standard,,,0.15,mutual_information,delta,0.7,5,selective_risk,1.0,0.0,0.0,1.0,1.0,5
bbb,standard,,,0.15,mutual_information,delta,0.8,5,selective_risk,0.9949999999999999,0.011180339887498959,0.0050000000000000044,0.9811199999999999,1.00888,5
bbb,standard,,,0.15,mutual_information,delta,0.9,5,selective_risk,0.9866666666666667,0.029814239699997188,0.013333333333333329,0.9496533333333333,1.02368,5
bbb,standard,,,0.15,mutual_information,delta,1.0,5,selective_risk,0.968,0.03346640106136301,0.01496662954709576,0.9264526363772622,1.009547363622738,5
bbb,standard,,,0.15,one_minus_confidence,adv,0.1,5,selective_risk,1.0,0.0,0.0,1.0,1.0,5
bbb,standard,,,0.15,one_minus_confidence,adv,0.2,5,selective_risk,1.0,0.0,0.0,1.0,1.0,5
bbb,standard,,,0.15,one_minus_confidence,adv,0.3,5,selective_risk,1.0,0.0,0.0,1.0,1.0,5
bbb,standard,,,0.15,one_minus_confidence,adv,0.4,5,selective_risk,1.0,0.0,0.0,1.0,1.0,5
bbb,standard,,,0.15,one_minus_confidence,adv,0.5,5,selective_risk,1.0,0.0,0.0,1.0,1.0,5
bbb,standard,,,0.15,one_minus_confidence,adv,0.6,5,selective_risk,1.0,0.0,0.0,1.0,1.0,5
bbb,standard,,,0.15,one_minus_confidence,adv,0.7,5,selective_risk,1.0,0.0,0.0,1.0,1.0,5
bbb,standard,,,0.15,one_minus_confidence,adv,0.8,5,selective_risk,0.9949999999999999,0.011180339887498959,0.0050000000000000044,0.9811199999999999,1.00888,5
bbb,standard,,,0.15,one_minus_confidence,adv,0.9,5,selective_risk,0.9866666666666667,0.029814239699997188,0.013333333333333329,0.9496533333333333,1.02368,5
bbb,standard,,,0.15,one_minus_confidence,adv,1.0,5,selective_risk,0.968,0.03346640106136301,0.01496662954709576,0.9264526363772622,1.009547363622738,5
bbb,standard,,,0.15,one_minus_confidence,clean,0.1,5,selective_risk,0.8399999999999999,0.2607680962081059,0.11661903789690599,0.5162655507981888,1.163734449201811,5
bbb,standard,,,0.15,one_minus_confidence,clean,0.2,5,selective_risk,0.8799999999999999,0.130384048104053,0.05830951894845301,0.7181327753990944,1.0418672246009055,5
bbb,standard,,,0.15,one_minus_confidence,clean,0.3,5,selective_risk,0.8933333333333333,0.11155467020454342,0.04988876515698589,0.7548421212575405,1.0318245454091262,5
bbb,standard,,,0.15,one_minus_confidence,clean,0.4,5,selective_risk,0.9200000000000002,0.08366600265340754,0.0374165738677394,0.8161315909431556,1.0238684090568446,5
bbb,standard,,,0.15,one_minus_confidence,clean,0.5,5,selective_risk,0.9359999999999999,0.06693280212272605,0.029933259094191533,0.8529052727545242,1.0190947272454756,5
bbb,standard,,,0.15,one_minus_confidence,clean,0.6,5,selective_risk,0.9466666666666667,0.05577733510227169,0.024944382578492935,0.8774210606287702,1.015912272704563,5
bbb,standard,,,0.15,one_minus_confidence,clean,0.7,5,selective_risk,0.9542857142857143,0.04780914437337576,0.021380899352993955,0.894932337681803,1.0136390908896256,5
bbb,standard,,,0.15,one_minus_confidence,clean,0.8,5,selective_risk,0.96,0.04183300132670378,0.018708286933869705,0.9080657954715776,1.0119342045284223,5
bbb,standard,,,0.15,one_minus_confidence,clean,0.9,5,selective_risk,0.9644444444444444,0.03718489006818113,0.016629588385661958,0.9182807070858469,1.0106081818030421,5
bbb,standard,,,0.15,one_minus_confidence,clean,1.0,5,selective_risk,0.968,0.03346640106136301,0.01496662954709576,0.9264526363772622,1.009547363622738,5
bbb,standard,,,0.15,one_minus_confidence,delta,0.1,5,selective_risk,1.0,0.0,0.0,1.0,1.0,5
bbb,standard,,,0.15,one_minus_confidence,delta,0.2,5,selective_risk,1.0,0.0,0.0,1.0,1.0,5
bbb,standard,,,0.15,one_minus_confidence,delta,0.3,5,selective_risk,1.0,0.0,0.0,1.0,1.0,5
bbb,standard,,,0.15,one_minus_confidence,delta,0.4,5,selective_risk,1.0,0.0,0.0,1.0,1.0,5
bbb,standard,,,0.15,one_minus_confidence,delta,0.5,5,selective_risk,1.0,0.0,0.0,1.0,1.0,5
bbb,standard,,,0.15,one_minus_confidence,delta,0.6,5,selective_risk,1.0,0.0,0.0,1.0,1.0,5
bbb,standard,,,0.15,one_minus_confidence,delta,0.7,5,selective_risk,1.0,0.0,0.0,1.0,1.0,5
bbb,standard,,,0.15,one_minus_confidence,delta,0.8,5,selective_risk,0.9949999999999999,0.011180339887498959,0.0050000000000000044,0.9811199999999999,1.00888,5
bbb,standard,,,0.15,one_minus_confidence,delta,0.9,5,selective_risk,0.9866666666666667,0.029814239699997188,0.013333333333333329,0.9496533333333333,1.02368,5
bbb,standard,,,0.15,one_minus_confidence,delta,1.0,5,selective_risk,0.968,0.03346640106136301,0.01496662954709576,0.9264526363772622,1.009547363622738,5
deterministic,robust,0.08,0.25,0.01,mutual_information,adv,0.1,5,selective_risk,0.0,0.0,0.0,0.0,0.0,5
deterministic,robust,0.08,0.25,0.01,mutual_information,adv,0.2,5,selective_risk,0.0,0.0,0.0,0.0,0.0,5
deterministic,robust,0.08,0.25,0.01,mutual_information,adv,0.3,5,selective_risk,0.0,0.0,0.0,0.0,0.0,5
deterministic,robust,0.08,0.25,0.01,mutual_information,adv,0.4,5,selective_risk,0.0,0.0,0.0,0.0,0.0,5
deterministic,robust,0.08,0.25,0.01,mutual_information,adv,0.5,5,selective_risk,0.0,0.0,0.0,0.0,0.0,5
deterministic,robust,0.08,0.25,0.01,mutual_information,adv,0.6,5,selective_risk,0.0,0.0,0.0,0.0,0.0,5
deterministic,robust,0.08,0.25,0.01,mutual_information,adv,0.7,5,selective_risk,0.0,0.0,0.0,0.0,0.0,5
deterministic,robust,0.08,0.25,0.01,mutual_information,adv,0.8,5,selective_risk,0.0,0.0,0.0,0.0,0.0,5
deterministic,robust,0.08,0.25,0.01,mutual_information,adv,0.9,5,selective_risk,0.0,0.0,0.0,0.0,0.0,5
deterministic,robust,0.08,0.25,0.01,mutual_information,adv,1.0,5,selective_risk,0.0,0.0,0.0,0.0,0.0,5
deterministic,robust,0.08,0.25,0.01,mutual_information,clean,0.1,5,selective_risk,0.0,0.0,0.0,0.0,0.0,5
deterministic,robust,0.08,0.25,0.01,mutual_information,clean,0.2,5,selective_risk,0.0,0.0,0.0,0.0,0.0,5
deterministic,robust,0.08,0.25,0.01,mutual_information,clean,0.3,5,selective_risk,0.0,0.0,0.0,0.0,0.0,5
deterministic,robust,0.08,0.25,0.01,mutual_information,clean,0.4,5,selective_risk,0.0,0.0,0.0,0.0,0.0,5
deterministic,robust,0.08,0.25,0.01,mutual_information,clean,0.5,5,selective_risk,0.0,0.0,0.0,0.0,0.0,5
deterministic,robust,0.08,0.25,0.01,mutual_information,clean,0.6,5,selective_risk,0.0,0.0,0.0,0.0,0.0,5
deterministic,robust,0.08,0.25,0.01,mutual_information,clean,0.7,5,selective_risk,0.0,0.0,0.0,0.0,0.0,5
deterministic,robust,0.08,0.25,0.01,mutual_information,clean,0.8,5,selective_risk,0.0,0.0,0.0,0.0,0.0,5
deterministic,robust,0.08,0.25,0.01,mutual_information,clean,0.9,5,selective_risk,0.0,0.0,0.0,0.0,0.0,5
deterministic,robust,0.08,0.25,0.01,mutual_information,clean,1.0,5,selective_risk,0.0,0.0,0.0,0.0,0.0,5
deterministic,robust,0.08,0.25,0.01,mutual_information,delta,0.1,5,selective_risk,0.0,0.0,0.0,0.0,0.0,5
deterministic,robust,0.08,0.25,0.01,mutual_information,delta,0.2,5,selective_risk,0.0,0.0,0.0,0.0,0.0,5
deterministic,robust,0.08,0.25,0.01,mutual_information,delta,0.3,5,selective_risk,0.0,0.0,0.0,0.0,0.0,5
deterministic,robust,0.08,0.25,0.01,mutual_information,delta,0.4,5,selective_risk,0.0,0.0,0.0,0.0,0.0,5
deterministic,robust,0.08,0.25,0.01,mutual_information,delta,0.5,5,selective_risk,0.0,0.0,0.0,0.0,0.0,5
deterministic,robust,0.08,0.25,0.01,mutual_information,delta,0.6,5,selective_risk,0.0,0.0,0.0,0.0,0.0,5
deterministic,robust,0.08,0.25,0.01,mutual_information,delta,0.7,5,selective_risk,0.0,0.0,0.0,0.0,0.0,5
deterministic,robust,0.08,0.25,0.01,mutual_information,delta,0.8,5,selective_risk,0.0,0.0,0.0,0.0,0.0,5
deterministic,robust,0.08,0.25,0.01,mutual_information,delta,0.9,5,selective_risk,0.0,0.0,0.0,0.0,0.0,5
deterministic,robust,0.08,0.25,0.01,mutual_information,delta,1.0,5,selective_risk,0.0,0.0,0.0,0.0,0.0,5
deterministic,robust,0.08,0.25,0.01,one_minus_confidence,adv,0.1,5,selective_risk,0.0,0.0,0.0,0.0,0.0,5
deterministic,robust,0.08,0.25,0.01,one_minus_confidence,adv,0.2,5,selective_risk,0.0,0.0,0.0,0.0,0.0,5
deterministic,robust,0.08,0.25,0.01,one_minus_confidence,adv,0.3,5,selective_risk,0.0,0.0,0.0,0.0,0.0,5
deterministic,robust,0.08,0.25,0.01,one_minus_confidence,adv,0.4,5,selective_risk,0.0,0.0,0.0,0.0,0.0,5
deterministic,robust,0.08,0.25,0.01,one_minus_confidence,adv,0.5,5,selective_risk,0.0,0.0,0.0,0.0,0.0,5
deterministic,robust,0.08,0.25,0.01,one_minus_confidence,adv,0.6,5,selective_risk,0.0,0.0,0.0,0.0,0.0,5
deterministic,robust,0.08,0.25,0.01,one_minus_confidence,adv,0.7,5,selective_risk,0.0,0.0,0.0,0.0,0.0,5
deterministic,robust,0.08,0.25,0.01,one_minus_confidence,adv,0.8,5,selective_risk,0.0,0.0,0.0,0.0,0.0,5
deterministic,robust,0.08,0.25,0.01,one_minus_confidence,adv,0.9,5,selective_risk,0.0,0.0,0.0,0.0,0.0,5
deterministic,robust,0.08,0.25,0.01,one_minus_confidence,adv,1.0,5,selective_risk,0.0,0.0,0.0,0.0,0.0,5
deterministic,robust,0.08,0.25,0.01,one_minus_confidence,clean,0.1,5,selective_risk,0.0,0.0,0.0,0.0,0.0,5
deterministic,robust,0.08,0.25,0.01,one_minus_confidence,clean,0.2,5,selective_risk,0.0,0.0,0.0,0.0,0.0,5
deterministic,robust,0.08,0.25,0.01,one_minus_confidence,clean,0.3,5,selective_risk,0.0,0.0,0.0,0.0,0.0,5
deterministic,robust,0.08,0.25,0.01,one_minus_confidence,clean,0.4,5,selective_risk,0.0,0.0,0.0,0.0,0.0,5
deterministic,robust,0.08,0.25,0.01,one_minus_confidence,clean,0.5,5,selective_risk,0.0,0.0,0.0,0.0,0.0,5
deterministic,robust,0.08,0.25,0.01,one_minus_confidence,clean,0.6,5,selective_risk,0.0,0.0,0.0,0.0,0.0,5
deterministic,robust,0.08,0.25,0.01,one_minus_confidence,clean,0.7,5,selective_risk,0.0,0.0,0.0,0.0,0.0,5
deterministic,robust,0.08,0.25,0.01,one_minus_confidence,clean,0.8,5,selective_risk,0.0,0.0,0.0,0.0,0.0,5
deterministic,robust,0.08,0.25,0.01,one_minus_confidence,clean,0.9,5,selective_risk,0.0,0.0,0.0,0.0,0.0,5
deterministic,robust,0.08,0.25,0.01,one_minus_confidence,clean,1.0,5,selective_risk,0.0,0.0,0.0,0.0,0.0,5
deterministic,robust,0.08,0.25,0.01,one_minus_confidence,delta,0.1,5,selective_risk,0.0,0.0,0.0,0.0,0.0,5
deterministic,robust,0.08,0.25,0.01,one_minus_confidence,delta,0.2,5,selective_risk,0.0,0.0,0.0,0.0,0.0,5
deterministic,robust,0.08,0.25,0.01,one_minus_confidence,delta,0.3,5,selective_risk,0.0,0.0,0.0,0.0,0.0,5
deterministic,robust,0.08,0.25,0.01,one_minus_confidence,delta,0.4,5,selective_risk,0.0,0.0,0.0,0.0,0.0,5
deterministic,robust,0.08,0.25,0.01,one_minus_confidence,delta,0.5,5,selective_risk,0.0,0.0,0.0,0.0,0.0,5
deterministic,robust,0.08,0.25,0.01,one_minus_confidence,delta,0.6,5,selective_risk,0.0,0.0,0.0,0.0,0.0,5
deterministic,robust,0.08,0.25,0.01,one_minus_confidence,delta,0.7,5,selective_risk,0.0,0.0,0.0,0.0,0.0,5
deterministic,robust,0.08,0.25,0.01,one_minus_confidence,delta,0.8,5,selective_risk,0.0,0.0,0.0,0.0,0.0,5
deterministic,robust,0.08,0.25,0.01,one_minus_confidence,delta,0.9,5,selective_risk,0.0,0.0,0.0,0.0,0.0,5
deterministic,robust,0.08,0.25,0.01,one_minus_confidence,delta,1.0,5,selective_risk,0.0,0.0,0.0,0.0,0.0,5
deterministic,robust,0.08,0.25,0.03,mutual_information,adv,0.1,5,selective_risk,0.0,0.0,0.0,0.0,0.0,5
deterministic,robust,0.08,0.25,0.03,mutual_information,adv,0.2,5,selective_risk,0.0,0.0,0.0,0.0,0.0,5
deterministic,robust,0.08,0.25,0.03,mutual_information,adv,0.3,5,selective_risk,0.0,0.0,0.0,0.0,0.0,5
deterministic,robust,0.08,0.25,0.03,mutual_information,adv,0.4,5,selective_risk,0.0,0.0,0.0,0.0,0.0,5
deterministic,robust,0.08,0.25,0.03,mutual_information,adv,0.5,5,selective_risk,0.0,0.0,0.0,0.0,0.0,5
deterministic,robust,0.08,0.25,0.03,mutual_information,adv,0.6,5,selective_risk,0.0,0.0,0.0,0.0,0.0,5
deterministic,robust,0.08,0.25,0.03,mutual_information,adv,0.7,5,selective_risk,0.0,0.0,0.0,0.0,0.0,5
deterministic,robust,0.08,0.25,0.03,mutual_information,adv,0.8,5,selective_risk,0.0,0.0,0.0,0.0,0.0,5
deterministic,robust,0.08,0.25,0.03,mutual_information,adv,0.9,5,selective_risk,0.0,0.0,0.0,0.0,0.0,5
deterministic,robust,0.08,0.25,0.03,mutual_information,adv,1.0,5,selective_risk,0.0,0.0,0.0,0.0,0.0,5
deterministic,robust,0.08,0.25,0.03,mutual_information,clean,0.1,5,selective_risk,0.0,0.0,0.0,0.0,0.0,5
deterministic,robust,0.08,0.25,0.03,mutual_information,clean,0.2,5,selective_risk,0.0,0.0,0.0,0.0,0.0,5
deterministic,robust,0.08,0.25,0.03,mutual_information,clean,0.3,5,selective_risk,0.0,0.0,0.0,0.0,0.0,5
deterministic,robust,0.08,0.25,0.03,mutual_information,clean,0.4,5,selective_risk,0.0,0.0,0.0,0.0,0.0,5
deterministic,robust,0.08,0.25,0.03,mutual_information,clean,0.5,5,selective_risk,0.0,0.0,0.0,0.0,0.0,5
deterministic,robust,0.08,0.25,0.03,mutual_information,clean,0.6,5,selective_risk,0.0,0.0,0.0,0.0,0.0,5
deterministic,robust,0.08,0.25,0.03,mutual_information,clean,0.7,5,selective_risk,0.0,0.0,0.0,0.0,0.0,5
deterministic,robust,0.08,0.25,0.03,mutual_information,clean,0.8,5,selective_risk,0.0,0.0,0.0,0.0,0.0,5
deterministic,robust,0.08,0.25,0.03,mutual_information,clean,0.9,5,selective_risk,0.0,0.0,0.0,0.0,0.0,5
deterministic,robust,0.08,0.25,0.03,mutual_information,clean,1.0,5,selective_risk,0.0,0.0,0.0,0.0,0.0,5
deterministic,robust,0.08,0.25,0.03,mutual_information,delta,0.1,5,selective_risk,0.0,0.0,0.0,0.0,0.0,5
deterministic,robust,0.08,0.25,0.03,mutual_information,delta,0.2,5,selective_risk,0.0,0.0,0.0,0.0,0.0,5
deterministic,robust,0.08,0.25,0.03,mutual_information,delta,0.3,5,selective_risk,0.0,0.0,0.0,0.0,0.0,5
deterministic,robust,0.08,0.25,0.03,mutual_information,delta,0.4,5,selective_risk,0.0,0.0,0.0,0.0,0.0,5
deterministic,robust,0.08,0.25,0.03,mutual_information,delta,0.5,5,selective_risk,0.0,0.0,0.0,0.0,0.0,5
deterministic,robust,0.08,0.25,0.03,mutual_information,delta,0.6,5,selective_risk,0.0,0.0,0.0,0.0,0.0,5
deterministic,robust,0.08,0.25,0.03,mutual_information,delta,0.7,5,selective_risk,0.0,0.0,0.0,0.0,0.0,5
deterministic,robust,0.08,0.25,0.03,mutual_information,delta,0.8,5,selective_risk,0.0,0.0,0.0,0.0,0.0,5
deterministic,robust,0.08,0.25,0.03,mutual_information,delta,0.9,5,selective_risk,0.0,0.0,0.0,0.0,0.0,5
deterministic,robust,0.08,0.25,0.03,mutual_information,delta,1.0,5,selective_risk,0.0,0.0,0.0,0.0,0.0,5
deterministic,robust,0.08,0.25,0.03,one_minus_confidence,adv,0.1,5,selective_risk,0.0,0.0,0.0,0.0,0.0,5
deterministic,robust,0.08,0.25,0.03,one_minus_confidence,adv,0.2,5,selective_risk,0.0,0.0,0.0,0.0,0.0,5
deterministic,robust,0.08,0.25,0.03,one_minus_confidence,adv,0.3,5,selective_risk,0.0,0.0,0.0,0.0,0.0,5
deterministic,robust,0.08,0.25,0.03,one_minus_confidence,adv,0.4,5,selective_risk,0.0,0.0,0.0,0.0,0.0,5
deterministic,robust,0.08,0.25,0.03,one_minus_confidence,adv,0.5,5,selective_risk,0.0,0.0,0.0,0.0,0.0,5
deterministic,robust,0.08,0.25,0.03,one_minus_confidence,adv,0.6,5,selective_risk,0.0,0.0,0.0,0.0,0.0,5
deterministic,robust,0.08,0.25,0.03,one_minus_confidence,adv,0.7,5,selective_risk,0.0,0.0,0.0,0.0,0.0,5
deterministic,robust,0.08,0.25,0.03,one_minus_confidence,adv,0.8,5,selective_risk,0.0,0.0,0.0,0.0,0.0,5
deterministic,robust,0.08,0.25,0.03,one_minus_confidence,adv,0.9,5,selective_risk,0.0,0.0,0.0,0.0,0.0,5
deterministic,robust,0.08,0.25,0.03,one_minus_confidence,adv,1.0,5,selective_risk,0.0,0.0,0.0,0.0,0.0,5
deterministic,robust,0.08,0.25,0.03,one_minus_confidence,clean,0.1,5,selective_risk,0.0,0.0,0.0,0.0,0.0,5
deterministic,robust,0.08,0.25,0.03,one_minus_confidence,clean,0.2,5,selective_risk,0.0,0.0,0.0,0.0,0.0,5
deterministic,robust,0.08,0.25,0.03,one_minus_confidence,clean,0.3,5,selective_risk,0.0,0.0,0.0,0.0,0.0,5
deterministic,robust,0.08,0.25,0.03,one_minus_confidence,clean,0.4,5,selective_risk,0.0,0.0,0.0,0.0,0.0,5
deterministic,robust,0.08,0.25,0.03,one_minus_confidence,clean,0.5,5,selective_risk,0.0,0.0,0.0,0.0,0.0,5
deterministic,robust,0.08,0.25,0.03,one_minus_confidence,clean,0.6,5,selective_risk,0.0,0.0,0.0,0.0,0.0,5
deterministic,robust,0.08,0.25,0.03,one_minus_confidence,clean,0.7,5,selective_risk,0.0,0.0,0.0,0.0,0.0,5
deterministic,robust,0.08,0.25,0.03,one_minus_confidence,clean,0.8,5,selective_risk,0.0,0.0,0.0,0.0,0.0,5
deterministic,robust,0.08,0.25,0.03,one_minus_confidence,clean,0.9,5,selective_risk,0.0,0.0,0.0,0.0,0.0,5
deterministic,robust,0.08,0.25,0.03,one_minus_confidence,clean,1.0,5,selective_risk,0.0,0.0,0.0,0.0,0.0,5
deterministic,robust,0.08,0.25,0.03,one_minus_confidence,delta,0.1,5,selective_risk,0.0,0.0,0.0,0.0,0.0,5
deterministic,robust,0.08,0.25,0.03,one_minus_confidence,delta,0.2,5,selective_risk,0.0,0.0,0.0,0.0,0.0,5
deterministic,robust,0.08,0.25,0.03,one_minus_confidence,delta,0.3,5,selective_risk,0.0,0.0,0.0,0.0,0.0,5
deterministic,robust,0.08,0.25,0.03,one_minus_confidence,delta,0.4,5,selective_risk,0.0,0.0,0.0,0.0,0.0,5
deterministic,robust,0.08,0.25,0.03,one_minus_confidence,delta,0.5,5,selective_risk,0.0,0.0,0.0,0.0,0.0,5
deterministic,robust,0.08,0.25,0.03,one_minus_confidence,delta,0.6,5,selective_risk,0.0,0.0,0.0,0.0,0.0,5
deterministic,robust,0.08,0.25,0.03,one_minus_confidence,delta,0.7,5,selective_risk,0.0,0.0,0.0,0.0,0.0,5
deterministic,robust,0.08,0.25,0.03,one_minus_confidence,delta,0.8,5,selective_risk,0.0,0.0,0.0,0.0,0.0,5
deterministic,robust,0.08,0.25,0.03,one_minus_confidence,delta,0.9,5,selective_risk,0.0,0.0,0.0,0.0,0.0,5
deterministic,robust,0.08,0.25,0.03,one_minus_confidence,delta,1.0,5,selective_risk,0.0,0.0,0.0,0.0,0.0,5
deterministic,robust,0.08,0.25,0.05,mutual_information,adv,0.1,5,selective_risk,0.0,0.0,0.0,0.0,0.0,5
deterministic,robust,0.08,0.25,0.05,mutual_information,adv,0.2,5,selective_risk,0.0,0.0,0.0,0.0,0.0,5
deterministic,robust,0.08,0.25,0.05,mutual_information,adv,0.3,5,selective_risk,0.0,0.0,0.0,0.0,0.0,5
deterministic,robust,0.08,0.25,0.05,mutual_information,adv,0.4,5,selective_risk,0.0,0.0,0.0,0.0,0.0,5
deterministic,robust,0.08,0.25,0.05,mutual_information,adv,0.5,5,selective_risk,0.0,0.0,0.0,0.0,0.0,5
deterministic,robust,0.08,0.25,0.05,mutual_information,adv,0.6,5,selective_risk,0.0,0.0,0.0,0.0,0.0,5
deterministic,robust,0.08,0.25,0.05,mutual_information,adv,0.7,5,selective_risk,0.0,0.0,0.0,0.0,0.0,5
deterministic,robust,0.08,0.25,0.05,mutual_information,adv,0.8,5,selective_risk,0.0,0.0,0.0,0.0,0.0,5
deterministic,robust,0.08,0.25,0.05,mutual_information,adv,0.9,5,selective_risk,0.0,0.0,0.0,0.0,0.0,5
deterministic,robust,0.08,0.25,0.05,mutual_information,adv,1.0,5,selective_risk,0.0,0.0,0.0,0.0,0.0,5
deterministic,robust,0.08,0.25,0.05,mutual_information,clean,0.1,5,selective_risk,0.0,0.0,0.0,0.0,0.0,5
deterministic,robust,0.08,0.25,0.05,mutual_information,clean,0.2,5,selective_risk,0.0,0.0,0.0,0.0,0.0,5
deterministic,robust,0.08,0.25,0.05,mutual_information,clean,0.3,5,selective_risk,0.0,0.0,0.0,0.0,0.0,5
deterministic,robust,0.08,0.25,0.05,mutual_information,clean,0.4,5,selective_risk,0.0,0.0,0.0,0.0,0.0,5
deterministic,robust,0.08,0.25,0.05,mutual_information,clean,0.5,5,selective_risk,0.0,0.0,0.0,0.0,0.0,5
deterministic,robust,0.08,0.25,0.05,mutual_information,clean,0.6,5,selective_risk,0.0,0.0,0.0,0.0,0.0,5
deterministic,robust,0.08,0.25,0.05,mutual_information,clean,0.7,5,selective_risk,0.0,0.0,0.0,0.0,0.0,5
deterministic,robust,0.08,0.25,0.05,mutual_information,clean,0.8,5,selective_risk,0.0,0.0,0.0,0.0,0.0,5
deterministic,robust,0.08,0.25,0.05,mutual_information,clean,0.9,5,selective_risk,0.0,0.0,0.0,0.0,0.0,5
deterministic,robust,0.08,0.25,0.05,mutual_information,clean,1.0,5,selective_risk,0.0,0.0,0.0,0.0,0.0,5
deterministic,robust,0.08,0.25,0.05,mutual_information,delta,0.1,5,selective_risk,0.0,0.0,0.0,0.0,0.0,5
deterministic,robust,0.08,0.25,0.05,mutual_information,delta,0.2,5,selective_risk,0.0,0.0,0.0,0.0,0.0,5
deterministic,robust,0.08,0.25,0.05,mutual_information,delta,0.3,5,selective_risk,0.0,0.0,0.0,0.0,0.0,5
deterministic,robust,0.08,0.25,0.05,mutual_information,delta,0.4,5,selective_risk,0.0,0.0,0.0,0.0,0.0,5
deterministic,robust,0.08,0.25,0.05,mutual_information,delta,0.5,5,selective_risk,0.0,0.0,0.0,0.0,0.0,5
deterministic,robust,0.08,0.25,0.05,mutual_information,delta,0.6,5,selective_risk,0.0,0.0,0.0,0.0,0.0,5
deterministic,robust,0.08,0.25,0.05,mutual_information,delta,0.7,5,selective_risk,0.0,0.0,0.0,0.0,0.0,5
deterministic,robust,0.08,0.25,0.05,mutual_information,delta,0.8,5,selective_risk,0.0,0.0,0.0,0.0,0.0,5
deterministic,robust,0.08,0.25,0.05,mutual_information,delta,0.9,5,selective_risk,0.0,0.0,0.0,0.0,0.0,5
deterministic,robust,0.08,0.25,0.05,mutual_information,delta,1.0,5,selective_risk,0.0,0.0,0.0,0.0,0.0,5
deterministic,robust,0.08,0.25,0.05,one_minus_confidence,adv,0.1,5,selective_risk,0.0,0.0,0.0,0.0,0.0,5
deterministic,robust,0.08,0.25,0.05,one_minus_confidence,adv,0.2,5,selective_risk,0.0,0.0,0.0,0.0,0.0,5
deterministic,robust,0.08,0.25,0.05,one_minus_confidence,adv,0.3,5,selective_risk,0.0,0.0,0.0,0.0,0.0,5
deterministic,robust,0.08,0.25,0.05,one_minus_confidence,adv,0.4,5,selective_risk,0.0,0.0,0.0,0.0,0.0,5
deterministic,robust,0.08,0.25,0.05,one_minus_confidence,adv,0.5,5,selective_risk,0.0,0.0,0.0,0.0,0.0,5
deterministic,robust,0.08,0.25,0.05,one_minus_confidence,adv,0.6,5,selective_risk,0.0,0.0,0.0,0.0,0.0,5
deterministic,robust,0.08,0.25,0.05,one_minus_confidence,adv,0.7,5,selective_risk,0.0,0.0,0.0,0.0,0.0,5
deterministic,robust,0.08,0.25,0.05,one_minus_confidence,adv,0.8,5,selective_risk,0.0,0.0,0.0,0.0,0.0,5
deterministic,robust,0.08,0.25,0.05,one_minus_confidence,adv,0.9,5,selective_risk,0.0,0.0,0.0,0.0,0.0,5
deterministic,robust,0.08,0.25,0.05,one_minus_confidence,adv,1.0,5,selective_risk,0.0,0.0,0.0,0.0,0.0,5
deterministic,robust,0.08,0.25,0.05,one_minus_confidence,clean,0.1,5,selective_risk,0.0,0.0,0.0,0.0,0.0,5
deterministic,robust,0.08,0.25,0.05,one_minus_confidence,clean,0.2,5,selective_risk,0.0,0.0,0.0,0.0,0.0,5
deterministic,robust,0.08,0.25,0.05,one_minus_confidence,clean,0.3,5,selective_risk,0.0,0.0,0.0,0.0,0.0,5
deterministic,robust,0.08,0.25,0.05,one_minus_confidence,clean,0.4,5,selective_risk,0.0,0.0,0.0,0.0,0.0,5
deterministic,robust,0.08,0.25,0.05,one_minus_confidence,clean,0.5,5,selective_risk,0.0,0.0,0.0,0.0,0.0,5
deterministic,robust,0.08,0.25,0.05,one_minus_confidence,clean,0.6,5,selective_risk,0.0,0.0,0.0,0.0,0.0,5
deterministic,robust,0.08,0.25,0.05,one_minus_confidence,clean,0.7,5,selective_risk,0.0,0.0,0.0,0.0,0.0,5
deterministic,robust,0.08,0.25,0.05,one_minus_confidence,clean,0.8,5,selective_risk,0.0,0.0,0.0,0.0,0.0,5
deterministic,robust,0.08,0.25,0.05,one_minus_confidence,clean,0.9,5,selective_risk,0.0,0.0,0.0,0.0,0.0,5
deterministic,robust,0.08,0.25,0.05,one_minus_confidence,clean,1.0,5,selective_risk,0.0,0.0,0.0,0.0,0.0,5
deterministic,robust,0.08,0.25,0.05,one_minus_confidence,delta,0.1,5,selective_risk,0.0,0.0,0.0,0.0,0.0,5
deterministic,robust,0.08,0.25,0.05,one_minus_confidence,delta,0.2,5,selective_risk,0.0,0.0,0.0,0.0,0.0,5
deterministic,robust,0.08,0.25,0.05,one_minus_confidence,delta,0.3,5,selective_risk,0.0,0.0,0.0,0.0,0.0,5
deterministic,robust,0.08,0.25,0.05,one_minus_confidence,delta,0.4,5,selective_risk,0.0,0.0,0.0,0.0,0.0,5
deterministic,robust,0.08,0.25,0.05,one_minus_confidence,delta,0.5,5,selective_risk,0.0,0.0,0.0,0.0,0.0,5
deterministic,robust,0.08,0.25,0.05,one_minus_confidence,delta,0.6,5,selective_risk,0.0,0.0,0.0,0.0,0.0,5
deterministic,robust,0.08,0.25,0.05,one_minus_confidence,delta,0.7,5,selective_risk,0.0,0.0,0.0,0.0,0.0,5
deterministic,robust,0.08,0.25,0.05,one_minus_confidence,delta,0.8,5,selective_risk,0.0,0.0,0.0,0.0,0.0,5
deterministic,robust,0.08,0.25,0.05,one_minus_confidence,delta,0.9,5,selective_risk,0.0,0.0,0.0,0.0,0.0,5
deterministic,robust,0.08,0.25,0.05,one_minus_confidence,delta,1.0,5,selective_risk,0.0,0.0,0.0,0.0,0.0,5
deterministic,robust,0.08,0.25,0.07,mutual_information,adv,0.1,5,selective_risk,0.04,0.08944271909999159,0.04,-0.07103999999999999,0.15104,5
deterministic,robust,0.08,0.25,0.07,mutual_information,adv,0.2,5,selective_risk,0.02,0.044721359549995794,0.02,-0.035519999999999996,0.07552,5
deterministic,robust,0.08,0.25,0.07,mutual_information,adv,0.3,5,selective_risk,0.026666666666666665,0.03651483716701107,0.01632993161855452,-0.018665223506440676,0.071998556839774,5
deterministic,robust,0.08,0.25,0.07,mutual_information,adv,0.4,5,selective_risk,0.05,0.06123724356957945,0.027386127875258303,-0.026023890981717035,0.12602389098171704,5
deterministic,robust,0.08,0.25,0.07,mutual_information,adv,0.5,5,selective_risk,0.048,0.04381780460041329,0.019595917942265423,-0.006398268207728812,0.10239826820772882,5
deterministic,robust,0.08,0.25,0.07,mutual_information,adv,0.6,5,selective_risk,0.04666666666666667,0.0380058475033046,0.016996731711975948,-0.0005162605657785604,0.0938495938991119,5
deterministic,robust,0.08,0.25,0.07,mutual_information,adv,0.7,5,selective_risk,0.045714285714285714,0.038332593899996395,0.017142857142857144,-0.0018742857142857103,0.09330285714285713,5
deterministic,robust,0.08,0.25,0.07,mutual_information,adv,0.8,5,selective_risk,0.05,0.03952847075210474,0.017677669529663688,0.0009267893856536105,0.0990732106143464,5
deterministic,robust,0.08,0.25,0.07,mutual_information,adv,0.9,5,selective_risk,0.04444444444444444,0.03513641844631533,0.015713484026367724,0.0008238127872476422,0.08806507610164124,5
deterministic,robust,0.08,0.25,0.07,mutual_information,adv,1.0,5,selective_risk,0.04,0.03162277660168379,0.014142135623730949,0.0007414315085228912,0.07925856849147711,5
deterministic,robust,0.08,0.25,0.07,mutual_information,clean,0.1,5,selective_risk,0.04,0.08944271909999159,0.04,-0.07103999999999999,0.15104,5
deterministic,robust,0.08,0.25,0.07,mutual_information,clean,0.2,5,selective_risk,0.1,0.1,0.044721359549995794,-0.024146494110788314,0.22414649411078832,5
deterministic,robust,0.08,0.25,0.07,mutual_information,clean,0.3,5,selective_risk,0.10666666666666669,0.10110500592068734,0.04521553322083512,-0.0188516535543716,0.23218498688770497,5
deterministic,robust,0.08,0.25,0.07,mutual_information,clean,0.4,5,selective_risk,0.08,0.0758287544405155,0.033911649915626334,-0.014138740165778693,0.17413874016577868,5
deterministic,robust,0.08,0.25,0.07,mutual_information,clean,0.5,5,selective_risk,0.064,0.06066300355241241,0.027129319932501072,-0.011310992132622974,0.139310992132623,5
deterministic,robust,0.08,0.25,0.07,mutual_information,clean,0.6,5,selective_risk,0.053333333333333344,0.05055250296034367,0.02260776661041756,-0.0094258267771858,0.11609249344385249,5
deterministic,robust,0.08,0.25,0.07,mutual_information,clean,0.7,5,selective_risk,0.045714285714285714,0.04333071682315172,0.019378085666072194,-0.00807928009473069,0.09950785152330212,5
deterministic,robust,0.08,0.25,0.07,mutual_information,clean,0.8,5,selective_risk,0.04,0.03791437722025775,0.016955824957813167,-0.007069370082889347,0.08706937008288934,5
deterministic,robust,0.08,0.25,0.07,mutual_information,clean,0.9,5,selective_risk,0.03555555555555555,0.03370166864022912,0.015071844406945041,-0.006283884518123881,0.07739499562923498,5
deterministic,robust,0.08,0.25,0.07,mutual_information,clean,1.0,5,selective_risk,0.04,0.03162277660168379,0.014142135623730949,0.0007414315085228912,0.07925856849147711,5
deterministic,robust,0.08,0.25,0.07,mutual_information,delta,0.1,5,selective_risk,0.04,0.08944271909999159,0.04,-0.07103999999999999,0.15104,5
deterministic,robust,0.08,0.25,0.07,mutual_information,delta,0.2,5,selective_risk,0.06000000000000001,0.0894427190999916,0.04000000000000001,-0.05104,0.17104000000000003,5
deterministic,robust,0.08,0.25,0.07,mutual_information,delta,0.3,5,selective_risk,0.04,0.05962847939999438,0.02666666666666666,-0.03402666666666664,0.11402666666666664,5
deterministic,robust,0.08,0.25,0.07,mutual_information,delta,0.4,5,selective_risk,0.030000000000000006,0.0447213595499958,0.020000000000000004,-0.02552,0.08552000000000001,5
deterministic,robust,0.08,0.25,0.07,mutual_information,delta,0.5,5,selective_risk,0.048,0.03346640106136302,0.014966629547095763,0.006452636377262164,0.08954736362273784,5
deterministic,robust,0.08,0.25,0.07,mutual_information,delta,0.6,5,selective_risk,0.04,0.02788866755113585,0.012472191289246471,0.005377196981051803,0.07462280301894819,5
deterministic,robust,0.08,0.25,0.07,mutual_information,delta,0.7,5,selective_risk,0.039999999999999994,0.03257644071711823,0.014568627181693671,-0.0004425090563816361,0.08044250905638162,5
deterministic,robust,0.08,0.25,0.07,mutual_information,delta,0.8,5,selective_risk,0.04,0.03354101966249685,0.015,-0.0016399999999999956,0.08163999999999999,5
deterministic,robust,0.08,0.25,0.07,mutual_information,delta,0.9,5,selective_risk,0.03555555555555555,0.029814239699997195,0.013333333333333332,-0.00145777777777778,0.07256888888888888,5
deterministic,robust,0.08,0.25,0.07,mutual_information,delta,1.0,5,selective_risk,0.04,0.03162277660168379,0.014142135623730949,0.0007414315085228912,0.07925856849147711,5
deterministic,robust,0.08,0.25,0.07,one_minus_confidence,adv,0.1,5,selective_risk,0.0,0.0,0.0,0.0,0.0,5
deterministic,robust,0.08,0.25,0.07,one_minus_confidence,adv,0.2,5,selective_risk,0.0,0.0,0.0,0.0,0.0,5
deterministic,robust,0.08,0.25,0.07,one_minus_confidence,adv,0.3,5,selective_risk,0.0,0.0,0.0,0.0,0.0,5
deterministic,robust,0.08,0.25,0.07,one_minus_confidence,adv,0.4,5,selective_risk,0.0,0.0,0.0,0.0,0.0,5
deterministic,robust,0.08,0.25,0.07,one_minus_confidence,adv,0.5,5,selective_risk,0.0,0.0,0.0,0.0,0.0,5
deterministic,robust,0.08,0.25,0.07,one_minus_confidence,adv,0.6,5,selective_risk,0.0,0.0,0.0,0.0,0.0,5
deterministic,robust,0.08,0.25,0.07,one_minus_confidence,adv,0.7,5,selective_risk,0.0,0.0,0.0,0.0,0.0,5
deterministic,robust,0.08,0.25,0.07,one_minus_confidence,adv,0.8,5,selective_risk,0.0,0.0,0.0,0.0,0.0,5
deterministic,robust,0.08,0.25,0.07,one_minus_confidence,adv,0.9,5,selective_risk,0.013333333333333332,0.012171612389003692,0.005443310539518174,-0.001777296724369118,0.028443963391035783,5
deterministic,robust,0.08,0.25,0.07,one_minus_confidence,adv,1.0,5,selective_risk,0.04,0.03162277660168379,0.014142135623730949,0.0007414315085228912,0.07925856849147711,5
deterministic,robust,0.08,0.25,0.07,one_minus_confidence,clean,0.1,5,selective_risk,0.0,0.0,0.0,0.0,0.0,5
deterministic,robust,0.08,0.25,0.07,one_minus_confidence,clean,0.2,5,selective_risk,0.0,0.0,0.0,0.0,0.0,5
deterministic,robust,0.08,0.25,0.07,one_minus_confidence,clean,0.3,5,selective_risk,0.0,0.0,0.0,0.0,0.0,5
deterministic,robust,0.08,0.25,0.07,one_minus_confidence,clean,0.4,5,selective_risk,0.0,0.0,0.0,0.0,0.0,5
deterministic,robust,0.08,0.25,0.07,one_minus_confidence,clean,0.5,5,selective_risk,0.0,0.0,0.0,0.0,0.0,5
deterministic,robust,0.08,0.25,0.07,one_minus_confidence,clean,0.6,5,selective_risk,0.006666666666666666,0.014907119849998596,0.006666666666666665,-0.011839999999999995,0.025173333333333325,5
deterministic,robust,0.08,0.25,0.07,one_minus_confidence,clean,0.7,5,selective_risk,0.005714285714285714,0.012777531299998797,0.005714285714285713,-0.010148571428571427,0.021577142857142854,5
deterministic,robust,0.08,0.25,0.07,one_minus_confidence,clean,0.8,5,selective_risk,0.01,0.013693063937629153,0.0061237243569579455,-0.006999458814915255,0.026999458814915257,5
deterministic,robust,0.08,0.25,0.07,one_minus_confidence,clean,0.9,5,selective_risk,0.03111111111111111,0.03718489006818114,0.01662958838566196,-0.01505262624748649,0.07727484846970871,5
deterministic,robust,0.08,0.25,0.07,one_minus_confidence,clean,1.0,5,selective_risk,0.04,0.03162277660168379,0.014142135623730949,0.0007414315085228912,0.07925856849147711,5
deterministic,robust,0.08,0.25,0.07,one_minus_confidence,delta,0.1,5,selective_risk,0.0,0.0,0.0,0.0,0.0,5
deterministic,robust,0.08,0.25,0.07,one_minus_confidence,delta,0.2,5,selective_risk,0.0,0.0,0.0,0.0,0.0,5
deterministic,robust,0.08,0.25,0.07,one_minus_confidence,delta,0.3,5,selective_risk,0.0,0.0,0.0,0.0,0.0,5
deterministic,robust,0.08,0.25,0.07,one_minus_confidence,delta,0.4,5,selective_risk,0.0,0.0,0.0,0.0,0.0,5
deterministic,robust,0.08,0.25,0.07,one_minus_confidence,delta,0.5,5,selective_risk,0.0,0.0,0.0,0.0,0.0,5
deterministic,robust,0.08,0.25,0.07,one_minus_confidence,delta,0.6,5,selective_risk,0.0,0.0,0.0,0.0,0.0,5
deterministic,robust,0.08,0.25,0.07,one_minus_confidence,delta,0.7,5,selective_risk,0.0,0.0,0.0,0.0,0.0,5
deterministic,robust,0.08,0.25,0.07,one_minus_confidence,delta,0.8,5,selective_risk,0.0,0.0,0.0,0.0,0.0,5
deterministic,robust,0.08,0.25,0.07,one_minus_confidence,delta,0.9,5,selective_risk,0.013333333333333332,0.012171612389003692,0.005443310539518174,-0.001777296724369118,0.028443963391035783,5
deterministic,robust,0.08,0.25,0.07,one_minus_confidence,delta,1.0,5,selective_risk,0.04,0.03162277660168379,0.014142135623730949,0.0007414315085228912,0.07925856849147711,5
deterministic,robust,0.08,0.25,0.08,mutual_information,adv,0.1,5,selective_risk,0.08,0.10954451150103323,0.048989794855663564,-0.05599567051932204,0.21599567051932206,5
deterministic,robust,0.08,0.25,0.08,mutual_information,adv,0.2,5,selective_risk,0.04,0.05477225575051661,0.024494897427831782,-0.02799783525966102,0.10799783525966103,5
deterministic,robust,0.08,0.25,0.08,mutual_information,adv,0.3,5,selective_risk,0.05333333333333333,0.0557773351022717,0.024944382578492942,-0.015912272704563066,0.12257893937122973,5
deterministic,robust,0.08,0.25,0.08,mutual_information,adv,0.4,5,selective_risk,0.06999999999999999,0.0570087712549569,0.025495097567963924,-0.000774390848667858,0.14077439084866783,5
deterministic,robust,0.08,0.25,0.08,mutual_information,adv,0.5,5,selective_risk,0.072,0.06572670690061994,0.029393876913398138,-0.009597402311593228,0.15359740231159322,5
deterministic,robust,0.08,0.25,0.08,mutual_information,adv,0.6,5,selective_risk,0.06000000000000001,0.054772255750516606,0.02449489742783178,-0.007997835259660996,0.12799783525966102,5
deterministic,robust,0.08,0.25,0.08,mutual_information,adv,0.7,5,selective_risk,0.09142857142857143,0.03129843185743806,0.013997084244475301,0.052572665565908,0.13028447729123485,5
deterministic,robust,0.08,0.25,0.08,mutual_information,adv,0.8,5,selective_risk,0.08499999999999999,0.0223606797749979,0.010000000000000002,0.057239999999999985,0.11276,5
deterministic,robust,0.08,0.25,0.08,mutual_information,adv,0.9,5,selective_risk,0.08444444444444445,0.009938079899999067,0.004444444444444445,0.07210666666666667,0.09678222222222223,5
deterministic,robust,0.08,0.25,0.08,mutual_information,adv,1.0,5,selective_risk,0.08,0.0,0.0,0.08,0.08,5
deterministic,robust,0.08,0.25,0.08,mutual_information,clean,0.1,5,selective_risk,0.12000000000000002,0.10954451150103323,0.048989794855663564,-0.01599567051932202,0.25599567051932204,5
deterministic,robust,0.08,0.25,0.08,mutual_information,clean,0.2,5,selective_risk,0.18,0.08366600265340754,0.0374165738677394,0.07613159094315541,0.2838684090568446,5
deterministic,robust,0.08,0.25,0.08,mutual_information,clean,0.3,5,selective_risk,0.2,0.04714045207910317,0.021081851067789193,0.1414767814358172,0.2585232185641828,5
deterministic,robust,0.08,0.25,0.08,mutual_information,clean,0.4,5,selective_risk,0.16,0.022360679774997907,0.010000000000000004,0.13224,0.18776,5
deterministic,robust,0.08,0.25,0.08,mutual_information,clean,0.5,5,selective_risk,0.128,0.01788854381999832,0.008,0.105792,0.150208,5
deterministic,robust,0.08,0.25,0.08,mutual_information,clean,0.6,5,selective_risk,0.10666666666666666,0.014907119849998594,0.0066666666666666645,0.08816,0.12517333333333333,5
deterministic,robust,0.08,0.25,0.08,mutual_information,clean,0.7,5,selective_risk,0.09142857142857144,0.012777531299998797,0.005714285714285713,0.0755657142857143,0.10729142857142858,5
deterministic,robust,0.08,0.25,0.08,mutual_information,clean,0.8,5,selective_risk,0.08,0.011180339887498954,0.005000000000000002,0.06612,0.09388,5
deterministic,robust,0.08,0.25,0.08,mutual_information,clean,0.9,5,selective_risk,0.0711111111111111,0.009938079899999067,0.004444444444444445,0.058773333333333316,0.08344888888888888,5
deterministic,robust,0.08,0.25,0.08,mutual_information,clean,1.0,5,selective_risk,0.08,0.0,0.0,0.08,0.08,5
deterministic,robust,0.08,0.25,0.08,mutual_information,delta,0.1,5,selective_risk,0.08,0.10954451150103323,0.048989794855663564,-0.05599567051932204,0.21599567051932206,5
deterministic,robust,0.08,0.25,0.08,mutual_information,delta,0.2,5,selective_risk,0.06000000000000001,0.05477225575051661,0.024494897427831782,-0.00799783525966101,0.12799783525966102,5
deterministic,robust,0.08,0.25,0.08,mutual_information,delta,0.3,5,selective_risk,0.05333333333333333,0.0557773351022717,0.024944382578492942,-0.015912272704563066,0.12257893937122973,5
deterministic,robust,0.08,0.25,0.08,mutual_information,delta,0.4,5,selective_risk,0.06000000000000001,0.06519202405202648,0.029154759474226497,-0.020933612300452736,0.14093361230045276,5
deterministic,robust,0.08,0.25,0.08,mutual_information,delta,0.5,5,selective_risk,0.05600000000000001,0.045607017003965515,0.020396078054371138,-0.0006195126789342656,0.11261951267893427,5
deterministic,robust,0.08,0.25,0.08,mutual_information,delta,0.6,5,selective_risk,0.06666666666666668,0.05270462766947299,0.023570226039551584,0.0012357191808714807,0.13209761415246188,5
deterministic,robust,0.08,0.25,0.08,mutual_information,delta,0.7,5,selective_risk,0.06285714285714286,0.03725258517258657,0.01665986255670086,0.016609364399741276,0.10910492131454444,5
deterministic,robust,0.08,0.25,0.08,mutual_information,delta,0.8,5,selective_risk,0.07,0.03259601202601325,0.014577379737113252,0.02953319384977362,0.11046680615022639,5
deterministic,robust,0.08,0.25,0.08,mutual_information,delta,0.9,5,selective_risk,0.07111111111111111,0.01859244503409057,0.00831479419283098,0.04802924243181231,0.09419297979040991,5
deterministic,robust,0.08,0.25,0.08,mutual_information,delta,1.0,5,selective_risk,0.08,0.0,0.0,0.08,0.08,5
deterministic,robust,0.08,0.25,0.08,one_minus_confidence,adv,0.1,5,selective_risk,0.0,0.0,0.0,0.0,0.0,5
deterministic,robust,0.08,0.25,0.08,one_minus_confidence,adv,0.2,5,selective_risk,0.0,0.0,0.0,0.0,0.0,5
deterministic,robust,0.08,0.25,0.08,one_minus_confidence,adv,0.3,5,selective_risk,0.0,0.0,0.0,0.0,0.0,5
deterministic,robust,0.08,0.25,0.08,one_minus_confidence,adv,0.4,5,selective_risk,0.0,0.0,0.0,0.0,0.0,5
deterministic,robust,0.08,0.25,0.08,one_minus_confidence,adv,0.5,5,selective_risk,0.0,0.0,0.0,0.0,0.0,5
deterministic,robust,0.08,0.25,0.08,one_minus_confidence,adv,0.6,5,selective_risk,0.0,0.0,0.0,0.0,0.0,5
deterministic,robust,0.08,0.25,0.08,one_minus_confidence,adv,0.7,5,selective_risk,0.0,0.0,0.0,0.0,0.0,5
deterministic,robust,0.08,0.25,0.08,one_minus_confidence,adv,0.8,5,selective_risk,0.0,0.0,0.0,0.0,0.0,5
deterministic,robust,0.08,0.25,0.08,one_minus_confidence,adv,0.9,5,selective_risk,0.035555555555555556,0.01987615979999813,0.008888888888888889,0.01088,0.06023111111111111,5
deterministic,robust,0.08,0.25,0.08,one_minus_confidence,adv,1.0,5,selective_risk,0.08,0.0,0.0,0.08,0.08,5
deterministic,robust,0.08,0.25,0.08,one_minus_confidence,clean,0.1,5,selective_risk,0.0,0.0,0.0,0.0,0.0,5
deterministic,robust,0.08,0.25,0.08,one_minus_confidence,clean,0.2,5,selective_risk,0.0,0.0,0.0,0.0,0.0,5
deterministic,robust,0.08,0.25,0.08,one_minus_confidence,clean,0.3,5,selective_risk,0.013333333333333332,0.02981423969999719,0.01333333333333333,-0.02367999999999999,0.05034666666666665,5
deterministic,robust,0.08,0.25,0.08,one_minus_confidence,clean,0.4,5,selective_risk,0.01,0.022360679774997897,0.01,-0.017759999999999998,0.03776,5
deterministic,robust,0.08,0.25,0.08,one_minus_confidence,clean,0.5,5,selective_risk,0.008,0.01788854381999832,0.008,-0.014207999999999998,0.030208,5
deterministic,robust,0.08,0.25,0.08,one_minus_confidence,clean,0.6,5,selective_risk,0.02,0.018257418583505537,0.00816496580927726,-0.00266594508655367,0.04266594508655367,5
deterministic,robust,0.08,0.25,0.08,one_minus_confidence,clean,0.7,5,selective_risk,0.022857142857142857,0.012777531299998797,0.005714285714285713,0.006994285714285717,0.03872,5
deterministic,robust,0.08,0.25,0.08,one_minus_confidence,clean,0.8,5,selective_risk,0.04,0.028504385627478448,0.01274754878398196,0.004612804575666082,0.07538719542433392,5
deterministic,robust,0.08,0.25,0.08,one_minus_confidence,clean,0.9,5,selective_risk,0.06666666666666668,0.015713484026367724,0.0070272836892630655,0.04715892714527241,0.08617440618806095,5
deterministic,robust,0.08,0.25,0.08,one_minus_confidence,clean,1.0,5,selective_risk,0.08,0.0,0.0,0.08,0.08,5
deterministic,robust,0.08,0.25,0.08,one_minus_confidence,delta,0.1,5,selective_risk,0.0,0.0,0.0,0.0,0.0,5
deterministic,robust,0.08,0.25,0.08,one_minus_confidence,delta,0.2,5,selective_risk,0.0,0.0,0.0,0.0,0.0,5
deterministic,robust,0.08,0.25,0.08,one_minus_confidence,delta,0.3,5,selective_risk,0.0,0.0,0.0,0.0,0.0,5
deterministic,robust,0.08,0.25,0.08,one_minus_confidence,delta,0.4,5,selective_risk,0.0,0.0,0.0,0.0,0.0,5
deterministic,robust,0.08,0.25,0.08,one_minus_confidence,delta,0.5,5,selective_risk,0.0,0.0,0.0,0.0,0.0,5
deterministic,robust,0.08,0.25,0.08,one_minus_confidence,delta,0.6,5,selective_risk,0.0,0.0,0.0,0.0,0.0,5
deterministic,robust,0.08,0.25,0.08,one_minus_confidence,delta,0.7,5,selective_risk,0.0,0.0,0.0,0.0,0.0,5
deterministic,robust,0.08,0.25,0.08,one_minus_confidence,delta,0.8,5,selective_risk,0.005,0.011180339887498949,0.005,-0.008879999999999999,0.01888,5
deterministic,robust,0.08,0.25,0.08,one_minus_confidence,delta,0.9,5,selective_risk,0.035555555555555556,0.01987615979999813,0.008888888888888889,0.01088,0.06023111111111111,5
deterministic,robust,0.08,0.25,0.08,one_minus_confidence,delta,1.0,5,selective_risk,0.08,0.0,0.0,0.08,0.08,5
deterministic,robust,0.08,0.25,0.1,mutual_information,adv,0.1,5,selective_risk,0.0,0.0,0.0,0.0,0.0,5
deterministic,robust,0.08,0.25,0.1,mutual_information,adv,0.2,5,selective_risk,0.04,0.05477225575051662,0.024494897427831782,-0.02799783525966102,0.10799783525966103,5
deterministic,robust,0.08,0.25,0.1,mutual_information,adv,0.3,5,selective_risk,0.10666666666666666,0.10110500592068734,0.04521553322083512,-0.018851653554371628,0.23218498688770495,5
deterministic,robust,0.08,0.25,0.1,mutual_information,adv,0.4,5,selective_risk,0.14,0.08215838362577492,0.03674234614174767,0.03800324711050848,0.24199675288949155,5
deterministic,robust,0.08,0.25,0.1,mutual_information,adv,0.5,5,selective_risk,0.16800000000000004,0.0867179335547152,0.03878143885933063,0.06034272572649822,0.27565727427350184,5
deterministic,robust,0.08,0.25,0.1,mutual_information,adv,0.6,5,selective_risk,0.15333333333333332,0.060553007081949835,0.0270801280154532,0.07815889796243525,0.2285077687042314,5
deterministic,robust,0.08,0.25,0.1,mutual_information,adv,0.7,5,selective_risk,0.1542857142857143,0.05190257749881414,0.023211538298959885,0.08985048396780167,0.21872094460362695,5
deterministic,robust,0.08,0.25,0.1,mutual_information,adv,0.8,5,selective_risk,0.145,0.03708099243547831,0.016583123951777,0.09896524790986705,0.19103475209013293,5
deterministic,robust,0.08,0.25,0.1,mutual_information,adv,0.9,5,selective_risk,0.1422222222222222,0.025337231668869736,0.011331154474650634,0.11076693740059204,0.17367750704385235,5
deterministic,robust,0.08,0.25,0.1,mutual_information,adv,1.0,5,selective_risk,0.132,0.017888543819998323,0.008000000000000002,0.109792,0.154208,5
deterministic,robust,0.08,0.25,0.1,mutual_information,clean,0.1,5,selective_risk,0.32,0.10954451150103323,0.048989794855663564,0.18400432948067796,0.45599567051932205,5
deterministic,robust,0.08,0.25,0.1,mutual_information,clean,0.2,5,selective_risk,0.32,0.08366600265340757,0.03741657386773942,0.2161315909431554,0.42386840905684464,5
deterministic,robust,0.08,0.25,0.1,mutual_information,clean,0.3,5,selective_risk,0.30666666666666664,0.036514837167011066,0.016329931618554516,0.2613347764935593,0.351998556839774,5
deterministic,robust,0.08,0.25,0.1,mutual_information,clean,0.4,5,selective_risk,0.24,0.022360679774997894,0.009999999999999998,0.21223999999999998,0.26776,5
deterministic,robust,0.08,0.25,0.1,mutual_information,clean,0.5,5,selective_risk,0.2,0.028284271247461894,0.012649110640673514,0.16488606886149035,0.23511393113850967,5
deterministic,robust,0.08,0.25,0.1,mutual_information,clean,0.6,5,selective_risk,0.16666666666666666,0.023570226039551587,0.010540925533894598,0.13740505738457526,0.19592827594875806,5
deterministic,robust,0.08,0.25,0.1,mutual_information,clean,0.7,5,selective_risk,0.14285714285714285,0.020203050891044218,0.009035079029052514,0.11777576347249308,0.16793852224179262,5
deterministic,robust,0.08,0.25,0.1,mutual_information,clean,0.8,5,selective_risk,0.125,0.017677669529663684,0.007905694150420946,0.10305379303843146,0.14694620696156854,5
deterministic,robust,0.08,0.25,0.1,mutual_information,clean,0.9,5,selective_risk,0.12,0.012171612389003694,0.005443310539518175,0.10488936994229754,0.13511063005770244,5
deterministic,robust,0.08,0.25,0.1,mutual_information,clean,1.0,5,selective_risk,0.132,0.017888543819998323,0.008000000000000002,0.109792,0.154208,5
deterministic,robust,0.08,0.25,0.1,mutual_information,delta,0.1,5,selective_risk,0.2,0.14142135623730953,0.0632455532033676,0.024430344307451585,0.3755696556925484,5
deterministic,robust,0.08,0.25,0.1,mutual_information,delta,0.2,5,selective_risk,0.13999999999999999,0.08944271909999159,0.04,0.028959999999999986,0.25104,5
deterministic,robust,0.08,0.25,0.1,mutual_information,delta,0.3,5,selective_risk,0.10666666666666666,0.0760116950066092,0.033993463423951896,0.012300812201776201,0.20103252113155712,5
deterministic,robust,0.08,0.25,0.1,mutual_information,delta,0.4,5,selective_risk,0.1,0.07905694150420949,0.035355339059327376,0.001853578771307221,0.1981464212286928,5
deterministic,robust,0.08,0.25,0.1,mutual_information,delta,0.5,5,selective_risk,0.11200000000000002,0.05215361924162119,0.023323807579381198,0.04725311015963782,0.17674688984036221,5
deterministic,robust,0.08,0.25,0.1,mutual_information,delta,0.6,5,selective_risk,0.12,0.0380058475033046,0.016996731711975948,0.07281707276755477,0.1671829272324452,5
deterministic,robust,0.08,0.25,0.1,mutual_information,delta,0.7,5,selective_risk,0.11428571428571428,0.02020305089104421,0.00903507902905251,0.08920433490106451,0.13936709367036404,5
deterministic,robust,0.08,0.25,0.1,mutual_information,delta,0.8,5,selective_risk,0.12,0.027386127875258303,0.01224744871391589,0.08600108237016948,0.1539989176298305,5
deterministic,robust,0.08,0.25,0.1,mutual_information,delta,0.9,5,selective_risk,0.1288888888888889,0.01859244503409057,0.00831479419283098,0.10580702020959008,0.15197075756818768,5
deterministic,robust,0.08,0.25,0.1,mutual_information,delta,1.0,5,selective_risk,0.132,0.017888543819998323,0.008000000000000002,0.109792,0.154208,5
deterministic,robust,0.08,0.25,0.1,one_minus_confidence,adv,0.1,5,selective_risk,0.0,0.0,0.0,0.0,0.0,5
deterministic,robust,0.08,0.25,0.1,one_minus_confidence,adv,0.2,5,selective_risk,0.0,0.0,0.0,0.0,0.0,5
deterministic,robust,0.08,0.25,0.1,one_minus_confidence,adv,0.3,5,selective_risk,0.0,0.0,0.0,0.0,0.0,5
deterministic,robust,0.08,0.25,0.1,one_minus_confidence,adv,0.4,5,selective_risk,0.0,0.0,0.0,0.0,0.0,5
deterministic,robust,0.08,0.25,0.1,one_minus_confidence,adv,0.5,5,selective_risk,0.008,0.01788854381999832,0.008,-0.014207999999999998,0.030208,5
deterministic,robust,0.08,0.25,0.1,one_minus_confidence,adv,0.6,5,selective_risk,0.026666666666666665,0.02788866755113585,0.012472191289246471,-0.007956136352281533,0.06128946968561486,5
deterministic,robust,0.08,0.25,0.1,one_minus_confidence,adv,0.7,5,selective_risk,0.04,0.03257644071711823,0.014568627181693671,-0.0004425090563816292,0.08044250905638163,5
deterministic,robust,0.08,0.25,0.1,one_minus_confidence,adv,0.8,5,selective_risk,0.06999999999999999,0.02091650066335189,0.009354143466934852,0.04403289773578885,0.09596710226421114,5
deterministic,robust,0.08,0.25,0.1,one_minus_confidence,adv,0.9,5,selective_risk,0.09777777777777777,0.019876159799998128,0.008888888888888887,0.07310222222222222,0.12245333333333332,5
deterministic,robust,0.08,0.25,0.1,one_minus_confidence,adv,1.0,5,selective_risk,0.132,0.017888543819998323,0.008000000000000002,0.109792,0.154208,5
deterministic,robust,0.08,0.25,0.1,one_minus_confidence,clean,0.1,5,selective_risk,0.0,0.0,0.0,0.0,0.0,5
deterministic,robust,0.08,0.25,0.1,one_minus_confidence,clean,0.2,5,selective_risk,0.0,0.0,0.0,0.0,0.0,5
deterministic,robust,0.08,0.25,0.1,one_minus_confidence,clean,0.3,5,selective_risk,0.013333333333333332,0.02981423969999719,0.01333333333333333,-0.02367999999999999,0.05034666666666665,5
deterministic,robust,0.08,0.25,0.1,one_minus_confidence,clean,0.4,5,selective_risk,0.01,0.022360679774997897,0.01,-0.017759999999999998,0.03776,5
deterministic,robust,0.08,0.25,0.1,one_minus_confidence,clean,0.5,5,selective_risk,0.016,0.021908902300206645,0.009797958971132711,-0.011199134103864406,0.0431991341038644,5
deterministic,robust,0.08,0.25,0.1,one_minus_confidence,clean,0.6,5,selective_risk,0.026666666666666665,0.014907119849998597,0.006666666666666666,0.00816,0.04517333333333333,5
deterministic,robust,0.08,0.25,0.1,one_minus_confidence,clean,0.7,5,selective_risk,0.04571428571428572,0.01564921592871903,0.0069985421222376505,0.026286332782954006,0.06514223864561744,5
deterministic,robust,0.08,0.25,0.1,one_minus_confidence,clean,0.8,5,selective_risk,0.075,0.046770717334674264,0.020916500663351885,0.016935794158535168,0.13306420584146483,5
deterministic,robust,0.08,0.25,0.1,one_minus_confidence,clean,0.9,5,selective_risk,0.10222222222222221,0.02533723166886973,0.01133115447465063,0.07076693740059206,0.13367750704385237,5
deterministic,robust,0.08,0.25,0.1,one_minus_confidence,clean,1.0,5,selective_risk,0.132,0.017888543819998323,0.008000000000000002,0.109792,0.154208,5
deterministic,robust,0.08,0.25,0.1,one_minus_confidence,delta,0.1,5,selective_risk,0.04,0.08944271909999159,0.04,-0.07103999999999999,0.15104,5
deterministic,robust,0.08,0.25,0.1,one_minus_confidence,delta,0.2,5,selective_risk,0.02,0.044721359549995794,0.02,-0.035519999999999996,0.07552,5
deterministic,robust,0.08,0.25,0.1,one_minus_confidence,delta,0.3,5,selective_risk,0.013333333333333332,0.02981423969999719,0.01333333333333333,-0.02367999999999999,0.05034666666666665,5
deterministic,robust,0.08,0.25,0.1,one_minus_confidence,delta,0.4,5,selective_risk,0.01,0.022360679774997897,0.01,-0.017759999999999998,0.03776,5
deterministic,robust,0.08,0.25,0.1,one_minus_confidence,delta,0.5,5,selective_risk,0.016,0.021908902300206645,0.009797958971132711,-0.011199134103864406,0.0431991341038644,5
deterministic,robust,0.08,0.25,0.1,one_minus_confidence,delta,0.6,5,selective_risk,0.026666666666666665,0.02788866755113585,0.012472191289246471,-0.007956136352281533,0.06128946968561486,5
deterministic,robust,0.08,0.25,0.1,one_minus_confidence,delta,0.7,5,selective_risk,0.04,0.03257644071711823,0.014568627181693671,-0.0004425090563816292,0.08044250905638163,5
deterministic,robust,0.08,0.25,0.1,one_minus_confidence,delta,0.8,5,selective_risk,0.06999999999999999,0.02091650066335189,0.009354143466934852,0.04403289773578885,0.09596710226421114,5
deterministic,robust,0.08,0.25,0.1,one_minus_confidence,delta,0.9,5,selective_risk,0.09777777777777777,0.019876159799998128,0.008888888888888887,0.07310222222222222,0.12245333333333332,5
deterministic,robust,0.08,0.25,0.1,one_minus_confidence,delta,1.0,5,selective_risk,0.132,0.017888543819998323,0.008000000000000002,0.109792,0.154208,5
deterministic,robust,0.08,0.25,0.15,mutual_information,adv,0.1,5,selective_risk,0.4,0.19999999999999998,0.08944271909999157,0.15170701177842344,0.6482929882215767,5
deterministic,robust,0.08,0.25,0.15,mutual_information,adv,0.2,5,selective_risk,0.4600000000000001,0.08944271909999157,0.039999999999999994,0.3489600000000001,0.57104,5
deterministic,robust,0.08,0.25,0.15,mutual_information,adv,0.3,5,selective_risk,0.4666666666666667,0.0816496580927726,0.036514837167011066,0.36530147869104396,0.5680318546422893,5
deterministic,robust,0.08,0.25,0.15,mutual_information,adv,0.4,5,selective_risk,0.43000000000000005,0.0670820393249937,0.03,0.34672000000000003,0.5132800000000001,5
deterministic,robust,0.08,0.25,0.15,mutual_information,adv,0.5,5,selective_risk,0.4,0.07483314773547882,0.03346640106136302,0.3070972706536563,0.49290272934634377,5
deterministic,robust,0.08,0.25,0.15,mutual_information,adv,0.6,5,selective_risk,0.3866666666666666,0.038005847503304616,0.016996731711975955,0.33948373943422133,0.4338495938991119,5
deterministic,robust,0.08,0.25,0.15,mutual_information,adv,0.7,5,selective_risk,0.38857142857142857,0.05569596768462264,0.02490799396308956,0.31942683732989197,0.45771601981296517,5
deterministic,robust,0.08,0.25,0.15,mutual_information,adv,0.8,5,selective_risk,0.4050000000000001,0.054198708471697,0.024238399287081644,0.33771420357906146,0.4722857964209387,5
deterministic,robust,0.08,0.25,0.15,mutual_information,adv,0.9,5,selective_risk,0.4,0.05665577237325316,0.02533723166886973,0.32966384488721767,0.4703361551127824,5
deterministic,robust,0.08,0.25,0.15,mutual_information,adv,1.0,5,selective_risk,0.388,0.04381780460041329,0.019595917942265423,0.3336017317922712,0.4423982682077288,5
deterministic,robust,0.08,0.25,0.15,mutual_information,clean,0.1,5,selective_risk,0.6,0.2,0.08944271909999159,0.35170701177842334,0.8482929882215766,5
deterministic,robust,0.08,0.25,0.15,mutual_information,clean,0.2,5,selective_risk,0.54,0.0547722557505166,0.024494897427831775,0.472002164740339,0.607997835259661,5
deterministic,robust,0.08,0.25,0.15,mutual_information,clean,0.3,5,selective_risk,0.5866666666666667,0.05577733510227169,0.024944382578492935,0.5174210606287702,0.6559122727045631,5
deterministic,robust,0.08,0.25,0.15,mutual_information,clean,0.4,5,selective_risk,0.52,0.057008771254956896,0.02549509756796392,0.4492256091513322,0.5907743908486679,5
deterministic,robust,0.08,0.25,0.15,mutual_information,clean,0.5,5,selective_risk,0.44799999999999995,0.05932958789676531,0.026532998322843202,0.3743443966557872,0.5216556033442127,5
deterministic,robust,0.08,0.25,0.15,mutual_information,clean,0.6,5,selective_risk,0.4133333333333334,0.05055250296034367,0.02260776661041756,0.35057417322281426,0.4760924934438525,5
deterministic,robust,0.08,0.25,0.15,mutual_information,clean,0.7,5,selective_risk,0.3828571428571429,0.06259686371487612,0.027994168488950602,0.305145331131816,0.46056895458246977,5
deterministic,robust,0.08,0.25,0.15,mutual_information,clean,0.8,5,selective_risk,0.36499999999999994,0.051841103383319306,0.02318404623873926,0.30064108764125974,0.42935891235874013,5
deterministic,robust,0.08,0.25,0.15,mutual_information,clean,0.9,5,selective_risk,0.3777777777777778,0.04969039949999532,0.022222222222222216,0.316088888888889,0.43946666666666667,5
deterministic,robust,0.08,0.25,0.15,mutual_information,clean,1.0,5,selective_risk,0.388,0.04381780460041329,0.019595917942265423,0.3336017317922712,0.4423982682077288,5
deterministic,robust,0.08,0.25,0.15,mutual_information,delta,0.1,5,selective_risk,0.44000000000000006,0.16733200530681508,0.0748331477354788,0.2322631818863109,0.6477368181136892,5
deterministic,robust,0.08,0.25,0.15,mutual_information,delta,0.2,5,selective_risk,0.36,0.151657508881031,0.06782329983125267,0.1717225196684426,0.5482774803315573,5
deterministic,robust,0.08,0.25,0.15,mutual_information,delta,0.3,5,selective_risk,0.3866666666666667,0.07302967433402216,0.032659863237109045,0.296002886320452,0.4773304470128814,5
deterministic,robust,0.08,0.25,0.15,mutual_information,delta,0.4,5,selective_risk,0.36999999999999994,0.02738612787525833,0.012247448713915901,0.3360010823701694,0.4039989176298305,5
deterministic,robust,0.08,0.25,0.15,mutual_information,delta,0.5,5,selective_risk,0.35200000000000004,0.0593295878967653,0.026532998322843195,0.27834439665578736,0.4256556033442127,5
deterministic,robust,0.08,0.25,0.15,mutual_information,delta,0.6,5,selective_risk,0.36666666666666664,0.06236095644623237,0.027888667551135858,0.2892477255447135,0.4440856077886198,5
deterministic,robust,0.08,0.25,0.15,mutual_information,delta,0.7,5,selective_risk,0.38285714285714284,0.07171371656006362,0.03207134902949092,0.29382707795127605,0.47188720776300963,5
deterministic,robust,0.08,0.25,0.15,mutual_information,delta,0.8,5,selective_risk,0.39,0.0575543221661067,0.025739075352467503,0.3185483268215502,0.4614516731784498,5
deterministic,robust,0.08,0.25,0.15,mutual_information,delta,0.9,5,selective_risk,0.4,0.044444444444444446,0.01987615979999813,0.3448237803952052,0.4551762196047948,5
deterministic,robust,0.08,0.25,0.15,mutual_information,delta,1.0,5,selective_risk,0.388,0.04381780460041329,0.019595917942265423,0.3336017317922712,0.4423982682077288,5
deterministic,robust,0.08,0.25,0.15,one_minus_confidence,adv,0.1,5,selective_risk,0.4800000000000001,0.2280350850198276,0.1019803902718557,0.1969024366053287,0.7630975633946715,5
deterministic,robust,0.08,0.25,0.15,one_minus_confidence,adv,0.2,5,selective_risk,0.33999999999999997,0.1140175425099138,0.05099019513592785,0.19845121830266427,0.48154878169733567,5
deterministic,robust,0.08,0.25,0.15,one_minus_confidence,adv,0.3,5,selective_risk,0.27999999999999997,0.08692269873603531,0.038873012632302,0.17208851693272964,0.3879114830672703,5
deterministic,robust,0.08,0.25,0.15,one_minus_confidence,adv,0.4,5,selective_risk,0.27,0.0273861278752583,0.012247448713915888,0.2360010823701695,0.3039989176298305,5
deterministic,robust,0.08,0.25,0.15,one_minus_confidence,adv,0.5,5,selective_risk,0.28,0.02828427124746191,0.01264911064067352,0.24488606886149034,0.3151139311385097,5
deterministic,robust,0.08,0.25,0.15,one_minus_confidence,adv,0.6,5,selective_risk,0.2733333333333333,0.027888667551135844,0.012472191289246468,0.23871053031438513,0.30795613635228153,5
deterministic,robust,0.08,0.25,0.15,one_minus_confidence,adv,0.7,5,selective_risk,0.3085714285714286,0.042378277069118085,0.018952141659173718,0.25596028332556237,0.36118257381729485,5
deterministic,robust,0.08,0.25,0.15,one_minus_confidence,adv,0.8,5,selective_risk,0.335,0.05477225575051661,0.024494897427831782,0.267002164740339,0.40299783525966104,5
deterministic,robust,0.08,0.25,0.15,one_minus_confidence,adv,0.9,5,selective_risk,0.3555555555555556,0.054433105395181744,0.024343224778007384,0.28797876357180713,0.4231323475393041,5
deterministic,robust,0.08,0.25,0.15,one_minus_confidence,adv,1.0,5,selective_risk,0.388,0.04381780460041329,0.019595917942265423,0.3336017317922712,0.4423982682077288,5
deterministic,robust,0.08,0.25,0.15,one_minus_confidence,clean,0.1,5,selective_risk,0.16,0.08944271909999159,0.04,0.048960000000000004,0.27104,5
deterministic,robust,0.08,0.25,0.15,one_minus_confidence,clean,0.2,5,selective_risk,0.15999999999999998,0.05477225575051661,0.024494897427831782,0.09200216474033895,0.227997835259661,5
deterministic,robust,0.08,0.25,0.15,one_minus_confidence,clean,0.3,5,selective_risk,0.2,0.0,0.0,0.2,0.2,5
deterministic,robust,0.08,0.25,0.15,one_minus_confidence,clean,0.4,5,selective_risk,0.25,0.03535533905932737,0.015811388300841892,0.20610758607686291,0.2938924139231371,5
deterministic,robust,0.08,0.25,0.15,one_minus_confidence,clean,0.5,5,selective_risk,0.24,0.02828427124746191,0.01264911064067352,0.2048860688614903,0.2751139311385097,5
deterministic,robust,0.08,0.25,0.15,one_minus_confidence,clean,0.6,5,selective_risk,0.29333333333333333,0.06411794687223779,0.028674417556808742,0.21373315019563227,0.3729335164710344,5
deterministic,robust,0.08,0.25,0.15,one_minus_confidence,clean,0.7,5,selective_risk,0.3314285714285714,0.06259686371487613,0.02799416848895061,0.25371675970324453,0.4091403831538983,5
deterministic,robust,0.08,0.25,0.15,one_minus_confidence,clean,0.8,5,selective_risk,0.35,0.03952847075210475,0.01767766952966369,0.3009267893856536,0.39907321061434636,5
deterministic,robust,0.08,0.25,0.15,one_minus_confidence,clean,0.9,5,selective_risk,0.3644444444444444,0.046080980785172726,0.02060804110110157,0.3072365223477864,0.4216523665411024,5
deterministic,robust,0.08,0.25,0.15,one_minus_confidence,clean,1.0,5,selective_risk,0.388,0.04381780460041329,0.019595917942265423,0.3336017317922712,0.4423982682077288,5
deterministic,robust,0.08,0.25,0.15,one_minus_confidence,delta,0.1,5,selective_risk,0.4800000000000001,0.2280350850198276,0.1019803902718557,0.1969024366053287,0.7630975633946715,5
deterministic,robust,0.08,0.25,0.15,one_minus_confidence,delta,0.2,5,selective_risk,0.33999999999999997,0.1140175425099138,0.05099019513592785,0.19845121830266427,0.48154878169733567,5
deterministic,robust,0.08,0.25,0.15,one_minus_confidence,delta,0.3,5,selective_risk,0.27999999999999997,0.08692269873603531,0.038873012632302,0.17208851693272964,0.3879114830672703,5
deterministic,robust,0.08,0.25,0.15,one_minus_confidence,delta,0.4,5,selective_risk,0.27,0.0273861278752583,0.012247448713915888,0.2360010823701695,0.3039989176298305,5
deterministic,robust,0.08,0.25,0.15,one_minus_confidence,delta,0.5,5,selective_risk,0.28,0.02828427124746191,0.01264911064067352,0.24488606886149034,0.3151139311385097,5
deterministic,robust,0.08,0.25,0.15,one_minus_confidence,delta,0.6,5,selective_risk,0.2733333333333333,0.027888667551135844,0.012472191289246468,0.23871053031438513,0.30795613635228153,5
deterministic,robust,0.08,0.25,0.15,one_minus_confidence,delta,0.7,5,selective_risk,0.3085714285714286,0.042378277069118085,0.018952141659173718,0.25596028332556237,0.36118257381729485,5
deterministic,robust,0.08,0.25,0.15,one_minus_confidence,delta,0.8,5,selective_risk,0.335,0.05477225575051661,0.024494897427831782,0.267002164740339,0.40299783525966104,5
deterministic,robust,0.08,0.25,0.15,one_minus_confidence,delta,0.9,5,selective_risk,0.3555555555555556,0.054433105395181744,0.024343224778007384,0.28797876357180713,0.4231323475393041,5
deterministic,robust,0.08,0.25,0.15,one_minus_confidence,delta,1.0,5,selective_risk,0.388,0.04381780460041329,0.019595917942265423,0.3336017317922712,0.4423982682077288,5
deterministic,standard,,,0.01,mutual_information,adv,0.1,5,selective_risk,0.08,0.10954451150103324,0.048989794855663564,-0.05599567051932204,0.21599567051932206,5
deterministic,standard,,,0.01,mutual_information,adv,0.2,5,selective_risk,0.04,0.05477225575051662,0.024494897427831782,-0.02799783525966102,0.10799783525966103,5
deterministic,standard,,,0.01,mutual_information,adv,0.3,5,selective_risk,0.026666666666666665,0.03651483716701107,0.01632993161855452,-0.018665223506440676,0.071998556839774,5
deterministic,standard,,,0.01,mutual_information,adv,0.4,5,selective_risk,0.02,0.02738612787525831,0.012247448713915891,-0.01399891762983051,0.053998917629830515,5
deterministic,standard,,,0.01,mutual_information,adv,0.5,5,selective_risk,0.016,0.021908902300206645,0.009797958971132711,-0.011199134103864406,0.0431991341038644,5
deterministic,standard,,,0.01,mutual_information,adv,0.6,5,selective_risk,0.013333333333333332,0.018257418583505537,0.00816496580927726,-0.009332611753220338,0.035999278419887,5
deterministic,standard,,,0.01,mutual_information,adv,0.7,5,selective_risk,0.011428571428571429,0.01564921592871903,0.0069985421222376505,-0.007999381502760286,0.030856524359903145,5
deterministic,standard,,,0.01,mutual_information,adv,0.8,5,selective_risk,0.015000000000000003,0.0223606797749979,0.010000000000000002,-0.01276,0.042760000000000006,5
deterministic,standard,,,0.01,mutual_information,adv,0.9,5,selective_risk,0.013333333333333332,0.01987615979999813,0.008888888888888889,-0.011342222222222222,0.038008888888888884,5
deterministic,standard,,,0.01,mutual_information,adv,1.0,5,selective_risk,0.012,0.01788854381999832,0.008,-0.010207999999999998,0.034208,5
deterministic,standard,,,0.01,mutual_information,clean,0.1,5,selective_risk,0.0,0.0,0.0,0.0,0.0,5
deterministic,standard,,,0.01,mutual_information,clean,0.2,5,selective_risk,0.0,0.0,0.0,0.0,0.0,5
deterministic,standard,,,0.01,mutual_information,clean,0.3,5,selective_risk,0.013333333333333332,0.02981423969999719,0.01333333333333333,-0.02367999999999999,0.05034666666666665,5
deterministic,standard,,,0.01,mutual_information,clean,0.4,5,selective_risk,0.01,0.022360679774997897,0.01,-0.017759999999999998,0.03776,5
deterministic,standard,,,0.01,mutual_information,clean,0.5,5,selective_risk,0.008,0.01788854381999832,0.008,-0.014207999999999998,0.030208,5
deterministic,standard,,,0.01,mutual_information,clean,0.6,5,selective_risk,0.006666666666666666,0.014907119849998596,0.006666666666666665,-0.011839999999999995,0.025173333333333325,5
deterministic,standard,,,0.01,mutual_information,clean,0.7,5,selective_risk,0.011428571428571429,0.025555062599997593,0.011428571428571427,-0.020297142857142854,0.04315428571428571,5
deterministic,standard,,,0.01,mutual_information,clean,0.8,5,selective_risk,0.01,0.022360679774997897,0.01,-0.017759999999999998,0.03776,5
deterministic,standard,,,0.01,mutual_information,clean,0.9,5,selective_risk,0.013333333333333332,0.01987615979999813,0.008888888888888889,-0.011342222222222222,0.038008888888888884,5
deterministic,standard,,,0.01,mutual_information,clean,1.0,5,selective_risk,0.012,0.01788854381999832,0.008,-0.010207999999999998,0.034208,5
deterministic,standard,,,0.01,mutual_information,delta,0.1,5,selective_risk,0.04,0.08944271909999159,0.04,-0.07103999999999999,0.15104,5
deterministic,standard,,,0.01,mutual_information,delta,0.2,5,selective_risk,0.04,0.05477225575051662,0.024494897427831782,-0.02799783525966102,0.10799783525966103,5
deterministic,standard,,,0.01,mutual_information,delta,0.3,5,selective_risk,0.026666666666666665,0.03651483716701107,0.01632993161855452,-0.018665223506440676,0.071998556839774,5
deterministic,standard,,,0.01,mutual_information,delta,0.4,5,selective_risk,0.02,0.02738612787525831,0.012247448713915891,-0.01399891762983051,0.053998917629830515,5
deterministic,standard,,,0.01,mutual_information,delta,0.5,5,selective_risk,0.016,0.021908902300206645,0.009797958971132711,-0.011199134103864406,0.0431991341038644,5
deterministic,standard,,,0.01,mutual_information,delta,0.6,5,selective_risk,0.013333333333333332,0.018257418583505537,0.00816496580927726,-0.009332611753220338,0.035999278419887,5
deterministic,standard,,,0.01,mutual_information,delta,0.7,5,selective_risk,0.011428571428571429,0.01564921592871903,0.0069985421222376505,-0.007999381502760286,0.030856524359903145,5
deterministic,standard,,,0.01,mutual_information,delta,0.8,5,selective_risk,0.01,0.013693063937629155,0.0061237243569579455,-0.006999458814915255,0.026999458814915257,5
deterministic,standard,,,0.01,mutual_information,delta,0.9,5,selective_risk,0.013333333333333332,0.01987615979999813,0.008888888888888889,-0.011342222222222222,0.038008888888888884,5
deterministic,standard,,,0.01,mutual_information,delta,1.0,5,selective_risk,0.012,0.01788854381999832,0.008,-0.010207999999999998,0.034208,5
deterministic,standard,,,0.01,one_minus_confidence,adv,0.1,5,selective_risk,0.0,0.0,0.0,0.0,0.0,5
deterministic,standard,,,0.01,one_minus_confidence,adv,0.2,5,selective_risk,0.0,0.0,0.0,0.0,0.0,5
deterministic,standard,,,0.01,one_minus_confidence,adv,0.3,5,selective_risk,0.0,0.0,0.0,0.0,0.0,5
deterministic,standard,,,0.01,one_minus_confidence,adv,0.4,5,selective_risk,0.0,0.0,0.0,0.0,0.0,5
deterministic,standard,,,0.01,one_minus_confidence,adv,0.5,5,selective_risk,0.0,0.0,0.0,0.0,0.0,5
deterministic,standard,,,0.01,one_minus_confidence,adv,0.6,5,selective_risk,0.0,0.0,0.0,0.0,0.0,5
deterministic,standard,,,0.01,one_minus_confidence,adv,0.7,5,selective_risk,0.0,0.0,0.0,0.0,0.0,5
deterministic,standard,,,0.01,one_minus_confidence,adv,0.8,5,selective_risk,0.0,0.0,0.0,0.0,0.0,5
deterministic,standard,,,0.01,one_minus_confidence,adv,0.9,5,selective_risk,0.0,0.0,0.0,0.0,0.0,5
deterministic,standard,,,0.01,one_minus_confidence,adv,1.0,5,selective_risk,0.012,0.01788854381999832,0.008,-0.010207999999999998,0.034208,5
deterministic,standard,,,0.01,one_minus_confidence,clean,0.1,5,selective_risk,0.0,0.0,0.0,0.0,0.0,5
deterministic,standard,,,0.01,one_minus_confidence,clean,0.2,5,selective_risk,0.0,0.0,0.0,0.0,0.0,5
deterministic,standard,,,0.01,one_minus_confidence,clean,0.3,5,selective_risk,0.0,0.0,0.0,0.0,0.0,5
deterministic,standard,,,0.01,one_minus_confidence,clean,0.4,5,selective_risk,0.0,0.0,0.0,0.0,0.0,5
deterministic,standard,,,0.01,one_minus_confidence,clean,0.5,5,selective_risk,0.0,0.0,0.0,0.0,0.0,5
deterministic,standard,,,0.01,one_minus_confidence,clean,0.6,5,selective_risk,0.0,0.0,0.0,0.0,0.0,5
deterministic,standard,,,0.01,one_minus_confidence,clean,0.7,5,selective_risk,0.0,0.0,0.0,0.0,0.0,5
deterministic,standard,,,0.01,one_minus_confidence,clean,0.8,5,selective_risk,0.0,0.0,0.0,0.0,0.0,5
deterministic,standard,,,0.01,one_minus_confidence,clean,0.9,5,selective_risk,0.0,0.0,0.0,0.0,0.0,5
deterministic,standard,,,0.01,one_minus_confidence,clean,1.0,5,selective_risk,0.012,0.01788854381999832,0.008,-0.010207999999999998,0.034208,5
deterministic,standard,,,0.01,one_minus_confidence,delta,0.1,5,selective_risk,0.08,0.17888543819998318,0.08,-0.14207999999999998,0.30208,5
deterministic,standard,,,0.01,one_minus_confidence,delta,0.2,5,selective_risk,0.04,0.08944271909999159,0.04,-0.07103999999999999,0.15104,5
deterministic,standard,,,0.01,one_minus_confidence,delta,0.3,5,selective_risk,0.026666666666666665,0.05962847939999438,0.02666666666666666,-0.04735999999999998,0.1006933333333333,5
deterministic,standard,,,0.01,one_minus_confidence,delta,0.4,5,selective_risk,0.02,0.044721359549995794,0.02,-0.035519999999999996,0.07552,5
deterministic,standard,,,0.01,one_minus_confidence,delta,0.5,5,selective_risk,0.016,0.03577708763999664,0.016,-0.028415999999999997,0.060416,5
deterministic,standard,,,0.01,one_minus_confidence,delta,0.6,5,selective_risk,0.013333333333333332,0.02981423969999719,0.01333333333333333,-0.02367999999999999,0.05034666666666665,5
deterministic,standard,,,0.01,one_minus_confidence,delta,0.7,5,selective_risk,0.011428571428571429,0.025555062599997593,0.011428571428571427,-0.020297142857142854,0.04315428571428571,5
deterministic,standard,,,0.01,one_minus_confidence,delta,0.8,5,selective_risk,0.01,0.022360679774997897,0.01,-0.017759999999999998,0.03776,5
deterministic,standard,,,0.01,one_minus_confidence,delta,0.9,5,selective_risk,0.008888888888888889,0.01987615979999813,0.008888888888888889,-0.015786666666666664,0.033564444444444445,5
deterministic,standard,,,0.01,one_minus_confidence,delta,1.0,5,selective_risk,0.012,0.01788854381999832,0.008,-0.010207999999999998,0.034208,5
deterministic,standard,,,0.03,mutual_information,adv,0.1,5,selective_risk,0.12000000000000002,0.10954451150103323,0.048989794855663564,-0.01599567051932202,0.25599567051932204,5
deterministic,standard,,,0.03,mutual_information,adv,0.2,5,selective_risk,0.1,0.07071067811865477,0.0316227766016838,0.012215172153725792,0.1877848278462742,5
deterministic,standard,,,0.03,mutual_information,adv,0.3,5,selective_risk,0.10666666666666666,0.0760116950066092,0.033993463423951896,0.012300812201776201,0.20103252113155712,5
deterministic,standard,,,0.03,mutual_information,adv,0.4,5,selective_risk,0.12999999999999998,0.0570087712549569,0.025495097567963924,0.059225609151332126,0.20077439084866783,5
deterministic,standard,,,0.03,mutual_information,adv,0.5,5,selective_risk,0.10400000000000001,0.045607017003965515,0.020396078054371138,0.047380487321065735,0.1606195126789343,5
deterministic,standard,,,0.03,mutual_information,adv,0.6,5,selective_risk,0.1,0.0408248290463863,0.018257418583505533,0.04931740601218865,0.15068259398781136,5
deterministic,standard,,,0.03,mutual_information,adv,0.7,5,selective_risk,0.12571428571428572,0.038332593899996395,0.017142857142857144,0.0781257142857143,0.17330285714285715,5
deterministic,standard,,,0.03,mutual_information,adv,0.8,5,selective_risk,0.13,0.03708099243547831,0.016583123951777,0.08396524790986706,0.17603475209013295,5
deterministic,standard,,,0.03,mutual_information,adv,0.9,5,selective_risk,0.14222222222222222,0.019876159799998135,0.00888888888888889,0.11754666666666666,0.16689777777777778,5
deterministic,standard,,,0.03,mutual_information,adv,1.0,5,selective_risk,0.14400000000000002,0.026076809620810597,0.0116619037896906,0.11162655507981892,0.17637344492018112,5
deterministic,standard,,,0.03,mutual_information,clean,0.1,5,selective_risk,0.27999999999999997,0.10954451150103323,0.048989794855663564,0.14400432948067793,0.415995670519322,5
deterministic,standard,,,0.03,mutual_information,clean,0.2,5,selective_risk,0.21999999999999997,0.08366600265340754,0.0374165738677394,0.1161315909431554,0.32386840905684455,5
deterministic,standard,,,0.03,mutual_information,clean,0.3,5,selective_risk,0.18666666666666668,0.029814239699997205,0.013333333333333338,0.14965333333333333,0.22368000000000002,5
deterministic,standard,,,0.03,mutual_information,clean,0.4,5,selective_risk,0.14,0.022360679774997894,0.009999999999999998,0.11224000000000002,0.16776000000000002,5
deterministic,standard,,,0.03,mutual_information,clean,0.5,5,selective_risk,0.11200000000000002,0.017888543819998312,0.007999999999999997,0.08979200000000002,0.134208,5
deterministic,standard,,,0.03,mutual_information,clean,0.6,5,selective_risk,0.09333333333333334,0.014907119849998603,0.006666666666666669,0.07482666666666667,0.11184000000000001,5
deterministic,standard,,,0.03,mutual_information,clean,0.7,5,selective_risk,0.08571428571428572,0.0,0.0,0.08571428571428572,0.08571428571428572,5
deterministic,standard,,,0.03,mutual_information,clean,0.8,5,selective_risk,0.075,0.0,0.0,0.075,0.075,5
deterministic,standard,,,0.03,mutual_information,clean,0.9,5,selective_risk,0.09777777777777777,0.012171612389003685,0.00544331053951817,0.08266714772007533,0.11288840783548021,5
deterministic,standard,,,0.03,mutual_information,clean,1.0,5,selective_risk,0.14400000000000002,0.026076809620810597,0.0116619037896906,0.11162655507981892,0.17637344492018112,5
deterministic,standard,,,0.03,mutual_information,delta,0.1,5,selective_risk,0.28,0.22803508501982758,0.10198039027185568,-0.003097563394671321,0.5630975633946713,5
deterministic,standard,,,0.03,mutual_information,delta,0.2,5,selective_risk,0.16,0.1140175425099138,0.05099019513592785,0.018451218302664302,0.3015487816973357,5
deterministic,standard,,,0.03,mutual_information,delta,0.3,5,selective_risk,0.16,0.0760116950066092,0.033993463423951896,0.06563414553510954,0.25436585446489046,5
deterministic,standard,,,0.03,mutual_information,delta,0.4,5,selective_risk,0.16,0.041833001326703784,0.01870828693386971,0.1080657954715777,0.21193420452842232,5
deterministic,standard,,,0.03,mutual_information,delta,0.5,5,selective_risk,0.128,0.033466401061363026,0.014966629547095767,0.08645263637726217,0.16954736362273784,5
deterministic,standard,,,0.03,mutual_information,delta,0.6,5,selective_risk,0.11333333333333333,0.018257418583505533,0.008164965809277258,0.09066738824677967,0.135999278419887,5
deterministic,standard,,,0.03,mutual_information,delta,0.7,5,selective_risk,0.13142857142857142,0.0255550625999976,0.01142857142857143,0.09970285714285713,0.1631542857142857,5
deterministic,standard,,,0.03,mutual_information,delta,0.8,5,selective_risk,0.125,0.030618621784789718,0.013693063937629148,0.08698805450914149,0.1630119454908585,5
deterministic,standard,,,0.03,mutual_information,delta,0.9,5,selective_risk,0.14222222222222222,0.025337231668869736,0.011331154474650634,0.11076693740059207,0.17367750704385237,5
deterministic,standard,,,0.03,mutual_information,delta,1.0,5,selective_risk,0.14400000000000002,0.026076809620810597,0.0116619037896906,0.11162655507981892,0.17637344492018112,5
deterministic,standard,,,0.03,one_minus_confidence,adv,0.1,5,selective_risk,0.0,0.0,0.0,0.0,0.0,5
deterministic,standard,,,0.03,one_minus_confidence,adv,0.2,5,selective_risk,0.0,0.0,0.0,0.0,0.0,5
deterministic,standard,,,0.03,one_minus_confidence,adv,0.3,5,selective_risk,0.0,0.0,0.0,0.0,0.0,5
deterministic,standard,,,0.03,one_minus_confidence,adv,0.4,5,selective_risk,0.0,0.0,0.0,0.0,0.0,5
deterministic,standard,,,0.03,one_minus_confidence,adv,0.5,5,selective_risk,0.016,0.021908902300206645,0.009797958971132711,-0.011199134103864406,0.0431991341038644,5
deterministic,standard,,,0.03,one_minus_confidence,adv,0.6,5,selective_risk,0.02,0.029814239699997195,0.013333333333333332,-0.017013333333333328,0.05701333333333333,5
deterministic,standard,,,0.03,one_minus_confidence,adv,0.7,5,selective_risk,0.039999999999999994,0.025555062599997593,0.011428571428571427,0.008274285714285713,0.07172571428571428,5
deterministic,standard,,,0.03,one_minus_confidence,adv,0.8,5,selective_risk,0.07,0.011180339887498947,0.004999999999999999,0.05612000000000001,0.08388000000000001,5
deterministic,standard,,,0.03,one_minus_confidence,adv,0.9,5,selective_risk,0.09333333333333334,0.018592445034090563,0.008314794192830979,0.07025146465403453,0.11641520201263214,5
deterministic,standard,,,0.03,one_minus_confidence,adv,1.0,5,selective_risk,0.14400000000000002,0.026076809620810597,0.0116619037896906,0.11162655507981892,0.17637344492018112,5
deterministic,standard,,,0.03,one_minus_confidence,clean,0.1,5,selective_risk,0.0,0.0,0.0,0.0,0.0,5
deterministic,standard,,,0.03,one_minus_confidence,clean,0.2,5,selective_risk,0.0,0.0,0.0,0.0,0.0,5
deterministic,standard,,,0.03,one_minus_confidence,clean,0.3,5,selective_risk,0.0,0.0,0.0,0.0,0.0,5
deterministic,standard,,,0.03,one_minus_confidence,clean,0.4,5,selective_risk,0.0,0.0,0.0,0.0,0.0,5
deterministic,standard,,,0.03,one_minus_confidence,clean,0.5,5,selective_risk,0.0,0.0,0.0,0.0,0.0,5
deterministic,standard,,,0.03,one_minus_confidence,clean,0.6,5,selective_risk,0.0,0.0,0.0,0.0,0.0,5
deterministic,standard,,,0.03,one_minus_confidence,clean,0.7,5,selective_risk,0.005714285714285714,0.012777531299998797,0.005714285714285713,-0.010148571428571427,0.021577142857142854,5
deterministic,standard,,,0.03,one_minus_confidence,clean,0.8,5,selective_risk,0.015000000000000003,0.013693063937629153,0.0061237243569579455,-0.0019994588149152524,0.031999458814915255,5
deterministic,standard,,,0.03,one_minus_confidence,clean,0.9,5,selective_risk,0.06222222222222222,0.018592445034090566,0.008314794192830979,0.039140353542923424,0.08530409090152102,5
deterministic,standard,,,0.03,one_minus_confidence,clean,1.0,5,selective_risk,0.14400000000000002,0.026076809620810597,0.0116619037896906,0.11162655507981892,0.17637344492018112,5
deterministic,standard,,,0.03,one_minus_confidence,delta,0.1,5,selective_risk,0.12000000000000002,0.1788854381999832,0.08000000000000002,-0.10208,0.34208000000000005,5
deterministic,standard,,,0.03,one_minus_confidence,delta,0.2,5,selective_risk,0.06000000000000001,0.0894427190999916,0.04000000000000001,-0.05104,0.17104000000000003,5
deterministic,standard,,,0.03,one_minus_confidence,delta,0.3,5,selective_risk,0.04,0.05962847939999439,0.026666666666666665,-0.034026666666666656,0.11402666666666667,5
deterministic,standard,,,0.03,one_minus_confidence,delta,0.4,5,selective_risk,0.030000000000000006,0.0447213595499958,0.020000000000000004,-0.02552,0.08552000000000001,5
deterministic,standard,,,0.03,one_minus_confidence,delta,0.5,5,selective_risk,0.024,0.03577708763999664,0.016,-0.020415999999999997,0.068416,5
deterministic,standard,,,0.03,one_minus_confidence,delta,0.6,5,selective_risk,0.02,0.029814239699997195,0.013333333333333332,-0.017013333333333328,0.05701333333333333,5
deterministic,standard,,,0.03,one_minus_confidence,delta,0.7,5,selective_risk,0.045714285714285714,0.01564921592871903,0.0069985421222376505,0.026286332782954,0.06514223864561743,5
deterministic,standard,,,0.03,one_minus_confidence,delta,0.8,5,selective_risk,0.07,0.011180339887498947,0.004999999999999999,0.05612000000000001,0.08388000000000001,5
deterministic,standard,,,0.03,one_minus_confidence,delta,0.9,5,selective_risk,0.09333333333333334,0.018592445034090563,0.008314794192830979,0.07025146465403453,0.11641520201263214,5
deterministic,standard,,,0.03,one_minus_confidence,delta,1.0,5,selective_risk,0.14400000000000002,0.026076809620810597,0.0116619037896906,0.11162655507981892,0.17637344492018112,5
deterministic,standard,,,0.05,mutual_information,adv,0.1,5,selective_risk,0.5199999999999999,0.1095445115010332,0.04898979485566355,0.38400432948067786,0.655995670519322,5
deterministic,standard,,,0.05,mutual_information,adv,0.2,5,selective_risk,0.48,0.13038404810405296,0.058309518948452994,0.31813277539909446,0.6418672246009055,5
deterministic,standard,,,0.05,mutual_information,adv,0.3,5,selective_risk,0.5066666666666666,0.07601169500660919,0.033993463423951896,0.41230081220177617,0.601032521131557,5
deterministic,standard,,,0.05,mutual_information,adv,0.4,5,selective_risk,0.44000000000000006,0.08215838362577493,0.03674234614174768,0.3380032471105085,0.5419967528894916,5
deterministic,standard,,,0.05,mutual_information,adv,0.5,5,selective_risk,0.45600000000000007,0.1043072384832424,0.04664761515876241,0.3265062203192756,0.5854937796807245,5
deterministic,standard,,,0.05,mutual_information,adv,0.6,5,selective_risk,0.45999999999999996,0.059628479399994376,0.026666666666666658,0.38597333333333333,0.5340266666666666,5
deterministic,standard,,,0.05,mutual_information,adv,0.7,5,selective_risk,0.4514285714285714,0.04237827706911805,0.0189521416591737,0.3988174261827052,0.5040397166744376,5
deterministic,standard,,,0.05,mutual_information,adv,0.8,5,selective_risk,0.445,0.057008771254956896,0.02549509756796392,0.3742256091513322,0.5157743908486678,5
deterministic,standard,,,0.05,mutual_information,adv,0.9,5,selective_risk,0.4311111111111111,0.046080980785172705,0.020608041101101558,0.3739031890144532,0.48831903320776904,5
deterministic,standard,,,0.05,mutual_information,adv,1.0,5,selective_risk,0.45199999999999996,0.017888543819998312,0.007999999999999997,0.42979199999999995,0.47420799999999996,5
deterministic,standard,,,0.05,mutual_information,clean,0.1,5,selective_risk,0.9199999999999999,0.17888543819998318,0.08,0.6979199999999999,1.14208,5
deterministic,standard,,,0.05,mutual_information,clean,0.2,5,selective_risk,0.9400000000000001,0.08944271909999157,0.039999999999999994,0.8289600000000001,1.05104,5
deterministic,standard,,,0.05,mutual_information,clean,0.3,5,selective_risk,0.8,0.08164965809277264,0.03651483716701109,0.6986348120243773,0.9013651879756228,5
deterministic,standard,,,0.05,mutual_information,clean,0.4,5,selective_risk,0.6399999999999999,0.07416198487095663,0.033166247903554,0.547930495819734,0.7320695041802658,5
deterministic,standard,,,0.05,mutual_information,clean,0.5,5,selective_risk,0.536,0.06693280212272602,0.02993325909419152,0.4529052727545244,0.6190947272454757,5
deterministic,standard,,,0.05,mutual_information,clean,0.6,5,selective_risk,0.44666666666666666,0.0557773351022717,0.024944382578492942,0.37742106062877023,0.5159122727045631,5
deterministic,standard,,,0.05,mutual_information,clean,0.7,5,selective_risk,0.3942857142857143,0.037252585172586554,0.016659862556700853,0.3480379358283127,0.4405334927431159,5
deterministic,standard,,,0.05,mutual_information,clean,0.8,5,selective_risk,0.36,0.04541475531146239,0.020310096011589906,0.30361917347182643,0.41638082652817354,5
deterministic,standard,,,0.05,mutual_information,clean,0.9,5,selective_risk,0.39111111111111113,0.019876159799998138,0.008888888888888892,0.36643555555555557,0.4157866666666667,5
deterministic,standard,,,0.05,mutual_information,clean,1.0,5,selective_risk,0.45199999999999996,0.017888543819998312,0.007999999999999997,0.42979199999999995,0.47420799999999996,5
deterministic,standard,,,0.05,mutual_information,delta,0.1,5,selective_risk,0.68,0.22803508501982758,0.10198039027185568,0.3969024366053287,0.9630975633946715,5
deterministic,standard,,,0.05,mutual_information,delta,0.2,5,selective_risk,0.48,0.17888543819998315,0.07999999999999999,0.25792000000000004,0.7020799999999999,5
deterministic,standard,,,0.05,mutual_information,delta,0.3,5,selective_risk,0.42666666666666664,0.1460593486680443,0.06531972647421808,0.24533910597423728,0.607994227359096,5
deterministic,standard,,,0.05,mutual_information,delta,0.4,5,selective_risk,0.45,0.13693063937629155,0.06123724356957946,0.2800054118508475,0.6199945881491525,5
deterministic,standard,,,0.05,mutual_information,delta,0.5,5,selective_risk,0.43200000000000005,0.10353743284435828,0.0463033476111609,0.3034619070314174,0.5605380929685827,5
deterministic,standard,,,0.05,mutual_information,delta,0.6,5,selective_risk,0.44666666666666666,0.0767390962214756,0.03431876713662334,0.35139776909540027,0.541935564237933,5
deterministic,standard,,,0.05,mutual_information,delta,0.7,5,selective_risk,0.45714285714285713,0.04517539514526254,0.020203050891044204,0.40105918786931843,0.5132265264163959,5
deterministic,standard,,,0.05,mutual_information,delta,0.8,5,selective_risk,0.41,0.04541475531146238,0.020310096011589902,0.3536191734718264,0.46638082652817353,5
deterministic,standard,,,0.05,mutual_information,delta,0.9,5,selective_risk,0.40444444444444444,0.028974232912011767,0.012957670877433998,0.36847395008868766,0.4404149388002012,5
deterministic,standard,,,0.05,mutual_information,delta,1.0,5,selective_risk,0.45199999999999996,0.017888543819998312,0.007999999999999997,0.42979199999999995,0.47420799999999996,5
deterministic,standard,,,0.05,one_minus_confidence,adv,0.1,5,selective_risk,0.36,0.1673320053068151,0.07483314773547882,0.1522631818863108,0.5677368181136891,5
deterministic,standard,,,0.05,one_minus_confidence,adv,0.2,5,selective_risk,0.44000000000000006,0.08944271909999159,0.04,0.32896000000000003,0.5510400000000001,5
deterministic,standard,,,0.05,one_minus_confidence,adv,0.3,5,selective_risk,0.39999999999999997,0.06666666666666668,0.029814239699997202,0.3172356705928078,0.48276432940719216,5
deterministic,standard,,,0.05,one_minus_confidence,adv,0.4,5,selective_risk,0.44000000000000006,0.0651920240520265,0.029154759474226504,0.3590663876995473,0.5209336123004529,5
deterministic,standard,,,0.05,one_minus_confidence,adv,0.5,5,selective_risk,0.43999999999999995,0.028284271247461888,0.01264911064067351,0.40488606886149026,0.47511393113850964,5
deterministic,standard,,,0.05,one_minus_confidence,adv,0.6,5,selective_risk,0.44000000000000006,0.027888667551135848,0.01247219128924647,0.40537719698105185,0.47462280301894827,5
deterministic,standard,,,0.05,one_minus_confidence,adv,0.7,5,selective_risk,0.45714285714285713,0.02020305089104422,0.009035079029052515,0.43206147775820736,0.4822242365275069,5
deterministic,standard,,,0.05,one_minus_confidence,adv,0.8,5,selective_risk,0.465,0.037914377220257756,0.01695582495781317,0.41793062991711066,0.5120693700828893,5
deterministic,standard,,,0.05,one_minus_confidence,adv,0.9,5,selective_risk,0.47111111111111115,0.009938079899999055,0.00444444444444444,0.45877333333333337,0.48344888888888893,5
deterministic,standard,,,0.05,one_minus_confidence,adv,1.0,5,selective_risk,0.45199999999999996,0.017888543819998312,0.007999999999999997,0.42979199999999995,0.47420799999999996,5
deterministic,standard,,,0.05,one_minus_confidence,clean,0.1,5,selective_risk,0.0,0.0,0.0,0.0,0.0,5
deterministic,standard,,,0.05,one_minus_confidence,clean,0.2,5,selective_risk,0.02,0.044721359549995794,0.02,-0.035519999999999996,0.07552,5
deterministic,standard,,,0.05,one_minus_confidence,clean,0.3,5,selective_risk,0.05333333333333333,0.0557773351022717,0.024944382578492942,-0.015912272704563066,0.12257893937122973,5
deterministic,standard,,,0.05,one_minus_confidence,clean,0.4,5,selective_risk,0.06,0.06519202405202648,0.029154759474226497,-0.02093361230045275,0.14093361230045276,5
deterministic,standard,,,0.05,one_minus_confidence,clean,0.5,5,selective_risk,0.072,0.059329587896765304,0.0265329983228432,-0.0016556033442127194,0.1456556033442127,5
deterministic,standard,,,0.05,one_minus_confidence,clean,0.6,5,selective_risk,0.12,0.05055250296034367,0.02260776661041756,0.05724083988948085,0.18275916011051913,5
deterministic,standard,,,0.05,one_minus_confidence,clean,0.7,5,selective_risk,0.21714285714285717,0.025555062599997583,0.011428571428571422,0.1854171428571429,0.24886857142857144,5
deterministic,standard,,,0.05,one_minus_confidence,clean,0.8,5,selective_risk,0.315,0.022360679774997894,0.009999999999999998,0.28724,0.34276,5
deterministic,standard,,,0.05,one_minus_confidence,clean,0.9,5,selective_risk,0.39111111111111113,0.019876159799998138,0.008888888888888892,0.36643555555555557,0.4157866666666667,5
deterministic,standard,,,0.05,one_minus_confidence,clean,1.0,5,selective_risk,0.45199999999999996,0.017888543819998312,0.007999999999999997,0.42979199999999995,0.47420799999999996,5
deterministic,standard,,,0.05,one_minus_confidence,delta,0.1,5,selective_risk,0.72,0.10954451150103325,0.04898979485566357,0.5840043294806779,0.855995670519322,5
deterministic,standard,,,0.05,one_minus_confidence,delta,0.2,5,selective_risk,0.5,0.07071067811865474,0.031622776601683784,0.41221517215372583,0.5877848278462742,5
deterministic,standard,,,0.05,one_minus_confidence,delta,0.3,5,selective_risk,0.4533333333333333,0.029814239699997188,0.013333333333333329,0.41631999999999997,0.49034666666666665,5
deterministic,standard,,,0.05,one_minus_confidence,delta,0.4,5,selective_risk,0.44000000000000006,0.0651920240520265,0.029154759474226504,0.3590663876995473,0.5209336123004529,5
deterministic,standard,,,0.05,one_minus_confidence,delta,0.5,5,selective_risk,0.43999999999999995,0.028284271247461888,0.01264911064067351,0.40488606886149026,0.47511393113850964,5
deterministic,standard,,,0.05,one_minus_confidence,delta,0.6,5,selective_risk,0.44000000000000006,0.027888667551135848,0.01247219128924647,0.40537719698105185,0.47462280301894827,5
deterministic,standard,,,0.05,one_minus_confidence,delta,0.7,5,selective_risk,0.45714285714285713,0.02020305089104422,0.009035079029052515,0.43206147775820736,0.4822242365275069,5
deterministic,standard,,,0.05,one_minus_confidence,delta,0.8,5,selective_risk,0.465,0.037914377220257756,0.01695582495781317,0.41793062991711066,0.5120693700828893,5
deterministic,standard,,,0.05,one_minus_confidence,delta,0.9,5,selective_risk,0.47111111111111115,0.009938079899999055,0.00444444444444444,0.45877333333333337,0.48344888888888893,5
deterministic,standard,,,0.05,one_minus_confidence,delta,1.0,5,selective_risk,0.45199999999999996,0.017888543819998312,0.007999999999999997,0.42979199999999995,0.47420799999999996,5
deterministic,standard,,,0.07,mutual_information,adv,0.1,5,selective_risk,0.8399999999999999,0.1673320053068151,0.07483314773547882,0.6322631818863107,1.047736818113689,5
deterministic,standard,,,0.07,mutual_information,adv,0.2,5,selective_risk,0.82,0.08366600265340758,0.037416573867739424,0.7161315909431554,0.9238684090568445,5
deterministic,standard,,,0.07,mutual_information,adv,0.3,5,selective_risk,0.8400000000000001,0.059628479399994376,0.026666666666666658,0.7659733333333334,0.9140266666666668,5
deterministic,standard,,,0.07,mutual_information,adv,0.4,5,selective_risk,0.8300000000000001,0.07582875444051548,0.03391164991562633,0.7358612598342213,0.9241387401657788,5
deterministic,standard,,,0.07,mutual_information,adv,0.5,5,selective_risk,0.8240000000000001,0.05366563145999494,0.023999999999999994,0.757376,0.8906240000000001,5
deterministic,standard,,,0.07,mutual_information,adv,0.6,5,selective_risk,0.8133333333333332,0.05055250296034366,0.022607766610417555,0.7505741732228142,0.8760924934438523,5
deterministic,standard,,,0.07,mutual_information,adv,0.7,5,selective_risk,0.8,0.06388765649999398,0.028571428571428564,0.7206857142857144,0.8793142857142857,5
deterministic,standard,,,0.07,mutual_information,adv,0.8,5,selective_risk,0.7849999999999999,0.06519202405202651,0.02915475947422651,0.7040663876995471,0.8659336123004527,5
deterministic,standard,,,0.07,mutual_information,adv,0.9,5,selective_risk,0.7822222222222223,0.06554613868334501,0.0293131243517176,0.7008489890218542,0.8635954554225903,5
deterministic,standard,,,0.07,mutual_information,adv,1.0,5,selective_risk,0.78,0.04690415759823429,0.020976176963403027,0.7217701327495932,0.8382298672504068,5
deterministic,standard,,,0.07,mutual_information,clean,0.1,5,selective_risk,1.0,0.0,0.0,1.0,1.0,5
deterministic,standard,,,0.07,mutual_information,clean,0.2,5,selective_risk,1.0,0.0,0.0,1.0,1.0,5
deterministic,standard,,,0.07,mutual_information,clean,0.3,5,selective_risk,0.9866666666666667,0.029814239699997188,0.013333333333333329,0.9496533333333333,1.02368,5
deterministic,standard,,,0.07,mutual_information,clean,0.4,5,selective_risk,0.9099999999999999,0.0741619848709566,0.033166247903553984,0.8179304958197341,1.0020695041802659,5
deterministic,standard,,,0.07,mutual_information,clean,0.5,5,selective_risk,0.8400000000000001,0.09380831519646858,0.04195235392680605,0.7235402654991865,0.9564597345008137,5
deterministic,standard,,,0.07,mutual_information,clean,0.6,5,selective_risk,0.78,0.10165300454651274,0.04546060565661953,0.6538013586972242,0.9061986413027758,5
deterministic,standard,,,0.07,mutual_information,clean,0.7,5,selective_risk,0.7371428571428571,0.0889852085851282,0.03979539507766891,0.6266708404072482,0.847614873878466,5
deterministic,standard,,,0.07,mutual_information,clean,0.8,5,selective_risk,0.7300000000000001,0.057008771254956875,0.025495097567963913,0.6592256091513322,0.800774390848668,5
deterministic,standard,,,0.07,mutual_information,clean,0.9,5,selective_risk,0.7555555555555555,0.05211573066470478,0.023306863292670038,0.6908557030551035,0.8202554080560076,5
deterministic,standard,,,0.07,mutual_information,clean,1.0,5,selective_risk,0.78,0.04690415759823429,0.020976176963403027,0.7217701327495932,0.8382298672504068,5
deterministic,standard,,,0.07,mutual_information,delta,0.1,5,selective_risk,0.8400000000000001,0.1673320053068151,0.07483314773547882,0.6322631818863109,1.0477368181136892,5
deterministic,standard,,,0.07,mutual_information,delta,0.2,5,selective_risk,0.82,0.08366600265340758,0.037416573867739424,0.7161315909431554,0.9238684090568445,5
deterministic,standard,,,0.07,mutual_information,delta,0.3,5,selective_risk,0.8400000000000001,0.059628479399994376,0.026666666666666658,0.7659733333333334,0.9140266666666668,5
deterministic,standard,,,0.07,mutual_information,delta,0.4,5,selective_risk,0.82,0.07582875444051548,0.03391164991562633,0.7258612598342212,0.9141387401657787,5
deterministic,standard,,,0.07,mutual_information,delta,0.5,5,selective_risk,0.8,0.04898979485566356,0.02190890230020664,0.7391808872146264,0.8608191127853737,5
deterministic,standard,,,0.07,mutual_information,delta,0.6,5,selective_risk,0.7866666666666666,0.07673909622147562,0.034318767136623345,0.6913977690954002,0.8819355642379331,5
deterministic,standard,,,0.07,mutual_information,delta,0.7,5,selective_risk,0.7771428571428571,0.08427360687858643,0.03768830273792262,0.672520128742384,0.8817655855433303,5
deterministic,standard,,,0.07,mutual_information,delta,0.8,5,selective_risk,0.775,0.06846531968814579,0.030618621784789735,0.6900027059254237,0.8599972940745764,5
deterministic,standard,,,0.07,mutual_information,delta,0.9,5,selective_risk,0.7777777777777779,0.07027283689263064,0.03142696805273544,0.6905365144633844,0.8650190410921714,5
deterministic,standard,,,0.07,mutual_information,delta,1.0,5,selective_risk,0.78,0.04690415759823429,0.020976176963403027,0.7217701327495932,0.8382298672504068,5
deterministic,standard,,,0.07,one_minus_confidence,adv,0.1,5,selective_risk,0.96,0.08944271909999157,0.039999999999999994,0.8489599999999999,1.07104,5
deterministic,standard,,,0.07,one_minus_confidence,adv,0.2,5,selective_risk,0.96,0.0547722557505166,0.024494897427831775,0.892002164740339,1.027997835259661,5
deterministic,standard,,,0.07,one_minus_confidence,adv,0.3,5,selective_risk,0.9733333333333334,0.036514837167011066,0.016329931618554516,0.928001443160226,1.0186652235064406,5
deterministic,standard,,,0.07,one_minus_confidence,adv,0.4,5,selective_risk,0.9800000000000001,0.02738612787525833,0.012247448713915901,0.9460010823701696,1.0139989176298307,5
deterministic,standard,,,0.07,one_minus_confidence,adv,0.5,5,selective_risk,0.9359999999999999,0.021908902300206604,0.009797958971132694,0.9088008658961356,0.9631991341038643,5
deterministic,standard,,,0.07,one_minus_confidence,adv,0.6,5,selective_risk,0.9133333333333334,0.029814239699997188,0.013333333333333329,0.8763200000000001,0.9503466666666668,5
deterministic,standard,,,0.07,one_minus_confidence,adv,0.7,5,selective_risk,0.8742857142857142,0.015649215928719037,0.006998542122237654,0.8548577613543825,0.8937136672170459,5
deterministic,standard,,,0.07,one_minus_confidence,adv,0.8,5,selective_risk,0.8150000000000001,0.028504385627478424,0.01274754878398195,0.7796128045756662,0.8503871954243339,5
deterministic,standard,,,0.07,one_minus_confidence,adv,0.9,5,selective_risk,0.8044444444444444,0.024343224778007374,0.010886621079036343,0.7742231843290395,0.8346657045598493,5
deterministic,standard,,,0.07,one_minus_confidence,adv,1.0,5,selective_risk,0.78,0.04690415759823429,0.020976176963403027,0.7217701327495932,0.8382298672504068,5
deterministic,standard,,,0.07,one_minus_confidence,clean,0.1,5,selective_risk,0.44000000000000006,0.2966479394838265,0.132664991614216,0.07172198327893647,0.8082780167210637,5
deterministic,standard,,,0.07,one_minus_confidence,clean,0.2,5,selective_risk,0.42000000000000004,0.1643167672515498,0.07348469228349533,0.21600649422101703,0.623993505778983,5
deterministic,standard,,,0.07,one_minus_confidence,clean,0.3,5,selective_risk,0.52,0.1095445115010332,0.04898979485566355,0.384004329480678,0.6559956705193221,5
deterministic,standard,,,0.07,one_minus_confidence,clean,0.4,5,selective_risk,0.53,0.11510864433221336,0.05147815070493499,0.38709665364310053,0.6729033463568995,5
deterministic,standard,,,0.07,one_minus_confidence,clean,0.5,5,selective_risk,0.5840000000000001,0.10039920318408906,0.04489988864128729,0.45935790913178653,0.7086420908682136,5
deterministic,standard,,,0.07,one_minus_confidence,clean,0.6,5,selective_risk,0.6333333333333334,0.07817359599705719,0.034960294939005064,0.5362835545826554,0.7303831120840114,5
deterministic,standard,,,0.07,one_minus_confidence,clean,0.7,5,selective_risk,0.6857142857142857,0.06700593942604902,0.02996596709057577,0.6025287610708474,0.768899810357724,5
deterministic,standard,,,0.07,one_minus_confidence,clean,0.8,5,selective_risk,0.725,0.05863019699779285,0.02622022120425378,0.6522126659369915,0.7977873340630085,5
deterministic,standard,,,0.07,one_minus_confidence,clean,0.9,5,selective_risk,0.7555555555555555,0.05211573066470478,0.023306863292670038,0.6908557030551035,0.8202554080560076,5
deterministic,standard,,,0.07,one_minus_confidence,clean,1.0,5,selective_risk,0.78,0.04690415759823429,0.020976176963403027,0.7217701327495932,0.8382298672504068,5
deterministic,standard,,,0.07,one_minus_confidence,delta,0.1,5,selective_risk,1.0,0.0,0.0,1.0,1.0,5
deterministic,standard,,,0.07,one_minus_confidence,delta,0.2,5,selective_risk,0.9800000000000001,0.04472135954999579,0.019999999999999997,0.9244800000000001,1.03552,5
deterministic,standard,,,0.07,one_minus_confidence,delta,0.3,5,selective_risk,0.9733333333333334,0.036514837167011066,0.016329931618554516,0.928001443160226,1.0186652235064406,5
deterministic,standard,,,0.07,one_minus_confidence,delta,0.4,5,selective_risk,0.9800000000000001,0.02738612787525833,0.012247448713915901,0.9460010823701696,1.0139989176298307,5
deterministic,standard,,,0.07,one_minus_confidence,delta,0.5,5,selective_risk,0.9359999999999999,0.021908902300206604,0.009797958971132694,0.9088008658961356,0.9631991341038643,5
deterministic,standard,,,0.07,one_minus_confidence,delta,0.6,5,selective_risk,0.9133333333333334,0.029814239699997188,0.013333333333333329,0.8763200000000001,0.9503466666666668,5
deterministic,standard,,,0.07,one_minus_confidence,delta,0.7,5,selective_risk,0.8742857142857142,0.015649215928719037,0.006998542122237654,0.8548577613543825,0.8937136672170459,5
deterministic,standard,,,0.07,one_minus_confidence,delta,0.8,5,selective_risk,0.8150000000000001,0.028504385627478424,0.01274754878398195,0.7796128045756662,0.8503871954243339,5
deterministic,standard,,,0.07,one_minus_confidence,delta,0.9,5,selective_risk,0.8044444444444444,0.024343224778007374,0.010886621079036343,0.7742231843290395,0.8346657045598493,5
deterministic,standard,,,0.07,one_minus_confidence,delta,1.0,5,selective_risk,0.78,0.04690415759823429,0.020976176963403027,0.7217701327495932,0.8382298672504068,5
deterministic,standard,,,0.08,mutual_information,adv,0.1,5,selective_risk,1.0,0.0,0.0,1.0,1.0,5
deterministic,standard,,,0.08,mutual_information,adv,0.2,5,selective_risk,1.0,0.0,0.0,1.0,1.0,5
deterministic,standard,,,0.08,mutual_information,adv,0.3,5,selective_risk,0.96,0.059628479399994376,0.026666666666666658,0.8859733333333333,1.0340266666666666,5
deterministic,standard,,,0.08,mutual_information,adv,0.4,5,selective_risk,0.95,0.04999999999999999,0.02236067977499789,0.8879267529446058,1.0120732470553941,5
deterministic,standard,,,0.08,mutual_information,adv,0.5,5,selective_risk,0.944,0.03577708763999661,0.015999999999999986,0.8995839999999999,0.988416,5
deterministic,standard,,,0.08,mutual_information,adv,0.6,5,selective_risk,0.9400000000000001,0.04346134936801765,0.019436506316150997,0.8860442584663649,0.9939557415336352,5
deterministic,standard,,,0.08,mutual_information,adv,0.7,5,selective_risk,0.9257142857142858,0.04333071682315173,0.0193780856660722,0.8719207199052694,0.9795078515233022,5
deterministic,standard,,,0.08,mutual_information,adv,0.8,5,selective_risk,0.9200000000000002,0.03259601202601322,0.01457737973711324,0.8795331938497738,0.9604668061502265,5
deterministic,standard,,,0.08,mutual_information,adv,0.9,5,selective_risk,0.9111111111111111,0.04444444444444447,0.019876159799998138,0.8559348915063163,0.9662873307159059,5
deterministic,standard,,,0.08,mutual_information,adv,1.0,5,selective_risk,0.9,0.03464101615137758,0.015491933384829683,0.8569943929237128,0.9430056070762872,5
deterministic,standard,,,0.08,mutual_information,clean,0.1,5,selective_risk,1.0,0.0,0.0,1.0,1.0,5
deterministic,standard,,,0.08,mutual_information,clean,0.2,5,selective_risk,1.0,0.0,0.0,1.0,1.0,5
deterministic,standard,,,0.08,mutual_information,clean,0.3,5,selective_risk,1.0,0.0,0.0,1.0,1.0,5
deterministic,standard,,,0.08,mutual_information,clean,0.4,5,selective_risk,0.9800000000000001,0.02738612787525833,0.012247448713915901,0.9460010823701696,1.0139989176298307,5
deterministic,standard,,,0.08,mutual_information,clean,0.5,5,selective_risk,0.944,0.021908902300206604,0.009797958971132694,0.9168008658961356,0.9711991341038643,5
deterministic,standard,,,0.08,mutual_information,clean,0.6,5,selective_risk,0.9066666666666666,0.04346134936801765,0.019436506316150997,0.8527109251330315,0.9606224082003018,5
deterministic,standard,,,0.08,mutual_information,clean,0.7,5,selective_risk,0.8742857142857143,0.0325764407171182,0.014568627181693659,0.8338432052293328,0.9147282233420959,5
deterministic,standard,,,0.08,mutual_information,clean,0.8,5,selective_risk,0.875,0.043301270189221926,0.01936491673103708,0.821242991154641,0.928757008845359,5
deterministic,standard,,,0.08,mutual_information,clean,0.9,5,selective_risk,0.8888888888888887,0.038490017945975064,0.017213259316477412,0.8411048810263474,0.9366728967514301,5
deterministic,standard,,,0.08,mutual_information,clean,1.0,5,selective_risk,0.9,0.03464101615137758,0.015491933384829683,0.8569943929237128,0.9430056070762872,5
deterministic,standard,,,0.08,mutual_information,delta,0.1,5,selective_risk,1.0,0.0,0.0,1.0,1.0,5
deterministic,standard,,,0.08,mutual_information,delta,0.2,5,selective_risk,1.0,0.0,0.0,1.0,1.0,5
deterministic,standard,,,0.08,mutual_information,delta,0.3,5,selective_risk,0.9733333333333334,0.036514837167011066,0.016329931618554516,0.928001443160226,1.0186652235064406,5
deterministic,standard,,,0.08,mutual_information,delta,0.4,5,selective_risk,0.9400000000000001,0.04183300132670376,0.018708286933869698,0.8880657954715778,0.9919342045284223,5
deterministic,standard,,,0.08,mutual_information,delta,0.5,5,selective_risk,0.9359999999999999,0.04560701700396551,0.020396078054371134,0.8793804873210657,0.9926195126789342,5
deterministic,standard,,,0.08,mutual_information,delta,0.6,5,selective_risk,0.9200000000000002,0.03800584750330459,0.016996731711975945,0.8728170727675549,0.9671829272324454,5
deterministic,standard,,,0.08,mutual_information,delta,0.7,5,selective_risk,0.9085714285714286,0.037252585172586575,0.016659862556700863,0.862323650114027,0.9548192070288302,5
deterministic,standard,,,0.08,mutual_information,delta,0.8,5,selective_risk,0.915,0.02850438562747844,0.012747548783981958,0.8796128045756662,0.9503871954243339,5
deterministic,standard,,,0.08,mutual_information,delta,0.9,5,selective_risk,0.8977777777777778,0.04868644955601479,0.021773242158072702,0.8373352575469679,0.9582202980085877,5
deterministic,standard,,,0.08,mutual_information,delta,1.0,5,selective_risk,0.9,0.03464101615137758,0.015491933384829683,0.8569943929237128,0.9430056070762872,5
deterministic,standard,,,0.08,one_minus_confidence,adv,0.1,5,selective_risk,1.0,0.0,0.0,1.0,1.0,5
deterministic,standard,,,0.08,one_minus_confidence,adv,0.2,5,selective_risk,1.0,0.0,0.0,1.0,1.0,5
deterministic,standard,,,0.08,one_minus_confidence,adv,0.3,5,selective_risk,1.0,0.0,0.0,1.0,1.0,5
deterministic,standard,,,0.08,one_minus_confidence,adv,0.4,5,selective_risk,1.0,0.0,0.0,1.0,1.0,5
deterministic,standard,,,0.08,one_minus_confidence,adv,0.5,5,selective_risk,1.0,0.0,0.0,1.0,1.0,5
deterministic,standard,,,0.08,one_minus_confidence,adv,0.6,5,selective_risk,0.9933333333333334,0.014907119849998594,0.0066666666666666645,0.9748266666666667,1.01184,5
deterministic,standard,,,0.08,one_minus_confidence,adv,0.7,5,selective_risk,0.9714285714285713,0.02020305089104422,0.009035079029052515,0.9463471920439215,0.9965099508132211,5
deterministic,standard,,,0.08,one_minus_confidence,adv,0.8,5,selective_risk,0.95,0.017677669529663664,0.007905694150420937,0.9280537930384314,0.9719462069615685,5
deterministic,standard,,,0.08,one_minus_confidence,adv,0.9,5,selective_risk,0.9244444444444445,0.01987615979999816,0.008888888888888901,0.899768888888889,0.9491200000000001,5
deterministic,standard,,,0.08,one_minus_confidence,adv,1.0,5,selective_risk,0.9,0.03464101615137758,0.015491933384829683,0.8569943929237128,0.9430056070762872,5
deterministic,standard,,,0.08,one_minus_confidence,clean,0.1,5,selective_risk,0.64,0.16733200530681513,0.07483314773547883,0.4322631818863108,0.8477368181136893,5
deterministic,standard,,,0.08,one_minus_confidence,clean,0.2,5,selective_risk,0.68,0.10954451150103323,0.048989794855663564,0.544004329480678,0.8159956705193221,5
deterministic,standard,,,0.08,one_minus_confidence,clean,0.3,5,selective_risk,0.7466666666666667,0.08692269873603534,0.03887301263230201,0.6387551835993963,0.8545781497339371,5
deterministic,standard,,,0.08,one_minus_confidence,clean,0.4,5,selective_risk,0.7700000000000001,0.09746794344808965,0.04358898943540674,0.648996965327311,0.8910030346726893,5
deterministic,standard,,,0.08,one_minus_confidence,clean,0.5,5,selective_risk,0.8,0.06928203230275505,0.030983866769659314,0.7139887858474258,0.8860112141525743,5
deterministic,standard,,,0.08,one_minus_confidence,clean,0.6,5,selective_risk,0.8333333333333334,0.057735026918962616,0.02581988897471613,0.7616573215395214,0.9050093451271454,5
deterministic,standard,,,0.08,one_minus_confidence,clean,0.7,5,selective_risk,0.8571428571428571,0.049487165930539326,0.022131333406899514,0.795706275605304,0.9185794386804101,5
deterministic,standard,,,0.08,one_minus_confidence,clean,0.8,5,selective_risk,0.875,0.043301270189221926,0.01936491673103708,0.821242991154641,0.928757008845359,5
deterministic,standard,,,0.08,one_minus_confidence,clean,0.9,5,selective_risk,0.8888888888888887,0.038490017945975064,0.017213259316477412,0.8411048810263474,0.9366728967514301,5
deterministic,standard,,,0.08,one_minus_confidence,clean,1.0,5,selective_risk,0.9,0.03464101615137758,0.015491933384829683,0.8569943929237128,0.9430056070762872,5
deterministic,standard,,,0.08,one_minus_confidence,delta,0.1,5,selective_risk,1.0,0.0,0.0,1.0,1.0,5
deterministic,standard,,,0.08,one_minus_confidence,delta,0.2,5,selective_risk,1.0,0.0,0.0,1.0,1.0,5
deterministic,standard,,,0.08,one_minus_confidence,delta,0.3,5,selective_risk,1.0,0.0,0.0,1.0,1.0,5
deterministic,standard,,,0.08,one_minus_confidence,delta,0.4,5,selective_risk,1.0,0.0,0.0,1.0,1.0,5
deterministic,standard,,,0.08,one_minus_confidence,delta,0.5,5,selective_risk,1.0,0.0,0.0,1.0,1.0,5
deterministic,standard,,,0.08,one_minus_confidence,delta,0.6,5,selective_risk,0.9933333333333334,0.014907119849998594,0.0066666666666666645,0.9748266666666667,1.01184,5
deterministic,standard,,,0.08,one_minus_confidence,delta,0.7,5,selective_risk,0.9714285714285713,0.02020305089104422,0.009035079029052515,0.9463471920439215,0.9965099508132211,5
deterministic,standard,,,0.08,one_minus_confidence,delta,0.8,5,selective_risk,0.95,0.017677669529663664,0.007905694150420937,0.9280537930384314,0.9719462069615685,5
deterministic,standard,,,0.08,one_minus_confidence,delta,0.9,5,selective_risk,0.9244444444444445,0.01987615979999816,0.008888888888888901,0.899768888888889,0.9491200000000001,5
deterministic,standard,,,0.08,one_minus_confidence,delta,1.0,5,selective_risk,0.9,0.03464101615137758,0.015491933384829683,0.8569943929237128,0.9430056070762872,5
deterministic,standard,,,0.1,mutual_information,adv,0.1,5,selective_risk,1.0,0.0,0.0,1.0,1.0,5
deterministic,standard,,,0.1,mutual_information,adv,0.2,5,selective_risk,0.9800000000000001,0.04472135954999579,0.019999999999999997,0.9244800000000001,1.03552,5
deterministic,standard,,,0.1,mutual_information,adv,0.3,5,selective_risk,0.9866666666666667,0.029814239699997188,0.013333333333333329,0.9496533333333333,1.02368,5
deterministic,standard,,,0.1,mutual_information,adv,0.4,5,selective_risk,0.99,0.022360679774997918,0.010000000000000009,0.96224,1.01776,5
deterministic,standard,,,0.1,mutual_information,adv,0.5,5,selective_risk,0.992,0.017888543819998333,0.008000000000000007,0.969792,1.014208,5
deterministic,standard,,,0.1,mutual_information,adv,0.6,5,selective_risk,0.9866666666666667,0.018257418583505533,0.008164965809277258,0.9640007215801131,1.0093326117532204,5
deterministic,standard,,,0.1,mutual_information,adv,0.7,5,selective_risk,0.9885714285714287,0.015649215928719037,0.006998542122237654,0.969143475640097,1.0079993815027604,5
deterministic,standard,,,0.1,mutual_information,adv,0.8,5,selective_risk,0.985,0.013693063937629165,0.006123724356957951,0.9680005411850847,1.0019994588149153,5
deterministic,standard,,,0.1,mutual_information,adv,0.9,5,selective_risk,0.9822222222222223,0.00993807989999908,0.0044444444444444505,0.9698844444444445,0.9945600000000001,5
deterministic,standard,,,0.1,mutual_information,adv,1.0,5,selective_risk,0.984,0.008944271909999166,0.0040000000000000036,0.972896,0.995104,5
deterministic,standard,,,0.1,mutual_information,clean,0.1,5,selective_risk,1.0,0.0,0.0,1.0,1.0,5
deterministic,standard,,,0.1,mutual_information,clean,0.2,5,selective_risk,1.0,0.0,0.0,1.0,1.0,5
deterministic,standard,,,0.1,mutual_information,clean,0.3,5,selective_risk,1.0,0.0,0.0,1.0,1.0,5
deterministic,standard,,,0.1,mutual_information,clean,0.4,5,selective_risk,1.0,0.0,0.0,1.0,1.0,5
deterministic,standard,,,0.1,mutual_information,clean,0.5,5,selective_risk,1.0,0.0,0.0,1.0,1.0,5
deterministic,standard,,,0.1,mutual_information,clean,0.6,5,selective_risk,0.9866666666666667,0.018257418583505533,0.008164965809277258,0.9640007215801131,1.0093326117532204,5
deterministic,standard,,,0.1,mutual_information,clean,0.7,5,selective_risk,0.9771428571428572,0.012777531299998802,0.005714285714285716,0.96128,0.9930057142857144,5
deterministic,standard,,,0.1,mutual_information,clean,0.8,5,selective_risk,0.9800000000000001,0.011180339887498959,0.0050000000000000044,0.9661200000000001,0.9938800000000001,5
deterministic,standard,,,0.1,mutual_information,clean,0.9,5,selective_risk,0.9822222222222223,0.00993807989999908,0.0044444444444444505,0.9698844444444445,0.9945600000000001,5
deterministic,standard,,,0.1,mutual_information,clean,1.0,5,selective_risk,0.984,0.008944271909999166,0.0040000000000000036,0.972896,0.995104,5
deterministic,standard,,,0.1,mutual_information,delta,0.1,5,selective_risk,1.0,0.0,0.0,1.0,1.0,5
deterministic,standard,,,0.1,mutual_information,delta,0.2,5,selective_risk,0.9800000000000001,0.04472135954999579,0.019999999999999997,0.9244800000000001,1.03552,5
deterministic,standard,,,0.1,mutual_information,delta,0.3,5,selective_risk,0.9866666666666667,0.029814239699997188,0.013333333333333329,0.9496533333333333,1.02368,5
deterministic,standard,,,0.1,mutual_information,delta,0.4,5,selective_risk,0.99,0.022360679774997918,0.010000000000000009,0.96224,1.01776,5
deterministic,standard,,,0.1,mutual_information,delta,0.5,5,selective_risk,0.984,0.021908902300206666,0.009797958971132722,0.9568008658961356,1.0111991341038644,5
deterministic,standard,,,0.1,mutual_information,delta,0.6,5,selective_risk,0.9800000000000001,0.018257418583505533,0.008164965809277258,0.9573340549134465,1.0026659450865538,5
deterministic,standard,,,0.1,mutual_information,delta,0.7,5,selective_risk,0.9828571428571429,0.015649215928719037,0.006998542122237654,0.9634291899258112,1.0022850957884746,5
deterministic,standard,,,0.1,mutual_information,delta,0.8,5,selective_risk,0.9800000000000001,0.011180339887498959,0.0050000000000000044,0.9661200000000001,0.9938800000000001,5
deterministic,standard,,,0.1,mutual_information,delta,0.9,5,selective_risk,0.9822222222222223,0.00993807989999908,0.0044444444444444505,0.9698844444444445,0.9945600000000001,5
deterministic,standard,,,0.1,mutual_information,delta,1.0,5,selective_risk,0.984,0.008944271909999166,0.0040000000000000036,0.972896,0.995104,5
deterministic,standard,,,0.1,one_minus_confidence,adv,0.1,5,selective_risk,1.0,0.0,0.0,1.0,1.0,5
deterministic,standard,,,0.1,one_minus_confidence,adv,0.2,5,selective_risk,1.0,0.0,0.0,1.0,1.0,5
deterministic,standard,,,0.1,one_minus_confidence,adv,0.3,5,selective_risk,1.0,0.0,0.0,1.0,1.0,5
deterministic,standard,,,0.1,one_minus_confidence,adv,0.4,5,selective_risk,1.0,0.0,0.0,1.0,1.0,5
deterministic,standard,,,0.1,one_minus_confidence,adv,0.5,5,selective_risk,1.0,0.0,0.0,1.0,1.0,5
deterministic,standard,,,0.1,one_minus_confidence,adv,0.6,5,selective_risk,1.0,0.0,0.0,1.0,1.0,5
deterministic,standard,,,0.1,one_minus_confidence,adv,0.7,5,selective_risk,1.0,0.0,0.0,1.0,1.0,5
deterministic,standard,,,0.1,one_minus_confidence,adv,0.8,5,selective_risk,1.0,0.0,0.0,1.0,1.0,5
deterministic,standard,,,0.1,one_minus_confidence,adv,0.9,5,selective_risk,1.0,0.0,0.0,1.0,1.0,5
deterministic,standard,,,0.1,one_minus_confidence,adv,1.0,5,selective_risk,0.984,0.008944271909999166,0.0040000000000000036,0.972896,0.995104,5
deterministic,standard,,,0.1,one_minus_confidence,clean,0.1,5,selective_risk,0.96,0.08944271909999157,0.039999999999999994,0.8489599999999999,1.07104,5
deterministic,standard,,,0.1,one_minus_confidence,clean,0.2,5,selective_risk,0.9400000000000001,0.0547722557505166,0.024494897427831775,0.8720021647403391,1.007997835259661,5
deterministic,standard,,,0.1,one_minus_confidence,clean,0.3,5,selective_risk,0.96,0.036514837167011066,0.016329931618554516,0.9146681098268926,1.0053318901731072,5
deterministic,standard,,,0.1,one_minus_confidence,clean,0.4,5,selective_risk,0.97,0.02738612787525833,0.012247448713915901,0.9360010823701694,1.0039989176298305,5
deterministic,standard,,,0.1,one_minus_confidence,clean,0.5,5,selective_risk,0.968,0.017888543819998333,0.008000000000000007,0.945792,0.990208,5
deterministic,standard,,,0.1,one_minus_confidence,clean,0.6,5,selective_risk,0.9733333333333334,0.014907119849998596,0.006666666666666665,0.9548266666666667,0.99184,5
deterministic,standard,,,0.1,one_minus_confidence,clean,0.7,5,selective_risk,0.9771428571428572,0.012777531299998802,0.005714285714285716,0.96128,0.9930057142857144,5
deterministic,standard,,,0.1,one_minus_confidence,clean,0.8,5,selective_risk,0.9800000000000001,0.011180339887498959,0.0050000000000000044,0.9661200000000001,0.9938800000000001,5
deterministic,standard,,,0.1,one_minus_confidence,clean,0.9,5,selective_risk,0.9822222222222223,0.00993807989999908,0.0044444444444444505,0.9698844444444445,0.9945600000000001,5
deterministic,standard,,,0.1,one_minus_confidence,clean,1.0,5,selective_risk,0.984,0.008944271909999166,0.0040000000000000036,0.972896,0.995104,5
deterministic,standard,,,0.1,one_minus_confidence,delta,0.1,5,selective_risk,1.0,0.0,0.0,1.0,1.0,5
deterministic,standard,,,0.1,one_minus_confidence,delta,0.2,5,selective_risk,1.0,0.0,0.0,1.0,1.0,5
deterministic,standard,,,0.1,one_minus_confidence,delta,0.3,5,selective_risk,1.0,0.0,0.0,1.0,1.0,5
deterministic,standard,,,0.1,one_minus_confidence,delta,0.4,5,selective_risk,1.0,0.0,0.0,1.0,1.0,5
deterministic,standard,,,0.1,one_minus_confidence,delta,0.5,5,selective_risk,1.0,0.0,0.0,1.0,1.0,5
deterministic,standard,,,0.1,one_minus_confidence,delta,0.6,5,selective_risk,1.0,0.0,0.0,1.0,1.0,5
deterministic,standard,,,0.1,one_minus_confidence,delta,0.7,5,selective_risk,1.0,0.0,0.0,1.0,1.0,5
deterministic,standard,,,0.1,one_minus_confidence,delta,0.8,5,selective_risk,1.0,0.0,0.0,1.0,1.0,5
deterministic,standard,,,0.1,one_minus_confidence,delta,0.9,5,selective_risk,1.0,0.0,0.0,1.0,1.0,5
deterministic,standard,,,0.1,one_minus_confidence,delta,1.0,5,selective_risk,0.984,0.008944271909999166,0.0040000000000000036,0.972896,0.995104,5
deterministic,standard,,,0.15,mutual_information,adv,0.1,5,selective_risk,1.0,0.0,0.0,1.0,1.0,5
deterministic,standard,,,0.15,mutual_information,adv,0.2,5,selective_risk,1.0,0.0,0.0,1.0,1.0,5
deterministic,standard,,,0.15,mutual_information,adv,0.3,5,selective_risk,1.0,0.0,0.0,1.0,1.0,5
deterministic,standard,,,0.15,mutual_information,adv,0.4,5,selective_risk,1.0,0.0,0.0,1.0,1.0,5
deterministic,standard,,,0.15,mutual_information,adv,0.5,5,selective_risk,1.0,0.0,0.0,1.0,1.0,5
deterministic,standard,,,0.15,mutual_information,adv,0.6,5,selective_risk,1.0,0.0,0.0,1.0,1.0,5
deterministic,standard,,,0.15,mutual_information,adv,0.7,5,selective_risk,1.0,0.0,0.0,1.0,1.0,5
deterministic,standard,,,0.15,mutual_information,adv,0.8,5,selective_risk,1.0,0.0,0.0,1.0,1.0,5
deterministic,standard,,,0.15,mutual_information,adv,0.9,5,selective_risk,1.0,0.0,0.0,1.0,1.0,5
deterministic,standard,,,0.15,mutual_information,adv,1.0,5,selective_risk,1.0,0.0,0.0,1.0,1.0,5
deterministic,standard,,,0.15,mutual_information,clean,0.1,5,selective_risk,1.0,0.0,0.0,1.0,1.0,5
deterministic,standard,,,0.15,mutual_information,clean,0.2,5,selective_risk,1.0,0.0,0.0,1.0,1.0,5
deterministic,standard,,,0.15,mutual_information,clean,0.3,5,selective_risk,1.0,0.0,0.0,1.0,1.0,5
deterministic,standard,,,0.15,mutual_information,clean,0.4,5,selective_risk,1.0,0.0,0.0,1.0,1.0,5
deterministic,standard,,,0.15,mutual_information,clean,0.5,5,selective_risk,1.0,0.0,0.0,1.0,1.0,5
deterministic,standard,,,0.15,mutual_information,clean,0.6,5,selective_risk,1.0,0.0,0.0,1.0,1.0,5
deterministic,standard,,,0.15,mutual_information,clean,0.7,5,selective_risk,1.0,0.0,0.0,1.0,1.0,5
deterministic,standard,,,0.15,mutual_information,clean,0.8,5,selective_risk,1.0,0.0,0.0,1.0,1.0,5
deterministic,standard,,,0.15,mutual_information,clean,0.9,5,selective_risk,1.0,0.0,0.0,1.0,1.0,5
deterministic,standard,,,0.15,mutual_information,clean,1.0,5,selective_risk,1.0,0.0,0.0,1.0,1.0,5
deterministic,standard,,,0.15,mutual_information,delta,0.1,5,selective_risk,1.0,0.0,0.0,1.0,1.0,5
deterministic,standard,,,0.15,mutual_information,delta,0.2,5,selective_risk,1.0,0.0,0.0,1.0,1.0,5
deterministic,standard,,,0.15,mutual_information,delta,0.3,5,selective_risk,1.0,0.0,0.0,1.0,1.0,5
deterministic,standard,,,0.15,mutual_information,delta,0.4,5,selective_risk,1.0,0.0,0.0,1.0,1.0,5
deterministic,standard,,,0.15,mutual_information,delta,0.5,5,selective_risk,1.0,0.0,0.0,1.0,1.0,5
deterministic,standard,,,0.15,mutual_information,delta,0.6,5,selective_risk,1.0,0.0,0.0,1.0,1.0,5
deterministic,standard,,,0.15,mutual_information,delta,0.7,5,selective_risk,1.0,0.0,0.0,1.0,1.0,5
deterministic,standard,,,0.15,mutual_information,delta,0.8,5,selective_risk,1.0,0.0,0.0,1.0,1.0,5
deterministic,standard,,,0.15,mutual_information,delta,0.9,5,selective_risk,1.0,0.0,0.0,1.0,1.0,5
deterministic,standard,,,0.15,mutual_information,delta,1.0,5,selective_risk,1.0,0.0,0.0,1.0,1.0,5
deterministic,standard,,,0.15,one_minus_confidence,adv,0.1,5,selective_risk,1.0,0.0,0.0,1.0,1.0,5
deterministic,standard,,,0.15,one_minus_confidence,adv,0.2,5,selective_risk,1.0,0.0,0.0,1.0,1.0,5
deterministic,standard,,,0.15,one_minus_confidence,adv,0.3,5,selective_risk,1.0,0.0,0.0,1.0,1.0,5
deterministic,standard,,,0.15,one_minus_confidence,adv,0.4,5,selective_risk,1.0,0.0,0.0,1.0,1.0,5
deterministic,standard,,,0.15,one_minus_confidence,adv,0.5,5,selective_risk,1.0,0.0,0.0,1.0,1.0,5
deterministic,standard,,,0.15,one_minus_confidence,adv,0.6,5,selective_risk,1.0,0.0,0.0,1.0,1.0,5
deterministic,standard,,,0.15,one_minus_confidence,adv,0.7,5,selective_risk,1.0,0.0,0.0,1.0,1.0,5
deterministic,standard,,,0.15,one_minus_confidence,adv,0.8,5,selective_risk,1.0,0.0,0.0,1.0,1.0,5
deterministic,standard,,,0.15,one_minus_confidence,adv,0.9,5,selective_risk,1.0,0.0,0.0,1.0,1.0,5
deterministic,standard,,,0.15,one_minus_confidence,adv,1.0,5,selective_risk,1.0,0.0,0.0,1.0,1.0,5
deterministic,standard,,,0.15,one_minus_confidence,clean,0.1,5,selective_risk,1.0,0.0,0.0,1.0,1.0,5
deterministic,standard,,,0.15,one_minus_confidence,clean,0.2,5,selective_risk,1.0,0.0,0.0,1.0,1.0,5
deterministic,standard,,,0.15,one_minus_confidence,clean,0.3,5,selective_risk,1.0,0.0,0.0,1.0,1.0,5
deterministic,standard,,,0.15,one_minus_confidence,clean,0.4,5,selective_risk,1.0,0.0,0.0,1.0,1.0,5
deterministic,standard,,,0.15,one_minus_confidence,clean,0.5,5,selective_risk,1.0,0.0,0.0,1.0,1.0,5
deterministic,standard,,,0.15,one_minus_confidence,clean,0.6,5,selective_risk,1.0,0.0,0.0,1.0,1.0,5
deterministic,standard,,,0.15,one_minus_confidence,clean,0.7,5,selective_risk,1.0,0.0,0.0,1.0,1.0,5
deterministic,standard,,,0.15,one_minus_confidence,clean,0.8,5,selective_risk,1.0,0.0,0.0,1.0,1.0,5
deterministic,standard,,,0.15,one_minus_confidence,clean,0.9,5,selective_risk,1.0,0.0,0.0,1.0,1.0,5
deterministic,standard,,,0.15,one_minus_confidence,clean,1.0,5,selective_risk,1.0,0.0,0.0,1.0,1.0,5
deterministic,standard,,,0.15,one_minus_confidence,delta,0.1,5,selective_risk,1.0,0.0,0.0,1.0,1.0,5
deterministic,standard,,,0.15,one_minus_confidence,delta,0.2,5,selective_risk,1.0,0.0,0.0,1.0,1.0,5
deterministic,standard,,,0.15,one_minus_confidence,delta,0.3,5,selective_risk,1.0,0.0,0.0,1.0,1.0,5
deterministic,standard,,,0.15,one_minus_confidence,delta,0.4,5,selective_risk,1.0,0.0,0.0,1.0,1.0,5
deterministic,standard,,,0.15,one_minus_confidence,delta,0.5,5,selective_risk,1.0,0.0,0.0,1.0,1.0,5
deterministic,standard,,,0.15,one_minus_confidence,delta,0.6,5,selective_risk,1.0,0.0,0.0,1.0,1.0,5
deterministic,standard,,,0.15,one_minus_confidence,delta,0.7,5,selective_risk,1.0,0.0,0.0,1.0,1.0,5
deterministic,standard,,,0.15,one_minus_confidence,delta,0.8,5,selective_risk,1.0,0.0,0.0,1.0,1.0,5
deterministic,standard,,,0.15,one_minus_confidence,delta,0.9,5,selective_risk,1.0,0.0,0.0,1.0,1.0,5
deterministic,standard,,,0.15,one_minus_confidence,delta,1.0,5,selective_risk,1.0,0.0,0.0,1.0,1.0,5
mc_dropout,robust,0.08,0.25,0.01,mutual_information,adv,0.1,5,selective_risk,0.0,0.0,0.0,0.0,0.0,5
mc_dropout,robust,0.08,0.25,0.01,mutual_information,adv,0.2,5,selective_risk,0.0,0.0,0.0,0.0,0.0,5
mc_dropout,robust,0.08,0.25,0.01,mutual_information,adv,0.3,5,selective_risk,0.0,0.0,0.0,0.0,0.0,5
mc_dropout,robust,0.08,0.25,0.01,mutual_information,adv,0.4,5,selective_risk,0.0,0.0,0.0,0.0,0.0,5
mc_dropout,robust,0.08,0.25,0.01,mutual_information,adv,0.5,5,selective_risk,0.0,0.0,0.0,0.0,0.0,5
mc_dropout,robust,0.08,0.25,0.01,mutual_information,adv,0.6,5,selective_risk,0.0,0.0,0.0,0.0,0.0,5
mc_dropout,robust,0.08,0.25,0.01,mutual_information,adv,0.7,5,selective_risk,0.0,0.0,0.0,0.0,0.0,5
mc_dropout,robust,0.08,0.25,0.01,mutual_information,adv,0.8,5,selective_risk,0.0,0.0,0.0,0.0,0.0,5
mc_dropout,robust,0.08,0.25,0.01,mutual_information,adv,0.9,5,selective_risk,0.0,0.0,0.0,0.0,0.0,5
mc_dropout,robust,0.08,0.25,0.01,mutual_information,adv,1.0,5,selective_risk,0.0,0.0,0.0,0.0,0.0,5
mc_dropout,robust,0.08,0.25,0.01,mutual_information,clean,0.1,5,selective_risk,0.0,0.0,0.0,0.0,0.0,5
mc_dropout,robust,0.08,0.25,0.01,mutual_information,clean,0.2,5,selective_risk,0.0,0.0,0.0,0.0,0.0,5
mc_dropout,robust,0.08,0.25,0.01,mutual_information,clean,0.3,5,selective_risk,0.0,0.0,0.0,0.0,0.0,5
mc_dropout,robust,0.08,0.25,0.01,mutual_information,clean,0.4,5,selective_risk,0.0,0.0,0.0,0.0,0.0,5
mc_dropout,robust,0.08,0.25,0.01,mutual_information,clean,0.5,5,selective_risk,0.0,0.0,0.0,0.0,0.0,5
mc_dropout,robust,0.08,0.25,0.01,mutual_information,clean,0.6,5,selective_risk,0.0,0.0,0.0,0.0,0.0,5
mc_dropout,robust,0.08,0.25,0.01,mutual_information,clean,0.7,5,selective_risk,0.0,0.0,0.0,0.0,0.0,5
mc_dropout,robust,0.08,0.25,0.01,mutual_information,clean,0.8,5,selective_risk,0.0,0.0,0.0,0.0,0.0,5
mc_dropout,robust,0.08,0.25,0.01,mutual_information,clean,0.9,5,selective_risk,0.0,0.0,0.0,0.0,0.0,5
mc_dropout,robust,0.08,0.25,0.01,mutual_information,clean,1.0,5,selective_risk,0.0,0.0,0.0,0.0,0.0,5
mc_dropout,robust,0.08,0.25,0.01,mutual_information,delta,0.1,5,selective_risk,0.0,0.0,0.0,0.0,0.0,5
mc_dropout,robust,0.08,0.25,0.01,mutual_information,delta,0.2,5,selective_risk,0.0,0.0,0.0,0.0,0.0,5
mc_dropout,robust,0.08,0.25,0.01,mutual_information,delta,0.3,5,selective_risk,0.0,0.0,0.0,0.0,0.0,5
mc_dropout,robust,0.08,0.25,0.01,mutual_information,delta,0.4,5,selective_risk,0.0,0.0,0.0,0.0,0.0,5
mc_dropout,robust,0.08,0.25,0.01,mutual_information,delta,0.5,5,selective_risk,0.0,0.0,0.0,0.0,0.0,5
mc_dropout,robust,0.08,0.25,0.01,mutual_information,delta,0.6,5,selective_risk,0.0,0.0,0.0,0.0,0.0,5
mc_dropout,robust,0.08,0.25,0.01,mutual_information,delta,0.7,5,selective_risk,0.0,0.0,0.0,0.0,0.0,5
mc_dropout,robust,0.08,0.25,0.01,mutual_information,delta,0.8,5,selective_risk,0.0,0.0,0.0,0.0,0.0,5
mc_dropout,robust,0.08,0.25,0.01,mutual_information,delta,0.9,5,selective_risk,0.0,0.0,0.0,0.0,0.0,5
mc_dropout,robust,0.08,0.25,0.01,mutual_information,delta,1.0,5,selective_risk,0.0,0.0,0.0,0.0,0.0,5
mc_dropout,robust,0.08,0.25,0.01,one_minus_confidence,adv,0.1,5,selective_risk,0.0,0.0,0.0,0.0,0.0,5
mc_dropout,robust,0.08,0.25,0.01,one_minus_confidence,adv,0.2,5,selective_risk,0.0,0.0,0.0,0.0,0.0,5
mc_dropout,robust,0.08,0.25,0.01,one_minus_confidence,adv,0.3,5,selective_risk,0.0,0.0,0.0,0.0,0.0,5
mc_dropout,robust,0.08,0.25,0.01,one_minus_confidence,adv,0.4,5,selective_risk,0.0,0.0,0.0,0.0,0.0,5
mc_dropout,robust,0.08,0.25,0.01,one_minus_confidence,adv,0.5,5,selective_risk,0.0,0.0,0.0,0.0,0.0,5
mc_dropout,robust,0.08,0.25,0.01,one_minus_confidence,adv,0.6,5,selective_risk,0.0,0.0,0.0,0.0,0.0,5
mc_dropout,robust,0.08,0.25,0.01,one_minus_confidence,adv,0.7,5,selective_risk,0.0,0.0,0.0,0.0,0.0,5
mc_dropout,robust,0.08,0.25,0.01,one_minus_confidence,adv,0.8,5,selective_risk,0.0,0.0,0.0,0.0,0.0,5
mc_dropout,robust,0.08,0.25,0.01,one_minus_confidence,adv,0.9,5,selective_risk,0.0,0.0,0.0,0.0,0.0,5
mc_dropout,robust,0.08,0.25,0.01,one_minus_confidence,adv,1.0,5,selective_risk,0.0,0.0,0.0,0.0,0.0,5
mc_dropout,robust,0.08,0.25,0.01,one_minus_confidence,clean,0.1,5,selective_risk,0.0,0.0,0.0,0.0,0.0,5
mc_dropout,robust,0.08,0.25,0.01,one_minus_confidence,clean,0.2,5,selective_risk,0.0,0.0,0.0,0.0,0.0,5
mc_dropout,robust,0.08,0.25,0.01,one_minus_confidence,clean,0.3,5,selective_risk,0.0,0.0,0.0,0.0,0.0,5
mc_dropout,robust,0.08,0.25,0.01,one_minus_confidence,clean,0.4,5,selective_risk,0.0,0.0,0.0,0.0,0.0,5
mc_dropout,robust,0.08,0.25,0.01,one_minus_confidence,clean,0.5,5,selective_risk,0.0,0.0,0.0,0.0,0.0,5
mc_dropout,robust,0.08,0.25,0.01,one_minus_confidence,clean,0.6,5,selective_risk,0.0,0.0,0.0,0.0,0.0,5
mc_dropout,robust,0.08,0.25,0.01,one_minus_confidence,clean,0.7,5,selective_risk,0.0,0.0,0.0,0.0,0.0,5
mc_dropout,robust,0.08,0.25,0.01,one_minus_confidence,clean,0.8,5,selective_risk,0.0,0.0,0.0,0.0,0.0,5
mc_dropout,robust,0.08,0.25,0.01,one_minus_confidence,clean,0.9,5,selective_risk,0.0,0.0,0.0,0.0,0.0,5
mc_dropout,robust,0.08,0.25,0.01,one_minus_confidence,clean,1.0,5,selective_risk,0.0,0.0,0.0,0.0,0.0,5
mc_dropout,robust,0.08,0.25,0.01,one_minus_confidence,delta,0.1,5,selective_risk,0.0,0.0,0.0,0.0,0.0,5
mc_dropout,robust,0.08,0.25,0.01,one_minus_confidence,delta,0.2,5,selective_risk,0.0,0.0,0.0,0.0,0.0,5
mc_dropout,robust,0.08,0.25,0.01,one_minus_confidence,delta,0.3,5,selective_risk,0.0,0.0,0.0,0.0,0.0,5
mc_dropout,robust,0.08,0.25,0.01,one_minus_confidence,delta,0.4,5,selective_risk,0.0,0.0,0.0,0.0,0.0,5
mc_dropout,robust,0.08,0.25,0.01,one_minus_confidence,delta,0.5,5,selective_risk,0.0,0.0,0.0,0.0,0.0,5
mc_dropout,robust,0.08,0.25,0.01,one_minus_confidence,delta,0.6,5,selective_risk,0.0,0.0,0.0,0.0,0.0,5
mc_dropout,robust,0.08,0.25,0.01,one_minus_confidence,delta,0.7,5,selective_risk,0.0,0.0,0.0,0.0,0.0,5
mc_dropout,robust,0.08,0.25,0.01,one_minus_confidence,delta,0.8,5,selective_risk,0.0,0.0,0.0,0.0,0.0,5
mc_dropout,robust,0.08,0.25,0.01,one_minus_confidence,delta,0.9,5,selective_risk,0.0,0.0,0.0,0.0,0.0,5
mc_dropout,robust,0.08,0.25,0.01,one_minus_confidence,delta,1.0,5,selective_risk,0.0,0.0,0.0,0.0,0.0,5
mc_dropout,robust,0.08,0.25,0.03,mutual_information,adv,0.1,5,selective_risk,0.0,0.0,0.0,0.0,0.0,5
mc_dropout,robust,0.08,0.25,0.03,mutual_information,adv,0.2,5,selective_risk,0.0,0.0,0.0,0.0,0.0,5
mc_dropout,robust,0.08,0.25,0.03,mutual_information,adv,0.3,5,selective_risk,0.0,0.0,0.0,0.0,0.0,5
mc_dropout,robust,0.08,0.25,0.03,mutual_information,adv,0.4,5,selective_risk,0.0,0.0,0.0,0.0,0.0,5
mc_dropout,robust,0.08,0.25,0.03,mutual_information,adv,0.5,5,selective_risk,0.0,0.0,0.0,0.0,0.0,5
mc_dropout,robust,0.08,0.25,0.03,mutual_information,adv,0.6,5,selective_risk,0.0,0.0,0.0,0.0,0.0,5
mc_dropout,robust,0.08,0.25,0.03,mutual_information,adv,0.7,5,selective_risk,0.0,0.0,0.0,0.0,0.0,5
mc_dropout,robust,0.08,0.25,0.03,mutual_information,adv,0.8,5,selective_risk,0.0,0.0,0.0,0.0,0.0,5
mc_dropout,robust,0.08,0.25,0.03,mutual_information,adv,0.9,5,selective_risk,0.0,0.0,0.0,0.0,0.0,5
mc_dropout,robust,0.08,0.25,0.03,mutual_information,adv,1.0,5,selective_risk,0.0,0.0,0.0,0.0,0.0,5
mc_dropout,robust,0.08,0.25,0.03,mutual_information,clean,0.1,5,selective_risk,0.0,0.0,0.0,0.0,0.0,5
mc_dropout,robust,0.08,0.25,0.03,mutual_information,clean,0.2,5,selective_risk,0.0,0.0,0.0,0.0,0.0,5
mc_dropout,robust,0.08,0.25,0.03,mutual_information,clean,0.3,5,selective_risk,0.0,0.0,0.0,0.0,0.0,5
mc_dropout,robust,0.08,0.25,0.03,mutual_information,clean,0.4,5,selective_risk,0.0,0.0,0.0,0.0,0.0,5
mc_dropout,robust,0.08,0.25,0.03,mutual_information,clean,0.5,5,selective_risk,0.0,0.0,0.0,0.0,0.0,5
mc_dropout,robust,0.08,0.25,0.03,mutual_information,clean,0.6,5,selective_risk,0.0,0.0,0.0,0.0,0.0,5
mc_dropout,robust,0.08,0.25,0.03,mutual_information,clean,0.7,5,selective_risk,0.0,0.0,0.0,0.0,0.0,5
mc_dropout,robust,0.08,0.25,0.03,mutual_information,clean,0.8,5,selective_risk,0.0,0.0,0.0,0.0,0.0,5
mc_dropout,robust,0.08,0.25,0.03,mutual_information,clean,0.9,5,selective_risk,0.0,0.0,0.0,0.0,0.0,5
mc_dropout,robust,0.08,0.25,0.03,mutual_information,clean,1.0,5,selective_risk,0.0,0.0,0.0,0.0,0.0,5
mc_dropout,robust,0.08,0.25,0.03,mutual_information,delta,0.1,5,selective_risk,0.0,0.0,0.0,0.0,0.0,5
mc_dropout,robust,0.08,0.25,0.03,mutual_information,delta,0.2,5,selective_risk,0.0,0.0,0.0,0.0,0.0,5
mc_dropout,robust,0.08,0.25,0.03,mutual_information,delta,0.3,5,selective_risk,0.0,0.0,0.0,0.0,0.0,5
mc_dropout,robust,0.08,0.25,0.03,mutual_information,delta,0.4,5,selective_risk,0.0,0.0,0.0,0.0,0.0,5
mc_dropout,robust,0.08,0.25,0.03,mutual_information,delta,0.5,5,selective_risk,0.0,0.0,0.0,0.0,0.0,5
mc_dropout,robust,0.08,0.25,0.03,mutual_information,delta,0.6,5,selective_risk,0.0,0.0,0.0,0.0,0.0,5
mc_dropout,robust,0.08,0.25,0.03,mutual_information,delta,0.7,5,selective_risk,0.0,0.0,0.0,0.0,0.0,5
mc_dropout,robust,0.08,0.25,0.03,mutual_information,delta,0.8,5,selective_risk,0.0,0.0,0.0,0.0,0.0,5
mc_dropout,robust,0.08,0.25,0.03,mutual_information,delta,0.9,5,selective_risk,0.0,0.0,0.0,0.0,0.0,5
mc_dropout,robust,0.08,0.25,0.03,mutual_information,delta,1.0,5,selective_risk,0.0,0.0,0.0,0.0,0.0,5
mc_dropout,robust,0.08,0.25,0.03,one_minus_confidence,adv,0.1,5,selective_risk,0.0,0.0,0.0,0.0,0.0,5
mc_dropout,robust,0.08,0.25,0.03,one_minus_confidence,adv,0.2,5,selective_risk,0.0,0.0,0.0,0.0,0.0,5
mc_dropout,robust,0.08,0.25,0.03,one_minus_confidence,adv,0.3,5,selective_risk,0.0,0.0,0.0,0.0,0.0,5
mc_dropout,robust,0.08,0.25,0.03,one_minus_confidence,adv,0.4,5,selective_risk,0.0,0.0,0.0,0.0,0.0,5
mc_dropout,robust,0.08,0.25,0.03,one_minus_confidence,adv,0.5,5,selective_risk,0.0,0.0,0.0,0.0,0.0,5
mc_dropout,robust,0.08,0.25,0.03,one_minus_confidence,adv,0.6,5,selective_risk,0.0,0.0,0.0,0.0,0.0,5
mc_dropout,robust,0.08,0.25,0.03,one_minus_confidence,adv,0.7,5,selective_risk,0.0,0.0,0.0,0.0,0.0,5
mc_dropout,robust,0.08,0.25,0.03,one_minus_confidence,adv,0.8,5,selective_risk,0.0,0.0,0.0,0.0,0.0,5
mc_dropout,robust,0.08,0.25,0.03,one_minus_confidence,adv,0.9,5,selective_risk,0.0,0.0,0.0,0.0,0.0,5
mc_dropout,robust,0.08,0.25,0.03,one_minus_confidence,adv,1.0,5,selective_risk,0.0,0.0,0.0,0.0,0.0,5
mc_dropout,robust,0.08,0.25,0.03,one_minus_confidence,clean,0.1,5,selective_risk,0.0,0.0,0.0,0.0,0.0,5
mc_dropout,robust,0.08,0.25,0.03,one_minus_confidence,clean,0.2,5,selective_risk,0.0,0.0,0.0,0.0,0.0,5
mc_dropout,robust,0.08,0.25,0.03,one_minus_confidence,clean,0.3,5,selective_risk,0.0,0.0,0.0,0.0,0.0,5
mc_dropout,robust,0.08,0.25,0.03,one_minus_confidence,clean,0.4,5,selective_risk,0.0,0.0,0.0,0.0,0.0,5
mc_dropout,robust,0.08,0.25,0.03,one_minus_confidence,clean,0.5,5,selective_risk,0.0,0.0,0.0,0.0,0.0,5
mc_dropout,robust,0.08,0.25,0.03,one_minus_confidence,clean,0.6,5,selective_risk,0.0,0.0,0.0,0.0,0.0,5
mc_dropout,robust,0.08,0.25,0.03,one_minus_confidence,clean,0.7,5,selective_risk,0.0,0.0,0.0,0.0,0.0,5
mc_dropout,robust,0.08,0.25,0.03,one_minus_confidence,clean,0.8,5,selective_risk,0.0,0.0,0.0,0.0,0.0,5
mc_dropout,robust,0.08,0.25,0.03,one_minus_confidence,clean,0.9,5,selective_risk,0.0,0.0,0.0,0.0,0.0,5
mc_dropout,robust,0.08,0.25,0.03,one_minus_confidence,clean,1.0,5,selective_risk,0.0,0.0,0.0,0.0,0.0,5
mc_dropout,robust,0.08,0.25,0.03,one_minus_confidence,delta,0.1,5,selective_risk,0.0,0.0,0.0,0.0,0.0,5
mc_dropout,robust,0.08,0.25,0.03,one_minus_confidence,delta,0.2,5,selective_risk,0.0,0.0,0.0,0.0,0.0,5
mc_dropout,robust,0.08,0.25,0.03,one_minus_confidence,delta,0.3,5,selective_risk,0.0,0.0,0.0,0.0,0.0,5
mc_dropout,robust,0.08,0.25,0.03,one_minus_confidence,delta,0.4,5,selective_risk,0.0,0.0,0.0,0.0,0.0,5
mc_dropout,robust,0.08,0.25,0.03,one_minus_confidence,delta,0.5,5,selective_risk,0.0,0.0,0.0,0.0,0.0,5
mc_dropout,robust,0.08,0.25,0.03,one_minus_confidence,delta,0.6,5,selective_risk,0.0,0.0,0.0,0.0,0.0,5
mc_dropout,robust,0.08,0.25,0.03,one_minus_confidence,delta,0.7,5,selective_risk,0.0,0.0,0.0,0.0,0.0,5
mc_dropout,robust,0.08,0.25,0.03,one_minus_confidence,delta,0.8,5,selective_risk,0.0,0.0,0.0,0.0,0.0,5
mc_dropout,robust,0.08,0.25,0.03,one_minus_confidence,delta,0.9,5,selective_risk,0.0,0.0,0.0,0.0,0.0,5
mc_dropout,robust,0.08,0.25,0.03,one_minus_confidence,delta,1.0,5,selective_risk,0.0,0.0,0.0,0.0,0.0,5
mc_dropout,robust,0.08,0.25,0.05,mutual_information,adv,0.1,5,selective_risk,0.0,0.0,0.0,0.0,0.0,5
mc_dropout,robust,0.08,0.25,0.05,mutual_information,adv,0.2,5,selective_risk,0.0,0.0,0.0,0.0,0.0,5
mc_dropout,robust,0.08,0.25,0.05,mutual_information,adv,0.3,5,selective_risk,0.0,0.0,0.0,0.0,0.0,5
mc_dropout,robust,0.08,0.25,0.05,mutual_information,adv,0.4,5,selective_risk,0.0,0.0,0.0,0.0,0.0,5
mc_dropout,robust,0.08,0.25,0.05,mutual_information,adv,0.5,5,selective_risk,0.0,0.0,0.0,0.0,0.0,5
mc_dropout,robust,0.08,0.25,0.05,mutual_information,adv,0.6,5,selective_risk,0.0,0.0,0.0,0.0,0.0,5
mc_dropout,robust,0.08,0.25,0.05,mutual_information,adv,0.7,5,selective_risk,0.0,0.0,0.0,0.0,0.0,5
mc_dropout,robust,0.08,0.25,0.05,mutual_information,adv,0.8,5,selective_risk,0.0,0.0,0.0,0.0,0.0,5
mc_dropout,robust,0.08,0.25,0.05,mutual_information,adv,0.9,5,selective_risk,0.0,0.0,0.0,0.0,0.0,5
mc_dropout,robust,0.08,0.25,0.05,mutual_information,adv,1.0,5,selective_risk,0.02,0.01414213562373095,0.006324555320336759,0.0024430344307451585,0.03755696556925484,5
mc_dropout,robust,0.08,0.25,0.05,mutual_information,clean,0.1,5,selective_risk,0.0,0.0,0.0,0.0,0.0,5
mc_dropout,robust,0.08,0.25,0.05,mutual_information,clean,0.2,5,selective_risk,0.0,0.0,0.0,0.0,0.0,5
mc_dropout,robust,0.08,0.25,0.05,mutual_information,clean,0.3,5,selective_risk,0.0,0.0,0.0,0.0,0.0,5
mc_dropout,robust,0.08,0.25,0.05,mutual_information,clean,0.4,5,selective_risk,0.0,0.0,0.0,0.0,0.0,5
mc_dropout,robust,0.08,0.25,0.05,mutual_information,clean,0.5,5,selective_risk,0.0,0.0,0.0,0.0,0.0,5
mc_dropout,robust,0.08,0.25,0.05,mutual_information,clean,0.6,5,selective_risk,0.0,0.0,0.0,0.0,0.0,5
mc_dropout,robust,0.08,0.25,0.05,mutual_information,clean,0.7,5,selective_risk,0.0,0.0,0.0,0.0,0.0,5
mc_dropout,robust,0.08,0.25,0.05,mutual_information,clean,0.8,5,selective_risk,0.0,0.0,0.0,0.0,0.0,5
mc_dropout,robust,0.08,0.25,0.05,mutual_information,clean,0.9,5,selective_risk,0.008888888888888889,0.012171612389003692,0.005443310539518174,-0.0062217411688135615,0.023999518946591337,5
mc_dropout,robust,0.08,0.25,0.05,mutual_information,clean,1.0,5,selective_risk,0.02,0.01414213562373095,0.006324555320336759,0.0024430344307451585,0.03755696556925484,5
mc_dropout,robust,0.08,0.25,0.05,mutual_information,delta,0.1,5,selective_risk,0.0,0.0,0.0,0.0,0.0,5
mc_dropout,robust,0.08,0.25,0.05,mutual_information,delta,0.2,5,selective_risk,0.0,0.0,0.0,0.0,0.0,5
mc_dropout,robust,0.08,0.25,0.05,mutual_information,delta,0.3,5,selective_risk,0.0,0.0,0.0,0.0,0.0,5
mc_dropout,robust,0.08,0.25,0.05,mutual_information,delta,0.4,5,selective_risk,0.0,0.0,0.0,0.0,0.0,5
mc_dropout,robust,0.08,0.25,0.05,mutual_information,delta,0.5,5,selective_risk,0.0,0.0,0.0,0.0,0.0,5
mc_dropout,robust,0.08,0.25,0.05,mutual_information,delta,0.6,5,selective_risk,0.0,0.0,0.0,0.0,0.0,5
mc_dropout,robust,0.08,0.25,0.05,mutual_information,delta,0.7,5,selective_risk,0.0,0.0,0.0,0.0,0.0,5
mc_dropout,robust,0.08,0.25,0.05,mutual_information,delta,0.8,5,selective_risk,0.0,0.0,0.0,0.0,0.0,5
mc_dropout,robust,0.08,0.25,0.05,mutual_information,delta,0.9,5,selective_risk,0.0,0.0,0.0,0.0,0.0,5
mc_dropout,robust,0.08,0.25,0.05,mutual_information,delta,1.0,5,selective_risk,0.02,0.01414213562373095,0.006324555320336759,0.0024430344307451585,0.03755696556925484,5
mc_dropout,robust,0.08,0.25,0.05,one_minus_confidence,adv,0.1,5,selective_risk,0.0,0.0,0.0,0.0,0.0,5
mc_dropout,robust,0.08,0.25,0.05,one_minus_confidence,adv,0.2,5,selective_risk,0.0,0.0,0.0,0.0,0.0,5
mc_dropout,robust,0.08,0.25,0.05,one_minus_confidence,adv,0.3,5,selective_risk,0.0,0.0,0.0,0.0,0.0,5
mc_dropout,robust,0.08,0.25,0.05,one_minus_confidence,adv,0.4,5,selective_risk,0.0,0.0,0.0,0.0,0.0,5
mc_dropout,robust,0.08,0.25,0.05,one_minus_confidence,adv,0.5,5,selective_risk,0.0,0.0,0.0,0.0,0.0,5
mc_dropout,robust,0.08,0.25,0.05,one_minus_confidence,adv,0.6,5,selective_risk,0.0,0.0,0.0,0.0,0.0,5
mc_dropout,robust,0.08,0.25,0.05,one_minus_confidence,adv,0.7,5,selective_risk,0.0,0.0,0.0,0.0,0.0,5
mc_dropout,robust,0.08,0.25,0.05,one_minus_confidence,adv,0.8,5,selective_risk,0.0,0.0,0.0,0.0,0.0,5
mc_dropout,robust,0.08,0.25,0.05,one_minus_confidence,adv,0.9,5,selective_risk,0.0,0.0,0.0,0.0,0.0,5
mc_dropout,robust,0.08,0.25,0.05,one_minus_confidence,adv,1.0,5,selective_risk,0.02,0.01414213562373095,0.006324555320336759,0.0024430344307451585,0.03755696556925484,5
mc_dropout,robust,0.08,0.25,0.05,one_minus_confidence,clean,0.1,5,selective_risk,0.0,0.0,0.0,0.0,0.0,5
mc_dropout,robust,0.08,0.25,0.05,one_minus_confidence,clean,0.2,5,selective_risk,0.0,0.0,0.0,0.0,0.0,5
mc_dropout,robust,0.08,0.25,0.05,one_minus_confidence,clean,0.3,5,selective_risk,0.0,0.0,0.0,0.0,0.0,5
mc_dropout,robust,0.08,0.25,0.05,one_minus_confidence,clean,0.4,5,selective_risk,0.0,0.0,0.0,0.0,0.0,5
mc_dropout,robust,0.08,0.25,0.05,one_minus_confidence,clean,0.5,5,selective_risk,0.0,0.0,0.0,0.0,0.0,5
mc_dropout,robust,0.08,0.25,0.05,one_minus_confidence,clean,0.6,5,selective_risk,0.0,0.0,0.0,0.0,0.0,5
mc_dropout,robust,0.08,0.25,0.05,one_minus_confidence,clean,0.7,5,selective_risk,0.0,0.0,0.0,0.0,0.0,5
mc_dropout,robust,0.08,0.25,0.05,one_minus_confidence,clean,0.8,5,selective_risk,0.0,0.0,0.0,0.0,0.0,5
mc_dropout,robust,0.08,0.25,0.05,one_minus_confidence,clean,0.9,5,selective_risk,0.008888888888888889,0.012171612389003692,0.005443310539518174,-0.0062217411688135615,0.023999518946591337,5
mc_dropout,robust,0.08,0.25,0.05,one_minus_confidence,clean,1.0,5,selective_risk,0.02,0.01414213562373095,0.006324555320336759,0.0024430344307451585,0.03755696556925484,5
mc_dropout,robust,0.08,0.25,0.05,one_minus_confidence,delta,0.1,5,selective_risk,0.0,0.0,0.0,0.0,0.0,5
mc_dropout,robust,0.08,0.25,0.05,one_minus_confidence,delta,0.2,5,selective_risk,0.0,0.0,0.0,0.0,0.0,5
mc_dropout,robust,0.08,0.25,0.05,one_minus_confidence,delta,0.3,5,selective_risk,0.0,0.0,0.0,0.0,0.0,5
mc_dropout,robust,0.08,0.25,0.05,one_minus_confidence,delta,0.4,5,selective_risk,0.0,0.0,0.0,0.0,0.0,5
mc_dropout,robust,0.08,0.25,0.05,one_minus_confidence,delta,0.5,5,selective_risk,0.0,0.0,0.0,0.0,0.0,5
mc_dropout,robust,0.08,0.25,0.05,one_minus_confidence,delta,0.6,5,selective_risk,0.0,0.0,0.0,0.0,0.0,5
mc_dropout,robust,0.08,0.25,0.05,one_minus_confidence,delta,0.7,5,selective_risk,0.0,0.0,0.0,0.0,0.0,5
mc_dropout,robust,0.08,0.25,0.05,one_minus_confidence,delta,0.8,5,selective_risk,0.0,0.0,0.0,0.0,0.0,5
mc_dropout,robust,0.08,0.25,0.05,one_minus_confidence,delta,0.9,5,selective_risk,0.0,0.0,0.0,0.0,0.0,5
mc_dropout,robust,0.08,0.25,0.05,one_minus_confidence,delta,1.0,5,selective_risk,0.02,0.01414213562373095,0.006324555320336759,0.0024430344307451585,0.03755696556925484,5
mc_dropout,robust,0.08,0.25,0.07,mutual_information,adv,0.1,5,selective_risk,0.0,0.0,0.0,0.0,0.0,5
mc_dropout,robust,0.08,0.25,0.07,mutual_information,adv,0.2,5,selective_risk,0.0,0.0,0.0,0.0,0.0,5
mc_dropout,robust,0.08,0.25,0.07,mutual_information,adv,0.3,5,selective_risk,0.0,0.0,0.0,0.0,0.0,5
mc_dropout,robust,0.08,0.25,0.07,mutual_information,adv,0.4,5,selective_risk,0.0,0.0,0.0,0.0,0.0,5
mc_dropout,robust,0.08,0.25,0.07,mutual_information,adv,0.5,5,selective_risk,0.0,0.0,0.0,0.0,0.0,5
mc_dropout,robust,0.08,0.25,0.07,mutual_information,adv,0.6,5,selective_risk,0.0,0.0,0.0,0.0,0.0,5
mc_dropout,robust,0.08,0.25,0.07,mutual_information,adv,0.7,5,selective_risk,0.0,0.0,0.0,0.0,0.0,5
mc_dropout,robust,0.08,0.25,0.07,mutual_information,adv,0.8,5,selective_risk,0.0,0.0,0.0,0.0,0.0,5
mc_dropout,robust,0.08,0.25,0.07,mutual_information,adv,0.9,5,selective_risk,0.0044444444444444444,0.009938079899999066,0.0044444444444444444,-0.007893333333333332,0.016782222222222223,5
mc_dropout,robust,0.08,0.25,0.07,mutual_information,adv,1.0,5,selective_risk,0.044,0.01673320053068151,0.007483314773547882,0.02322631818863108,0.06477368181136892,5
mc_dropout,robust,0.08,0.25,0.07,mutual_information,clean,0.1,5,selective_risk,0.0,0.0,0.0,0.0,0.0,5
mc_dropout,robust,0.08,0.25,0.07,mutual_information,clean,0.2,5,selective_risk,0.0,0.0,0.0,0.0,0.0,5
mc_dropout,robust,0.08,0.25,0.07,mutual_information,clean,0.3,5,selective_risk,0.0,0.0,0.0,0.0,0.0,5
mc_dropout,robust,0.08,0.25,0.07,mutual_information,clean,0.4,5,selective_risk,0.0,0.0,0.0,0.0,0.0,5
mc_dropout,robust,0.08,0.25,0.07,mutual_information,clean,0.5,5,selective_risk,0.0,0.0,0.0,0.0,0.0,5
mc_dropout,robust,0.08,0.25,0.07,mutual_information,clean,0.6,5,selective_risk,0.0,0.0,0.0,0.0,0.0,5
mc_dropout,robust,0.08,0.25,0.07,mutual_information,clean,0.7,5,selective_risk,0.0,0.0,0.0,0.0,0.0,5
mc_dropout,robust,0.08,0.25,0.07,mutual_information,clean,0.8,5,selective_risk,0.0,0.0,0.0,0.0,0.0,5
mc_dropout,robust,0.08,0.25,0.07,mutual_information,clean,0.9,5,selective_risk,0.013333333333333332,0.012171612389003692,0.005443310539518174,-0.001777296724369118,0.028443963391035783,5
mc_dropout,robust,0.08,0.25,0.07,mutual_information,clean,1.0,5,selective_risk,0.044,0.01673320053068151,0.007483314773547882,0.02322631818863108,0.06477368181136892,5
mc_dropout,robust,0.08,0.25,0.07,mutual_information,delta,0.1,5,selective_risk,0.0,0.0,0.0,0.0,0.0,5
mc_dropout,robust,0.08,0.25,0.07,mutual_information,delta,0.2,5,selective_risk,0.0,0.0,0.0,0.0,0.0,5
mc_dropout,robust,0.08,0.25,0.07,mutual_information,delta,0.3,5,selective_risk,0.0,0.0,0.0,0.0,0.0,5
mc_dropout,robust,0.08,0.25,0.07,mutual_information,delta,0.4,5,selective_risk,0.0,0.0,0.0,0.0,0.0,5
mc_dropout,robust,0.08,0.25,0.07,mutual_information,delta,0.5,5,selective_risk,0.0,0.0,0.0,0.0,0.0,5
mc_dropout,robust,0.08,0.25,0.07,mutual_information,delta,0.6,5,selective_risk,0.0,0.0,0.0,0.0,0.0,5
mc_dropout,robust,0.08,0.25,0.07,mutual_information,delta,0.7,5,selective_risk,0.0,0.0,0.0,0.0,0.0,5
mc_dropout,robust,0.08,0.25,0.07,mutual_information,delta,0.8,5,selective_risk,0.0,0.0,0.0,0.0,0.0,5
mc_dropout,robust,0.08,0.25,0.07,mutual_information,delta,0.9,5,selective_risk,0.013333333333333332,0.012171612389003692,0.005443310539518174,-0.001777296724369118,0.028443963391035783,5
mc_dropout,robust,0.08,0.25,0.07,mutual_information,delta,1.0,5,selective_risk,0.044,0.01673320053068151,0.007483314773547882,0.02322631818863108,0.06477368181136892,5
mc_dropout,robust,0.08,0.25,0.07,one_minus_confidence,adv,0.1,5,selective_risk,0.0,0.0,0.0,0.0,0.0,5
mc_dropout,robust,0.08,0.25,0.07,one_minus_confidence,adv,0.2,5,selective_risk,0.0,0.0,0.0,0.0,0.0,5
mc_dropout,robust,0.08,0.25,0.07,one_minus_confidence,adv,0.3,5,selective_risk,0.0,0.0,0.0,0.0,0.0,5
mc_dropout,robust,0.08,0.25,0.07,one_minus_confidence,adv,0.4,5,selective_risk,0.0,0.0,0.0,0.0,0.0,5
mc_dropout,robust,0.08,0.25,0.07,one_minus_confidence,adv,0.5,5,selective_risk,0.0,0.0,0.0,0.0,0.0,5
mc_dropout,robust,0.08,0.25,0.07,one_minus_confidence,adv,0.6,5,selective_risk,0.0,0.0,0.0,0.0,0.0,5
mc_dropout,robust,0.08,0.25,0.07,one_minus_confidence,adv,0.7,5,selective_risk,0.0,0.0,0.0,0.0,0.0,5
mc_dropout,robust,0.08,0.25,0.07,one_minus_confidence,adv,0.8,5,selective_risk,0.0,0.0,0.0,0.0,0.0,5
mc_dropout,robust,0.08,0.25,0.07,one_minus_confidence,adv,0.9,5,selective_risk,0.02222222222222222,0.015713484026367724,0.0070272836892630655,0.002714482700827952,0.041729961743616484,5
mc_dropout,robust,0.08,0.25,0.07,one_minus_confidence,adv,1.0,5,selective_risk,0.044,0.01673320053068151,0.007483314773547882,0.02322631818863108,0.06477368181136892,5
mc_dropout,robust,0.08,0.25,0.07,one_minus_confidence,clean,0.1,5,selective_risk,0.0,0.0,0.0,0.0,0.0,5
mc_dropout,robust,0.08,0.25,0.07,one_minus_confidence,clean,0.2,5,selective_risk,0.0,0.0,0.0,0.0,0.0,5
mc_dropout,robust,0.08,0.25,0.07,one_minus_confidence,clean,0.3,5,selective_risk,0.0,0.0,0.0,0.0,0.0,5
mc_dropout,robust,0.08,0.25,0.07,one_minus_confidence,clean,0.4,5,selective_risk,0.0,0.0,0.0,0.0,0.0,5
mc_dropout,robust,0.08,0.25,0.07,one_minus_confidence,clean,0.5,5,selective_risk,0.0,0.0,0.0,0.0,0.0,5
mc_dropout,robust,0.08,0.25,0.07,one_minus_confidence,clean,0.6,5,selective_risk,0.0,0.0,0.0,0.0,0.0,5
mc_dropout,robust,0.08,0.25,0.07,one_minus_confidence,clean,0.7,5,selective_risk,0.0,0.0,0.0,0.0,0.0,5
mc_dropout,robust,0.08,0.25,0.07,one_minus_confidence,clean,0.8,5,selective_risk,0.0,0.0,0.0,0.0,0.0,5
mc_dropout,robust,0.08,0.25,0.07,one_minus_confidence,clean,0.9,5,selective_risk,0.017777777777777778,0.018592445034090566,0.008314794192830979,-0.0053040909015210184,0.04085964645707657,5
mc_dropout,robust,0.08,0.25,0.07,one_minus_confidence,clean,1.0,5,selective_risk,0.044,0.01673320053068151,0.007483314773547882,0.02322631818863108,0.06477368181136892,5
mc_dropout,robust,0.08,0.25,0.07,one_minus_confidence,delta,0.1,5,selective_risk,0.0,0.0,0.0,0.0,0.0,5
mc_dropout,robust,0.08,0.25,0.07,one_minus_confidence,delta,0.2,5,selective_risk,0.0,0.0,0.0,0.0,0.0,5
mc_dropout,robust,0.08,0.25,0.07,one_minus_confidence,delta,0.3,5,selective_risk,0.0,0.0,0.0,0.0,0.0,5
mc_dropout,robust,0.08,0.25,0.07,one_minus_confidence,delta,0.4,5,selective_risk,0.0,0.0,0.0,0.0,0.0,5
mc_dropout,robust,0.08,0.25,0.07,one_minus_confidence,delta,0.5,5,selective_risk,0.0,0.0,0.0,0.0,0.0,5
mc_dropout,robust,0.08,0.25,0.07,one_minus_confidence,delta,0.6,5,selective_risk,0.0,0.0,0.0,0.0,0.0,5
mc_dropout,robust,0.08,0.25,0.07,one_minus_confidence,delta,0.7,5,selective_risk,0.0,0.0,0.0,0.0,0.0,5
mc_dropout,robust,0.08,0.25,0.07,one_minus_confidence,delta,0.8,5,selective_risk,0.0,0.0,0.0,0.0,0.0,5
mc_dropout,robust,0.08,0.25,0.07,one_minus_confidence,delta,0.9,5,selective_risk,0.02222222222222222,0.015713484026367724,0.0070272836892630655,0.002714482700827952,0.041729961743616484,5
mc_dropout,robust,0.08,0.25,0.07,one_minus_confidence,delta,1.0,5,selective_risk,0.044,0.01673320053068151,0.007483314773547882,0.02322631818863108,0.06477368181136892,5
mc_dropout,robust,0.08,0.25,0.08,mutual_information,adv,0.1,5,selective_risk,0.0,0.0,0.0,0.0,0.0,5
mc_dropout,robust,0.08,0.25,0.08,mutual_information,adv,0.2,5,selective_risk,0.0,0.0,0.0,0.0,0.0,5
mc_dropout,robust,0.08,0.25,0.08,mutual_information,adv,0.3,5,selective_risk,0.0,0.0,0.0,0.0,0.0,5
mc_dropout,robust,0.08,0.25,0.08,mutual_information,adv,0.4,5,selective_risk,0.0,0.0,0.0,0.0,0.0,5
mc_dropout,robust,0.08,0.25,0.08,mutual_information,adv,0.5,5,selective_risk,0.0,0.0,0.0,0.0,0.0,5
mc_dropout,robust,0.08,0.25,0.08,mutual_information,adv,0.6,5,selective_risk,0.006666666666666666,0.014907119849998596,0.006666666666666665,-0.011839999999999995,0.025173333333333325,5
mc_dropout,robust,0.08,0.25,0.08,mutual_information,adv,0.7,5,selective_risk,0.005714285714285714,0.012777531299998797,0.005714285714285713,-0.010148571428571427,0.021577142857142854,5
mc_dropout,robust,0.08,0.25,0.08,mutual_information,adv,0.8,5,selective_risk,0.01,0.013693063937629155,0.0061237243569579455,-0.006999458814915255,0.026999458814915257,5
mc_dropout,robust,0.08,0.25,0.08,mutual_information,adv,0.9,5,selective_risk,0.03111111111111111,0.025337231668869736,0.011331154474650634,-0.00034417371051904955,0.06256639593274127,5
mc_dropout,robust,0.08,0.25,0.08,mutual_information,adv,1.0,5,selective_risk,0.08,0.024494897427831782,0.010954451150103323,0.049590443607313184,0.11040955639268682,5
mc_dropout,robust,0.08,0.25,0.08,mutual_information,clean,0.1,5,selective_risk,0.0,0.0,0.0,0.0,0.0,5
mc_dropout,robust,0.08,0.25,0.08,mutual_information,clean,0.2,5,selective_risk,0.0,0.0,0.0,0.0,0.0,5
mc_dropout,robust,0.08,0.25,0.08,mutual_information,clean,0.3,5,selective_risk,0.0,0.0,0.0,0.0,0.0,5
mc_dropout,robust,0.08,0.25,0.08,mutual_information,clean,0.4,5,selective_risk,0.0,0.0,0.0,0.0,0.0,5
mc_dropout,robust,0.08,0.25,0.08,mutual_information,clean,0.5,5,selective_risk,0.0,0.0,0.0,0.0,0.0,5
mc_dropout,robust,0.08,0.25,0.08,mutual_information,clean,0.6,5,selective_risk,0.0,0.0,0.0,0.0,0.0,5
mc_dropout,robust,0.08,0.25,0.08,mutual_information,clean,0.7,5,selective_risk,0.005714285714285714,0.012777531299998797,0.005714285714285713,-0.010148571428571427,0.021577142857142854,5
mc_dropout,robust,0.08,0.25,0.08,mutual_information,clean,0.8,5,selective_risk,0.01,0.013693063937629155,0.0061237243569579455,-0.006999458814915255,0.026999458814915257,5
mc_dropout,robust,0.08,0.25,0.08,mutual_information,clean,0.9,5,selective_risk,0.026666666666666665,0.018592445034090566,0.008314794192830979,0.0035847979873678687,0.04974853534596546,5
mc_dropout,robust,0.08,0.25,0.08,mutual_information,clean,1.0,5,selective_risk,0.08,0.024494897427831782,0.010954451150103323,0.049590443607313184,0.11040955639268682,5
mc_dropout,robust,0.08,0.25,0.08,mutual_information,delta,0.1,5,selective_risk,0.0,0.0,0.0,0.0,0.0,5
mc_dropout,robust,0.08,0.25,0.08,mutual_information,delta,0.2,5,selective_risk,0.0,0.0,0.0,0.0,0.0,5
mc_dropout,robust,0.08,0.25,0.08,mutual_information,delta,0.3,5,selective_risk,0.0,0.0,0.0,0.0,0.0,5
mc_dropout,robust,0.08,0.25,0.08,mutual_information,delta,0.4,5,selective_risk,0.0,0.0,0.0,0.0,0.0,5
mc_dropout,robust,0.08,0.25,0.08,mutual_information,delta,0.5,5,selective_risk,0.008,0.017888543819998316,0.007999999999999998,-0.014207999999999995,0.030207999999999995,5
mc_dropout,robust,0.08,0.25,0.08,mutual_information,delta,0.6,5,selective_risk,0.013333333333333332,0.018257418583505537,0.00816496580927726,-0.009332611753220338,0.035999278419887,5
mc_dropout,robust,0.08,0.25,0.08,mutual_information,delta,0.7,5,selective_risk,0.011428571428571429,0.01564921592871903,0.0069985421222376505,-0.007999381502760286,0.030856524359903145,5
mc_dropout,robust,0.08,0.25,0.08,mutual_information,delta,0.8,5,selective_risk,0.025,0.025,0.011180339887498949,-0.006036623527697078,0.05603662352769708,5
mc_dropout,robust,0.08,0.25,0.08,mutual_information,delta,0.9,5,selective_risk,0.04888888888888889,0.032960882164869615,0.014740554623801777,0.00796910925321516,0.08980866852456262,5
mc_dropout,robust,0.08,0.25,0.08,mutual_information,delta,1.0,5,selective_risk,0.08,0.024494897427831782,0.010954451150103323,0.049590443607313184,0.11040955639268682,5
mc_dropout,robust,0.08,0.25,0.08,one_minus_confidence,adv,0.1,5,selective_risk,0.0,0.0,0.0,0.0,0.0,5
mc_dropout,robust,0.08,0.25,0.08,one_minus_confidence,adv,0.2,5,selective_risk,0.0,0.0,0.0,0.0,0.0,5
mc_dropout,robust,0.08,0.25,0.08,one_minus_confidence,adv,0.3,5,selective_risk,0.0,0.0,0.0,0.0,0.0,5
mc_dropout,robust,0.08,0.25,0.08,one_minus_confidence,adv,0.4,5,selective_risk,0.0,0.0,0.0,0.0,0.0,5
mc_dropout,robust,0.08,0.25,0.08,one_minus_confidence,adv,0.5,5,selective_risk,0.0,0.0,0.0,0.0,0.0,5
mc_dropout,robust,0.08,0.25,0.08,one_minus_confidence,adv,0.6,5,selective_risk,0.0,0.0,0.0,0.0,0.0,5
mc_dropout,robust,0.08,0.25,0.08,one_minus_confidence,adv,0.7,5,selective_risk,0.005714285714285714,0.012777531299998797,0.005714285714285713,-0.010148571428571427,0.021577142857142854,5
mc_dropout,robust,0.08,0.25,0.08,one_minus_confidence,adv,0.8,5,selective_risk,0.02,0.011180339887498949,0.005,0.0061200000000000004,0.03388,5
mc_dropout,robust,0.08,0.25,0.08,one_minus_confidence,adv,0.9,5,selective_risk,0.02222222222222222,0.015713484026367724,0.0070272836892630655,0.002714482700827952,0.041729961743616484,5
mc_dropout,robust,0.08,0.25,0.08,one_minus_confidence,adv,1.0,5,selective_risk,0.08,0.024494897427831782,0.010954451150103323,0.049590443607313184,0.11040955639268682,5
mc_dropout,robust,0.08,0.25,0.08,one_minus_confidence,clean,0.1,5,selective_risk,0.0,0.0,0.0,0.0,0.0,5
mc_dropout,robust,0.08,0.25,0.08,one_minus_confidence,clean,0.2,5,selective_risk,0.0,0.0,0.0,0.0,0.0,5
mc_dropout,robust,0.08,0.25,0.08,one_minus_confidence,clean,0.3,5,selective_risk,0.0,0.0,0.0,0.0,0.0,5
mc_dropout,robust,0.08,0.25,0.08,one_minus_confidence,clean,0.4,5,selective_risk,0.0,0.0,0.0,0.0,0.0,5
mc_dropout,robust,0.08,0.25,0.08,one_minus_confidence,clean,0.5,5,selective_risk,0.0,0.0,0.0,0.0,0.0,5
mc_dropout,robust,0.08,0.25,0.08,one_minus_confidence,clean,0.6,5,selective_risk,0.0,0.0,0.0,0.0,0.0,5
mc_dropout,robust,0.08,0.25,0.08,one_minus_confidence,clean,0.7,5,selective_risk,0.005714285714285714,0.012777531299998797,0.005714285714285713,-0.010148571428571427,0.021577142857142854,5
mc_dropout,robust,0.08,0.25,0.08,one_minus_confidence,clean,0.8,5,selective_risk,0.01,0.013693063937629155,0.0061237243569579455,-0.006999458814915255,0.026999458814915257,5
mc_dropout,robust,0.08,0.25,0.08,one_minus_confidence,clean,0.9,5,selective_risk,0.035555555555555556,0.02533723166886973,0.01133115447465063,0.00410027073392541,0.0670108403771857,5
mc_dropout,robust,0.08,0.25,0.08,one_minus_confidence,clean,1.0,5,selective_risk,0.08,0.024494897427831782,0.010954451150103323,0.049590443607313184,0.11040955639268682,5
mc_dropout,robust,0.08,0.25,0.08,one_minus_confidence,delta,0.1,5,selective_risk,0.0,0.0,0.0,0.0,0.0,5
mc_dropout,robust,0.08,0.25,0.08,one_minus_confidence,delta,0.2,5,selective_risk,0.0,0.0,0.0,0.0,0.0,5
mc_dropout,robust,0.08,0.25,0.08,one_minus_confidence,delta,0.3,5,selective_risk,0.0,0.0,0.0,0.0,0.0,5
mc_dropout,robust,0.08,0.25,0.08,one_minus_confidence,delta,0.4,5,selective_risk,0.0,0.0,0.0,0.0,0.0,5
mc_dropout,robust,0.08,0.25,0.08,one_minus_confidence,delta,0.5,5,selective_risk,0.0,0.0,0.0,0.0,0.0,5
mc_dropout,robust,0.08,0.25,0.08,one_minus_confidence,delta,0.6,5,selective_risk,0.0,0.0,0.0,0.0,0.0,5
mc_dropout,robust,0.08,0.25,0.08,one_minus_confidence,delta,0.7,5,selective_risk,0.017142857142857144,0.01564921592871903,0.0069985421222376505,-0.0022850957884745712,0.03657081007418886,5
mc_dropout,robust,0.08,0.25,0.08,one_minus_confidence,delta,0.8,5,selective_risk,0.025,0.01767766952966369,0.00790569415042095,0.003053793038431448,0.04694620696156855,5
mc_dropout,robust,0.08,0.25,0.08,one_minus_confidence,delta,0.9,5,selective_risk,0.026666666666666665,0.01859244503409057,0.00831479419283098,0.0035847979873678652,0.04974853534596546,5
mc_dropout,robust,0.08,0.25,0.08,one_minus_confidence,delta,1.0,5,selective_risk,0.08,0.024494897427831782,0.010954451150103323,0.049590443607313184,0.11040955639268682,5
mc_dropout,robust,0.08,0.25,0.1,mutual_information,adv,0.1,5,selective_risk,0.0,0.0,0.0,0.0,0.0,5
mc_dropout,robust,0.08,0.25,0.1,mutual_information,adv,0.2,5,selective_risk,0.0,0.0,0.0,0.0,0.0,5
mc_dropout,robust,0.08,0.25,0.1,mutual_information,adv,0.3,5,selective_risk,0.026666666666666665,0.03651483716701107,0.01632993161855452,-0.018665223506440676,0.071998556839774,5
mc_dropout,robust,0.08,0.25,0.1,mutual_information,adv,0.4,5,selective_risk,0.06999999999999999,0.0670820393249937,0.03,-0.01328,0.15327999999999997,5
mc_dropout,robust,0.08,0.25,0.1,mutual_information,adv,0.5,5,selective_risk,0.08,0.04,0.017888543819998316,0.03034140235568468,0.1296585976443153,5
mc_dropout,robust,0.08,0.25,0.1,mutual_information,adv,0.6,5,selective_risk,0.08,0.0380058475033046,0.016996731711975948,0.03281707276755477,0.12718292723244523,5
mc_dropout,robust,0.08,0.25,0.1,mutual_information,adv,0.7,5,selective_risk,0.09142857142857143,0.023904572186687872,0.010690449676496974,0.06175188312661583,0.12110525973052702,5
mc_dropout,robust,0.08,0.25,0.1,mutual_information,adv,0.8,5,selective_risk,0.10500000000000001,0.02091650066335189,0.009354143466934852,0.07903289773578887,0.13096710226421115,5
mc_dropout,robust,0.08,0.25,0.1,mutual_information,adv,0.9,5,selective_risk,0.13333333333333333,0.03513641844631533,0.015713484026367724,0.08971270167613654,0.17695396499053012,5
mc_dropout,robust,0.08,0.25,0.1,mutual_information,adv,1.0,5,selective_risk,0.136,0.026076809620810597,0.0116619037896906,0.10362655507981891,0.1683734449201811,5
mc_dropout,robust,0.08,0.25,0.1,mutual_information,clean,0.1,5,selective_risk,0.04,0.08944271909999159,0.04,-0.07103999999999999,0.15104,5
mc_dropout,robust,0.08,0.25,0.1,mutual_information,clean,0.2,5,selective_risk,0.02,0.044721359549995794,0.02,-0.035519999999999996,0.07552,5
mc_dropout,robust,0.08,0.25,0.1,mutual_information,clean,0.3,5,selective_risk,0.013333333333333332,0.02981423969999719,0.01333333333333333,-0.02367999999999999,0.05034666666666665,5
mc_dropout,robust,0.08,0.25,0.1,mutual_information,clean,0.4,5,selective_risk,0.01,0.022360679774997897,0.01,-0.017759999999999998,0.03776,5
mc_dropout,robust,0.08,0.25,0.1,mutual_information,clean,0.5,5,selective_risk,0.008,0.01788854381999832,0.008,-0.014207999999999998,0.030208,5
mc_dropout,robust,0.08,0.25,0.1,mutual_information,clean,0.6,5,selective_risk,0.013333333333333332,0.018257418583505537,0.00816496580927726,-0.009332611753220338,0.035999278419887,5
mc_dropout,robust,0.08,0.25,0.1,mutual_information,clean,0.7,5,selective_risk,0.039999999999999994,0.038332593899996395,0.017142857142857144,-0.007588571428571431,0.08758857142857142,5
mc_dropout,robust,0.08,0.25,0.1,mutual_information,clean,0.8,5,selective_risk,0.065,0.037914377220257756,0.01695582495781317,0.017930629917110648,0.11206937008288936,5
mc_dropout,robust,0.08,0.25,0.1,mutual_information,clean,0.9,5,selective_risk,0.07999999999999999,0.02981423969999719,0.01333333333333333,0.042986666666666666,0.1170133333333333,5
mc_dropout,robust,0.08,0.25,0.1,mutual_information,clean,1.0,5,selective_risk,0.136,0.026076809620810597,0.0116619037896906,0.10362655507981891,0.1683734449201811,5
mc_dropout,robust,0.08,0.25,0.1,mutual_information,delta,0.1,5,selective_risk,0.2,0.14142135623730953,0.0632455532033676,0.024430344307451585,0.3755696556925484,5
mc_dropout,robust,0.08,0.25,0.1,mutual_information,delta,0.2,5,selective_risk,0.12000000000000002,0.08366600265340757,0.03741657386773942,0.016131590943155416,0.22386840905684463,5
mc_dropout,robust,0.08,0.25,0.1,mutual_information,delta,0.3,5,selective_risk,0.09333333333333334,0.03651483716701107,0.01632993161855452,0.048001443160226,0.13866522350644067,5
mc_dropout,robust,0.08,0.25,0.1,mutual_information,delta,0.4,5,selective_risk,0.1,0.035355339059327376,0.015811388300841896,0.056107586076862906,0.14389241392313712,5
mc_dropout,robust,0.08,0.25,0.1,mutual_information,delta,0.5,5,selective_risk,0.128,0.04381780460041329,0.019595917942265423,0.0736017317922712,0.1823982682077288,5
mc_dropout,robust,0.08,0.25,0.1,mutual_information,delta,0.6,5,selective_risk,0.12666666666666665,0.043461349368017654,0.019436506316151,0.07271092513303148,0.18062240820030181,5
mc_dropout,robust,0.08,0.25,0.1,mutual_information,delta,0.7,5,selective_risk,0.10857142857142858,0.03725258517258656,0.016659862556700857,0.06232365011402701,0.15481920702883015,5
mc_dropout,robust,0.08,0.25,0.1,mutual_information,delta,0.8,5,selective_risk,0.12000000000000002,0.03259601202601324,0.014577379737113249,0.07953319384977364,0.1604668061502264,5
mc_dropout,robust,0.08,0.25,0.1,mutual_information,delta,0.9,5,selective_risk,0.14222222222222222,0.029814239699997202,0.013333333333333336,0.10520888888888888,0.17923555555555556,5
mc_dropout,robust,0.08,0.25,0.1,mutual_information,delta,1.0,5,selective_risk,0.136,0.026076809620810597,0.0116619037896906,0.10362655507981891,0.1683734449201811,5
mc_dropout,robust,0.08,0.25,0.1,one_minus_confidence,adv,0.1,5,selective_risk,0.0,0.0,0.0,0.0,0.0,5
mc_dropout,robust,0.08,0.25,0.1,one_minus_confidence,adv,0.2,5,selective_risk,0.0,0.0,0.0,0.0,0.0,5
mc_dropout,robust,0.08,0.25,0.1,one_minus_confidence,adv,0.3,5,selective_risk,0.013333333333333332,0.029814239699997195,0.013333333333333332,-0.023679999999999996,0.050346666666666665,5
mc_dropout,robust,0.08,0.25,0.1,one_minus_confidence,adv,0.4,5,selective_risk,0.030000000000000006,0.027386127875258306,0.012247448713915891,-0.003998917629830505,0.06399891762983051,5
mc_dropout,robust,0.08,0.25,0.1,one_minus_confidence,adv,0.5,5,selective_risk,0.032,0.01788854381999832,0.008,0.009792000000000002,0.054208,5
mc_dropout,robust,0.08,0.25,0.1,one_minus_confidence,adv,0.6,5,selective_risk,0.026666666666666665,0.014907119849998597,0.006666666666666666,0.00816,0.04517333333333333,5
mc_dropout,robust,0.08,0.25,0.1,one_minus_confidence,adv,0.7,5,selective_risk,0.045714285714285714,0.03257644071711823,0.014568627181693671,0.005271776657904084,0.08615679477066734,5
mc_dropout,robust,0.08,0.25,0.1,one_minus_confidence,adv,0.8,5,selective_risk,0.065,0.02850438562747845,0.012747548783981962,0.029612804575666077,0.10038719542433393,5
mc_dropout,robust,0.08,0.25,0.1,one_minus_confidence,adv,0.9,5,selective_risk,0.09333333333333334,0.018592445034090563,0.008314794192830979,0.07025146465403453,0.11641520201263214,5
mc_dropout,robust,0.08,0.25,0.1,one_minus_confidence,adv,1.0,5,selective_risk,0.136,0.026076809620810597,0.0116619037896906,0.10362655507981891,0.1683734449201811,5
mc_dropout,robust,0.08,0.25,0.1,one_minus_confidence,clean,0.1,5,selective_risk,0.04,0.08944271909999159,0.04,-0.07103999999999999,0.15104,5
mc_dropout,robust,0.08,0.25,0.1,one_minus_confidence,clean,0.2,5,selective_risk,0.02,0.044721359549995794,0.02,-0.035519999999999996,0.07552,5
mc_dropout,robust,0.08,0.25,0.1,one_minus_confidence,clean,0.3,5,selective_risk,0.013333333333333332,0.02981423969999719,0.01333333333333333,-0.02367999999999999,0.05034666666666665,5
mc_dropout,robust,0.08,0.25,0.1,one_minus_confidence,clean,0.4,5,selective_risk,0.01,0.022360679774997897,0.01,-0.017759999999999998,0.03776,5
mc_dropout,robust,0.08,0.25,0.1,one_minus_confidence,clean,0.5,5,selective_risk,0.008,0.01788854381999832,0.008,-0.014207999999999998,0.030208,5
mc_dropout,robust,0.08,0.25,0.1,one_minus_confidence,clean,0.6,5,selective_risk,0.013333333333333332,0.018257418583505537,0.00816496580927726,-0.009332611753220338,0.035999278419887,5
mc_dropout,robust,0.08,0.25,0.1,one_minus_confidence,clean,0.7,5,selective_risk,0.02857142857142857,0.02857142857142857,0.012777531299998797,-0.006898998317368083,0.06404185546022523,5
mc_dropout,robust,0.08,0.25,0.1,one_minus_confidence,clean,0.8,5,selective_risk,0.065,0.037914377220257756,0.01695582495781317,0.017930629917110648,0.11206937008288936,5
mc_dropout,robust,0.08,0.25,0.1,one_minus_confidence,clean,0.9,5,selective_risk,0.09333333333333334,0.03975231959999626,0.017777777777777778,0.04398222222222223,0.14268444444444445,5
mc_dropout,robust,0.08,0.25,0.1,one_minus_confidence,clean,1.0,5,selective_risk,0.136,0.026076809620810597,0.0116619037896906,0.10362655507981891,0.1683734449201811,5
mc_dropout,robust,0.08,0.25,0.1,one_minus_confidence,delta,0.1,5,selective_risk,0.08,0.10954451150103324,0.048989794855663564,-0.05599567051932204,0.21599567051932206,5
mc_dropout,robust,0.08,0.25,0.1,one_minus_confidence,delta,0.2,5,selective_risk,0.06000000000000001,0.05477225575051661,0.024494897427831782,-0.00799783525966101,0.12799783525966102,5
mc_dropout,robust,0.08,0.25,0.1,one_minus_confidence,delta,0.3,5,selective_risk,0.06666666666666668,0.04714045207910317,0.021081851067789193,0.008143448102483887,0.12518988523084948,5
mc_dropout,robust,0.08,0.25,0.1,one_minus_confidence,delta,0.4,5,selective_risk,0.05,0.03535533905932738,0.0158113883008419,0.006107586076862896,0.0938924139231371,5
mc_dropout,robust,0.08,0.25,0.1,one_minus_confidence,delta,0.5,5,selective_risk,0.04,0.0282842712474619,0.012649110640673518,0.004886068861490317,0.07511393113850968,5
mc_dropout,robust,0.08,0.25,0.1,one_minus_confidence,delta,0.6,5,selective_risk,0.03333333333333334,0.023570226039551584,0.010540925533894597,0.0040717240512419435,0.06259494261542474,5
mc_dropout,robust,0.08,0.25,0.1,one_minus_confidence,delta,0.7,5,selective_risk,0.045714285714285714,0.03257644071711823,0.014568627181693671,0.005271776657904084,0.08615679477066734,5
mc_dropout,robust,0.08,0.25,0.1,one_minus_confidence,delta,0.8,5,selective_risk,0.07000000000000002,0.03259601202601325,0.014577379737113252,0.029533193849773633,0.11046680615022642,5
mc_dropout,robust,0.08,0.25,0.1,one_minus_confidence,delta,0.9,5,selective_risk,0.09333333333333334,0.018592445034090563,0.008314794192830979,0.07025146465403453,0.11641520201263214,5
mc_dropout,robust,0.08,0.25,0.1,one_minus_confidence,delta,1.0,5,selective_risk,0.136,0.026076809620810597,0.0116619037896906,0.10362655507981891,0.1683734449201811,5
mc_dropout,robust,0.08,0.25,0.15,mutual_information,adv,0.1,5,selective_risk,0.52,0.22803508501982758,0.10198039027185568,0.23690243660532867,0.8030975633946713,5
mc_dropout,robust,0.08,0.25,0.15,mutual_information,adv,0.2,5,selective_risk,0.6,0.12247448713915893,0.05477225575051662,0.4479522180365658,0.7520477819634341,5
mc_dropout,robust,0.08,0.25,0.15,mutual_information,adv,0.3,5,selective_risk,0.52,0.05577733510227169,0.024944382578492935,0.45075439396210365,0.5892456060378964,5
mc_dropout,robust,0.08,0.25,0.15,mutual_information,adv,0.4,5,selective_risk,0.4800000000000001,0.07582875444051553,0.03391164991562635,0.38586125983422137,0.5741387401657788,5
mc_dropout,robust,0.08,0.25,0.15,mutual_information,adv,0.5,5,selective_risk,0.4640000000000001,0.09208691546577072,0.04118252056394801,0.3496773229144804,0.5783226770855198,5
mc_dropout,robust,0.08,0.25,0.15,mutual_information,adv,0.6,5,selective_risk,0.5066666666666666,0.04944132324730441,0.02211083193570266,0.445286997213156,0.5680463361201772,5
mc_dropout,robust,0.08,0.25,0.15,mutual_information,adv,0.7,5,selective_risk,0.4914285714285714,0.05111012519999518,0.02285714285714285,0.42797714285714283,0.5548799999999999,5
mc_dropout,robust,0.08,0.25,0.15,mutual_information,adv,0.8,5,selective_risk,0.465,0.0518411033833193,0.023184046238739257,0.40064108764125983,0.5293589123587402,5
mc_dropout,robust,0.08,0.25,0.15,mutual_information,adv,0.9,5,selective_risk,0.45777777777777773,0.0557773351022717,0.024944382578492942,0.3885321717398813,0.5270233838156742,5
mc_dropout,robust,0.08,0.25,0.15,mutual_information,adv,1.0,5,selective_risk,0.43199999999999994,0.036331804249169895,0.016248076809271917,0.3868953387774611,0.4771046612225388,5
mc_dropout,robust,0.08,0.25,0.15,mutual_information,clean,0.1,5,selective_risk,0.24,0.08944271909999159,0.04,0.12896,0.35104,5
mc_dropout,robust,0.08,0.25,0.15,mutual_information,clean,0.2,5,selective_risk,0.24000000000000005,0.1140175425099138,0.05099019513592785,0.09845121830266435,0.38154878169733575,5
mc_dropout,robust,0.08,0.25,0.15,mutual_information,clean,0.3,5,selective_risk,0.26666666666666666,0.10540925533894599,0.047140452079103175,0.13580477169507627,0.39752856163825706,5
mc_dropout,robust,0.08,0.25,0.15,mutual_information,clean,0.4,5,selective_risk,0.30999999999999994,0.0547722557505166,0.024494897427831775,0.24200216474033892,0.37799783525966096,5
mc_dropout,robust,0.08,0.25,0.15,mutual_information,clean,0.5,5,selective_risk,0.336,0.06066300355241241,0.027129319932501072,0.26068900786737703,0.411310992132623,5
mc_dropout,robust,0.08,0.25,0.15,mutual_information,clean,0.6,5,selective_risk,0.33333333333333337,0.04082482904638632,0.018257418583505543,0.282650739345522,0.38401592732114476,5
mc_dropout,robust,0.08,0.25,0.15,mutual_information,clean,0.7,5,selective_risk,0.36,0.04333071682315171,0.01937808566607219,0.3062064341909836,0.4137935658090164,5
mc_dropout,robust,0.08,0.25,0.15,mutual_information,clean,0.8,5,selective_risk,0.38,0.05968668193156662,0.02669269563007828,0.30590107693090274,0.45409892306909727,5
mc_dropout,robust,0.08,0.25,0.15,mutual_information,clean,0.9,5,selective_risk,0.39555555555555555,0.04817662975261956,0.021545243810739242,0.3357459587369434,0.4553651523741677,5
mc_dropout,robust,0.08,0.25,0.15,mutual_information,clean,1.0,5,selective_risk,0.43199999999999994,0.036331804249169895,0.016248076809271917,0.3868953387774611,0.4771046612225388,5
mc_dropout,robust,0.08,0.25,0.15,mutual_information,delta,0.1,5,selective_risk,0.68,0.10954451150103325,0.04898979485566357,0.544004329480678,0.8159956705193221,5
mc_dropout,robust,0.08,0.25,0.15,mutual_information,delta,0.2,5,selective_risk,0.62,0.10954451150103324,0.048989794855663564,0.48400432948067795,0.755995670519322,5
mc_dropout,robust,0.08,0.25,0.15,mutual_information,delta,0.3,5,selective_risk,0.5333333333333333,0.10540925533894596,0.04714045207910316,0.40247143836174293,0.6641952283049237,5
mc_dropout,robust,0.08,0.25,0.15,mutual_information,delta,0.4,5,selective_risk,0.4800000000000001,0.06708203932499371,0.030000000000000006,0.3967200000000001,0.5632800000000001,5
mc_dropout,robust,0.08,0.25,0.15,mutual_information,delta,0.5,5,selective_risk,0.48,0.07483314773547886,0.03346640106136303,0.3870972706536562,0.5729027293463438,5
mc_dropout,robust,0.08,0.25,0.15,mutual_information,delta,0.6,5,selective_risk,0.49333333333333335,0.04944132324730441,0.02211083193570266,0.43195366387982276,0.5547130027868439,5
mc_dropout,robust,0.08,0.25,0.15,mutual_information,delta,0.7,5,selective_risk,0.4914285714285714,0.05111012519999518,0.02285714285714285,0.42797714285714283,0.5548799999999999,5
mc_dropout,robust,0.08,0.25,0.15,mutual_information,delta,0.8,5,selective_risk,0.465,0.0518411033833193,0.023184046238739257,0.40064108764125983,0.5293589123587402,5
mc_dropout,robust,0.08,0.25,0.15,mutual_information,delta,0.9,5,selective_risk,0.46222222222222226,0.04817662975261955,0.021545243810739235,0.40241262540361017,0.5220318190408344,5
mc_dropout,robust,0.08,0.25,0.15,mutual_information,delta,1.0,5,selective_risk,0.43199999999999994,0.036331804249169895,0.016248076809271917,0.3868953387774611,0.4771046612225388,5
mc_dropout,robust,0.08,0.25,0.15,one_minus_confidence,adv,0.1,5,selective_risk,0.44000000000000006,0.08944271909999157,0.039999999999999994,0.3289600000000001,0.55104,5
mc_dropout,robust,0.08,0.25,0.15,one_minus_confidence,adv,0.2,5,selective_risk,0.38,0.10954451150103323,0.048989794855663564,0.24400432948067796,0.515995670519322,5
mc_dropout,robust,0.08,0.25,0.15,one_minus_confidence,adv,0.3,5,selective_risk,0.3333333333333333,0.08164965809277261,0.03651483716701107,0.2319681453577106,0.43469852130895603,5
mc_dropout,robust,0.08,0.25,0.15,one_minus_confidence,adv,0.4,5,selective_risk,0.33,0.07582875444051551,0.03391164991562634,0.2358612598342213,0.42413874016577874,5
mc_dropout,robust,0.08,0.25,0.15,one_minus_confidence,adv,0.5,5,selective_risk,0.328,0.06572670690061992,0.02939387691339813,0.2464025976884068,0.40959740231159325,5
mc_dropout,robust,0.08,0.25,0.15,one_minus_confidence,adv,0.6,5,selective_risk,0.32666666666666666,0.10381607668264958,0.04642796092394706,0.1977826471417896,0.4555506861915437,5
mc_dropout,robust,0.08,0.25,0.15,one_minus_confidence,adv,0.7,5,selective_risk,0.32571428571428573,0.07450517034517314,0.03331972511340172,0.23321872879948258,0.4182098426290889,5
mc_dropout,robust,0.08,0.25,0.15,one_minus_confidence,adv,0.8,5,selective_risk,0.35000000000000003,0.05863019699779287,0.02622022120425379,0.2772126659369915,0.42278733406300856,5
mc_dropout,robust,0.08,0.25,0.15,one_minus_confidence,adv,0.9,5,selective_risk,0.38222222222222224,0.0427452979148252,0.019116278371205834,0.32915543346375487,0.4352890109806896,5
mc_dropout,robust,0.08,0.25,0.15,one_minus_confidence,adv,1.0,5,selective_risk,0.43199999999999994,0.036331804249169895,0.016248076809271917,0.3868953387774611,0.4771046612225388,5
mc_dropout,robust,0.08,0.25,0.15,one_minus_confidence,clean,0.1,5,selective_risk,0.2,0.14142135623730953,0.0632455532033676,0.024430344307451585,0.3755696556925484,5
mc_dropout,robust,0.08,0.25,0.15,one_minus_confidence,clean,0.2,5,selective_risk,0.24000000000000005,0.1140175425099138,0.05099019513592785,0.09845121830266435,0.38154878169733575,5
mc_dropout,robust,0.08,0.25,0.15,one_minus_confidence,clean,0.3,5,selective_risk,0.2533333333333333,0.09888264649460886,0.04422166387140534,0.1305739944263121,0.3760926722403545,5
mc_dropout,robust,0.08,0.25,0.15,one_minus_confidence,clean,0.4,5,selective_risk,0.3,0.04999999999999999,0.02236067977499789,0.23792675294460586,0.3620732470553941,5
mc_dropout,robust,0.08,0.25,0.15,one_minus_confidence,clean,0.5,5,selective_risk,0.336,0.05366563145999494,0.023999999999999994,0.26937600000000006,0.402624,5
mc_dropout,robust,0.08,0.25,0.15,one_minus_confidence,clean,0.6,5,selective_risk,0.3333333333333333,0.047140452079103175,0.021081851067789197,0.2748101147691505,0.3918565518975161,5
mc_dropout,robust,0.08,0.25,0.15,one_minus_confidence,clean,0.7,5,selective_risk,0.36,0.04333071682315171,0.01937808566607219,0.3062064341909836,0.4137935658090164,5
mc_dropout,robust,0.08,0.25,0.15,one_minus_confidence,clean,0.8,5,selective_risk,0.39,0.0651920240520265,0.029154759474226504,0.30906638769954725,0.4709336123004528,5
mc_dropout,robust,0.08,0.25,0.15,one_minus_confidence,clean,0.9,5,selective_risk,0.40888888888888897,0.0557773351022717,0.024944382578492942,0.33964328285099255,0.4781344949267854,5
mc_dropout,robust,0.08,0.25,0.15,one_minus_confidence,clean,1.0,5,selective_risk,0.43199999999999994,0.036331804249169895,0.016248076809271917,0.3868953387774611,0.4771046612225388,5
mc_dropout,robust,0.08,0.25,0.15,one_minus_confidence,delta,0.1,5,selective_risk,0.52,0.1095445115010332,0.04898979485566355,0.384004329480678,0.6559956705193221,5
mc_dropout,robust,0.08,0.25,0.15,one_minus_confidence,delta,0.2,5,selective_risk,0.38,0.10954451150103323,0.048989794855663564,0.24400432948067796,0.515995670519322,5
mc_dropout,robust,0.08,0.25,0.15,one_minus_confidence,delta,0.3,5,selective_risk,0.36,0.05962847939999441,0.026666666666666675,0.2859733333333333,0.43402666666666667,5
mc_dropout,robust,0.08,0.25,0.15,one_minus_confidence,delta,0.4,5,selective_risk,0.34,0.0651920240520265,0.029154759474226504,0.25906638769954726,0.4209336123004528,5
mc_dropout,robust,0.08,0.25,0.15,one_minus_confidence,delta,0.5,5,selective_risk,0.328,0.06572670690061992,0.02939387691339813,0.2464025976884068,0.40959740231159325,5
mc_dropout,robust,0.08,0.25,0.15,one_minus_confidence,delta,0.6,5,selective_risk,0.32666666666666666,0.09831920802501752,0.0439696865275764,0.2046068168661146,0.44872651646721873,5
mc_dropout,robust,0.08,0.25,0.15,one_minus_confidence,delta,0.7,5,selective_risk,0.31999999999999995,0.061941381110510854,0.027701027756664734,0.24310194694749865,0.39689805305250125,5
mc_dropout,robust,0.08,0.25,0.15,one_minus_confidence,delta,0.8,5,selective_risk,0.34500000000000003,0.05968668193156662,0.02669269563007828,0.2709010769309027,0.41909892306909735,5
mc_dropout,robust,0.08,0.25,0.15,one_minus_confidence,delta,0.9,5,selective_risk,0.38222222222222224,0.0427452979148252,0.019116278371205834,0.32915543346375487,0.4352890109806896,5
mc_dropout,robust,0.08,0.25,0.15,one_minus_confidence,delta,1.0,5,selective_risk,0.43199999999999994,0.036331804249169895,0.016248076809271917,0.3868953387774611,0.4771046612225388,5
mc_dropout,standard,,,0.01,mutual_information,adv,0.1,5,selective_risk,0.0,0.0,0.0,0.0,0.0,5
mc_dropout,standard,,,0.01,mutual_information,adv,0.2,5,selective_risk,0.0,0.0,0.0,0.0,0.0,5
mc_dropout,standard,,,0.01,mutual_information,adv,0.3,5,selective_risk,0.0,0.0,0.0,0.0,0.0,5
mc_dropout,standard,,,0.01,mutual_information,adv,0.4,5,selective_risk,0.0,0.0,0.0,0.0,0.0,5
mc_dropout,standard,,,0.01,mutual_information,adv,0.5,5,selective_risk,0.0,0.0,0.0,0.0,0.0,5
mc_dropout,standard,,,0.01,mutual_information,adv,0.6,5,selective_risk,0.0,0.0,0.0,0.0,0.0,5
mc_dropout,standard,,,0.01,mutual_information,adv,0.7,5,selective_risk,0.0,0.0,0.0,0.0,0.0,5
mc_dropout,standard,,,0.01,mutual_information,adv,0.8,5,selective_risk,0.0,0.0,0.0,0.0,0.0,5
mc_dropout,standard,,,0.01,mutual_information,adv,0.9,5,selective_risk,0.0,0.0,0.0,0.0,0.0,5
mc_dropout,standard,,,0.01,mutual_information,adv,1.0,5,selective_risk,0.0,0.0,0.0,0.0,0.0,5
mc_dropout,standard,,,0.01,mutual_information,clean,0.1,5,selective_risk,0.0,0.0,0.0,0.0,0.0,5
mc_dropout,standard,,,0.01,mutual_information,clean,0.2,5,selective_risk,0.0,0.0,0.0,0.0,0.0,5
mc_dropout,standard,,,0.01,mutual_information,clean,0.3,5,selective_risk,0.0,0.0,0.0,0.0,0.0,5
mc_dropout,standard,,,0.01,mutual_information,clean,0.4,5,selective_risk,0.0,0.0,0.0,0.0,0.0,5
mc_dropout,standard,,,0.01,mutual_information,clean,0.5,5,selective_risk,0.0,0.0,0.0,0.0,0.0,5
mc_dropout,standard,,,0.01,mutual_information,clean,0.6,5,selective_risk,0.0,0.0,0.0,0.0,0.0,5
mc_dropout,standard,,,0.01,mutual_information,clean,0.7,5,selective_risk,0.0,0.0,0.0,0.0,0.0,5
mc_dropout,standard,,,0.01,mutual_information,clean,0.8,5,selective_risk,0.0,0.0,0.0,0.0,0.0,5
mc_dropout,standard,,,0.01,mutual_information,clean,0.9,5,selective_risk,0.0,0.0,0.0,0.0,0.0,5
mc_dropout,standard,,,0.01,mutual_information,clean,1.0,5,selective_risk,0.0,0.0,0.0,0.0,0.0,5
mc_dropout,standard,,,0.01,mutual_information,delta,0.1,5,selective_risk,0.0,0.0,0.0,0.0,0.0,5
mc_dropout,standard,,,0.01,mutual_information,delta,0.2,5,selective_risk,0.0,0.0,0.0,0.0,0.0,5
mc_dropout,standard,,,0.01,mutual_information,delta,0.3,5,selective_risk,0.0,0.0,0.0,0.0,0.0,5
mc_dropout,standard,,,0.01,mutual_information,delta,0.4,5,selective_risk,0.0,0.0,0.0,0.0,0.0,5
mc_dropout,standard,,,0.01,mutual_information,delta,0.5,5,selective_risk,0.0,0.0,0.0,0.0,0.0,5
mc_dropout,standard,,,0.01,mutual_information,delta,0.6,5,selective_risk,0.0,0.0,0.0,0.0,0.0,5
mc_dropout,standard,,,0.01,mutual_information,delta,0.7,5,selective_risk,0.0,0.0,0.0,0.0,0.0,5
mc_dropout,standard,,,0.01,mutual_information,delta,0.8,5,selective_risk,0.0,0.0,0.0,0.0,0.0,5
mc_dropout,standard,,,0.01,mutual_information,delta,0.9,5,selective_risk,0.0,0.0,0.0,0.0,0.0,5
mc_dropout,standard,,,0.01,mutual_information,delta,1.0,5,selective_risk,0.0,0.0,0.0,0.0,0.0,5
mc_dropout,standard,,,0.01,one_minus_confidence,adv,0.1,5,selective_risk,0.0,0.0,0.0,0.0,0.0,5
mc_dropout,standard,,,0.01,one_minus_confidence,adv,0.2,5,selective_risk,0.0,0.0,0.0,0.0,0.0,5
mc_dropout,standard,,,0.01,one_minus_confidence,adv,0.3,5,selective_risk,0.0,0.0,0.0,0.0,0.0,5
mc_dropout,standard,,,0.01,one_minus_confidence,adv,0.4,5,selective_risk,0.0,0.0,0.0,0.0,0.0,5
mc_dropout,standard,,,0.01,one_minus_confidence,adv,0.5,5,selective_risk,0.0,0.0,0.0,0.0,0.0,5
mc_dropout,standard,,,0.01,one_minus_confidence,adv,0.6,5,selective_risk,0.0,0.0,0.0,0.0,0.0,5
mc_dropout,standard,,,0.01,one_minus_confidence,adv,0.7,5,selective_risk,0.0,0.0,0.0,0.0,0.0,5
mc_dropout,standard,,,0.01,one_minus_confidence,adv,0.8,5,selective_risk,0.0,0.0,0.0,0.0,0.0,5
mc_dropout,standard,,,0.01,one_minus_confidence,adv,0.9,5,selective_risk,0.0,0.0,0.0,0.0,0.0,5
mc_dropout,standard,,,0.01,one_minus_confidence,adv,1.0,5,selective_risk,0.0,0.0,0.0,0.0,0.0,5
mc_dropout,standard,,,0.01,one_minus_confidence,clean,0.1,5,selective_risk,0.0,0.0,0.0,0.0,0.0,5
mc_dropout,standard,,,0.01,one_minus_confidence,clean,0.2,5,selective_risk,0.0,0.0,0.0,0.0,0.0,5
mc_dropout,standard,,,0.01,one_minus_confidence,clean,0.3,5,selective_risk,0.0,0.0,0.0,0.0,0.0,5
mc_dropout,standard,,,0.01,one_minus_confidence,clean,0.4,5,selective_risk,0.0,0.0,0.0,0.0,0.0,5
mc_dropout,standard,,,0.01,one_minus_confidence,clean,0.5,5,selective_risk,0.0,0.0,0.0,0.0,0.0,5
mc_dropout,standard,,,0.01,one_minus_confidence,clean,0.6,5,selective_risk,0.0,0.0,0.0,0.0,0.0,5
mc_dropout,standard,,,0.01,one_minus_confidence,clean,0.7,5,selective_risk,0.0,0.0,0.0,0.0,0.0,5
mc_dropout,standard,,,0.01,one_minus_confidence,clean,0.8,5,selective_risk,0.0,0.0,0.0,0.0,0.0,5
mc_dropout,standard,,,0.01,one_minus_confidence,clean,0.9,5,selective_risk,0.0,0.0,0.0,0.0,0.0,5
mc_dropout,standard,,,0.01,one_minus_confidence,clean,1.0,5,selective_risk,0.0,0.0,0.0,0.0,0.0,5
mc_dropout,standard,,,0.01,one_minus_confidence,delta,0.1,5,selective_risk,0.0,0.0,0.0,0.0,0.0,5
mc_dropout,standard,,,0.01,one_minus_confidence,delta,0.2,5,selective_risk,0.0,0.0,0.0,0.0,0.0,5
mc_dropout,standard,,,0.01,one_minus_confidence,delta,0.3,5,selective_risk,0.0,0.0,0.0,0.0,0.0,5
mc_dropout,standard,,,0.01,one_minus_confidence,delta,0.4,5,selective_risk,0.0,0.0,0.0,0.0,0.0,5
mc_dropout,standard,,,0.01,one_minus_confidence,delta,0.5,5,selective_risk,0.0,0.0,0.0,0.0,0.0,5
mc_dropout,standard,,,0.01,one_minus_confidence,delta,0.6,5,selective_risk,0.0,0.0,0.0,0.0,0.0,5
mc_dropout,standard,,,0.01,one_minus_confidence,delta,0.7,5,selective_risk,0.0,0.0,0.0,0.0,0.0,5
mc_dropout,standard,,,0.01,one_minus_confidence,delta,0.8,5,selective_risk,0.0,0.0,0.0,0.0,0.0,5
mc_dropout,standard,,,0.01,one_minus_confidence,delta,0.9,5,selective_risk,0.0,0.0,0.0,0.0,0.0,5
mc_dropout,standard,,,0.01,one_minus_confidence,delta,1.0,5,selective_risk,0.0,0.0,0.0,0.0,0.0,5
mc_dropout,standard,,,0.03,mutual_information,adv,0.1,5,selective_risk,0.0,0.0,0.0,0.0,0.0,5
mc_dropout,standard,,,0.03,mutual_information,adv,0.2,5,selective_risk,0.0,0.0,0.0,0.0,0.0,5
mc_dropout,standard,,,0.03,mutual_information,adv,0.3,5,selective_risk,0.0,0.0,0.0,0.0,0.0,5
mc_dropout,standard,,,0.03,mutual_information,adv,0.4,5,selective_risk,0.0,0.0,0.0,0.0,0.0,5
mc_dropout,standard,,,0.03,mutual_information,adv,0.5,5,selective_risk,0.0,0.0,0.0,0.0,0.0,5
mc_dropout,standard,,,0.03,mutual_information,adv,0.6,5,selective_risk,0.0,0.0,0.0,0.0,0.0,5
mc_dropout,standard,,,0.03,mutual_information,adv,0.7,5,selective_risk,0.005714285714285714,0.012777531299998797,0.005714285714285713,-0.010148571428571427,0.021577142857142854,5
mc_dropout,standard,,,0.03,mutual_information,adv,0.8,5,selective_risk,0.04,0.02850438562747845,0.012747548783981962,0.0046128045756660754,0.07538719542433392,5
mc_dropout,standard,,,0.03,mutual_information,adv,0.9,5,selective_risk,0.05777777777777778,0.025337231668869736,0.011331154474650634,0.026322492956147622,0.08923306259940794,5
mc_dropout,standard,,,0.03,mutual_information,adv,1.0,5,selective_risk,0.07200000000000001,0.02280350850198276,0.01019803902718557,0.04369024366053287,0.10030975633946715,5
mc_dropout,standard,,,0.03,mutual_information,clean,0.1,5,selective_risk,0.0,0.0,0.0,0.0,0.0,5
mc_dropout,standard,,,0.03,mutual_information,clean,0.2,5,selective_risk,0.0,0.0,0.0,0.0,0.0,5
mc_dropout,standard,,,0.03,mutual_information,clean,0.3,5,selective_risk,0.0,0.0,0.0,0.0,0.0,5
mc_dropout,standard,,,0.03,mutual_information,clean,0.4,5,selective_risk,0.0,0.0,0.0,0.0,0.0,5
mc_dropout,standard,,,0.03,mutual_information,clean,0.5,5,selective_risk,0.0,0.0,0.0,0.0,0.0,5
mc_dropout,standard,,,0.03,mutual_information,clean,0.6,5,selective_risk,0.0,0.0,0.0,0.0,0.0,5
mc_dropout,standard,,,0.03,mutual_information,clean,0.7,5,selective_risk,0.0,0.0,0.0,0.0,0.0,5
mc_dropout,standard,,,0.03,mutual_information,clean,0.8,5,selective_risk,0.01,0.013693063937629153,0.0061237243569579455,-0.006999458814915255,0.026999458814915257,5
mc_dropout,standard,,,0.03,mutual_information,clean,0.9,5,selective_risk,0.022222222222222223,0.027216552697590865,0.01217161238900369,-0.011566173769652018,0.05601061821409646,5
mc_dropout,standard,,,0.03,mutual_information,clean,1.0,5,selective_risk,0.07200000000000001,0.02280350850198276,0.01019803902718557,0.04369024366053287,0.10030975633946715,5
mc_dropout,standard,,,0.03,mutual_information,delta,0.1,5,selective_risk,0.0,0.0,0.0,0.0,0.0,5
mc_dropout,standard,,,0.03,mutual_information,delta,0.2,5,selective_risk,0.0,0.0,0.0,0.0,0.0,5
mc_dropout,standard,,,0.03,mutual_information,delta,0.3,5,selective_risk,0.0,0.0,0.0,0.0,0.0,5
mc_dropout,standard,,,0.03,mutual_information,delta,0.4,5,selective_risk,0.0,0.0,0.0,0.0,0.0,5
mc_dropout,standard,,,0.03,mutual_information,delta,0.5,5,selective_risk,0.0,0.0,0.0,0.0,0.0,5
mc_dropout,standard,,,0.03,mutual_information,delta,0.6,5,selective_risk,0.013333333333333332,0.018257418583505537,0.00816496580927726,-0.009332611753220338,0.035999278419887,5
mc_dropout,standard,,,0.03,mutual_information,delta,0.7,5,selective_risk,0.017142857142857144,0.025555062599997593,0.011428571428571427,-0.014582857142857137,0.04886857142857143,5
mc_dropout,standard,,,0.03,mutual_information,delta,0.8,5,selective_risk,0.034999999999999996,0.028504385627478448,0.01274754878398196,-0.00038719542433392207,0.07038719542433391,5
mc_dropout,standard,,,0.03,mutual_information,delta,0.9,5,selective_risk,0.06222222222222222,0.024343224778007384,0.010886621079036348,0.03200096210681732,0.09244348233762711,5
mc_dropout,standard,,,0.03,mutual_information,delta,1.0,5,selective_risk,0.07200000000000001,0.02280350850198276,0.01019803902718557,0.04369024366053287,0.10030975633946715,5
mc_dropout,standard,,,0.03,one_minus_confidence,adv,0.1,5,selective_risk,0.0,0.0,0.0,0.0,0.0,5
mc_dropout,standard,,,0.03,one_minus_confidence,adv,0.2,5,selective_risk,0.0,0.0,0.0,0.0,0.0,5
mc_dropout,standard,,,0.03,one_minus_confidence,adv,0.3,5,selective_risk,0.0,0.0,0.0,0.0,0.0,5
mc_dropout,standard,,,0.03,one_minus_confidence,adv,0.4,5,selective_risk,0.0,0.0,0.0,0.0,0.0,5
mc_dropout,standard,,,0.03,one_minus_confidence,adv,0.5,5,selective_risk,0.0,0.0,0.0,0.0,0.0,5
mc_dropout,standard,,,0.03,one_minus_confidence,adv,0.6,5,selective_risk,0.0,0.0,0.0,0.0,0.0,5
mc_dropout,standard,,,0.03,one_minus_confidence,adv,0.7,5,selective_risk,0.0,0.0,0.0,0.0,0.0,5
mc_dropout,standard,,,0.03,one_minus_confidence,adv,0.8,5,selective_risk,0.01,0.013693063937629153,0.0061237243569579455,-0.006999458814915255,0.026999458814915257,5
mc_dropout,standard,,,0.03,one_minus_confidence,adv,0.9,5,selective_risk,0.035555555555555556,0.025337231668869732,0.011331154474650633,0.004100270733925403,0.06701084037718572,5
mc_dropout,standard,,,0.03,one_minus_confidence,adv,1.0,5,selective_risk,0.07200000000000001,0.02280350850198276,0.01019803902718557,0.04369024366053287,0.10030975633946715,5
mc_dropout,standard,,,0.03,one_minus_confidence,clean,0.1,5,selective_risk,0.0,0.0,0.0,0.0,0.0,5
mc_dropout,standard,,,0.03,one_minus_confidence,clean,0.2,5,selective_risk,0.0,0.0,0.0,0.0,0.0,5
mc_dropout,standard,,,0.03,one_minus_confidence,clean,0.3,5,selective_risk,0.0,0.0,0.0,0.0,0.0,5
mc_dropout,standard,,,0.03,one_minus_confidence,clean,0.4,5,selective_risk,0.0,0.0,0.0,0.0,0.0,5
mc_dropout,standard,,,0.03,one_minus_confidence,clean,0.5,5,selective_risk,0.0,0.0,0.0,0.0,0.0,5
mc_dropout,standard,,,0.03,one_minus_confidence,clean,0.6,5,selective_risk,0.0,0.0,0.0,0.0,0.0,5
mc_dropout,standard,,,0.03,one_minus_confidence,clean,0.7,5,selective_risk,0.0,0.0,0.0,0.0,0.0,5
mc_dropout,standard,,,0.03,one_minus_confidence,clean,0.8,5,selective_risk,0.01,0.013693063937629153,0.0061237243569579455,-0.006999458814915255,0.026999458814915257,5
mc_dropout,standard,,,0.03,one_minus_confidence,clean,0.9,5,selective_risk,0.022222222222222223,0.027216552697590865,0.01217161238900369,-0.011566173769652018,0.05601061821409646,5
mc_dropout,standard,,,0.03,one_minus_confidence,clean,1.0,5,selective_risk,0.07200000000000001,0.02280350850198276,0.01019803902718557,0.04369024366053287,0.10030975633946715,5
mc_dropout,standard,,,0.03,one_minus_confidence,delta,0.1,5,selective_risk,0.0,0.0,0.0,0.0,0.0,5
mc_dropout,standard,,,0.03,one_minus_confidence,delta,0.2,5,selective_risk,0.0,0.0,0.0,0.0,0.0,5
mc_dropout,standard,,,0.03,one_minus_confidence,delta,0.3,5,selective_risk,0.0,0.0,0.0,0.0,0.0,5
mc_dropout,standard,,,0.03,one_minus_confidence,delta,0.4,5,selective_risk,0.0,0.0,0.0,0.0,0.0,5
mc_dropout,standard,,,0.03,one_minus_confidence,delta,0.5,5,selective_risk,0.0,0.0,0.0,0.0,0.0,5
mc_dropout,standard,,,0.03,one_minus_confidence,delta,0.6,5,selective_risk,0.006666666666666666,0.014907119849998596,0.006666666666666665,-0.011839999999999995,0.025173333333333325,5
mc_dropout,standard,,,0.03,one_minus_confidence,delta,0.7,5,selective_risk,0.011428571428571429,0.01564921592871903,0.0069985421222376505,-0.007999381502760286,0.030856524359903145,5
mc_dropout,standard,,,0.03,one_minus_confidence,delta,0.8,5,selective_risk,0.015000000000000003,0.0223606797749979,0.010000000000000002,-0.01276,0.042760000000000006,5
mc_dropout,standard,,,0.03,one_minus_confidence,delta,0.9,5,selective_risk,0.035555555555555556,0.025337231668869732,0.011331154474650633,0.004100270733925403,0.06701084037718572,5
mc_dropout,standard,,,0.03,one_minus_confidence,delta,1.0,5,selective_risk,0.07200000000000001,0.02280350850198276,0.01019803902718557,0.04369024366053287,0.10030975633946715,5
mc_dropout,standard,,,0.05,mutual_information,adv,0.1,5,selective_risk,0.12000000000000002,0.10954451150103323,0.048989794855663564,-0.01599567051932202,0.25599567051932204,5
mc_dropout,standard,,,0.05,mutual_information,adv,0.2,5,selective_risk,0.2,0.09999999999999999,0.04472135954999579,0.07585350588921172,0.32414649411078833,5
mc_dropout,standard,,,0.05,mutual_information,adv,0.3,5,selective_risk,0.18666666666666668,0.07302967433402216,0.032659863237109045,0.09600288632045197,0.2773304470128814,5
mc_dropout,standard,,,0.05,mutual_information,adv,0.4,5,selective_risk,0.26,0.07416198487095663,0.033166247903554,0.16793049581973413,0.3520695041802659,5
mc_dropout,standard,,,0.05,mutual_information,adv,0.5,5,selective_risk,0.312,0.05932958789676531,0.026532998322843202,0.23834439665578727,0.3856556033442127,5
mc_dropout,standard,,,0.05,mutual_information,adv,0.6,5,selective_risk,0.35333333333333333,0.09006170724070865,0.04027681991198191,0.24152488125767155,0.4651417854089951,5
mc_dropout,standard,,,0.05,mutual_information,adv,0.7,5,selective_risk,0.36571428571428577,0.09979570969470275,0.04462999814803802,0.2418214108553322,0.48960716057323933,5
mc_dropout,standard,,,0.05,mutual_information,adv,0.8,5,selective_risk,0.355,0.0873212459828649,0.03905124837953327,0.24659373449841565,0.4634062655015843,5
mc_dropout,standard,,,0.05,mutual_information,adv,0.9,5,selective_risk,0.38666666666666666,0.08692269873603531,0.038873012632302,0.27875518359939633,0.494578149733937,5
mc_dropout,standard,,,0.05,mutual_information,adv,1.0,5,selective_risk,0.4,0.08602325267042625,0.03847076812334268,0.29320514768960076,0.5067948523103993,5
mc_dropout,standard,,,0.05,mutual_information,clean,0.1,5,selective_risk,0.0,0.0,0.0,0.0,0.0,5
mc_dropout,standard,,,0.05,mutual_information,clean,0.2,5,selective_risk,0.0,0.0,0.0,0.0,0.0,5
mc_dropout,standard,,,0.05,mutual_information,clean,0.3,5,selective_risk,0.026666666666666665,0.03651483716701107,0.01632993161855452,-0.018665223506440676,0.071998556839774,5
mc_dropout,standard,,,0.05,mutual_information,clean,0.4,5,selective_risk,0.06000000000000001,0.022360679774997897,0.01,0.03224000000000001,0.08776,5
mc_dropout,standard,,,0.05,mutual_information,clean,0.5,5,selective_risk,0.096,0.04560701700396552,0.02039607805437114,0.03938048732106572,0.15261951267893428,5
mc_dropout,standard,,,0.05,mutual_information,clean,0.6,5,selective_risk,0.16,0.09249624617007739,0.04136557881996952,0.045169153195764616,0.2748308468042354,5
mc_dropout,standard,,,0.05,mutual_information,clean,0.7,5,selective_risk,0.22857142857142856,0.08329931278350429,0.03725258517258656,0.12515825213232828,0.33198460501052884,5
mc_dropout,standard,,,0.05,mutual_information,clean,0.8,5,selective_risk,0.275,0.1030776406404415,0.04609772228646443,0.14703272293277478,0.40296727706722524,5
mc_dropout,standard,,,0.05,mutual_information,clean,0.9,5,selective_risk,0.3377777777777778,0.08805161224959533,0.039377878103709664,0.22846478816187976,0.4470907673936758,5
mc_dropout,standard,,,0.05,mutual_information,clean,1.0,5,selective_risk,0.4,0.08602325267042625,0.03847076812334268,0.29320514768960076,0.5067948523103993,5
mc_dropout,standard,,,0.05,mutual_information,delta,0.1,5,selective_risk,0.36,0.1673320053068151,0.07483314773547882,0.1522631818863108,0.5677368181136891,5
mc_dropout,standard,,,0.05,mutual_information,delta,0.2,5,selective_risk,0.27999999999999997,0.08366600265340755,0.03741657386773941,0.1761315909431554,0.38386840905684455,5
mc_dropout,standard,,,0.05,mutual_information,delta,0.3,5,selective_risk,0.22666666666666666,0.05962847939999439,0.026666666666666665,0.15264,0.3006933333333333,5
mc_dropout,standard,,,0.05,mutual_information,delta,0.4,5,selective_risk,0.27,0.0758287544405155,0.033911649915626334,0.17586125983422132,0.36413874016577874,5
mc_dropout,standard,,,0.05,mutual_information,delta,0.5,5,selective_risk,0.328,0.04381780460041329,0.019595917942265423,0.2736017317922712,0.3823982682077288,5
mc_dropout,standard,,,0.05,mutual_information,delta,0.6,5,selective_risk,0.35333333333333333,0.09006170724070865,0.04027681991198191,0.24152488125767155,0.4651417854089951,5
mc_dropout,standard,,,0.05,mutual_information,delta,0.7,5,selective_risk,0.37142857142857144,0.10101525445522107,0.04517539514526256,0.24602167450532259,0.4968354683518203,5
mc_dropout,standard,,,0.05,mutual_information,delta,0.8,5,selective_risk,0.355,0.0873212459828649,0.03905124837953327,0.24659373449841565,0.4634062655015843,5
mc_dropout,standard,,,0.05,mutual_information,delta,0.9,5,selective_risk,0.38666666666666666,0.08692269873603531,0.038873012632302,0.27875518359939633,0.494578149733937,5
mc_dropout,standard,,,0.05,mutual_information,delta,1.0,5,selective_risk,0.4,0.08602325267042625,0.03847076812334268,0.29320514768960076,0.5067948523103993,5
mc_dropout,standard,,,0.05,one_minus_confidence,adv,0.1,5,selective_risk,0.08,0.10954451150103323,0.048989794855663564,-0.05599567051932204,0.21599567051932206,5
mc_dropout,standard,,,0.05,one_minus_confidence,adv,0.2,5,selective_risk,0.18000000000000002,0.08366600265340755,0.03741657386773941,0.07613159094315543,0.28386840905684463,5
mc_dropout,standard,,,0.05,one_minus_confidence,adv,0.3,5,selective_risk,0.17333333333333334,0.059628479399994404,0.026666666666666672,0.09930666666666667,0.24736000000000002,5
mc_dropout,standard,,,0.05,one_minus_confidence,adv,0.4,5,selective_risk,0.22999999999999998,0.057008771254956896,0.02549509756796392,0.15922560915133216,0.3007743908486678,5
mc_dropout,standard,,,0.05,one_minus_confidence,adv,0.5,5,selective_risk,0.272,0.052153619241621194,0.0233238075793812,0.20725311015963782,0.3367468898403622,5
mc_dropout,standard,,,0.05,one_minus_confidence,adv,0.6,5,selective_risk,0.3133333333333333,0.04472135954999579,0.019999999999999997,0.25781333333333334,0.36885333333333326,5
mc_dropout,standard,,,0.05,one_minus_confidence,adv,0.7,5,selective_risk,0.3371428571428571,0.06821335077893327,0.030505937862946603,0.2524583736353173,0.42182734065039684,5
mc_dropout,standard,,,0.05,one_minus_confidence,adv,0.8,5,selective_risk,0.36,0.07826237921249261,0.03499999999999999,0.26284,0.45715999999999996,5
mc_dropout,standard,,,0.05,one_minus_confidence,adv,0.9,5,selective_risk,0.39111111111111113,0.07633584016585632,0.03413842554608271,0.29634284179518555,0.4858793804270367,5
mc_dropout,standard,,,0.05,one_minus_confidence,adv,1.0,5,selective_risk,0.4,0.08602325267042625,0.03847076812334268,0.29320514768960076,0.5067948523103993,5
mc_dropout,standard,,,0.05,one_minus_confidence,clean,0.1,5,selective_risk,0.0,0.0,0.0,0.0,0.0,5
mc_dropout,standard,,,0.05,one_minus_confidence,clean,0.2,5,selective_risk,0.0,0.0,0.0,0.0,0.0,5
mc_dropout,standard,,,0.05,one_minus_confidence,clean,0.3,5,selective_risk,0.026666666666666665,0.03651483716701107,0.01632993161855452,-0.018665223506440676,0.071998556839774,5
mc_dropout,standard,,,0.05,one_minus_confidence,clean,0.4,5,selective_risk,0.05,0.05,0.022360679774997897,-0.012073247055394157,0.11207324705539416,5
mc_dropout,standard,,,0.05,one_minus_confidence,clean,0.5,5,selective_risk,0.08800000000000001,0.06572670690061994,0.029393876913398138,0.006402597688406786,0.16959740231159323,5
mc_dropout,standard,,,0.05,one_minus_confidence,clean,0.6,5,selective_risk,0.14666666666666667,0.0767390962214756,0.03431876713662334,0.051397769095400295,0.24193556423793305,5
mc_dropout,standard,,,0.05,one_minus_confidence,clean,0.7,5,selective_risk,0.22285714285714286,0.07928249671720919,0.03545621041711673,0.12443070273922682,0.3212835829750589,5
mc_dropout,standard,,,0.05,one_minus_confidence,clean,0.8,5,selective_risk,0.275,0.1030776406404415,0.04609772228646443,0.14703272293277478,0.40296727706722524,5
mc_dropout,standard,,,0.05,one_minus_confidence,clean,0.9,5,selective_risk,0.3377777777777778,0.08805161224959533,0.039377878103709664,0.22846478816187976,0.4470907673936758,5
mc_dropout,standard,,,0.05,one_minus_confidence,clean,1.0,5,selective_risk,0.4,0.08602325267042625,0.03847076812334268,0.29320514768960076,0.5067948523103993,5
mc_dropout,standard,,,0.05,one_minus_confidence,delta,0.1,5,selective_risk,0.27999999999999997,0.10954451150103323,0.048989794855663564,0.14400432948067793,0.415995670519322,5
mc_dropout,standard,,,0.05,one_minus_confidence,delta,0.2,5,selective_risk,0.24,0.1140175425099138,0.05099019513592785,0.09845121830266429,0.3815487816973357,5
mc_dropout,standard,,,0.05,one_minus_confidence,delta,0.3,5,selective_risk,0.21333333333333332,0.055777335102271695,0.02494438257849294,0.14408772729543692,0.2825789393712297,5
mc_dropout,standard,,,0.05,one_minus_confidence,delta,0.4,5,selective_risk,0.24,0.06519202405202648,0.029154759474226497,0.15906638769954723,0.32093361230045275,5
mc_dropout,standard,,,0.05,one_minus_confidence,delta,0.5,5,selective_risk,0.272,0.052153619241621194,0.0233238075793812,0.20725311015963782,0.3367468898403622,5
mc_dropout,standard,,,0.05,one_minus_confidence,delta,0.6,5,selective_risk,0.32666666666666666,0.04346134936801765,0.019436506316150997,0.2727109251330315,0.3806224082003018,5
mc_dropout,standard,,,0.05,one_minus_confidence,delta,0.7,5,selective_risk,0.3371428571428571,0.06821335077893327,0.030505937862946603,0.2524583736353173,0.42182734065039684,5
mc_dropout,standard,,,0.05,one_minus_confidence,delta,0.8,5,selective_risk,0.36,0.07826237921249261,0.03499999999999999,0.26284,0.45715999999999996,5
mc_dropout,standard,,,0.05,one_minus_confidence,delta,0.9,5,selective_risk,0.39111111111111113,0.07633584016585632,0.03413842554608271,0.29634284179518555,0.4858793804270367,5
mc_dropout,standard,,,0.05,one_minus_confidence,delta,1.0,5,selective_risk,0.4,0.08602325267042625,0.03847076812334268,0.29320514768960076,0.5067948523103993,5
mc_dropout,standard,,,0.07,mutual_information,adv,0.1,5,selective_risk,0.96,0.08944271909999157,0.039999999999999994,0.8489599999999999,1.07104,5
mc_dropout,standard,,,0.07,mutual_information,adv,0.2,5,selective_risk,0.96,0.08944271909999157,0.039999999999999994,0.8489599999999999,1.07104,5
mc_dropout,standard,,,0.07,mutual_information,adv,0.3,5,selective_risk,0.9199999999999999,0.0869226987360353,0.038873012632301994,0.8120885169327297,1.0279114830672702,5
mc_dropout,standard,,,0.07,mutual_information,adv,0.4,5,selective_risk,0.9099999999999999,0.10246950765959599,0.0458257569495584,0.7827876987080258,1.037212301291974,5
mc_dropout,standard,,,0.07,mutual_information,adv,0.5,5,selective_risk,0.8959999999999999,0.06693280212272601,0.029933259094191516,0.8129052727545243,0.9790947272454755,5
mc_dropout,standard,,,0.07,mutual_information,adv,0.6,5,selective_risk,0.8466666666666669,0.04472135954999579,0.019999999999999997,0.7911466666666669,0.9021866666666669,5
mc_dropout,standard,,,0.07,mutual_information,adv,0.7,5,selective_risk,0.8057142857142857,0.06194138111051083,0.027701027756664727,0.7288162326617844,0.882612338766787,5
mc_dropout,standard,,,0.07,mutual_information,adv,0.8,5,selective_risk,0.73,0.037080992435478306,0.016583123951776996,0.683965247909867,0.776034752090133,5
mc_dropout,standard,,,0.07,mutual_information,adv,0.9,5,selective_risk,0.6977777777777778,0.048686449556014755,0.02177324215807269,0.6373352575469681,0.7582202980085876,5
mc_dropout,standard,,,0.07,mutual_information,adv,1.0,5,selective_risk,0.664,0.016733200530681523,0.007483314773547888,0.6432263181886311,0.684773681811369,5
mc_dropout,standard,,,0.07,mutual_information,clean,0.1,5,selective_risk,0.16,0.08944271909999159,0.04,0.048960000000000004,0.27104,5
mc_dropout,standard,,,0.07,mutual_information,clean,0.2,5,selective_risk,0.22000000000000003,0.08366600265340754,0.0374165738677394,0.11613159094315545,0.3238684090568446,5
mc_dropout,standard,,,0.07,mutual_information,clean,0.3,5,selective_risk,0.29333333333333333,0.0760116950066092,0.033993463423951896,0.19896747886844288,0.38769918779822377,5
mc_dropout,standard,,,0.07,mutual_information,clean,0.4,5,selective_risk,0.36,0.0418330013267038,0.018708286933869715,0.30806579547157764,0.41193420452842233,5
mc_dropout,standard,,,0.07,mutual_information,clean,0.5,5,selective_risk,0.42400000000000004,0.045607017003965515,0.020396078054371138,0.36738048732106576,0.4806195126789343,5
mc_dropout,standard,,,0.07,mutual_information,clean,0.6,5,selective_risk,0.47333333333333333,0.04346134936801765,0.019436506316150997,0.41937759179969814,0.5272890748669685,5
mc_dropout,standard,,,0.07,mutual_information,clean,0.7,5,selective_risk,0.5314285714285714,0.03257644071711822,0.014568627181693666,0.4909860623721897,0.5718710804849529,5
mc_dropout,standard,,,0.07,mutual_information,clean,0.8,5,selective_risk,0.5800000000000001,0.020916500663351868,0.009354143466934844,0.5540328977357889,0.6059671022642112,5
mc_dropout,standard,,,0.07,mutual_information,clean,0.9,5,selective_risk,0.6266666666666667,0.018592445034090594,0.008314794192830993,0.6035847979873679,0.6497485353459655,5
mc_dropout,standard,,,0.07,mutual_information,clean,1.0,5,selective_risk,0.664,0.016733200530681523,0.007483314773547888,0.6432263181886311,0.684773681811369,5
mc_dropout,standard,,,0.07,mutual_information,delta,0.1,5,selective_risk,1.0,0.0,0.0,1.0,1.0,5
mc_dropout,standard,,,0.07,mutual_information,delta,0.2,5,selective_risk,0.9800000000000001,0.04472135954999579,0.019999999999999997,0.9244800000000001,1.03552,5
mc_dropout,standard,,,0.07,mutual_information,delta,0.3,5,selective_risk,0.9333333333333333,0.08164965809277258,0.03651483716701106,0.8319681453577107,1.0346985213089561,5
mc_dropout,standard,,,0.07,mutual_information,delta,0.4,5,selective_risk,0.9199999999999999,0.10368220676663858,0.04636809247747851,0.7912821752825197,1.0487178247174802,5
mc_dropout,standard,,,0.07,mutual_information,delta,0.5,5,selective_risk,0.8959999999999999,0.06693280212272601,0.029933259094191516,0.8129052727545243,0.9790947272454755,5
mc_dropout,standard,,,0.07,mutual_information,delta,0.6,5,selective_risk,0.8533333333333335,0.050552502960343665,0.022607766610417558,0.7905741732228143,0.9160924934438527,5
mc_dropout,standard,,,0.07,mutual_information,delta,0.7,5,selective_risk,0.8057142857142857,0.06194138111051083,0.027701027756664727,0.7288162326617844,0.882612338766787,5
mc_dropout,standard,,,0.07,mutual_information,delta,0.8,5,selective_risk,0.73,0.037080992435478306,0.016583123951776996,0.683965247909867,0.776034752090133,5
mc_dropout,standard,,,0.07,mutual_information,delta,0.9,5,selective_risk,0.6977777777777778,0.048686449556014755,0.02177324215807269,0.6373352575469681,0.7582202980085876,5
mc_dropout,standard,,,0.07,mutual_information,delta,1.0,5,selective_risk,0.664,0.016733200530681523,0.007483314773547888,0.6432263181886311,0.684773681811369,5
mc_dropout,standard,,,0.07,one_minus_confidence,adv,0.1,5,selective_risk,0.96,0.08944271909999157,0.039999999999999994,0.8489599999999999,1.07104,5
mc_dropout,standard,,,0.07,one_minus_confidence,adv,0.2,5,selective_risk,0.9400000000000001,0.08944271909999157,0.039999999999999994,0.8289600000000001,1.05104,5
mc_dropout,standard,,,0.07,one_minus_confidence,adv,0.3,5,selective_risk,0.9066666666666666,0.11155467020454343,0.04988876515698589,0.7681754545908738,1.0451578787424594,5
mc_dropout,standard,,,0.07,one_minus_confidence,adv,0.4,5,selective_risk,0.9,0.09354143466934853,0.04183300132670377,0.7838715883170704,1.0161284116829297,5
mc_dropout,standard,,,0.07,one_minus_confidence,adv,0.5,5,selective_risk,0.8640000000000001,0.0829457654133109,0.037094473981982824,0.7610257402260158,0.9669742597739844,5
mc_dropout,standard,,,0.07,one_minus_confidence,adv,0.6,5,selective_risk,0.82,0.06912147117775909,0.030912061651652355,0.7341881168550131,0.9058118831449868,5
mc_dropout,standard,,,0.07,one_minus_confidence,adv,0.7,5,selective_risk,0.76,0.04333071682315173,0.0193780856660722,0.7062064341909836,0.8137935658090164,5
mc_dropout,standard,,,0.07,one_minus_confidence,adv,0.8,5,selective_risk,0.725,0.030618621784789708,0.013693063937629145,0.6869880545091415,0.7630119454908585,5
mc_dropout,standard,,,0.07,one_minus_confidence,adv,0.9,5,selective_risk,0.68,0.05115939748098373,0.02287917809108222,0.6164874016191558,0.7435125983808443,5
mc_dropout,standard,,,0.07,one_minus_confidence,adv,1.0,5,selective_risk,0.664,0.016733200530681523,0.007483314773547888,0.6432263181886311,0.684773681811369,5
mc_dropout,standard,,,0.07,one_minus_confidence,clean,0.1,5,selective_risk,0.16,0.08944271909999159,0.04,0.048960000000000004,0.27104,5
mc_dropout,standard,,,0.07,one_minus_confidence,clean,0.2,5,selective_risk,0.24000000000000005,0.1140175425099138,0.05099019513592785,0.09845121830266435,0.38154878169733575,5
mc_dropout,standard,,,0.07,one_minus_confidence,clean,0.3,5,selective_risk,0.27999999999999997,0.05577733510227169,0.024944382578492935,0.2107543939621036,0.34924560603789634,5
mc_dropout,standard,,,0.07,one_minus_confidence,clean,0.4,5,selective_risk,0.35000000000000003,0.03535533905932738,0.0158113883008419,0.30610758607686295,0.3938924139231371,5
mc_dropout,standard,,,0.07,one_minus_confidence,clean,0.5,5,selective_risk,0.392,0.03346640106136303,0.01496662954709577,0.35045263637726215,0.4335473636227379,5
mc_dropout,standard,,,0.07,one_minus_confidence,clean,0.6,5,selective_risk,0.45999999999999996,0.04944132324730441,0.02211083193570266,0.3986203305464894,0.5213796694535106,5
mc_dropout,standard,,,0.07,one_minus_confidence,clean,0.7,5,selective_risk,0.5257142857142856,0.025555062599997583,0.011428571428571422,0.49398857142857133,0.5574399999999998,5
mc_dropout,standard,,,0.07,one_minus_confidence,clean,0.8,5,selective_risk,0.5800000000000001,0.020916500663351868,0.009354143466934844,0.5540328977357889,0.6059671022642112,5
mc_dropout,standard,,,0.07,one_minus_confidence,clean,0.9,5,selective_risk,0.6266666666666667,0.018592445034090594,0.008314794192830993,0.6035847979873679,0.6497485353459655,5
mc_dropout,standard,,,0.07,one_minus_confidence,clean,1.0,5,selective_risk,0.664,0.016733200530681523,0.007483314773547888,0.6432263181886311,0.684773681811369,5
mc_dropout,standard,,,0.07,one_minus_confidence,delta,0.1,5,selective_risk,0.96,0.08944271909999157,0.039999999999999994,0.8489599999999999,1.07104,5
mc_dropout,standard,,,0.07,one_minus_confidence,delta,0.2,5,selective_risk,0.9800000000000001,0.04472135954999579,0.019999999999999997,0.9244800000000001,1.03552,5
mc_dropout,standard,,,0.07,one_minus_confidence,delta,0.3,5,selective_risk,0.9066666666666666,0.11155467020454343,0.04988876515698589,0.7681754545908738,1.0451578787424594,5
mc_dropout,standard,,,0.07,one_minus_confidence,delta,0.4,5,selective_risk,0.9099999999999999,0.10246950765959599,0.0458257569495584,0.7827876987080258,1.037212301291974,5
mc_dropout,standard,,,0.07,one_minus_confidence,delta,0.5,5,selective_risk,0.8640000000000001,0.0829457654133109,0.037094473981982824,0.7610257402260158,0.9669742597739844,5
mc_dropout,standard,,,0.07,one_minus_confidence,delta,0.6,5,selective_risk,0.8266666666666665,0.07226494462892935,0.03231786571610887,0.7369522714387483,0.9163810618945848,5
mc_dropout,standard,,,0.07,one_minus_confidence,delta,0.7,5,selective_risk,0.7714285714285715,0.05345224838248485,0.02390457218668786,0.705069479038326,0.837787663818817,5
mc_dropout,standard,,,0.07,one_minus_confidence,delta,0.8,5,selective_risk,0.725,0.030618621784789708,0.013693063937629145,0.6869880545091415,0.7630119454908585,5
mc_dropout,standard,,,0.07,one_minus_confidence,delta,0.9,5,selective_risk,0.68,0.05115939748098373,0.02287917809108222,0.6164874016191558,0.7435125983808443,5
mc_dropout,standard,,,0.07,one_minus_confidence,delta,1.0,5,selective_risk,0.664,0.016733200530681523,0.007483314773547888,0.6432263181886311,0.684773681811369,5
mc_dropout,standard,,,0.08,mutual_information,adv,0.1,5,selective_risk,1.0,0.0,0.0,1.0,1.0,5
mc_dropout,standard,,,0.08,mutual_information,adv,0.2,5,selective_risk,1.0,0.0,0.0,1.0,1.0,5
mc_dropout,standard,,,0.08,mutual_information,adv,0.3,5,selective_risk,0.9866666666666667,0.029814239699997188,0.013333333333333329,0.9496533333333333,1.02368,5
mc_dropout,standard,,,0.08,mutual_information,adv,0.4,5,selective_risk,0.99,0.022360679774997918,0.010000000000000009,0.96224,1.01776,5
mc_dropout,standard,,,0.08,mutual_information,adv,0.5,5,selective_risk,0.984,0.021908902300206663,0.00979795897113272,0.9568008658961356,1.0111991341038644,5
mc_dropout,standard,,,0.08,mutual_information,adv,0.6,5,selective_risk,0.9666666666666666,0.04714045207910316,0.02108185106778919,0.9081434481024838,1.0251898852308494,5
mc_dropout,standard,,,0.08,mutual_information,adv,0.7,5,selective_risk,0.8971428571428571,0.03833259389999641,0.017142857142857147,0.8495542857142857,0.9447314285714286,5
mc_dropout,standard,,,0.08,mutual_information,adv,0.8,5,selective_risk,0.85,0.03535533905932741,0.01581138830084191,0.8061075860768628,0.8938924139231371,5
mc_dropout,standard,,,0.08,mutual_information,adv,0.9,5,selective_risk,0.8044444444444444,0.018592445034090542,0.008314794192830969,0.7813625757651457,0.8275263131237431,5
mc_dropout,standard,,,0.08,mutual_information,adv,1.0,5,selective_risk,0.784,0.03286335345030996,0.014696938456699065,0.7432012988442034,0.8247987011557967,5
mc_dropout,standard,,,0.08,mutual_information,clean,0.1,5,selective_risk,0.36,0.1673320053068151,0.07483314773547882,0.1522631818863108,0.5677368181136891,5
mc_dropout,standard,,,0.08,mutual_information,clean,0.2,5,selective_risk,0.43999999999999995,0.08944271909999159,0.04,0.3289599999999999,0.55104,5
mc_dropout,standard,,,0.08,mutual_information,clean,0.3,5,selective_risk,0.5333333333333333,0.10540925533894596,0.04714045207910316,0.40247143836174293,0.6641952283049237,5
mc_dropout,standard,,,0.08,mutual_information,clean,0.4,5,selective_risk,0.5599999999999999,0.0651920240520265,0.029154759474226504,0.4790663876995472,0.6409336123004528,5
mc_dropout,standard,,,0.08,mutual_information,clean,0.5,5,selective_risk,0.608,0.05215361924162119,0.023323807579381198,0.5432531101596378,0.6727468898403621,5
mc_dropout,standard,,,0.08,mutual_information,clean,0.6,5,selective_risk,0.6533333333333332,0.05577733510227169,0.024944382578492935,0.5840877272954368,0.7225789393712296,5
mc_dropout,standard,,,0.08,mutual_information,clean,0.7,5,selective_risk,0.6914285714285715,0.046947647786157114,0.020995626366712962,0.6331447126345763,0.7497124302225667,5
mc_dropout,standard,,,0.08,mutual_information,clean,0.8,5,selective_risk,0.7300000000000001,0.04107919181288745,0.018371173070873832,0.6790016235552543,0.7809983764447459,5
mc_dropout,standard,,,0.08,mutual_information,clean,0.9,5,selective_risk,0.76,0.036514837167011094,0.01632993161855453,0.7146681098268927,0.8053318901731074,5
mc_dropout,standard,,,0.08,mutual_information,clean,1.0,5,selective_risk,0.784,0.03286335345030996,0.014696938456699065,0.7432012988442034,0.8247987011557967,5
mc_dropout,standard,,,0.08,mutual_information,delta,0.1,5,selective_risk,1.0,0.0,0.0,1.0,1.0,5
mc_dropout,standard,,,0.08,mutual_information,delta,0.2,5,selective_risk,1.0,0.0,0.0,1.0,1.0,5
mc_dropout,standard,,,0.08,mutual_information,delta,0.3,5,selective_risk,0.9866666666666667,0.029814239699997188,0.013333333333333329,0.9496533333333333,1.02368,5
mc_dropout,standard,,,0.08,mutual_information,delta,0.4,5,selective_risk,0.99,0.022360679774997918,0.010000000000000009,0.96224,1.01776,5
mc_dropout,standard,,,0.08,mutual_information,delta,0.5,5,selective_risk,0.984,0.021908902300206663,0.00979795897113272,0.9568008658961356,1.0111991341038644,5
mc_dropout,standard,,,0.08,mutual_information,delta,0.6,5,selective_risk,0.9666666666666666,0.04714045207910316,0.02108185106778919,0.9081434481024838,1.0251898852308494,5
mc_dropout,standard,,,0.08,mutual_information,delta,0.7,5,selective_risk,0.9028571428571428,0.03257644071711824,0.014568627181693675,0.8624146338007612,0.9432996519135244,5
mc_dropout,standard,,,0.08,mutual_information,delta,0.8,5,selective_risk,0.85,0.03535533905932741,0.01581138830084191,0.8061075860768628,0.8938924139231371,5
mc_dropout,standard,,,0.08,mutual_information,delta,0.9,5,selective_risk,0.8044444444444444,0.018592445034090542,0.008314794192830969,0.7813625757651457,0.8275263131237431,5
mc_dropout,standard,,,0.08,mutual_information,delta,1.0,5,selective_risk,0.784,0.03286335345030996,0.014696938456699065,0.7432012988442034,0.8247987011557967,5
mc_dropout,standard,,,0.08,one_minus_confidence,adv,0.1,5,selective_risk,1.0,0.0,0.0,1.0,1.0,5
mc_dropout,standard,,,0.08,one_minus_confidence,adv,0.2,5,selective_risk,1.0,0.0,0.0,1.0,1.0,5
mc_dropout,standard,,,0.08,one_minus_confidence,adv,0.3,5,selective_risk,0.9866666666666667,0.029814239699997188,0.013333333333333329,0.9496533333333333,1.02368,5
mc_dropout,standard,,,0.08,one_minus_confidence,adv,0.4,5,selective_risk,0.99,0.022360679774997918,0.010000000000000009,0.96224,1.01776,5
mc_dropout,standard,,,0.08,one_minus_confidence,adv,0.5,5,selective_risk,0.992,0.017888543819998333,0.008000000000000007,0.969792,1.014208,5
mc_dropout,standard,,,0.08,one_minus_confidence,adv,0.6,5,selective_risk,0.96,0.04346134936801765,0.019436506316150997,0.9060442584663648,1.013955741533635,5
mc_dropout,standard,,,0.08,one_minus_confidence,adv,0.7,5,selective_risk,0.9085714285714286,0.046947647786157114,0.020995626366712962,0.8502875697774334,0.9668552873654238,5
mc_dropout,standard,,,0.08,one_minus_confidence,adv,0.8,5,selective_risk,0.845,0.048088460154178364,0.021505813167606566,0.7852998626467241,0.9047001373532758,5
mc_dropout,standard,,,0.08,one_minus_confidence,adv,0.9,5,selective_risk,0.8133333333333332,0.029814239699997188,0.013333333333333329,0.7763199999999999,0.8503466666666666,5
mc_dropout,standard,,,0.08,one_minus_confidence,adv,1.0,5,selective_risk,0.784,0.03286335345030996,0.014696938456699065,0.7432012988442034,0.8247987011557967,5
mc_dropout,standard,,,0.08,one_minus_confidence,clean,0.1,5,selective_risk,0.36,0.1673320053068151,0.07483314773547882,0.1522631818863108,0.5677368181136891,5
mc_dropout,standard,,,0.08,one_minus_confidence,clean,0.2,5,selective_risk,0.43999999999999995,0.08944271909999159,0.04,0.3289599999999999,0.55104,5
mc_dropout,standard,,,0.08,one_minus_confidence,clean,0.3,5,selective_risk,0.5199999999999999,0.11925695879998875,0.053333333333333316,0.37194666666666665,0.6680533333333332,5
mc_dropout,standard,,,0.08,one_minus_confidence,clean,0.4,5,selective_risk,0.55,0.07905694150420949,0.035355339059327376,0.4518535787713073,0.6481464212286928,5
mc_dropout,standard,,,0.08,one_minus_confidence,clean,0.5,5,selective_risk,0.592,0.06572670690061995,0.02939387691339814,0.5104025976884068,0.6735974023115932,5
mc_dropout,standard,,,0.08,one_minus_confidence,clean,0.6,5,selective_risk,0.6399999999999999,0.0547722557505166,0.024494897427831775,0.5720021647403389,0.7079978352596609,5
mc_dropout,standard,,,0.08,one_minus_confidence,clean,0.7,5,selective_risk,0.6914285714285715,0.046947647786157114,0.020995626366712962,0.6331447126345763,0.7497124302225667,5
mc_dropout,standard,,,0.08,one_minus_confidence,clean,0.8,5,selective_risk,0.7300000000000001,0.04107919181288745,0.018371173070873832,0.6790016235552543,0.7809983764447459,5
mc_dropout,standard,,,0.08,one_minus_confidence,clean,0.9,5,selective_risk,0.76,0.036514837167011094,0.01632993161855453,0.7146681098268927,0.8053318901731074,5
mc_dropout,standard,,,0.08,one_minus_confidence,clean,1.0,5,selective_risk,0.784,0.03286335345030996,0.014696938456699065,0.7432012988442034,0.8247987011557967,5
mc_dropout,standard,,,0.08,one_minus_confidence,delta,0.1,5,selective_risk,1.0,0.0,0.0,1.0,1.0,5
mc_dropout,standard,,,0.08,one_minus_confidence,delta,0.2,5,selective_risk,1.0,0.0,0.0,1.0,1.0,5
mc_dropout,standard,,,0.08,one_minus_confidence,delta,0.3,5,selective_risk,0.9866666666666667,0.029814239699997188,0.013333333333333329,0.9496533333333333,1.02368,5
mc_dropout,standard,,,0.08,one_minus_confidence,delta,0.4,5,selective_risk,0.99,0.022360679774997918,0.010000000000000009,0.96224,1.01776,5
mc_dropout,standard,,,0.08,one_minus_confidence,delta,0.5,5,selective_risk,0.992,0.017888543819998333,0.008000000000000007,0.969792,1.014208,5
mc_dropout,standard,,,0.08,one_minus_confidence,delta,0.6,5,selective_risk,0.9666666666666666,0.033333333333333326,0.014907119849998594,0.9252845019630704,1.0080488313702627,5
mc_dropout,standard,,,0.08,one_minus_confidence,delta,0.7,5,selective_risk,0.9142857142857143,0.04040610178208844,0.01807015805810503,0.8641229555164147,0.9644484730550138,5
mc_dropout,standard,,,0.08,one_minus_confidence,delta,0.8,5,selective_risk,0.845,0.048088460154178364,0.021505813167606566,0.7852998626467241,0.9047001373532758,5
mc_dropout,standard,,,0.08,one_minus_confidence,delta,0.9,5,selective_risk,0.8133333333333332,0.029814239699997188,0.013333333333333329,0.7763199999999999,0.8503466666666666,5
mc_dropout,standard,,,0.08,one_minus_confidence,delta,1.0,5,selective_risk,0.784,0.03286335345030996,0.014696938456699065,0.7432012988442034,0.8247987011557967,5
mc_dropout,standard,,,0.1,mutual_information,adv,0.1,5,selective_risk,1.0,0.0,0.0,1.0,1.0,5
mc_dropout,standard,,,0.1,mutual_information,adv,0.2,5,selective_risk,1.0,0.0,0.0,1.0,1.0,5
mc_dropout,standard,,,0.1,mutual_information,adv,0.3,5,selective_risk,1.0,0.0,0.0,1.0,1.0,5
mc_dropout,standard,,,0.1,mutual_information,adv,0.4,5,selective_risk,1.0,0.0,0.0,1.0,1.0,5
mc_dropout,standard,,,0.1,mutual_information,adv,0.5,5,selective_risk,1.0,0.0,0.0,1.0,1.0,5
mc_dropout,standard,,,0.1,mutual_information,adv,0.6,5,selective_risk,1.0,0.0,0.0,1.0,1.0,5
mc_dropout,standard,,,0.1,mutual_information,adv,0.7,5,selective_risk,0.9942857142857143,0.012777531299998802,0.005714285714285716,0.9784228571428571,1.0101485714285714,5
mc_dropout,standard,,,0.1,mutual_information,adv,0.8,5,selective_risk,0.9949999999999999,0.011180339887498959,0.0050000000000000044,0.9811199999999999,1.00888,5
mc_dropout,standard,,,0.1,mutual_information,adv,0.9,5,selective_risk,0.9822222222222223,0.028974232912011767,0.012957670877433998,0.9462517278664655,1.0181927165779792,5
mc_dropout,standard,,,0.1,mutual_information,adv,1.0,5,selective_risk,0.9640000000000001,0.032863353450309996,0.014696938456699081,0.9232012988442034,1.0047987011557966,5
mc_dropout,standard,,,0.1,mutual_information,clean,0.1,5,selective_risk,0.9199999999999999,0.1095445115010332,0.04898979485566355,0.7840043294806779,1.0559956705193219,5
mc_dropout,standard,,,0.1,mutual_information,clean,0.2,5,selective_risk,0.9,0.09999999999999998,0.04472135954999578,0.7758535058892118,1.0241464941107883,5
mc_dropout,standard,,,0.1,mutual_information,clean,0.3,5,selective_risk,0.9200000000000002,0.08692269873603531,0.038873012632302,0.8120885169327298,1.0279114830672704,5
mc_dropout,standard,,,0.1,mutual_information,clean,0.4,5,selective_risk,0.9299999999999999,0.0670820393249937,0.03,0.8467199999999999,1.01328,5
mc_dropout,standard,,,0.1,mutual_information,clean,0.5,5,selective_risk,0.9359999999999999,0.0606630035524124,0.02712931993250107,0.860689007867377,1.0113109921326229,5
mc_dropout,standard,,,0.1,mutual_information,clean,0.6,5,selective_risk,0.9400000000000001,0.0547722557505166,0.024494897427831775,0.8720021647403391,1.007997835259661,5
mc_dropout,standard,,,0.1,mutual_information,clean,0.7,5,selective_risk,0.9485714285714286,0.046947647786157114,0.020995626366712962,0.8902875697774334,1.0068552873654237,5
mc_dropout,standard,,,0.1,mutual_information,clean,0.8,5,selective_risk,0.9549999999999998,0.04107919181288744,0.018371173070873825,0.9040016235552542,1.0059983764447455,5
mc_dropout,standard,,,0.1,mutual_information,clean,0.9,5,selective_risk,0.9600000000000002,0.03651483716701107,0.01632993161855452,0.9146681098268928,1.0053318901731074,5
mc_dropout,standard,,,0.1,mutual_information,clean,1.0,5,selective_risk,0.9640000000000001,0.032863353450309996,0.014696938456699081,0.9232012988442034,1.0047987011557966,5
mc_dropout,standard,,,0.1,mutual_information,delta,0.1,5,selective_risk,1.0,0.0,0.0,1.0,1.0,5
mc_dropout,standard,,,0.1,mutual_information,delta,0.2,5,selective_risk,1.0,0.0,0.0,1.0,1.0,5
mc_dropout,standard,,,0.1,mutual_information,delta,0.3,5,selective_risk,1.0,0.0,0.0,1.0,1.0,5
mc_dropout,standard,,,0.1,mutual_information,delta,0.4,5,selective_risk,1.0,0.0,0.0,1.0,1.0,5
mc_dropout,standard,,,0.1,mutual_information,delta,0.5,5,selective_risk,1.0,0.0,0.0,1.0,1.0,5
mc_dropout,standard,,,0.1,mutual_information,delta,0.6,5,selective_risk,1.0,0.0,0.0,1.0,1.0,5
mc_dropout,standard,,,0.1,mutual_information,delta,0.7,5,selective_risk,0.9942857142857143,0.012777531299998802,0.005714285714285716,0.9784228571428571,1.0101485714285714,5
mc_dropout,standard,,,0.1,mutual_information,delta,0.8,5,selective_risk,0.9949999999999999,0.011180339887498959,0.0050000000000000044,0.9811199999999999,1.00888,5
mc_dropout,standard,,,0.1,mutual_information,delta,0.9,5,selective_risk,0.9822222222222223,0.028974232912011767,0.012957670877433998,0.9462517278664655,1.0181927165779792,5
mc_dropout,standard,,,0.1,mutual_information,delta,1.0,5,selective_risk,0.9640000000000001,0.032863353450309996,0.014696938456699081,0.9232012988442034,1.0047987011557966,5
mc_dropout,standard,,,0.1,one_minus_confidence,adv,0.1,5,selective_risk,1.0,0.0,0.0,1.0,1.0,5
mc_dropout,standard,,,0.1,one_minus_confidence,adv,0.2,5,selective_risk,1.0,0.0,0.0,1.0,1.0,5
mc_dropout,standard,,,0.1,one_minus_confidence,adv,0.3,5,selective_risk,1.0,0.0,0.0,1.0,1.0,5
mc_dropout,standard,,,0.1,one_minus_confidence,adv,0.4,5,selective_risk,1.0,0.0,0.0,1.0,1.0,5
mc_dropout,standard,,,0.1,one_minus_confidence,adv,0.5,5,selective_risk,1.0,0.0,0.0,1.0,1.0,5
mc_dropout,standard,,,0.1,one_minus_confidence,adv,0.6,5,selective_risk,1.0,0.0,0.0,1.0,1.0,5
mc_dropout,standard,,,0.1,one_minus_confidence,adv,0.7,5,selective_risk,1.0,0.0,0.0,1.0,1.0,5
mc_dropout,standard,,,0.1,one_minus_confidence,adv,0.8,5,selective_risk,0.9949999999999999,0.011180339887498959,0.0050000000000000044,0.9811199999999999,1.00888,5
mc_dropout,standard,,,0.1,one_minus_confidence,adv,0.9,5,selective_risk,0.9866666666666667,0.019876159799998117,0.008888888888888882,0.9619911111111111,1.0113422222222221,5
mc_dropout,standard,,,0.1,one_minus_confidence,adv,1.0,5,selective_risk,0.9640000000000001,0.032863353450309996,0.014696938456699081,0.9232012988442034,1.0047987011557966,5
mc_dropout,standard,,,0.1,one_minus_confidence,clean,0.1,5,selective_risk,0.9199999999999999,0.1095445115010332,0.04898979485566355,0.7840043294806779,1.0559956705193219,5
mc_dropout,standard,,,0.1,one_minus_confidence,clean,0.2,5,selective_risk,0.9,0.09999999999999998,0.04472135954999578,0.7758535058892118,1.0241464941107883,5
mc_dropout,standard,,,0.1,one_minus_confidence,clean,0.3,5,selective_risk,0.9200000000000002,0.08692269873603531,0.038873012632302,0.8120885169327298,1.0279114830672704,5
mc_dropout,standard,,,0.1,one_minus_confidence,clean,0.4,5,selective_risk,0.9199999999999999,0.07582875444051551,0.03391164991562634,0.8258612598342212,1.0141387401657787,5
mc_dropout,standard,,,0.1,one_minus_confidence,clean,0.5,5,selective_risk,0.9359999999999999,0.0606630035524124,0.02712931993250107,0.860689007867377,1.0113109921326229,5
mc_dropout,standard,,,0.1,one_minus_confidence,clean,0.6,5,selective_risk,0.9400000000000001,0.0547722557505166,0.024494897427831775,0.8720021647403391,1.007997835259661,5
mc_dropout,standard,,,0.1,one_minus_confidence,clean,0.7,5,selective_risk,0.9485714285714286,0.046947647786157114,0.020995626366712962,0.8902875697774334,1.0068552873654237,5
mc_dropout,standard,,,0.1,one_minus_confidence,clean,0.8,5,selective_risk,0.9549999999999998,0.04107919181288744,0.018371173070873825,0.9040016235552542,1.0059983764447455,5
mc_dropout,standard,,,0.1,one_minus_confidence,clean,0.9,5,selective_risk,0.9600000000000002,0.03651483716701107,0.01632993161855452,0.9146681098268928,1.0053318901731074,5
mc_dropout,standard,,,0.1,one_minus_confidence,clean,1.0,5,selective_risk,0.9640000000000001,0.032863353450309996,0.014696938456699081,0.9232012988442034,1.0047987011557966,5
mc_dropout,standard,,,0.1,one_minus_confidence,delta,0.1,5,selective_risk,1.0,0.0,0.0,1.0,1.0,5
mc_dropout,standard,,,0.1,one_minus_confidence,delta,0.2,5,selective_risk,1.0,0.0,0.0,1.0,1.0,5
mc_dropout,standard,,,0.1,one_minus_confidence,delta,0.3,5,selective_risk,1.0,0.0,0.0,1.0,1.0,5
mc_dropout,standard,,,0.1,one_minus_confidence,delta,0.4,5,selective_risk,1.0,0.0,0.0,1.0,1.0,5
mc_dropout,standard,,,0.1,one_minus_confidence,delta,0.5,5,selective_risk,1.0,0.0,0.0,1.0,1.0,5
mc_dropout,standard,,,0.1,one_minus_confidence,delta,0.6,5,selective_risk,1.0,0.0,0.0,1.0,1.0,5
mc_dropout,standard,,,0.1,one_minus_confidence,delta,0.7,5,selective_risk,1.0,0.0,0.0,1.0,1.0,5
mc_dropout,standard,,,0.1,one_minus_confidence,delta,0.8,5,selective_risk,0.9949999999999999,0.011180339887498959,0.0050000000000000044,0.9811199999999999,1.00888,5
mc_dropout,standard,,,0.1,one_minus_confidence,delta,0.9,5,selective_risk,0.9866666666666667,0.019876159799998117,0.008888888888888882,0.9619911111111111,1.0113422222222221,5
mc_dropout,standard,,,0.1,one_minus_confidence,delta,1.0,5,selective_risk,0.9640000000000001,0.032863353450309996,0.014696938456699081,0.9232012988442034,1.0047987011557966,5
mc_dropout,standard,,,0.15,mutual_information,adv,0.1,5,selective_risk,1.0,0.0,0.0,1.0,1.0,5
mc_dropout,standard,,,0.15,mutual_information,adv,0.2,5,selective_risk,1.0,0.0,0.0,1.0,1.0,5
mc_dropout,standard,,,0.15,mutual_information,adv,0.3,5,selective_risk,1.0,0.0,0.0,1.0,1.0,5
mc_dropout,standard,,,0.15,mutual_information,adv,0.4,5,selective_risk,1.0,0.0,0.0,1.0,1.0,5
mc_dropout,standard,,,0.15,mutual_information,adv,0.5,5,selective_risk,1.0,0.0,0.0,1.0,1.0,5
mc_dropout,standard,,,0.15,mutual_information,adv,0.6,5,selective_risk,1.0,0.0,0.0,1.0,1.0,5
mc_dropout,standard,,,0.15,mutual_information,adv,0.7,5,selective_risk,1.0,0.0,0.0,1.0,1.0,5
mc_dropout,standard,,,0.15,mutual_information,adv,0.8,5,selective_risk,1.0,0.0,0.0,1.0,1.0,5
mc_dropout,standard,,,0.15,mutual_information,adv,0.9,5,selective_risk,1.0,0.0,0.0,1.0,1.0,5
mc_dropout,standard,,,0.15,mutual_information,adv,1.0,5,selective_risk,1.0,0.0,0.0,1.0,1.0,5
mc_dropout,standard,,,0.15,mutual_information,clean,0.1,5,selective_risk,1.0,0.0,0.0,1.0,1.0,5
mc_dropout,standard,,,0.15,mutual_information,clean,0.2,5,selective_risk,1.0,0.0,0.0,1.0,1.0,5
mc_dropout,standard,,,0.15,mutual_information,clean,0.3,5,selective_risk,1.0,0.0,0.0,1.0,1.0,5
mc_dropout,standard,,,0.15,mutual_information,clean,0.4,5,selective_risk,1.0,0.0,0.0,1.0,1.0,5
mc_dropout,standard,,,0.15,mutual_information,clean,0.5,5,selective_risk,1.0,0.0,0.0,1.0,1.0,5
mc_dropout,standard,,,0.15,mutual_information,clean,0.6,5,selective_risk,1.0,0.0,0.0,1.0,1.0,5
mc_dropout,standard,,,0.15,mutual_information,clean,0.7,5,selective_risk,1.0,0.0,0.0,1.0,1.0,5
mc_dropout,standard,,,0.15,mutual_information,clean,0.8,5,selective_risk,1.0,0.0,0.0,1.0,1.0,5
mc_dropout,standard,,,0.15,mutual_information,clean,0.9,5,selective_risk,1.0,0.0,0.0,1.0,1.0,5
mc_dropout,standard,,,0.15,mutual_information,clean,1.0,5,selective_risk,1.0,0.0,0.0,1.0,1.0,5
mc_dropout,standard,,,0.15,mutual_information,delta,0.1,5,selective_risk,1.0,0.0,0.0,1.0,1.0,5
mc_dropout,standard,,,0.15,mutual_information,delta,0.2,5,selective_risk,1.0,0.0,0.0,1.0,1.0,5
mc_dropout,standard,,,0.15,mutual_information,delta,0.3,5,selective_risk,1.0,0.0,0.0,1.0,1.0,5
mc_dropout,standard,,,0.15,mutual_information,delta,0.4,5,selective_risk,1.0,0.0,0.0,1.0,1.0,5
mc_dropout,standard,,,0.15,mutual_information,delta,0.5,5,selective_risk,1.0,0.0,0.0,1.0,1.0,5
mc_dropout,standard,,,0.15,mutual_information,delta,0.6,5,selective_risk,1.0,0.0,0.0,1.0,1.0,5
mc_dropout,standard,,,0.15,mutual_information,delta,0.7,5,selective_risk,1.0,0.0,0.0,1.0,1.0,5
mc_dropout,standard,,,0.15,mutual_information,delta,0.8,5,selective_risk,1.0,0.0,0.0,1.0,1.0,5
mc_dropout,standard,,,0.15,mutual_information,delta,0.9,5,selective_risk,1.0,0.0,0.0,1.0,1.0,5
mc_dropout,standard,,,0.15,mutual_information,delta,1.0,5,selective_risk,1.0,0.0,0.0,1.0,1.0,5
mc_dropout,standard,,,0.15,one_minus_confidence,adv,0.1,5,selective_risk,1.0,0.0,0.0,1.0,1.0,5
mc_dropout,standard,,,0.15,one_minus_confidence,adv,0.2,5,selective_risk,1.0,0.0,0.0,1.0,1.0,5
mc_dropout,standard,,,0.15,one_minus_confidence,adv,0.3,5,selective_risk,1.0,0.0,0.0,1.0,1.0,5
mc_dropout,standard,,,0.15,one_minus_confidence,adv,0.4,5,selective_risk,1.0,0.0,0.0,1.0,1.0,5
mc_dropout,standard,,,0.15,one_minus_confidence,adv,0.5,5,selective_risk,1.0,0.0,0.0,1.0,1.0,5
mc_dropout,standard,,,0.15,one_minus_confidence,adv,0.6,5,selective_risk,1.0,0.0,0.0,1.0,1.0,5
mc_dropout,standard,,,0.15,one_minus_confidence,adv,0.7,5,selective_risk,1.0,0.0,0.0,1.0,1.0,5
mc_dropout,standard,,,0.15,one_minus_confidence,adv,0.8,5,selective_risk,1.0,0.0,0.0,1.0,1.0,5
mc_dropout,standard,,,0.15,one_minus_confidence,adv,0.9,5,selective_risk,1.0,0.0,0.0,1.0,1.0,5
mc_dropout,standard,,,0.15,one_minus_confidence,adv,1.0,5,selective_risk,1.0,0.0,0.0,1.0,1.0,5
mc_dropout,standard,,,0.15,one_minus_confidence,clean,0.1,5,selective_risk,1.0,0.0,0.0,1.0,1.0,5
mc_dropout,standard,,,0.15,one_minus_confidence,clean,0.2,5,selective_risk,1.0,0.0,0.0,1.0,1.0,5
mc_dropout,standard,,,0.15,one_minus_confidence,clean,0.3,5,selective_risk,1.0,0.0,0.0,1.0,1.0,5
mc_dropout,standard,,,0.15,one_minus_confidence,clean,0.4,5,selective_risk,1.0,0.0,0.0,1.0,1.0,5
mc_dropout,standard,,,0.15,one_minus_confidence,clean,0.5,5,selective_risk,1.0,0.0,0.0,1.0,1.0,5
mc_dropout,standard,,,0.15,one_minus_confidence,clean,0.6,5,selective_risk,1.0,0.0,0.0,1.0,1.0,5
mc_dropout,standard,,,0.15,one_minus_confidence,clean,0.7,5,selective_risk,1.0,0.0,0.0,1.0,1.0,5
mc_dropout,standard,,,0.15,one_minus_confidence,clean,0.8,5,selective_risk,1.0,0.0,0.0,1.0,1.0,5
mc_dropout,standard,,,0.15,one_minus_confidence,clean,0.9,5,selective_risk,1.0,0.0,0.0,1.0,1.0,5
mc_dropout,standard,,,0.15,one_minus_confidence,clean,1.0,5,selective_risk,1.0,0.0,0.0,1.0,1.0,5
mc_dropout,standard,,,0.15,one_minus_confidence,delta,0.1,5,selective_risk,1.0,0.0,0.0,1.0,1.0,5
mc_dropout,standard,,,0.15,one_minus_confidence,delta,0.2,5,selective_risk,1.0,0.0,0.0,1.0,1.0,5
mc_dropout,standard,,,0.15,one_minus_confidence,delta,0.3,5,selective_risk,1.0,0.0,0.0,1.0,1.0,5
mc_dropout,standard,,,0.15,one_minus_confidence,delta,0.4,5,selective_risk,1.0,0.0,0.0,1.0,1.0,5
mc_dropout,standard,,,0.15,one_minus_confidence,delta,0.5,5,selective_risk,1.0,0.0,0.0,1.0,1.0,5
mc_dropout,standard,,,0.15,one_minus_confidence,delta,0.6,5,selective_risk,1.0,0.0,0.0,1.0,1.0,5
mc_dropout,standard,,,0.15,one_minus_confidence,delta,0.7,5,selective_risk,1.0,0.0,0.0,1.0,1.0,5
mc_dropout,standard,,,0.15,one_minus_confidence,delta,0.8,5,selective_risk,1.0,0.0,0.0,1.0,1.0,5
mc_dropout,standard,,,0.15,one_minus_confidence,delta,0.9,5,selective_risk,1.0,0.0,0.0,1.0,1.0,5
mc_dropout,standard,,,0.15,one_minus_confidence,delta,1.0,5,selective_risk,1.0,0.0,0.0,1.0,1.0,5
vogn,robust,0.08,0.25,0.01,mutual_information,adv,0.1,5,selective_risk,0.0,0.0,0.0,0.0,0.0,5
vogn,robust,0.08,0.25,0.01,mutual_information,adv,0.2,5,selective_risk,0.0,0.0,0.0,0.0,0.0,5
vogn,robust,0.08,0.25,0.01,mutual_information,adv,0.3,5,selective_risk,0.0,0.0,0.0,0.0,0.0,5
vogn,robust,0.08,0.25,0.01,mutual_information,adv,0.4,5,selective_risk,0.0,0.0,0.0,0.0,0.0,5
vogn,robust,0.08,0.25,0.01,mutual_information,adv,0.5,5,selective_risk,0.0,0.0,0.0,0.0,0.0,5
vogn,robust,0.08,0.25,0.01,mutual_information,adv,0.6,5,selective_risk,0.0,0.0,0.0,0.0,0.0,5
vogn,robust,0.08,0.25,0.01,mutual_information,adv,0.7,5,selective_risk,0.0,0.0,0.0,0.0,0.0,5
vogn,robust,0.08,0.25,0.01,mutual_information,adv,0.8,5,selective_risk,0.0,0.0,0.0,0.0,0.0,5
vogn,robust,0.08,0.25,0.01,mutual_information,adv,0.9,5,selective_risk,0.022222222222222223,0.015713484026367724,0.0070272836892630655,0.0027144827008279554,0.04172996174361649,5
vogn,robust,0.08,0.25,0.01,mutual_information,adv,1.0,5,selective_risk,0.068,0.010954451150103324,0.004898979485566357,0.0544004329480678,0.0815995670519322,5
vogn,robust,0.08,0.25,0.01,mutual_information,clean,0.1,5,selective_risk,0.0,0.0,0.0,0.0,0.0,5
vogn,robust,0.08,0.25,0.01,mutual_information,clean,0.2,5,selective_risk,0.0,0.0,0.0,0.0,0.0,5
vogn,robust,0.08,0.25,0.01,mutual_information,clean,0.3,5,selective_risk,0.0,0.0,0.0,0.0,0.0,5
vogn,robust,0.08,0.25,0.01,mutual_information,clean,0.4,5,selective_risk,0.0,0.0,0.0,0.0,0.0,5
vogn,robust,0.08,0.25,0.01,mutual_information,clean,0.5,5,selective_risk,0.0,0.0,0.0,0.0,0.0,5
vogn,robust,0.08,0.25,0.01,mutual_information,clean,0.6,5,selective_risk,0.0,0.0,0.0,0.0,0.0,5
vogn,robust,0.08,0.25,0.01,mutual_information,clean,0.7,5,selective_risk,0.0,0.0,0.0,0.0,0.0,5
vogn,robust,0.08,0.25,0.01,mutual_information,clean,0.8,5,selective_risk,0.0,0.0,0.0,0.0,0.0,5
vogn,robust,0.08,0.25,0.01,mutual_information,clean,0.9,5,selective_risk,0.017777777777777778,0.009938079899999066,0.0044444444444444444,0.00544,0.030115555555555555,5
vogn,robust,0.08,0.25,0.01,mutual_information,clean,1.0,5,selective_risk,0.068,0.010954451150103324,0.004898979485566357,0.0544004329480678,0.0815995670519322,5
vogn,robust,0.08,0.25,0.01,mutual_information,delta,0.1,5,selective_risk,0.5599999999999999,0.1673320053068151,0.07483314773547882,0.3522631818863108,0.7677368181136891,5
vogn,robust,0.08,0.25,0.01,mutual_information,delta,0.2,5,selective_risk,0.27999999999999997,0.08366600265340755,0.03741657386773941,0.1761315909431554,0.38386840905684455,5
vogn,robust,0.08,0.25,0.01,mutual_information,delta,0.3,5,selective_risk,0.18666666666666668,0.0557773351022717,0.024944382578492942,0.11742106062877028,0.25591227270456307,5
vogn,robust,0.08,0.25,0.01,mutual_information,delta,0.4,5,selective_risk,0.15,0.03535533905932738,0.0158113883008419,0.10610758607686288,0.1938924139231371,5
vogn,robust,0.08,0.25,0.01,mutual_information,delta,0.5,5,selective_risk,0.12,0.0282842712474619,0.012649110640673518,0.0848860688614903,0.1551139311385097,5
vogn,robust,0.08,0.25,0.01,mutual_information,delta,0.6,5,selective_risk,0.1,0.023570226039551584,0.010540925533894597,0.0707383907179086,0.1292616092820914,5
vogn,robust,0.08,0.25,0.01,mutual_information,delta,0.7,5,selective_risk,0.09142857142857144,0.012777531299998797,0.005714285714285713,0.0755657142857143,0.10729142857142858,5
vogn,robust,0.08,0.25,0.01,mutual_information,delta,0.8,5,selective_risk,0.08,0.011180339887498952,0.005000000000000001,0.06612,0.09388,5
vogn,robust,0.08,0.25,0.01,mutual_information,delta,0.9,5,selective_risk,0.0711111111111111,0.009938079899999067,0.004444444444444445,0.058773333333333316,0.08344888888888888,5
vogn,robust,0.08,0.25,0.01,mutual_information,delta,1.0,5,selective_risk,0.068,0.010954451150103324,0.004898979485566357,0.0544004329480678,0.0815995670519322,5
vogn,robust,0.08,0.25,0.01,one_minus_confidence,adv,0.1,5,selective_risk,0.0,0.0,0.0,0.0,0.0,5
vogn,robust,0.08,0.25,0.01,one_minus_confidence,adv,0.2,5,selective_risk,0.0,0.0,0.0,0.0,0.0,5
vogn,robust,0.08,0.25,0.01,one_minus_confidence,adv,0.3,5,selective_risk,0.0,0.0,0.0,0.0,0.0,5
vogn,robust,0.08,0.25,0.01,one_minus_confidence,adv,0.4,5,selective_risk,0.0,0.0,0.0,0.0,0.0,5
vogn,robust,0.08,0.25,0.01,one_minus_confidence,adv,0.5,5,selective_risk,0.0,0.0,0.0,0.0,0.0,5
vogn,robust,0.08,0.25,0.01,one_minus_confidence,adv,0.6,5,selective_risk,0.0,0.0,0.0,0.0,0.0,5
vogn,robust,0.08,0.25,0.01,one_minus_confidence,adv,0.7,5,selective_risk,0.0,0.0,0.0,0.0,0.0,5
vogn,robust,0.08,0.25,0.01,one_minus_confidence,adv,0.8,5,selective_risk,0.0,0.0,0.0,0.0,0.0,5
vogn,robust,0.08,0.25,0.01,one_minus_confidence,adv,0.9,5,selective_risk,0.017777777777777778,0.009938079899999066,0.0044444444444444444,0.00544,0.030115555555555555,5
vogn,robust,0.08,0.25,0.01,one_minus_confidence,adv,1.0,5,selective_risk,0.068,0.010954451150103324,0.004898979485566357,0.0544004329480678,0.0815995670519322,5
vogn,robust,0.08,0.25,0.01,one_minus_confidence,clean,0.1,5,selective_risk,0.0,0.0,0.0,0.0,0.0,5
vogn,robust,0.08,0.25,0.01,one_minus_confidence,clean,0.2,5,selective_risk,0.0,0.0,0.0,0.0,0.0,5
vogn,robust,0.08,0.25,0.01,one_minus_confidence,clean,0.3,5,selective_risk,0.0,0.0,0.0,0.0,0.0,5
vogn,robust,0.08,0.25,0.01,one_minus_confidence,clean,0.4,5,selective_risk,0.0,0.0,0.0,0.0,0.0,5
vogn,robust,0.08,0.25,0.01,one_minus_confidence,clean,0.5,5,selective_risk,0.0,0.0,0.0,0.0,0.0,5
vogn,robust,0.08,0.25,0.01,one_minus_confidence,clean,0.6,5,selective_risk,0.0,0.0,0.0,0.0,0.0,5
vogn,robust,0.08,0.25,0.01,one_minus_confidence,clean,0.7,5,selective_risk,0.0,0.0,0.0,0.0,0.0,5
vogn,robust,0.08,0.25,0.01,one_minus_confidence,clean,0.8,5,selective_risk,0.0,0.0,0.0,0.0,0.0,5
vogn,robust,0.08,0.25,0.01,one_minus_confidence,clean,0.9,5,selective_risk,0.0,0.0,0.0,0.0,0.0,5
vogn,robust,0.08,0.25,0.01,one_minus_confidence,clean,1.0,5,selective_risk,0.068,0.010954451150103324,0.004898979485566357,0.0544004329480678,0.0815995670519322,5
vogn,robust,0.08,0.25,0.01,one_minus_confidence,delta,0.1,5,selective_risk,0.44000000000000006,0.21908902300206645,0.09797958971132713,0.16800865896135597,0.7119913410386441,5
vogn,robust,0.08,0.25,0.01,one_minus_confidence,delta,0.2,5,selective_risk,0.22000000000000003,0.10954451150103323,0.048989794855663564,0.08400432948067799,0.35599567051932207,5
vogn,robust,0.08,0.25,0.01,one_minus_confidence,delta,0.3,5,selective_risk,0.14666666666666667,0.07302967433402215,0.03265986323710904,0.056002886320451986,0.23733044701288136,5
vogn,robust,0.08,0.25,0.01,one_minus_confidence,delta,0.4,5,selective_risk,0.11000000000000001,0.05477225575051661,0.024494897427831782,0.04200216474033899,0.17799783525966104,5
vogn,robust,0.08,0.25,0.01,one_minus_confidence,delta,0.5,5,selective_risk,0.088,0.04381780460041329,0.019595917942265423,0.03360173179227118,0.1423982682077288,5
vogn,robust,0.08,0.25,0.01,one_minus_confidence,delta,0.6,5,selective_risk,0.07333333333333333,0.03651483716701107,0.01632993161855452,0.028001443160225993,0.11866522350644068,5
vogn,robust,0.08,0.25,0.01,one_minus_confidence,delta,0.7,5,selective_risk,0.06285714285714286,0.03129843185743806,0.013997084244475301,0.02400123699447943,0.1017130487198063,5
vogn,robust,0.08,0.25,0.01,one_minus_confidence,delta,0.8,5,selective_risk,0.05500000000000001,0.027386127875258306,0.012247448713915891,0.021001082370169497,0.08899891762983052,5
vogn,robust,0.08,0.25,0.01,one_minus_confidence,delta,0.9,5,selective_risk,0.06666666666666667,0.015713484026367724,0.0070272836892630655,0.047158927145272395,0.08617440618806094,5
vogn,robust,0.08,0.25,0.01,one_minus_confidence,delta,1.0,5,selective_risk,0.068,0.010954451150103324,0.004898979485566357,0.0544004329480678,0.0815995670519322,5
vogn,robust,0.08,0.25,0.03,mutual_information,adv,0.1,5,selective_risk,0.0,0.0,0.0,0.0,0.0,5
vogn,robust,0.08,0.25,0.03,mutual_information,adv,0.2,5,selective_risk,0.0,0.0,0.0,0.0,0.0,5
vogn,robust,0.08,0.25,0.03,mutual_information,adv,0.3,5,selective_risk,0.0,0.0,0.0,0.0,0.0,5
vogn,robust,0.08,0.25,0.03,mutual_information,adv,0.4,5,selective_risk,0.0,0.0,0.0,0.0,0.0,5
vogn,robust,0.08,0.25,0.03,mutual_information,adv,0.5,5,selective_risk,0.0,0.0,0.0,0.0,0.0,5
vogn,robust,0.08,0.25,0.03,mutual_information,adv,0.6,5,selective_risk,0.0,0.0,0.0,0.0,0.0,5
vogn,robust,0.08,0.25,0.03,mutual_information,adv,0.7,5,selective_risk,0.0,0.0,0.0,0.0,0.0,5
vogn,robust,0.08,0.25,0.03,mutual_information,adv,0.8,5,selective_risk,0.034999999999999996,0.013693063937629153,0.0061237243569579455,0.01800054118508474,0.05199945881491525,5
vogn,robust,0.08,0.25,0.03,mutual_information,adv,0.9,5,selective_risk,0.08888888888888888,0.027216552697590865,0.01217161238900369,0.05510049289701464,0.12267728488076313,5
vogn,robust,0.08,0.25,0.03,mutual_information,adv,1.0,5,selective_risk,0.132,0.010954451150103331,0.00489897948556636,0.11840043294806779,0.14559956705193222,5
vogn,robust,0.08,0.25,0.03,mutual_information,clean,0.1,5,selective_risk,0.0,0.0,0.0,0.0,0.0,5
vogn,robust,0.08,0.25,0.03,mutual_information,clean,0.2,5,selective_risk,0.0,0.0,0.0,0.0,0.0,5
vogn,robust,0.08,0.25,0.03,mutual_information,clean,0.3,5,selective_risk,0.0,0.0,0.0,0.0,0.0,5
vogn,robust,0.08,0.25,0.03,mutual_information,clean,0.4,5,selective_risk,0.0,0.0,0.0,0.0,0.0,5
vogn,robust,0.08,0.25,0.03,mutual_information,clean,0.5,5,selective_risk,0.0,0.0,0.0,0.0,0.0,5
vogn,robust,0.08,0.25,0.03,mutual_information,clean,0.6,5,selective_risk,0.0,0.0,0.0,0.0,0.0,5
vogn,robust,0.08,0.25,0.03,mutual_information,clean,0.7,5,selective_risk,0.0,0.0,0.0,0.0,0.0,5
vogn,robust,0.08,0.25,0.03,mutual_information,clean,0.8,5,selective_risk,0.01,0.013693063937629153,0.0061237243569579455,-0.006999458814915255,0.026999458814915257,5
vogn,robust,0.08,0.25,0.03,mutual_information,clean,0.9,5,selective_risk,0.05777777777777778,0.025337231668869736,0.011331154474650634,0.026322492956147622,0.08923306259940794,5
vogn,robust,0.08,0.25,0.03,mutual_information,clean,1.0,5,selective_risk,0.132,0.010954451150103331,0.00489897948556636,0.11840043294806779,0.14559956705193222,5
vogn,robust,0.08,0.25,0.03,mutual_information,delta,0.1,5,selective_risk,0.8400000000000001,0.1673320053068151,0.07483314773547882,0.6322631818863109,1.0477368181136892,5
vogn,robust,0.08,0.25,0.03,mutual_information,delta,0.2,5,selective_risk,0.43999999999999995,0.1140175425099138,0.05099019513592785,0.29845121830266425,0.5815487816973357,5
vogn,robust,0.08,0.25,0.03,mutual_information,delta,0.3,5,selective_risk,0.29333333333333333,0.0760116950066092,0.033993463423951896,0.19896747886844288,0.38769918779822377,5
vogn,robust,0.08,0.25,0.03,mutual_information,delta,0.4,5,selective_risk,0.21999999999999997,0.0570087712549569,0.025495097567963924,0.14922560915133212,0.29077439084866785,5
vogn,robust,0.08,0.25,0.03,mutual_information,delta,0.5,5,selective_risk,0.17600000000000002,0.04560701700396552,0.02039607805437114,0.11938048732106574,0.2326195126789343,5
vogn,robust,0.08,0.25,0.03,mutual_information,delta,0.6,5,selective_risk,0.14666666666666667,0.0380058475033046,0.016996731711975948,0.09948373943422144,0.19384959389911188,5
vogn,robust,0.08,0.25,0.03,mutual_information,delta,0.7,5,selective_risk,0.12571428571428572,0.032576440717118224,0.014568627181693668,0.08527177665790411,0.16615679477066733,5
vogn,robust,0.08,0.25,0.03,mutual_information,delta,0.8,5,selective_risk,0.12,0.03259601202601324,0.014577379737113249,0.07953319384977361,0.16046680615022638,5
vogn,robust,0.08,0.25,0.03,mutual_information,delta,0.9,5,selective_risk,0.12444444444444444,0.0298142396999972,0.013333333333333334,0.0874311111111111,0.16145777777777778,5
vogn,robust,0.08,0.25,0.03,mutual_information,delta,1.0,5,selective_risk,0.132,0.010954451150103331,0.00489897948556636,0.11840043294806779,0.14559956705193222,5
vogn,robust,0.08,0.25,0.03,one_minus_confidence,adv,0.1,5,selective_risk,0.0,0.0,0.0,0.0,0.0,5
vogn,robust,0.08,0.25,0.03,one_minus_confidence,adv,0.2,5,selective_risk,0.0,0.0,0.0,0.0,0.0,5
vogn,robust,0.08,0.25,0.03,one_minus_confidence,adv,0.3,5,selective_risk,0.0,0.0,0.0,0.0,0.0,5
vogn,robust,0.08,0.25,0.03,one_minus_confidence,adv,0.4,5,selective_risk,0.0,0.0,0.0,0.0,0.0,5
vogn,robust,0.08,0.25,0.03,one_minus_confidence,adv,0.5,5,selective_risk,0.0,0.0,0.0,0.0,0.0,5
vogn,robust,0.08,0.25,0.03,one_minus_confidence,adv,0.6,5,selective_risk,0.006666666666666666,0.014907119849998596,0.006666666666666665,-0.011839999999999995,0.025173333333333325,5
vogn,robust,0.08,0.25,0.03,one_minus_confidence,adv,0.7,5,selective_risk,0.03428571428571429,0.023904572186687872,0.010690449676496974,0.004609025983758688,0.06396240258766989,5
vogn,robust,0.08,0.25,0.03,one_minus_confidence,adv,0.8,5,selective_risk,0.045,0.02091650066335189,0.009354143466934852,0.01903289773578885,0.07096710226421114,5
vogn,robust,0.08,0.25,0.03,one_minus_confidence,adv,0.9,5,selective_risk,0.08444444444444445,0.018592445034090566,0.008314794192830979,0.06136257576514565,0.10752631312374325,5
vogn,robust,0.08,0.25,0.03,one_minus_confidence,adv,1.0,5,selective_risk,0.132,0.010954451150103331,0.00489897948556636,0.11840043294806779,0.14559956705193222,5
vogn,robust,0.08,0.25,0.03,one_minus_confidence,clean,0.1,5,selective_risk,0.0,0.0,0.0,0.0,0.0,5
vogn,robust,0.08,0.25,0.03,one_minus_confidence,clean,0.2,5,selective_risk,0.0,0.0,0.0,0.0,0.0,5
vogn,robust,0.08,0.25,0.03,one_minus_confidence,clean,0.3,5,selective_risk,0.0,0.0,0.0,0.0,0.0,5
vogn,robust,0.08,0.25,0.03,one_minus_confidence,clean,0.4,5,selective_risk,0.0,0.0,0.0,0.0,0.0,5
vogn,robust,0.08,0.25,0.03,one_minus_confidence,clean,0.5,5,selective_risk,0.0,0.0,0.0,0.0,0.0,5
vogn,robust,0.08,0.25,0.03,one_minus_confidence,clean,0.6,5,selective_risk,0.0,0.0,0.0,0.0,0.0,5
vogn,robust,0.08,0.25,0.03,one_minus_confidence,clean,0.7,5,selective_risk,0.017142857142857144,0.01564921592871903,0.0069985421222376505,-0.0022850957884745712,0.03657081007418886,5
vogn,robust,0.08,0.25,0.03,one_minus_confidence,clean,0.8,5,selective_risk,0.035,0.013693063937629153,0.0061237243569579455,0.018000541185084748,0.05199945881491526,5
vogn,robust,0.08,0.25,0.03,one_minus_confidence,clean,0.9,5,selective_risk,0.05333333333333333,0.01217161238900369,0.005443310539518173,0.03822270327563088,0.06844396339103578,5
vogn,robust,0.08,0.25,0.03,one_minus_confidence,clean,1.0,5,selective_risk,0.132,0.010954451150103331,0.00489897948556636,0.11840043294806779,0.14559956705193222,5
vogn,robust,0.08,0.25,0.03,one_minus_confidence,delta,0.1,5,selective_risk,0.8400000000000001,0.1673320053068151,0.07483314773547882,0.6322631818863109,1.0477368181136892,5
vogn,robust,0.08,0.25,0.03,one_minus_confidence,delta,0.2,5,selective_risk,0.42000000000000004,0.08366600265340755,0.03741657386773941,0.31613159094315546,0.5238684090568446,5
vogn,robust,0.08,0.25,0.03,one_minus_confidence,delta,0.3,5,selective_risk,0.27999999999999997,0.05577733510227169,0.024944382578492935,0.2107543939621036,0.34924560603789634,5
vogn,robust,0.08,0.25,0.03,one_minus_confidence,delta,0.4,5,selective_risk,0.21000000000000002,0.04183300132670378,0.018708286933869705,0.15806579547157773,0.2619342045284223,5
vogn,robust,0.08,0.25,0.03,one_minus_confidence,delta,0.5,5,selective_risk,0.168,0.033466401061363026,0.014966629547095767,0.12645263637726217,0.20954736362273785,5
vogn,robust,0.08,0.25,0.03,one_minus_confidence,delta,0.6,5,selective_risk,0.13999999999999999,0.027888667551135844,0.012472191289246468,0.1053771969810518,0.17462280301894817,5
vogn,robust,0.08,0.25,0.03,one_minus_confidence,delta,0.7,5,selective_risk,0.12,0.023904572186687872,0.010690449676496974,0.09032331169804439,0.1496766883019556,5
vogn,robust,0.08,0.25,0.03,one_minus_confidence,delta,0.8,5,selective_risk,0.10500000000000001,0.02091650066335189,0.009354143466934852,0.07903289773578887,0.13096710226421115,5
vogn,robust,0.08,0.25,0.03,one_minus_confidence,delta,0.9,5,selective_risk,0.10222222222222221,0.012171612389003685,0.00544331053951817,0.08711159216451977,0.11733285227992465,5
vogn,robust,0.08,0.25,0.03,one_minus_confidence,delta,1.0,5,selective_risk,0.132,0.010954451150103331,0.00489897948556636,0.11840043294806779,0.14559956705193222,5
vogn,robust,0.08,0.25,0.05,mutual_information,adv,0.1,5,selective_risk,0.0,0.0,0.0,0.0,0.0,5
vogn,robust,0.08,0.25,0.05,mutual_information,adv,0.2,5,selective_risk,0.0,0.0,0.0,0.0,0.0,5
vogn,robust,0.08,0.25,0.05,mutual_information,adv,0.3,5,selective_risk,0.0,0.0,0.0,0.0,0.0,5
vogn,robust,0.08,0.25,0.05,mutual_information,adv,0.4,5,selective_risk,0.01,0.022360679774997897,0.01,-0.017759999999999998,0.03776,5
vogn,robust,0.08,0.25,0.05,mutual_information,adv,0.5,5,selective_risk,0.024,0.021908902300206645,0.009797958971132711,-0.003199134103864406,0.05119913410386441,5
vogn,robust,0.08,0.25,0.05,mutual_information,adv,0.6,5,selective_risk,0.06666666666666667,0.023570226039551587,0.010540925533894598,0.037405057384575266,0.09592827594875807,5
vogn,robust,0.08,0.25,0.05,mutual_information,adv,0.7,5,selective_risk,0.09714285714285716,0.032576440717118224,0.014568627181693668,0.05670034808647554,0.13758536619923878,5
vogn,robust,0.08,0.25,0.05,mutual_information,adv,0.8,5,selective_risk,0.13,0.020916500663351885,0.00935414346693485,0.10403289773578886,0.15596710226421115,5
vogn,robust,0.08,0.25,0.05,mutual_information,adv,0.9,5,selective_risk,0.15999999999999998,0.024343224778007388,0.01088662107903635,0.12977873988459507,0.19022126011540488,5
vogn,robust,0.08,0.25,0.05,mutual_information,adv,1.0,5,selective_risk,0.164,0.008944271909999154,0.0039999999999999975,0.152896,0.175104,5
vogn,robust,0.08,0.25,0.05,mutual_information,clean,0.1,5,selective_risk,0.0,0.0,0.0,0.0,0.0,5
vogn,robust,0.08,0.25,0.05,mutual_information,clean,0.2,5,selective_risk,0.0,0.0,0.0,0.0,0.0,5
vogn,robust,0.08,0.25,0.05,mutual_information,clean,0.3,5,selective_risk,0.0,0.0,0.0,0.0,0.0,5
vogn,robust,0.08,0.25,0.05,mutual_information,clean,0.4,5,selective_risk,0.0,0.0,0.0,0.0,0.0,5
vogn,robust,0.08,0.25,0.05,mutual_information,clean,0.5,5,selective_risk,0.0,0.0,0.0,0.0,0.0,5
vogn,robust,0.08,0.25,0.05,mutual_information,clean,0.6,5,selective_risk,0.0,0.0,0.0,0.0,0.0,5
vogn,robust,0.08,0.25,0.05,mutual_information,clean,0.7,5,selective_risk,0.0,0.0,0.0,0.0,0.0,5
vogn,robust,0.08,0.25,0.05,mutual_information,clean,0.8,5,selective_risk,0.025,0.01767766952966369,0.00790569415042095,0.003053793038431448,0.04694620696156855,5
vogn,robust,0.08,0.25,0.05,mutual_information,clean,0.9,5,selective_risk,0.07999999999999999,0.01987615979999813,0.008888888888888889,0.05532444444444443,0.10467555555555555,5
vogn,robust,0.08,0.25,0.05,mutual_information,clean,1.0,5,selective_risk,0.164,0.008944271909999154,0.0039999999999999975,0.152896,0.175104,5
vogn,robust,0.08,0.25,0.05,mutual_information,delta,0.1,5,selective_risk,0.96,0.08944271909999157,0.039999999999999994,0.8489599999999999,1.07104,5
vogn,robust,0.08,0.25,0.05,mutual_information,delta,0.2,5,selective_risk,0.6199999999999999,0.1095445115010332,0.04898979485566355,0.48400432948067784,0.7559956705193219,5
vogn,robust,0.08,0.25,0.05,mutual_information,delta,0.3,5,selective_risk,0.4133333333333333,0.07302967433402216,0.032659863237109045,0.3226695529871186,0.503997113679548,5
vogn,robust,0.08,0.25,0.05,mutual_information,delta,0.4,5,selective_risk,0.30999999999999994,0.0547722557505166,0.024494897427831775,0.24200216474033892,0.37799783525966096,5
vogn,robust,0.08,0.25,0.05,mutual_information,delta,0.5,5,selective_risk,0.248,0.0438178046004133,0.019595917942265426,0.1936017317922712,0.3023982682077288,5
vogn,robust,0.08,0.25,0.05,mutual_information,delta,0.6,5,selective_risk,0.21333333333333332,0.0298142396999972,0.013333333333333334,0.17631999999999998,0.25034666666666666,5
vogn,robust,0.08,0.25,0.05,mutual_information,delta,0.7,5,selective_risk,0.18857142857142856,0.015649215928719037,0.006998542122237654,0.16914347564009682,0.2079993815027603,5
vogn,robust,0.08,0.25,0.05,mutual_information,delta,0.8,5,selective_risk,0.18000000000000002,0.011180339887498959,0.0050000000000000044,0.16612000000000002,0.19388000000000002,5
vogn,robust,0.08,0.25,0.05,mutual_information,delta,0.9,5,selective_risk,0.17333333333333334,0.01859244503409057,0.00831479419283098,0.15025146465403455,0.19641520201263213,5
vogn,robust,0.08,0.25,0.05,mutual_information,delta,1.0,5,selective_risk,0.164,0.008944271909999154,0.0039999999999999975,0.152896,0.175104,5
vogn,robust,0.08,0.25,0.05,one_minus_confidence,adv,0.1,5,selective_risk,0.0,0.0,0.0,0.0,0.0,5
vogn,robust,0.08,0.25,0.05,one_minus_confidence,adv,0.2,5,selective_risk,0.0,0.0,0.0,0.0,0.0,5
vogn,robust,0.08,0.25,0.05,one_minus_confidence,adv,0.3,5,selective_risk,0.013333333333333332,0.02981423969999719,0.01333333333333333,-0.02367999999999999,0.05034666666666665,5
vogn,robust,0.08,0.25,0.05,one_minus_confidence,adv,0.4,5,selective_risk,0.04,0.022360679774997897,0.01,0.012240000000000001,0.06776,5
vogn,robust,0.08,0.25,0.05,one_minus_confidence,adv,0.5,5,selective_risk,0.064,0.021908902300206645,0.009797958971132711,0.0368008658961356,0.0911991341038644,5
vogn,robust,0.08,0.25,0.05,one_minus_confidence,adv,0.6,5,selective_risk,0.09333333333333334,0.03651483716701107,0.01632993161855452,0.048001443160226,0.13866522350644067,5
vogn,robust,0.08,0.25,0.05,one_minus_confidence,adv,0.7,5,selective_risk,0.10285714285714284,0.015649215928719026,0.006998542122237649,0.08342918992581114,0.12228509578847455,5
vogn,robust,0.08,0.25,0.05,one_minus_confidence,adv,0.8,5,selective_risk,0.12,0.03259601202601324,0.014577379737113249,0.07953319384977361,0.16046680615022638,5
vogn,robust,0.08,0.25,0.05,one_minus_confidence,adv,0.9,5,selective_risk,0.14666666666666667,0.019876159799998135,0.00888888888888889,0.1219911111111111,0.17134222222222223,5
vogn,robust,0.08,0.25,0.05,one_minus_confidence,adv,1.0,5,selective_risk,0.164,0.008944271909999154,0.0039999999999999975,0.152896,0.175104,5
vogn,robust,0.08,0.25,0.05,one_minus_confidence,clean,0.1,5,selective_risk,0.0,0.0,0.0,0.0,0.0,5
vogn,robust,0.08,0.25,0.05,one_minus_confidence,clean,0.2,5,selective_risk,0.0,0.0,0.0,0.0,0.0,5
vogn,robust,0.08,0.25,0.05,one_minus_confidence,clean,0.3,5,selective_risk,0.0,0.0,0.0,0.0,0.0,5
vogn,robust,0.08,0.25,0.05,one_minus_confidence,clean,0.4,5,selective_risk,0.0,0.0,0.0,0.0,0.0,5
vogn,robust,0.08,0.25,0.05,one_minus_confidence,clean,0.5,5,selective_risk,0.0,0.0,0.0,0.0,0.0,5
vogn,robust,0.08,0.25,0.05,one_minus_confidence,clean,0.6,5,selective_risk,0.0,0.0,0.0,0.0,0.0,5
vogn,robust,0.08,0.25,0.05,one_minus_confidence,clean,0.7,5,selective_risk,0.02857142857142857,0.0,0.0,0.02857142857142857,0.02857142857142857,5
vogn,robust,0.08,0.25,0.05,one_minus_confidence,clean,0.8,5,selective_risk,0.07,0.020916500663351892,0.009354143466934854,0.044032897735788855,0.09596710226421115,5
vogn,robust,0.08,0.25,0.05,one_minus_confidence,clean,0.9,5,selective_risk,0.08888888888888888,0.01571348402636772,0.007027283689263064,0.06938114936749462,0.10839662841028314,5
vogn,robust,0.08,0.25,0.05,one_minus_confidence,clean,1.0,5,selective_risk,0.164,0.008944271909999154,0.0039999999999999975,0.152896,0.175104,5
vogn,robust,0.08,0.25,0.05,one_minus_confidence,delta,0.1,5,selective_risk,0.9199999999999999,0.1095445115010332,0.04898979485566355,0.7840043294806779,1.0559956705193219,5
vogn,robust,0.08,0.25,0.05,one_minus_confidence,delta,0.2,5,selective_risk,0.5,0.09999999999999998,0.04472135954999578,0.37585350588921174,0.6241464941107883,5
vogn,robust,0.08,0.25,0.05,one_minus_confidence,delta,0.3,5,selective_risk,0.33333333333333337,0.06666666666666668,0.029814239699997202,0.2505690039261411,0.4160976627405256,5
vogn,robust,0.08,0.25,0.05,one_minus_confidence,delta,0.4,5,selective_risk,0.25,0.04999999999999999,0.02236067977499789,0.18792675294460587,0.31207324705539413,5
vogn,robust,0.08,0.25,0.05,one_minus_confidence,delta,0.5,5,selective_risk,0.2,0.039999999999999994,0.017888543819998316,0.1503414023556847,0.24965859764431533,5
vogn,robust,0.08,0.25,0.05,one_minus_confidence,delta,0.6,5,selective_risk,0.16666666666666669,0.03333333333333334,0.014907119849998601,0.12528450196307056,0.2080488313702628,5
vogn,robust,0.08,0.25,0.05,one_minus_confidence,delta,0.7,5,selective_risk,0.15428571428571428,0.0255550625999976,0.01142857142857143,0.12255999999999999,0.18601142857142855,5
vogn,robust,0.08,0.25,0.05,one_minus_confidence,delta,0.8,5,selective_risk,0.16499999999999998,0.01369306393762915,0.006123724356957944,0.14800054118508474,0.18199945881491522,5
vogn,robust,0.08,0.25,0.05,one_minus_confidence,delta,0.9,5,selective_risk,0.15555555555555556,0.015713484026367727,0.007027283689263067,0.13604781603416127,0.17506329507694984,5
vogn,robust,0.08,0.25,0.05,one_minus_confidence,delta,1.0,5,selective_risk,0.164,0.008944271909999154,0.0039999999999999975,0.152896,0.175104,5
vogn,robust,0.08,0.25,0.07,mutual_information,adv,0.1,5,selective_risk,0.0,0.0,0.0,0.0,0.0,5
vogn,robust,0.08,0.25,0.07,mutual_information,adv,0.2,5,selective_risk,0.08,0.044721359549995794,0.02,0.024480000000000002,0.13552,5
vogn,robust,0.08,0.25,0.07,mutual_information,adv,0.3,5,selective_risk,0.08,0.029814239699997195,0.013333333333333332,0.04298666666666667,0.11701333333333333,5
vogn,robust,0.08,0.25,0.07,mutual_information,adv,0.4,5,selective_risk,0.08,0.027386127875258306,0.012247448713915891,0.04600108237016949,0.11399891762983051,5
vogn,robust,0.08,0.25,0.07,mutual_information,adv,0.5,5,selective_risk,0.10400000000000001,0.021908902300206638,0.00979795897113271,0.0768008658961356,0.1311991341038644,5
vogn,robust,0.08,0.25,0.07,mutual_information,adv,0.6,5,selective_risk,0.15333333333333332,0.018257418583505533,0.008164965809277258,0.13066738824677965,0.175999278419887,5
vogn,robust,0.08,0.25,0.07,mutual_information,adv,0.7,5,selective_risk,0.17714285714285713,0.037252585172586575,0.016659862556700863,0.13089507868545552,0.22339063560025874,5
vogn,robust,0.08,0.25,0.07,mutual_information,adv,0.8,5,selective_risk,0.21000000000000002,0.02850438562747845,0.012747548783981962,0.17461280457566608,0.24538719542433396,5
vogn,robust,0.08,0.25,0.07,mutual_information,adv,0.9,5,selective_risk,0.23555555555555557,0.02981423969999719,0.01333333333333333,0.19854222222222226,0.2725688888888889,5
vogn,robust,0.08,0.25,0.07,mutual_information,adv,1.0,5,selective_risk,0.244,0.051768716422179145,0.023151673805580454,0.17973095351570867,0.3082690464842913,5
vogn,robust,0.08,0.25,0.07,mutual_information,clean,0.1,5,selective_risk,0.0,0.0,0.0,0.0,0.0,5
vogn,robust,0.08,0.25,0.07,mutual_information,clean,0.2,5,selective_risk,0.0,0.0,0.0,0.0,0.0,5
vogn,robust,0.08,0.25,0.07,mutual_information,clean,0.3,5,selective_risk,0.0,0.0,0.0,0.0,0.0,5
vogn,robust,0.08,0.25,0.07,mutual_information,clean,0.4,5,selective_risk,0.01,0.022360679774997897,0.01,-0.017759999999999998,0.03776,5
vogn,robust,0.08,0.25,0.07,mutual_information,clean,0.5,5,selective_risk,0.055999999999999994,0.03577708763999664,0.016,0.011583999999999997,0.10041599999999999,5
vogn,robust,0.08,0.25,0.07,mutual_information,clean,0.6,5,selective_risk,0.05333333333333333,0.0298142396999972,0.013333333333333334,0.016319999999999994,0.09034666666666666,5
vogn,robust,0.08,0.25,0.07,mutual_information,clean,0.7,5,selective_risk,0.06285714285714286,0.023904572186687876,0.010690449676496976,0.033180454555187255,0.09253383115909847,5
vogn,robust,0.08,0.25,0.07,mutual_information,clean,0.8,5,selective_risk,0.09999999999999999,0.030618621784789725,0.013693063937629152,0.06198805450914147,0.13801194549085852,5
vogn,robust,0.08,0.25,0.07,mutual_information,clean,0.9,5,selective_risk,0.15999999999999998,0.05752079602464349,0.0257240820062005,0.08858994835078739,0.23141005164921258,5
vogn,robust,0.08,0.25,0.07,mutual_information,clean,1.0,5,selective_risk,0.244,0.051768716422179145,0.023151673805580454,0.17973095351570867,0.3082690464842913,5
vogn,robust,0.08,0.25,0.07,mutual_information,delta,0.1,5,selective_risk,1.0,0.0,0.0,1.0,1.0,5
vogn,robust,0.08,0.25,0.07,mutual_information,delta,0.2,5,selective_risk,0.7799999999999999,0.08366600265340758,0.037416573867739424,0.6761315909431553,0.8838684090568445,5
vogn,robust,0.08,0.25,0.07,mutual_information,delta,0.3,5,selective_risk,0.52,0.05577733510227169,0.024944382578492935,0.45075439396210365,0.5892456060378964,5
vogn,robust,0.08,0.25,0.07,mutual_information,delta,0.4,5,selective_risk,0.38999999999999996,0.04183300132670379,0.018708286933869712,0.33806579547157767,0.44193420452842225,5
vogn,robust,0.08,0.25,0.07,mutual_information,delta,0.5,5,selective_risk,0.31200000000000006,0.033466401061363005,0.014966629547095758,0.27045263637726225,0.35354736362273786,5
vogn,robust,0.08,0.25,0.07,mutual_information,delta,0.6,5,selective_risk,0.26666666666666666,0.02357022603955158,0.010540925533894595,0.23740505738457526,0.29592827594875803,5
vogn,robust,0.08,0.25,0.07,mutual_information,delta,0.7,5,selective_risk,0.23428571428571426,0.012777531299998791,0.005714285714285711,0.21842285714285714,0.2501485714285714,5
vogn,robust,0.08,0.25,0.07,mutual_information,delta,0.8,5,selective_risk,0.23000000000000004,0.03259601202601325,0.014577379737113252,0.18953319384977366,0.27046680615022645,5
vogn,robust,0.08,0.25,0.07,mutual_information,delta,0.9,5,selective_risk,0.23555555555555557,0.02981423969999719,0.01333333333333333,0.19854222222222226,0.2725688888888889,5
vogn,robust,0.08,0.25,0.07,mutual_information,delta,1.0,5,selective_risk,0.244,0.051768716422179145,0.023151673805580454,0.17973095351570867,0.3082690464842913,5
vogn,robust,0.08,0.25,0.07,one_minus_confidence,adv,0.1,5,selective_risk,0.04,0.08944271909999159,0.04,-0.07103999999999999,0.15104,5
vogn,robust,0.08,0.25,0.07,one_minus_confidence,adv,0.2,5,selective_risk,0.1,0.0,0.0,0.1,0.1,5
vogn,robust,0.08,0.25,0.07,one_minus_confidence,adv,0.3,5,selective_risk,0.06666666666666667,0.0,0.0,0.06666666666666667,0.06666666666666667,5
vogn,robust,0.08,0.25,0.07,one_minus_confidence,adv,0.4,5,selective_risk,0.09,0.04183300132670378,0.018708286933869705,0.0380657954715777,0.1419342045284223,5
vogn,robust,0.08,0.25,0.07,one_minus_confidence,adv,0.5,5,selective_risk,0.152,0.033466401061363026,0.014966629547095767,0.11045263637726216,0.19354736362273783,5
vogn,robust,0.08,0.25,0.07,one_minus_confidence,adv,0.6,5,selective_risk,0.1733333333333333,0.027888667551135858,0.012472191289246473,0.1387105303143851,0.20795613635228152,5
vogn,robust,0.08,0.25,0.07,one_minus_confidence,adv,0.7,5,selective_risk,0.1885714285714286,0.015649215928719037,0.006998542122237654,0.16914347564009688,0.20799938150276034,5
vogn,robust,0.08,0.25,0.07,one_minus_confidence,adv,0.8,5,selective_risk,0.2,0.01767766952966369,0.00790569415042095,0.17805379303843147,0.22194620696156855,5
vogn,robust,0.08,0.25,0.07,one_minus_confidence,adv,0.9,5,selective_risk,0.2311111111111111,0.019876159799998124,0.008888888888888885,0.20643555555555557,0.25578666666666666,5
vogn,robust,0.08,0.25,0.07,one_minus_confidence,adv,1.0,5,selective_risk,0.244,0.051768716422179145,0.023151673805580454,0.17973095351570867,0.3082690464842913,5
vogn,robust,0.08,0.25,0.07,one_minus_confidence,clean,0.1,5,selective_risk,0.0,0.0,0.0,0.0,0.0,5
vogn,robust,0.08,0.25,0.07,one_minus_confidence,clean,0.2,5,selective_risk,0.0,0.0,0.0,0.0,0.0,5
vogn,robust,0.08,0.25,0.07,one_minus_confidence,clean,0.3,5,selective_risk,0.0,0.0,0.0,0.0,0.0,5
vogn,robust,0.08,0.25,0.07,one_minus_confidence,clean,0.4,5,selective_risk,0.02,0.027386127875258306,0.012247448713915891,-0.01399891762983051,0.053998917629830515,5
vogn,robust,0.08,0.25,0.07,one_minus_confidence,clean,0.5,5,selective_risk,0.055999999999999994,0.03577708763999664,0.016,0.011583999999999997,0.10041599999999999,5
vogn,robust,0.08,0.25,0.07,one_minus_confidence,clean,0.6,5,selective_risk,0.07333333333333333,0.0641179468722378,0.02867441755680875,-0.006266849804367744,0.15293351647103443,5
vogn,robust,0.08,0.25,0.07,one_minus_confidence,clean,0.7,5,selective_risk,0.12571428571428572,0.05190257749881415,0.02321153829895989,0.06127905539637307,0.19014951603219837,5
vogn,robust,0.08,0.25,0.07,one_minus_confidence,clean,0.8,5,selective_risk,0.16499999999999998,0.06020797289396148,0.02692582403567252,0.09025391247697306,0.2397460875230269,5
vogn,robust,0.08,0.25,0.07,one_minus_confidence,clean,0.9,5,selective_risk,0.17333333333333334,0.05305482838361477,0.023726840560069584,0.10746762393858018,0.2391990427280865,5
vogn,robust,0.08,0.25,0.07,one_minus_confidence,clean,1.0,5,selective_risk,0.244,0.051768716422179145,0.023151673805580454,0.17973095351570867,0.3082690464842913,5
vogn,robust,0.08,0.25,0.07,one_minus_confidence,delta,0.1,5,selective_risk,0.96,0.08944271909999157,0.039999999999999994,0.8489599999999999,1.07104,5
vogn,robust,0.08,0.25,0.07,one_minus_confidence,delta,0.2,5,selective_risk,0.54,0.08944271909999157,0.039999999999999994,0.42896000000000006,0.6510400000000001,5
vogn,robust,0.08,0.25,0.07,one_minus_confidence,delta,0.3,5,selective_risk,0.37333333333333335,0.0365148371670111,0.016329931618554533,0.32800144316022595,0.41866522350644075,5
vogn,robust,0.08,0.25,0.07,one_minus_confidence,delta,0.4,5,selective_risk,0.29,0.022360679774997894,0.009999999999999998,0.26224,0.31776,5
vogn,robust,0.08,0.25,0.07,one_minus_confidence,delta,0.5,5,selective_risk,0.24,0.02828427124746191,0.01264911064067352,0.2048860688614903,0.2751139311385097,5
vogn,robust,0.08,0.25,0.07,one_minus_confidence,delta,0.6,5,selective_risk,0.21333333333333332,0.018257418583505533,0.008164965809277258,0.19066738824677965,0.235999278419887,5
vogn,robust,0.08,0.25,0.07,one_minus_confidence,delta,0.7,5,selective_risk,0.20571428571428568,0.012777531299998791,0.005714285714285711,0.18985142857142856,0.2215771428571428,5
vogn,robust,0.08,0.25,0.07,one_minus_confidence,delta,0.8,5,selective_risk,0.21000000000000002,0.0223606797749979,0.010000000000000002,0.18224,0.23776000000000003,5
vogn,robust,0.08,0.25,0.07,one_minus_confidence,delta,0.9,5,selective_risk,0.2311111111111111,0.03370166864022911,0.015071844406945038,0.18927167103743167,0.2729505511847905,5
vogn,robust,0.08,0.25,0.07,one_minus_confidence,delta,1.0,5,selective_risk,0.244,0.051768716422179145,0.023151673805580454,0.17973095351570867,0.3082690464842913,5
vogn,robust,0.08,0.25,0.08,mutual_information,adv,0.1,5,selective_risk,0.16,0.08944271909999159,0.04,0.048960000000000004,0.27104,5
vogn,robust,0.08,0.25,0.08,mutual_information,adv,0.2,5,selective_risk,0.1,0.0,0.0,0.1,0.1,5
vogn,robust,0.08,0.25,0.08,mutual_information,adv,0.3,5,selective_risk,0.12,0.029814239699997195,0.013333333333333332,0.08298666666666667,0.15701333333333334,5
vogn,robust,0.08,0.25,0.08,mutual_information,adv,0.4,5,selective_risk,0.15,0.03535533905932738,0.0158113883008419,0.10610758607686288,0.1938924139231371,5
vogn,robust,0.08,0.25,0.08,mutual_information,adv,0.5,5,selective_risk,0.16799999999999998,0.017888543819998323,0.008000000000000002,0.14579199999999998,0.190208,5
vogn,robust,0.08,0.25,0.08,mutual_information,adv,0.6,5,selective_risk,0.18666666666666665,0.029814239699997202,0.013333333333333336,0.1496533333333333,0.22368,5
vogn,robust,0.08,0.25,0.08,mutual_information,adv,0.7,5,selective_risk,0.24,0.03833259389999639,0.01714285714285714,0.19241142857142857,0.2875885714285714,5
vogn,robust,0.08,0.25,0.08,mutual_information,adv,0.8,5,selective_risk,0.255,0.051234753829797995,0.0229128784747792,0.19139384935401293,0.3186061506459871,5
vogn,robust,0.08,0.25,0.08,mutual_information,adv,0.9,5,selective_risk,0.2933333333333333,0.04817662975261956,0.021545243810739242,0.23352373651472114,0.3531429301519454,5
vogn,robust,0.08,0.25,0.08,mutual_information,adv,1.0,5,selective_risk,0.30000000000000004,0.02828427124746191,0.01264911064067352,0.26488606886149035,0.33511393113850974,5
vogn,robust,0.08,0.25,0.08,mutual_information,clean,0.1,5,selective_risk,0.0,0.0,0.0,0.0,0.0,5
vogn,robust,0.08,0.25,0.08,mutual_information,clean,0.2,5,selective_risk,0.0,0.0,0.0,0.0,0.0,5
vogn,robust,0.08,0.25,0.08,mutual_information,clean,0.3,5,selective_risk,0.0,0.0,0.0,0.0,0.0,5
vogn,robust,0.08,0.25,0.08,mutual_information,clean,0.4,5,selective_risk,0.030000000000000006,0.027386127875258306,0.012247448713915891,-0.003998917629830505,0.06399891762983051,5
vogn,robust,0.08,0.25,0.08,mutual_information,clean,0.5,5,selective_risk,0.08800000000000001,0.017888543819998312,0.007999999999999997,0.06579200000000002,0.110208,5
vogn,robust,0.08,0.25,0.08,mutual_information,clean,0.6,5,selective_risk,0.08666666666666667,0.01825741858350554,0.008164965809277261,0.064000721580113,0.10933261175322034,5
vogn,robust,0.08,0.25,0.08,mutual_information,clean,0.7,5,selective_risk,0.11428571428571428,0.0,0.0,0.11428571428571428,0.11428571428571428,5
vogn,robust,0.08,0.25,0.08,mutual_information,clean,0.8,5,selective_risk,0.16499999999999998,0.01369306393762915,0.006123724356957944,0.14800054118508474,0.18199945881491522,5
vogn,robust,0.08,0.25,0.08,mutual_information,clean,0.9,5,selective_risk,0.22222222222222224,0.03142696805273544,0.014054567378526128,0.1832067431794337,0.2612377012650108,5
vogn,robust,0.08,0.25,0.08,mutual_information,clean,1.0,5,selective_risk,0.30000000000000004,0.02828427124746191,0.01264911064067352,0.26488606886149035,0.33511393113850974,5
vogn,robust,0.08,0.25,0.08,mutual_information,delta,0.1,5,selective_risk,1.0,0.0,0.0,1.0,1.0,5
vogn,robust,0.08,0.25,0.08,mutual_information,delta,0.2,5,selective_risk,0.82,0.08366600265340758,0.037416573867739424,0.7161315909431554,0.9238684090568445,5
vogn,robust,0.08,0.25,0.08,mutual_information,delta,0.3,5,selective_risk,0.5733333333333333,0.059628479399994376,0.026666666666666658,0.4993066666666666,0.6473599999999999,5
vogn,robust,0.08,0.25,0.08,mutual_information,delta,0.4,5,selective_risk,0.43,0.04472135954999579,0.019999999999999997,0.37448000000000004,0.48551999999999995,5
vogn,robust,0.08,0.25,0.08,mutual_information,delta,0.5,5,selective_risk,0.34400000000000003,0.03577708763999664,0.016,0.299584,0.38841600000000004,5
vogn,robust,0.08,0.25,0.08,mutual_information,delta,0.6,5,selective_risk,0.29333333333333333,0.027888667551135844,0.012472191289246468,0.2587105303143851,0.32795613635228155,5
vogn,robust,0.08,0.25,0.08,mutual_information,delta,0.7,5,selective_risk,0.26857142857142857,0.015649215928719037,0.006998542122237654,0.24914347564009684,0.2879993815027603,5
vogn,robust,0.08,0.25,0.08,mutual_information,delta,0.8,5,selective_risk,0.27999999999999997,0.03708099243547831,0.016583123951777,0.23396524790986703,0.32603475209013294,5
vogn,robust,0.08,0.25,0.08,mutual_information,delta,0.9,5,selective_risk,0.3022222222222222,0.05577733510227171,0.024944382578492946,0.2329766161843258,0.37146782826011865,5
vogn,robust,0.08,0.25,0.08,mutual_information,delta,1.0,5,selective_risk,0.30000000000000004,0.02828427124746191,0.01264911064067352,0.26488606886149035,0.33511393113850974,5
vogn,robust,0.08,0.25,0.08,one_minus_confidence,adv,0.1,5,selective_risk,0.2,0.0,0.0,0.2,0.2,5
vogn,robust,0.08,0.25,0.08,one_minus_confidence,adv,0.2,5,selective_risk,0.1,0.0,0.0,0.1,0.1,5
vogn,robust,0.08,0.25,0.08,one_minus_confidence,adv,0.3,5,selective_risk,0.08,0.029814239699997195,0.013333333333333332,0.04298666666666667,0.11701333333333333,5
vogn,robust,0.08,0.25,0.08,one_minus_confidence,adv,0.4,5,selective_risk,0.16,0.041833001326703784,0.01870828693386971,0.1080657954715777,0.21193420452842232,5
vogn,robust,0.08,0.25,0.08,one_minus_confidence,adv,0.5,5,selective_risk,0.176,0.02190890230020665,0.009797958971132713,0.1488008658961356,0.2031991341038644,5
vogn,robust,0.08,0.25,0.08,one_minus_confidence,adv,0.6,5,selective_risk,0.18666666666666665,0.01825741858350555,0.008164965809277266,0.16400072158011295,0.20933261175322035,5
vogn,robust,0.08,0.25,0.08,one_minus_confidence,adv,0.7,5,selective_risk,0.21714285714285714,0.01564921592871902,0.006998542122237646,0.19771490421152543,0.23657081007418884,5
vogn,robust,0.08,0.25,0.08,one_minus_confidence,adv,0.8,5,selective_risk,0.25,0.043301270189221946,0.01936491673103709,0.19624299115464106,0.30375700884535894,5
vogn,robust,0.08,0.25,0.08,one_minus_confidence,adv,0.9,5,selective_risk,0.2844444444444444,0.04274529791482521,0.019116278371205837,0.23137765568597699,0.33751123320291176,5
vogn,robust,0.08,0.25,0.08,one_minus_confidence,adv,1.0,5,selective_risk,0.30000000000000004,0.02828427124746191,0.01264911064067352,0.26488606886149035,0.33511393113850974,5
vogn,robust,0.08,0.25,0.08,one_minus_confidence,clean,0.1,5,selective_risk,0.0,0.0,0.0,0.0,0.0,5
vogn,robust,0.08,0.25,0.08,one_minus_confidence,clean,0.2,5,selective_risk,0.0,0.0,0.0,0.0,0.0,5
vogn,robust,0.08,0.25,0.08,one_minus_confidence,clean,0.3,5,selective_risk,0.013333333333333332,0.02981423969999719,0.01333333333333333,-0.02367999999999999,0.05034666666666665,5
vogn,robust,0.08,0.25,0.08,one_minus_confidence,clean,0.4,5,selective_risk,0.04,0.022360679774997897,0.01,0.012240000000000001,0.06776,5
vogn,robust,0.08,0.25,0.08,one_minus_confidence,clean,0.5,5,selective_risk,0.08800000000000001,0.017888543819998312,0.007999999999999997,0.06579200000000002,0.110208,5
vogn,robust,0.08,0.25,0.08,one_minus_confidence,clean,0.6,5,selective_risk,0.13333333333333333,0.040824829046386304,0.018257418583505537,0.08265073934552197,0.1840159273211447,5
vogn,robust,0.08,0.25,0.08,one_minus_confidence,clean,0.7,5,selective_risk,0.18857142857142856,0.025555062599997593,0.011428571428571427,0.15684571428571428,0.22029714285714283,5
vogn,robust,0.08,0.25,0.08,one_minus_confidence,clean,0.8,5,selective_risk,0.22000000000000003,0.032596012026013255,0.014577379737113256,0.17953319384977362,0.26046680615022644,5
vogn,robust,0.08,0.25,0.08,one_minus_confidence,clean,0.9,5,selective_risk,0.2311111111111111,0.02533723166886973,0.01133115447465063,0.19965582628948095,0.2625663959327412,5
vogn,robust,0.08,0.25,0.08,one_minus_confidence,clean,1.0,5,selective_risk,0.30000000000000004,0.02828427124746191,0.01264911064067352,0.26488606886149035,0.33511393113850974,5
vogn,robust,0.08,0.25,0.08,one_minus_confidence,delta,0.1,5,selective_risk,1.0,0.0,0.0,1.0,1.0,5
vogn,robust,0.08,0.25,0.08,one_minus_confidence,delta,0.2,5,selective_risk,0.58,0.08366600265340754,0.0374165738677394,0.4761315909431554,0.6838684090568445,5
vogn,robust,0.08,0.25,0.08,one_minus_confidence,delta,0.3,5,selective_risk,0.3866666666666667,0.055777335102271716,0.024944382578492946,0.3174210606287703,0.45591227270456314,5
vogn,robust,0.08,0.25,0.08,one_minus_confidence,delta,0.4,5,selective_risk,0.3,0.03535533905932737,0.015811388300841892,0.2561075860768629,0.3438924139231371,5
vogn,robust,0.08,0.25,0.08,one_minus_confidence,delta,0.5,5,selective_risk,0.256,0.021908902300206666,0.009797958971132722,0.22880086589613557,0.28319913410386444,5
vogn,robust,0.08,0.25,0.08,one_minus_confidence,delta,0.6,5,selective_risk,0.22666666666666666,0.014907119849998594,0.0066666666666666645,0.20815999999999998,0.24517333333333333,5
vogn,robust,0.08,0.25,0.08,one_minus_confidence,delta,0.7,5,selective_risk,0.21714285714285714,0.025555062599997583,0.011428571428571422,0.18541714285714286,0.2488685714285714,5
vogn,robust,0.08,0.25,0.08,one_minus_confidence,delta,0.8,5,selective_risk,0.255,0.04808846015417837,0.02150581316760657,0.19529986264672416,0.31470013735327584,5
vogn,robust,0.08,0.25,0.08,one_minus_confidence,delta,0.9,5,selective_risk,0.2844444444444444,0.05067446333773946,0.02266230894930126,0.22153387480118408,0.3473550140877047,5
vogn,robust,0.08,0.25,0.08,one_minus_confidence,delta,1.0,5,selective_risk,0.30000000000000004,0.02828427124746191,0.01264911064067352,0.26488606886149035,0.33511393113850974,5
vogn,robust,0.08,0.25,0.1,mutual_information,adv,0.1,5,selective_risk,0.2,0.0,0.0,0.2,0.2,5
vogn,robust,0.08,0.25,0.1,mutual_information,adv,0.2,5,selective_risk,0.18,0.0447213595499958,0.020000000000000004,0.12447999999999998,0.23552,5
vogn,robust,0.08,0.25,0.1,mutual_information,adv,0.3,5,selective_risk,0.21333333333333332,0.055777335102271695,0.02494438257849294,0.14408772729543692,0.2825789393712297,5
vogn,robust,0.08,0.25,0.1,mutual_information,adv,0.4,5,selective_risk,0.27,0.04472135954999578,0.019999999999999993,0.21448000000000003,0.32552,5
vogn,robust,0.08,0.25,0.1,mutual_information,adv,0.5,5,selective_risk,0.296,0.0606630035524124,0.02712931993250107,0.22068900786737702,0.371310992132623,5
vogn,robust,0.08,0.25,0.1,mutual_information,adv,0.6,5,selective_risk,0.33999999999999997,0.05477225575051661,0.024494897427831782,0.27200216474033895,0.407997835259661,5
vogn,robust,0.08,0.25,0.1,mutual_information,adv,0.7,5,selective_risk,0.36,0.06259686371487612,0.027994168488950602,0.2822881882746731,0.43771181172532686,5
vogn,robust,0.08,0.25,0.1,mutual_information,adv,0.8,5,selective_risk,0.38,0.04808846015417837,0.02150581316760657,0.32029986264672416,0.43970013735327584,5
vogn,robust,0.08,0.25,0.1,mutual_information,adv,0.9,5,selective_risk,0.40444444444444444,0.04274529791482521,0.019116278371205837,0.351377655685977,0.45751123320291187,5
vogn,robust,0.08,0.25,0.1,mutual_information,adv,1.0,5,selective_risk,0.42400000000000004,0.03847076812334268,0.017204650534085247,0.3762398901173794,0.4717601098826207,5
vogn,robust,0.08,0.25,0.1,mutual_information,clean,0.1,5,selective_risk,0.0,0.0,0.0,0.0,0.0,5
vogn,robust,0.08,0.25,0.1,mutual_information,clean,0.2,5,selective_risk,0.0,0.0,0.0,0.0,0.0,5
vogn,robust,0.08,0.25,0.1,mutual_information,clean,0.3,5,selective_risk,0.026666666666666665,0.03651483716701107,0.01632993161855452,-0.018665223506440676,0.071998556839774,5
vogn,robust,0.08,0.25,0.1,mutual_information,clean,0.4,5,selective_risk,0.08,0.057008771254956896,0.02549509756796392,0.009225609151332165,0.15077439084866784,5
vogn,robust,0.08,0.25,0.1,mutual_information,clean,0.5,5,selective_risk,0.192,0.04381780460041329,0.019595917942265423,0.1376017317922712,0.2463982682077288,5
vogn,robust,0.08,0.25,0.1,mutual_information,clean,0.6,5,selective_risk,0.22000000000000003,0.0649786289653931,0.029059326290271158,0.1393313102182073,0.30066868978179273,5
vogn,robust,0.08,0.25,0.1,mutual_information,clean,0.7,5,selective_risk,0.25142857142857145,0.05111012519999518,0.02285714285714285,0.1879771428571429,0.31488,5
vogn,robust,0.08,0.25,0.1,mutual_information,clean,0.8,5,selective_risk,0.30999999999999994,0.03791437722025773,0.01695582495781316,0.26293062991711064,0.35706937008288925,5
vogn,robust,0.08,0.25,0.1,mutual_information,clean,0.9,5,selective_risk,0.36,0.04274529791482521,0.019116278371205837,0.3069332112415326,0.41306678875846736,5
vogn,robust,0.08,0.25,0.1,mutual_information,clean,1.0,5,selective_risk,0.42400000000000004,0.03847076812334268,0.017204650534085247,0.3762398901173794,0.4717601098826207,5
vogn,robust,0.08,0.25,0.1,mutual_information,delta,0.1,5,selective_risk,1.0,0.0,0.0,1.0,1.0,5
vogn,robust,0.08,0.25,0.1,mutual_information,delta,0.2,5,selective_risk,0.86,0.11401754250991382,0.050990195135927854,0.7184512183026643,1.0015487816973356,5
vogn,robust,0.08,0.25,0.1,mutual_information,delta,0.3,5,selective_risk,0.5866666666666667,0.0869226987360353,0.038873012632301994,0.47875518359939634,0.694578149733937,5
vogn,robust,0.08,0.25,0.1,mutual_information,delta,0.4,5,selective_risk,0.44000000000000006,0.0651920240520265,0.029154759474226504,0.3590663876995473,0.5209336123004529,5
vogn,robust,0.08,0.25,0.1,mutual_information,delta,0.5,5,selective_risk,0.392,0.0593295878967653,0.026532998322843195,0.3183443966557873,0.46565560334421274,5
vogn,robust,0.08,0.25,0.1,mutual_information,delta,0.6,5,selective_risk,0.38666666666666666,0.050552502960343686,0.022607766610417565,0.32390750655614753,0.4494258267771858,5
vogn,robust,0.08,0.25,0.1,mutual_information,delta,0.7,5,selective_risk,0.3942857142857143,0.042378277069118064,0.018952141659173707,0.3416745690398481,0.4468968595315805,5
vogn,robust,0.08,0.25,0.1,mutual_information,delta,0.8,5,selective_risk,0.395,0.05700877125495689,0.025495097567963917,0.3242256091513322,0.46577439084866784,5
vogn,robust,0.08,0.25,0.1,mutual_information,delta,0.9,5,selective_risk,0.40444444444444444,0.04274529791482521,0.019116278371205837,0.351377655685977,0.45751123320291187,5
vogn,robust,0.08,0.25,0.1,mutual_information,delta,1.0,5,selective_risk,0.42400000000000004,0.03847076812334268,0.017204650534085247,0.3762398901173794,0.4717601098826207,5
vogn,robust,0.08,0.25,0.1,one_minus_confidence,adv,0.1,5,selective_risk,0.2,0.0,0.0,0.2,0.2,5
vogn,robust,0.08,0.25,0.1,one_minus_confidence,adv,0.2,5,selective_risk,0.13999999999999999,0.05477225575051661,0.024494897427831782,0.07200216474033896,0.207997835259661,5
vogn,robust,0.08,0.25,0.1,one_minus_confidence,adv,0.3,5,selective_risk,0.22666666666666666,0.05962847939999438,0.02666666666666666,0.15264,0.3006933333333333,5
vogn,robust,0.08,0.25,0.1,one_minus_confidence,adv,0.4,5,selective_risk,0.24,0.022360679774997894,0.009999999999999998,0.21223999999999998,0.26776,5
vogn,robust,0.08,0.25,0.1,one_minus_confidence,adv,0.5,5,selective_risk,0.22400000000000003,0.02190890230020663,0.009797958971132706,0.19680086589613566,0.2511991341038644,5
vogn,robust,0.08,0.25,0.1,one_minus_confidence,adv,0.6,5,selective_risk,0.2666666666666667,0.02357022603955158,0.010540925533894595,0.23740505738457532,0.2959282759487581,5
vogn,robust,0.08,0.25,0.1,one_minus_confidence,adv,0.7,5,selective_risk,0.33142857142857146,0.025555062599997604,0.011428571428571432,0.29970285714285716,0.36315428571428576,5
vogn,robust,0.08,0.25,0.1,one_minus_confidence,adv,0.8,5,selective_risk,0.36,0.028504385627478458,0.012747548783981965,0.32461280457566605,0.3953871954243339,5
vogn,robust,0.08,0.25,0.1,one_minus_confidence,adv,0.9,5,selective_risk,0.3911111111111111,0.025337231668869736,0.011331154474650634,0.3596558262894809,0.42256639593274126,5
vogn,robust,0.08,0.25,0.1,one_minus_confidence,adv,1.0,5,selective_risk,0.42400000000000004,0.03847076812334268,0.017204650534085247,0.3762398901173794,0.4717601098826207,5
vogn,robust,0.08,0.25,0.1,one_minus_confidence,clean,0.1,5,selective_risk,0.0,0.0,0.0,0.0,0.0,5
vogn,robust,0.08,0.25,0.1,one_minus_confidence,clean,0.2,5,selective_risk,0.0,0.0,0.0,0.0,0.0,5
vogn,robust,0.08,0.25,0.1,one_minus_confidence,clean,0.3,5,selective_risk,0.026666666666666665,0.03651483716701107,0.01632993161855452,-0.018665223506440676,0.071998556839774,5
vogn,robust,0.08,0.25,0.1,one_minus_confidence,clean,0.4,5,selective_risk,0.11000000000000001,0.0651920240520265,0.029154759474226504,0.02906638769954724,0.1909336123004528,5
vogn,robust,0.08,0.25,0.1,one_minus_confidence,clean,0.5,5,selective_risk,0.192,0.05215361924162119,0.023323807579381198,0.1272531101596378,0.2567468898403622,5
vogn,robust,0.08,0.25,0.1,one_minus_confidence,clean,0.6,5,selective_risk,0.29333333333333333,0.04944132324730441,0.02211083193570266,0.23195366387982275,0.3547130027868439,5
vogn,robust,0.08,0.25,0.1,one_minus_confidence,clean,0.7,5,selective_risk,0.3314285714285714,0.05190257749881416,0.023211538298959895,0.26699334111065876,0.39586380174648406,5
vogn,robust,0.08,0.25,0.1,one_minus_confidence,clean,0.8,5,selective_risk,0.355,0.05700877125495691,0.025495097567963927,0.2842256091513321,0.42577439084866786,5
vogn,robust,0.08,0.25,0.1,one_minus_confidence,clean,0.9,5,selective_risk,0.36444444444444446,0.051159397480983713,0.022879178091082218,0.30093184606360024,0.4279570428252887,5
vogn,robust,0.08,0.25,0.1,one_minus_confidence,clean,1.0,5,selective_risk,0.42400000000000004,0.03847076812334268,0.017204650534085247,0.3762398901173794,0.4717601098826207,5
vogn,robust,0.08,0.25,0.1,one_minus_confidence,delta,0.1,5,selective_risk,1.0,0.0,0.0,1.0,1.0,5
vogn,robust,0.08,0.25,0.1,one_minus_confidence,delta,0.2,5,selective_risk,0.6599999999999999,0.0894427190999916,0.04000000000000001,0.5489599999999999,0.77104,5
vogn,robust,0.08,0.25,0.1,one_minus_confidence,delta,0.3,5,selective_risk,0.4533333333333333,0.05577733510227169,0.024944382578492935,0.38408772729543694,0.5225789393712297,5
vogn,robust,0.08,0.25,0.1,one_minus_confidence,delta,0.4,5,selective_risk,0.34,0.041833001326703784,0.01870828693386971,0.28806579547157773,0.3919342045284223,5
vogn,robust,0.08,0.25,0.1,one_minus_confidence,delta,0.5,5,selective_risk,0.29600000000000004,0.021908902300206635,0.009797958971132708,0.26880086589613567,0.3231991341038644,5
vogn,robust,0.08,0.25,0.1,one_minus_confidence,delta,0.6,5,selective_risk,0.2733333333333333,0.027888667551135844,0.012472191289246468,0.23871053031438513,0.30795613635228153,5
vogn,robust,0.08,0.25,0.1,one_minus_confidence,delta,0.7,5,selective_risk,0.3028571428571428,0.03257644071711824,0.014568627181693675,0.2624146338007612,0.34329965191352446,5
vogn,robust,0.08,0.25,0.1,one_minus_confidence,delta,0.8,5,selective_risk,0.36,0.03354101966249685,0.015,0.31836,0.40164,5
vogn,robust,0.08,0.25,0.1,one_minus_confidence,delta,0.9,5,selective_risk,0.4,0.02721655269759086,0.012171612389003689,0.3662116040081258,0.43378839599187424,5
vogn,robust,0.08,0.25,0.1,one_minus_confidence,delta,1.0,5,selective_risk,0.42400000000000004,0.03847076812334268,0.017204650534085247,0.3762398901173794,0.4717601098826207,5
vogn,robust,0.08,0.25,0.15,mutual_information,adv,0.1,5,selective_risk,0.96,0.08944271909999157,0.039999999999999994,0.8489599999999999,1.07104,5
vogn,robust,0.08,0.25,0.15,mutual_information,adv,0.2,5,selective_risk,0.8,0.07071067811865477,0.0316227766016838,0.7122151721537259,0.8877848278462742,5
vogn,robust,0.08,0.25,0.15,mutual_information,adv,0.3,5,selective_risk,0.7066666666666667,0.059628479399994376,0.026666666666666658,0.63264,0.7806933333333334,5
vogn,robust,0.08,0.25,0.15,mutual_information,adv,0.4,5,selective_risk,0.6900000000000001,0.0651920240520265,0.029154759474226504,0.6090663876995472,0.7709336123004529,5
vogn,robust,0.08,0.25,0.15,mutual_information,adv,0.5,5,selective_risk,0.7200000000000001,0.05656854249492382,0.02529822128134704,0.6497721377229807,0.7902278622770195,5
vogn,robust,0.08,0.25,0.15,mutual_information,adv,0.6,5,selective_risk,0.7333333333333333,0.04082482904638634,0.018257418583505554,0.6826507393455219,0.7840159273211447,5
vogn,robust,0.08,0.25,0.15,mutual_information,adv,0.7,5,selective_risk,0.7371428571428572,0.031298431857438073,0.013997084244475308,0.6982869512801938,0.7759987630055206,5
vogn,robust,0.08,0.25,0.15,mutual_information,adv,0.8,5,selective_risk,0.7049999999999998,0.020916500663351868,0.009354143466934844,0.6790328977357887,0.730967102264211,5
vogn,robust,0.08,0.25,0.15,mutual_information,adv,0.9,5,selective_risk,0.6888888888888889,0.03142696805273545,0.014054567378526131,0.6498734098461003,0.7279043679316775,5
vogn,robust,0.08,0.25,0.15,mutual_information,adv,1.0,5,selective_risk,0.664,0.0384707681233427,0.017204650534085257,0.6162398901173793,0.7117601098826207,5
vogn,robust,0.08,0.25,0.15,mutual_information,clean,0.1,5,selective_risk,0.4,0.1414213562373095,0.06324555320336758,0.22443034430745162,0.5755696556925485,5
vogn,robust,0.08,0.25,0.15,mutual_information,clean,0.2,5,selective_risk,0.3,0.1,0.044721359549995794,0.17585350588921167,0.4241464941107883,5
vogn,robust,0.08,0.25,0.15,mutual_information,clean,0.3,5,selective_risk,0.36,0.0760116950066092,0.033993463423951896,0.26563414553510956,0.4543658544648904,5
vogn,robust,0.08,0.25,0.15,mutual_information,clean,0.4,5,selective_risk,0.44000000000000006,0.07416198487095665,0.033166247903554005,0.3479304958197341,0.532069504180266,5
vogn,robust,0.08,0.25,0.15,mutual_information,clean,0.5,5,selective_risk,0.536,0.04560701700396552,0.02039607805437114,0.47938048732106575,0.5926195126789343,5
vogn,robust,0.08,0.25,0.15,mutual_information,clean,0.6,5,selective_risk,0.5466666666666666,0.029814239699997188,0.013333333333333329,0.5096533333333333,0.58368,5
vogn,robust,0.08,0.25,0.15,mutual_information,clean,0.7,5,selective_risk,0.5485714285714286,0.031298431857438073,0.013997084244475308,0.5097155227087652,0.587427334434092,5
vogn,robust,0.08,0.25,0.15,mutual_information,clean,0.8,5,selective_risk,0.595,0.032596012026013234,0.014577379737113247,0.5545331938497736,0.6354668061502263,5
vogn,robust,0.08,0.25,0.15,mutual_information,clean,0.9,5,selective_risk,0.6266666666666667,0.042745297914825196,0.01911627837120583,0.5735998779081993,0.6797334554251341,5
vogn,robust,0.08,0.25,0.15,mutual_information,clean,1.0,5,selective_risk,0.664,0.0384707681233427,0.017204650534085257,0.6162398901173793,0.7117601098826207,5
vogn,robust,0.08,0.25,0.15,mutual_information,delta,0.1,5,selective_risk,1.0,0.0,0.0,1.0,1.0,5
vogn,robust,0.08,0.25,0.15,mutual_information,delta,0.2,5,selective_risk,0.9400000000000001,0.0547722557505166,0.024494897427831775,0.8720021647403391,1.007997835259661,5
vogn,robust,0.08,0.25,0.15,mutual_information,delta,0.3,5,selective_risk,0.8400000000000001,0.036514837167011066,0.016329931618554516,0.7946681098268927,0.8853318901731074,5
vogn,robust,0.08,0.25,0.15,mutual_information,delta,0.4,5,selective_risk,0.74,0.04183300132670382,0.018708286933869726,0.6880657954715776,0.7919342045284223,5
vogn,robust,0.08,0.25,0.15,mutual_information,delta,0.5,5,selective_risk,0.7360000000000001,0.04560701700396553,0.02039607805437114,0.6793804873210658,0.7926195126789344,5
vogn,robust,0.08,0.25,0.15,mutual_information,delta,0.6,5,selective_risk,0.74,0.0278886675511359,0.012472191289246492,0.7053771969810517,0.7746228030189483,5
vogn,robust,0.08,0.25,0.15,mutual_information,delta,0.7,5,selective_risk,0.7371428571428572,0.02390457218668788,0.010690449676496978,0.7074661688409016,0.7668195454448128,5
vogn,robust,0.08,0.25,0.15,mutual_information,delta,0.8,5,selective_risk,0.71,0.013693063937629165,0.006123724356957951,0.6930005411850847,0.7269994588149152,5
vogn,robust,0.08,0.25,0.15,mutual_information,delta,0.9,5,selective_risk,0.6844444444444444,0.028974232912011778,0.012957670877434003,0.6484739500886876,0.7204149388002012,5
vogn,robust,0.08,0.25,0.15,mutual_information,delta,1.0,5,selective_risk,0.664,0.0384707681233427,0.017204650534085257,0.6162398901173793,0.7117601098826207,5
vogn,robust,0.08,0.25,0.15,one_minus_confidence,adv,0.1,5,selective_risk,0.7200000000000001,0.10954451150103327,0.04898979485566358,0.584004329480678,0.8559956705193221,5
vogn,robust,0.08,0.25,0.15,one_minus_confidence,adv,0.2,5,selective_risk,0.54,0.08944271909999156,0.03999999999999999,0.42896000000000006,0.65104,5
vogn,robust,0.08,0.25,0.15,one_minus_confidence,adv,0.3,5,selective_risk,0.5466666666666666,0.05577733510227169,0.024944382578492935,0.47742106062877027,0.6159122727045631,5
vogn,robust,0.08,0.25,0.15,one_minus_confidence,adv,0.4,5,selective_risk,0.5900000000000001,0.04183300132670376,0.018708286933869698,0.5380657954715778,0.6419342045284223,5
vogn,robust,0.08,0.25,0.15,one_minus_confidence,adv,0.5,5,selective_risk,0.632,0.03346640106136305,0.014966629547095779,0.5904526363772621,0.6735473636227379,5
vogn,robust,0.08,0.25,0.15,one_minus_confidence,adv,0.6,5,selective_risk,0.6333333333333333,0.033333333333333326,0.014907119849998594,0.5919511686297372,0.6747154980369294,5
vogn,robust,0.08,0.25,0.15,one_minus_confidence,adv,0.7,5,selective_risk,0.6399999999999999,0.03257644071711824,0.014568627181693675,0.5995574909436183,0.6804425090563815,5
vogn,robust,0.08,0.25,0.15,one_minus_confidence,adv,0.8,5,selective_risk,0.6500000000000001,0.030618621784789753,0.013693063937629164,0.6119880545091416,0.6880119454908586,5
vogn,robust,0.08,0.25,0.15,one_minus_confidence,adv,0.9,5,selective_risk,0.6488888888888888,0.042745297914825224,0.01911627837120584,0.5958221001304215,0.7019556776473562,5
vogn,robust,0.08,0.25,0.15,one_minus_confidence,adv,1.0,5,selective_risk,0.664,0.0384707681233427,0.017204650534085257,0.6162398901173793,0.7117601098826207,5
vogn,robust,0.08,0.25,0.15,one_minus_confidence,clean,0.1,5,selective_risk,0.24,0.0894427190999916,0.04000000000000001,0.12895999999999996,0.35104,5
vogn,robust,0.08,0.25,0.15,one_minus_confidence,clean,0.2,5,selective_risk,0.33999999999999997,0.054772255750516634,0.02449489742783179,0.27200216474033895,0.407997835259661,5
vogn,robust,0.08,0.25,0.15,one_minus_confidence,clean,0.3,5,selective_risk,0.3866666666666667,0.08692269873603532,0.038873012632302,0.2787551835993964,0.49457814973393704,5
vogn,robust,0.08,0.25,0.15,one_minus_confidence,clean,0.4,5,selective_risk,0.4600000000000001,0.08944271909999159,0.04,0.34896000000000005,0.5710400000000001,5
vogn,robust,0.08,0.25,0.15,one_minus_confidence,clean,0.5,5,selective_risk,0.536,0.04560701700396552,0.02039607805437114,0.47938048732106575,0.5926195126789343,5
vogn,robust,0.08,0.25,0.15,one_minus_confidence,clean,0.6,5,selective_risk,0.6133333333333333,0.03800584750330459,0.016996731711975945,0.5661504061008881,0.6605162605657785,5
vogn,robust,0.08,0.25,0.15,one_minus_confidence,clean,0.7,5,selective_risk,0.6114285714285714,0.025555062599997607,0.011428571428571432,0.5797028571428572,0.6431542857142857,5
vogn,robust,0.08,0.25,0.15,one_minus_confidence,clean,0.8,5,selective_risk,0.6199999999999999,0.04472135954999579,0.019999999999999997,0.5644799999999999,0.6755199999999999,5
vogn,robust,0.08,0.25,0.15,one_minus_confidence,clean,0.9,5,selective_risk,0.6311111111111112,0.04608098078517269,0.020608041101101555,0.5739031890144533,0.6883190332077691,5
vogn,robust,0.08,0.25,0.15,one_minus_confidence,clean,1.0,5,selective_risk,0.664,0.0384707681233427,0.017204650534085257,0.6162398901173793,0.7117601098826207,5
vogn,robust,0.08,0.25,0.15,one_minus_confidence,delta,0.1,5,selective_risk,1.0,0.0,0.0,1.0,1.0,5
vogn,robust,0.08,0.25,0.15,one_minus_confidence,delta,0.2,5,selective_risk,0.82,0.04472135954999578,0.019999999999999993,0.7644799999999999,0.87552,5
vogn,robust,0.08,0.25,0.15,one_minus_confidence,delta,0.3,5,selective_risk,0.64,0.08944271909999157,0.039999999999999994,0.5289600000000001,0.7510399999999999,5
vogn,robust,0.08,0.25,0.15,one_minus_confidence,delta,0.4,5,selective_risk,0.61,0.04183300132670378,0.018708286933869705,0.5580657954715776,0.6619342045284223,5
vogn,robust,0.08,0.25,0.15,one_minus_confidence,delta,0.5,5,selective_risk,0.608,0.05932958789676531,0.026532998322843202,0.5343443966557873,0.6816556033442127,5
vogn,robust,0.08,0.25,0.15,one_minus_confidence,delta,0.6,5,selective_risk,0.6266666666666666,0.036514837167011066,0.016329931618554516,0.5813347764935592,0.6719985568397739,5
vogn,robust,0.08,0.25,0.15,one_minus_confidence,delta,0.7,5,selective_risk,0.6285714285714286,0.02020305089104422,0.009035079029052515,0.6034900491867787,0.6536528079560784,5
vogn,robust,0.08,0.25,0.15,one_minus_confidence,delta,0.8,5,selective_risk,0.645,0.02738612787525833,0.012247448713915901,0.6110010823701695,0.6789989176298306,5
vogn,robust,0.08,0.25,0.15,one_minus_confidence,delta,0.9,5,selective_risk,0.6444444444444445,0.041573970964154924,0.018592445034090577,0.592831817029809,0.69605707185908,5
vogn,robust,0.08,0.25,0.15,one_minus_confidence,delta,1.0,5,selective_risk,0.664,0.0384707681233427,0.017204650534085257,0.6162398901173793,0.7117601098826207,5
vogn,standard,,,0.01,mutual_information,adv,0.1,5,selective_risk,0.0,0.0,0.0,0.0,0.0,5
vogn,standard,,,0.01,mutual_information,adv,0.2,5,selective_risk,0.0,0.0,0.0,0.0,0.0,5
vogn,standard,,,0.01,mutual_information,adv,0.3,5,selective_risk,0.0,0.0,0.0,0.0,0.0,5
vogn,standard,,,0.01,mutual_information,adv,0.4,5,selective_risk,0.0,0.0,0.0,0.0,0.0,5
vogn,standard,,,0.01,mutual_information,adv,0.5,5,selective_risk,0.0,0.0,0.0,0.0,0.0,5
vogn,standard,,,0.01,mutual_information,adv,0.6,5,selective_risk,0.0,0.0,0.0,0.0,0.0,5
vogn,standard,,,0.01,mutual_information,adv,0.7,5,selective_risk,0.0,0.0,0.0,0.0,0.0,5
vogn,standard,,,0.01,mutual_information,adv,0.8,5,selective_risk,0.0,0.0,0.0,0.0,0.0,5
vogn,standard,,,0.01,mutual_information,adv,0.9,5,selective_risk,0.0,0.0,0.0,0.0,0.0,5
vogn,standard,,,0.01,mutual_information,adv,1.0,5,selective_risk,0.012,0.010954451150103323,0.004898979485566356,-0.001599567051932203,0.025599567051932205,5
vogn,standard,,,0.01,mutual_information,clean,0.1,5,selective_risk,0.0,0.0,0.0,0.0,0.0,5
vogn,standard,,,0.01,mutual_information,clean,0.2,5,selective_risk,0.0,0.0,0.0,0.0,0.0,5
vogn,standard,,,0.01,mutual_information,clean,0.3,5,selective_risk,0.0,0.0,0.0,0.0,0.0,5
vogn,standard,,,0.01,mutual_information,clean,0.4,5,selective_risk,0.0,0.0,0.0,0.0,0.0,5
vogn,standard,,,0.01,mutual_information,clean,0.5,5,selective_risk,0.0,0.0,0.0,0.0,0.0,5
vogn,standard,,,0.01,mutual_information,clean,0.6,5,selective_risk,0.0,0.0,0.0,0.0,0.0,5
vogn,standard,,,0.01,mutual_information,clean,0.7,5,selective_risk,0.0,0.0,0.0,0.0,0.0,5
vogn,standard,,,0.01,mutual_information,clean,0.8,5,selective_risk,0.0,0.0,0.0,0.0,0.0,5
vogn,standard,,,0.01,mutual_information,clean,0.9,5,selective_risk,0.0,0.0,0.0,0.0,0.0,5
vogn,standard,,,0.01,mutual_information,clean,1.0,5,selective_risk,0.012,0.010954451150103323,0.004898979485566356,-0.001599567051932203,0.025599567051932205,5
vogn,standard,,,0.01,mutual_information,delta,0.1,5,selective_risk,0.08,0.10954451150103323,0.048989794855663564,-0.05599567051932204,0.21599567051932206,5
vogn,standard,,,0.01,mutual_information,delta,0.2,5,selective_risk,0.04,0.05477225575051661,0.024494897427831782,-0.02799783525966102,0.10799783525966103,5
vogn,standard,,,0.01,mutual_information,delta,0.3,5,selective_risk,0.026666666666666665,0.03651483716701107,0.01632993161855452,-0.018665223506440676,0.071998556839774,5
vogn,standard,,,0.01,mutual_information,delta,0.4,5,selective_risk,0.02,0.027386127875258306,0.012247448713915891,-0.01399891762983051,0.053998917629830515,5
vogn,standard,,,0.01,mutual_information,delta,0.5,5,selective_risk,0.016,0.021908902300206645,0.009797958971132711,-0.011199134103864406,0.0431991341038644,5
vogn,standard,,,0.01,mutual_information,delta,0.6,5,selective_risk,0.013333333333333332,0.018257418583505537,0.00816496580927726,-0.009332611753220338,0.035999278419887,5
vogn,standard,,,0.01,mutual_information,delta,0.7,5,selective_risk,0.017142857142857144,0.01564921592871903,0.0069985421222376505,-0.0022850957884745712,0.03657081007418886,5
vogn,standard,,,0.01,mutual_information,delta,0.8,5,selective_risk,0.015000000000000003,0.013693063937629153,0.0061237243569579455,-0.0019994588149152524,0.031999458814915255,5
vogn,standard,,,0.01,mutual_information,delta,0.9,5,selective_risk,0.013333333333333332,0.012171612389003692,0.005443310539518174,-0.001777296724369118,0.028443963391035783,5
vogn,standard,,,0.01,mutual_information,delta,1.0,5,selective_risk,0.012,0.010954451150103323,0.004898979485566356,-0.001599567051932203,0.025599567051932205,5
vogn,standard,,,0.01,one_minus_confidence,adv,0.1,5,selective_risk,0.0,0.0,0.0,0.0,0.0,5
vogn,standard,,,0.01,one_minus_confidence,adv,0.2,5,selective_risk,0.0,0.0,0.0,0.0,0.0,5
vogn,standard,,,0.01,one_minus_confidence,adv,0.3,5,selective_risk,0.0,0.0,0.0,0.0,0.0,5
vogn,standard,,,0.01,one_minus_confidence,adv,0.4,5,selective_risk,0.0,0.0,0.0,0.0,0.0,5
vogn,standard,,,0.01,one_minus_confidence,adv,0.5,5,selective_risk,0.0,0.0,0.0,0.0,0.0,5
vogn,standard,,,0.01,one_minus_confidence,adv,0.6,5,selective_risk,0.0,0.0,0.0,0.0,0.0,5
vogn,standard,,,0.01,one_minus_confidence,adv,0.7,5,selective_risk,0.0,0.0,0.0,0.0,0.0,5
vogn,standard,,,0.01,one_minus_confidence,adv,0.8,5,selective_risk,0.0,0.0,0.0,0.0,0.0,5
vogn,standard,,,0.01,one_minus_confidence,adv,0.9,5,selective_risk,0.0,0.0,0.0,0.0,0.0,5
vogn,standard,,,0.01,one_minus_confidence,adv,1.0,5,selective_risk,0.012,0.010954451150103323,0.004898979485566356,-0.001599567051932203,0.025599567051932205,5
vogn,standard,,,0.01,one_minus_confidence,clean,0.1,5,selective_risk,0.0,0.0,0.0,0.0,0.0,5
vogn,standard,,,0.01,one_minus_confidence,clean,0.2,5,selective_risk,0.0,0.0,0.0,0.0,0.0,5
vogn,standard,,,0.01,one_minus_confidence,clean,0.3,5,selective_risk,0.0,0.0,0.0,0.0,0.0,5
vogn,standard,,,0.01,one_minus_confidence,clean,0.4,5,selective_risk,0.0,0.0,0.0,0.0,0.0,5
vogn,standard,,,0.01,one_minus_confidence,clean,0.5,5,selective_risk,0.0,0.0,0.0,0.0,0.0,5
vogn,standard,,,0.01,one_minus_confidence,clean,0.6,5,selective_risk,0.0,0.0,0.0,0.0,0.0,5
vogn,standard,,,0.01,one_minus_confidence,clean,0.7,5,selective_risk,0.0,0.0,0.0,0.0,0.0,5
vogn,standard,,,0.01,one_minus_confidence,clean,0.8,5,selective_risk,0.0,0.0,0.0,0.0,0.0,5
vogn,standard,,,0.01,one_minus_confidence,clean,0.9,5,selective_risk,0.0,0.0,0.0,0.0,0.0,5
vogn,standard,,,0.01,one_minus_confidence,clean,1.0,5,selective_risk,0.012,0.010954451150103323,0.004898979485566356,-0.001599567051932203,0.025599567051932205,5
vogn,standard,,,0.01,one_minus_confidence,delta,0.1,5,selective_risk,0.12000000000000002,0.10954451150103323,0.048989794855663564,-0.01599567051932202,0.25599567051932204,5
vogn,standard,,,0.01,one_minus_confidence,delta,0.2,5,selective_risk,0.06000000000000001,0.05477225575051661,0.024494897427831782,-0.00799783525966101,0.12799783525966102,5
vogn,standard,,,0.01,one_minus_confidence,delta,0.3,5,selective_risk,0.04,0.03651483716701107,0.01632993161855452,-0.00533189017310734,0.08533189017310734,5
vogn,standard,,,0.01,one_minus_confidence,delta,0.4,5,selective_risk,0.030000000000000006,0.027386127875258306,0.012247448713915891,-0.003998917629830505,0.06399891762983051,5
vogn,standard,,,0.01,one_minus_confidence,delta,0.5,5,selective_risk,0.024,0.021908902300206645,0.009797958971132711,-0.003199134103864406,0.05119913410386441,5
vogn,standard,,,0.01,one_minus_confidence,delta,0.6,5,selective_risk,0.02,0.018257418583505537,0.00816496580927726,-0.00266594508655367,0.04266594508655367,5
vogn,standard,,,0.01,one_minus_confidence,delta,0.7,5,selective_risk,0.017142857142857144,0.01564921592871903,0.0069985421222376505,-0.0022850957884745712,0.03657081007418886,5
vogn,standard,,,0.01,one_minus_confidence,delta,0.8,5,selective_risk,0.015000000000000003,0.013693063937629153,0.0061237243569579455,-0.0019994588149152524,0.031999458814915255,5
vogn,standard,,,0.01,one_minus_confidence,delta,0.9,5,selective_risk,0.013333333333333332,0.012171612389003692,0.005443310539518174,-0.001777296724369118,0.028443963391035783,5
vogn,standard,,,0.01,one_minus_confidence,delta,1.0,5,selective_risk,0.012,0.010954451150103323,0.004898979485566356,-0.001599567051932203,0.025599567051932205,5
vogn,standard,,,0.03,mutual_information,adv,0.1,5,selective_risk,0.0,0.0,0.0,0.0,0.0,5
vogn,standard,,,0.03,mutual_information,adv,0.2,5,selective_risk,0.0,0.0,0.0,0.0,0.0,5
vogn,standard,,,0.03,mutual_information,adv,0.3,5,selective_risk,0.0,0.0,0.0,0.0,0.0,5
vogn,standard,,,0.03,mutual_information,adv,0.4,5,selective_risk,0.0,0.0,0.0,0.0,0.0,5
vogn,standard,,,0.03,mutual_information,adv,0.5,5,selective_risk,0.0,0.0,0.0,0.0,0.0,5
vogn,standard,,,0.03,mutual_information,adv,0.6,5,selective_risk,0.0,0.0,0.0,0.0,0.0,5
vogn,standard,,,0.03,mutual_information,adv,0.7,5,selective_risk,0.0,0.0,0.0,0.0,0.0,5
vogn,standard,,,0.03,mutual_information,adv,0.8,5,selective_risk,0.0,0.0,0.0,0.0,0.0,5
vogn,standard,,,0.03,mutual_information,adv,0.9,5,selective_risk,0.0,0.0,0.0,0.0,0.0,5
vogn,standard,,,0.03,mutual_information,adv,1.0,5,selective_risk,0.02,0.01414213562373095,0.006324555320336759,0.0024430344307451585,0.03755696556925484,5
vogn,standard,,,0.03,mutual_information,clean,0.1,5,selective_risk,0.0,0.0,0.0,0.0,0.0,5
vogn,standard,,,0.03,mutual_information,clean,0.2,5,selective_risk,0.0,0.0,0.0,0.0,0.0,5
vogn,standard,,,0.03,mutual_information,clean,0.3,5,selective_risk,0.0,0.0,0.0,0.0,0.0,5
vogn,standard,,,0.03,mutual_information,clean,0.4,5,selective_risk,0.0,0.0,0.0,0.0,0.0,5
vogn,standard,,,0.03,mutual_information,clean,0.5,5,selective_risk,0.0,0.0,0.0,0.0,0.0,5
vogn,standard,,,0.03,mutual_information,clean,0.6,5,selective_risk,0.0,0.0,0.0,0.0,0.0,5
vogn,standard,,,0.03,mutual_information,clean,0.7,5,selective_risk,0.0,0.0,0.0,0.0,0.0,5
vogn,standard,,,0.03,mutual_information,clean,0.8,5,selective_risk,0.0,0.0,0.0,0.0,0.0,5
vogn,standard,,,0.03,mutual_information,clean,0.9,5,selective_risk,0.0,0.0,0.0,0.0,0.0,5
vogn,standard,,,0.03,mutual_information,clean,1.0,5,selective_risk,0.02,0.01414213562373095,0.006324555320336759,0.0024430344307451585,0.03755696556925484,5
vogn,standard,,,0.03,mutual_information,delta,0.1,5,selective_risk,0.12000000000000002,0.1788854381999832,0.08000000000000002,-0.10208,0.34208000000000005,5
vogn,standard,,,0.03,mutual_information,delta,0.2,5,selective_risk,0.06000000000000001,0.0894427190999916,0.04000000000000001,-0.05104,0.17104000000000003,5
vogn,standard,,,0.03,mutual_information,delta,0.3,5,selective_risk,0.04,0.05962847939999439,0.026666666666666665,-0.034026666666666656,0.11402666666666667,5
vogn,standard,,,0.03,mutual_information,delta,0.4,5,selective_risk,0.030000000000000006,0.0447213595499958,0.020000000000000004,-0.02552,0.08552000000000001,5
vogn,standard,,,0.03,mutual_information,delta,0.5,5,selective_risk,0.024,0.03577708763999664,0.016,-0.020415999999999997,0.068416,5
vogn,standard,,,0.03,mutual_information,delta,0.6,5,selective_risk,0.03333333333333333,0.023570226039551584,0.010540925533894597,0.0040717240512419366,0.06259494261542473,5
vogn,standard,,,0.03,mutual_information,delta,0.7,5,selective_risk,0.02857142857142857,0.020203050891044214,0.009035079029052512,0.0034900491867787993,0.05365280795607834,5
vogn,standard,,,0.03,mutual_information,delta,0.8,5,selective_risk,0.025,0.01767766952966369,0.00790569415042095,0.003053793038431448,0.04694620696156855,5
vogn,standard,,,0.03,mutual_information,delta,0.9,5,selective_risk,0.022222222222222223,0.015713484026367724,0.0070272836892630655,0.0027144827008279554,0.04172996174361649,5
vogn,standard,,,0.03,mutual_information,delta,1.0,5,selective_risk,0.02,0.01414213562373095,0.006324555320336759,0.0024430344307451585,0.03755696556925484,5
vogn,standard,,,0.03,one_minus_confidence,adv,0.1,5,selective_risk,0.0,0.0,0.0,0.0,0.0,5
vogn,standard,,,0.03,one_minus_confidence,adv,0.2,5,selective_risk,0.0,0.0,0.0,0.0,0.0,5
vogn,standard,,,0.03,one_minus_confidence,adv,0.3,5,selective_risk,0.0,0.0,0.0,0.0,0.0,5
vogn,standard,,,0.03,one_minus_confidence,adv,0.4,5,selective_risk,0.0,0.0,0.0,0.0,0.0,5
vogn,standard,,,0.03,one_minus_confidence,adv,0.5,5,selective_risk,0.0,0.0,0.0,0.0,0.0,5
vogn,standard,,,0.03,one_minus_confidence,adv,0.6,5,selective_risk,0.0,0.0,0.0,0.0,0.0,5
vogn,standard,,,0.03,one_minus_confidence,adv,0.7,5,selective_risk,0.0,0.0,0.0,0.0,0.0,5
vogn,standard,,,0.03,one_minus_confidence,adv,0.8,5,selective_risk,0.0,0.0,0.0,0.0,0.0,5
vogn,standard,,,0.03,one_minus_confidence,adv,0.9,5,selective_risk,0.0,0.0,0.0,0.0,0.0,5
vogn,standard,,,0.03,one_minus_confidence,adv,1.0,5,selective_risk,0.02,0.01414213562373095,0.006324555320336759,0.0024430344307451585,0.03755696556925484,5
vogn,standard,,,0.03,one_minus_confidence,clean,0.1,5,selective_risk,0.0,0.0,0.0,0.0,0.0,5
vogn,standard,,,0.03,one_minus_confidence,clean,0.2,5,selective_risk,0.0,0.0,0.0,0.0,0.0,5
vogn,standard,,,0.03,one_minus_confidence,clean,0.3,5,selective_risk,0.0,0.0,0.0,0.0,0.0,5
vogn,standard,,,0.03,one_minus_confidence,clean,0.4,5,selective_risk,0.0,0.0,0.0,0.0,0.0,5
vogn,standard,,,0.03,one_minus_confidence,clean,0.5,5,selective_risk,0.0,0.0,0.0,0.0,0.0,5
vogn,standard,,,0.03,one_minus_confidence,clean,0.6,5,selective_risk,0.0,0.0,0.0,0.0,0.0,5
vogn,standard,,,0.03,one_minus_confidence,clean,0.7,5,selective_risk,0.0,0.0,0.0,0.0,0.0,5
vogn,standard,,,0.03,one_minus_confidence,clean,0.8,5,selective_risk,0.0,0.0,0.0,0.0,0.0,5
vogn,standard,,,0.03,one_minus_confidence,clean,0.9,5,selective_risk,0.0,0.0,0.0,0.0,0.0,5
vogn,standard,,,0.03,one_minus_confidence,clean,1.0,5,selective_risk,0.02,0.01414213562373095,0.006324555320336759,0.0024430344307451585,0.03755696556925484,5
vogn,standard,,,0.03,one_minus_confidence,delta,0.1,5,selective_risk,0.12000000000000002,0.10954451150103323,0.048989794855663564,-0.01599567051932202,0.25599567051932204,5
vogn,standard,,,0.03,one_minus_confidence,delta,0.2,5,selective_risk,0.06000000000000001,0.05477225575051661,0.024494897427831782,-0.00799783525966101,0.12799783525966102,5
vogn,standard,,,0.03,one_minus_confidence,delta,0.3,5,selective_risk,0.04,0.03651483716701107,0.01632993161855452,-0.00533189017310734,0.08533189017310734,5
vogn,standard,,,0.03,one_minus_confidence,delta,0.4,5,selective_risk,0.030000000000000006,0.027386127875258306,0.012247448713915891,-0.003998917629830505,0.06399891762983051,5
vogn,standard,,,0.03,one_minus_confidence,delta,0.5,5,selective_risk,0.024,0.021908902300206645,0.009797958971132711,-0.003199134103864406,0.05119913410386441,5
vogn,standard,,,0.03,one_minus_confidence,delta,0.6,5,selective_risk,0.026666666666666665,0.02788866755113585,0.012472191289246471,-0.007956136352281533,0.06128946968561486,5
vogn,standard,,,0.03,one_minus_confidence,delta,0.7,5,selective_risk,0.022857142857142857,0.02390457218668787,0.010690449676496972,-0.006819545444812735,0.052533831159098446,5
vogn,standard,,,0.03,one_minus_confidence,delta,0.8,5,selective_risk,0.02,0.020916500663351892,0.009354143466934854,-0.005967102264211151,0.04596710226421115,5
vogn,standard,,,0.03,one_minus_confidence,delta,0.9,5,selective_risk,0.017777777777777778,0.01859244503409057,0.00831479419283098,-0.005304090901521022,0.04085964645707658,5
vogn,standard,,,0.03,one_minus_confidence,delta,1.0,5,selective_risk,0.02,0.01414213562373095,0.006324555320336759,0.0024430344307451585,0.03755696556925484,5
vogn,standard,,,0.05,mutual_information,adv,0.1,5,selective_risk,0.0,0.0,0.0,0.0,0.0,5
vogn,standard,,,0.05,mutual_information,adv,0.2,5,selective_risk,0.0,0.0,0.0,0.0,0.0,5
vogn,standard,,,0.05,mutual_information,adv,0.3,5,selective_risk,0.0,0.0,0.0,0.0,0.0,5
vogn,standard,,,0.05,mutual_information,adv,0.4,5,selective_risk,0.0,0.0,0.0,0.0,0.0,5
vogn,standard,,,0.05,mutual_information,adv,0.5,5,selective_risk,0.0,0.0,0.0,0.0,0.0,5
vogn,standard,,,0.05,mutual_information,adv,0.6,5,selective_risk,0.0,0.0,0.0,0.0,0.0,5
vogn,standard,,,0.05,mutual_information,adv,0.7,5,selective_risk,0.005714285714285714,0.012777531299998797,0.005714285714285713,-0.010148571428571427,0.021577142857142854,5
vogn,standard,,,0.05,mutual_information,adv,0.8,5,selective_risk,0.01,0.013693063937629155,0.0061237243569579455,-0.006999458814915255,0.026999458814915257,5
vogn,standard,,,0.05,mutual_information,adv,0.9,5,selective_risk,0.026666666666666665,0.01859244503409057,0.00831479419283098,0.0035847979873678652,0.04974853534596546,5
vogn,standard,,,0.05,mutual_information,adv,1.0,5,selective_risk,0.052000000000000005,0.022803508501982758,0.010198039027185569,0.023690243660532868,0.08030975633946714,5
vogn,standard,,,0.05,mutual_information,clean,0.1,5,selective_risk,0.0,0.0,0.0,0.0,0.0,5
vogn,standard,,,0.05,mutual_information,clean,0.2,5,selective_risk,0.0,0.0,0.0,0.0,0.0,5
vogn,standard,,,0.05,mutual_information,clean,0.3,5,selective_risk,0.0,0.0,0.0,0.0,0.0,5
vogn,standard,,,0.05,mutual_information,clean,0.4,5,selective_risk,0.0,0.0,0.0,0.0,0.0,5
vogn,standard,,,0.05,mutual_information,clean,0.5,5,selective_risk,0.0,0.0,0.0,0.0,0.0,5
vogn,standard,,,0.05,mutual_information,clean,0.6,5,selective_risk,0.0,0.0,0.0,0.0,0.0,5
vogn,standard,,,0.05,mutual_information,clean,0.7,5,selective_risk,0.0,0.0,0.0,0.0,0.0,5
vogn,standard,,,0.05,mutual_information,clean,0.8,5,selective_risk,0.0,0.0,0.0,0.0,0.0,5
vogn,standard,,,0.05,mutual_information,clean,0.9,5,selective_risk,0.008888888888888889,0.012171612389003692,0.005443310539518174,-0.0062217411688135615,0.023999518946591337,5
vogn,standard,,,0.05,mutual_information,clean,1.0,5,selective_risk,0.052000000000000005,0.022803508501982758,0.010198039027185569,0.023690243660532868,0.08030975633946714,5
vogn,standard,,,0.05,mutual_information,delta,0.1,5,selective_risk,0.12000000000000002,0.1788854381999832,0.08000000000000002,-0.10208,0.34208000000000005,5
vogn,standard,,,0.05,mutual_information,delta,0.2,5,selective_risk,0.1,0.1,0.044721359549995794,-0.024146494110788314,0.22414649411078832,5
vogn,standard,,,0.05,mutual_information,delta,0.3,5,selective_risk,0.09333333333333334,0.08944271909999159,0.04,-0.017706666666666662,0.20437333333333335,5
vogn,standard,,,0.05,mutual_information,delta,0.4,5,selective_risk,0.09,0.04183300132670378,0.018708286933869705,0.0380657954715777,0.1419342045284223,5
vogn,standard,,,0.05,mutual_information,delta,0.5,5,selective_risk,0.088,0.03346640106136302,0.014966629547095763,0.04645263637726216,0.12954736362273783,5
vogn,standard,,,0.05,mutual_information,delta,0.6,5,selective_risk,0.07333333333333333,0.027888667551135855,0.012472191289246473,0.03871053031438513,0.10795613635228155,5
vogn,standard,,,0.05,mutual_information,delta,0.7,5,selective_risk,0.06285714285714286,0.023904572186687872,0.010690449676496974,0.03318045455518726,0.09253383115909847,5
vogn,standard,,,0.05,mutual_information,delta,0.8,5,selective_risk,0.065,0.028504385627478448,0.01274754878398196,0.029612804575666084,0.10038719542433391,5
vogn,standard,,,0.05,mutual_information,delta,0.9,5,selective_risk,0.057777777777777775,0.02533723166886973,0.01133115447465063,0.02632249295614763,0.08923306259940791,5
vogn,standard,,,0.05,mutual_information,delta,1.0,5,selective_risk,0.052000000000000005,0.022803508501982758,0.010198039027185569,0.023690243660532868,0.08030975633946714,5
vogn,standard,,,0.05,one_minus_confidence,adv,0.1,5,selective_risk,0.0,0.0,0.0,0.0,0.0,5
vogn,standard,,,0.05,one_minus_confidence,adv,0.2,5,selective_risk,0.0,0.0,0.0,0.0,0.0,5
vogn,standard,,,0.05,one_minus_confidence,adv,0.3,5,selective_risk,0.0,0.0,0.0,0.0,0.0,5
vogn,standard,,,0.05,one_minus_confidence,adv,0.4,5,selective_risk,0.0,0.0,0.0,0.0,0.0,5
vogn,standard,,,0.05,one_minus_confidence,adv,0.5,5,selective_risk,0.0,0.0,0.0,0.0,0.0,5
vogn,standard,,,0.05,one_minus_confidence,adv,0.6,5,selective_risk,0.0,0.0,0.0,0.0,0.0,5
vogn,standard,,,0.05,one_minus_confidence,adv,0.7,5,selective_risk,0.0,0.0,0.0,0.0,0.0,5
vogn,standard,,,0.05,one_minus_confidence,adv,0.8,5,selective_risk,0.01,0.022360679774997897,0.01,-0.017759999999999998,0.03776,5
vogn,standard,,,0.05,one_minus_confidence,adv,0.9,5,selective_risk,0.013333333333333332,0.01987615979999813,0.008888888888888889,-0.011342222222222222,0.038008888888888884,5
vogn,standard,,,0.05,one_minus_confidence,adv,1.0,5,selective_risk,0.052000000000000005,0.022803508501982758,0.010198039027185569,0.023690243660532868,0.08030975633946714,5
vogn,standard,,,0.05,one_minus_confidence,clean,0.1,5,selective_risk,0.0,0.0,0.0,0.0,0.0,5
vogn,standard,,,0.05,one_minus_confidence,clean,0.2,5,selective_risk,0.0,0.0,0.0,0.0,0.0,5
vogn,standard,,,0.05,one_minus_confidence,clean,0.3,5,selective_risk,0.0,0.0,0.0,0.0,0.0,5
vogn,standard,,,0.05,one_minus_confidence,clean,0.4,5,selective_risk,0.0,0.0,0.0,0.0,0.0,5
vogn,standard,,,0.05,one_minus_confidence,clean,0.5,5,selective_risk,0.0,0.0,0.0,0.0,0.0,5
vogn,standard,,,0.05,one_minus_confidence,clean,0.6,5,selective_risk,0.0,0.0,0.0,0.0,0.0,5
vogn,standard,,,0.05,one_minus_confidence,clean,0.7,5,selective_risk,0.0,0.0,0.0,0.0,0.0,5
vogn,standard,,,0.05,one_minus_confidence,clean,0.8,5,selective_risk,0.005,0.011180339887498949,0.005,-0.008879999999999999,0.01888,5
vogn,standard,,,0.05,one_minus_confidence,clean,0.9,5,selective_risk,0.0044444444444444444,0.009938079899999066,0.0044444444444444444,-0.007893333333333332,0.016782222222222223,5
vogn,standard,,,0.05,one_minus_confidence,clean,1.0,5,selective_risk,0.052000000000000005,0.022803508501982758,0.010198039027185569,0.023690243660532868,0.08030975633946714,5
vogn,standard,,,0.05,one_minus_confidence,delta,0.1,5,selective_risk,0.12000000000000002,0.1788854381999832,0.08000000000000002,-0.10208,0.34208000000000005,5
vogn,standard,,,0.05,one_minus_confidence,delta,0.2,5,selective_risk,0.08,0.08366600265340757,0.03741657386773942,-0.023868409056844606,0.1838684090568446,5
vogn,standard,,,0.05,one_minus_confidence,delta,0.3,5,selective_risk,0.05333333333333333,0.0557773351022717,0.024944382578492942,-0.015912272704563066,0.12257893937122973,5
vogn,standard,,,0.05,one_minus_confidence,delta,0.4,5,selective_risk,0.05,0.03535533905932738,0.0158113883008419,0.006107586076862896,0.0938924139231371,5
vogn,standard,,,0.05,one_minus_confidence,delta,0.5,5,selective_risk,0.04,0.0282842712474619,0.012649110640673518,0.004886068861490317,0.07511393113850968,5
vogn,standard,,,0.05,one_minus_confidence,delta,0.6,5,selective_risk,0.04,0.02788866755113585,0.012472191289246471,0.005377196981051803,0.07462280301894819,5
vogn,standard,,,0.05,one_minus_confidence,delta,0.7,5,selective_risk,0.04,0.01564921592871903,0.0069985421222376505,0.020572047068668286,0.05942795293133171,5
vogn,standard,,,0.05,one_minus_confidence,delta,0.8,5,selective_risk,0.039999999999999994,0.013693063937629153,0.0061237243569579455,0.02300054118508474,0.05699945881491525,5
vogn,standard,,,0.05,one_minus_confidence,delta,0.9,5,selective_risk,0.04,0.009938079899999066,0.0044444444444444444,0.027662222222222223,0.052337777777777775,5
vogn,standard,,,0.05,one_minus_confidence,delta,1.0,5,selective_risk,0.052000000000000005,0.022803508501982758,0.010198039027185569,0.023690243660532868,0.08030975633946714,5
vogn,standard,,,0.07,mutual_information,adv,0.1,5,selective_risk,0.0,0.0,0.0,0.0,0.0,5
vogn,standard,,,0.07,mutual_information,adv,0.2,5,selective_risk,0.0,0.0,0.0,0.0,0.0,5
vogn,standard,,,0.07,mutual_information,adv,0.3,5,selective_risk,0.026666666666666665,0.03651483716701107,0.01632993161855452,-0.018665223506440676,0.071998556839774,5
vogn,standard,,,0.07,mutual_information,adv,0.4,5,selective_risk,0.05,0.05,0.022360679774997897,-0.012073247055394157,0.11207324705539416,5
vogn,standard,,,0.07,mutual_information,adv,0.5,5,selective_risk,0.05600000000000001,0.03577708763999664,0.016,0.011584000000000011,0.100416,5
vogn,standard,,,0.07,mutual_information,adv,0.6,5,selective_risk,0.08,0.01825741858350554,0.008164965809277261,0.05733405491344633,0.10266594508655368,5
vogn,standard,,,0.07,mutual_information,adv,0.7,5,selective_risk,0.09142857142857144,0.03129843185743806,0.013997084244475301,0.05257266556590801,0.13028447729123488,5
vogn,standard,,,0.07,mutual_information,adv,0.8,5,selective_risk,0.1,0.030618621784789725,0.013693063937629152,0.06198805450914149,0.13801194549085852,5
vogn,standard,,,0.07,mutual_information,adv,0.9,5,selective_risk,0.11555555555555555,0.03651483716701108,0.016329931618554522,0.0702236653824482,0.1608874457286629,5
vogn,standard,,,0.07,mutual_information,adv,1.0,5,selective_risk,0.132,0.030331501776206197,0.013564659966250532,0.09434450393368854,0.16965549606631147,5
vogn,standard,,,0.07,mutual_information,clean,0.1,5,selective_risk,0.0,0.0,0.0,0.0,0.0,5
vogn,standard,,,0.07,mutual_information,clean,0.2,5,selective_risk,0.0,0.0,0.0,0.0,0.0,5
vogn,standard,,,0.07,mutual_information,clean,0.3,5,selective_risk,0.0,0.0,0.0,0.0,0.0,5
vogn,standard,,,0.07,mutual_information,clean,0.4,5,selective_risk,0.0,0.0,0.0,0.0,0.0,5
vogn,standard,,,0.07,mutual_information,clean,0.5,5,selective_risk,0.0,0.0,0.0,0.0,0.0,5
vogn,standard,,,0.07,mutual_information,clean,0.6,5,selective_risk,0.006666666666666666,0.014907119849998596,0.006666666666666665,-0.011839999999999995,0.025173333333333325,5
vogn,standard,,,0.07,mutual_information,clean,0.7,5,selective_risk,0.02857142857142857,0.020203050891044214,0.009035079029052512,0.0034900491867787993,0.05365280795607834,5
vogn,standard,,,0.07,mutual_information,clean,0.8,5,selective_risk,0.045,0.027386127875258306,0.012247448713915891,0.011001082370169488,0.07899891762983051,5
vogn,standard,,,0.07,mutual_information,clean,0.9,5,selective_risk,0.07555555555555556,0.03370166864022911,0.015071844406945038,0.033716115481876134,0.11739499562923497,5
vogn,standard,,,0.07,mutual_information,clean,1.0,5,selective_risk,0.132,0.030331501776206197,0.013564659966250532,0.09434450393368854,0.16965549606631147,5
vogn,standard,,,0.07,mutual_information,delta,0.1,5,selective_risk,0.36,0.2607680962081059,0.11661903789690599,0.036265550798188995,0.6837344492018109,5
vogn,standard,,,0.07,mutual_information,delta,0.2,5,selective_risk,0.24000000000000005,0.1673320053068151,0.07483314773547882,0.03226318188631086,0.44773681811368926,5
vogn,standard,,,0.07,mutual_information,delta,0.3,5,selective_risk,0.2,0.09428090415820634,0.042163702135578386,0.08295356287163443,0.3170464371283656,5
vogn,standard,,,0.07,mutual_information,delta,0.4,5,selective_risk,0.19,0.041833001326703784,0.01870828693386971,0.1380657954715777,0.2419342045284223,5
vogn,standard,,,0.07,mutual_information,delta,0.5,5,selective_risk,0.176,0.035777087639996645,0.016000000000000004,0.13158399999999998,0.220416,5
vogn,standard,,,0.07,mutual_information,delta,0.6,5,selective_risk,0.15999999999999998,0.03651483716701108,0.016329931618554522,0.11466810982689263,0.20533189017310732,5
vogn,standard,,,0.07,mutual_information,delta,0.7,5,selective_risk,0.15428571428571428,0.05190257749881414,0.023211538298959885,0.08985048396780164,0.2187209446036269,5
vogn,standard,,,0.07,mutual_information,delta,0.8,5,selective_risk,0.15,0.05,0.022360679774997897,0.08792675294460583,0.21207324705539415,5
vogn,standard,,,0.07,mutual_information,delta,0.9,5,selective_risk,0.14666666666666667,0.03370166864022912,0.015071844406945041,0.10482722659298724,0.1885061067403461,5
vogn,standard,,,0.07,mutual_information,delta,1.0,5,selective_risk,0.132,0.030331501776206197,0.013564659966250532,0.09434450393368854,0.16965549606631147,5
vogn,standard,,,0.07,one_minus_confidence,adv,0.1,5,selective_risk,0.0,0.0,0.0,0.0,0.0,5
vogn,standard,,,0.07,one_minus_confidence,adv,0.2,5,selective_risk,0.0,0.0,0.0,0.0,0.0,5
vogn,standard,,,0.07,one_minus_confidence,adv,0.3,5,selective_risk,0.0,0.0,0.0,0.0,0.0,5
vogn,standard,,,0.07,one_minus_confidence,adv,0.4,5,selective_risk,0.01,0.022360679774997897,0.01,-0.017759999999999998,0.03776,5
vogn,standard,,,0.07,one_minus_confidence,adv,0.5,5,selective_risk,0.016,0.021908902300206645,0.009797958971132711,-0.011199134103864406,0.0431991341038644,5
vogn,standard,,,0.07,one_minus_confidence,adv,0.6,5,selective_risk,0.04666666666666667,0.018257418583505537,0.00816496580927726,0.024000721580113,0.06933261175322034,5
vogn,standard,,,0.07,one_minus_confidence,adv,0.7,5,selective_risk,0.05142857142857142,0.012777531299998798,0.005714285714285714,0.035565714285714284,0.06729142857142856,5
vogn,standard,,,0.07,one_minus_confidence,adv,0.8,5,selective_risk,0.08,0.020916500663351892,0.009354143466934854,0.05403289773578885,0.10596710226421116,5
vogn,standard,,,0.07,one_minus_confidence,adv,0.9,5,selective_risk,0.11111111111111112,0.01571348402636772,0.007027283689263064,0.09160337158971685,0.1306188506325054,5
vogn,standard,,,0.07,one_minus_confidence,adv,1.0,5,selective_risk,0.132,0.030331501776206197,0.013564659966250532,0.09434450393368854,0.16965549606631147,5
vogn,standard,,,0.07,one_minus_confidence,clean,0.1,5,selective_risk,0.0,0.0,0.0,0.0,0.0,5
vogn,standard,,,0.07,one_minus_confidence,clean,0.2,5,selective_risk,0.0,0.0,0.0,0.0,0.0,5
vogn,standard,,,0.07,one_minus_confidence,clean,0.3,5,selective_risk,0.0,0.0,0.0,0.0,0.0,5
vogn,standard,,,0.07,one_minus_confidence,clean,0.4,5,selective_risk,0.0,0.0,0.0,0.0,0.0,5
vogn,standard,,,0.07,one_minus_confidence,clean,0.5,5,selective_risk,0.0,0.0,0.0,0.0,0.0,5
vogn,standard,,,0.07,one_minus_confidence,clean,0.6,5,selective_risk,0.0,0.0,0.0,0.0,0.0,5
vogn,standard,,,0.07,one_minus_confidence,clean,0.7,5,selective_risk,0.005714285714285714,0.012777531299998797,0.005714285714285713,-0.010148571428571427,0.021577142857142854,5
vogn,standard,,,0.07,one_minus_confidence,clean,0.8,5,selective_risk,0.034999999999999996,0.0223606797749979,0.010000000000000002,0.007239999999999993,0.06276,5
vogn,standard,,,0.07,one_minus_confidence,clean,0.9,5,selective_risk,0.06222222222222222,0.045542003404264876,0.020367003088692617,0.0056834216480115204,0.11876102279643291,5
vogn,standard,,,0.07,one_minus_confidence,clean,1.0,5,selective_risk,0.132,0.030331501776206197,0.013564659966250532,0.09434450393368854,0.16965549606631147,5
vogn,standard,,,0.07,one_minus_confidence,delta,0.1,5,selective_risk,0.2,0.2,0.08944271909999159,-0.04829298822157663,0.44829298822157665,5
vogn,standard,,,0.07,one_minus_confidence,delta,0.2,5,selective_risk,0.12000000000000002,0.10954451150103323,0.048989794855663564,-0.01599567051932202,0.25599567051932204,5
vogn,standard,,,0.07,one_minus_confidence,delta,0.3,5,selective_risk,0.10666666666666669,0.0760116950066092,0.033993463423951896,0.012300812201776229,0.20103252113155715,5
vogn,standard,,,0.07,one_minus_confidence,delta,0.4,5,selective_risk,0.10000000000000002,0.049999999999999996,0.022360679774997894,0.037926752944605874,0.16207324705539417,5
vogn,standard,,,0.07,one_minus_confidence,delta,0.5,5,selective_risk,0.10400000000000001,0.03577708763999663,0.015999999999999997,0.05958400000000002,0.148416,5
vogn,standard,,,0.07,one_minus_confidence,delta,0.6,5,selective_risk,0.1,0.0408248290463863,0.018257418583505533,0.04931740601218865,0.15068259398781136,5
vogn,standard,,,0.07,one_minus_confidence,delta,0.7,5,selective_risk,0.10285714285714284,0.025555062599997593,0.011428571428571427,0.07113142857142857,0.13458285714285712,5
vogn,standard,,,0.07,one_minus_confidence,delta,0.8,5,selective_risk,0.11499999999999999,0.0223606797749979,0.010000000000000002,0.08723999999999998,0.14276,5
vogn,standard,,,0.07,one_minus_confidence,delta,0.9,5,selective_risk,0.12,0.040368671387966557,0.018053418676968802,0.06988370975273461,0.17011629024726538,5
vogn,standard,,,0.07,one_minus_confidence,delta,1.0,5,selective_risk,0.132,0.030331501776206197,0.013564659966250532,0.09434450393368854,0.16965549606631147,5
vogn,standard,,,0.08,mutual_information,adv,0.1,5,selective_risk,0.0,0.0,0.0,0.0,0.0,5
vogn,standard,,,0.08,mutual_information,adv,0.2,5,selective_risk,0.06000000000000001,0.05477225575051661,0.024494897427831782,-0.00799783525966101,0.12799783525966102,5
vogn,standard,,,0.08,mutual_information,adv,0.3,5,selective_risk,0.10666666666666666,0.03651483716701107,0.01632993161855452,0.06133477649355932,0.151998556839774,5
vogn,standard,,,0.08,mutual_information,adv,0.4,5,selective_risk,0.12000000000000002,0.04472135954999579,0.019999999999999997,0.06448000000000004,0.17552,5
vogn,standard,,,0.08,mutual_information,adv,0.5,5,selective_risk,0.136,0.02190890230020665,0.009797958971132713,0.1088008658961356,0.1631991341038644,5
vogn,standard,,,0.08,mutual_information,adv,0.6,5,selective_risk,0.18666666666666668,0.029814239699997205,0.013333333333333338,0.14965333333333333,0.22368000000000002,5
vogn,standard,,,0.08,mutual_information,adv,0.7,5,selective_risk,0.17142857142857143,0.03499271061118826,0.015649215928719033,0.1279863480104474,0.21487079484669547,5
vogn,standard,,,0.08,mutual_information,adv,0.8,5,selective_risk,0.2,0.03535533905932738,0.0158113883008419,0.1561075860768629,0.24389241392313712,5
vogn,standard,,,0.08,mutual_information,adv,0.9,5,selective_risk,0.1911111111111111,0.02533723166886973,0.01133115447465063,0.15965582628948094,0.22256639593274125,5
vogn,standard,,,0.08,mutual_information,adv,1.0,5,selective_risk,0.20800000000000002,0.030331501776206197,0.013564659966250532,0.17034450393368855,0.24565549606631149,5
vogn,standard,,,0.08,mutual_information,clean,0.1,5,selective_risk,0.0,0.0,0.0,0.0,0.0,5
vogn,standard,,,0.08,mutual_information,clean,0.2,5,selective_risk,0.0,0.0,0.0,0.0,0.0,5
vogn,standard,,,0.08,mutual_information,clean,0.3,5,selective_risk,0.0,0.0,0.0,0.0,0.0,5
vogn,standard,,,0.08,mutual_information,clean,0.4,5,selective_risk,0.0,0.0,0.0,0.0,0.0,5
vogn,standard,,,0.08,mutual_information,clean,0.5,5,selective_risk,0.024,0.03577708763999664,0.016,-0.020415999999999997,0.068416,5
vogn,standard,,,0.08,mutual_information,clean,0.6,5,selective_risk,0.04666666666666667,0.0447213595499958,0.020000000000000004,-0.008853333333333338,0.10218666666666668,5
vogn,standard,,,0.08,mutual_information,clean,0.7,5,selective_risk,0.07428571428571427,0.04333071682315172,0.019378085666072194,0.02049214847669787,0.12807928009473069,5
vogn,standard,,,0.08,mutual_information,clean,0.8,5,selective_risk,0.11000000000000001,0.022360679774997897,0.01,0.08224000000000001,0.13776000000000002,5
vogn,standard,,,0.08,mutual_information,clean,0.9,5,selective_risk,0.13777777777777778,0.04274529791482522,0.01911627837120584,0.08471098901931037,0.19084456653624518,5
vogn,standard,,,0.08,mutual_information,clean,1.0,5,selective_risk,0.20800000000000002,0.030331501776206197,0.013564659966250532,0.17034450393368855,0.24565549606631149,5
vogn,standard,,,0.08,mutual_information,delta,0.1,5,selective_risk,0.4800000000000001,0.3346640106136302,0.14966629547095764,0.06452636377262172,0.8954736362273785,5
vogn,standard,,,0.08,mutual_information,delta,0.2,5,selective_risk,0.33999999999999997,0.11401754250991379,0.05099019513592784,0.1984512183026643,0.4815487816973356,5
vogn,standard,,,0.08,mutual_information,delta,0.3,5,selective_risk,0.29333333333333333,0.05962847939999438,0.02666666666666666,0.2193066666666667,0.36735999999999996,5
vogn,standard,,,0.08,mutual_information,delta,0.4,5,selective_risk,0.27999999999999997,0.06708203932499368,0.029999999999999995,0.19672,0.36327999999999994,5
vogn,standard,,,0.08,mutual_information,delta,0.5,5,selective_risk,0.256,0.035777087639996645,0.016000000000000004,0.211584,0.300416,5
vogn,standard,,,0.08,mutual_information,delta,0.6,5,selective_risk,0.24666666666666667,0.06912147117775906,0.03091206165165234,0.16085478352167978,0.3324785498116536,5
vogn,standard,,,0.08,mutual_information,delta,0.7,5,selective_risk,0.2457142857142857,0.043330716823151705,0.019378085666072187,0.19192071990526932,0.29950785152330206,5
vogn,standard,,,0.08,mutual_information,delta,0.8,5,selective_risk,0.24500000000000002,0.041079191812887474,0.018371173070873843,0.19400162355525424,0.2959983764447458,5
vogn,standard,,,0.08,mutual_information,delta,0.9,5,selective_risk,0.2311111111111111,0.03370166864022911,0.015071844406945038,0.18927167103743167,0.2729505511847905,5
vogn,standard,,,0.08,mutual_information,delta,1.0,5,selective_risk,0.20800000000000002,0.030331501776206197,0.013564659966250532,0.17034450393368855,0.24565549606631149,5
vogn,standard,,,0.08,one_minus_confidence,adv,0.1,5,selective_risk,0.0,0.0,0.0,0.0,0.0,5
vogn,standard,,,0.08,one_minus_confidence,adv,0.2,5,selective_risk,0.02,0.044721359549995794,0.02,-0.035519999999999996,0.07552,5
vogn,standard,,,0.08,one_minus_confidence,adv,0.3,5,selective_risk,0.06666666666666667,0.0,0.0,0.06666666666666667,0.06666666666666667,5
vogn,standard,,,0.08,one_minus_confidence,adv,0.4,5,selective_risk,0.07,0.027386127875258306,0.012247448713915891,0.036001082370169496,0.10399891762983052,5
vogn,standard,,,0.08,one_minus_confidence,adv,0.5,5,selective_risk,0.096,0.021908902300206638,0.00979795897113271,0.0688008658961356,0.1231991341038644,5
vogn,standard,,,0.08,one_minus_confidence,adv,0.6,5,selective_risk,0.09333333333333334,0.03651483716701107,0.01632993161855452,0.048001443160226,0.13866522350644067,5
vogn,standard,,,0.08,one_minus_confidence,adv,0.7,5,selective_risk,0.15428571428571428,0.025555062599997604,0.011428571428571432,0.12255999999999997,0.18601142857142858,5
vogn,standard,,,0.08,one_minus_confidence,adv,0.8,5,selective_risk,0.155,0.02738612787525831,0.012247448713915891,0.12100108237016949,0.1889989176298305,5
vogn,standard,,,0.08,one_minus_confidence,adv,0.9,5,selective_risk,0.16444444444444445,0.019876159799998135,0.00888888888888889,0.1397688888888889,0.18912,5
vogn,standard,,,0.08,one_minus_confidence,adv,1.0,5,selective_risk,0.20800000000000002,0.030331501776206197,0.013564659966250532,0.17034450393368855,0.24565549606631149,5
vogn,standard,,,0.08,one_minus_confidence,clean,0.1,5,selective_risk,0.0,0.0,0.0,0.0,0.0,5
vogn,standard,,,0.08,one_minus_confidence,clean,0.2,5,selective_risk,0.0,0.0,0.0,0.0,0.0,5
vogn,standard,,,0.08,one_minus_confidence,clean,0.3,5,selective_risk,0.0,0.0,0.0,0.0,0.0,5
vogn,standard,,,0.08,one_minus_confidence,clean,0.4,5,selective_risk,0.0,0.0,0.0,0.0,0.0,5
vogn,standard,,,0.08,one_minus_confidence,clean,0.5,5,selective_risk,0.0,0.0,0.0,0.0,0.0,5
vogn,standard,,,0.08,one_minus_confidence,clean,0.6,5,selective_risk,0.013333333333333332,0.018257418583505537,0.00816496580927726,-0.009332611753220338,0.035999278419887,5
vogn,standard,,,0.08,one_minus_confidence,clean,0.7,5,selective_risk,0.039999999999999994,0.025555062599997593,0.011428571428571427,0.008274285714285713,0.07172571428571428,5
vogn,standard,,,0.08,one_minus_confidence,clean,0.8,5,selective_risk,0.095,0.027386127875258306,0.012247448713915891,0.06100108237016949,0.1289989176298305,5
vogn,standard,,,0.08,one_minus_confidence,clean,0.9,5,selective_risk,0.13777777777777778,0.04274529791482522,0.01911627837120584,0.08471098901931037,0.19084456653624518,5
vogn,standard,,,0.08,one_minus_confidence,clean,1.0,5,selective_risk,0.20800000000000002,0.030331501776206197,0.013564659966250532,0.17034450393368855,0.24565549606631149,5
vogn,standard,,,0.08,one_minus_confidence,delta,0.1,5,selective_risk,0.32,0.22803508501982758,0.10198039027185568,0.03690243660532866,0.6030975633946714,5
vogn,standard,,,0.08,one_minus_confidence,delta,0.2,5,selective_risk,0.22000000000000003,0.130384048104053,0.05830951894845301,0.05813277539909448,0.3818672246009056,5
vogn,standard,,,0.08,one_minus_confidence,delta,0.3,5,selective_risk,0.18666666666666668,0.08692269873603531,0.038873012632302,0.07875518359939633,0.29457814973393703,5
vogn,standard,,,0.08,one_minus_confidence,delta,0.4,5,selective_risk,0.15,0.07071067811865475,0.03162277660168379,0.062215172153725795,0.2377848278462742,5
vogn,standard,,,0.08,one_minus_confidence,delta,0.5,5,selective_risk,0.16000000000000003,0.04898979485566357,0.02190890230020665,0.09918088721462638,0.2208191127853737,5
vogn,standard,,,0.08,one_minus_confidence,delta,0.6,5,selective_risk,0.1733333333333333,0.05962847939999438,0.02666666666666666,0.09930666666666667,0.24735999999999997,5
vogn,standard,,,0.08,one_minus_confidence,delta,0.7,5,selective_risk,0.17142857142857143,0.04948716593053935,0.02213133340689952,0.10999198989101837,0.23286515296612448,5
vogn,standard,,,0.08,one_minus_confidence,delta,0.8,5,selective_risk,0.17,0.048088460154178364,0.021505813167606566,0.11029986264672419,0.22970013735327582,5
vogn,standard,,,0.08,one_minus_confidence,delta,0.9,5,selective_risk,0.18666666666666668,0.02533723166886973,0.01133115447465063,0.15521138184503652,0.21812195148829683,5
vogn,standard,,,0.08,one_minus_confidence,delta,1.0,5,selective_risk,0.20800000000000002,0.030331501776206197,0.013564659966250532,0.17034450393368855,0.24565549606631149,5
vogn,standard,,,0.1,mutual_information,adv,0.1,5,selective_risk,0.36,0.0894427190999916,0.04000000000000001,0.24895999999999996,0.47104,5
vogn,standard,,,0.1,mutual_information,adv,0.2,5,selective_risk,0.41999999999999993,0.10954451150103323,0.048989794855663564,0.2840043294806779,0.555995670519322,5
vogn,standard,,,0.1,mutual_information,adv,0.3,5,selective_risk,0.4,0.08164965809277261,0.03651483716701107,0.2986348120243773,0.5013651879756228,5
vogn,standard,,,0.1,mutual_information,adv,0.4,5,selective_risk,0.4,0.05000000000000002,0.022360679774997904,0.33792675294460583,0.4620732470553942,5
vogn,standard,,,0.1,mutual_information,adv,0.5,5,selective_risk,0.40800000000000003,0.04381780460041328,0.019595917942265423,0.3536017317922712,0.46239826820772884,5
vogn,standard,,,0.1,mutual_information,adv,0.6,5,selective_risk,0.4,0.052704627669473,0.023570226039551587,0.3345690525142048,0.4654309474857952,5
vogn,standard,,,0.1,mutual_information,adv,0.7,5,selective_risk,0.4057142857142857,0.03725258517258655,0.01665986255670085,0.3594665072568841,0.45196206417168727,5
vogn,standard,,,0.1,mutual_information,adv,0.8,5,selective_risk,0.4,0.049999999999999996,0.022360679774997894,0.3379267529446059,0.46207324705539415,5
vogn,standard,,,0.1,mutual_information,adv,0.9,5,selective_risk,0.40444444444444444,0.0329608821648696,0.01474055462380177,0.3635246648087707,0.44536422408011817,5
vogn,standard,,,0.1,mutual_information,adv,1.0,5,selective_risk,0.40800000000000003,0.02683281572999747,0.011999999999999997,0.374688,0.44131200000000004,5
vogn,standard,,,0.1,mutual_information,clean,0.1,5,selective_risk,0.04,0.08944271909999159,0.04,-0.07103999999999999,0.15104,5
vogn,standard,,,0.1,mutual_information,clean,0.2,5,selective_risk,0.02,0.044721359549995794,0.02,-0.035519999999999996,0.07552,5
vogn,standard,,,0.1,mutual_information,clean,0.3,5,selective_risk,0.05333333333333333,0.0557773351022717,0.024944382578492942,-0.015912272704563066,0.12257893937122973,5
vogn,standard,,,0.1,mutual_information,clean,0.4,5,selective_risk,0.07999999999999999,0.057008771254956896,0.02549509756796392,0.009225609151332151,0.15077439084866784,5
vogn,standard,,,0.1,mutual_information,clean,0.5,5,selective_risk,0.12,0.0282842712474619,0.012649110640673518,0.0848860688614903,0.1551139311385097,5
vogn,standard,,,0.1,mutual_information,clean,0.6,5,selective_risk,0.18,0.029814239699997202,0.013333333333333336,0.14298666666666665,0.21701333333333334,5
vogn,standard,,,0.1,mutual_information,clean,0.7,5,selective_risk,0.2457142857142857,0.01564921592871902,0.006998542122237646,0.22628633278295399,0.26514223864561737,5
vogn,standard,,,0.1,mutual_information,clean,0.8,5,selective_risk,0.3,0.017677669529663684,0.007905694150420946,0.2780537930384314,0.32194620696156856,5
vogn,standard,,,0.1,mutual_information,clean,0.9,5,selective_risk,0.34222222222222226,0.029814239699997216,0.013333333333333341,0.3052088888888889,0.3792355555555556,5
vogn,standard,,,0.1,mutual_information,clean,1.0,5,selective_risk,0.40800000000000003,0.02683281572999747,0.011999999999999997,0.374688,0.44131200000000004,5
vogn,standard,,,0.1,mutual_information,delta,0.1,5,selective_risk,0.8,0.2449489742783178,0.10954451150103321,0.4959044360731319,1.1040955639268681,5
vogn,standard,,,0.1,mutual_information,delta,0.2,5,selective_risk,0.64,0.0547722557505166,0.024494897427831775,0.572002164740339,0.707997835259661,5
vogn,standard,,,0.1,mutual_information,delta,0.3,5,selective_risk,0.5866666666666667,0.0869226987360353,0.038873012632301994,0.47875518359939634,0.694578149733937,5
vogn,standard,,,0.1,mutual_information,delta,0.4,5,selective_risk,0.57,0.057008771254956896,0.02549509756796392,0.49922560915133213,0.6407743908486678,5
vogn,standard,,,0.1,mutual_information,delta,0.5,5,selective_risk,0.544,0.035777087639996624,0.015999999999999993,0.4995840000000001,0.588416,5
vogn,standard,,,0.1,mutual_information,delta,0.6,5,selective_risk,0.5,0.04082482904638629,0.01825741858350553,0.44931740601218867,0.5506825939878114,5
vogn,standard,,,0.1,mutual_information,delta,0.7,5,selective_risk,0.4685714285714286,0.055695967684622635,0.024907993963089556,0.399426837329892,0.5377160198129651,5
vogn,standard,,,0.1,mutual_information,delta,0.8,5,selective_risk,0.445,0.054198708471697,0.024238399287081644,0.3777142035790614,0.5122857964209386,5
vogn,standard,,,0.1,mutual_information,delta,0.9,5,selective_risk,0.43111111111111117,0.03370166864022912,0.015071844406945041,0.38927167103743177,0.47295055118479057,5
vogn,standard,,,0.1,mutual_information,delta,1.0,5,selective_risk,0.40800000000000003,0.02683281572999747,0.011999999999999997,0.374688,0.44131200000000004,5
vogn,standard,,,0.1,one_minus_confidence,adv,0.1,5,selective_risk,0.2,0.0,0.0,0.2,0.2,5
vogn,standard,,,0.1,one_minus_confidence,adv,0.2,5,selective_risk,0.22000000000000003,0.04472135954999579,0.019999999999999997,0.16448000000000004,0.27552,5
vogn,standard,,,0.1,one_minus_confidence,adv,0.3,5,selective_risk,0.30666666666666664,0.036514837167011066,0.016329931618554516,0.2613347764935593,0.351998556839774,5
vogn,standard,,,0.1,one_minus_confidence,adv,0.4,5,selective_risk,0.33,0.05700877125495691,0.025495097567963927,0.2592256091513322,0.40077439084866784,5
vogn,standard,,,0.1,one_minus_confidence,adv,0.5,5,selective_risk,0.344,0.07797435475847173,0.034871191548325395,0.24719757226184869,0.44080242773815126,5
vogn,standard,,,0.1,one_minus_confidence,adv,0.6,5,selective_risk,0.3533333333333334,0.06497862896539311,0.029059326290271165,0.27266464355154063,0.43400202311512615,5
vogn,standard,,,0.1,one_minus_confidence,adv,0.7,5,selective_risk,0.37142857142857144,0.04517539514526256,0.020203050891044214,0.3153449021550327,0.4275122407021102,5
vogn,standard,,,0.1,one_minus_confidence,adv,0.8,5,selective_risk,0.38499999999999995,0.028504385627478455,0.012747548783981964,0.349612804575666,0.4203871954243339,5
vogn,standard,,,0.1,one_minus_confidence,adv,0.9,5,selective_risk,0.39555555555555555,0.02897423291201177,0.012957670877434,0.3595850611997988,0.4315260499113123,5
vogn,standard,,,0.1,one_minus_confidence,adv,1.0,5,selective_risk,0.40800000000000003,0.02683281572999747,0.011999999999999997,0.374688,0.44131200000000004,5
vogn,standard,,,0.1,one_minus_confidence,clean,0.1,5,selective_risk,0.04,0.08944271909999159,0.04,-0.07103999999999999,0.15104,5
vogn,standard,,,0.1,one_minus_confidence,clean,0.2,5,selective_risk,0.02,0.044721359549995794,0.02,-0.035519999999999996,0.07552,5
vogn,standard,,,0.1,one_minus_confidence,clean,0.3,5,selective_risk,0.013333333333333332,0.02981423969999719,0.01333333333333333,-0.02367999999999999,0.05034666666666665,5
vogn,standard,,,0.1,one_minus_confidence,clean,0.4,5,selective_risk,0.05,0.05,0.022360679774997897,-0.012073247055394157,0.11207324705539416,5
vogn,standard,,,0.1,one_minus_confidence,clean,0.5,5,selective_risk,0.08,0.04898979485566356,0.02190890230020664,0.019180887214626366,0.14081911278537362,5
vogn,standard,,,0.1,one_minus_confidence,clean,0.6,5,selective_risk,0.14666666666666667,0.018257418583505533,0.008164965809277258,0.124000721580113,0.16933261175322034,5
vogn,standard,,,0.1,one_minus_confidence,clean,0.7,5,selective_risk,0.22285714285714286,0.02390457218668786,0.010690449676496969,0.1931804545551873,0.25253383115909844,5
vogn,standard,,,0.1,one_minus_confidence,clean,0.8,5,selective_risk,0.275,0.017677669529663684,0.007905694150420946,0.25305379303843145,0.2969462069615686,5
vogn,standard,,,0.1,one_minus_confidence,clean,0.9,5,selective_risk,0.34222222222222226,0.029814239699997216,0.013333333333333341,0.3052088888888889,0.3792355555555556,5
vogn,standard,,,0.1,one_minus_confidence,clean,1.0,5,selective_risk,0.40800000000000003,0.02683281572999747,0.011999999999999997,0.374688,0.44131200000000004,5
vogn,standard,,,0.1,one_minus_confidence,delta,0.1,5,selective_risk,0.64,0.2607680962081059,0.11661903789690599,0.316265550798189,0.963734449201811,5
vogn,standard,,,0.1,one_minus_confidence,delta,0.2,5,selective_risk,0.48,0.08366600265340754,0.0374165738677394,0.3761315909431554,0.5838684090568446,5
vogn,standard,,,0.1,one_minus_confidence,delta,0.3,5,selective_risk,0.4,0.047140452079103175,0.021081851067789197,0.3414767814358172,0.4585232185641828,5
vogn,standard,,,0.1,one_minus_confidence,delta,0.4,5,selective_risk,0.38,0.06708203932499371,0.030000000000000006,0.29672,0.46328,5
vogn,standard,,,0.1,one_minus_confidence,delta,0.5,5,selective_risk,0.384,0.08294576541331086,0.0370944739819828,0.2810257402260158,0.48697425977398423,5
vogn,standard,,,0.1,one_minus_confidence,delta,0.6,5,selective_risk,0.3733333333333333,0.05477225575051663,0.024494897427831785,0.3053354980736723,0.4413311685929943,5
vogn,standard,,,0.1,one_minus_confidence,delta,0.7,5,selective_risk,0.4,0.040406101782088415,0.018070158058105017,0.3498372412307005,0.45016275876929956,5
vogn,standard,,,0.1,one_minus_confidence,delta,0.8,5,selective_risk,0.38499999999999995,0.04183300132670379,0.018708286933869712,0.33306579547157766,0.43693420452842224,5
vogn,standard,,,0.1,one_minus_confidence,delta,0.9,5,selective_risk,0.40888888888888886,0.03718489006818111,0.01662958838566195,0.3627251515302913,0.45505262624748644,5
vogn,standard,,,0.1,one_minus_confidence,delta,1.0,5,selective_risk,0.40800000000000003,0.02683281572999747,0.011999999999999997,0.374688,0.44131200000000004,5
vogn,standard,,,0.15,mutual_information,adv,0.1,5,selective_risk,1.0,0.0,0.0,1.0,1.0,5
vogn,standard,,,0.15,mutual_information,adv,0.2,5,selective_risk,0.9800000000000001,0.04472135954999579,0.019999999999999997,0.9244800000000001,1.03552,5
vogn,standard,,,0.15,mutual_information,adv,0.3,5,selective_risk,0.9733333333333334,0.036514837167011066,0.016329931618554516,0.928001443160226,1.0186652235064406,5
vogn,standard,,,0.15,mutual_information,adv,0.4,5,selective_risk,0.97,0.04472135954999579,0.019999999999999997,0.91448,1.02552,5
vogn,standard,,,0.15,mutual_information,adv,0.5,5,selective_risk,0.944,0.06693280212272605,0.029933259094191533,0.8609052727545242,1.0270947272454756,5
vogn,standard,,,0.15,mutual_information,adv,0.6,5,selective_risk,0.9400000000000001,0.04944132324730441,0.02211083193570266,0.8786203305464895,1.0013796694535106,5
vogn,standard,,,0.15,mutual_information,adv,0.7,5,selective_risk,0.9028571428571428,0.04333071682315173,0.0193780856660722,0.8490635770481264,0.9566507086661592,5
vogn,standard,,,0.15,mutual_information,adv,0.8,5,selective_risk,0.8949999999999999,0.011180339887498959,0.0050000000000000044,0.8811199999999999,0.9088799999999999,5
vogn,standard,,,0.15,mutual_information,adv,0.9,5,selective_risk,0.8755555555555556,0.02533723166886972,0.011331154474650626,0.8441002707339255,0.9070108403771858,5
vogn,standard,,,0.15,mutual_information,adv,1.0,5,selective_risk,0.8480000000000001,0.0268328157299975,0.012000000000000009,0.8146880000000001,0.8813120000000001,5
vogn,standard,,,0.15,mutual_information,clean,0.1,5,selective_risk,0.48,0.22803508501982758,0.10198039027185568,0.19690243660532863,0.7630975633946713,5
vogn,standard,,,0.15,mutual_information,clean,0.2,5,selective_risk,0.54,0.0547722557505166,0.024494897427831775,0.472002164740339,0.607997835259661,5
vogn,standard,,,0.15,mutual_information,clean,0.3,5,selective_risk,0.6266666666666667,0.036514837167011066,0.016329931618554516,0.5813347764935594,0.671998556839774,5
vogn,standard,,,0.15,mutual_information,clean,0.4,5,selective_risk,0.6599999999999999,0.08215838362577489,0.03674234614174766,0.5580032471105084,0.7619967528894914,5
vogn,standard,,,0.15,mutual_information,clean,0.5,5,selective_risk,0.712,0.06572670690061994,0.029393876913398138,0.6304025976884068,0.7935974023115931,5
vogn,standard,,,0.15,mutual_information,clean,0.6,5,selective_risk,0.7466666666666667,0.04472135954999584,0.02000000000000002,0.6911466666666667,0.8021866666666667,5
vogn,standard,,,0.15,mutual_information,clean,0.7,5,selective_risk,0.7828571428571429,0.03833259389999641,0.017142857142857147,0.7352685714285715,0.8304457142857143,5
vogn,standard,,,0.15,mutual_information,clean,0.8,5,selective_risk,0.8100000000000002,0.03354101966249681,0.014999999999999984,0.7683600000000002,0.8516400000000002,5
vogn,standard,,,0.15,mutual_information,clean,0.9,5,selective_risk,0.8311111111111111,0.02981423969999718,0.013333333333333326,0.7940977777777778,0.8681244444444445,5
vogn,standard,,,0.15,mutual_information,clean,1.0,5,selective_risk,0.8480000000000001,0.0268328157299975,0.012000000000000009,0.8146880000000001,0.8813120000000001,5
vogn,standard,,,0.15,mutual_information,delta,0.1,5,selective_risk,1.0,0.0,0.0,1.0,1.0,5
vogn,standard,,,0.15,mutual_information,delta,0.2,5,selective_risk,1.0,0.0,0.0,1.0,1.0,5
vogn,standard,,,0.15,mutual_information,delta,0.3,5,selective_risk,1.0,0.0,0.0,1.0,1.0,5
vogn,standard,,,0.15,mutual_information,delta,0.4,5,selective_risk,0.9800000000000001,0.02738612787525833,0.012247448713915901,0.9460010823701696,1.0139989176298307,5
vogn,standard,,,0.15,mutual_information,delta,0.5,5,selective_risk,0.976,0.035777087639996624,0.015999999999999993,0.931584,1.020416,5
vogn,standard,,,0.15,mutual_information,delta,0.6,5,selective_risk,0.9400000000000001,0.04944132324730441,0.02211083193570266,0.8786203305464895,1.0013796694535106,5
vogn,standard,,,0.15,mutual_information,delta,0.7,5,selective_risk,0.9314285714285715,0.03257644071711824,0.014568627181693675,0.8909860623721899,0.9718710804849531,5
vogn,standard,,,0.15,mutual_information,delta,0.8,5,selective_risk,0.8949999999999999,0.011180339887498959,0.0050000000000000044,0.8811199999999999,0.9088799999999999,5
vogn,standard,,,0.15,mutual_information,delta,0.9,5,selective_risk,0.8800000000000001,0.019876159799998103,0.008888888888888877,0.8553244444444446,0.9046755555555557,5
vogn,standard,,,0.15,mutual_information,delta,1.0,5,selective_risk,0.8480000000000001,0.0268328157299975,0.012000000000000009,0.8146880000000001,0.8813120000000001,5
vogn,standard,,,0.15,one_minus_confidence,adv,0.1,5,selective_risk,1.0,0.0,0.0,1.0,1.0,5
vogn,standard,,,0.15,one_minus_confidence,adv,0.2,5,selective_risk,0.9800000000000001,0.04472135954999578,0.019999999999999993,0.9244800000000001,1.03552,5
vogn,standard,,,0.15,one_minus_confidence,adv,0.3,5,selective_risk,0.9733333333333334,0.036514837167011066,0.016329931618554516,0.928001443160226,1.0186652235064406,5
vogn,standard,,,0.15,one_minus_confidence,adv,0.4,5,selective_risk,0.9200000000000002,0.027386127875258272,0.012247448713915875,0.8860010823701697,0.9539989176298306,5
vogn,standard,,,0.15,one_minus_confidence,adv,0.5,5,selective_risk,0.9040000000000001,0.04560701700396553,0.02039607805437114,0.8473804873210659,0.9606195126789344,5
vogn,standard,,,0.15,one_minus_confidence,adv,0.6,5,selective_risk,0.8866666666666667,0.03800584750330459,0.016996731711975945,0.8394837394342215,0.9338495938991119,5
vogn,standard,,,0.15,one_minus_confidence,adv,0.7,5,selective_risk,0.8685714285714285,0.04333071682315168,0.019378085666072176,0.8147778627624122,0.922364994380445,5
vogn,standard,,,0.15,one_minus_confidence,adv,0.8,5,selective_risk,0.865,0.033541019662496875,0.015000000000000013,0.82336,0.90664,5
vogn,standard,,,0.15,one_minus_confidence,adv,0.9,5,selective_risk,0.8577777777777778,0.03370166864022911,0.015071844406945038,0.8159383377040983,0.8996172178514572,5
vogn,standard,,,0.15,one_minus_confidence,adv,1.0,5,selective_risk,0.8480000000000001,0.0268328157299975,0.012000000000000009,0.8146880000000001,0.8813120000000001,5
vogn,standard,,,0.15,one_minus_confidence,clean,0.1,5,selective_risk,0.4,0.1414213562373095,0.06324555320336758,0.22443034430745162,0.5755696556925485,5
vogn,standard,,,0.15,one_minus_confidence,clean,0.2,5,selective_risk,0.52,0.04472135954999579,0.019999999999999997,0.46448,0.57552,5
vogn,standard,,,0.15,one_minus_confidence,clean,0.3,5,selective_risk,0.6133333333333334,0.055777335102271695,0.02494438257849294,0.544087727295437,0.6825789393712298,5
vogn,standard,,,0.15,one_minus_confidence,clean,0.4,5,selective_risk,0.64,0.08215838362577486,0.036742346141747644,0.5380032471105085,0.7419967528894915,5
vogn,standard,,,0.15,one_minus_confidence,clean,0.5,5,selective_risk,0.712,0.06572670690061994,0.029393876913398138,0.6304025976884068,0.7935974023115931,5
vogn,standard,,,0.15,one_minus_confidence,clean,0.6,5,selective_risk,0.7533333333333333,0.05055250296034371,0.02260776661041758,0.6905741732228141,0.8160924934438525,5
vogn,standard,,,0.15,one_minus_confidence,clean,0.7,5,selective_risk,0.7828571428571429,0.03833259389999641,0.017142857142857147,0.7352685714285715,0.8304457142857143,5
vogn,standard,,,0.15,one_minus_confidence,clean,0.8,5,selective_risk,0.8100000000000002,0.03354101966249681,0.014999999999999984,0.7683600000000002,0.8516400000000002,5
vogn,standard,,,0.15,one_minus_confidence,clean,0.9,5,selective_risk,0.8311111111111111,0.02981423969999718,0.013333333333333326,0.7940977777777778,0.8681244444444445,5
vogn,standard,,,0.15,one_minus_confidence,clean,1.0,5,selective_risk,0.8480000000000001,0.0268328157299975,0.012000000000000009,0.8146880000000001,0.8813120000000001,5
vogn,standard,,,0.15,one_minus_confidence,delta,0.1,5,selective_risk,1.0,0.0,0.0,1.0,1.0,5
vogn,standard,,,0.15,one_minus_confidence,delta,0.2,5,selective_risk,0.9800000000000001,0.04472135954999578,0.019999999999999993,0.9244800000000001,1.03552,5
vogn,standard,,,0.15,one_minus_confidence,delta,0.3,5,selective_risk,0.9733333333333334,0.036514837167011066,0.016329931618554516,0.928001443160226,1.0186652235064406,5
vogn,standard,,,0.15,one_minus_confidence,delta,0.4,5,selective_risk,0.97,0.02738612787525833,0.012247448713915901,0.9360010823701694,1.0039989176298305,5
vogn,standard,,,0.15,one_minus_confidence,delta,0.5,5,selective_risk,0.9120000000000001,0.0438178046004133,0.019595917942265426,0.8576017317922713,0.966398268207729,5
vogn,standard,,,0.15,one_minus_confidence,delta,0.6,5,selective_risk,0.9,0.05270462766947298,0.02357022603955158,0.8345690525142049,0.9654309474857952,5
vogn,standard,,,0.15,one_minus_confidence,delta,0.7,5,selective_risk,0.8742857142857142,0.04333071682315168,0.019378085666072176,0.8204921484766978,0.9280792800947306,5
vogn,standard,,,0.15,one_minus_confidence,delta,0.8,5,selective_risk,0.875,0.046770717334674305,0.020916500663351906,0.8169357941585351,0.9330642058414649,5
vogn,standard,,,0.15,one_minus_confidence,delta,0.9,5,selective_risk,0.8622222222222222,0.03975231959999627,0.01777777777777778,0.8128711111111111,0.9115733333333333,5
vogn,standard,,,0.15,one_minus_confidence,delta,1.0,5,selective_risk,0.8480000000000001,0.0268328157299975,0.012000000000000009,0.8146880000000001,0.8813120000000001,5
