family,condition,train_eps,rob_lam,eps,score,variant,target,n_seeds_present,metric,mean,sd,se,ci_low,ci_high,n_valid
bbb,robust,0.08,0.25,0.01,mutual_information,adv,adv_error,5,auroc,,,,,,0
bbb,robust,0.08,0.25,0.01,mutual_information,adv,adv_error,5,auprc,,,,,,0
bbb,robust,0.08,0.25,0.01,mutual_information,adv,adv_error,5,prevalence,0.0,0.0,0.0,0.0,0.0,5
bbb,robust,0.08,0.25,0.01,mutual_information,adv,adv_error,5,neg_spearman_p_safe,,,,,,0
bbb,robust,0.08,0.25,0.01,mutual_information,adv,adv_error,5,neg_spearman_p_safe_optimistic,,,,,,0
bbb,robust,0.08,0.25,0.01,mutual_information,adv,cert_fail_tau0.5,5,auroc,,,,,,0
bbb,robust,0.08,0.25,0.01,mutual_information,adv,cert_fail_tau0.5,5,auprc,,,,,,0
bbb,robust,0.08,0.25,0.01,mutual_information,adv,cert_fail_tau0.5,5,prevalence,0.0,0.0,0.0,0.0,0.0,5
bbb,robust,0.08,0.25,0.01,mutual_information,adv,cert_fail_tau0.5,5,neg_spearman_p_safe,,,,,,0
bbb,robust,0.08,0.25,0.01,mutual_information,adv,cert_fail_tau0.5,5,neg_spearman_p_safe_optimistic,,,,,,0
bbb,robust,0.08,0.25,0.01,mutual_information,adv,cert_fail_tau0.9,5,auroc,,,,,,0
bbb,robust,0.08,0.25,0.01,mutual_information,adv,cert_fail_tau0.9,5,auprc,,,,,,0
bbb,robust,0.08,0.25,0.01,mutual_information,adv,cert_fail_tau0.9,5,prevalence,0.0,0.0,0.0,0.0,0.0,5
bbb,robust,0.08,0.25,0.01,mutual_information,adv,cert_fail_tau0.9,5,neg_spearman_p_safe,,,,,,0
bbb,robust,0.08,0.25,0.01,mutual_information,adv,cert_fail_tau0.9,5,neg_spearman_p_safe_optimistic,,,,,,0
bbb,robust,0.08,0.25,0.01,mutual_information,adv,cert_fail_tau0.95,5,auroc,,,,,,0
bbb,robust,0.08,0.25,0.01,mutual_information,adv,cert_fail_tau0.95,5,auprc,,,,,,0
bbb,robust,0.08,0.25,0.01,mutual_information,adv,cert_fail_tau0.95,5,prevalence,,,,,,0
bbb,robust,0.08,0.25,0.01,mutual_information,adv,cert_fail_tau0.95,5,neg_spearman_p_safe,,,,,,0
bbb,robust,0.08,0.25,0.01,mutual_information,adv,cert_fail_tau0.95,5,neg_spearman_p_safe_optimistic,,,,,,0
bbb,robust,0.08,0.25,0.01,mutual_information,clean,adv_error,5,auroc,,,,,,0
bbb,robust,0.08,0.25,0.01,mutual_information,clean,adv_error,5,auprc,,,,,,0
bbb,robust,0.08,0.25,0.01,mutual_information,clean,adv_error,5,prevalence,0.0,0.0,0.0,0.0,0.0,5
bbb,robust,0.08,0.25,0.01,mutual_information,clean,adv_error,5,neg_spearman_p_safe,,,,,,0
bbb,robust,0.08,0.25,0.01,mutual_information,clean,adv_error,5,neg_spearman_p_safe_optimistic,,,,,,0
bbb,robust,0.08,0.25,0.01,mutual_information,clean,cert_fail_tau0.5,5,auroc,,,,,,0
bbb,robust,0.08,0.25,0.01,mutual_information,clean,cert_fail_tau0.5,5,auprc,,,,,,0
bbb,robust,0.08,0.25,0.01,mutual_information,clean,cert_fail_tau0.5,5,prevalence,0.0,0.0,0.0,0.0,0.0,5
bbb,robust,0.08,0.25,0.01,mutual_information,clean,cert_fail_tau0.5,5,neg_spearman_p_safe,,,,,,0
bbb,robust,0.08,0.25,0.01,mutual_information,clean,cert_fail_tau0.5,5,neg_spearman_p_safe_optimistic,,,,,,0
bbb,robust,0.08,0.25,0.01,mutual_information,clean,cert_fail_tau0.9,5,auroc,,,,,,0
bbb,robust,0.08,0.25,0.01,mutual_information,clean,cert_fail_tau0.9,5,auprc,,,,,,0
bbb,robust,0.08,0.25,0.01,mutual_information,clean,cert_fail_tau0.9,5,prevalence,0.0,0.0,0.0,0.0,0.0,5
bbb,robust,0.08,0.25,0.01,mutual_information,clean,cert_fail_tau0.9,5,neg_spearman_p_safe,,,,,,0
bbb,robust,0.08,0.25,0.01,mutual_information,clean,cert_fail_tau0.9,5,neg_spearman_p_safe_optimistic,,,,,,0
bbb,robust,0.08,0.25,0.01,mutual_information,clean,cert_fail_tau0.95,5,auroc,,,,,,0
bbb,robust,0.08,0.25,0.01,mutual_information,clean,cert_fail_tau0.95,5,auprc,,,,,,0
bbb,robust,0.08,0.25,0.01,mutual_information,clean,cert_fail_tau0.95,5,prevalence,,,,,,0
bbb,robust,0.08,0.25,0.01,mutual_information,clean,cert_fail_tau0.95,5,neg_spearman_p_safe,,,,,,0
bbb,robust,0.08,0.25,0.01,mutual_information,clean,cert_fail_tau0.95,5,neg_spearman_p_safe_optimistic,,,,,,0
bbb,robust,0.08,0.25,0.01,mutual_information,delta,adv_error,5,auroc,,,,,,0
bbb,robust,0.08,0.25,0.01,mutual_information,delta,adv_error,5,auprc,,,,,,0
bbb,robust,0.08,0.25,0.01,mutual_information,delta,adv_error,5,prevalence,0.0,0.0,0.0,0.0,0.0,5
bbb,robust,0.08,0.25,0.01,mutual_information,delta,adv_error,5,neg_spearman_p_safe,,,,,,0
bbb,robust,0.08,0.25,0.01,mutual_information,delta,adv_error,5,neg_spearman_p_safe_optimistic,,,,,,0
bbb,robust,0.08,0.25,0.01,mutual_information,delta,cert_fail_tau0.5,5,auroc,,,,,,0
bbb,robust,0.08,0.25,0.01,mutual_information,delta,cert_fail_tau0.5,5,auprc,,,,,,0
bbb,robust,0.08,0.25,0.01,mutual_information,delta,cert_fail_tau0.5,5,prevalence,0.0,0.0,0.0,0.0,0.0,5
bbb,robust,0.08,0.25,0.01,mutual_information,delta,cert_fail_tau0.5,5,neg_spearman_p_safe,,,,,,0
bbb,robust,0.08,0.25,0.01,mutual_information,delta,cert_fail_tau0.5,5,neg_spearman_p_safe_optimistic,,,,,,0
bbb,robust,0.08,0.25,0.01,mutual_information,delta,cert_fail_tau0.9,5,auroc,,,,,,0
bbb,robust,0.08,0.25,0.01,mutual_information,delta,cert_fail_tau0.9,5,auprc,,,,,,0
bbb,robust,0.08,0.25,0.01,mutual_information,delta,cert_fail_tau0.9,5,prevalence,0.0,0.0,0.0,0.0,0.0,5
bbb,robust,0.08,0.25,0.01,mutual_information,delta,cert_fail_tau0.9,5,neg_spearman_p_safe,,,,,,0
bbb,robust,0.08,0.25,0.01,mutual_information,delta,cert_fail_tau0.9,5,neg_spearman_p_safe_optimistic,,,,,,0
bbb,robust,0.08,0.25,0.01,mutual_information,delta,cert_fail_tau0.95,5,auroc,,,,,,0
bbb,robust,0.08,0.25,0.01,mutual_information,delta,cert_fail_tau0.95,5,auprc,,,,,,0
bbb,robust,0.08,0.25,0.01,mutual_information,delta,cert_fail_tau0.95,5,prevalence,,,,,,0
bbb,robust,0.08,0.25,0.01,mutual_information,delta,cert_fail_tau0.95,5,neg_spearman_p_safe,,,,,,0
bbb,robust,0.08,0.25,0.01,mutual_information,delta,cert_fail_tau0.95,5,neg_spearman_p_safe_optimistic,,,,,,0
bbb,robust,0.08,0.25,0.01,one_minus_confidence,adv,adv_error,5,auroc,,,,,,0
bbb,robust,0.08,0.25,0.01,one_minus_confidence,adv,adv_error,5,auprc,,,,,,0
bbb,robust,0.08,0.25,0.01,one_minus_confidence,adv,adv_error,5,prevalence,0.0,0.0,0.0,0.0,0.0,5
bbb,robust,0.08,0.25,0.01,one_minus_confidence,adv,adv_error,5,neg_spearman_p_safe,,,,,,0
bbb,robust,0.08,0.25,0.01,one_minus_confidence,adv,adv_error,5,neg_spearman_p_safe_optimistic,,,,,,0
bbb,robust,0.08,0.25,0.01,one_minus_confidence,adv,cert_fail_tau0.5,5,auroc,,,,,,0
bbb,robust,0.08,0.25,0.01,one_minus_confidence,adv,cert_fail_tau0.5,5,auprc,,,,,,0
bbb,robust,0.08,0.25,0.01,one_minus_confidence,adv,cert_fail_tau0.5,5,prevalence,0.0,0.0,0.0,0.0,0.0,5
bbb,robust,0.08,0.25,0.01,one_minus_confidence,adv,cert_fail_tau0.5,5,neg_spearman_p_safe,,,,,,0
bbb,robust,0.08,0.25,0.01,one_minus_confidence,adv,cert_fail_tau0.5,5,neg_spearman_p_safe_optimistic,,,,,,0
bbb,robust,0.08,0.25,0.01,one_minus_confidence,adv,cert_fail_tau0.9,5,auroc,,,,,,0
bbb,robust,0.08,0.25,0.01,one_minus_confidence,adv,cert_fail_tau0.9,5,auprc,,,,,,0
bbb,robust,0.08,0.25,0.01,one_minus_confidence,adv,cert_fail_tau0.9,5,prevalence,0.0,0.0,0.0,0.0,0.0,5
bbb,robust,0.08,0.25,0.01,one_minus_confidence,adv,cert_fail_tau0.9,5,neg_spearman_p_safe,,,,,,0
bbb,robust,0.08,0.25,0.01,one_minus_confidence,adv,cert_fail_tau0.9,5,neg_spearman_p_safe_optimistic,,,,,,0
bbb,robust,0.08,0.25,0.01,one_minus_confidence,adv,cert_fail_tau0.95,5,auroc,,,,,,0
bbb,robust,0.08,0.25,0.01,one_minus_confidence,adv,cert_fail_tau0.95,5,auprc,,,,,,0
bbb,robust,0.08,0.25,0.01,one_minus_confidence,adv,cert_fail_tau0.95,5,prevalence,,,,,,0
bbb,robust,0.08,0.25,0.01,one_minus_confidence,adv,cert_fail_tau0.95,5,neg_spearman_p_safe,,,,,,0
bbb,robust,0.08,0.25,0.01,one_minus_confidence,adv,cert_fail_tau0.95,5,neg_spearman_p_safe_optimistic,,,,,,0
bbb,robust,0.08,0.25,0.01,one_minus_confidence,clean,adv_error,5,auroc,,,,,,0
bbb,robust,0.08,0.25,0.01,one_minus_confidence,clean,adv_error,5,auprc,,,,,,0
bbb,robust,0.08,0.25,0.01,one_minus_confidence,clean,adv_error,5,prevalence,0.0,0.0,0.0,0.0,0.0,5
bbb,robust,0.08,0.25,0.01,one_minus_confidence,clean,adv_error,5,neg_spearman_p_safe,,,,,,0
bbb,robust,0.08,0.25,0.01,one_minus_confidence,clean,adv_error,5,neg_spearman_p_safe_optimistic,,,,,,0
bbb,robust,0.08,0.25,0.01,one_minus_confidence,clean,cert_fail_tau0.5,5,auroc,,,,,,0
bbb,robust,0.08,0.25,0.01,one_minus_confidence,clean,cert_fail_tau0.5,5,auprc,,,,,,0
bbb,robust,0.08,0.25,0.01,one_minus_confidence,clean,cert_fail_tau0.5,5,prevalence,0.0,0.0,0.0,0.0,0.0,5
bbb,robust,0.08,0.25,0.01,one_minus_confidence,clean,cert_fail_tau0.5,5,neg_spearman_p_safe,,,,,,0
bbb,robust,0.08,0.25,0.01,one_minus_confidence,clean,cert_fail_tau0.5,5,neg_spearman_p_safe_optimistic,,,,,,0
bbb,robust,0.08,0.25,0.01,one_minus_confidence,clean,cert_fail_tau0.9,5,auroc,,,,,,0
bbb,robust,0.08,0.25,0.01,one_minus_confidence,clean,cert_fail_tau0.9,5,auprc,,,,,,0
bbb,robust,0.08,0.25,0.01,one_minus_confidence,clean,cert_fail_tau0.9,5,prevalence,0.0,0.0,0.0,0.0,0.0,5
bbb,robust,0.08,0.25,0.01,one_minus_confidence,clean,cert_fail_tau0.9,5,neg_spearman_p_safe,,,,,,0
bbb,robust,0.08,0.25,0.01,one_minus_confidence,clean,cert_fail_tau0.9,5,neg_spearman_p_safe_optimistic,,,,,,0
bbb,robust,0.08,0.25,0.01,one_minus_confidence,clean,cert_fail_tau0.95,5,auroc,,,,,,0
bbb,robust,0.08,0.25,0.01,one_minus_confidence,clean,cert_fail_tau0.95,5,auprc,,,,,,0
bbb,robust,0.08,0.25,0.01,one_minus_confidence,clean,cert_fail_tau0.95,5,prevalence,,,,,,0
bbb,robust,0.08,0.25,0.01,one_minus_confidence,clean,cert_fail_tau0.95,5,neg_spearman_p_safe,,,,,,0
bbb,robust,0.08,0.25,0.01,one_minus_confidence,clean,cert_fail_tau0.95,5,neg_spearman_p_safe_optimistic,,,,,,0
bbb,robust,0.08,0.25,0.01,one_minus_confidence,delta,adv_error,5,auroc,,,,,,0
bbb,robust,0.08,0.25,0.01,one_minus_confidence,delta,adv_error,5,auprc,,,,,,0
bbb,robust,0.08,0.25,0.01,one_minus_confidence,delta,adv_error,5,prevalence,0.0,0.0,0.0,0.0,0.0,5
bbb,robust,0.08,0.25,0.01,one_minus_confidence,delta,adv_error,5,neg_spearman_p_safe,,,,,,0
bbb,robust,0.08,0.25,0.01,one_minus_confidence,delta,adv_error,5,neg_spearman_p_safe_optimistic,,,,,,0
bbb,robust,0.08,0.25,0.01,one_minus_confidence,delta,cert_fail_tau0.5,5,auroc,,,,,,0
bbb,robust,0.08,0.25,0.01,one_minus_confidence,delta,cert_fail_tau0.5,5,auprc,,,,,,0
bbb,robust,0.08,0.25,0.01,one_minus_confidence,delta,cert_fail_tau0.5,5,prevalence,0.0,0.0,0.0,0.0,0.0,5
bbb,robust,0.08,0.25,0.01,one_minus_confidence,delta,cert_fail_tau0.5,5,neg_spearman_p_safe,,,,,,0
bbb,robust,0.08,0.25,0.01,one_minus_confidence,delta,cert_fail_tau0.5,5,neg_spearman_p_safe_optimistic,,,,,,0
bbb,robust,0.08,0.25,0.01,one_minus_confidence,delta,cert_fail_tau0.9,5,auroc,,,,,,0
bbb,robust,0.08,0.25,0.01,one_minus_confidence,delta,cert_fail_tau0.9,5,auprc,,,,,,0
bbb,robust,0.08,0.25,0.01,one_minus_confidence,delta,cert_fail_tau0.9,5,prevalence,0.0,0.0,0.0,0.0,0.0,5
bbb,robust,0.08,0.25,0.01,one_minus_confidence,delta,cert_fail_tau0.9,5,neg_spearman_p_safe,,,,,,0
bbb,robust,0.08,0.25,0.01,one_minus_confidence,delta,cert_fail_tau0.9,5,neg_spearman_p_safe_optimistic,,,,,,0
bbb,robust,0.08,0.25,0.01,one_minus_confidence,delta,cert_fail_tau0.95,5,auroc,,,,,,0
bbb,robust,0.08,0.25,0.01,one_minus_confidence,delta,cert_fail_tau0.95,5,auprc,,,,,,0
bbb,robust,0.08,0.25,0.01,one_minus_confidence,delta,cert_fail_tau0.95,5,prevalence,,,,,,0
bbb,robust,0.08,0.25,0.01,one_minus_confidence,delta,cert_fail_tau0.95,5,neg_spearman_p_safe,,,,,,0
bbb,robust,0.08,0.25,0.01,one_minus_confidence,delta,cert_fail_tau0.95,5,neg_spearman_p_safe_optimistic,,,,,,0
bbb,robust,0.08,0.25,0.03,mutual_information,adv,adv_error,5,auroc,,,,,,0
bbb,robust,0.08,0.25,0.03,mutual_information,adv,adv_error,5,auprc,,,,,,0
bbb,robust,0.08,0.25,0.03,mutual_information,adv,adv_error,5,prevalence,0.0,0.0,0.0,0.0,0.0,5
bbb,robust,0.08,0.25,0.03,mutual_information,adv,adv_error,5,neg_spearman_p_safe,,,,,,0
bbb,robust,0.08,0.25,0.03,mutual_information,adv,adv_error,5,neg_spearman_p_safe_optimistic,,,,,,0
bbb,robust,0.08,0.25,0.03,mutual_information,adv,cert_fail_tau0.5,5,auroc,,,,,,0
bbb,robust,0.08,0.25,0.03,mutual_information,adv,cert_fail_tau0.5,5,auprc,,,,,,0
bbb,robust,0.08,0.25,0.03,mutual_information,adv,cert_fail_tau0.5,5,prevalence,,,,,,0
bbb,robust,0.08,0.25,0.03,mutual_information,adv,cert_fail_tau0.5,5,neg_spearman_p_safe,,,,,,0
bbb,robust,0.08,0.25,0.03,mutual_information,adv,cert_fail_tau0.5,5,neg_spearman_p_safe_optimistic,,,,,,0
bbb,robust,0.08,0.25,0.03,mutual_information,adv,cert_fail_tau0.9,5,auroc,,,,,,0
bbb,robust,0.08,0.25,0.03,mutual_information,adv,cert_fail_tau0.9,5,auprc,,,,,,0
bbb,robust,0.08,0.25,0.03,mutual_information,adv,cert_fail_tau0.9,5,prevalence,,,,,,0
bbb,robust,0.08,0.25,0.03,mutual_information,adv,cert_fail_tau0.9,5,neg_spearman_p_safe,,,,,,0
bbb,robust,0.08,0.25,0.03,mutual_information,adv,cert_fail_tau0.9,5,neg_spearman_p_safe_optimistic,,,,,,0
bbb,robust,0.08,0.25,0.03,mutual_information,adv,cert_fail_tau0.95,5,auroc,,,,,,0
bbb,robust,0.08,0.25,0.03,mutual_information,adv,cert_fail_tau0.95,5,auprc,,,,,,0
bbb,robust,0.08,0.25,0.03,mutual_information,adv,cert_fail_tau0.95,5,prevalence,,,,,,0
bbb,robust,0.08,0.25,0.03,mutual_information,adv,cert_fail_tau0.95,5,neg_spearman_p_safe,,,,,,0
bbb,robust,0.08,0.25,0.03,mutual_information,adv,cert_fail_tau0.95,5,neg_spearman_p_safe_optimistic,,,,,,0
bbb,robust,0.08,0.25,0.03,mutual_information,clean,adv_error,5,auroc,,,,,,0
bbb,robust,0.08,0.25,0.03,mutual_information,clean,adv_error,5,auprc,,,,,,0
bbb,robust,0.08,0.25,0.03,mutual_information,clean,adv_error,5,prevalence,0.0,0.0,0.0,0.0,0.0,5
bbb,robust,0.08,0.25,0.03,mutual_information,clean,adv_error,5,neg_spearman_p_safe,,,,,,0
bbb,robust,0.08,0.25,0.03,mutual_information,clean,adv_error,5,neg_spearman_p_safe_optimistic,,,,,,0
bbb,robust,0.08,0.25,0.03,mutual_information,clean,cert_fail_tau0.5,5,auroc,,,,,,0
bbb,robust,0.08,0.25,0.03,mutual_information,clean,cert_fail_tau0.5,5,auprc,,,,,,0
bbb,robust,0.08,0.25,0.03,mutual_information,clean,cert_fail_tau0.5,5,prevalence,,,,,,0
bbb,robust,0.08,0.25,0.03,mutual_information,clean,cert_fail_tau0.5,5,neg_spearman_p_safe,,,,,,0
bbb,robust,0.08,0.25,0.03,mutual_information,clean,cert_fail_tau0.5,5,neg_spearman_p_safe_optimistic,,,,,,0
bbb,robust,0.08,0.25,0.03,mutual_information,clean,cert_fail_tau0.9,5,auroc,,,,,,0
bbb,robust,0.08,0.25,0.03,mutual_information,clean,cert_fail_tau0.9,5,auprc,,,,,,0
bbb,robust,0.08,0.25,0.03,mutual_information,clean,cert_fail_tau0.9,5,prevalence,,,,,,0
bbb,robust,0.08,0.25,0.03,mutual_information,clean,cert_fail_tau0.9,5,neg_spearman_p_safe,,,,,,0
bbb,robust,0.08,0.25,0.03,mutual_information,clean,cert_fail_tau0.9,5,neg_spearman_p_safe_optimistic,,,,,,0
bbb,robust,0.08,0.25,0.03,mutual_information,clean,cert_fail_tau0.95,5,auroc,,,,,,0
bbb,robust,0.08,0.25,0.03,mutual_information,clean,cert_fail_tau0.95,5,auprc,,,,,,0
bbb,robust,0.08,0.25,0.03,mutual_information,clean,cert_fail_tau0.95,5,prevalence,,,,,,0
bbb,robust,0.08,0.25,0.03,mutual_information,clean,cert_fail_tau0.95,5,neg_spearman_p_safe,,,,,,0
bbb,robust,0.08,0.25,0.03,mutual_information,clean,cert_fail_tau0.95,5,neg_spearman_p_safe_optimistic,,,,,,0
bbb,robust,0.08,0.25,0.03,mutual_information,delta,adv_error,5,auroc,,,,,,0
bbb,robust,0.08,0.25,0.03,mutual_information,delta,adv_error,5,auprc,,,,,,0
bbb,robust,0.08,0.25,0.03,mutual_information,delta,adv_error,5,prevalence,0.0,0.0,0.0,0.0,0.0,5
bbb,robust,0.08,0.25,0.03,mutual_information,delta,adv_error,5,neg_spearman_p_safe,,,,,,0
bbb,robust,0.08,0.25,0.03,mutual_information,delta,adv_error,5,neg_spearman_p_safe_optimistic,,,,,,0
bbb,robust,0.08,0.25,0.03,mutual_information,delta,cert_fail_tau0.5,5,auroc,,,,,,0
bbb,robust,0.08,0.25,0.03,mutual_information,delta,cert_fail_tau0.5,5,auprc,,,,,,0
bbb,robust,0.08,0.25,0.03,mutual_information,delta,cert_fail_tau0.5,5,prevalence,,,,,,0
bbb,robust,0.08,0.25,0.03,mutual_information,delta,cert_fail_tau0.5,5,neg_spearman_p_safe,,,,,,0
bbb,robust,0.08,0.25,0.03,mutual_information,delta,cert_fail_tau0.5,5,neg_spearman_p_safe_optimistic,,,,,,0
bbb,robust,0.08,0.25,0.03,mutual_information,delta,cert_fail_tau0.9,5,auroc,,,,,,0
bbb,robust,0.08,0.25,0.03,mutual_information,delta,cert_fail_tau0.9,5,auprc,,,,,,0
bbb,robust,0.08,0.25,0.03,mutual_information,delta,cert_fail_tau0.9,5,prevalence,,,,,,0
bbb,robust,0.08,0.25,0.03,mutual_information,delta,cert_fail_tau0.9,5,neg_spearman_p_safe,,,,,,0
bbb,robust,0.08,0.25,0.03,mutual_information,delta,cert_fail_tau0.9,5,neg_spearman_p_safe_optimistic,,,,,,0
bbb,robust,0.08,0.25,0.03,mutual_information,delta,cert_fail_tau0.95,5,auroc,,,,,,0
bbb,robust,0.08,0.25,0.03,mutual_information,delta,cert_fail_tau0.95,5,auprc,,,,,,0
bbb,robust,0.08,0.25,0.03,mutual_information,delta,cert_fail_tau0.95,5,prevalence,,,,,,0
bbb,robust,0.08,0.25,0.03,mutual_information,delta,cert_fail_tau0.95,5,neg_spearman_p_safe,,,,,,0
bbb,robust,0.08,0.25,0.03,mutual_information,delta,cert_fail_tau0.95,5,neg_spearman_p_safe_optimistic,,,,,,0
bbb,robust,0.08,0.25,0.03,one_minus_confidence,adv,adv_error,5,auroc,,,,,,0
bbb,robust,0.08,0.25,0.03,one_minus_confidence,adv,adv_error,5,auprc,,,,,,0
bbb,robust,0.08,0.25,0.03,one_minus_confidence,adv,adv_error,5,prevalence,0.0,0.0,0.0,0.0,0.0,5
bbb,robust,0.08,0.25,0.03,one_minus_confidence,adv,adv_error,5,neg_spearman_p_safe,,,,,,0
bbb,robust,0.08,0.25,0.03,one_minus_confidence,adv,adv_error,5,neg_spearman_p_safe_optimistic,,,,,,0
bbb,robust,0.08,0.25,0.03,one_minus_confidence,adv,cert_fail_tau0.5,5,auroc,,,,,,0
bbb,robust,0.08,0.25,0.03,one_minus_confidence,adv,cert_fail_tau0.5,5,auprc,,,,,,0
bbb,robust,0.08,0.25,0.03,one_minus_confidence,adv,cert_fail_tau0.5,5,prevalence,,,,,,0
bbb,robust,0.08,0.25,0.03,one_minus_confidence,adv,cert_fail_tau0.5,5,neg_spearman_p_safe,,,,,,0
bbb,robust,0.08,0.25,0.03,one_minus_confidence,adv,cert_fail_tau0.5,5,neg_spearman_p_safe_optimistic,,,,,,0
bbb,robust,0.08,0.25,0.03,one_minus_confidence,adv,cert_fail_tau0.9,5,auroc,,,,,,0
bbb,robust,0.08,0.25,0.03,one_minus_confidence,adv,cert_fail_tau0.9,5,auprc,,,,,,0
bbb,robust,0.08,0.25,0.03,one_minus_confidence,adv,cert_fail_tau0.9,5,prevalence,,,,,,0
bbb,robust,0.08,0.25,0.03,one_minus_confidence,adv,cert_fail_tau0.9,5,neg_spearman_p_safe,,,,,,0
bbb,robust,0.08,0.25,0.03,one_minus_confidence,adv,cert_fail_tau0.9,5,neg_spearman_p_safe_optimistic,,,,,,0
bbb,robust,0.08,0.25,0.03,one_minus_confidence,adv,cert_fail_tau0.95,5,auroc,,,,,,0
bbb,robust,0.08,0.25,0.03,one_minus_confidence,adv,cert_fail_tau0.95,5,auprc,,,,,,0
bbb,robust,0.08,0.25,0.03,one_minus_confidence,adv,cert_fail_tau0.95,5,prevalence,,,,,,0
bbb,robust,0.08,0.25,0.03,one_minus_confidence,adv,cert_fail_tau0.95,5,neg_spearman_p_safe,,,,,,0
bbb,robust,0.08,0.25,0.03,one_minus_confidence,adv,cert_fail_tau0.95,5,neg_spearman_p_safe_optimistic,,,,,,0
bbb,robust,0.08,0.25,0.03,one_minus_confidence,clean,adv_error,5,auroc,,,,,,0
bbb,robust,0.08,0.25,0.03,one_minus_confidence,clean,adv_error,5,auprc,,,,,,0
bbb,robust,0.08,0.25,0.03,one_minus_confidence,clean,adv_error,5,prevalence,0.0,0.0,0.0,0.0,0.0,5
bbb,robust,0.08,0.25,0.03,one_minus_confidence,clean,adv_error,5,neg_spearman_p_safe,,,,,,0
bbb,robust,0.08,0.25,0.03,one_minus_confidence,clean,adv_error,5,neg_spearman_p_safe_optimistic,,,,,,0
bbb,robust,0.08,0.25,0.03,one_minus_confidence,clean,cert_fail_tau0.5,5,auroc,,,,,,0
bbb,robust,0.08,0.25,0.03,one_minus_confidence,clean,cert_fail_tau0.5,5,auprc,,,,,,0
bbb,robust,0.08,0.25,0.03,one_minus_confidence,clean,cert_fail_tau0.5,5,prevalence,,,,,,0
bbb,robust,0.08,0.25,0.03,one_minus_confidence,clean,cert_fail_tau0.5,5,neg_spearman_p_safe,,,,,,0
bbb,robust,0.08,0.25,0.03,one_minus_confidence,clean,cert_fail_tau0.5,5,neg_spearman_p_safe_optimistic,,,,,,0
bbb,robust,0.08,0.25,0.03,one_minus_confidence,clean,cert_fail_tau0.9,5,auroc,,,,,,0
bbb,robust,0.08,0.25,0.03,one_minus_confidence,clean,cert_fail_tau0.9,5,auprc,,,,,,0
bbb,robust,0.08,0.25,0.03,one_minus_confidence,clean,cert_fail_tau0.9,5,prevalence,,,,,,0
bbb,robust,0.08,0.25,0.03,one_minus_confidence,clean,cert_fail_tau0.9,5,neg_spearman_p_safe,,,,,,0
bbb,robust,0.08,0.25,0.03,one_minus_confidence,clean,cert_fail_tau0.9,5,neg_spearman_p_safe_optimistic,,,,,,0
bbb,robust,0.08,0.25,0.03,one_minus_confidence,clean,cert_fail_tau0.95,5,auroc,,,,,,0
bbb,robust,0.08,0.25,0.03,one_minus_confidence,clean,cert_fail_tau0.95,5,auprc,,,,,,0
bbb,robust,0.08,0.25,0.03,one_minus_confidence,clean,cert_fail_tau0.95,5,prevalence,,,,,,0
bbb,robust,0.08,0.25,0.03,one_minus_confidence,clean,cert_fail_tau0.95,5,neg_spearman_p_safe,,,,,,0
bbb,robust,0.08,0.25,0.03,one_minus_confidence,clean,cert_fail_tau0.95,5,neg_spearman_p_safe_optimistic,,,,,,0
bbb,robust,0.08,0.25,0.03,one_minus_confidence,delta,adv_error,5,auroc,,,,,,0
bbb,robust,0.08,0.25,0.03,one_minus_confidence,delta,adv_error,5,auprc,,,,,,0
bbb,robust,0.08,0.25,0.03,one_minus_confidence,delta,adv_error,5,prevalence,0.0,0.0,0.0,0.0,0.0,5
bbb,robust,0.08,0.25,0.03,one_minus_confidence,delta,adv_error,5,neg_spearman_p_safe,,,,,,0
bbb,robust,0.08,0.25,0.03,one_minus_confidence,delta,adv_error,5,neg_spearman_p_safe_optimistic,,,,,,0
bbb,robust,0.08,0.25,0.03,one_minus_confidence,delta,cert_fail_tau0.5,5,auroc,,,,,,0
bbb,robust,0.08,0.25,0.03,one_minus_confidence,delta,cert_fail_tau0.5,5,auprc,,,,,,0
bbb,robust,0.08,0.25,0.03,one_minus_confidence,delta,cert_fail_tau0.5,5,prevalence,,,,,,0
bbb,robust,0.08,0.25,0.03,one_minus_confidence,delta,cert_fail_tau0.5,5,neg_spearman_p_safe,,,,,,0
bbb,robust,0.08,0.25,0.03,one_minus_confidence,delta,cert_fail_tau0.5,5,neg_spearman_p_safe_optimistic,,,,,,0
bbb,robust,0.08,0.25,0.03,one_minus_confidence,delta,cert_fail_tau0.9,5,auroc,,,,,,0
bbb,robust,0.08,0.25,0.03,one_minus_confidence,delta,cert_fail_tau0.9,5,auprc,,,,,,0
bbb,robust,0.08,0.25,0.03,one_minus_confidence,delta,cert_fail_tau0.9,5,prevalence,,,,,,0
bbb,robust,0.08,0.25,0.03,one_minus_confidence,delta,cert_fail_tau0.9,5,neg_spearman_p_safe,,,,,,0
bbb,robust,0.08,0.25,0.03,one_minus_confidence,delta,cert_fail_tau0.9,5,neg_spearman_p_safe_optimistic,,,,,,0
bbb,robust,0.08,0.25,0.03,one_minus_confidence,delta,cert_fail_tau0.95,5,auroc,,,,,,0
bbb,robust,0.08,0.25,0.03,one_minus_confidence,delta,cert_fail_tau0.95,5,auprc,,,,,,0
bbb,robust,0.08,0.25,0.03,one_minus_confidence,delta,cert_fail_tau0.95,5,prevalence,,,,,,0
bbb,robust,0.08,0.25,0.03,one_minus_confidence,delta,cert_fail_tau0.95,5,neg_spearman_p_safe,,,,,,0
bbb,robust,0.08,0.25,0.03,one_minus_confidence,delta,cert_fail_tau0.95,5,neg_spearman_p_safe_optimistic,,,,,,0
bbb,robust,0.08,0.25,0.05,mutual_information,adv,adv_error,5,auroc,0.9840425531914894,0.01572592753622942,0.00786296376811471,0.9590226024813484,1.0090625039016303,4
bbb,robust,0.08,0.25,0.05,mutual_information,adv,adv_error,5,auprc,0.7722222222222221,0.22180516419641255,0.11090258209820628,0.4193302059857298,1.1251142384587145,4
bbb,robust,0.08,0.25,0.05,mutual_information,adv,adv_error,5,prevalence,0.039999999999999994,0.0282842712474619,0.012649110640673518,0.00488606886149031,0.07511393113850967,5
bbb,robust,0.08,0.25,0.05,mutual_information,adv,adv_error,5,neg_spearman_p_safe,0.49021427972579257,0.059868359513829454,0.026773944314863782,0.4158898103077307,0.5645387491438544,5
bbb,robust,0.08,0.25,0.05,mutual_information,adv,adv_error,5,neg_spearman_p_safe_optimistic,0.42755148165507373,0.06839695178082172,0.030588046727138534,0.34263906394053717,0.5124638993696102,5
bbb,robust,0.08,0.25,0.05,mutual_information,adv,cert_fail_tau0.5,5,auroc,0.9963768115942029,0.00724637681159418,0.00362318840579709,0.9848478260869565,1.0079057971014491,4
bbb,robust,0.08,0.25,0.05,mutual_information,adv,cert_fail_tau0.5,5,auprc,0.9513888888888888,0.09722222222222221,0.048611111111111105,0.7967083333333334,1.1060694444444443,4
bbb,robust,0.08,0.25,0.05,mutual_information,adv,cert_fail_tau0.5,5,prevalence,0.04081632653061224,0.028861501272920306,0.012907255755789302,0.004985784552541145,0.07664686850868334,5
bbb,robust,0.08,0.25,0.05,mutual_information,adv,cert_fail_tau0.5,5,neg_spearman_p_safe,,,,,,0
bbb,robust,0.08,0.25,0.05,mutual_information,adv,cert_fail_tau0.5,5,neg_spearman_p_safe_optimistic,,,,,,0
bbb,robust,0.08,0.25,0.05,mutual_information,adv,cert_fail_tau0.9,5,auroc,1.0,0.0,0.0,1.0,1.0,5
bbb,robust,0.08,0.25,0.05,mutual_information,adv,cert_fail_tau0.9,5,auprc,1.0,0.0,0.0,1.0,1.0,5
bbb,robust,0.08,0.25,0.05,mutual_information,adv,cert_fail_tau0.9,5,prevalence,0.049759371833839924,0.027355601860937637,0.01223379706529526,0.015798351180580282,0.08372039248709956,5
bbb,robust,0.08,0.25,0.05,mutual_information,adv,cert_fail_tau0.9,5,neg_spearman_p_safe,,,,,,0
bbb,robust,0.08,0.25,0.05,mutual_information,adv,cert_fail_tau0.9,5,neg_spearman_p_safe_optimistic,,,,,,0
bbb,robust,0.08,0.25,0.05,mutual_information,adv,cert_fail_tau0.95,5,auroc,,,,,,0
bbb,robust,0.08,0.25,0.05,mutual_information,adv,cert_fail_tau0.95,5,auprc,1.0,0.0,0.0,1.0,1.0,3
bbb,robust,0.08,0.25,0.05,mutual_information,adv,cert_fail_tau0.95,5,prevalence,1.0,0.0,0.0,1.0,1.0,5
bbb,robust,0.08,0.25,0.05,mutual_information,adv,cert_fail_tau0.95,5,neg_spearman_p_safe,,,,,,0
bbb,robust,0.08,0.25,0.05,mutual_information,adv,cert_fail_tau0.95,5,neg_spearman_p_safe_optimistic,,,,,,0
bbb,robust,0.08,0.25,0.05,mutual_information,clean,adv_error,5,auroc,0.9893617021276595,0.012284048280630353,0.006142024140315176,0.9698177813131766,1.0089056229421425,4
bbb,robust,0.08,0.25,0.05,mutual_information,clean,adv_error,5,auprc,0.9166666666666666,0.09622504486493767,0.048112522432468836,0.7635726202865508,1.0697607130467826,4
bbb,robust,0.08,0.25,0.05,mutual_information,clean,adv_error,5,prevalence,0.039999999999999994,0.0282842712474619,0.012649110640673518,0.00488606886149031,0.07511393113850967,5
bbb,robust,0.08,0.25,0.05,mutual_information,clean,adv_error,5,neg_spearman_p_safe,0.4609694457235654,0.06763999743382504,0.030249526451988824,0.37699676029284446,0.5449421311542864,5
bbb,robust,0.08,0.25,0.05,mutual_information,clean,adv_error,5,neg_spearman_p_safe_optimistic,0.40438006446623626,0.07173357997371875,0.03208023221813054,0.31532533982870586,0.49343478910376665,5
bbb,robust,0.08,0.25,0.05,mutual_information,clean,cert_fail_tau0.5,5,auroc,0.9927536231884058,0.008367395205646723,0.004183697602823362,0.9794410974162219,1.0060661489605898,4
bbb,robust,0.08,0.25,0.05,mutual_information,clean,cert_fail_tau0.5,5,auprc,0.9333333333333333,0.07698003589195009,0.03849001794597504,0.8108580962292408,1.055808570437426,4
bbb,robust,0.08,0.25,0.05,mutual_information,clean,cert_fail_tau0.5,5,prevalence,0.04081632653061224,0.028861501272920306,0.012907255755789302,0.004985784552541145,0.07664686850868334,5
bbb,robust,0.08,0.25,0.05,mutual_information,clean,cert_fail_tau0.5,5,neg_spearman_p_safe,,,,,,0
bbb,robust,0.08,0.25,0.05,mutual_information,clean,cert_fail_tau0.5,5,neg_spearman_p_safe_optimistic,,,,,,0
bbb,robust,0.08,0.25,0.05,mutual_information,clean,cert_fail_tau0.9,5,auroc,0.9600966183574879,0.0751961502622267,0.033628740726525504,0.8667432341006531,1.0534500026143228,5
bbb,robust,0.08,0.25,0.05,mutual_information,clean,cert_fail_tau0.9,5,auprc,0.7788888888888889,0.37762251711477535,0.16887792362064308,0.3100837729179837,1.247694004859794,5
bbb,robust,0.08,0.25,0.05,mutual_information,clean,cert_fail_tau0.9,5,prevalence,0.049759371833839924,0.027355601860937637,0.01223379706529526,0.015798351180580282,0.08372039248709956,5
bbb,robust,0.08,0.25,0.05,mutual_information,clean,cert_fail_tau0.9,5,neg_spearman_p_safe,,,,,,0
bbb,robust,0.08,0.25,0.05,mutual_information,clean,cert_fail_tau0.9,5,neg_spearman_p_safe_optimistic,,,,,,0
bbb,robust,0.08,0.25,0.05,mutual_information,clean,cert_fail_tau0.95,5,auroc,,,,,,0
bbb,robust,0.08,0.25,0.05,mutual_information,clean,cert_fail_tau0.95,5,auprc,1.0,0.0,0.0,1.0,1.0,3
bbb,robust,0.08,0.25,0.05,mutual_information,clean,cert_fail_tau0.95,5,prevalence,1.0,0.0,0.0,1.0,1.0,5
bbb,robust,0.08,0.25,0.05,mutual_information,clean,cert_fail_tau0.95,5,neg_spearman_p_safe,,,,,,0
bbb,robust,0.08,0.25,0.05,mutual_information,clean,cert_fail_tau0.95,5,neg_spearman_p_safe_optimistic,,,,,,0
bbb,robust,0.08,0.25,0.05,mutual_information,delta,adv_error,5,auroc,0.900709219858156,0.1569925079516217,0.07849625397581085,0.6509341397071259,1.150484300009186,4
bbb,robust,0.08,0.25,0.05,mutual_information,delta,adv_error,5,auprc,0.7008333333333333,0.21854998204119294,0.10927499102059647,0.35312031190579535,1.0485463547608713,4
bbb,robust,0.08,0.25,0.05,mutual_information,delta,adv_error,5,prevalence,0.039999999999999994,0.0282842712474619,0.012649110640673518,0.00488606886149031,0.07511393113850967,5
bbb,robust,0.08,0.25,0.05,mutual_information,delta,adv_error,5,neg_spearman_p_safe,0.4427381952442272,0.1313354029995963,0.058734977791885426,0.2796898968939533,0.6057864935945011,5
bbb,robust,0.08,0.25,0.05,mutual_information,delta,adv_error,5,neg_spearman_p_safe_optimistic,0.3702051217929049,0.15326616443503666,0.06854271246548052,0.17993055198873098,0.5604796915970788,5
bbb,robust,0.08,0.25,0.05,mutual_information,delta,cert_fail_tau0.5,5,auroc,0.911231884057971,0.16336522199413764,0.08168261099706882,0.6513178158652979,1.171145952250644,4
bbb,robust,0.08,0.25,0.05,mutual_information,delta,cert_fail_tau0.5,5,auprc,0.8314909297052154,0.1955693990578574,0.0977846995289287,0.5203400158041643,1.1426418436062664,4
bbb,robust,0.08,0.25,0.05,mutual_information,delta,cert_fail_tau0.5,5,prevalence,0.04081632653061224,0.028861501272920306,0.012907255755789302,0.004985784552541145,0.07664686850868334,5
bbb,robust,0.08,0.25,0.05,mutual_information,delta,cert_fail_tau0.5,5,neg_spearman_p_safe,,,,,,0
bbb,robust,0.08,0.25,0.05,mutual_information,delta,cert_fail_tau0.5,5,neg_spearman_p_safe_optimistic,,,,,,0
bbb,robust,0.08,0.25,0.05,mutual_information,delta,cert_fail_tau0.9,5,auroc,0.9333333333333332,0.149071198499986,0.06666666666666668,0.7482666666666665,1.1183999999999998,5
bbb,robust,0.08,0.25,0.05,mutual_information,delta,cert_fail_tau0.9,5,auprc,0.9374149659863946,0.13994439042855827,0.06258503401360545,0.7636789115646259,1.1111510204081634,5
bbb,robust,0.08,0.25,0.05,mutual_information,delta,cert_fail_tau0.9,5,prevalence,0.049759371833839924,0.027355601860937637,0.01223379706529526,0.015798351180580282,0.08372039248709956,5
bbb,robust,0.08,0.25,0.05,mutual_information,delta,cert_fail_tau0.9,5,neg_spearman_p_safe,,,,,,0
bbb,robust,0.08,0.25,0.05,mutual_information,delta,cert_fail_tau0.9,5,neg_spearman_p_safe_optimistic,,,,,,0
bbb,robust,0.08,0.25,0.05,mutual_information,delta,cert_fail_tau0.95,5,auroc,,,,,,0
bbb,robust,0.08,0.25,0.05,mutual_information,delta,cert_fail_tau0.95,5,auprc,1.0,0.0,0.0,1.0,1.0,3
bbb,robust,0.08,0.25,0.05,mutual_information,delta,cert_fail_tau0.95,5,prevalence,1.0,0.0,0.0,1.0,1.0,5
bbb,robust,0.08,0.25,0.05,mutual_information,delta,cert_fail_tau0.95,5,neg_spearman_p_safe,,,,,,0
bbb,robust,0.08,0.25,0.05,mutual_information,delta,cert_fail_tau0.95,5,neg_spearman_p_safe_optimistic,,,,,,0
bbb,robust,0.08,0.25,0.05,one_minus_confidence,adv,adv_error,5,auroc,0.982486611665943,0.00905359853375904,0.00452679926687952,0.9680823363987323,0.9968908869331536,4
bbb,robust,0.08,0.25,0.05,one_minus_confidence,adv,adv_error,5,auprc,0.7180555555555556,0.20474690790411537,0.10237345395205769,0.392303225080108,1.0438078860310032,4
bbb,robust,0.08,0.25,0.05,one_minus_confidence,adv,adv_error,5,prevalence,0.039999999999999994,0.0282842712474619,0.012649110640673518,0.00488606886149031,0.07511393113850967,5
bbb,robust,0.08,0.25,0.05,one_minus_confidence,adv,adv_error,5,neg_spearman_p_safe,0.4867575192411174,0.06577695215867287,0.029416347275908812,0.40509773920319453,0.5684172992790403,5
bbb,robust,0.08,0.25,0.05,one_minus_confidence,adv,adv_error,5,neg_spearman_p_safe_optimistic,0.42567093942456663,0.06834124288054448,0.0305631329495442,0.34082768235663197,0.5105141964925013,5
bbb,robust,0.08,0.25,0.05,one_minus_confidence,adv,cert_fail_tau0.5,5,auroc,0.9963768115942029,0.004183697602823394,0.002091848801411697,0.9897205487081109,1.0030330744802949,4
bbb,robust,0.08,0.25,0.05,one_minus_confidence,adv,cert_fail_tau0.5,5,auprc,0.9583333333333333,0.048112522432468836,0.024056261216234418,0.8817863101432754,1.0348803565233913,4
bbb,robust,0.08,0.25,0.05,one_minus_confidence,adv,cert_fail_tau0.5,5,prevalence,0.04081632653061224,0.028861501272920306,0.012907255755789302,0.004985784552541145,0.07664686850868334,5
bbb,robust,0.08,0.25,0.05,one_minus_confidence,adv,cert_fail_tau0.5,5,neg_spearman_p_safe,,,,,,0
bbb,robust,0.08,0.25,0.05,one_minus_confidence,adv,cert_fail_tau0.5,5,neg_spearman_p_safe_optimistic,,,,,,0
bbb,robust,0.08,0.25,0.05,one_minus_confidence,adv,cert_fail_tau0.9,5,auroc,0.9988888888888889,0.0024845199749997573,0.001111111111111107,0.9958044444444445,1.0019733333333334,5
bbb,robust,0.08,0.25,0.05,one_minus_confidence,adv,cert_fail_tau0.9,5,auprc,0.99,0.022360679774997918,0.010000000000000009,0.96224,1.01776,5
bbb,robust,0.08,0.25,0.05,one_minus_confidence,adv,cert_fail_tau0.9,5,prevalence,0.049759371833839924,0.027355601860937637,0.01223379706529526,0.015798351180580282,0.08372039248709956,5
bbb,robust,0.08,0.25,0.05,one_minus_confidence,adv,cert_fail_tau0.9,5,neg_spearman_p_safe,,,,,,0
bbb,robust,0.08,0.25,0.05,one_minus_confidence,adv,cert_fail_tau0.9,5,neg_spearman_p_safe_optimistic,,,,,,0
bbb,robust,0.08,0.25,0.05,one_minus_confidence,adv,cert_fail_tau0.95,5,auroc,,,,,,0
bbb,robust,0.08,0.25,0.05,one_minus_confidence,adv,cert_fail_tau0.95,5,auprc,1.0,0.0,0.0,1.0,1.0,3
bbb,robust,0.08,0.25,0.05,one_minus_confidence,adv,cert_fail_tau0.95,5,prevalence,1.0,0.0,0.0,1.0,1.0,5
bbb,robust,0.08,0.25,0.05,one_minus_confidence,adv,cert_fail_tau0.95,5,neg_spearman_p_safe,,,,,,0
bbb,robust,0.08,0.25,0.05,one_minus_confidence,adv,cert_fail_tau0.95,5,neg_spearman_p_safe_optimistic,,,,,,0
bbb,robust,0.08,0.25,0.05,one_minus_confidence,clean,adv_error,5,auroc,0.940150528296425,0.05085811449874191,0.025429057249370956,0.8592352681289266,1.0210657884639234,4
bbb,robust,0.08,0.25,0.05,one_minus_confidence,clean,adv_error,5,auprc,0.5404265873015873,0.25899175550318065,0.12949587775159033,0.12837070429602693,0.9524824703071477,4
bbb,robust,0.08,0.25,0.05,one_minus_confidence,clean,adv_error,5,prevalence,0.039999999999999994,0.0282842712474619,0.012649110640673518,0.00488606886149031,0.07511393113850967,5
bbb,robust,0.08,0.25,0.05,one_minus_confidence,clean,adv_error,5,neg_spearman_p_safe,0.40934611461903636,0.07679010465013558,0.03434157879940517,0.3140138918718876,0.5046783373661852,5
bbb,robust,0.08,0.25,0.05,one_minus_confidence,clean,adv_error,5,neg_spearman_p_safe_optimistic,0.3676039467131742,0.07860778805157768,0.03515447152884469,0.27001513374910135,0.46519275967724705,5
bbb,robust,0.08,0.25,0.05,one_minus_confidence,clean,cert_fail_tau0.5,5,auroc,0.9442934782608696,0.048730986109572716,0.024365493054786358,0.8667624793605394,1.0218244771611997,4
bbb,robust,0.08,0.25,0.05,one_minus_confidence,clean,cert_fail_tau0.5,5,auprc,0.5529761904761905,0.2525184935191104,0.1262592467595552,0.1512192672872859,0.9547331136650952,4
bbb,robust,0.08,0.25,0.05,one_minus_confidence,clean,cert_fail_tau0.5,5,prevalence,0.04081632653061224,0.028861501272920306,0.012907255755789302,0.004985784552541145,0.07664686850868334,5
bbb,robust,0.08,0.25,0.05,one_minus_confidence,clean,cert_fail_tau0.5,5,neg_spearman_p_safe,,,,,,0
bbb,robust,0.08,0.25,0.05,one_minus_confidence,clean,cert_fail_tau0.5,5,neg_spearman_p_safe_optimistic,,,,,,0
bbb,robust,0.08,0.25,0.05,one_minus_confidence,clean,cert_fail_tau0.9,5,auroc,0.9020515048729664,0.10026634636451175,0.04484047326531743,0.7775743510884452,1.0265286586574875,5
bbb,robust,0.08,0.25,0.05,one_minus_confidence,clean,cert_fail_tau0.9,5,auprc,0.463003663003663,0.30561946237049337,0.13667717862147244,0.08358781515045555,0.8424195108568705,5
bbb,robust,0.08,0.25,0.05,one_minus_confidence,clean,cert_fail_tau0.9,5,prevalence,0.049759371833839924,0.027355601860937637,0.01223379706529526,0.015798351180580282,0.08372039248709956,5
bbb,robust,0.08,0.25,0.05,one_minus_confidence,clean,cert_fail_tau0.9,5,neg_spearman_p_safe,,,,,,0
bbb,robust,0.08,0.25,0.05,one_minus_confidence,clean,cert_fail_tau0.9,5,neg_spearman_p_safe_optimistic,,,,,,0
bbb,robust,0.08,0.25,0.05,one_minus_confidence,clean,cert_fail_tau0.95,5,auroc,,,,,,0
bbb,robust,0.08,0.25,0.05,one_minus_confidence,clean,cert_fail_tau0.95,5,auprc,1.0,0.0,0.0,1.0,1.0,3
bbb,robust,0.08,0.25,0.05,one_minus_confidence,clean,cert_fail_tau0.95,5,prevalence,1.0,0.0,0.0,1.0,1.0,5
bbb,robust,0.08,0.25,0.05,one_minus_confidence,clean,cert_fail_tau0.95,5,neg_spearman_p_safe,,,,,,0
bbb,robust,0.08,0.25,0.05,one_minus_confidence,clean,cert_fail_tau0.95,5,neg_spearman_p_safe_optimistic,,,,,,0
bbb,robust,0.08,0.25,0.05,one_minus_confidence,delta,adv_error,5,auroc,0.9771674627297726,0.008991973503241352,0.004495986751620676,0.9628612328861156,0.9914736925734297,4
bbb,robust,0.08,0.25,0.05,one_minus_confidence,delta,adv_error,5,auprc,0.6541666666666667,0.14909707667021824,0.07454853833510912,0.41695321768434945,0.8913801156489839,4
bbb,robust,0.08,0.25,0.05,one_minus_confidence,delta,adv_error,5,prevalence,0.039999999999999994,0.0282842712474619,0.012649110640673518,0.00488606886149031,0.07511393113850967,5
bbb,robust,0.08,0.25,0.05,one_minus_confidence,delta,adv_error,5,neg_spearman_p_safe,0.4896198237900281,0.062455441369787985,0.0279309224935197,0.4120835829480174,0.5671560646320388,5
bbb,robust,0.08,0.25,0.05,one_minus_confidence,delta,adv_error,5,neg_spearman_p_safe_optimistic,0.4233419335480768,0.06799819357499717,0.03040971663617662,0.33892456016605055,0.5077593069301031,5
bbb,robust,0.08,0.25,0.05,one_minus_confidence,delta,cert_fail_tau0.5,5,auroc,0.9945652173913043,0.006937877592437215,0.0034689387962186075,0.9835270541417367,1.005603380640872,4
bbb,robust,0.08,0.25,0.05,one_minus_confidence,delta,cert_fail_tau0.5,5,auprc,0.9458333333333333,0.06579288490181673,0.032896442450908364,0.8411568534545428,1.0505098132121238,4
bbb,robust,0.08,0.25,0.05,one_minus_confidence,delta,cert_fail_tau0.5,5,prevalence,0.04081632653061224,0.028861501272920306,0.012907255755789302,0.004985784552541145,0.07664686850868334,5
bbb,robust,0.08,0.25,0.05,one_minus_confidence,delta,cert_fail_tau0.5,5,neg_spearman_p_safe,,,,,,0
bbb,robust,0.08,0.25,0.05,one_minus_confidence,delta,cert_fail_tau0.5,5,neg_spearman_p_safe_optimistic,,,,,,0
bbb,robust,0.08,0.25,0.05,one_minus_confidence,delta,cert_fail_tau0.9,5,auroc,0.9988888888888889,0.0024845199749997573,0.001111111111111107,0.9958044444444445,1.0019733333333334,5
bbb,robust,0.08,0.25,0.05,one_minus_confidence,delta,cert_fail_tau0.9,5,auprc,0.99,0.022360679774997918,0.010000000000000009,0.96224,1.01776,5
bbb,robust,0.08,0.25,0.05,one_minus_confidence,delta,cert_fail_tau0.9,5,prevalence,0.049759371833839924,0.027355601860937637,0.01223379706529526,0.015798351180580282,0.08372039248709956,5
bbb,robust,0.08,0.25,0.05,one_minus_confidence,delta,cert_fail_tau0.9,5,neg_spearman_p_safe,,,,,,0
bbb,robust,0.08,0.25,0.05,one_minus_confidence,delta,cert_fail_tau0.9,5,neg_spearman_p_safe_optimistic,,,,,,0
bbb,robust,0.08,0.25,0.05,one_minus_confidence,delta,cert_fail_tau0.95,5,auroc,,,,,,0
bbb,robust,0.08,0.25,0.05,one_minus_confidence,delta,cert_fail_tau0.95,5,auprc,1.0,0.0,0.0,1.0,1.0,3
bbb,robust,0.08,0.25,0.05,one_minus_confidence,delta,cert_fail_tau0.95,5,prevalence,1.0,0.0,0.0,1.0,1.0,5
bbb,robust,0.08,0.25,0.05,one_minus_confidence,delta,cert_fail_tau0.95,5,neg_spearman_p_safe,,,,,,0
bbb,robust,0.08,0.25,0.05,one_minus_confidence,delta,cert_fail_tau0.95,5,neg_spearman_p_safe_optimistic,,,,,,0
bbb,robust,0.08,0.25,0.07,mutual_information,adv,adv_error,5,auroc,0.925842224277932,0.035115772173469256,0.01570425073245456,0.8822472242446381,0.9694372243112258,5
bbb,robust,0.08,0.25,0.07,mutual_information,adv,adv_error,5,auprc,0.5713517223517224,0.2039023452543324,0.09118790095206378,0.31821410930879335,0.8244893353946514,5
bbb,robust,0.08,0.25,0.07,mutual_information,adv,adv_error,5,prevalence,0.07999999999999999,0.020000000000000004,0.00894427190999916,0.05517070117784233,0.10482929882215765,5
bbb,robust,0.08,0.25,0.07,mutual_information,adv,adv_error,5,neg_spearman_p_safe,0.6299615192712023,0.07502493948371643,0.03355217293867958,0.5368206871934278,0.7231023513489767,5
bbb,robust,0.08,0.25,0.07,mutual_information,adv,adv_error,5,neg_spearman_p_safe_optimistic,0.49624979462625174,0.052744805404279435,0.02358819406879342,0.4307689678912812,0.5617306213612223,5
bbb,robust,0.08,0.25,0.07,mutual_information,adv,cert_fail_tau0.5,5,auroc,0.9502636117270263,0.034390261684069647,0.015379792577917224,0.9075693075307282,0.9929579159233245,5
bbb,robust,0.08,0.25,0.07,mutual_information,adv,cert_fail_tau0.5,5,auprc,0.6548961038961039,0.24697632326315339,0.11045116952987473,0.34828365728117167,0.9615085505110361,5
bbb,robust,0.08,0.25,0.07,mutual_information,adv,cert_fail_tau0.5,5,prevalence,0.07684755720470006,0.016068665630179002,0.007186125731358949,0.05689887217444762,0.0967962422349525,5
bbb,robust,0.08,0.25,0.07,mutual_information,adv,cert_fail_tau0.5,5,neg_spearman_p_safe,,,,,,0
bbb,robust,0.08,0.25,0.07,mutual_information,adv,cert_fail_tau0.5,5,neg_spearman_p_safe_optimistic,,,,,,0
bbb,robust,0.08,0.25,0.07,mutual_information,adv,cert_fail_tau0.9,5,auroc,0.9740584415584415,0.02430200769497057,0.010868188239135435,0.9438883510066015,1.0042285321102815,5
bbb,robust,0.08,0.25,0.07,mutual_information,adv,cert_fail_tau0.9,5,auprc,0.849484126984127,0.15051336733504989,0.06731162417671357,0.6626270582695701,1.0363411956986839,5
bbb,robust,0.08,0.25,0.07,mutual_information,adv,cert_fail_tau0.9,5,prevalence,0.10088322100348002,0.015191924513626831,0.006794035184303005,0.08202297933185487,0.11974346267510516,5
bbb,robust,0.08,0.25,0.07,mutual_information,adv,cert_fail_tau0.9,5,neg_spearman_p_safe,,,,,,0
bbb,robust,0.08,0.25,0.07,mutual_information,adv,cert_fail_tau0.9,5,neg_spearman_p_safe_optimistic,,,,,,0
bbb,robust,0.08,0.25,0.07,mutual_information,adv,cert_fail_tau0.95,5,auroc,,,,,,0
bbb,robust,0.08,0.25,0.07,mutual_information,adv,cert_fail_tau0.95,5,auprc,1.0,0.0,0.0,1.0,1.0,5
bbb,robust,0.08,0.25,0.07,mutual_information,adv,cert_fail_tau0.95,5,prevalence,1.0,0.0,0.0,1.0,1.0,5
bbb,robust,0.08,0.25,0.07,mutual_information,adv,cert_fail_tau0.95,5,neg_spearman_p_safe,,,,,,0
bbb,robust,0.08,0.25,0.07,mutual_information,adv,cert_fail_tau0.95,5,neg_spearman_p_safe_optimistic,,,,,,0
bbb,robust,0.08,0.25,0.07,mutual_information,clean,adv_error,5,auroc,0.9438497276184602,0.05046808700758494,0.022570014648666772,0.8811953669537612,1.006504088283159,5
bbb,robust,0.08,0.25,0.07,mutual_information,clean,adv_error,5,auprc,0.7467215007215007,0.2232340578121927,0.09983330563223616,0.4695842442864131,1.0238587571565883,5
bbb,robust,0.08,0.25,0.07,mutual_information,clean,adv_error,5,prevalence,0.07999999999999999,0.020000000000000004,0.00894427190999916,0.05517070117784233,0.10482929882215765,5
bbb,robust,0.08,0.25,0.07,mutual_information,clean,adv_error,5,neg_spearman_p_safe,0.5001252717006279,0.043218297777437666,0.01932781034043574,0.4464712701955783,0.5537792732056775,5
bbb,robust,0.08,0.25,0.07,mutual_information,clean,adv_error,5,neg_spearman_p_safe_optimistic,0.47016036705882647,0.03243643200251671,0.014506013381035398,0.4298916739130722,0.5104290602045807,5
bbb,robust,0.08,0.25,0.07,mutual_information,clean,cert_fail_tau0.5,5,auroc,0.9576985300156032,0.039772730820326896,0.01778690595301038,0.9083220790900464,1.00707498094116,5
bbb,robust,0.08,0.25,0.07,mutual_information,clean,cert_fail_tau0.5,5,auprc,0.7622222222222221,0.23165400977948467,0.10359882262546576,0.47463189061392924,1.049812553830515,5
bbb,robust,0.08,0.25,0.07,mutual_information,clean,cert_fail_tau0.5,5,prevalence,0.07684755720470006,0.016068665630179002,0.007186125731358949,0.05689887217444762,0.0967962422349525,5
bbb,robust,0.08,0.25,0.07,mutual_information,clean,cert_fail_tau0.5,5,neg_spearman_p_safe,,,,,,0
bbb,robust,0.08,0.25,0.07,mutual_information,clean,cert_fail_tau0.5,5,neg_spearman_p_safe_optimistic,,,,,,0
bbb,robust,0.08,0.25,0.07,mutual_information,clean,cert_fail_tau0.9,5,auroc,0.9598395243517196,0.03388159535268833,0.015152310078950413,0.9177767115725532,1.001902337130886,5
bbb,robust,0.08,0.25,0.07,mutual_information,clean,cert_fail_tau0.9,5,auprc,0.8028997668997668,0.16961577231446343,0.0758544793902534,0.5923277321124234,1.0134718016871103,5
bbb,robust,0.08,0.25,0.07,mutual_information,clean,cert_fail_tau0.9,5,prevalence,0.10088322100348002,0.015191924513626831,0.006794035184303005,0.08202297933185487,0.11974346267510516,5
bbb,robust,0.08,0.25,0.07,mutual_information,clean,cert_fail_tau0.9,5,neg_spearman_p_safe,,,,,,0
bbb,robust,0.08,0.25,0.07,mutual_information,clean,cert_fail_tau0.9,5,neg_spearman_p_safe_optimistic,,,,,,0
bbb,robust,0.08,0.25,0.07,mutual_information,clean,cert_fail_tau0.95,5,auroc,,,,,,0
bbb,robust,0.08,0.25,0.07,mutual_information,clean,cert_fail_tau0.95,5,auprc,1.0,0.0,0.0,1.0,1.0,5
bbb,robust,0.08,0.25,0.07,mutual_information,clean,cert_fail_tau0.95,5,prevalence,1.0,0.0,0.0,1.0,1.0,5
bbb,robust,0.08,0.25,0.07,mutual_information,clean,cert_fail_tau0.95,5,neg_spearman_p_safe,,,,,,0
bbb,robust,0.08,0.25,0.07,mutual_information,clean,cert_fail_tau0.95,5,neg_spearman_p_safe_optimistic,,,,,,0
bbb,robust,0.08,0.25,0.07,mutual_information,delta,adv_error,5,auroc,0.7780692774180286,0.1610394241589802,0.07201901989538033,0.5781444781884528,0.9779940766476043,5
bbb,robust,0.08,0.25,0.07,mutual_information,delta,adv_error,5,auprc,0.5140671550671551,0.227608083609595,0.10178942943590202,0.23149969895309108,0.796634611181219,5
bbb,robust,0.08,0.25,0.07,mutual_information,delta,adv_error,5,prevalence,0.07999999999999999,0.020000000000000004,0.00894427190999916,0.05517070117784233,0.10482929882215765,5
bbb,robust,0.08,0.25,0.07,mutual_information,delta,adv_error,5,neg_spearman_p_safe,0.5282670253731065,0.1640650480857874,0.07337212005031847,0.3245860201134225,0.7319480306327906,5
bbb,robust,0.08,0.25,0.07,mutual_information,delta,adv_error,5,neg_spearman_p_safe_optimistic,0.375423859539905,0.1435631987309215,0.06420341428593039,0.19719518148216222,0.5536525375976478,5
bbb,robust,0.08,0.25,0.07,mutual_information,delta,cert_fail_tau0.5,5,auroc,0.8005806027757248,0.17016279304463316,0.07609911449780563,0.5893294609298164,1.0118317446216332,5
bbb,robust,0.08,0.25,0.07,mutual_information,delta,cert_fail_tau0.5,5,auprc,0.5877407805227354,0.28803739264887923,0.12881423800493844,0.23015245582102628,0.9453291052244445,5
bbb,robust,0.08,0.25,0.07,mutual_information,delta,cert_fail_tau0.5,5,prevalence,0.07684755720470006,0.016068665630179002,0.007186125731358949,0.05689887217444762,0.0967962422349525,5
bbb,robust,0.08,0.25,0.07,mutual_information,delta,cert_fail_tau0.5,5,neg_spearman_p_safe,,,,,,0
bbb,robust,0.08,0.25,0.07,mutual_information,delta,cert_fail_tau0.5,5,neg_spearman_p_safe_optimistic,,,,,,0
bbb,robust,0.08,0.25,0.07,mutual_information,delta,cert_fail_tau0.9,5,auroc,0.8374470574470575,0.14688381078478124,0.06568843714179752,0.6550959559414276,1.0197981589526874,5
bbb,robust,0.08,0.25,0.07,mutual_information,delta,cert_fail_tau0.9,5,auprc,0.7838482432751084,0.2044895291436634,0.09145049757043114,0.5299816620195916,1.0377148245306251,5
bbb,robust,0.08,0.25,0.07,mutual_information,delta,cert_fail_tau0.9,5,prevalence,0.10088322100348002,0.015191924513626831,0.006794035184303005,0.08202297933185487,0.11974346267510516,5
bbb,robust,0.08,0.25,0.07,mutual_information,delta,cert_fail_tau0.9,5,neg_spearman_p_safe,,,,,,0
bbb,robust,0.08,0.25,0.07,mutual_information,delta,cert_fail_tau0.9,5,neg_spearman_p_safe_optimistic,,,,,,0
bbb,robust,0.08,0.25,0.07,mutual_information,delta,cert_fail_tau0.95,5,auroc,,,,,,0
bbb,robust,0.08,0.25,0.07,mutual_information,delta,cert_fail_tau0.95,5,auprc,1.0,0.0,0.0,1.0,1.0,5
bbb,robust,0.08,0.25,0.07,mutual_information,delta,cert_fail_tau0.95,5,prevalence,1.0,0.0,0.0,1.0,1.0,5
bbb,robust,0.08,0.25,0.07,mutual_information,delta,cert_fail_tau0.95,5,neg_spearman_p_safe,,,,,,0
bbb,robust,0.08,0.25,0.07,mutual_information,delta,cert_fail_tau0.95,5,neg_spearman_p_safe_optimistic,,,,,,0
bbb,robust,0.08,0.25,0.07,one_minus_confidence,adv,adv_error,5,auroc,0.8934292321924143,0.0822187650887546,0.036769349552908365,0.7913575178335407,0.995500946551288,5
bbb,robust,0.08,0.25,0.07,one_minus_confidence,adv,adv_error,5,auprc,0.6000177132808712,0.27667271483295663,0.12373179957718107,0.25653823765461653,0.9434971889071258,5
bbb,robust,0.08,0.25,0.07,one_minus_confidence,adv,adv_error,5,prevalence,0.07999999999999999,0.020000000000000004,0.00894427190999916,0.05517070117784233,0.10482929882215765,5
bbb,robust,0.08,0.25,0.07,one_minus_confidence,adv,adv_error,5,neg_spearman_p_safe,0.5919769910053914,0.09046903368262618,0.040458981834614056,0.47966285743250275,0.7042911245782799,5
bbb,robust,0.08,0.25,0.07,one_minus_confidence,adv,adv_error,5,neg_spearman_p_safe_optimistic,0.4661861665004604,0.0749426160270891,0.033515356769647286,0.37314753610791956,0.5592247968930013,5
bbb,robust,0.08,0.25,0.07,one_minus_confidence,adv,cert_fail_tau0.5,5,auroc,0.9147066190358872,0.07797355739288005,0.03487083495559221,0.8179051811991632,1.0115080568726111,5
bbb,robust,0.08,0.25,0.07,one_minus_confidence,adv,cert_fail_tau0.5,5,auprc,0.6621774042950513,0.308538089382032,0.1379824283012259,0.2791381833308483,1.0452166252592545,5
bbb,robust,0.08,0.25,0.07,one_minus_confidence,adv,cert_fail_tau0.5,5,prevalence,0.07684755720470006,0.016068665630179002,0.007186125731358949,0.05689887217444762,0.0967962422349525,5
bbb,robust,0.08,0.25,0.07,one_minus_confidence,adv,cert_fail_tau0.5,5,neg_spearman_p_safe,,,,,,0
bbb,robust,0.08,0.25,0.07,one_minus_confidence,adv,cert_fail_tau0.5,5,neg_spearman_p_safe_optimistic,,,,,,0
bbb,robust,0.08,0.25,0.07,one_minus_confidence,adv,cert_fail_tau0.9,5,auroc,0.9406192231192232,0.05721813023075941,0.02558872574828275,0.8695849204419903,1.011653525796456,5
bbb,robust,0.08,0.25,0.07,one_minus_confidence,adv,cert_fail_tau0.9,5,auprc,0.7860421888053468,0.21900847625788067,0.09794356811225398,0.5141508437257298,1.0579335338849638,5
bbb,robust,0.08,0.25,0.07,one_minus_confidence,adv,cert_fail_tau0.9,5,prevalence,0.10088322100348002,0.015191924513626831,0.006794035184303005,0.08202297933185487,0.11974346267510516,5
bbb,robust,0.08,0.25,0.07,one_minus_confidence,adv,cert_fail_tau0.9,5,neg_spearman_p_safe,,,,,,0
bbb,robust,0.08,0.25,0.07,one_minus_confidence,adv,cert_fail_tau0.9,5,neg_spearman_p_safe_optimistic,,,,,,0
bbb,robust,0.08,0.25,0.07,one_minus_confidence,adv,cert_fail_tau0.95,5,auroc,,,,,,0
bbb,robust,0.08,0.25,0.07,one_minus_confidence,adv,cert_fail_tau0.95,5,auprc,1.0,0.0,0.0,1.0,1.0,5
bbb,robust,0.08,0.25,0.07,one_minus_confidence,adv,cert_fail_tau0.95,5,prevalence,1.0,0.0,0.0,1.0,1.0,5
bbb,robust,0.08,0.25,0.07,one_minus_confidence,adv,cert_fail_tau0.95,5,neg_spearman_p_safe,,,,,,0
bbb,robust,0.08,0.25,0.07,one_minus_confidence,adv,cert_fail_tau0.95,5,neg_spearman_p_safe_optimistic,,,,,,0
bbb,robust,0.08,0.25,0.07,one_minus_confidence,clean,adv_error,5,auroc,0.8904259430568404,0.05437303199866,0.024316359138355,0.822923730088767,0.9579281560249139,5
bbb,robust,0.08,0.25,0.07,one_minus_confidence,clean,adv_error,5,auprc,0.46699267399267397,0.18944813264151567,0.08472378055936516,0.2317994591598763,0.7021858888254716,5
bbb,robust,0.08,0.25,0.07,one_minus_confidence,clean,adv_error,5,prevalence,0.07999999999999999,0.020000000000000004,0.00894427190999916,0.05517070117784233,0.10482929882215765,5
bbb,robust,0.08,0.25,0.07,one_minus_confidence,clean,adv_error,5,neg_spearman_p_safe,0.4683107140881699,0.045496535405878155,0.02034666918165391,0.4118283604398986,0.5247930677364411,5
bbb,robust,0.08,0.25,0.07,one_minus_confidence,clean,adv_error,5,neg_spearman_p_safe_optimistic,0.42496044759198676,0.051072232569494384,0.02284019675761364,0.3615560613928513,0.4883648337911222,5
bbb,robust,0.08,0.25,0.07,one_minus_confidence,clean,cert_fail_tau0.5,5,auroc,0.906296706906463,0.0421242735658234,0.018838547839195717,0.8540008981048557,0.9585925157080704,5
bbb,robust,0.08,0.25,0.07,one_minus_confidence,clean,cert_fail_tau0.5,5,auprc,0.4937780737780738,0.18147294795165958,0.0811571695394384,0.26848577113659283,0.7190703764195547,5
bbb,robust,0.08,0.25,0.07,one_minus_confidence,clean,cert_fail_tau0.5,5,prevalence,0.07684755720470006,0.016068665630179002,0.007186125731358949,0.05689887217444762,0.0967962422349525,5
bbb,robust,0.08,0.25,0.07,one_minus_confidence,clean,cert_fail_tau0.5,5,neg_spearman_p_safe,,,,,,0
bbb,robust,0.08,0.25,0.07,one_minus_confidence,clean,cert_fail_tau0.5,5,neg_spearman_p_safe_optimistic,,,,,,0
bbb,robust,0.08,0.25,0.07,one_minus_confidence,clean,cert_fail_tau0.9,5,auroc,0.9007515688003492,0.043283462101024385,0.019356952711885277,0.8470166680721557,0.9544864695285428,5
bbb,robust,0.08,0.25,0.07,one_minus_confidence,clean,cert_fail_tau0.9,5,auprc,0.5130491175491175,0.14479535747340672,0.06475445242738392,0.33329075761069976,0.6928074774875352,5
bbb,robust,0.08,0.25,0.07,one_minus_confidence,clean,cert_fail_tau0.9,5,prevalence,0.10088322100348002,0.015191924513626831,0.006794035184303005,0.08202297933185487,0.11974346267510516,5
bbb,robust,0.08,0.25,0.07,one_minus_confidence,clean,cert_fail_tau0.9,5,neg_spearman_p_safe,,,,,,0
bbb,robust,0.08,0.25,0.07,one_minus_confidence,clean,cert_fail_tau0.9,5,neg_spearman_p_safe_optimistic,,,,,,0
bbb,robust,0.08,0.25,0.07,one_minus_confidence,clean,cert_fail_tau0.95,5,auroc,,,,,,0
bbb,robust,0.08,0.25,0.07,one_minus_confidence,clean,cert_fail_tau0.95,5,auprc,1.0,0.0,0.0,1.0,1.0,5
bbb,robust,0.08,0.25,0.07,one_minus_confidence,clean,cert_fail_tau0.95,5,prevalence,1.0,0.0,0.0,1.0,1.0,5
bbb,robust,0.08,0.25,0.07,one_minus_confidence,clean,cert_fail_tau0.95,5,neg_spearman_p_safe,,,,,,0
bbb,robust,0.08,0.25,0.07,one_minus_confidence,clean,cert_fail_tau0.95,5,neg_spearman_p_safe_optimistic,,,,,,0
bbb,robust,0.08,0.25,0.07,one_minus_confidence,delta,adv_error,5,auroc,0.7743813341556172,0.19623688420556756,0.08775980255528078,0.5307601222621577,1.0180025460490767,5
bbb,robust,0.08,0.25,0.07,one_minus_confidence,delta,adv_error,5,auprc,0.569965367965368,0.2933543421634546,0.13119205011444343,0.20577623684767304,0.934154499083063,5
bbb,robust,0.08,0.25,0.07,one_minus_confidence,delta,adv_error,5,prevalence,0.07999999999999999,0.020000000000000004,0.00894427190999916,0.05517070117784233,0.10482929882215765,5
bbb,robust,0.08,0.25,0.07,one_minus_confidence,delta,adv_error,5,neg_spearman_p_safe,0.5112438431379689,0.16419972841280722,0.07343235092360811,0.30739563697403277,0.7150920493019051,5
bbb,robust,0.08,0.25,0.07,one_minus_confidence,delta,adv_error,5,neg_spearman_p_safe_optimistic,0.37071368114877246,0.15260484528457607,0.06824696155043007,0.18126011588477858,0.5601672464127663,5
bbb,robust,0.08,0.25,0.07,one_minus_confidence,delta,cert_fail_tau0.5,5,auroc,0.7915135090744847,0.19857134930693443,0.08880380708683222,0.5449941406014385,1.038032877547531,5
bbb,robust,0.08,0.25,0.07,one_minus_confidence,delta,cert_fail_tau0.5,5,auprc,0.6305260770975056,0.33295314500304996,0.1489011731098328,0.21717642054460978,1.0438757336504014,5
bbb,robust,0.08,0.25,0.07,one_minus_confidence,delta,cert_fail_tau0.5,5,prevalence,0.07684755720470006,0.016068665630179002,0.007186125731358949,0.05689887217444762,0.0967962422349525,5
bbb,robust,0.08,0.25,0.07,one_minus_confidence,delta,cert_fail_tau0.5,5,neg_spearman_p_safe,,,,,,0
bbb,robust,0.08,0.25,0.07,one_minus_confidence,delta,cert_fail_tau0.5,5,neg_spearman_p_safe_optimistic,,,,,,0
bbb,robust,0.08,0.25,0.07,one_minus_confidence,delta,cert_fail_tau0.9,5,auroc,0.829431086931087,0.15810498705280776,0.07070669972636046,0.6331492884907104,1.0257128853714637,5
bbb,robust,0.08,0.25,0.07,one_minus_confidence,delta,cert_fail_tau0.9,5,auprc,0.7499920341247815,0.2435874031420427,0.10893559837765066,0.44758681302842335,1.0523972552211398,5
bbb,robust,0.08,0.25,0.07,one_minus_confidence,delta,cert_fail_tau0.9,5,prevalence,0.10088322100348002,0.015191924513626831,0.006794035184303005,0.08202297933185487,0.11974346267510516,5
bbb,robust,0.08,0.25,0.07,one_minus_confidence,delta,cert_fail_tau0.9,5,neg_spearman_p_safe,,,,,,0
bbb,robust,0.08,0.25,0.07,one_minus_confidence,delta,cert_fail_tau0.9,5,neg_spearman_p_safe_optimistic,,,,,,0
bbb,robust,0.08,0.25,0.07,one_minus_confidence,delta,cert_fail_tau0.95,5,auroc,,,,,,0
bbb,robust,0.08,0.25,0.07,one_minus_confidence,delta,cert_fail_tau0.95,5,auprc,1.0,0.0,0.0,1.0,1.0,5
bbb,robust,0.08,0.25,0.07,one_minus_confidence,delta,cert_fail_tau0.95,5,prevalence,1.0,0.0,0.0,1.0,1.0,5
bbb,robust,0.08,0.25,0.07,one_minus_confidence,delta,cert_fail_tau0.95,5,neg_spearman_p_safe,,,,,,0
bbb,robust,0.08,0.25,0.07,one_minus_confidence,delta,cert_fail_tau0.95,5,neg_spearman_p_safe_optimistic,,,,,,0
bbb,robust,0.08,0.25,0.08,mutual_information,adv,adv_error,5,auroc,0.8439394593483399,0.09762425105456654,0.04365889232210326,0.7227423742621812,0.9651365444344986,5
bbb,robust,0.08,0.25,0.08,mutual_information,adv,adv_error,5,auprc,0.40833601181427265,0.2114722872160288,0.09457328191448001,0.14580058121967615,0.6708714424088691,5
bbb,robust,0.08,0.25,0.08,mutual_information,adv,adv_error,5,prevalence,0.092,0.02280350850198276,0.01019803902718557,0.06369024366053286,0.12030975633946714,5
bbb,robust,0.08,0.25,0.08,mutual_information,adv,adv_error,5,neg_spearman_p_safe,0.6848821930621067,0.09706766214532311,0.04340997819478511,0.5643760935933833,0.8053882925308302,5
bbb,robust,0.08,0.25,0.08,mutual_information,adv,adv_error,5,neg_spearman_p_safe_optimistic,0.48670492579165303,0.06950538898424549,0.031083754914267594,0.4004164221496462,0.5729934294336598,5
bbb,robust,0.08,0.25,0.08,mutual_information,adv,cert_fail_tau0.5,5,auroc,0.9228744570086034,0.056792192341421965,0.025398240533332492,0.8523689412880724,0.9933799727291344,5
bbb,robust,0.08,0.25,0.08,mutual_information,adv,cert_fail_tau0.5,5,auprc,0.6780237246413716,0.1768655121773056,0.07909666162075442,0.45845139198215734,0.8975960573005859,5
bbb,robust,0.08,0.25,0.08,mutual_information,adv,cert_fail_tau0.5,5,prevalence,0.10850113149405363,0.01748806836181656,0.007820901930437042,0.0867903077351604,0.13021195525294685,5
bbb,robust,0.08,0.25,0.08,mutual_information,adv,cert_fail_tau0.5,5,neg_spearman_p_safe,,,,,,0
bbb,robust,0.08,0.25,0.08,mutual_information,adv,cert_fail_tau0.5,5,neg_spearman_p_safe_optimistic,,,,,,0
bbb,robust,0.08,0.25,0.08,mutual_information,adv,cert_fail_tau0.9,5,auroc,0.942006237006237,0.058682387846611145,0.026243561661406,0.869154109834174,1.0148583641783,5
bbb,robust,0.08,0.25,0.08,mutual_information,adv,cert_fail_tau0.9,5,auprc,0.8070577461753933,0.20898809446038055,0.09346231714031163,0.5476063537938882,1.0665091385568983,5
bbb,robust,0.08,0.25,0.08,mutual_information,adv,cert_fail_tau0.9,5,prevalence,0.13855045062078528,0.034295710569206134,0.015337508033880584,0.09597352831873278,0.18112737292283776,5
bbb,robust,0.08,0.25,0.08,mutual_information,adv,cert_fail_tau0.9,5,neg_spearman_p_safe,,,,,,0
bbb,robust,0.08,0.25,0.08,mutual_information,adv,cert_fail_tau0.9,5,neg_spearman_p_safe_optimistic,,,,,,0
bbb,robust,0.08,0.25,0.08,mutual_information,adv,cert_fail_tau0.95,5,auroc,,,,,,0
bbb,robust,0.08,0.25,0.08,mutual_information,adv,cert_fail_tau0.95,5,auprc,1.0,0.0,0.0,1.0,1.0,5
bbb,robust,0.08,0.25,0.08,mutual_information,adv,cert_fail_tau0.95,5,prevalence,1.0,0.0,0.0,1.0,1.0,5
bbb,robust,0.08,0.25,0.08,mutual_information,adv,cert_fail_tau0.95,5,neg_spearman_p_safe,,,,,,0
bbb,robust,0.08,0.25,0.08,mutual_information,adv,cert_fail_tau0.95,5,neg_spearman_p_safe_optimistic,,,,,,0
bbb,robust,0.08,0.25,0.08,mutual_information,clean,adv_error,5,auroc,0.9404596566964744,0.060619025459715176,0.02710965233154271,0.8652032618241118,1.0157160515688368,5
bbb,robust,0.08,0.25,0.08,mutual_information,clean,adv_error,5,auprc,0.7446348096348097,0.18835385140258565,0.08423440311201512,0.5108001065958557,0.9784695126737636,5
bbb,robust,0.08,0.25,0.08,mutual_information,clean,adv_error,5,prevalence,0.092,0.02280350850198276,0.01019803902718557,0.06369024366053286,0.12030975633946714,5
bbb,robust,0.08,0.25,0.08,mutual_information,clean,adv_error,5,neg_spearman_p_safe,0.46289658705561126,0.06838326344359559,0.030581925116631218,0.378001162931843,0.5477920111793795,5
bbb,robust,0.08,0.25,0.08,mutual_information,clean,adv_error,5,neg_spearman_p_safe_optimistic,0.47312863588971343,0.05201480510561306,0.023261728010510782,0.4085540789325355,0.5377031928468914,5
bbb,robust,0.08,0.25,0.08,mutual_information,clean,cert_fail_tau0.5,5,auroc,0.9500284045771851,0.03583288893422365,0.016024955097424815,0.9055431292267337,0.9945136799276364,5
bbb,robust,0.08,0.25,0.08,mutual_information,clean,cert_fail_tau0.5,5,auprc,0.7683687423687423,0.1986334985576688,0.08883160107671076,0.5217722177797932,1.0149652669576914,5
bbb,robust,0.08,0.25,0.08,mutual_information,clean,cert_fail_tau0.5,5,prevalence,0.10850113149405363,0.01748806836181656,0.007820901930437042,0.0867903077351604,0.13021195525294685,5
bbb,robust,0.08,0.25,0.08,mutual_information,clean,cert_fail_tau0.5,5,neg_spearman_p_safe,,,,,,0
bbb,robust,0.08,0.25,0.08,mutual_information,clean,cert_fail_tau0.5,5,neg_spearman_p_safe_optimistic,,,,,,0
bbb,robust,0.08,0.25,0.08,mutual_information,clean,cert_fail_tau0.9,5,auroc,0.9490610312038884,0.03887197362795293,0.017384075090336373,0.9008028387531146,0.9973192236546622,5
bbb,robust,0.08,0.25,0.08,mutual_information,clean,cert_fail_tau0.9,5,auprc,0.822760376878024,0.09841020802305767,0.044010382963890426,0.7005875537702642,0.9449331999857837,5
bbb,robust,0.08,0.25,0.08,mutual_information,clean,cert_fail_tau0.9,5,prevalence,0.13855045062078528,0.034295710569206134,0.015337508033880584,0.09597352831873278,0.18112737292283776,5
bbb,robust,0.08,0.25,0.08,mutual_information,clean,cert_fail_tau0.9,5,neg_spearman_p_safe,,,,,,0
bbb,robust,0.08,0.25,0.08,mutual_information,clean,cert_fail_tau0.9,5,neg_spearman_p_safe_optimistic,,,,,,0
bbb,robust,0.08,0.25,0.08,mutual_information,clean,cert_fail_tau0.95,5,auroc,,,,,,0
bbb,robust,0.08,0.25,0.08,mutual_information,clean,cert_fail_tau0.95,5,auprc,1.0,0.0,0.0,1.0,1.0,5
bbb,robust,0.08,0.25,0.08,mutual_information,clean,cert_fail_tau0.95,5,prevalence,1.0,0.0,0.0,1.0,1.0,5
bbb,robust,0.08,0.25,0.08,mutual_information,clean,cert_fail_tau0.95,5,neg_spearman_p_safe,,,,,,0
bbb,robust,0.08,0.25,0.08,mutual_information,clean,cert_fail_tau0.95,5,neg_spearman_p_safe_optimistic,,,,,,0
bbb,robust,0.08,0.25,0.08,mutual_information,delta,adv_error,5,auroc,0.6695982115325316,0.2529566471182821,0.113125651663381,0.355561402514986,0.9836350205500772,5
bbb,robust,0.08,0.25,0.08,mutual_information,delta,adv_error,5,auprc,0.3628368615511473,0.23370793084984812,0.10451736405221611,0.0726966589421954,0.6529770641600992,5
bbb,robust,0.08,0.25,0.08,mutual_information,delta,adv_error,5,prevalence,0.092,0.02280350850198276,0.01019803902718557,0.06369024366053286,0.12030975633946714,5
bbb,robust,0.08,0.25,0.08,mutual_information,delta,adv_error,5,neg_spearman_p_safe,0.5665754479788951,0.1354625061752364,0.06058067444206272,0.39840349572772904,0.7347474002300612,5
bbb,robust,0.08,0.25,0.08,mutual_information,delta,adv_error,5,neg_spearman_p_safe_optimistic,0.35445820289133045,0.15552128691137532,0.0695512338964167,0.16138397759487771,0.5475324281877831,5
bbb,robust,0.08,0.25,0.08,mutual_information,delta,cert_fail_tau0.5,5,auroc,0.7630562851782365,0.18459449723776414,0.08255316881920755,0.5338886885361164,0.9922238818203567,5
bbb,robust,0.08,0.25,0.08,mutual_information,delta,cert_fail_tau0.5,5,auprc,0.6218045360436665,0.1973591036743365,0.08826167435884899,0.3767901280235017,0.8668189440638312,5
bbb,robust,0.08,0.25,0.08,mutual_information,delta,cert_fail_tau0.5,5,prevalence,0.10850113149405363,0.01748806836181656,0.007820901930437042,0.0867903077351604,0.13021195525294685,5
bbb,robust,0.08,0.25,0.08,mutual_information,delta,cert_fail_tau0.5,5,neg_spearman_p_safe,,,,,,0
bbb,robust,0.08,0.25,0.08,mutual_information,delta,cert_fail_tau0.5,5,neg_spearman_p_safe_optimistic,,,,,,0
bbb,robust,0.08,0.25,0.08,mutual_information,delta,cert_fail_tau0.9,5,auroc,0.7911538461538461,0.1945827910201221,0.08702006959452573,0.5495861329594427,1.0327215593482495,5
bbb,robust,0.08,0.25,0.08,mutual_information,delta,cert_fail_tau0.9,5,auprc,0.7466879417299156,0.24063267546486974,0.1076142039894189,0.44795091145528876,1.0454249720045423,5
bbb,robust,0.08,0.25,0.08,mutual_information,delta,cert_fail_tau0.9,5,prevalence,0.13855045062078528,0.034295710569206134,0.015337508033880584,0.09597352831873278,0.18112737292283776,5
bbb,robust,0.08,0.25,0.08,mutual_information,delta,cert_fail_tau0.9,5,neg_spearman_p_safe,,,,,,0
bbb,robust,0.08,0.25,0.08,mutual_information,delta,cert_fail_tau0.9,5,neg_spearman_p_safe_optimistic,,,,,,0
bbb,robust,0.08,0.25,0.08,mutual_information,delta,cert_fail_tau0.95,5,auroc,,,,,,0
bbb,robust,0.08,0.25,0.08,mutual_information,delta,cert_fail_tau0.95,5,auprc,1.0,0.0,0.0,1.0,1.0,5
bbb,robust,0.08,0.25,0.08,mutual_information,delta,cert_fail_tau0.95,5,prevalence,1.0,0.0,0.0,1.0,1.0,5
bbb,robust,0.08,0.25,0.08,mutual_information,delta,cert_fail_tau0.95,5,neg_spearman_p_safe,,,,,,0
bbb,robust,0.08,0.25,0.08,mutual_information,delta,cert_fail_tau0.95,5,neg_spearman_p_safe_optimistic,,,,,,0
bbb,robust,0.08,0.25,0.08,one_minus_confidence,adv,adv_error,5,auroc,0.7977606406339061,0.13910527804241712,0.06220977154637071,0.625066314821181,0.9704549664466311,5
bbb,robust,0.08,0.25,0.08,one_minus_confidence,adv,adv_error,5,auprc,0.3848114418589627,0.23015293669595785,0.10292752233467352,0.09908463985790905,0.6705382438600164,5
bbb,robust,0.08,0.25,0.08,one_minus_confidence,adv,adv_error,5,prevalence,0.092,0.02280350850198276,0.01019803902718557,0.06369024366053286,0.12030975633946714,5
bbb,robust,0.08,0.25,0.08,one_minus_confidence,adv,adv_error,5,neg_spearman_p_safe,0.6403458031360963,0.09681226715434545,0.043295762082597306,0.5201567675948062,0.7605348386773865,5
bbb,robust,0.08,0.25,0.08,one_minus_confidence,adv,adv_error,5,neg_spearman_p_safe_optimistic,0.4718621107825317,0.09257668666521177,0.04140155290302236,0.3569313999237417,0.5867928216413217,5
bbb,robust,0.08,0.25,0.08,one_minus_confidence,adv,cert_fail_tau0.5,5,auroc,0.8891219596707401,0.0923811882830216,0.04131412336860867,0.7744339531994825,1.003809966141998,5
bbb,robust,0.08,0.25,0.08,one_minus_confidence,adv,cert_fail_tau0.5,5,auprc,0.7226945584747309,0.19488818012904227,0.08715664375595245,0.4807477154082069,0.9646414015412548,5
bbb,robust,0.08,0.25,0.08,one_minus_confidence,adv,cert_fail_tau0.5,5,prevalence,0.10850113149405363,0.01748806836181656,0.007820901930437042,0.0867903077351604,0.13021195525294685,5
bbb,robust,0.08,0.25,0.08,one_minus_confidence,adv,cert_fail_tau0.5,5,neg_spearman_p_safe,,,,,,0
bbb,robust,0.08,0.25,0.08,one_minus_confidence,adv,cert_fail_tau0.5,5,neg_spearman_p_safe_optimistic,,,,,,0
bbb,robust,0.08,0.25,0.08,one_minus_confidence,adv,cert_fail_tau0.9,5,auroc,0.903927003927004,0.0963613715359392,0.04309411543189467,0.7842977394880644,1.0235562683659436,5
bbb,robust,0.08,0.25,0.08,one_minus_confidence,adv,cert_fail_tau0.9,5,auprc,0.8125441595441595,0.22755830719941042,0.1017671687485323,0.5300384990982339,1.095049819990085,5
bbb,robust,0.08,0.25,0.08,one_minus_confidence,adv,cert_fail_tau0.9,5,prevalence,0.13855045062078528,0.034295710569206134,0.015337508033880584,0.09597352831873278,0.18112737292283776,5
bbb,robust,0.08,0.25,0.08,one_minus_confidence,adv,cert_fail_tau0.9,5,neg_spearman_p_safe,,,,,,0
bbb,robust,0.08,0.25,0.08,one_minus_confidence,adv,cert_fail_tau0.9,5,neg_spearman_p_safe_optimistic,,,,,,0
bbb,robust,0.08,0.25,0.08,one_minus_confidence,adv,cert_fail_tau0.95,5,auroc,,,,,,0
bbb,robust,0.08,0.25,0.08,one_minus_confidence,adv,cert_fail_tau0.95,5,auprc,1.0,0.0,0.0,1.0,1.0,5
bbb,robust,0.08,0.25,0.08,one_minus_confidence,adv,cert_fail_tau0.95,5,prevalence,1.0,0.0,0.0,1.0,1.0,5
bbb,robust,0.08,0.25,0.08,one_minus_confidence,adv,cert_fail_tau0.95,5,neg_spearman_p_safe,,,,,,0
bbb,robust,0.08,0.25,0.08,one_minus_confidence,adv,cert_fail_tau0.95,5,neg_spearman_p_safe_optimistic,,,,,,0
bbb,robust,0.08,0.25,0.08,one_minus_confidence,clean,adv_error,5,auroc,0.89188134817182,0.0518781778422211,0.02320062644080595,0.8274764091721427,0.9562862871714972,5
bbb,robust,0.08,0.25,0.08,one_minus_confidence,clean,adv_error,5,auprc,0.49102686202686197,0.1639360844080965,0.07331444574032943,0.2875059606517075,0.6945477634020164,5
bbb,robust,0.08,0.25,0.08,one_minus_confidence,clean,adv_error,5,prevalence,0.092,0.02280350850198276,0.01019803902718557,0.06369024366053286,0.12030975633946714,5
bbb,robust,0.08,0.25,0.08,one_minus_confidence,clean,adv_error,5,neg_spearman_p_safe,0.450174826519829,0.08131851442435697,0.03636674521643187,0.34922074179901413,0.5511289112406439,5
bbb,robust,0.08,0.25,0.08,one_minus_confidence,clean,adv_error,5,neg_spearman_p_safe_optimistic,0.4402442407102112,0.06929861970965977,0.030991284883541196,0.3542124338735008,0.5262760475469215,5
bbb,robust,0.08,0.25,0.08,one_minus_confidence,clean,cert_fail_tau0.5,5,auroc,0.8932436742558693,0.042849039737521535,0.01916267312473758,0.8400480936615977,0.9464392548501408,5
bbb,robust,0.08,0.25,0.08,one_minus_confidence,clean,cert_fail_tau0.5,5,auprc,0.5083564213564215,0.1736039397068346,0.07763804206925141,0.29283321657217953,0.7238796261406634,5
bbb,robust,0.08,0.25,0.08,one_minus_confidence,clean,cert_fail_tau0.5,5,prevalence,0.10850113149405363,0.01748806836181656,0.007820901930437042,0.0867903077351604,0.13021195525294685,5
bbb,robust,0.08,0.25,0.08,one_minus_confidence,clean,cert_fail_tau0.5,5,neg_spearman_p_safe,,,,,,0
bbb,robust,0.08,0.25,0.08,one_minus_confidence,clean,cert_fail_tau0.5,5,neg_spearman_p_safe_optimistic,,,,,,0
bbb,robust,0.08,0.25,0.08,one_minus_confidence,clean,cert_fail_tau0.9,5,auroc,0.8981190924048066,0.04491892370748445,0.02008835337721242,0.8423538234296649,0.9538843613799483,5
bbb,robust,0.08,0.25,0.08,one_minus_confidence,clean,cert_fail_tau0.9,5,auprc,0.6031293343094812,0.14727587636045986,0.0658637741975685,0.42029149713703107,0.7859671714819314,5
bbb,robust,0.08,0.25,0.08,one_minus_confidence,clean,cert_fail_tau0.9,5,prevalence,0.13855045062078528,0.034295710569206134,0.015337508033880584,0.09597352831873278,0.18112737292283776,5
bbb,robust,0.08,0.25,0.08,one_minus_confidence,clean,cert_fail_tau0.9,5,neg_spearman_p_safe,,,,,,0
bbb,robust,0.08,0.25,0.08,one_minus_confidence,clean,cert_fail_tau0.9,5,neg_spearman_p_safe_optimistic,,,,,,0
bbb,robust,0.08,0.25,0.08,one_minus_confidence,clean,cert_fail_tau0.95,5,auroc,,,,,,0
bbb,robust,0.08,0.25,0.08,one_minus_confidence,clean,cert_fail_tau0.95,5,auprc,1.0,0.0,0.0,1.0,1.0,5
bbb,robust,0.08,0.25,0.08,one_minus_confidence,clean,cert_fail_tau0.95,5,prevalence,1.0,0.0,0.0,1.0,1.0,5
bbb,robust,0.08,0.25,0.08,one_minus_confidence,clean,cert_fail_tau0.95,5,neg_spearman_p_safe,,,,,,0
bbb,robust,0.08,0.25,0.08,one_minus_confidence,clean,cert_fail_tau0.95,5,neg_spearman_p_safe_optimistic,,,,,,0
bbb,robust,0.08,0.25,0.08,one_minus_confidence,delta,adv_error,5,auroc,0.7177052859772564,0.21700072554148694,0.09704567469550793,0.4483064930225264,0.9871040789319863,5
bbb,robust,0.08,0.25,0.08,one_minus_confidence,delta,adv_error,5,auprc,0.3598042328042328,0.20910215542231117,0.0935133267532028,0.10021123773734186,0.6193972278711237,5
bbb,robust,0.08,0.25,0.08,one_minus_confidence,delta,adv_error,5,prevalence,0.092,0.02280350850198276,0.01019803902718557,0.06369024366053286,0.12030975633946714,5
bbb,robust,0.08,0.25,0.08,one_minus_confidence,delta,adv_error,5,neg_spearman_p_safe,0.5978715327407975,0.13197973825615028,0.05902313327867631,0.4340233147591921,0.7617197507224029,5
bbb,robust,0.08,0.25,0.08,one_minus_confidence,delta,adv_error,5,neg_spearman_p_safe_optimistic,0.4124464918574825,0.14431330101211357,0.06453887022409502,0.23328658811539474,0.5916063955995703,5
bbb,robust,0.08,0.25,0.08,one_minus_confidence,delta,cert_fail_tau0.5,5,auroc,0.8202621739938813,0.16161471155976995,0.07227629624233332,0.619623175625164,1.0209011723625987,5
bbb,robust,0.08,0.25,0.08,one_minus_confidence,delta,cert_fail_tau0.5,5,auprc,0.7303585637153412,0.19269281067815722,0.08617484469037137,0.49113719485487034,0.9695799325758121,5
bbb,robust,0.08,0.25,0.08,one_minus_confidence,delta,cert_fail_tau0.5,5,prevalence,0.10850113149405363,0.01748806836181656,0.007820901930437042,0.0867903077351604,0.13021195525294685,5
bbb,robust,0.08,0.25,0.08,one_minus_confidence,delta,cert_fail_tau0.5,5,neg_spearman_p_safe,,,,,,0
bbb,robust,0.08,0.25,0.08,one_minus_confidence,delta,cert_fail_tau0.5,5,neg_spearman_p_safe_optimistic,,,,,,0
bbb,robust,0.08,0.25,0.08,one_minus_confidence,delta,cert_fail_tau0.9,5,auroc,0.833943173943174,0.16623857001685766,0.07434414860801042,0.627563817407337,1.040322530479011,5
bbb,robust,0.08,0.25,0.08,one_minus_confidence,delta,cert_fail_tau0.9,5,auprc,0.8059974655394395,0.22345039233094655,0.09993005337019882,0.5285916373837676,1.0834032936951115,5
bbb,robust,0.08,0.25,0.08,one_minus_confidence,delta,cert_fail_tau0.9,5,prevalence,0.13855045062078528,0.034295710569206134,0.015337508033880584,0.09597352831873278,0.18112737292283776,5
bbb,robust,0.08,0.25,0.08,one_minus_confidence,delta,cert_fail_tau0.9,5,neg_spearman_p_safe,,,,,,0
bbb,robust,0.08,0.25,0.08,one_minus_confidence,delta,cert_fail_tau0.9,5,neg_spearman_p_safe_optimistic,,,,,,0
bbb,robust,0.08,0.25,0.08,one_minus_confidence,delta,cert_fail_tau0.95,5,auroc,,,,,,0
bbb,robust,0.08,0.25,0.08,one_minus_confidence,delta,cert_fail_tau0.95,5,auprc,1.0,0.0,0.0,1.0,1.0,5
bbb,robust,0.08,0.25,0.08,one_minus_confidence,delta,cert_fail_tau0.95,5,prevalence,1.0,0.0,0.0,1.0,1.0,5
bbb,robust,0.08,0.25,0.08,one_minus_confidence,delta,cert_fail_tau0.95,5,neg_spearman_p_safe,,,,,,0
bbb,robust,0.08,0.25,0.08,one_minus_confidence,delta,cert_fail_tau0.95,5,neg_spearman_p_safe_optimistic,,,,,,0
bbb,robust,0.08,0.25,0.1,mutual_information,adv,adv_error,5,auroc,0.7768180123903322,0.03861289106392353,0.017268209845345436,0.7288814618596533,0.8247545629210111,5
bbb,robust,0.08,0.25,0.1,mutual_information,adv,adv_error,5,auprc,0.5201926896250717,0.1008949722039959,0.04512160328721732,0.3949351188997564,0.645450260350387,5
bbb,robust,0.08,0.25,0.1,mutual_information,adv,adv_error,5,prevalence,0.188,0.0303315017762062,0.013564659966250534,0.15034450393368853,0.22565549606631147,5
bbb,robust,0.08,0.25,0.1,mutual_information,adv,adv_error,5,neg_spearman_p_safe,0.7352358741752356,0.029877338690338078,0.013361552059676096,0.6981442056575747,0.7723275426928965,5
bbb,robust,0.08,0.25,0.1,mutual_information,adv,adv_error,5,neg_spearman_p_safe_optimistic,0.4543369530962803,0.06631982451441301,0.029659127174016895,0.3720032160612094,0.5366706901313512,5
bbb,robust,0.08,0.25,0.1,mutual_information,adv,cert_fail_tau0.5,5,auroc,0.8503589636633295,0.029846904819753627,0.013347941618987042,0.8133050777290215,0.8874128495976376,5
bbb,robust,0.08,0.25,0.1,mutual_information,adv,cert_fail_tau0.5,5,auprc,0.7188841275451227,0.07548707154909583,0.033758844681233725,0.6251695747100179,0.8125986803802274,5
bbb,robust,0.08,0.25,0.1,mutual_information,adv,cert_fail_tau0.5,5,prevalence,0.21240408714092923,0.027352830471930007,0.012232557662452629,0.17844650706996074,0.24636166721189773,5
bbb,robust,0.08,0.25,0.1,mutual_information,adv,cert_fail_tau0.5,5,neg_spearman_p_safe,,,,,,0
bbb,robust,0.08,0.25,0.1,mutual_information,adv,cert_fail_tau0.5,5,neg_spearman_p_safe_optimistic,,,,,,0
bbb,robust,0.08,0.25,0.1,mutual_information,adv,cert_fail_tau0.9,5,auroc,0.8891776503332058,0.02914530940587209,0.013034178611358799,0.8529947705080738,0.9253605301583379,5
bbb,robust,0.08,0.25,0.1,mutual_information,adv,cert_fail_tau0.9,5,auprc,0.80916481139392,0.045968955396308124,0.02055794182416015,0.7520959648900515,0.8662336578977886,5
bbb,robust,0.08,0.25,0.1,mutual_information,adv,cert_fail_tau0.9,5,prevalence,0.26151589046325885,0.03168710191632043,0.014170902778971267,0.22217746434883462,0.3008543165776831,5
bbb,robust,0.08,0.25,0.1,mutual_information,adv,cert_fail_tau0.9,5,neg_spearman_p_safe,,,,,,0
bbb,robust,0.08,0.25,0.1,mutual_information,adv,cert_fail_tau0.9,5,neg_spearman_p_safe_optimistic,,,,,,0
bbb,robust,0.08,0.25,0.1,mutual_information,adv,cert_fail_tau0.95,5,auroc,,,,,,0
bbb,robust,0.08,0.25,0.1,mutual_information,adv,cert_fail_tau0.95,5,auprc,1.0,0.0,0.0,1.0,1.0,5
bbb,robust,0.08,0.25,0.1,mutual_information,adv,cert_fail_tau0.95,5,prevalence,1.0,0.0,0.0,1.0,1.0,5
bbb,robust,0.08,0.25,0.1,mutual_information,adv,cert_fail_tau0.95,5,neg_spearman_p_safe,,,,,,0
bbb,robust,0.08,0.25,0.1,mutual_information,adv,cert_fail_tau0.95,5,neg_spearman_p_safe_optimistic,,,,,,0
bbb,robust,0.08,0.25,0.1,mutual_information,clean,adv_error,5,auroc,0.8162485153656454,0.01800090859623563,0.008050251055588636,0.7939010184353313,0.8385960122959594,5
bbb,robust,0.08,0.25,0.1,mutual_information,clean,adv_error,5,auprc,0.6105617641196266,0.07316642159804056,0.032721018472725495,0.5197282168393407,0.7013953113999125,5
bbb,robust,0.08,0.25,0.1,mutual_information,clean,adv_error,5,prevalence,0.188,0.0303315017762062,0.013564659966250534,0.15034450393368853,0.22565549606631147,5
bbb,robust,0.08,0.25,0.1,mutual_information,clean,adv_error,5,neg_spearman_p_safe,0.31644745162231736,0.0488704094915571,0.021855511542274518,0.2557765515809633,0.3771183516636714,5
bbb,robust,0.08,0.25,0.1,mutual_information,clean,adv_error,5,neg_spearman_p_safe_optimistic,0.42179844258680427,0.028979746641453218,0.012960136692202123,0.38582110312925116,0.45777578204435737,5
bbb,robust,0.08,0.25,0.1,mutual_information,clean,cert_fail_tau0.5,5,auroc,0.8399677882832777,0.04287651853180375,0.01917496201512853,0.7867380937292808,0.8931974828372745,5
bbb,robust,0.08,0.25,0.1,mutual_information,clean,cert_fail_tau0.5,5,auprc,0.7187302887744065,0.04635877766039721,0.020732275640489364,0.661177491596408,0.7762830859524049,5
bbb,robust,0.08,0.25,0.1,mutual_information,clean,cert_fail_tau0.5,5,prevalence,0.21240408714092923,0.027352830471930007,0.012232557662452629,0.17844650706996074,0.24636166721189773,5
bbb,robust,0.08,0.25,0.1,mutual_information,clean,cert_fail_tau0.5,5,neg_spearman_p_safe,,,,,,0
bbb,robust,0.08,0.25,0.1,mutual_information,clean,cert_fail_tau0.5,5,neg_spearman_p_safe_optimistic,,,,,,0
bbb,robust,0.08,0.25,0.1,mutual_information,clean,cert_fail_tau0.9,5,auroc,0.8103231188564521,0.05607755928066055,0.025078646912766237,0.740704795026613,0.8799414426862913,5
bbb,robust,0.08,0.25,0.1,mutual_information,clean,cert_fail_tau0.9,5,auprc,0.7091270867580391,0.04937789465584106,0.022082465807256837,0.6478261616770942,0.7704280118389841,5
bbb,robust,0.08,0.25,0.1,mutual_information,clean,cert_fail_tau0.9,5,prevalence,0.26151589046325885,0.03168710191632043,0.014170902778971267,0.22217746434883462,0.3008543165776831,5
bbb,robust,0.08,0.25,0.1,mutual_information,clean,cert_fail_tau0.9,5,neg_spearman_p_safe,,,,,,0
bbb,robust,0.08,0.25,0.1,mutual_information,clean,cert_fail_tau0.9,5,neg_spearman_p_safe_optimistic,,,,,,0
bbb,robust,0.08,0.25,0.1,mutual_information,clean,cert_fail_tau0.95,5,auroc,,,,,,0
bbb,robust,0.08,0.25,0.1,mutual_information,clean,cert_fail_tau0.95,5,auprc,1.0,0.0,0.0,1.0,1.0,5
bbb,robust,0.08,0.25,0.1,mutual_information,clean,cert_fail_tau0.95,5,prevalence,1.0,0.0,0.0,1.0,1.0,5
bbb,robust,0.08,0.25,0.1,mutual_information,clean,cert_fail_tau0.95,5,neg_spearman_p_safe,,,,,,0
bbb,robust,0.08,0.25,0.1,mutual_information,clean,cert_fail_tau0.95,5,neg_spearman_p_safe_optimistic,,,,,,0
bbb,robust,0.08,0.25,0.1,mutual_information,delta,adv_error,5,auroc,0.729189134178357,0.05485083836916562,0.024530040643261607,0.6610937413526627,0.7972845270040512,5
bbb,robust,0.08,0.25,0.1,mutual_information,delta,adv_error,5,auprc,0.5047808766769857,0.09067282734367142,0.040550121130510194,0.3922137404186894,0.617348012935282,5
bbb,robust,0.08,0.25,0.1,mutual_information,delta,adv_error,5,prevalence,0.188,0.0303315017762062,0.013564659966250534,0.15034450393368853,0.22565549606631147,5
bbb,robust,0.08,0.25,0.1,mutual_information,delta,adv_error,5,neg_spearman_p_safe,0.6774997436859752,0.011588830083492426,0.005182682369276726,0.6631126174288631,0.6918868699430873,5
bbb,robust,0.08,0.25,0.1,mutual_information,delta,adv_error,5,neg_spearman_p_safe_optimistic,0.3929710641469279,0.029255658806018284,0.013083528363359442,0.3566511894102421,0.4292909388836137,5
bbb,robust,0.08,0.25,0.1,mutual_information,delta,cert_fail_tau0.5,5,auroc,0.7785534081077741,0.07239228561042696,0.03237481433429891,0.6886809235157603,0.8684258926997879,5
bbb,robust,0.08,0.25,0.1,mutual_information,delta,cert_fail_tau0.5,5,auprc,0.686210991210621,0.05473291091026316,0.02447730188035766,0.6182620011907481,0.7541599812304939,5
bbb,robust,0.08,0.25,0.1,mutual_information,delta,cert_fail_tau0.5,5,prevalence,0.21240408714092923,0.027352830471930007,0.012232557662452629,0.17844650706996074,0.24636166721189773,5
bbb,robust,0.08,0.25,0.1,mutual_information,delta,cert_fail_tau0.5,5,neg_spearman_p_safe,,,,,,0
bbb,robust,0.08,0.25,0.1,mutual_information,delta,cert_fail_tau0.5,5,neg_spearman_p_safe_optimistic,,,,,,0
bbb,robust,0.08,0.25,0.1,mutual_information,delta,cert_fail_tau0.9,5,auroc,0.8224786308341864,0.07657453010087771,0.034245170930133274,0.7274140363321364,0.9175432253362363,5
bbb,robust,0.08,0.25,0.1,mutual_information,delta,cert_fail_tau0.9,5,auprc,0.7815184653378667,0.03790371209585647,0.016951055369183215,0.7344623356330141,0.8285745950427194,5
bbb,robust,0.08,0.25,0.1,mutual_information,delta,cert_fail_tau0.9,5,prevalence,0.26151589046325885,0.03168710191632043,0.014170902778971267,0.22217746434883462,0.3008543165776831,5
bbb,robust,0.08,0.25,0.1,mutual_information,delta,cert_fail_tau0.9,5,neg_spearman_p_safe,,,,,,0
bbb,robust,0.08,0.25,0.1,mutual_information,delta,cert_fail_tau0.9,5,neg_spearman_p_safe_optimistic,,,,,,0
bbb,robust,0.08,0.25,0.1,mutual_information,delta,cert_fail_tau0.95,5,auroc,,,,,,0
bbb,robust,0.08,0.25,0.1,mutual_information,delta,cert_fail_tau0.95,5,auprc,1.0,0.0,0.0,1.0,1.0,5
bbb,robust,0.08,0.25,0.1,mutual_information,delta,cert_fail_tau0.95,5,prevalence,1.0,0.0,0.0,1.0,1.0,5
bbb,robust,0.08,0.25,0.1,mutual_information,delta,cert_fail_tau0.95,5,neg_spearman_p_safe,,,,,,0
bbb,robust,0.08,0.25,0.1,mutual_information,delta,cert_fail_tau0.95,5,neg_spearman_p_safe_optimistic,,,,,,0
bbb,robust,0.08,0.25,0.1,one_minus_confidence,adv,adv_error,5,auroc,0.781167980724135,0.058759663565886515,0.026278120413667987,0.7082199184557927,0.8541160429924772,5
bbb,robust,0.08,0.25,0.1,one_minus_confidence,adv,adv_error,5,auprc,0.5712977582023901,0.11367492528904181,0.050836972056701485,0.4301743237729868,0.7124211926317935,5
bbb,robust,0.08,0.25,0.1,one_minus_confidence,adv,adv_error,5,prevalence,0.188,0.0303315017762062,0.013564659966250534,0.15034450393368853,0.22565549606631147,5
bbb,robust,0.08,0.25,0.1,one_minus_confidence,adv,adv_error,5,neg_spearman_p_safe,0.6939891570016131,0.05177730982524484,0.023155516892263042,0.629709442108691,0.7582688718945353,5
bbb,robust,0.08,0.25,0.1,one_minus_confidence,adv,adv_error,5,neg_spearman_p_safe_optimistic,0.4784975822788452,0.050820075574919875,0.02272742872143951,0.4154062401481291,0.5415889244095613,5
bbb,robust,0.08,0.25,0.1,one_minus_confidence,adv,cert_fail_tau0.5,5,auroc,0.8461424731182795,0.044711892850279836,0.019995766363182507,0.7906342256940848,0.9016507205424742,5
bbb,robust,0.08,0.25,0.1,one_minus_confidence,adv,cert_fail_tau0.5,5,auprc,0.7664485791126657,0.06906628946425779,0.030887383639151587,0.6807052021303809,0.8521919560949506,5
bbb,robust,0.08,0.25,0.1,one_minus_confidence,adv,cert_fail_tau0.5,5,prevalence,0.21240408714092923,0.027352830471930007,0.012232557662452629,0.17844650706996074,0.24636166721189773,5
bbb,robust,0.08,0.25,0.1,one_minus_confidence,adv,cert_fail_tau0.5,5,neg_spearman_p_safe,,,,,,0
bbb,robust,0.08,0.25,0.1,one_minus_confidence,adv,cert_fail_tau0.5,5,neg_spearman_p_safe_optimistic,,,,,,0
bbb,robust,0.08,0.25,0.1,one_minus_confidence,adv,cert_fail_tau0.9,5,auroc,0.8771917399472956,0.03559070326441736,0.015916646373252175,0.8330071296151476,0.9213763502794436,5
bbb,robust,0.08,0.25,0.1,one_minus_confidence,adv,cert_fail_tau0.9,5,auprc,0.8313590028906688,0.04892166896236596,0.021878435474518378,0.7706244660134057,0.8920935397679318,5
bbb,robust,0.08,0.25,0.1,one_minus_confidence,adv,cert_fail_tau0.9,5,prevalence,0.26151589046325885,0.03168710191632043,0.014170902778971267,0.22217746434883462,0.3008543165776831,5
bbb,robust,0.08,0.25,0.1,one_minus_confidence,adv,cert_fail_tau0.9,5,neg_spearman_p_safe,,,,,,0
bbb,robust,0.08,0.25,0.1,one_minus_confidence,adv,cert_fail_tau0.9,5,neg_spearman_p_safe_optimistic,,,,,,0
bbb,robust,0.08,0.25,0.1,one_minus_confidence,adv,cert_fail_tau0.95,5,auroc,,,,,,0
bbb,robust,0.08,0.25,0.1,one_minus_confidence,adv,cert_fail_tau0.95,5,auprc,1.0,0.0,0.0,1.0,1.0,5
bbb,robust,0.08,0.25,0.1,one_minus_confidence,adv,cert_fail_tau0.95,5,prevalence,1.0,0.0,0.0,1.0,1.0,5
bbb,robust,0.08,0.25,0.1,one_minus_confidence,adv,cert_fail_tau0.95,5,neg_spearman_p_safe,,,,,,0
bbb,robust,0.08,0.25,0.1,one_minus_confidence,adv,cert_fail_tau0.95,5,neg_spearman_p_safe_optimistic,,,,,,0
bbb,robust,0.08,0.25,0.1,one_minus_confidence,clean,adv_error,5,auroc,0.7738505936144905,0.03596959395500794,0.016086091441292652,0.729195603773462,0.8185055834555189,5
bbb,robust,0.08,0.25,0.1,one_minus_confidence,clean,adv_error,5,auprc,0.4593126989739905,0.09441153243325688,0.0422221208761377,0.3421040914218323,0.5765213065261487,5
bbb,robust,0.08,0.25,0.1,one_minus_confidence,clean,adv_error,5,prevalence,0.188,0.0303315017762062,0.013564659966250534,0.15034450393368853,0.22565549606631147,5
bbb,robust,0.08,0.25,0.1,one_minus_confidence,clean,adv_error,5,neg_spearman_p_safe,0.311580570957746,0.0525083383289427,0.023482442777814718,0.24639330980653235,0.37676783210895964,5
bbb,robust,0.08,0.25,0.1,one_minus_confidence,clean,adv_error,5,neg_spearman_p_safe_optimistic,0.38011585400660086,0.046109150797112905,0.02062063911342661,0.32287295982772857,0.43735874818547316,5
bbb,robust,0.08,0.25,0.1,one_minus_confidence,clean,cert_fail_tau0.5,5,auroc,0.7859682440365839,0.020910033225165933,0.009351251140650038,0.7600091708701394,0.8119273172030285,5
bbb,robust,0.08,0.25,0.1,one_minus_confidence,clean,cert_fail_tau0.5,5,auprc,0.5425048932214824,0.07807543301314306,0.034916395118023816,0.4455769803738483,0.6394328060691166,5
bbb,robust,0.08,0.25,0.1,one_minus_confidence,clean,cert_fail_tau0.5,5,prevalence,0.21240408714092923,0.027352830471930007,0.012232557662452629,0.17844650706996074,0.24636166721189773,5
bbb,robust,0.08,0.25,0.1,one_minus_confidence,clean,cert_fail_tau0.5,5,neg_spearman_p_safe,,,,,,0
bbb,robust,0.08,0.25,0.1,one_minus_confidence,clean,cert_fail_tau0.5,5,neg_spearman_p_safe_optimistic,,,,,,0
bbb,robust,0.08,0.25,0.1,one_minus_confidence,clean,cert_fail_tau0.9,5,auroc,0.7573527476638588,0.0385558230735075,0.017242688264163527,0.7094870450425409,0.8052184502851768,5
bbb,robust,0.08,0.25,0.1,one_minus_confidence,clean,cert_fail_tau0.9,5,auprc,0.5477629942278428,0.07666541886130315,0.03428581761947367,0.4525855645161839,0.6429404239395017,5
bbb,robust,0.08,0.25,0.1,one_minus_confidence,clean,cert_fail_tau0.9,5,prevalence,0.26151589046325885,0.03168710191632043,0.014170902778971267,0.22217746434883462,0.3008543165776831,5
bbb,robust,0.08,0.25,0.1,one_minus_confidence,clean,cert_fail_tau0.9,5,neg_spearman_p_safe,,,,,,0
bbb,robust,0.08,0.25,0.1,one_minus_confidence,clean,cert_fail_tau0.9,5,neg_spearman_p_safe_optimistic,,,,,,0
bbb,robust,0.08,0.25,0.1,one_minus_confidence,clean,cert_fail_tau0.95,5,auroc,,,,,,0
bbb,robust,0.08,0.25,0.1,one_minus_confidence,clean,cert_fail_tau0.95,5,auprc,1.0,0.0,0.0,1.0,1.0,5
bbb,robust,0.08,0.25,0.1,one_minus_confidence,clean,cert_fail_tau0.95,5,prevalence,1.0,0.0,0.0,1.0,1.0,5
bbb,robust,0.08,0.25,0.1,one_minus_confidence,clean,cert_fail_tau0.95,5,neg_spearman_p_safe,,,,,,0
bbb,robust,0.08,0.25,0.1,one_minus_confidence,clean,cert_fail_tau0.95,5,neg_spearman_p_safe_optimistic,,,,,,0
bbb,robust,0.08,0.25,0.1,one_minus_confidence,delta,adv_error,5,auroc,0.740471551515227,0.08362548066632627,0.03739845188419999,0.6366534490846879,0.8442896539457662,5
bbb,robust,0.08,0.25,0.1,one_minus_confidence,delta,adv_error,5,auprc,0.5626085359236723,0.11709454599005033,0.052366272925645586,0.41723976228208015,0.7079773095652645,5
bbb,robust,0.08,0.25,0.1,one_minus_confidence,delta,adv_error,5,prevalence,0.188,0.0303315017762062,0.013564659966250534,0.15034450393368853,0.22565549606631147,5
bbb,robust,0.08,0.25,0.1,one_minus_confidence,delta,adv_error,5,neg_spearman_p_safe,0.6570200770933351,0.05013308466943859,0.022420197048523452,0.594781610086634,0.7192585441000362,5
bbb,robust,0.08,0.25,0.1,one_minus_confidence,delta,adv_error,5,neg_spearman_p_safe_optimistic,0.4231771497456183,0.003911245546185055,0.0017491621835926154,0.4183214755239652,0.42803282396727144,5
bbb,robust,0.08,0.25,0.1,one_minus_confidence,delta,cert_fail_tau0.5,5,auroc,0.7850098102830305,0.09092287214634721,0.04066194456575092,0.672132252168506,0.897887368397555,5
bbb,robust,0.08,0.25,0.1,one_minus_confidence,delta,cert_fail_tau0.5,5,auprc,0.7486895748850857,0.06512812136601479,0.029126181324253105,0.667835295528959,0.8295438542412124,5
bbb,robust,0.08,0.25,0.1,one_minus_confidence,delta,cert_fail_tau0.5,5,prevalence,0.21240408714092923,0.027352830471930007,0.012232557662452629,0.17844650706996074,0.24636166721189773,5
bbb,robust,0.08,0.25,0.1,one_minus_confidence,delta,cert_fail_tau0.5,5,neg_spearman_p_safe,,,,,,0
bbb,robust,0.08,0.25,0.1,one_minus_confidence,delta,cert_fail_tau0.5,5,neg_spearman_p_safe_optimistic,,,,,,0
bbb,robust,0.08,0.25,0.1,one_minus_confidence,delta,cert_fail_tau0.9,5,auroc,0.821422827378383,0.07895590471499835,0.03531015403354649,0.7234018397812579,0.9194438149755081,5
bbb,robust,0.08,0.25,0.1,one_minus_confidence,delta,cert_fail_tau0.9,5,auprc,0.8144658565722255,0.05010847314487861,0.022409190440134247,0.7522579439104128,0.8766737692340382,5
bbb,robust,0.08,0.25,0.1,one_minus_confidence,delta,cert_fail_tau0.9,5,prevalence,0.26151589046325885,0.03168710191632043,0.014170902778971267,0.22217746434883462,0.3008543165776831,5
bbb,robust,0.08,0.25,0.1,one_minus_confidence,delta,cert_fail_tau0.9,5,neg_spearman_p_safe,,,,,,0
bbb,robust,0.08,0.25,0.1,one_minus_confidence,delta,cert_fail_tau0.9,5,neg_spearman_p_safe_optimistic,,,,,,0
bbb,robust,0.08,0.25,0.1,one_minus_confidence,delta,cert_fail_tau0.95,5,auroc,,,,,,0
bbb,robust,0.08,0.25,0.1,one_minus_confidence,delta,cert_fail_tau0.95,5,auprc,1.0,0.0,0.0,1.0,1.0,5
bbb,robust,0.08,0.25,0.1,one_minus_confidence,delta,cert_fail_tau0.95,5,prevalence,1.0,0.0,0.0,1.0,1.0,5
bbb,robust,0.08,0.25,0.1,one_minus_confidence,delta,cert_fail_tau0.95,5,neg_spearman_p_safe,,,,,,0
bbb,robust,0.08,0.25,0.1,one_minus_confidence,delta,cert_fail_tau0.95,5,neg_spearman_p_safe_optimistic,,,,,,0
bbb,robust,0.08,0.25,0.15,mutual_information,adv,adv_error,5,auroc,0.5893153254253104,0.10155802022046666,0.045418127374652326,0.4632346038332755,0.7153960470173453,5
bbb,robust,0.08,0.25,0.15,mutual_information,adv,adv_error,5,auprc,0.6241449159691277,0.11241072617718356,0.0502716050264595,0.48459094041567613,0.7636988915225793,5
bbb,robust,0.08,0.25,0.15,mutual_information,adv,adv_error,5,prevalence,0.556,0.03847076812334267,0.017204650534085243,0.5082398901173795,0.6037601098826206,5
bbb,robust,0.08,0.25,0.15,mutual_information,adv,adv_error,5,neg_spearman_p_safe,,,,,,0
bbb,robust,0.08,0.25,0.15,mutual_information,adv,adv_error,5,neg_spearman_p_safe_optimistic,,,,,,0
bbb,robust,0.08,0.25,0.15,mutual_information,adv,cert_fail_tau0.5,5,auroc,,,,,,0
bbb,robust,0.08,0.25,0.15,mutual_information,adv,cert_fail_tau0.5,5,auprc,,,,,,0
bbb,robust,0.08,0.25,0.15,mutual_information,adv,cert_fail_tau0.5,5,prevalence,,,,,,0
bbb,robust,0.08,0.25,0.15,mutual_information,adv,cert_fail_tau0.5,5,neg_spearman_p_safe,,,,,,0
bbb,robust,0.08,0.25,0.15,mutual_information,adv,cert_fail_tau0.5,5,neg_spearman_p_safe_optimistic,,,,,,0
bbb,robust,0.08,0.25,0.15,mutual_information,adv,cert_fail_tau0.9,5,auroc,,,,,,0
bbb,robust,0.08,0.25,0.15,mutual_information,adv,cert_fail_tau0.9,5,auprc,,,,,,0
bbb,robust,0.08,0.25,0.15,mutual_information,adv,cert_fail_tau0.9,5,prevalence,,,,,,0
bbb,robust,0.08,0.25,0.15,mutual_information,adv,cert_fail_tau0.9,5,neg_spearman_p_safe,,,,,,0
bbb,robust,0.08,0.25,0.15,mutual_information,adv,cert_fail_tau0.9,5,neg_spearman_p_safe_optimistic,,,,,,0
bbb,robust,0.08,0.25,0.15,mutual_information,adv,cert_fail_tau0.95,5,auroc,,,,,,0
bbb,robust,0.08,0.25,0.15,mutual_information,adv,cert_fail_tau0.95,5,auprc,,,,,,0
bbb,robust,0.08,0.25,0.15,mutual_information,adv,cert_fail_tau0.95,5,prevalence,,,,,,0
bbb,robust,0.08,0.25,0.15,mutual_information,adv,cert_fail_tau0.95,5,neg_spearman_p_safe,,,,,,0
bbb,robust,0.08,0.25,0.15,mutual_information,adv,cert_fail_tau0.95,5,neg_spearman_p_safe_optimistic,,,,,,0
bbb,robust,0.08,0.25,0.15,mutual_information,clean,adv_error,5,auroc,0.5090539409371793,0.02833427352644782,0.012671472339642002,0.47387793372233306,0.5442299481520254,5
bbb,robust,0.08,0.25,0.15,mutual_information,clean,adv_error,5,auprc,0.643461787316194,0.021513489248177007,0.009621124878426925,0.6167535446536808,0.6701700299787071,5
bbb,robust,0.08,0.25,0.15,mutual_information,clean,adv_error,5,prevalence,0.556,0.03847076812334267,0.017204650534085243,0.5082398901173795,0.6037601098826206,5
bbb,robust,0.08,0.25,0.15,mutual_information,clean,adv_error,5,neg_spearman_p_safe,,,,,,0
bbb,robust,0.08,0.25,0.15,mutual_information,clean,adv_error,5,neg_spearman_p_safe_optimistic,,,,,,0
bbb,robust,0.08,0.25,0.15,mutual_information,clean,cert_fail_tau0.5,5,auroc,,,,,,0
bbb,robust,0.08,0.25,0.15,mutual_information,clean,cert_fail_tau0.5,5,auprc,,,,,,0
bbb,robust,0.08,0.25,0.15,mutual_information,clean,cert_fail_tau0.5,5,prevalence,,,,,,0
bbb,robust,0.08,0.25,0.15,mutual_information,clean,cert_fail_tau0.5,5,neg_spearman_p_safe,,,,,,0
bbb,robust,0.08,0.25,0.15,mutual_information,clean,cert_fail_tau0.5,5,neg_spearman_p_safe_optimistic,,,,,,0
bbb,robust,0.08,0.25,0.15,mutual_information,clean,cert_fail_tau0.9,5,auroc,,,,,,0
bbb,robust,0.08,0.25,0.15,mutual_information,clean,cert_fail_tau0.9,5,auprc,,,,,,0
bbb,robust,0.08,0.25,0.15,mutual_information,clean,cert_fail_tau0.9,5,prevalence,,,,,,0
bbb,robust,0.08,0.25,0.15,mutual_information,clean,cert_fail_tau0.9,5,neg_spearman_p_safe,,,,,,0
bbb,robust,0.08,0.25,0.15,mutual_information,clean,cert_fail_tau0.9,5,neg_spearman_p_safe_optimistic,,,,,,0
bbb,robust,0.08,0.25,0.15,mutual_information,clean,cert_fail_tau0.95,5,auroc,,,,,,0
bbb,robust,0.08,0.25,0.15,mutual_information,clean,cert_fail_tau0.95,5,auprc,,,,,,0
bbb,robust,0.08,0.25,0.15,mutual_information,clean,cert_fail_tau0.95,5,prevalence,,,,,,0
bbb,robust,0.08,0.25,0.15,mutual_information,clean,cert_fail_tau0.95,5,neg_spearman_p_safe,,,,,,0
bbb,robust,0.08,0.25,0.15,mutual_information,clean,cert_fail_tau0.95,5,neg_spearman_p_safe_optimistic,,,,,,0
bbb,robust,0.08,0.25,0.15,mutual_information,delta,adv_error,5,auroc,0.5789347696714413,0.10541099725718836,0.047141231088623406,0.44807071216942274,0.7097988271734599,5
bbb,robust,0.08,0.25,0.15,mutual_information,delta,adv_error,5,auprc,0.6210328138868415,0.11289032176057248,0.05048608669169276,0.4808834372307024,0.7611821905429805,5
bbb,robust,0.08,0.25,0.15,mutual_information,delta,adv_error,5,prevalence,0.556,0.03847076812334267,0.017204650534085243,0.5082398901173795,0.6037601098826206,5
bbb,robust,0.08,0.25,0.15,mutual_information,delta,adv_error,5,neg_spearman_p_safe,,,,,,0
bbb,robust,0.08,0.25,0.15,mutual_information,delta,adv_error,5,neg_spearman_p_safe_optimistic,,,,,,0
bbb,robust,0.08,0.25,0.15,mutual_information,delta,cert_fail_tau0.5,5,auroc,,,,,,0
bbb,robust,0.08,0.25,0.15,mutual_information,delta,cert_fail_tau0.5,5,auprc,,,,,,0
bbb,robust,0.08,0.25,0.15,mutual_information,delta,cert_fail_tau0.5,5,prevalence,,,,,,0
bbb,robust,0.08,0.25,0.15,mutual_information,delta,cert_fail_tau0.5,5,neg_spearman_p_safe,,,,,,0
bbb,robust,0.08,0.25,0.15,mutual_information,delta,cert_fail_tau0.5,5,neg_spearman_p_safe_optimistic,,,,,,0
bbb,robust,0.08,0.25,0.15,mutual_information,delta,cert_fail_tau0.9,5,auroc,,,,,,0
bbb,robust,0.08,0.25,0.15,mutual_information,delta,cert_fail_tau0.9,5,auprc,,,,,,0
bbb,robust,0.08,0.25,0.15,mutual_information,delta,cert_fail_tau0.9,5,prevalence,,,,,,0
bbb,robust,0.08,0.25,0.15,mutual_information,delta,cert_fail_tau0.9,5,neg_spearman_p_safe,,,,,,0
bbb,robust,0.08,0.25,0.15,mutual_information,delta,cert_fail_tau0.9,5,neg_spearman_p_safe_optimistic,,,,,,0
bbb,robust,0.08,0.25,0.15,mutual_information,delta,cert_fail_tau0.95,5,auroc,,,,,,0
bbb,robust,0.08,0.25,0.15,mutual_information,delta,cert_fail_tau0.95,5,auprc,,,,,,0
bbb,robust,0.08,0.25,0.15,mutual_information,delta,cert_fail_tau0.95,5,prevalence,,,,,,0
bbb,robust,0.08,0.25,0.15,mutual_information,delta,cert_fail_tau0.95,5,neg_spearman_p_safe,,,,,,0
bbb,robust,0.08,0.25,0.15,mutual_information,delta,cert_fail_tau0.95,5,neg_spearman_p_safe_optimistic,,,,,,0
bbb,robust,0.08,0.25,0.15,one_minus_confidence,adv,adv_error,5,auroc,0.6364053545233155,0.09540339592348053,0.04266569571384576,0.5179653832216796,0.7548453258249513,5
bbb,robust,0.08,0.25,0.15,one_minus_confidence,adv,adv_error,5,auprc,0.6973448801127338,0.112065839430395,0.0501173669843879,0.558219069364073,0.8364706908613946,5
bbb,robust,0.08,0.25,0.15,one_minus_confidence,adv,adv_error,5,prevalence,0.556,0.03847076812334267,0.017204650534085243,0.5082398901173795,0.6037601098826206,5
bbb,robust,0.08,0.25,0.15,one_minus_confidence,adv,adv_error,5,neg_spearman_p_safe,,,,,,0
bbb,robust,0.08,0.25,0.15,one_minus_confidence,adv,adv_error,5,neg_spearman_p_safe_optimistic,,,,,,0
bbb,robust,0.08,0.25,0.15,one_minus_confidence,adv,cert_fail_tau0.5,5,auroc,,,,,,0
bbb,robust,0.08,0.25,0.15,one_minus_confidence,adv,cert_fail_tau0.5,5,auprc,,,,,,0
bbb,robust,0.08,0.25,0.15,one_minus_confidence,adv,cert_fail_tau0.5,5,prevalence,,,,,,0
bbb,robust,0.08,0.25,0.15,one_minus_confidence,adv,cert_fail_tau0.5,5,neg_spearman_p_safe,,,,,,0
bbb,robust,0.08,0.25,0.15,one_minus_confidence,adv,cert_fail_tau0.5,5,neg_spearman_p_safe_optimistic,,,,,,0
bbb,robust,0.08,0.25,0.15,one_minus_confidence,adv,cert_fail_tau0.9,5,auroc,,,,,,0
bbb,robust,0.08,0.25,0.15,one_minus_confidence,adv,cert_fail_tau0.9,5,auprc,,,,,,0
bbb,robust,0.08,0.25,0.15,one_minus_confidence,adv,cert_fail_tau0.9,5,prevalence,,,,,,0
bbb,robust,0.08,0.25,0.15,one_minus_confidence,adv,cert_fail_tau0.9,5,neg_spearman_p_safe,,,,,,0
bbb,robust,0.08,0.25,0.15,one_minus_confidence,adv,cert_fail_tau0.9,5,neg_spearman_p_safe_optimistic,,,,,,0
bbb,robust,0.08,0.25,0.15,one_minus_confidence,adv,cert_fail_tau0.95,5,auroc,,,,,,0
bbb,robust,0.08,0.25,0.15,one_minus_confidence,adv,cert_fail_tau0.95,5,auprc,,,,,,0
bbb,robust,0.08,0.25,0.15,one_minus_confidence,adv,cert_fail_tau0.95,5,prevalence,,,,,,0
bbb,robust,0.08,0.25,0.15,one_minus_confidence,adv,cert_fail_tau0.95,5,neg_spearman_p_safe,,,,,,0
bbb,robust,0.08,0.25,0.15,one_minus_confidence,adv,cert_fail_tau0.95,5,neg_spearman_p_safe_optimistic,,,,,,0
bbb,robust,0.08,0.25,0.15,one_minus_confidence,clean,adv_error,5,auroc,0.5227668096110676,0.038732247422791105,0.01732158763174039,0.47468208234535625,0.5708515368767789,5
bbb,robust,0.08,0.25,0.15,one_minus_confidence,clean,adv_error,5,auprc,0.5992475079506151,0.041538314463091267,0.01857649896204695,0.5476791468319728,0.6508158690692574,5
bbb,robust,0.08,0.25,0.15,one_minus_confidence,clean,adv_error,5,prevalence,0.556,0.03847076812334267,0.017204650534085243,0.5082398901173795,0.6037601098826206,5
bbb,robust,0.08,0.25,0.15,one_minus_confidence,clean,adv_error,5,neg_spearman_p_safe,,,,,,0
bbb,robust,0.08,0.25,0.15,one_minus_confidence,clean,adv_error,5,neg_spearman_p_safe_optimistic,,,,,,0
bbb,robust,0.08,0.25,0.15,one_minus_confidence,clean,cert_fail_tau0.5,5,auroc,,,,,,0
bbb,robust,0.08,0.25,0.15,one_minus_confidence,clean,cert_fail_tau0.5,5,auprc,,,,,,0
bbb,robust,0.08,0.25,0.15,one_minus_confidence,clean,cert_fail_tau0.5,5,prevalence,,,,,,0
bbb,robust,0.08,0.25,0.15,one_minus_confidence,clean,cert_fail_tau0.5,5,neg_spearman_p_safe,,,,,,0
bbb,robust,0.08,0.25,0.15,one_minus_confidence,clean,cert_fail_tau0.5,5,neg_spearman_p_safe_optimistic,,,,,,0
bbb,robust,0.08,0.25,0.15,one_minus_confidence,clean,cert_fail_tau0.9,5,auroc,,,,,,0
bbb,robust,0.08,0.25,0.15,one_minus_confidence,clean,cert_fail_tau0.9,5,auprc,,,,,,0
bbb,robust,0.08,0.25,0.15,one_minus_confidence,clean,cert_fail_tau0.9,5,prevalence,,,,,,0
bbb,robust,0.08,0.25,0.15,one_minus_confidence,clean,cert_fail_tau0.9,5,neg_spearman_p_safe,,,,,,0
bbb,robust,0.08,0.25,0.15,one_minus_confidence,clean,cert_fail_tau0.9,5,neg_spearman_p_safe_optimistic,,,,,,0
bbb,robust,0.08,0.25,0.15,one_minus_confidence,clean,cert_fail_tau0.95,5,auroc,,,,,,0
bbb,robust,0.08,0.25,0.15,one_minus_confidence,clean,cert_fail_tau0.95,5,auprc,,,,,,0
bbb,robust,0.08,0.25,0.15,one_minus_confidence,clean,cert_fail_tau0.95,5,prevalence,,,,,,0
bbb,robust,0.08,0.25,0.15,one_minus_confidence,clean,cert_fail_tau0.95,5,neg_spearman_p_safe,,,,,,0
bbb,robust,0.08,0.25,0.15,one_minus_confidence,clean,cert_fail_tau0.95,5,neg_spearman_p_safe_optimistic,,,,,,0
bbb,robust,0.08,0.25,0.15,one_minus_confidence,delta,adv_error,5,auroc,0.6341249377331536,0.09384102918722442,0.041966984068235125,0.5176245899597329,0.7506252855065743,5
bbb,robust,0.08,0.25,0.15,one_minus_confidence,delta,adv_error,5,auprc,0.6980100349290024,0.11171632375031045,0.04996105882041368,0.559318135643534,0.8367019342144707,5
bbb,robust,0.08,0.25,0.15,one_minus_confidence,delta,adv_error,5,prevalence,0.556,0.03847076812334267,0.017204650534085243,0.5082398901173795,0.6037601098826206,5
bbb,robust,0.08,0.25,0.15,one_minus_confidence,delta,adv_error,5,neg_spearman_p_safe,,,,,,0
bbb,robust,0.08,0.25,0.15,one_minus_confidence,delta,adv_error,5,neg_spearman_p_safe_optimistic,,,,,,0
bbb,robust,0.08,0.25,0.15,one_minus_confidence,delta,cert_fail_tau0.5,5,auroc,,,,,,0
bbb,robust,0.08,0.25,0.15,one_minus_confidence,delta,cert_fail_tau0.5,5,auprc,,,,,,0
bbb,robust,0.08,0.25,0.15,one_minus_confidence,delta,cert_fail_tau0.5,5,prevalence,,,,,,0
bbb,robust,0.08,0.25,0.15,one_minus_confidence,delta,cert_fail_tau0.5,5,neg_spearman_p_safe,,,,,,0
bbb,robust,0.08,0.25,0.15,one_minus_confidence,delta,cert_fail_tau0.5,5,neg_spearman_p_safe_optimistic,,,,,,0
bbb,robust,0.08,0.25,0.15,one_minus_confidence,delta,cert_fail_tau0.9,5,auroc,,,,,,0
bbb,robust,0.08,0.25,0.15,one_minus_confidence,delta,cert_fail_tau0.9,5,auprc,,,,,,0
bbb,robust,0.08,0.25,0.15,one_minus_confidence,delta,cert_fail_tau0.9,5,prevalence,,,,,,0
bbb,robust,0.08,0.25,0.15,one_minus_confidence,delta,cert_fail_tau0.9,5,neg_spearman_p_safe,,,,,,0
bbb,robust,0.08,0.25,0.15,one_minus_confidence,delta,cert_fail_tau0.9,5,neg_spearman_p_safe_optimistic,,,,,,0
bbb,robust,0.08,0.25,0.15,one_minus_confidence,delta,cert_fail_tau0.95,5,auroc,,,,,,0
bbb,robust,0.08,0.25,0.15,one_minus_confidence,delta,cert_fail_tau0.95,5,auprc,,,,,,0
bbb,robust,0.08,0.25,0.15,one_minus_confidence,delta,cert_fail_tau0.95,5,prevalence,,,,,,0
bbb,robust,0.08,0.25,0.15,one_minus_confidence,delta,cert_fail_tau0.95,5,neg_spearman_p_safe,,,,,,0
bbb,robust,0.08,0.25,0.15,one_minus_confidence,delta,cert_fail_tau0.95,5,neg_spearman_p_safe_optimistic,,,,,,0
bbb,standard,,,0.01,mutual_information,adv,adv_error,5,auroc,,,,,,0
bbb,standard,,,0.01,mutual_information,adv,adv_error,5,auprc,,,,,,0
bbb,standard,,,0.01,mutual_information,adv,adv_error,5,prevalence,0.0,0.0,0.0,0.0,0.0,5
bbb,standard,,,0.01,mutual_information,adv,adv_error,5,neg_spearman_p_safe,0.738107384126125,0.0454148301178092,0.02031012946600523,0.6817264647284944,0.7944883035237555,5
bbb,standard,,,0.01,mutual_information,adv,adv_error,5,neg_spearman_p_safe_optimistic,0.4743019845009416,0.06723648679817629,0.03006907100979787,0.3908302433777427,0.5577737256241404,5
bbb,standard,,,0.01,mutual_information,adv,cert_fail_tau0.5,5,auroc,1.0,0.0,0.0,1.0,1.0,2
bbb,standard,,,0.01,mutual_information,adv,cert_fail_tau0.5,5,auprc,1.0,0.0,0.0,1.0,1.0,2
bbb,standard,,,0.01,mutual_information,adv,cert_fail_tau0.5,5,prevalence,0.008336951801997394,0.011419969654095226,0.005107165689508337,-0.005840540152077748,0.022514443756072536,5
bbb,standard,,,0.01,mutual_information,adv,cert_fail_tau0.5,5,neg_spearman_p_safe,,,,,,0
bbb,standard,,,0.01,mutual_information,adv,cert_fail_tau0.5,5,neg_spearman_p_safe_optimistic,,,,,,0
bbb,standard,,,0.01,mutual_information,adv,cert_fail_tau0.9,5,auroc,1.0,0.0,0.0,1.0,1.0,5
bbb,standard,,,0.01,mutual_information,adv,cert_fail_tau0.9,5,auprc,1.0,0.0,0.0,1.0,1.0,5
bbb,standard,,,0.01,mutual_information,adv,cert_fail_tau0.9,5,prevalence,0.030288220551378447,0.011068575500466403,0.004950017446626326,0.016546972119543767,0.044029468983213124,5
bbb,standard,,,0.01,mutual_information,adv,cert_fail_tau0.9,5,neg_spearman_p_safe,,,,,,0
bbb,standard,,,0.01,mutual_information,adv,cert_fail_tau0.9,5,neg_spearman_p_safe_optimistic,,,,,,0
bbb,standard,,,0.01,mutual_information,adv,cert_fail_tau0.95,5,auroc,,,,,,0
bbb,standard,,,0.01,mutual_information,adv,cert_fail_tau0.95,5,auprc,1.0,0.0,,,,1
bbb,standard,,,0.01,mutual_information,adv,cert_fail_tau0.95,5,prevalence,1.0,0.0,0.0,1.0,1.0,5
bbb,standard,,,0.01,mutual_information,adv,cert_fail_tau0.95,5,neg_spearman_p_safe,,,,,,0
bbb,standard,,,0.01,mutual_information,adv,cert_fail_tau0.95,5,neg_spearman_p_safe_optimistic,,,,,,0
bbb,standard,,,0.01,mutual_information,clean,adv_error,5,auroc,,,,,,0
bbb,standard,,,0.01,mutual_information,clean,adv_error,5,auprc,,,,,,0
bbb,standard,,,0.01,mutual_information,clean,adv_error,5,prevalence,0.0,0.0,0.0,0.0,0.0,5
bbb,standard,,,0.01,mutual_information,clean,adv_error,5,neg_spearman_p_safe,0.7367544254340256,0.04610812154624131,0.020620178818443656,0.679512809034026,0.7939960418340252,5
bbb,standard,,,0.01,mutual_information,clean,adv_error,5,neg_spearman_p_safe_optimistic,0.47501004958343007,0.06864284668966335,0.03069801427343673,0.3897923619603697,0.5602277372064904,5
bbb,standard,,,0.01,mutual_information,clean,cert_fail_tau0.5,5,auroc,1.0,0.0,0.0,1.0,1.0,2
bbb,standard,,,0.01,mutual_information,clean,cert_fail_tau0.5,5,auprc,1.0,0.0,0.0,1.0,1.0,2
bbb,standard,,,0.01,mutual_information,clean,cert_fail_tau0.5,5,prevalence,0.008336951801997394,0.011419969654095226,0.005107165689508337,-0.005840540152077748,0.022514443756072536,5
bbb,standard,,,0.01,mutual_information,clean,cert_fail_tau0.5,5,neg_spearman_p_safe,,,,,,0
bbb,standard,,,0.01,mutual_information,clean,cert_fail_tau0.5,5,neg_spearman_p_safe_optimistic,,,,,,0
bbb,standard,,,0.01,mutual_information,clean,cert_fail_tau0.9,5,auroc,1.0,0.0,0.0,1.0,1.0,5
bbb,standard,,,0.01,mutual_information,clean,cert_fail_tau0.9,5,auprc,1.0,0.0,0.0,1.0,1.0,5
bbb,standard,,,0.01,mutual_information,clean,cert_fail_tau0.9,5,prevalence,0.030288220551378447,0.011068575500466403,0.004950017446626326,0.016546972119543767,0.044029468983213124,5
bbb,standard,,,0.01,mutual_information,clean,cert_fail_tau0.9,5,neg_spearman_p_safe,,,,,,0
bbb,standard,,,0.01,mutual_information,clean,cert_fail_tau0.9,5,neg_spearman_p_safe_optimistic,,,,,,0
bbb,standard,,,0.01,mutual_information,clean,cert_fail_tau0.95,5,auroc,,,,,,0
bbb,standard,,,0.01,mutual_information,clean,cert_fail_tau0.95,5,auprc,1.0,0.0,,,,1
bbb,standard,,,0.01,mutual_information,clean,cert_fail_tau0.95,5,prevalence,1.0,0.0,0.0,1.0,1.0,5
bbb,standard,,,0.01,mutual_information,clean,cert_fail_tau0.95,5,neg_spearman_p_safe,,,,,,0
bbb,standard,,,0.01,mutual_information,clean,cert_fail_tau0.95,5,neg_spearman_p_safe_optimistic,,,,,,0
bbb,standard,,,0.01,mutual_information,delta,adv_error,5,auroc,,,,,,0
bbb,standard,,,0.01,mutual_information,delta,adv_error,5,auprc,,,,,,0
bbb,standard,,,0.01,mutual_information,delta,adv_error,5,prevalence,0.0,0.0,0.0,0.0,0.0,5
bbb,standard,,,0.01,mutual_information,delta,adv_error,5,neg_spearman_p_safe,0.737147909634178,0.048068965702849666,0.02149709498393556,0.6774719739587729,0.7968238453095831,5
bbb,standard,,,0.01,mutual_information,delta,adv_error,5,neg_spearman_p_safe_optimistic,0.47279983012588184,0.06436583540736227,0.028785276679884977,0.3928919020625211,0.5527077581892426,5
bbb,standard,,,0.01,mutual_information,delta,cert_fail_tau0.5,5,auroc,1.0,0.0,0.0,1.0,1.0,2
bbb,standard,,,0.01,mutual_information,delta,cert_fail_tau0.5,5,auprc,1.0,0.0,0.0,1.0,1.0,2
bbb,standard,,,0.01,mutual_information,delta,cert_fail_tau0.5,5,prevalence,0.008336951801997394,0.011419969654095226,0.005107165689508337,-0.005840540152077748,0.022514443756072536,5
bbb,standard,,,0.01,mutual_information,delta,cert_fail_tau0.5,5,neg_spearman_p_safe,,,,,,0
bbb,standard,,,0.01,mutual_information,delta,cert_fail_tau0.5,5,neg_spearman_p_safe_optimistic,,,,,,0
bbb,standard,,,0.01,mutual_information,delta,cert_fail_tau0.9,5,auroc,1.0,0.0,0.0,1.0,1.0,5
bbb,standard,,,0.01,mutual_information,delta,cert_fail_tau0.9,5,auprc,1.0,0.0,0.0,1.0,1.0,5
bbb,standard,,,0.01,mutual_information,delta,cert_fail_tau0.9,5,prevalence,0.030288220551378447,0.011068575500466403,0.004950017446626326,0.016546972119543767,0.044029468983213124,5
bbb,standard,,,0.01,mutual_information,delta,cert_fail_tau0.9,5,neg_spearman_p_safe,,,,,,0
bbb,standard,,,0.01,mutual_information,delta,cert_fail_tau0.9,5,neg_spearman_p_safe_optimistic,,,,,,0
bbb,standard,,,0.01,mutual_information,delta,cert_fail_tau0.95,5,auroc,,,,,,0
bbb,standard,,,0.01,mutual_information,delta,cert_fail_tau0.95,5,auprc,1.0,0.0,,,,1
bbb,standard,,,0.01,mutual_information,delta,cert_fail_tau0.95,5,prevalence,1.0,0.0,0.0,1.0,1.0,5
bbb,standard,,,0.01,mutual_information,delta,cert_fail_tau0.95,5,neg_spearman_p_safe,,,,,,0
bbb,standard,,,0.01,mutual_information,delta,cert_fail_tau0.95,5,neg_spearman_p_safe_optimistic,,,,,,0
bbb,standard,,,0.01,one_minus_confidence,adv,adv_error,5,auroc,,,,,,0
bbb,standard,,,0.01,one_minus_confidence,adv,adv_error,5,auprc,,,,,,0
bbb,standard,,,0.01,one_minus_confidence,adv,adv_error,5,prevalence,0.0,0.0,0.0,0.0,0.0,5
bbb,standard,,,0.01,one_minus_confidence,adv,adv_error,5,neg_spearman_p_safe,0.7593232921797165,0.041541415510989006,0.018577885792827115,0.7077510812188285,0.8108955031406045,5
bbb,standard,,,0.01,one_minus_confidence,adv,adv_error,5,neg_spearman_p_safe_optimistic,0.4747427157476006,0.07180232201964049,0.032110974595649225,0.38560265027007834,0.5638827812251228,5
bbb,standard,,,0.01,one_minus_confidence,adv,cert_fail_tau0.5,5,auroc,1.0,0.0,0.0,1.0,1.0,2
bbb,standard,,,0.01,one_minus_confidence,adv,cert_fail_tau0.5,5,auprc,1.0,0.0,0.0,1.0,1.0,2
bbb,standard,,,0.01,one_minus_confidence,adv,cert_fail_tau0.5,5,prevalence,0.008336951801997394,0.011419969654095226,0.005107165689508337,-0.005840540152077748,0.022514443756072536,5
bbb,standard,,,0.01,one_minus_confidence,adv,cert_fail_tau0.5,5,neg_spearman_p_safe,,,,,,0
bbb,standard,,,0.01,one_minus_confidence,adv,cert_fail_tau0.5,5,neg_spearman_p_safe_optimistic,,,,,,0
bbb,standard,,,0.01,one_minus_confidence,adv,cert_fail_tau0.9,5,auroc,1.0,0.0,0.0,1.0,1.0,5
bbb,standard,,,0.01,one_minus_confidence,adv,cert_fail_tau0.9,5,auprc,1.0,0.0,0.0,1.0,1.0,5
bbb,standard,,,0.01,one_minus_confidence,adv,cert_fail_tau0.9,5,prevalence,0.030288220551378447,0.011068575500466403,0.004950017446626326,0.016546972119543767,0.044029468983213124,5
bbb,standard,,,0.01,one_minus_confidence,adv,cert_fail_tau0.9,5,neg_spearman_p_safe,,,,,,0
bbb,standard,,,0.01,one_minus_confidence,adv,cert_fail_tau0.9,5,neg_spearman_p_safe_optimistic,,,,,,0
bbb,standard,,,0.01,one_minus_confidence,adv,cert_fail_tau0.95,5,auroc,,,,,,0
bbb,standard,,,0.01,one_minus_confidence,adv,cert_fail_tau0.95,5,auprc,1.0,0.0,,,,1
bbb,standard,,,0.01,one_minus_confidence,adv,cert_fail_tau0.95,5,prevalence,1.0,0.0,0.0,1.0,1.0,5
bbb,standard,,,0.01,one_minus_confidence,adv,cert_fail_tau0.95,5,neg_spearman_p_safe,,,,,,0
bbb,standard,,,0.01,one_minus_confidence,adv,cert_fail_tau0.95,5,neg_spearman_p_safe_optimistic,,,,,,0
bbb,standard,,,0.01,one_minus_confidence,clean,adv_error,5,auroc,,,,,,0
bbb,standard,,,0.01,one_minus_confidence,clean,adv_error,5,auprc,,,,,,0
bbb,standard,,,0.01,one_minus_confidence,clean,adv_error,5,prevalence,0.0,0.0,0.0,0.0,0.0,5
bbb,standard,,,0.01,one_minus_confidence,clean,adv_error,5,neg_spearman_p_safe,0.7579018503364383,0.04101964709608849,0.01834454386398114,0.7069773965700267,0.80882630410285,5
bbb,standard,,,0.01,one_minus_confidence,clean,adv_error,5,neg_spearman_p_safe_optimistic,0.479927138168936,0.07439214071222085,0.033269176724851086,0.3875719035807494,0.5722823727571226,5
bbb,standard,,,0.01,one_minus_confidence,clean,cert_fail_tau0.5,5,auroc,1.0,0.0,0.0,1.0,1.0,2
bbb,standard,,,0.01,one_minus_confidence,clean,cert_fail_tau0.5,5,auprc,1.0,0.0,0.0,1.0,1.0,2
bbb,standard,,,0.01,one_minus_confidence,clean,cert_fail_tau0.5,5,prevalence,0.008336951801997394,0.011419969654095226,0.005107165689508337,-0.005840540152077748,0.022514443756072536,5
bbb,standard,,,0.01,one_minus_confidence,clean,cert_fail_tau0.5,5,neg_spearman_p_safe,,,,,,0
bbb,standard,,,0.01,one_minus_confidence,clean,cert_fail_tau0.5,5,neg_spearman_p_safe_optimistic,,,,,,0
bbb,standard,,,0.01,one_minus_confidence,clean,cert_fail_tau0.9,5,auroc,1.0,0.0,0.0,1.0,1.0,5
bbb,standard,,,0.01,one_minus_confidence,clean,cert_fail_tau0.9,5,auprc,1.0,0.0,0.0,1.0,1.0,5
bbb,standard,,,0.01,one_minus_confidence,clean,cert_fail_tau0.9,5,prevalence,0.030288220551378447,0.011068575500466403,0.004950017446626326,0.016546972119543767,0.044029468983213124,5
bbb,standard,,,0.01,one_minus_confidence,clean,cert_fail_tau0.9,5,neg_spearman_p_safe,,,,,,0
bbb,standard,,,0.01,one_minus_confidence,clean,cert_fail_tau0.9,5,neg_spearman_p_safe_optimistic,,,,,,0
bbb,standard,,,0.01,one_minus_confidence,clean,cert_fail_tau0.95,5,auroc,,,,,,0
bbb,standard,,,0.01,one_minus_confidence,clean,cert_fail_tau0.95,5,auprc,1.0,0.0,,,,1
bbb,standard,,,0.01,one_minus_confidence,clean,cert_fail_tau0.95,5,prevalence,1.0,0.0,0.0,1.0,1.0,5
bbb,standard,,,0.01,one_minus_confidence,clean,cert_fail_tau0.95,5,neg_spearman_p_safe,,,,,,0
bbb,standard,,,0.01,one_minus_confidence,clean,cert_fail_tau0.95,5,neg_spearman_p_safe_optimistic,,,,,,0
bbb,standard,,,0.01,one_minus_confidence,delta,adv_error,5,auroc,,,,,,0
bbb,standard,,,0.01,one_minus_confidence,delta,adv_error,5,auprc,,,,,,0
bbb,standard,,,0.01,one_minus_confidence,delta,adv_error,5,prevalence,0.0,0.0,0.0,0.0,0.0,5
bbb,standard,,,0.01,one_minus_confidence,delta,adv_error,5,neg_spearman_p_safe,0.7601857005162203,0.04207202917497295,0.01881518343731878,0.7079547512942234,0.8124166497382171,5
bbb,standard,,,0.01,one_minus_confidence,delta,adv_error,5,neg_spearman_p_safe_optimistic,0.4747436714995624,0.07181067965496563,0.03211471224379286,0.38559323031079346,0.5638941126883315,5
bbb,standard,,,0.01,one_minus_confidence,delta,cert_fail_tau0.5,5,auroc,1.0,0.0,0.0,1.0,1.0,2
bbb,standard,,,0.01,one_minus_confidence,delta,cert_fail_tau0.5,5,auprc,1.0,0.0,0.0,1.0,1.0,2
bbb,standard,,,0.01,one_minus_confidence,delta,cert_fail_tau0.5,5,prevalence,0.008336951801997394,0.011419969654095226,0.005107165689508337,-0.005840540152077748,0.022514443756072536,5
bbb,standard,,,0.01,one_minus_confidence,delta,cert_fail_tau0.5,5,neg_spearman_p_safe,,,,,,0
bbb,standard,,,0.01,one_minus_confidence,delta,cert_fail_tau0.5,5,neg_spearman_p_safe_optimistic,,,,,,0
bbb,standard,,,0.01,one_minus_confidence,delta,cert_fail_tau0.9,5,auroc,1.0,0.0,0.0,1.0,1.0,5
bbb,standard,,,0.01,one_minus_confidence,delta,cert_fail_tau0.9,5,auprc,1.0,0.0,0.0,1.0,1.0,5
bbb,standard,,,0.01,one_minus_confidence,delta,cert_fail_tau0.9,5,prevalence,0.030288220551378447,0.011068575500466403,0.004950017446626326,0.016546972119543767,0.044029468983213124,5
bbb,standard,,,0.01,one_minus_confidence,delta,cert_fail_tau0.9,5,neg_spearman_p_safe,,,,,,0
bbb,standard,,,0.01,one_minus_confidence,delta,cert_fail_tau0.9,5,neg_spearman_p_safe_optimistic,,,,,,0
bbb,standard,,,0.01,one_minus_confidence,delta,cert_fail_tau0.95,5,auroc,,,,,,0
bbb,standard,,,0.01,one_minus_confidence,delta,cert_fail_tau0.95,5,auprc,1.0,0.0,,,,1
bbb,standard,,,0.01,one_minus_confidence,delta,cert_fail_tau0.95,5,prevalence,1.0,0.0,0.0,1.0,1.0,5
bbb,standard,,,0.01,one_minus_confidence,delta,cert_fail_tau0.95,5,neg_spearman_p_safe,,,,,,0
bbb,standard,,,0.01,one_minus_confidence,delta,cert_fail_tau0.95,5,neg_spearman_p_safe_optimistic,,,,,,0
bbb,standard,,,0.03,mutual_information,adv,adv_error,5,auroc,0.9856717687074831,0.017062250173277855,0.00763047024731137,0.9644895833009467,1.0068539541140193,5
bbb,standard,,,0.03,mutual_information,adv,adv_error,5,auprc,0.7333333333333333,0.30276503540974914,0.135400640077266,0.3574611564788429,1.1092055101878238,5
bbb,standard,,,0.03,mutual_information,adv,adv_error,5,prevalence,0.024,0.00894427190999916,0.004,0.012896000000000001,0.035103999999999996,5
bbb,standard,,,0.03,mutual_information,adv,adv_error,5,neg_spearman_p_safe,,,,,,0
bbb,standard,,,0.03,mutual_information,adv,adv_error,5,neg_spearman_p_safe_optimistic,,,,,,0
bbb,standard,,,0.03,mutual_information,adv,cert_fail_tau0.5,5,auroc,,,,,,0
bbb,standard,,,0.03,mutual_information,adv,cert_fail_tau0.5,5,auprc,,,,,,0
bbb,standard,,,0.03,mutual_information,adv,cert_fail_tau0.5,5,prevalence,,,,,,0
bbb,standard,,,0.03,mutual_information,adv,cert_fail_tau0.5,5,neg_spearman_p_safe,,,,,,0
bbb,standard,,,0.03,mutual_information,adv,cert_fail_tau0.5,5,neg_spearman_p_safe_optimistic,,,,,,0
bbb,standard,,,0.03,mutual_information,adv,cert_fail_tau0.9,5,auroc,,,,,,0
bbb,standard,,,0.03,mutual_information,adv,cert_fail_tau0.9,5,auprc,,,,,,0
bbb,standard,,,0.03,mutual_information,adv,cert_fail_tau0.9,5,prevalence,,,,,,0
bbb,standard,,,0.03,mutual_information,adv,cert_fail_tau0.9,5,neg_spearman_p_safe,,,,,,0
bbb,standard,,,0.03,mutual_information,adv,cert_fail_tau0.9,5,neg_spearman_p_safe_optimistic,,,,,,0
bbb,standard,,,0.03,mutual_information,adv,cert_fail_tau0.95,5,auroc,,,,,,0
bbb,standard,,,0.03,mutual_information,adv,cert_fail_tau0.95,5,auprc,,,,,,0
bbb,standard,,,0.03,mutual_information,adv,cert_fail_tau0.95,5,prevalence,,,,,,0
bbb,standard,,,0.03,mutual_information,adv,cert_fail_tau0.95,5,neg_spearman_p_safe,,,,,,0
bbb,standard,,,0.03,mutual_information,adv,cert_fail_tau0.95,5,neg_spearman_p_safe_optimistic,,,,,,0
bbb,standard,,,0.03,mutual_information,clean,adv_error,5,auroc,0.9959183673469388,0.009126808071427725,0.00408163265306123,0.9845877551020409,1.007248979591837,5
bbb,standard,,,0.03,mutual_information,clean,adv_error,5,auprc,0.9,0.22360679774997902,0.10000000000000002,0.6224000000000001,1.1776,5
bbb,standard,,,0.03,mutual_information,clean,adv_error,5,prevalence,0.024,0.00894427190999916,0.004,0.012896000000000001,0.035103999999999996,5
bbb,standard,,,0.03,mutual_information,clean,adv_error,5,neg_spearman_p_safe,,,,,,0
bbb,standard,,,0.03,mutual_information,clean,adv_error,5,neg_spearman_p_safe_optimistic,,,,,,0
bbb,standard,,,0.03,mutual_information,clean,cert_fail_tau0.5,5,auroc,,,,,,0
bbb,standard,,,0.03,mutual_information,clean,cert_fail_tau0.5,5,auprc,,,,,,0
bbb,standard,,,0.03,mutual_information,clean,cert_fail_tau0.5,5,prevalence,,,,,,0
bbb,standard,,,0.03,mutual_information,clean,cert_fail_tau0.5,5,neg_spearman_p_safe,,,,,,0
bbb,standard,,,0.03,mutual_information,clean,cert_fail_tau0.5,5,neg_spearman_p_safe_optimistic,,,,,,0
bbb,standard,,,0.03,mutual_information,clean,cert_fail_tau0.9,5,auroc,,,,,,0
bbb,standard,,,0.03,mutual_information,clean,cert_fail_tau0.9,5,auprc,,,,,,0
bbb,standard,,,0.03,mutual_information,clean,cert_fail_tau0.9,5,prevalence,,,,,,0
bbb,standard,,,0.03,mutual_information,clean,cert_fail_tau0.9,5,neg_spearman_p_safe,,,,,,0
bbb,standard,,,0.03,mutual_information,clean,cert_fail_tau0.9,5,neg_spearman_p_safe_optimistic,,,,,,0
bbb,standard,,,0.03,mutual_information,clean,cert_fail_tau0.95,5,auroc,,,,,,0
bbb,standard,,,0.03,mutual_information,clean,cert_fail_tau0.95,5,auprc,,,,,,0
bbb,standard,,,0.03,mutual_information,clean,cert_fail_tau0.95,5,prevalence,,,,,,0
bbb,standard,,,0.03,mutual_information,clean,cert_fail_tau0.95,5,neg_spearman_p_safe,,,,,,0
bbb,standard,,,0.03,mutual_information,clean,cert_fail_tau0.95,5,neg_spearman_p_safe_optimistic,,,,,,0
bbb,standard,,,0.03,mutual_information,delta,adv_error,5,auroc,0.8688775510204081,0.0654275815678748,0.029260103997836063,0.7876515023224152,0.950103599718401,5
bbb,standard,,,0.03,mutual_information,delta,adv_error,5,auprc,0.16888888888888892,0.06923301146521947,0.03096194398465061,0.08293853238749883,0.254839245390279,5
bbb,standard,,,0.03,mutual_information,delta,adv_error,5,prevalence,0.024,0.00894427190999916,0.004,0.012896000000000001,0.035103999999999996,5
bbb,standard,,,0.03,mutual_information,delta,adv_error,5,neg_spearman_p_safe,,,,,,0
bbb,standard,,,0.03,mutual_information,delta,adv_error,5,neg_spearman_p_safe_optimistic,,,,,,0
bbb,standard,,,0.03,mutual_information,delta,cert_fail_tau0.5,5,auroc,,,,,,0
bbb,standard,,,0.03,mutual_information,delta,cert_fail_tau0.5,5,auprc,,,,,,0
bbb,standard,,,0.03,mutual_information,delta,cert_fail_tau0.5,5,prevalence,,,,,,0
bbb,standard,,,0.03,mutual_information,delta,cert_fail_tau0.5,5,neg_spearman_p_safe,,,,,,0
bbb,standard,,,0.03,mutual_information,delta,cert_fail_tau0.5,5,neg_spearman_p_safe_optimistic,,,,,,0
bbb,standard,,,0.03,mutual_information,delta,cert_fail_tau0.9,5,auroc,,,,,,0
bbb,standard,,,0.03,mutual_information,delta,cert_fail_tau0.9,5,auprc,,,,,,0
bbb,standard,,,0.03,mutual_information,delta,cert_fail_tau0.9,5,prevalence,,,,,,0
bbb,standard,,,0.03,mutual_information,delta,cert_fail_tau0.9,5,neg_spearman_p_safe,,,,,,0
bbb,standard,,,0.03,mutual_information,delta,cert_fail_tau0.9,5,neg_spearman_p_safe_optimistic,,,,,,0
bbb,standard,,,0.03,mutual_information,delta,cert_fail_tau0.95,5,auroc,,,,,,0
bbb,standard,,,0.03,mutual_information,delta,cert_fail_tau0.95,5,auprc,,,,,,0
bbb,standard,,,0.03,mutual_information,delta,cert_fail_tau0.95,5,prevalence,,,,,,0
bbb,standard,,,0.03,mutual_information,delta,cert_fail_tau0.95,5,neg_spearman_p_safe,,,,,,0
bbb,standard,,,0.03,mutual_information,delta,cert_fail_tau0.95,5,neg_spearman_p_safe_optimistic,,,,,,0
bbb,standard,,,0.03,one_minus_confidence,adv,adv_error,5,auroc,0.9815901360544217,0.020891604263902668,0.009343009458622164,0.9556539417972866,1.007526330311557,5
bbb,standard,,,0.03,one_minus_confidence,adv,adv_error,5,auprc,0.7,0.3415650255319866,0.15275252316519464,0.2759589956934197,1.1240410043065803,5
bbb,standard,,,0.03,one_minus_confidence,adv,adv_error,5,prevalence,0.024,0.00894427190999916,0.004,0.012896000000000001,0.035103999999999996,5
bbb,standard,,,0.03,one_minus_confidence,adv,adv_error,5,neg_spearman_p_safe,,,,,,0
bbb,standard,,,0.03,one_minus_confidence,adv,adv_error,5,neg_spearman_p_safe_optimistic,,,,,,0
bbb,standard,,,0.03,one_minus_confidence,adv,cert_fail_tau0.5,5,auroc,,,,,,0
bbb,standard,,,0.03,one_minus_confidence,adv,cert_fail_tau0.5,5,auprc,,,,,,0
bbb,standard,,,0.03,one_minus_confidence,adv,cert_fail_tau0.5,5,prevalence,,,,,,0
bbb,standard,,,0.03,one_minus_confidence,adv,cert_fail_tau0.5,5,neg_spearman_p_safe,,,,,,0
bbb,standard,,,0.03,one_minus_confidence,adv,cert_fail_tau0.5,5,neg_spearman_p_safe_optimistic,,,,,,0
bbb,standard,,,0.03,one_minus_confidence,adv,cert_fail_tau0.9,5,auroc,,,,,,0
bbb,standard,,,0.03,one_minus_confidence,adv,cert_fail_tau0.9,5,auprc,,,,,,0
bbb,standard,,,0.03,one_minus_confidence,adv,cert_fail_tau0.9,5,prevalence,,,,,,0
bbb,standard,,,0.03,one_minus_confidence,adv,cert_fail_tau0.9,5,neg_spearman_p_safe,,,,,,0
bbb,standard,,,0.03,one_minus_confidence,adv,cert_fail_tau0.9,5,neg_spearman_p_safe_optimistic,,,,,,0
bbb,standard,,,0.03,one_minus_confidence,adv,cert_fail_tau0.95,5,auroc,,,,,,0
bbb,standard,,,0.03,one_minus_confidence,adv,cert_fail_tau0.95,5,auprc,,,,,,0
bbb,standard,,,0.03,one_minus_confidence,adv,cert_fail_tau0.95,5,prevalence,,,,,,0
bbb,standard,,,0.03,one_minus_confidence,adv,cert_fail_tau0.95,5,neg_spearman_p_safe,,,,,,0
bbb,standard,,,0.03,one_minus_confidence,adv,cert_fail_tau0.95,5,neg_spearman_p_safe_optimistic,,,,,,0
bbb,standard,,,0.03,one_minus_confidence,clean,adv_error,5,auroc,0.9959183673469388,0.009126808071427725,0.00408163265306123,0.9845877551020409,1.007248979591837,5
bbb,standard,,,0.03,one_minus_confidence,clean,adv_error,5,auprc,0.9,0.22360679774997902,0.10000000000000002,0.6224000000000001,1.1776,5
bbb,standard,,,0.03,one_minus_confidence,clean,adv_error,5,prevalence,0.024,0.00894427190999916,0.004,0.012896000000000001,0.035103999999999996,5
bbb,standard,,,0.03,one_minus_confidence,clean,adv_error,5,neg_spearman_p_safe,,,,,,0
bbb,standard,,,0.03,one_minus_confidence,clean,adv_error,5,neg_spearman_p_safe_optimistic,,,,,,0
bbb,standard,,,0.03,one_minus_confidence,clean,cert_fail_tau0.5,5,auroc,,,,,,0
bbb,standard,,,0.03,one_minus_confidence,clean,cert_fail_tau0.5,5,auprc,,,,,,0
bbb,standard,,,0.03,one_minus_confidence,clean,cert_fail_tau0.5,5,prevalence,,,,,,0
bbb,standard,,,0.03,one_minus_confidence,clean,cert_fail_tau0.5,5,neg_spearman_p_safe,,,,,,0
bbb,standard,,,0.03,one_minus_confidence,clean,cert_fail_tau0.5,5,neg_spearman_p_safe_optimistic,,,,,,0
bbb,standard,,,0.03,one_minus_confidence,clean,cert_fail_tau0.9,5,auroc,,,,,,0
bbb,standard,,,0.03,one_minus_confidence,clean,cert_fail_tau0.9,5,auprc,,,,,,0
bbb,standard,,,0.03,one_minus_confidence,clean,cert_fail_tau0.9,5,prevalence,,,,,,0
bbb,standard,,,0.03,one_minus_confidence,clean,cert_fail_tau0.9,5,neg_spearman_p_safe,,,,,,0
bbb,standard,,,0.03,one_minus_confidence,clean,cert_fail_tau0.9,5,neg_spearman_p_safe_optimistic,,,,,,0
bbb,standard,,,0.03,one_minus_confidence,clean,cert_fail_tau0.95,5,auroc,,,,,,0
bbb,standard,,,0.03,one_minus_confidence,clean,cert_fail_tau0.95,5,auprc,,,,,,0
bbb,standard,,,0.03,one_minus_confidence,clean,cert_fail_tau0.95,5,prevalence,,,,,,0
bbb,standard,,,0.03,one_minus_confidence,clean,cert_fail_tau0.95,5,neg_spearman_p_safe,,,,,,0
bbb,standard,,,0.03,one_minus_confidence,clean,cert_fail_tau0.95,5,neg_spearman_p_safe_optimistic,,,,,,0
bbb,standard,,,0.03,one_minus_confidence,delta,adv_error,5,auroc,0.7670918367346939,0.4295607052804445,0.19210538749396533,0.23380728105144621,1.3003763924179417,5
bbb,standard,,,0.03,one_minus_confidence,delta,adv_error,5,auprc,0.4456666666666667,0.37800205760756855,0.16904765928906296,-0.02360963551977202,0.9149429688531054,5
bbb,standard,,,0.03,one_minus_confidence,delta,adv_error,5,prevalence,0.024,0.00894427190999916,0.004,0.012896000000000001,0.035103999999999996,5
bbb,standard,,,0.03,one_minus_confidence,delta,adv_error,5,neg_spearman_p_safe,,,,,,0
bbb,standard,,,0.03,one_minus_confidence,delta,adv_error,5,neg_spearman_p_safe_optimistic,,,,,,0
bbb,standard,,,0.03,one_minus_confidence,delta,cert_fail_tau0.5,5,auroc,,,,,,0
bbb,standard,,,0.03,one_minus_confidence,delta,cert_fail_tau0.5,5,auprc,,,,,,0
bbb,standard,,,0.03,one_minus_confidence,delta,cert_fail_tau0.5,5,prevalence,,,,,,0
bbb,standard,,,0.03,one_minus_confidence,delta,cert_fail_tau0.5,5,neg_spearman_p_safe,,,,,,0
bbb,standard,,,0.03,one_minus_confidence,delta,cert_fail_tau0.5,5,neg_spearman_p_safe_optimistic,,,,,,0
bbb,standard,,,0.03,one_minus_confidence,delta,cert_fail_tau0.9,5,auroc,,,,,,0
bbb,standard,,,0.03,one_minus_confidence,delta,cert_fail_tau0.9,5,auprc,,,,,,0
bbb,standard,,,0.03,one_minus_confidence,delta,cert_fail_tau0.9,5,prevalence,,,,,,0
bbb,standard,,,0.03,one_minus_confidence,delta,cert_fail_tau0.9,5,neg_spearman_p_safe,,,,,,0
bbb,standard,,,0.03,one_minus_confidence,delta,cert_fail_tau0.9,5,neg_spearman_p_safe_optimistic,,,,,,0
bbb,standard,,,0.03,one_minus_confidence,delta,cert_fail_tau0.95,5,auroc,,,,,,0
bbb,standard,,,0.03,one_minus_confidence,delta,cert_fail_tau0.95,5,auprc,,,,,,0
bbb,standard,,,0.03,one_minus_confidence,delta,cert_fail_tau0.95,5,prevalence,,,,,,0
bbb,standard,,,0.03,one_minus_confidence,delta,cert_fail_tau0.95,5,neg_spearman_p_safe,,,,,,0
bbb,standard,,,0.03,one_minus_confidence,delta,cert_fail_tau0.95,5,neg_spearman_p_safe_optimistic,,,,,,0
bbb,standard,,,0.05,mutual_information,adv,adv_error,5,auroc,0.877859025032938,0.025814118235443113,0.011544424630733545,0.8458117022580217,0.9099063478078543,5
bbb,standard,,,0.05,mutual_information,adv,adv_error,5,auprc,0.484677377203693,0.04059899940186639,0.01815642449620931,0.43427514280221596,0.53507961160517,5
bbb,standard,,,0.05,mutual_information,adv,adv_error,5,prevalence,0.096,0.01673320053068151,0.007483314773547882,0.07522631818863108,0.11677368181136892,5
bbb,standard,,,0.05,mutual_information,adv,adv_error,5,neg_spearman_p_safe,,,,,,0
bbb,standard,,,0.05,mutual_information,adv,adv_error,5,neg_spearman_p_safe_optimistic,0.9165671203442702,0.01897499845325215,0.008485877282885034,0.8930103250069814,0.9401239156815591,5
bbb,standard,,,0.05,mutual_information,adv,cert_fail_tau0.5,5,auroc,,,,,,0
bbb,standard,,,0.05,mutual_information,adv,cert_fail_tau0.5,5,auprc,1.0,0.0,0.0,1.0,1.0,5
bbb,standard,,,0.05,mutual_information,adv,cert_fail_tau0.5,5,prevalence,1.0,0.0,0.0,1.0,1.0,5
bbb,standard,,,0.05,mutual_information,adv,cert_fail_tau0.5,5,neg_spearman_p_safe,,,,,,0
bbb,standard,,,0.05,mutual_information,adv,cert_fail_tau0.5,5,neg_spearman_p_safe_optimistic,,,,,,0
bbb,standard,,,0.05,mutual_information,adv,cert_fail_tau0.9,5,auroc,,,,,,0
bbb,standard,,,0.05,mutual_information,adv,cert_fail_tau0.9,5,auprc,1.0,0.0,0.0,1.0,1.0,5
bbb,standard,,,0.05,mutual_information,adv,cert_fail_tau0.9,5,prevalence,1.0,0.0,0.0,1.0,1.0,5
bbb,standard,,,0.05,mutual_information,adv,cert_fail_tau0.9,5,neg_spearman_p_safe,,,,,,0
bbb,standard,,,0.05,mutual_information,adv,cert_fail_tau0.9,5,neg_spearman_p_safe_optimistic,,,,,,0
bbb,standard,,,0.05,mutual_information,adv,cert_fail_tau0.95,5,auroc,,,,,,0
bbb,standard,,,0.05,mutual_information,adv,cert_fail_tau0.95,5,auprc,1.0,0.0,0.0,1.0,1.0,5
bbb,standard,,,0.05,mutual_information,adv,cert_fail_tau0.95,5,prevalence,1.0,0.0,0.0,1.0,1.0,5
bbb,standard,,,0.05,mutual_information,adv,cert_fail_tau0.95,5,neg_spearman_p_safe,,,,,,0
bbb,standard,,,0.05,mutual_information,adv,cert_fail_tau0.95,5,neg_spearman_p_safe_optimistic,,,,,,0
bbb,standard,,,0.05,mutual_information,clean,adv_error,5,auroc,0.959693456302152,0.023095329911299322,0.010328545528889893,0.9310214139139537,0.9883654986903503,5
bbb,standard,,,0.05,mutual_information,clean,adv_error,5,auprc,0.8021703296703298,0.10266624264834391,0.045913739511237,0.6747137887871358,0.9296268705535237,5
bbb,standard,,,0.05,mutual_information,clean,adv_error,5,prevalence,0.096,0.01673320053068151,0.007483314773547882,0.07522631818863108,0.11677368181136892,5
bbb,standard,,,0.05,mutual_information,clean,adv_error,5,neg_spearman_p_safe,,,,,,0
bbb,standard,,,0.05,mutual_information,clean,adv_error,5,neg_spearman_p_safe_optimistic,0.8683362283958767,0.025107672415276394,0.011228492455470869,0.8371659333394895,0.8995065234522638,5
bbb,standard,,,0.05,mutual_information,clean,cert_fail_tau0.5,5,auroc,,,,,,0
bbb,standard,,,0.05,mutual_information,clean,cert_fail_tau0.5,5,auprc,1.0,0.0,0.0,1.0,1.0,5
bbb,standard,,,0.05,mutual_information,clean,cert_fail_tau0.5,5,prevalence,1.0,0.0,0.0,1.0,1.0,5
bbb,standard,,,0.05,mutual_information,clean,cert_fail_tau0.5,5,neg_spearman_p_safe,,,,,,0
bbb,standard,,,0.05,mutual_information,clean,cert_fail_tau0.5,5,neg_spearman_p_safe_optimistic,,,,,,0
bbb,standard,,,0.05,mutual_information,clean,cert_fail_tau0.9,5,auroc,,,,,,0
bbb,standard,,,0.05,mutual_information,clean,cert_fail_tau0.9,5,auprc,1.0,0.0,0.0,1.0,1.0,5
bbb,standard,,,0.05,mutual_information,clean,cert_fail_tau0.9,5,prevalence,1.0,0.0,0.0,1.0,1.0,5
bbb,standard,,,0.05,mutual_information,clean,cert_fail_tau0.9,5,neg_spearman_p_safe,,,,,,0
bbb,standard,,,0.05,mutual_information,clean,cert_fail_tau0.9,5,neg_spearman_p_safe_optimistic,,,,,,0
bbb,standard,,,0.05,mutual_information,clean,cert_fail_tau0.95,5,auroc,,,,,,0
bbb,standard,,,0.05,mutual_information,clean,cert_fail_tau0.95,5,auprc,1.0,0.0,0.0,1.0,1.0,5
bbb,standard,,,0.05,mutual_information,clean,cert_fail_tau0.95,5,prevalence,1.0,0.0,0.0,1.0,1.0,5
bbb,standard,,,0.05,mutual_information,clean,cert_fail_tau0.95,5,neg_spearman_p_safe,,,,,,0
bbb,standard,,,0.05,mutual_information,clean,cert_fail_tau0.95,5,neg_spearman_p_safe_optimistic,,,,,,0
bbb,standard,,,0.05,mutual_information,delta,adv_error,5,auroc,0.6897685551163812,0.08574313836945625,0.03834549719965493,0.5833214548901392,0.7962156553426233,5
bbb,standard,,,0.05,mutual_information,delta,adv_error,5,auprc,0.3319896421456572,0.08415289483860044,0.037634318672500354,0.2275167735107962,0.4364625107805182,5
bbb,standard,,,0.05,mutual_information,delta,adv_error,5,prevalence,0.096,0.01673320053068151,0.007483314773547882,0.07522631818863108,0.11677368181136892,5
bbb,standard,,,0.05,mutual_information,delta,adv_error,5,neg_spearman_p_safe,,,,,,0
bbb,standard,,,0.05,mutual_information,delta,adv_error,5,neg_spearman_p_safe_optimistic,0.8287170042066542,0.05340901889108483,0.023885239370407225,0.7624115797144038,0.8950224286989046,5
bbb,standard,,,0.05,mutual_information,delta,cert_fail_tau0.5,5,auroc,,,,,,0
bbb,standard,,,0.05,mutual_information,delta,cert_fail_tau0.5,5,auprc,1.0,0.0,0.0,1.0,1.0,5
bbb,standard,,,0.05,mutual_information,delta,cert_fail_tau0.5,5,prevalence,1.0,0.0,0.0,1.0,1.0,5
bbb,standard,,,0.05,mutual_information,delta,cert_fail_tau0.5,5,neg_spearman_p_safe,,,,,,0
bbb,standard,,,0.05,mutual_information,delta,cert_fail_tau0.5,5,neg_spearman_p_safe_optimistic,,,,,,0
bbb,standard,,,0.05,mutual_information,delta,cert_fail_tau0.9,5,auroc,,,,,,0
bbb,standard,,,0.05,mutual_information,delta,cert_fail_tau0.9,5,auprc,1.0,0.0,0.0,1.0,1.0,5
bbb,standard,,,0.05,mutual_information,delta,cert_fail_tau0.9,5,prevalence,1.0,0.0,0.0,1.0,1.0,5
bbb,standard,,,0.05,mutual_information,delta,cert_fail_tau0.9,5,neg_spearman_p_safe,,,,,,0
bbb,standard,,,0.05,mutual_information,delta,cert_fail_tau0.9,5,neg_spearman_p_safe_optimistic,,,,,,0
bbb,standard,,,0.05,mutual_information,delta,cert_fail_tau0.95,5,auroc,,,,,,0
bbb,standard,,,0.05,mutual_information,delta,cert_fail_tau0.95,5,auprc,1.0,0.0,0.0,1.0,1.0,5
bbb,standard,,,0.05,mutual_information,delta,cert_fail_tau0.95,5,prevalence,1.0,0.0,0.0,1.0,1.0,5
bbb,standard,,,0.05,mutual_information,delta,cert_fail_tau0.95,5,neg_spearman_p_safe,,,,,,0
bbb,standard,,,0.05,mutual_information,delta,cert_fail_tau0.95,5,neg_spearman_p_safe_optimistic,,,,,,0
bbb,standard,,,0.05,one_minus_confidence,adv,adv_error,5,auroc,0.8484497145366712,0.018790506861869578,0.008403370134963326,0.825121959042013,0.8717774700313293,5
bbb,standard,,,0.05,one_minus_confidence,adv,adv_error,5,auprc,0.3957785526593577,0.13025111925587332,0.05825007136031291,0.23407635456312906,0.5574807507555863,5
bbb,standard,,,0.05,one_minus_confidence,adv,adv_error,5,prevalence,0.096,0.01673320053068151,0.007483314773547882,0.07522631818863108,0.11677368181136892,5
bbb,standard,,,0.05,one_minus_confidence,adv,adv_error,5,neg_spearman_p_safe,,,,,,0
bbb,standard,,,0.05,one_minus_confidence,adv,adv_error,5,neg_spearman_p_safe_optimistic,0.941690437829461,0.007223508180349753,0.0032304510654575717,0.9327227056717509,0.9506581699871712,5
bbb,standard,,,0.05,one_minus_confidence,adv,cert_fail_tau0.5,5,auroc,,,,,,0
bbb,standard,,,0.05,one_minus_confidence,adv,cert_fail_tau0.5,5,auprc,1.0,0.0,0.0,1.0,1.0,5
bbb,standard,,,0.05,one_minus_confidence,adv,cert_fail_tau0.5,5,prevalence,1.0,0.0,0.0,1.0,1.0,5
bbb,standard,,,0.05,one_minus_confidence,adv,cert_fail_tau0.5,5,neg_spearman_p_safe,,,,,,0
bbb,standard,,,0.05,one_minus_confidence,adv,cert_fail_tau0.5,5,neg_spearman_p_safe_optimistic,,,,,,0
bbb,standard,,,0.05,one_minus_confidence,adv,cert_fail_tau0.9,5,auroc,,,,,,0
bbb,standard,,,0.05,one_minus_confidence,adv,cert_fail_tau0.9,5,auprc,1.0,0.0,0.0,1.0,1.0,5
bbb,standard,,,0.05,one_minus_confidence,adv,cert_fail_tau0.9,5,prevalence,1.0,0.0,0.0,1.0,1.0,5
bbb,standard,,,0.05,one_minus_confidence,adv,cert_fail_tau0.9,5,neg_spearman_p_safe,,,,,,0
bbb,standard,,,0.05,one_minus_confidence,adv,cert_fail_tau0.9,5,neg_spearman_p_safe_optimistic,,,,,,0
bbb,standard,,,0.05,one_minus_confidence,adv,cert_fail_tau0.95,5,auroc,,,,,,0
bbb,standard,,,0.05,one_minus_confidence,adv,cert_fail_tau0.95,5,auprc,1.0,0.0,0.0,1.0,1.0,5
bbb,standard,,,0.05,one_minus_confidence,adv,cert_fail_tau0.95,5,prevalence,1.0,0.0,0.0,1.0,1.0,5
bbb,standard,,,0.05,one_minus_confidence,adv,cert_fail_tau0.95,5,neg_spearman_p_safe,,,,,,0
bbb,standard,,,0.05,one_minus_confidence,adv,cert_fail_tau0.95,5,neg_spearman_p_safe_optimistic,,,,,,0
bbb,standard,,,0.05,one_minus_confidence,clean,adv_error,5,auroc,0.9740171277997366,0.012825909661490104,0.005735921175272637,0.9580942106171797,0.9899400449822935,5
bbb,standard,,,0.05,one_minus_confidence,clean,adv_error,5,auprc,0.8468052503052503,0.07373918487428746,0.03297716599686621,0.7552606374979497,0.938349863112551,5
bbb,standard,,,0.05,one_minus_confidence,clean,adv_error,5,prevalence,0.096,0.01673320053068151,0.007483314773547882,0.07522631818863108,0.11677368181136892,5
bbb,standard,,,0.05,one_minus_confidence,clean,adv_error,5,neg_spearman_p_safe,,,,,,0
bbb,standard,,,0.05,one_minus_confidence,clean,adv_error,5,neg_spearman_p_safe_optimistic,0.8908904573930119,0.017613195114597927,0.007876860315441632,0.8690242931573459,0.9127566216286779,5
bbb,standard,,,0.05,one_minus_confidence,clean,cert_fail_tau0.5,5,auroc,,,,,,0
bbb,standard,,,0.05,one_minus_confidence,clean,cert_fail_tau0.5,5,auprc,1.0,0.0,0.0,1.0,1.0,5
bbb,standard,,,0.05,one_minus_confidence,clean,cert_fail_tau0.5,5,prevalence,1.0,0.0,0.0,1.0,1.0,5
bbb,standard,,,0.05,one_minus_confidence,clean,cert_fail_tau0.5,5,neg_spearman_p_safe,,,,,,0
bbb,standard,,,0.05,one_minus_confidence,clean,cert_fail_tau0.5,5,neg_spearman_p_safe_optimistic,,,,,,0
bbb,standard,,,0.05,one_minus_confidence,clean,cert_fail_tau0.9,5,auroc,,,,,,0
bbb,standard,,,0.05,one_minus_confidence,clean,cert_fail_tau0.9,5,auprc,1.0,0.0,0.0,1.0,1.0,5
bbb,standard,,,0.05,one_minus_confidence,clean,cert_fail_tau0.9,5,prevalence,1.0,0.0,0.0,1.0,1.0,5
bbb,standard,,,0.05,one_minus_confidence,clean,cert_fail_tau0.9,5,neg_spearman_p_safe,,,,,,0
bbb,standard,,,0.05,one_minus_confidence,clean,cert_fail_tau0.9,5,neg_spearman_p_safe_optimistic,,,,,,0
bbb,standard,,,0.05,one_minus_confidence,clean,cert_fail_tau0.95,5,auroc,,,,,,0
bbb,standard,,,0.05,one_minus_confidence,clean,cert_fail_tau0.95,5,auprc,1.0,0.0,0.0,1.0,1.0,5
bbb,standard,,,0.05,one_minus_confidence,clean,cert_fail_tau0.95,5,prevalence,1.0,0.0,0.0,1.0,1.0,5
bbb,standard,,,0.05,one_minus_confidence,clean,cert_fail_tau0.95,5,neg_spearman_p_safe,,,,,,0
bbb,standard,,,0.05,one_minus_confidence,clean,cert_fail_tau0.95,5,neg_spearman_p_safe_optimistic,,,,,,0
bbb,standard,,,0.05,one_minus_confidence,delta,adv_error,5,auroc,0.7167123407992972,0.0565501200543335,0.02528998251545276,0.6465073493364004,0.7869173322621941,5
bbb,standard,,,0.05,one_minus_confidence,delta,adv_error,5,auprc,0.33686610162868746,0.11510395291512383,0.05147605263943039,0.1939685795016287,0.4797636237557462,5
bbb,standard,,,0.05,one_minus_confidence,delta,adv_error,5,prevalence,0.096,0.01673320053068151,0.007483314773547882,0.07522631818863108,0.11677368181136892,5
bbb,standard,,,0.05,one_minus_confidence,delta,adv_error,5,neg_spearman_p_safe,,,,,,0
bbb,standard,,,0.05,one_minus_confidence,delta,adv_error,5,neg_spearman_p_safe_optimistic,0.8735540711624884,0.03217218292583441,0.014387837601344763,0.8336134339811554,0.9134947083438214,5
bbb,standard,,,0.05,one_minus_confidence,delta,cert_fail_tau0.5,5,auroc,,,,,,0
bbb,standard,,,0.05,one_minus_confidence,delta,cert_fail_tau0.5,5,auprc,1.0,0.0,0.0,1.0,1.0,5
bbb,standard,,,0.05,one_minus_confidence,delta,cert_fail_tau0.5,5,prevalence,1.0,0.0,0.0,1.0,1.0,5
bbb,standard,,,0.05,one_minus_confidence,delta,cert_fail_tau0.5,5,neg_spearman_p_safe,,,,,,0
bbb,standard,,,0.05,one_minus_confidence,delta,cert_fail_tau0.5,5,neg_spearman_p_safe_optimistic,,,,,,0
bbb,standard,,,0.05,one_minus_confidence,delta,cert_fail_tau0.9,5,auroc,,,,,,0
bbb,standard,,,0.05,one_minus_confidence,delta,cert_fail_tau0.9,5,auprc,1.0,0.0,0.0,1.0,1.0,5
bbb,standard,,,0.05,one_minus_confidence,delta,cert_fail_tau0.9,5,prevalence,1.0,0.0,0.0,1.0,1.0,5
bbb,standard,,,0.05,one_minus_confidence,delta,cert_fail_tau0.9,5,neg_spearman_p_safe,,,,,,0
bbb,standard,,,0.05,one_minus_confidence,delta,cert_fail_tau0.9,5,neg_spearman_p_safe_optimistic,,,,,,0
bbb,standard,,,0.05,one_minus_confidence,delta,cert_fail_tau0.95,5,auroc,,,,,,0
bbb,standard,,,0.05,one_minus_confidence,delta,cert_fail_tau0.95,5,auprc,1.0,0.0,0.0,1.0,1.0,5
bbb,standard,,,0.05,one_minus_confidence,delta,cert_fail_tau0.95,5,prevalence,1.0,0.0,0.0,1.0,1.0,5
bbb,standard,,,0.05,one_minus_confidence,delta,cert_fail_tau0.95,5,neg_spearman_p_safe,,,,,,0
bbb,standard,,,0.05,one_minus_confidence,delta,cert_fail_tau0.95,5,neg_spearman_p_safe_optimistic,,,,,,0
bbb,standard,,,0.07,mutual_information,adv,adv_error,5,auroc,0.709334953598739,0.07965550584442325,0.03562302517005243,0.6104454357266734,0.8082244714708046,5
bbb,standard,,,0.07,mutual_information,adv,adv_error,5,auprc,0.5868181284494434,0.160842041853297,0.07193074784476768,0.3871383724323683,0.7864978844665185,5
bbb,standard,,,0.07,mutual_information,adv,adv_error,5,prevalence,0.38,0.05830951894845302,0.0260768096208106,0.3076107764926298,0.4523892235073702,5
bbb,standard,,,0.07,mutual_information,adv,adv_error,5,neg_spearman_p_safe,,,,,,0
bbb,standard,,,0.07,mutual_information,adv,adv_error,5,neg_spearman_p_safe_optimistic,0.6997075977417351,0.06062063552763201,0.027110372375804798,0.624449204026501,0.7749659914569692,5
bbb,standard,,,0.07,mutual_information,adv,cert_fail_tau0.5,5,auroc,,,,,,0
bbb,standard,,,0.07,mutual_information,adv,cert_fail_tau0.5,5,auprc,1.0,0.0,0.0,1.0,1.0,5
bbb,standard,,,0.07,mutual_information,adv,cert_fail_tau0.5,5,prevalence,1.0,0.0,0.0,1.0,1.0,5
bbb,standard,,,0.07,mutual_information,adv,cert_fail_tau0.5,5,neg_spearman_p_safe,,,,,,0
bbb,standard,,,0.07,mutual_information,adv,cert_fail_tau0.5,5,neg_spearman_p_safe_optimistic,,,,,,0
bbb,standard,,,0.07,mutual_information,adv,cert_fail_tau0.9,5,auroc,,,,,,0
bbb,standard,,,0.07,mutual_information,adv,cert_fail_tau0.9,5,auprc,1.0,0.0,0.0,1.0,1.0,5
bbb,standard,,,0.07,mutual_information,adv,cert_fail_tau0.9,5,prevalence,1.0,0.0,0.0,1.0,1.0,5
bbb,standard,,,0.07,mutual_information,adv,cert_fail_tau0.9,5,neg_spearman_p_safe,,,,,,0
bbb,standard,,,0.07,mutual_information,adv,cert_fail_tau0.9,5,neg_spearman_p_safe_optimistic,,,,,,0
bbb,standard,,,0.07,mutual_information,adv,cert_fail_tau0.95,5,auroc,,,,,,0
bbb,standard,,,0.07,mutual_information,adv,cert_fail_tau0.95,5,auprc,1.0,0.0,0.0,1.0,1.0,5
bbb,standard,,,0.07,mutual_information,adv,cert_fail_tau0.95,5,prevalence,1.0,0.0,0.0,1.0,1.0,5
bbb,standard,,,0.07,mutual_information,adv,cert_fail_tau0.95,5,neg_spearman_p_safe,,,,,,0
bbb,standard,,,0.07,mutual_information,adv,cert_fail_tau0.95,5,neg_spearman_p_safe_optimistic,,,,,,0
bbb,standard,,,0.07,mutual_information,clean,adv_error,5,auroc,0.9271359806814059,0.02419600956072741,0.010820784432404262,0.8970974830970517,0.9571744782657601,5
bbb,standard,,,0.07,mutual_information,clean,adv_error,5,auprc,0.8934130605484285,0.05898083044039295,0.026377029246821497,0.8201904273592521,0.9666356937376049,5
bbb,standard,,,0.07,mutual_information,clean,adv_error,5,prevalence,0.38,0.05830951894845302,0.0260768096208106,0.3076107764926298,0.4523892235073702,5
bbb,standard,,,0.07,mutual_information,clean,adv_error,5,neg_spearman_p_safe,,,,,,0
bbb,standard,,,0.07,mutual_information,clean,adv_error,5,neg_spearman_p_safe_optimistic,0.7198840537670634,0.05290918435402845,0.02366170656993518,0.6541991563289233,0.7855689512052035,5
bbb,standard,,,0.07,mutual_information,clean,cert_fail_tau0.5,5,auroc,,,,,,0
bbb,standard,,,0.07,mutual_information,clean,cert_fail_tau0.5,5,auprc,1.0,0.0,0.0,1.0,1.0,5
bbb,standard,,,0.07,mutual_information,clean,cert_fail_tau0.5,5,prevalence,1.0,0.0,0.0,1.0,1.0,5
bbb,standard,,,0.07,mutual_information,clean,cert_fail_tau0.5,5,neg_spearman_p_safe,,,,,,0
bbb,standard,,,0.07,mutual_information,clean,cert_fail_tau0.5,5,neg_spearman_p_safe_optimistic,,,,,,0
bbb,standard,,,0.07,mutual_information,clean,cert_fail_tau0.9,5,auroc,,,,,,0
bbb,standard,,,0.07,mutual_information,clean,cert_fail_tau0.9,5,auprc,1.0,0.0,0.0,1.0,1.0,5
bbb,standard,,,0.07,mutual_information,clean,cert_fail_tau0.9,5,prevalence,1.0,0.0,0.0,1.0,1.0,5
bbb,standard,,,0.07,mutual_information,clean,cert_fail_tau0.9,5,neg_spearman_p_safe,,,,,,0
bbb,standard,,,0.07,mutual_information,clean,cert_fail_tau0.9,5,neg_spearman_p_safe_optimistic,,,,,,0
bbb,standard,,,0.07,mutual_information,clean,cert_fail_tau0.95,5,auroc,,,,,,0
bbb,standard,,,0.07,mutual_information,clean,cert_fail_tau0.95,5,auprc,1.0,0.0,0.0,1.0,1.0,5
bbb,standard,,,0.07,mutual_information,clean,cert_fail_tau0.95,5,prevalence,1.0,0.0,0.0,1.0,1.0,5
bbb,standard,,,0.07,mutual_information,clean,cert_fail_tau0.95,5,neg_spearman_p_safe,,,,,,0
bbb,standard,,,0.07,mutual_information,clean,cert_fail_tau0.95,5,neg_spearman_p_safe_optimistic,,,,,,0
bbb,standard,,,0.07,mutual_information,delta,adv_error,5,auroc,0.6714445086438239,0.06838955958283774,0.030584740835699467,0.5865412680839222,0.7563477492037256,5
bbb,standard,,,0.07,mutual_information,delta,adv_error,5,auprc,0.5685724352535926,0.15203708316663178,0.06799305061227552,0.37982372675391574,0.7573211437532694,5
bbb,standard,,,0.07,mutual_information,delta,adv_error,5,prevalence,0.38,0.05830951894845302,0.0260768096208106,0.3076107764926298,0.4523892235073702,5
bbb,standard,,,0.07,mutual_information,delta,adv_error,5,neg_spearman_p_safe,,,,,,0
bbb,standard,,,0.07,mutual_information,delta,adv_error,5,neg_spearman_p_safe_optimistic,0.6463619173196358,0.04299369987318333,0.0192273671041324,0.5929867462385643,0.6997370884007073,5
bbb,standard,,,0.07,mutual_information,delta,cert_fail_tau0.5,5,auroc,,,,,,0
bbb,standard,,,0.07,mutual_information,delta,cert_fail_tau0.5,5,auprc,1.0,0.0,0.0,1.0,1.0,5
bbb,standard,,,0.07,mutual_information,delta,cert_fail_tau0.5,5,prevalence,1.0,0.0,0.0,1.0,1.0,5
bbb,standard,,,0.07,mutual_information,delta,cert_fail_tau0.5,5,neg_spearman_p_safe,,,,,,0
bbb,standard,,,0.07,mutual_information,delta,cert_fail_tau0.5,5,neg_spearman_p_safe_optimistic,,,,,,0
bbb,standard,,,0.07,mutual_information,delta,cert_fail_tau0.9,5,auroc,,,,,,0
bbb,standard,,,0.07,mutual_information,delta,cert_fail_tau0.9,5,auprc,1.0,0.0,0.0,1.0,1.0,5
bbb,standard,,,0.07,mutual_information,delta,cert_fail_tau0.9,5,prevalence,1.0,0.0,0.0,1.0,1.0,5
bbb,standard,,,0.07,mutual_information,delta,cert_fail_tau0.9,5,neg_spearman_p_safe,,,,,,0
bbb,standard,,,0.07,mutual_information,delta,cert_fail_tau0.9,5,neg_spearman_p_safe_optimistic,,,,,,0
bbb,standard,,,0.07,mutual_information,delta,cert_fail_tau0.95,5,auroc,,,,,,0
bbb,standard,,,0.07,mutual_information,delta,cert_fail_tau0.95,5,auprc,1.0,0.0,0.0,1.0,1.0,5
bbb,standard,,,0.07,mutual_information,delta,cert_fail_tau0.95,5,prevalence,1.0,0.0,0.0,1.0,1.0,5
bbb,standard,,,0.07,mutual_information,delta,cert_fail_tau0.95,5,neg_spearman_p_safe,,,,,,0
bbb,standard,,,0.07,mutual_information,delta,cert_fail_tau0.95,5,neg_spearman_p_safe_optimistic,,,,,,0
bbb,standard,,,0.07,one_minus_confidence,adv,adv_error,5,auroc,0.7516158989202006,0.0604097307430576,0.027016052888787136,0.6766193361009276,0.8266124617394737,5
bbb,standard,,,0.07,one_minus_confidence,adv,adv_error,5,auprc,0.6251105702292667,0.13189777715306272,0.05898647915907338,0.46136410408367906,0.7888570363748544,5
bbb,standard,,,0.07,one_minus_confidence,adv,adv_error,5,prevalence,0.38,0.05830951894845302,0.0260768096208106,0.3076107764926298,0.4523892235073702,5
bbb,standard,,,0.07,one_minus_confidence,adv,adv_error,5,neg_spearman_p_safe,,,,,,0
bbb,standard,,,0.07,one_minus_confidence,adv,adv_error,5,neg_spearman_p_safe_optimistic,0.7730344866405476,0.04526671450361307,0.02024389014963089,0.7168374475851723,0.829231525695923,5
bbb,standard,,,0.07,one_minus_confidence,adv,cert_fail_tau0.5,5,auroc,,,,,,0
bbb,standard,,,0.07,one_minus_confidence,adv,cert_fail_tau0.5,5,auprc,1.0,0.0,0.0,1.0,1.0,5
bbb,standard,,,0.07,one_minus_confidence,adv,cert_fail_tau0.5,5,prevalence,1.0,0.0,0.0,1.0,1.0,5
bbb,standard,,,0.07,one_minus_confidence,adv,cert_fail_tau0.5,5,neg_spearman_p_safe,,,,,,0
bbb,standard,,,0.07,one_minus_confidence,adv,cert_fail_tau0.5,5,neg_spearman_p_safe_optimistic,,,,,,0
bbb,standard,,,0.07,one_minus_confidence,adv,cert_fail_tau0.9,5,auroc,,,,,,0
bbb,standard,,,0.07,one_minus_confidence,adv,cert_fail_tau0.9,5,auprc,1.0,0.0,0.0,1.0,1.0,5
bbb,standard,,,0.07,one_minus_confidence,adv,cert_fail_tau0.9,5,prevalence,1.0,0.0,0.0,1.0,1.0,5
bbb,standard,,,0.07,one_minus_confidence,adv,cert_fail_tau0.9,5,neg_spearman_p_safe,,,,,,0
bbb,standard,,,0.07,one_minus_confidence,adv,cert_fail_tau0.9,5,neg_spearman_p_safe_optimistic,,,,,,0
bbb,standard,,,0.07,one_minus_confidence,adv,cert_fail_tau0.95,5,auroc,,,,,,0
bbb,standard,,,0.07,one_minus_confidence,adv,cert_fail_tau0.95,5,auprc,1.0,0.0,0.0,1.0,1.0,5
bbb,standard,,,0.07,one_minus_confidence,adv,cert_fail_tau0.95,5,prevalence,1.0,0.0,0.0,1.0,1.0,5
bbb,standard,,,0.07,one_minus_confidence,adv,cert_fail_tau0.95,5,neg_spearman_p_safe,,,,,,0
bbb,standard,,,0.07,one_minus_confidence,adv,cert_fail_tau0.95,5,neg_spearman_p_safe_optimistic,,,,,,0
bbb,standard,,,0.07,one_minus_confidence,clean,adv_error,5,auroc,0.943185784509583,0.020452794537207542,0.009146767783006483,0.9177943571439571,0.968577211875209,5
bbb,standard,,,0.07,one_minus_confidence,clean,adv_error,5,auprc,0.9182422391491716,0.044400586587424004,0.019856545970069094,0.8631204675362598,0.9733640107620833,5
bbb,standard,,,0.07,one_minus_confidence,clean,adv_error,5,prevalence,0.38,0.05830951894845302,0.0260768096208106,0.3076107764926298,0.4523892235073702,5
bbb,standard,,,0.07,one_minus_confidence,clean,adv_error,5,neg_spearman_p_safe,,,,,,0
bbb,standard,,,0.07,one_minus_confidence,clean,adv_error,5,neg_spearman_p_safe_optimistic,0.7430931752003668,0.047586428350378636,0.02128129771957396,0.6840162927308294,0.8021700576699041,5
bbb,standard,,,0.07,one_minus_confidence,clean,cert_fail_tau0.5,5,auroc,,,,,,0
bbb,standard,,,0.07,one_minus_confidence,clean,cert_fail_tau0.5,5,auprc,1.0,0.0,0.0,1.0,1.0,5
bbb,standard,,,0.07,one_minus_confidence,clean,cert_fail_tau0.5,5,prevalence,1.0,0.0,0.0,1.0,1.0,5
bbb,standard,,,0.07,one_minus_confidence,clean,cert_fail_tau0.5,5,neg_spearman_p_safe,,,,,,0
bbb,standard,,,0.07,one_minus_confidence,clean,cert_fail_tau0.5,5,neg_spearman_p_safe_optimistic,,,,,,0
bbb,standard,,,0.07,one_minus_confidence,clean,cert_fail_tau0.9,5,auroc,,,,,,0
bbb,standard,,,0.07,one_minus_confidence,clean,cert_fail_tau0.9,5,auprc,1.0,0.0,0.0,1.0,1.0,5
bbb,standard,,,0.07,one_minus_confidence,clean,cert_fail_tau0.9,5,prevalence,1.0,0.0,0.0,1.0,1.0,5
bbb,standard,,,0.07,one_minus_confidence,clean,cert_fail_tau0.9,5,neg_spearman_p_safe,,,,,,0
bbb,standard,,,0.07,one_minus_confidence,clean,cert_fail_tau0.9,5,neg_spearman_p_safe_optimistic,,,,,,0
bbb,standard,,,0.07,one_minus_confidence,clean,cert_fail_tau0.95,5,auroc,,,,,,0
bbb,standard,,,0.07,one_minus_confidence,clean,cert_fail_tau0.95,5,auprc,1.0,0.0,0.0,1.0,1.0,5
bbb,standard,,,0.07,one_minus_confidence,clean,cert_fail_tau0.95,5,prevalence,1.0,0.0,0.0,1.0,1.0,5
bbb,standard,,,0.07,one_minus_confidence,clean,cert_fail_tau0.95,5,neg_spearman_p_safe,,,,,,0
bbb,standard,,,0.07,one_minus_confidence,clean,cert_fail_tau0.95,5,neg_spearman_p_safe_optimistic,,,,,,0
bbb,standard,,,0.07,one_minus_confidence,delta,adv_error,5,auroc,0.7210319405827176,0.05411181023447191,0.024199537213969603,0.653854025276738,0.7882098558886972,5
bbb,standard,,,0.07,one_minus_confidence,delta,adv_error,5,auprc,0.6178723313434558,0.12200210603643517,0.05456100049912129,0.4664109939578951,0.7693336687290164,5
bbb,standard,,,0.07,one_minus_confidence,delta,adv_error,5,prevalence,0.38,0.05830951894845302,0.0260768096208106,0.3076107764926298,0.4523892235073702,5
bbb,standard,,,0.07,one_minus_confidence,delta,adv_error,5,neg_spearman_p_safe,,,,,,0
bbb,standard,,,0.07,one_minus_confidence,delta,adv_error,5,neg_spearman_p_safe_optimistic,0.7234272330775572,0.03601917478162095,0.016108264661030117,0.6787106903785376,0.7681437757765768,5
bbb,standard,,,0.07,one_minus_confidence,delta,cert_fail_tau0.5,5,auroc,,,,,,0
bbb,standard,,,0.07,one_minus_confidence,delta,cert_fail_tau0.5,5,auprc,1.0,0.0,0.0,1.0,1.0,5
bbb,standard,,,0.07,one_minus_confidence,delta,cert_fail_tau0.5,5,prevalence,1.0,0.0,0.0,1.0,1.0,5
bbb,standard,,,0.07,one_minus_confidence,delta,cert_fail_tau0.5,5,neg_spearman_p_safe,,,,,,0
bbb,standard,,,0.07,one_minus_confidence,delta,cert_fail_tau0.5,5,neg_spearman_p_safe_optimistic,,,,,,0
bbb,standard,,,0.07,one_minus_confidence,delta,cert_fail_tau0.9,5,auroc,,,,,,0
bbb,standard,,,0.07,one_minus_confidence,delta,cert_fail_tau0.9,5,auprc,1.0,0.0,0.0,1.0,1.0,5
bbb,standard,,,0.07,one_minus_confidence,delta,cert_fail_tau0.9,5,prevalence,1.0,0.0,0.0,1.0,1.0,5
bbb,standard,,,0.07,one_minus_confidence,delta,cert_fail_tau0.9,5,neg_spearman_p_safe,,,,,,0
bbb,standard,,,0.07,one_minus_confidence,delta,cert_fail_tau0.9,5,neg_spearman_p_safe_optimistic,,,,,,0
bbb,standard,,,0.07,one_minus_confidence,delta,cert_fail_tau0.95,5,auroc,,,,,,0
bbb,standard,,,0.07,one_minus_confidence,delta,cert_fail_tau0.95,5,auprc,1.0,0.0,0.0,1.0,1.0,5
bbb,standard,,,0.07,one_minus_confidence,delta,cert_fail_tau0.95,5,prevalence,1.0,0.0,0.0,1.0,1.0,5
bbb,standard,,,0.07,one_minus_confidence,delta,cert_fail_tau0.95,5,neg_spearman_p_safe,,,,,,0
bbb,standard,,,0.07,one_minus_confidence,delta,cert_fail_tau0.95,5,neg_spearman_p_safe_optimistic,,,,,,0
bbb,standard,,,0.08,mutual_information,adv,adv_error,5,auroc,0.5660234633965068,0.04541142482540209,0.02030860657294412,0.5096467715500139,0.6224001552429996,5
bbb,standard,,,0.08,mutual_information,adv,adv_error,5,auprc,0.5623019593924928,0.07005526785734309,0.03132966822219504,0.4753308004076794,0.6492731183773063,5
bbb,standard,,,0.08,mutual_information,adv,adv_error,5,prevalence,0.48,0.01999999999999999,0.008944271909999154,0.4551707011778423,0.5048292988221577,5
bbb,standard,,,0.08,mutual_information,adv,adv_error,5,neg_spearman_p_safe,,,,,,0
bbb,standard,,,0.08,mutual_information,adv,adv_error,5,neg_spearman_p_safe_optimistic,0.5347741497714418,0.04991210728289343,0.022321372956962404,0.47281001844291415,0.5967382810999694,5
bbb,standard,,,0.08,mutual_information,adv,cert_fail_tau0.5,5,auroc,,,,,,0
bbb,standard,,,0.08,mutual_information,adv,cert_fail_tau0.5,5,auprc,1.0,0.0,0.0,1.0,1.0,5
bbb,standard,,,0.08,mutual_information,adv,cert_fail_tau0.5,5,prevalence,1.0,0.0,0.0,1.0,1.0,5
bbb,standard,,,0.08,mutual_information,adv,cert_fail_tau0.5,5,neg_spearman_p_safe,,,,,,0
bbb,standard,,,0.08,mutual_information,adv,cert_fail_tau0.5,5,neg_spearman_p_safe_optimistic,,,,,,0
bbb,standard,,,0.08,mutual_information,adv,cert_fail_tau0.9,5,auroc,,,,,,0
bbb,standard,,,0.08,mutual_information,adv,cert_fail_tau0.9,5,auprc,1.0,0.0,0.0,1.0,1.0,5
bbb,standard,,,0.08,mutual_information,adv,cert_fail_tau0.9,5,prevalence,1.0,0.0,0.0,1.0,1.0,5
bbb,standard,,,0.08,mutual_information,adv,cert_fail_tau0.9,5,neg_spearman_p_safe,,,,,,0
bbb,standard,,,0.08,mutual_information,adv,cert_fail_tau0.9,5,neg_spearman_p_safe_optimistic,,,,,,0
bbb,standard,,,0.08,mutual_information,adv,cert_fail_tau0.95,5,auroc,,,,,,0
bbb,standard,,,0.08,mutual_information,adv,cert_fail_tau0.95,5,auprc,1.0,0.0,0.0,1.0,1.0,5
bbb,standard,,,0.08,mutual_information,adv,cert_fail_tau0.95,5,prevalence,1.0,0.0,0.0,1.0,1.0,5
bbb,standard,,,0.08,mutual_information,adv,cert_fail_tau0.95,5,neg_spearman_p_safe,,,,,,0
bbb,standard,,,0.08,mutual_information,adv,cert_fail_tau0.95,5,neg_spearman_p_safe_optimistic,,,,,,0
bbb,standard,,,0.08,mutual_information,clean,adv_error,5,auroc,0.9431818010652794,0.0071919038322484545,0.0032163171713097574,0.9342533045977235,0.9521102975328353,5
bbb,standard,,,0.08,mutual_information,clean,adv_error,5,auprc,0.939287352598928,0.0190011943601073,0.008497592448577108,0.915698035961678,0.9628766692361781,5
bbb,standard,,,0.08,mutual_information,clean,adv_error,5,prevalence,0.48,0.01999999999999999,0.008944271909999154,0.4551707011778423,0.5048292988221577,5
bbb,standard,,,0.08,mutual_information,clean,adv_error,5,neg_spearman_p_safe,,,,,,0
bbb,standard,,,0.08,mutual_information,clean,adv_error,5,neg_spearman_p_safe_optimistic,0.5960433192897959,0.03446832667498613,0.015414704303187657,0.5532521001441469,0.6388345384354449,5
bbb,standard,,,0.08,mutual_information,clean,cert_fail_tau0.5,5,auroc,,,,,,0
bbb,standard,,,0.08,mutual_information,clean,cert_fail_tau0.5,5,auprc,1.0,0.0,0.0,1.0,1.0,5
bbb,standard,,,0.08,mutual_information,clean,cert_fail_tau0.5,5,prevalence,1.0,0.0,0.0,1.0,1.0,5
bbb,standard,,,0.08,mutual_information,clean,cert_fail_tau0.5,5,neg_spearman_p_safe,,,,,,0
bbb,standard,,,0.08,mutual_information,clean,cert_fail_tau0.5,5,neg_spearman_p_safe_optimistic,,,,,,0
bbb,standard,,,0.08,mutual_information,clean,cert_fail_tau0.9,5,auroc,,,,,,0
bbb,standard,,,0.08,mutual_information,clean,cert_fail_tau0.9,5,auprc,1.0,0.0,0.0,1.0,1.0,5
bbb,standard,,,0.08,mutual_information,clean,cert_fail_tau0.9,5,prevalence,1.0,0.0,0.0,1.0,1.0,5
bbb,standard,,,0.08,mutual_information,clean,cert_fail_tau0.9,5,neg_spearman_p_safe,,,,,,0
bbb,standard,,,0.08,mutual_information,clean,cert_fail_tau0.9,5,neg_spearman_p_safe_optimistic,,,,,,0
bbb,standard,,,0.08,mutual_information,clean,cert_fail_tau0.95,5,auroc,,,,,,0
bbb,standard,,,0.08,mutual_information,clean,cert_fail_tau0.95,5,auprc,1.0,0.0,0.0,1.0,1.0,5
bbb,standard,,,0.08,mutual_information,clean,cert_fail_tau0.95,5,prevalence,1.0,0.0,0.0,1.0,1.0,5
bbb,standard,,,0.08,mutual_information,clean,cert_fail_tau0.95,5,neg_spearman_p_safe,,,,,,0
bbb,standard,,,0.08,mutual_information,clean,cert_fail_tau0.95,5,neg_spearman_p_safe_optimistic,,,,,,0
bbb,standard,,,0.08,mutual_information,delta,adv_error,5,auroc,0.5403606119162642,0.045829277343166254,0.020495475899802138,0.48346517081841345,0.5972560530141149,5
bbb,standard,,,0.08,mutual_information,delta,adv_error,5,auprc,0.5483147333245367,0.07327359983158885,0.03276895003590996,0.4573481280248507,0.6392813386242228,5
bbb,standard,,,0.08,mutual_information,delta,adv_error,5,prevalence,0.48,0.01999999999999999,0.008944271909999154,0.4551707011778423,0.5048292988221577,5
bbb,standard,,,0.08,mutual_information,delta,adv_error,5,neg_spearman_p_safe,,,,,,0
bbb,standard,,,0.08,mutual_information,delta,adv_error,5,neg_spearman_p_safe_optimistic,0.495526055688578,0.059697321585614624,0.026697453828019965,0.4214139238619946,0.5696381875151614,5
bbb,standard,,,0.08,mutual_information,delta,cert_fail_tau0.5,5,auroc,,,,,,0
bbb,standard,,,0.08,mutual_information,delta,cert_fail_tau0.5,5,auprc,1.0,0.0,0.0,1.0,1.0,5
bbb,standard,,,0.08,mutual_information,delta,cert_fail_tau0.5,5,prevalence,1.0,0.0,0.0,1.0,1.0,5
bbb,standard,,,0.08,mutual_information,delta,cert_fail_tau0.5,5,neg_spearman_p_safe,,,,,,0
bbb,standard,,,0.08,mutual_information,delta,cert_fail_tau0.5,5,neg_spearman_p_safe_optimistic,,,,,,0
bbb,standard,,,0.08,mutual_information,delta,cert_fail_tau0.9,5,auroc,,,,,,0
bbb,standard,,,0.08,mutual_information,delta,cert_fail_tau0.9,5,auprc,1.0,0.0,0.0,1.0,1.0,5
bbb,standard,,,0.08,mutual_information,delta,cert_fail_tau0.9,5,prevalence,1.0,0.0,0.0,1.0,1.0,5
bbb,standard,,,0.08,mutual_information,delta,cert_fail_tau0.9,5,neg_spearman_p_safe,,,,,,0
bbb,standard,,,0.08,mutual_information,delta,cert_fail_tau0.9,5,neg_spearman_p_safe_optimistic,,,,,,0
bbb,standard,,,0.08,mutual_information,delta,cert_fail_tau0.95,5,auroc,,,,,,0
bbb,standard,,,0.08,mutual_information,delta,cert_fail_tau0.95,5,auprc,1.0,0.0,0.0,1.0,1.0,5
bbb,standard,,,0.08,mutual_information,delta,cert_fail_tau0.95,5,prevalence,1.0,0.0,0.0,1.0,1.0,5
bbb,standard,,,0.08,mutual_information,delta,cert_fail_tau0.95,5,neg_spearman_p_safe,,,,,,0
bbb,standard,,,0.08,mutual_information,delta,cert_fail_tau0.95,5,neg_spearman_p_safe_optimistic,,,,,,0
bbb,standard,,,0.08,one_minus_confidence,adv,adv_error,5,auroc,0.5852213328378546,0.07177421895899905,0.03209840652485521,0.49611615632485656,0.6743265093508527,5
bbb,standard,,,0.08,one_minus_confidence,adv,adv_error,5,auprc,0.5536441217520369,0.08706683149186828,0.03893747076026738,0.4455537029215347,0.6617345405825391,5
bbb,standard,,,0.08,one_minus_confidence,adv,adv_error,5,prevalence,0.48,0.01999999999999999,0.008944271909999154,0.4551707011778423,0.5048292988221577,5
bbb,standard,,,0.08,one_minus_confidence,adv,adv_error,5,neg_spearman_p_safe,,,,,,0
bbb,standard,,,0.08,one_minus_confidence,adv,adv_error,5,neg_spearman_p_safe_optimistic,0.6104465318296576,0.05548028349545772,0.02481153706136062,0.5415697049473205,0.6793233587119947,5
bbb,standard,,,0.08,one_minus_confidence,adv,cert_fail_tau0.5,5,auroc,,,,,,0
bbb,standard,,,0.08,one_minus_confidence,adv,cert_fail_tau0.5,5,auprc,1.0,0.0,0.0,1.0,1.0,5
bbb,standard,,,0.08,one_minus_confidence,adv,cert_fail_tau0.5,5,prevalence,1.0,0.0,0.0,1.0,1.0,5
bbb,standard,,,0.08,one_minus_confidence,adv,cert_fail_tau0.5,5,neg_spearman_p_safe,,,,,,0
bbb,standard,,,0.08,one_minus_confidence,adv,cert_fail_tau0.5,5,neg_spearman_p_safe_optimistic,,,,,,0
bbb,standard,,,0.08,one_minus_confidence,adv,cert_fail_tau0.9,5,auroc,,,,,,0
bbb,standard,,,0.08,one_minus_confidence,adv,cert_fail_tau0.9,5,auprc,1.0,0.0,0.0,1.0,1.0,5
bbb,standard,,,0.08,one_minus_confidence,adv,cert_fail_tau0.9,5,prevalence,1.0,0.0,0.0,1.0,1.0,5
bbb,standard,,,0.08,one_minus_confidence,adv,cert_fail_tau0.9,5,neg_spearman_p_safe,,,,,,0
bbb,standard,,,0.08,one_minus_confidence,adv,cert_fail_tau0.9,5,neg_spearman_p_safe_optimistic,,,,,,0
bbb,standard,,,0.08,one_minus_confidence,adv,cert_fail_tau0.95,5,auroc,,,,,,0
bbb,standard,,,0.08,one_minus_confidence,adv,cert_fail_tau0.95,5,auprc,1.0,0.0,0.0,1.0,1.0,5
bbb,standard,,,0.08,one_minus_confidence,adv,cert_fail_tau0.95,5,prevalence,1.0,0.0,0.0,1.0,1.0,5
bbb,standard,,,0.08,one_minus_confidence,adv,cert_fail_tau0.95,5,neg_spearman_p_safe,,,,,,0
bbb,standard,,,0.08,one_minus_confidence,adv,cert_fail_tau0.95,5,neg_spearman_p_safe_optimistic,,,,,,0
bbb,standard,,,0.08,one_minus_confidence,clean,adv_error,5,auroc,0.9540865056360708,0.010792531991752553,0.004826567036579982,0.9406879555425247,0.9674850557296168,5
bbb,standard,,,0.08,one_minus_confidence,clean,adv_error,5,auprc,0.9525802448771092,0.016915761572725802,0.0075649585535587285,0.9315799199324302,0.9735805698217883,5
bbb,standard,,,0.08,one_minus_confidence,clean,adv_error,5,prevalence,0.48,0.01999999999999999,0.008944271909999154,0.4551707011778423,0.5048292988221577,5
bbb,standard,,,0.08,one_minus_confidence,clean,adv_error,5,neg_spearman_p_safe,,,,,,0
bbb,standard,,,0.08,one_minus_confidence,clean,adv_error,5,neg_spearman_p_safe_optimistic,0.6186768085737008,0.030489069191730236,0.013635126256680674,0.5808256980851553,0.6565279190622463,5
bbb,standard,,,0.08,one_minus_confidence,clean,cert_fail_tau0.5,5,auroc,,,,,,0
bbb,standard,,,0.08,one_minus_confidence,clean,cert_fail_tau0.5,5,auprc,1.0,0.0,0.0,1.0,1.0,5
bbb,standard,,,0.08,one_minus_confidence,clean,cert_fail_tau0.5,5,prevalence,1.0,0.0,0.0,1.0,1.0,5
bbb,standard,,,0.08,one_minus_confidence,clean,cert_fail_tau0.5,5,neg_spearman_p_safe,,,,,,0
bbb,standard,,,0.08,one_minus_confidence,clean,cert_fail_tau0.5,5,neg_spearman_p_safe_optimistic,,,,,,0
bbb,standard,,,0.08,one_minus_confidence,clean,cert_fail_tau0.9,5,auroc,,,,,,0
bbb,standard,,,0.08,one_minus_confidence,clean,cert_fail_tau0.9,5,auprc,1.0,0.0,0.0,1.0,1.0,5
bbb,standard,,,0.08,one_minus_confidence,clean,cert_fail_tau0.9,5,prevalence,1.0,0.0,0.0,1.0,1.0,5
bbb,standard,,,0.08,one_minus_confidence,clean,cert_fail_tau0.9,5,neg_spearman_p_safe,,,,,,0
bbb,standard,,,0.08,one_minus_confidence,clean,cert_fail_tau0.9,5,neg_spearman_p_safe_optimistic,,,,,,0
bbb,standard,,,0.08,one_minus_confidence,clean,cert_fail_tau0.95,5,auroc,,,,,,0
bbb,standard,,,0.08,one_minus_confidence,clean,cert_fail_tau0.95,5,auprc,1.0,0.0,0.0,1.0,1.0,5
bbb,standard,,,0.08,one_minus_confidence,clean,cert_fail_tau0.95,5,prevalence,1.0,0.0,0.0,1.0,1.0,5
bbb,standard,,,0.08,one_minus_confidence,clean,cert_fail_tau0.95,5,neg_spearman_p_safe,,,,,,0
bbb,standard,,,0.08,one_minus_confidence,clean,cert_fail_tau0.95,5,neg_spearman_p_safe_optimistic,,,,,,0
bbb,standard,,,0.08,one_minus_confidence,delta,adv_error,5,auroc,0.5637293100458318,0.07193141524545468,0.032168706841320276,0.47442897985432675,0.6530296402373369,5
bbb,standard,,,0.08,one_minus_confidence,delta,adv_error,5,auprc,0.5422408044545997,0.08993796384536863,0.04022148018323253,0.4305859754659462,0.6538956334432532,5
bbb,standard,,,0.08,one_minus_confidence,delta,adv_error,5,prevalence,0.48,0.01999999999999999,0.008944271909999154,0.4551707011778423,0.5048292988221577,5
bbb,standard,,,0.08,one_minus_confidence,delta,adv_error,5,neg_spearman_p_safe,,,,,,0
bbb,standard,,,0.08,one_minus_confidence,delta,adv_error,5,neg_spearman_p_safe_optimistic,0.5729563134092794,0.0635482141259669,0.02841962532687487,0.4940634335018748,0.6518491933166841,5
bbb,standard,,,0.08,one_minus_confidence,delta,cert_fail_tau0.5,5,auroc,,,,,,0
bbb,standard,,,0.08,one_minus_confidence,delta,cert_fail_tau0.5,5,auprc,1.0,0.0,0.0,1.0,1.0,5
bbb,standard,,,0.08,one_minus_confidence,delta,cert_fail_tau0.5,5,prevalence,1.0,0.0,0.0,1.0,1.0,5
bbb,standard,,,0.08,one_minus_confidence,delta,cert_fail_tau0.5,5,neg_spearman_p_safe,,,,,,0
bbb,standard,,,0.08,one_minus_confidence,delta,cert_fail_tau0.5,5,neg_spearman_p_safe_optimistic,,,,,,0
bbb,standard,,,0.08,one_minus_confidence,delta,cert_fail_tau0.9,5,auroc,,,,,,0
bbb,standard,,,0.08,one_minus_confidence,delta,cert_fail_tau0.9,5,auprc,1.0,0.0,0.0,1.0,1.0,5
bbb,standard,,,0.08,one_minus_confidence,delta,cert_fail_tau0.9,5,prevalence,1.0,0.0,0.0,1.0,1.0,5
bbb,standard,,,0.08,one_minus_confidence,delta,cert_fail_tau0.9,5,neg_spearman_p_safe,,,,,,0
bbb,standard,,,0.08,one_minus_confidence,delta,cert_fail_tau0.9,5,neg_spearman_p_safe_optimistic,,,,,,0
bbb,standard,,,0.08,one_minus_confidence,delta,cert_fail_tau0.95,5,auroc,,,,,,0
bbb,standard,,,0.08,one_minus_confidence,delta,cert_fail_tau0.95,5,auprc,1.0,0.0,0.0,1.0,1.0,5
bbb,standard,,,0.08,one_minus_confidence,delta,cert_fail_tau0.95,5,prevalence,1.0,0.0,0.0,1.0,1.0,5
bbb,standard,,,0.08,one_minus_confidence,delta,cert_fail_tau0.95,5,neg_spearman_p_safe,,,,,,0
bbb,standard,,,0.08,one_minus_confidence,delta,cert_fail_tau0.95,5,neg_spearman_p_safe_optimistic,,,,,,0
bbb,standard,,,0.1,mutual_information,adv,adv_error,5,auroc,0.3093065690739714,0.07460766344936011,0.033365561423039126,0.21668377056361482,0.401929367584328,5
bbb,standard,,,0.1,mutual_information,adv,adv_error,5,auprc,0.6080306017468203,0.08190332472578868,0.03662828033402056,0.5063504955395792,0.7097107079540614,5
bbb,standard,,,0.1,mutual_information,adv,adv_error,5,prevalence,0.7,0.04690415759823429,0.020976176963403027,0.6417701327495932,0.7582298672504068,5
bbb,standard,,,0.1,mutual_information,adv,adv_error,5,neg_spearman_p_safe,,,,,,0
bbb,standard,,,0.1,mutual_information,adv,adv_error,5,neg_spearman_p_safe_optimistic,0.12762476711239099,0.14245499941529519,0.06370781248545856,-0.04922812034724197,0.3044776545720239,5
bbb,standard,,,0.1,mutual_information,adv,cert_fail_tau0.5,5,auroc,,,,,,0
bbb,standard,,,0.1,mutual_information,adv,cert_fail_tau0.5,5,auprc,1.0,0.0,0.0,1.0,1.0,5
bbb,standard,,,0.1,mutual_information,adv,cert_fail_tau0.5,5,prevalence,1.0,0.0,0.0,1.0,1.0,5
bbb,standard,,,0.1,mutual_information,adv,cert_fail_tau0.5,5,neg_spearman_p_safe,,,,,,0
bbb,standard,,,0.1,mutual_information,adv,cert_fail_tau0.5,5,neg_spearman_p_safe_optimistic,,,,,,0
bbb,standard,,,0.1,mutual_information,adv,cert_fail_tau0.9,5,auroc,,,,,,0
bbb,standard,,,0.1,mutual_information,adv,cert_fail_tau0.9,5,auprc,1.0,0.0,0.0,1.0,1.0,5
bbb,standard,,,0.1,mutual_information,adv,cert_fail_tau0.9,5,prevalence,1.0,0.0,0.0,1.0,1.0,5
bbb,standard,,,0.1,mutual_information,adv,cert_fail_tau0.9,5,neg_spearman_p_safe,,,,,,0
bbb,standard,,,0.1,mutual_information,adv,cert_fail_tau0.9,5,neg_spearman_p_safe_optimistic,,,,,,0
bbb,standard,,,0.1,mutual_information,adv,cert_fail_tau0.95,5,auroc,,,,,,0
bbb,standard,,,0.1,mutual_information,adv,cert_fail_tau0.95,5,auprc,1.0,0.0,0.0,1.0,1.0,5
bbb,standard,,,0.1,mutual_information,adv,cert_fail_tau0.95,5,prevalence,1.0,0.0,0.0,1.0,1.0,5
bbb,standard,,,0.1,mutual_information,adv,cert_fail_tau0.95,5,neg_spearman_p_safe,,,,,,0
bbb,standard,,,0.1,mutual_information,adv,cert_fail_tau0.95,5,neg_spearman_p_safe_optimistic,,,,,,0
bbb,standard,,,0.1,mutual_information,clean,adv_error,5,auroc,0.9090528721038058,0.060360504434626615,0.026994038214400523,0.83411742202063,0.9839883221869816,5
bbb,standard,,,0.1,mutual_information,clean,adv_error,5,auprc,0.9597877524990786,0.028214144112834766,0.012617748832654806,0.9247608817396288,0.9948146232585283,5
bbb,standard,,,0.1,mutual_information,clean,adv_error,5,prevalence,0.7,0.04690415759823429,0.020976176963403027,0.6417701327495932,0.7582298672504068,5
bbb,standard,,,0.1,mutual_information,clean,adv_error,5,neg_spearman_p_safe,,,,,,0
bbb,standard,,,0.1,mutual_information,clean,adv_error,5,neg_spearman_p_safe_optimistic,0.34078363708054,0.14232794378854124,0.06365099148178943,0.16408848472709253,0.5174787894339874,5
bbb,standard,,,0.1,mutual_information,clean,cert_fail_tau0.5,5,auroc,,,,,,0
bbb,standard,,,0.1,mutual_information,clean,cert_fail_tau0.5,5,auprc,1.0,0.0,0.0,1.0,1.0,5
bbb,standard,,,0.1,mutual_information,clean,cert_fail_tau0.5,5,prevalence,1.0,0.0,0.0,1.0,1.0,5
bbb,standard,,,0.1,mutual_information,clean,cert_fail_tau0.5,5,neg_spearman_p_safe,,,,,,0
bbb,standard,,,0.1,mutual_information,clean,cert_fail_tau0.5,5,neg_spearman_p_safe_optimistic,,,,,,0
bbb,standard,,,0.1,mutual_information,clean,cert_fail_tau0.9,5,auroc,,,,,,0
bbb,standard,,,0.1,mutual_information,clean,cert_fail_tau0.9,5,auprc,1.0,0.0,0.0,1.0,1.0,5
bbb,standard,,,0.1,mutual_information,clean,cert_fail_tau0.9,5,prevalence,1.0,0.0,0.0,1.0,1.0,5
bbb,standard,,,0.1,mutual_information,clean,cert_fail_tau0.9,5,neg_spearman_p_safe,,,,,,0
bbb,standard,,,0.1,mutual_information,clean,cert_fail_tau0.9,5,neg_spearman_p_safe_optimistic,,,,,,0
bbb,standard,,,0.1,mutual_information,clean,cert_fail_tau0.95,5,auroc,,,,,,0
bbb,standard,,,0.1,mutual_information,clean,cert_fail_tau0.95,5,auprc,1.0,0.0,0.0,1.0,1.0,5
bbb,standard,,,0.1,mutual_information,clean,cert_fail_tau0.95,5,prevalence,1.0,0.0,0.0,1.0,1.0,5
bbb,standard,,,0.1,mutual_information,clean,cert_fail_tau0.95,5,neg_spearman_p_safe,,,,,,0
bbb,standard,,,0.1,mutual_information,clean,cert_fail_tau0.95,5,neg_spearman_p_safe_optimistic,,,,,,0
bbb,standard,,,0.1,mutual_information,delta,adv_error,5,auroc,0.2981621701180275,0.07396255321914777,0.03307705935749206,0.20634025334162953,0.38998408689442543,5
bbb,standard,,,0.1,mutual_information,delta,adv_error,5,auprc,0.6016722088634784,0.0781892872178175,0.034967312266259064,0.5046029500123432,0.6987414677146135,5
bbb,standard,,,0.1,mutual_information,delta,adv_error,5,prevalence,0.7,0.04690415759823429,0.020976176963403027,0.6417701327495932,0.7582298672504068,5
bbb,standard,,,0.1,mutual_information,delta,adv_error,5,neg_spearman_p_safe,,,,,,0
bbb,standard,,,0.1,mutual_information,delta,adv_error,5,neg_spearman_p_safe_optimistic,0.11173782089789641,0.12695676101560593,0.05677678956681802,-0.045874546939590394,0.2693501887353832,5
bbb,standard,,,0.1,mutual_information,delta,cert_fail_tau0.5,5,auroc,,,,,,0
bbb,standard,,,0.1,mutual_information,delta,cert_fail_tau0.5,5,auprc,1.0,0.0,0.0,1.0,1.0,5
bbb,standard,,,0.1,mutual_information,delta,cert_fail_tau0.5,5,prevalence,1.0,0.0,0.0,1.0,1.0,5
bbb,standard,,,0.1,mutual_information,delta,cert_fail_tau0.5,5,neg_spearman_p_safe,,,,,,0
bbb,standard,,,0.1,mutual_information,delta,cert_fail_tau0.5,5,neg_spearman_p_safe_optimistic,,,,,,0
bbb,standard,,,0.1,mutual_information,delta,cert_fail_tau0.9,5,auroc,,,,,,0
bbb,standard,,,0.1,mutual_information,delta,cert_fail_tau0.9,5,auprc,1.0,0.0,0.0,1.0,1.0,5
bbb,standard,,,0.1,mutual_information,delta,cert_fail_tau0.9,5,prevalence,1.0,0.0,0.0,1.0,1.0,5
bbb,standard,,,0.1,mutual_information,delta,cert_fail_tau0.9,5,neg_spearman_p_safe,,,,,,0
bbb,standard,,,0.1,mutual_information,delta,cert_fail_tau0.9,5,neg_spearman_p_safe_optimistic,,,,,,0
bbb,standard,,,0.1,mutual_information,delta,cert_fail_tau0.95,5,auroc,,,,,,0
bbb,standard,,,0.1,mutual_information,delta,cert_fail_tau0.95,5,auprc,1.0,0.0,0.0,1.0,1.0,5
bbb,standard,,,0.1,mutual_information,delta,cert_fail_tau0.95,5,prevalence,1.0,0.0,0.0,1.0,1.0,5
bbb,standard,,,0.1,mutual_information,delta,cert_fail_tau0.95,5,neg_spearman_p_safe,,,,,,0
bbb,standard,,,0.1,mutual_information,delta,cert_fail_tau0.95,5,neg_spearman_p_safe_optimistic,,,,,,0
bbb,standard,,,0.1,one_minus_confidence,adv,adv_error,5,auroc,0.3588597796102041,0.0725082203114562,0.03242666190878941,0.2688433661514047,0.4488761930690035,5
bbb,standard,,,0.1,one_minus_confidence,adv,adv_error,5,auprc,0.6332957635132198,0.0874441085120216,0.03910619417294965,0.5247369684891116,0.7418545585373281,5
bbb,standard,,,0.1,one_minus_confidence,adv,adv_error,5,prevalence,0.7,0.04690415759823429,0.020976176963403027,0.6417701327495932,0.7582298672504068,5
bbb,standard,,,0.1,one_minus_confidence,adv,adv_error,5,neg_spearman_p_safe,,,,,,0
bbb,standard,,,0.1,one_minus_confidence,adv,adv_error,5,neg_spearman_p_safe_optimistic,0.19400508951145476,0.1409775150092632,0.06304706137194188,0.01898644714294412,0.3690237318799654,5
bbb,standard,,,0.1,one_minus_confidence,adv,cert_fail_tau0.5,5,auroc,,,,,,0
bbb,standard,,,0.1,one_minus_confidence,adv,cert_fail_tau0.5,5,auprc,1.0,0.0,0.0,1.0,1.0,5
bbb,standard,,,0.1,one_minus_confidence,adv,cert_fail_tau0.5,5,prevalence,1.0,0.0,0.0,1.0,1.0,5
bbb,standard,,,0.1,one_minus_confidence,adv,cert_fail_tau0.5,5,neg_spearman_p_safe,,,,,,0
bbb,standard,,,0.1,one_minus_confidence,adv,cert_fail_tau0.5,5,neg_spearman_p_safe_optimistic,,,,,,0
bbb,standard,,,0.1,one_minus_confidence,adv,cert_fail_tau0.9,5,auroc,,,,,,0
bbb,standard,,,0.1,one_minus_confidence,adv,cert_fail_tau0.9,5,auprc,1.0,0.0,0.0,1.0,1.0,5
bbb,standard,,,0.1,one_minus_confidence,adv,cert_fail_tau0.9,5,prevalence,1.0,0.0,0.0,1.0,1.0,5
bbb,standard,,,0.1,one_minus_confidence,adv,cert_fail_tau0.9,5,neg_spearman_p_safe,,,,,,0
bbb,standard,,,0.1,one_minus_confidence,adv,cert_fail_tau0.9,5,neg_spearman_p_safe_optimistic,,,,,,0
bbb,standard,,,0.1,one_minus_confidence,adv,cert_fail_tau0.95,5,auroc,,,,,,0
bbb,standard,,,0.1,one_minus_confidence,adv,cert_fail_tau0.95,5,auprc,1.0,0.0,0.0,1.0,1.0,5
bbb,standard,,,0.1,one_minus_confidence,adv,cert_fail_tau0.95,5,prevalence,1.0,0.0,0.0,1.0,1.0,5
bbb,standard,,,0.1,one_minus_confidence,adv,cert_fail_tau0.95,5,neg_spearman_p_safe,,,,,,0
bbb,standard,,,0.1,one_minus_confidence,adv,cert_fail_tau0.95,5,neg_spearman_p_safe_optimistic,,,,,,0
bbb,standard,,,0.1,one_minus_confidence,clean,adv_error,5,auroc,0.9186566785819756,0.04922594611677777,0.022014512354771375,0.8575443922851304,0.9797689648788209,5
bbb,standard,,,0.1,one_minus_confidence,clean,adv_error,5,auprc,0.964769077516722,0.021165394260704462,0.009465452067503816,0.9384929825773314,0.9910451724561127,5
bbb,standard,,,0.1,one_minus_confidence,clean,adv_error,5,prevalence,0.7,0.04690415759823429,0.020976176963403027,0.6417701327495932,0.7582298672504068,5
bbb,standard,,,0.1,one_minus_confidence,clean,adv_error,5,neg_spearman_p_safe,,,,,,0
bbb,standard,,,0.1,one_minus_confidence,clean,adv_error,5,neg_spearman_p_safe_optimistic,0.3527909087042507,0.14341832077444086,0.064138622894104,0.17474209155021803,0.5308397258582834,5
bbb,standard,,,0.1,one_minus_confidence,clean,cert_fail_tau0.5,5,auroc,,,,,,0
bbb,standard,,,0.1,one_minus_confidence,clean,cert_fail_tau0.5,5,auprc,1.0,0.0,0.0,1.0,1.0,5
bbb,standard,,,0.1,one_minus_confidence,clean,cert_fail_tau0.5,5,prevalence,1.0,0.0,0.0,1.0,1.0,5
bbb,standard,,,0.1,one_minus_confidence,clean,cert_fail_tau0.5,5,neg_spearman_p_safe,,,,,,0
bbb,standard,,,0.1,one_minus_confidence,clean,cert_fail_tau0.5,5,neg_spearman_p_safe_optimistic,,,,,,0
bbb,standard,,,0.1,one_minus_confidence,clean,cert_fail_tau0.9,5,auroc,,,,,,0
bbb,standard,,,0.1,one_minus_confidence,clean,cert_fail_tau0.9,5,auprc,1.0,0.0,0.0,1.0,1.0,5
bbb,standard,,,0.1,one_minus_confidence,clean,cert_fail_tau0.9,5,prevalence,1.0,0.0,0.0,1.0,1.0,5
bbb,standard,,,0.1,one_minus_confidence,clean,cert_fail_tau0.9,5,neg_spearman_p_safe,,,,,,0
bbb,standard,,,0.1,one_minus_confidence,clean,cert_fail_tau0.9,5,neg_spearman_p_safe_optimistic,,,,,,0
bbb,standard,,,0.1,one_minus_confidence,clean,cert_fail_tau0.95,5,auroc,,,,,,0
bbb,standard,,,0.1,one_minus_confidence,clean,cert_fail_tau0.95,5,auprc,1.0,0.0,0.0,1.0,1.0,5
bbb,standard,,,0.1,one_minus_confidence,clean,cert_fail_tau0.95,5,prevalence,1.0,0.0,0.0,1.0,1.0,5
bbb,standard,,,0.1,one_minus_confidence,clean,cert_fail_tau0.95,5,neg_spearman_p_safe,,,,,,0
bbb,standard,,,0.1,one_minus_confidence,clean,cert_fail_tau0.95,5,neg_spearman_p_safe_optimistic,,,,,,0
bbb,standard,,,0.1,one_minus_confidence,delta,adv_error,5,auroc,0.34958807599554625,0.07601281033994532,0.033993962216183324,0.25522083688342134,0.44395531510767117,5
bbb,standard,,,0.1,one_minus_confidence,delta,adv_error,5,auprc,0.6307052121470926,0.08882032990521062,0.03972165909040168,0.5204378865121376,0.7409725377820476,5
bbb,standard,,,0.1,one_minus_confidence,delta,adv_error,5,prevalence,0.7,0.04690415759823429,0.020976176963403027,0.6417701327495932,0.7582298672504068,5
bbb,standard,,,0.1,one_minus_confidence,delta,adv_error,5,neg_spearman_p_safe,,,,,,0
bbb,standard,,,0.1,one_minus_confidence,delta,adv_error,5,neg_spearman_p_safe_optimistic,0.1778272989293776,0.12840829220512714,0.05742593404906413,0.018412906009175584,0.33724169184957964,5
bbb,standard,,,0.1,one_minus_confidence,delta,cert_fail_tau0.5,5,auroc,,,,,,0
bbb,standard,,,0.1,one_minus_confidence,delta,cert_fail_tau0.5,5,auprc,1.0,0.0,0.0,1.0,1.0,5
bbb,standard,,,0.1,one_minus_confidence,delta,cert_fail_tau0.5,5,prevalence,1.0,0.0,0.0,1.0,1.0,5
bbb,standard,,,0.1,one_minus_confidence,delta,cert_fail_tau0.5,5,neg_spearman_p_safe,,,,,,0
bbb,standard,,,0.1,one_minus_confidence,delta,cert_fail_tau0.5,5,neg_spearman_p_safe_optimistic,,,,,,0
bbb,standard,,,0.1,one_minus_confidence,delta,cert_fail_tau0.9,5,auroc,,,,,,0
bbb,standard,,,0.1,one_minus_confidence,delta,cert_fail_tau0.9,5,auprc,1.0,0.0,0.0,1.0,1.0,5
bbb,standard,,,0.1,one_minus_confidence,delta,cert_fail_tau0.9,5,prevalence,1.0,0.0,0.0,1.0,1.0,5
bbb,standard,,,0.1,one_minus_confidence,delta,cert_fail_tau0.9,5,neg_spearman_p_safe,,,,,,0
bbb,standard,,,0.1,one_minus_confidence,delta,cert_fail_tau0.9,5,neg_spearman_p_safe_optimistic,,,,,,0
bbb,standard,,,0.1,one_minus_confidence,delta,cert_fail_tau0.95,5,auroc,,,,,,0
bbb,standard,,,0.1,one_minus_confidence,delta,cert_fail_tau0.95,5,auprc,1.0,0.0,0.0,1.0,1.0,5
bbb,standard,,,0.1,one_minus_confidence,delta,cert_fail_tau0.95,5,prevalence,1.0,0.0,0.0,1.0,1.0,5
bbb,standard,,,0.1,one_minus_confidence,delta,cert_fail_tau0.95,5,neg_spearman_p_safe,,,,,,0
bbb,standard,,,0.1,one_minus_confidence,delta,cert_fail_tau0.95,5,neg_spearman_p_safe_optimistic,,,,,,0
bbb,standard,,,0.15,mutual_information,adv,adv_error,5,auroc,0.053743961352657015,0.05700287983846848,0.03291062801932367,-0.08787047101449275,0.1953583937198068,3
bbb,standard,,,0.15,mutual_information,adv,adv_error,5,auprc,0.9264713207910077,0.06857640486383956,0.030668300585618494,0.8413361183653307,1.0116065232166846,5
bbb,standard,,,0.15,mutual_information,adv,adv_error,5,prevalence,0.968,0.03346640106136301,0.01496662954709576,0.9264526363772622,1.009547363622738,5
bbb,standard,,,0.15,mutual_information,adv,adv_error,5,neg_spearman_p_safe,,,,,,0
bbb,standard,,,0.15,mutual_information,adv,adv_error,5,neg_spearman_p_safe_optimistic,,,,,,0
bbb,standard,,,0.15,mutual_information,adv,cert_fail_tau0.5,5,auroc,,,,,,0
bbb,standard,,,0.15,mutual_information,adv,cert_fail_tau0.5,5,auprc,,,,,,0
bbb,standard,,,0.15,mutual_information,adv,cert_fail_tau0.5,5,prevalence,,,,,,0
bbb,standard,,,0.15,mutual_information,adv,cert_fail_tau0.5,5,neg_spearman_p_safe,,,,,,0
bbb,standard,,,0.15,mutual_information,adv,cert_fail_tau0.5,5,neg_spearman_p_safe_optimistic,,,,,,0
bbb,standard,,,0.15,mutual_information,adv,cert_fail_tau0.9,5,auroc,,,,,,0
bbb,standard,,,0.15,mutual_information,adv,cert_fail_tau0.9,5,auprc,,,,,,0
bbb,standard,,,0.15,mutual_information,adv,cert_fail_tau0.9,5,prevalence,,,,,,0
bbb,standard,,,0.15,mutual_information,adv,cert_fail_tau0.9,5,neg_spearman_p_safe,,,,,,0
bbb,standard,,,0.15,mutual_information,adv,cert_fail_tau0.9,5,neg_spearman_p_safe_optimistic,,,,,,0
bbb,standard,,,0.15,mutual_information,adv,cert_fail_tau0.95,5,auroc,,,,,,0
bbb,standard,,,0.15,mutual_information,adv,cert_fail_tau0.95,5,auprc,,,,,,0
bbb,standard,,,0.15,mutual_information,adv,cert_fail_tau0.95,5,prevalence,,,,,,0
bbb,standard,,,0.15,mutual_information,adv,cert_fail_tau0.95,5,neg_spearman_p_safe,,,,,,0
bbb,standard,,,0.15,mutual_information,adv,cert_fail_tau0.95,5,neg_spearman_p_safe_optimistic,,,,,,0
bbb,standard,,,0.15,mutual_information,clean,adv_error,5,auroc,0.8863224637681159,0.046964072935733264,0.02711472015168682,0.7696478229554075,1.0029971045808241,3
bbb,standard,,,0.15,mutual_information,clean,adv_error,5,auprc,0.9964834223719349,0.003248127988046995,0.0014526069961785409,0.9924509853505432,1.0005158593933265,5
bbb,standard,,,0.15,mutual_information,clean,adv_error,5,prevalence,0.968,0.03346640106136301,0.01496662954709576,0.9264526363772622,1.009547363622738,5
bbb,standard,,,0.15,mutual_information,clean,adv_error,5,neg_spearman_p_safe,,,,,,0
bbb,standard,,,0.15,mutual_information,clean,adv_error,5,neg_spearman_p_safe_optimistic,,,,,,0
bbb,standard,,,0.15,mutual_information,clean,cert_fail_tau0.5,5,auroc,,,,,,0
bbb,standard,,,0.15,mutual_information,clean,cert_fail_tau0.5,5,auprc,,,,,,0
bbb,standard,,,0.15,mutual_information,clean,cert_fail_tau0.5,5,prevalence,,,,,,0
bbb,standard,,,0.15,mutual_information,clean,cert_fail_tau0.5,5,neg_spearman_p_safe,,,,,,0
bbb,standard,,,0.15,mutual_information,clean,cert_fail_tau0.5,5,neg_spearman_p_safe_optimistic,,,,,,0
bbb,standard,,,0.15,mutual_information,clean,cert_fail_tau0.9,5,auroc,,,,,,0
bbb,standard,,,0.15,mutual_information,clean,cert_fail_tau0.9,5,auprc,,,,,,0
bbb,standard,,,0.15,mutual_information,clean,cert_fail_tau0.9,5,prevalence,,,,,,0
bbb,standard,,,0.15,mutual_information,clean,cert_fail_tau0.9,5,neg_spearman_p_safe,,,,,,0
bbb,standard,,,0.15,mutual_information,clean,cert_fail_tau0.9,5,neg_spearman_p_safe_optimistic,,,,,,0
bbb,standard,,,0.15,mutual_information,clean,cert_fail_tau0.95,5,auroc,,,,,,0
bbb,standard,,,0.15,mutual_information,clean,cert_fail_tau0.95,5,auprc,,,,,,0
bbb,standard,,,0.15,mutual_information,clean,cert_fail_tau0.95,5,prevalence,,,,,,0
bbb,standard,,,0.15,mutual_information,clean,cert_fail_tau0.95,5,neg_spearman_p_safe,,,,,,0
bbb,standard,,,0.15,mutual_information,clean,cert_fail_tau0.95,5,neg_spearman_p_safe_optimistic,,,,,,0
bbb,standard,,,0.15,mutual_information,delta,adv_error,5,auroc,0.053743961352657015,0.05700287983846848,0.03291062801932367,-0.08787047101449275,0.1953583937198068,3
bbb,standard,,,0.15,mutual_information,delta,adv_error,5,auprc,0.9264713207910077,0.06857640486383956,0.030668300585618494,0.8413361183653307,1.0116065232166846,5
bbb,standard,,,0.15,mutual_information,delta,adv_error,5,prevalence,0.968,0.03346640106136301,0.01496662954709576,0.9264526363772622,1.009547363622738,5
bbb,standard,,,0.15,mutual_information,delta,adv_error,5,neg_spearman_p_safe,,,,,,0
bbb,standard,,,0.15,mutual_information,delta,adv_error,5,neg_spearman_p_safe_optimistic,,,,,,0
bbb,standard,,,0.15,mutual_information,delta,cert_fail_tau0.5,5,auroc,,,,,,0
bbb,standard,,,0.15,mutual_information,delta,cert_fail_tau0.5,5,auprc,,,,,,0
bbb,standard,,,0.15,mutual_information,delta,cert_fail_tau0.5,5,prevalence,,,,,,0
bbb,standard,,,0.15,mutual_information,delta,cert_fail_tau0.5,5,neg_spearman_p_safe,,,,,,0
bbb,standard,,,0.15,mutual_information,delta,cert_fail_tau0.5,5,neg_spearman_p_safe_optimistic,,,,,,0
bbb,standard,,,0.15,mutual_information,delta,cert_fail_tau0.9,5,auroc,,,,,,0
bbb,standard,,,0.15,mutual_information,delta,cert_fail_tau0.9,5,auprc,,,,,,0
bbb,standard,,,0.15,mutual_information,delta,cert_fail_tau0.9,5,prevalence,,,,,,0
bbb,standard,,,0.15,mutual_information,delta,cert_fail_tau0.9,5,neg_spearman_p_safe,,,,,,0
bbb,standard,,,0.15,mutual_information,delta,cert_fail_tau0.9,5,neg_spearman_p_safe_optimistic,,,,,,0
bbb,standard,,,0.15,mutual_information,delta,cert_fail_tau0.95,5,auroc,,,,,,0
bbb,standard,,,0.15,mutual_information,delta,cert_fail_tau0.95,5,auprc,,,,,,0
bbb,standard,,,0.15,mutual_information,delta,cert_fail_tau0.95,5,prevalence,,,,,,0
bbb,standard,,,0.15,mutual_information,delta,cert_fail_tau0.95,5,neg_spearman_p_safe,,,,,,0
bbb,standard,,,0.15,mutual_information,delta,cert_fail_tau0.95,5,neg_spearman_p_safe_optimistic,,,,,,0
bbb,standard,,,0.15,one_minus_confidence,adv,adv_error,5,auroc,0.03789251207729469,0.056849743681152656,0.032822214817674715,-0.10334147828315962,0.179126502437749,3
bbb,standard,,,0.15,one_minus_confidence,adv,adv_error,5,auprc,0.9184585063108018,0.0760474289077217,0.03400944411034966,0.8240482894604712,1.0128687231611324,5
bbb,standard,,,0.15,one_minus_confidence,adv,adv_error,5,prevalence,0.968,0.03346640106136301,0.01496662954709576,0.9264526363772622,1.009547363622738,5
bbb,standard,,,0.15,one_minus_confidence,adv,adv_error,5,neg_spearman_p_safe,,,,,,0
bbb,standard,,,0.15,one_minus_confidence,adv,adv_error,5,neg_spearman_p_safe_optimistic,,,,,,0
bbb,standard,,,0.15,one_minus_confidence,adv,cert_fail_tau0.5,5,auroc,,,,,,0
bbb,standard,,,0.15,one_minus_confidence,adv,cert_fail_tau0.5,5,auprc,,,,,,0
bbb,standard,,,0.15,one_minus_confidence,adv,cert_fail_tau0.5,5,prevalence,,,,,,0
bbb,standard,,,0.15,one_minus_confidence,adv,cert_fail_tau0.5,5,neg_spearman_p_safe,,,,,,0
bbb,standard,,,0.15,one_minus_confidence,adv,cert_fail_tau0.5,5,neg_spearman_p_safe_optimistic,,,,,,0
bbb,standard,,,0.15,one_minus_confidence,adv,cert_fail_tau0.9,5,auroc,,,,,,0
bbb,standard,,,0.15,one_minus_confidence,adv,cert_fail_tau0.9,5,auprc,,,,,,0
bbb,standard,,,0.15,one_minus_confidence,adv,cert_fail_tau0.9,5,prevalence,,,,,,0
bbb,standard,,,0.15,one_minus_confidence,adv,cert_fail_tau0.9,5,neg_spearman_p_safe,,,,,,0
bbb,standard,,,0.15,one_minus_confidence,adv,cert_fail_tau0.9,5,neg_spearman_p_safe_optimistic,,,,,,0
bbb,standard,,,0.15,one_minus_confidence,adv,cert_fail_tau0.95,5,auroc,,,,,,0
bbb,standard,,,0.15,one_minus_confidence,adv,cert_fail_tau0.95,5,auprc,,,,,,0
bbb,standard,,,0.15,one_minus_confidence,adv,cert_fail_tau0.95,5,prevalence,,,,,,0
bbb,standard,,,0.15,one_minus_confidence,adv,cert_fail_tau0.95,5,neg_spearman_p_safe,,,,,,0
bbb,standard,,,0.15,one_minus_confidence,adv,cert_fail_tau0.95,5,neg_spearman_p_safe_optimistic,,,,,,0
bbb,standard,,,0.15,one_minus_confidence,clean,adv_error,5,auroc,0.89681461352657,0.04237466415683559,0.024465023757769017,0.7915416162968899,1.00208761075625,3
bbb,standard,,,0.15,one_minus_confidence,clean,adv_error,5,auprc,0.9964315698740236,0.003267047165291047,0.0014610679094577545,0.9923756453573689,1.0004874943906783,5
bbb,standard,,,0.15,one_minus_confidence,clean,adv_error,5,prevalence,0.968,0.03346640106136301,0.01496662954709576,0.9264526363772622,1.009547363622738,5
bbb,standard,,,0.15,one_minus_confidence,clean,adv_error,5,neg_spearman_p_safe,,,,,,0
bbb,standard,,,0.15,one_minus_confidence,clean,adv_error,5,neg_spearman_p_safe_optimistic,,,,,,0
bbb,standard,,,0.15,one_minus_confidence,clean,cert_fail_tau0.5,5,auroc,,,,,,0
bbb,standard,,,0.15,one_minus_confidence,clean,cert_fail_tau0.5,5,auprc,,,,,,0
bbb,standard,,,0.15,one_minus_confidence,clean,cert_fail_tau0.5,5,prevalence,,,,,,0
bbb,standard,,,0.15,one_minus_confidence,clean,cert_fail_tau0.5,5,neg_spearman_p_safe,,,,,,0
bbb,standard,,,0.15,one_minus_confidence,clean,cert_fail_tau0.5,5,neg_spearman_p_safe_optimistic,,,,,,0
bbb,standard,,,0.15,one_minus_confidence,clean,cert_fail_tau0.9,5,auroc,,,,,,0
bbb,standard,,,0.15,one_minus_confidence,clean,cert_fail_tau0.9,5,auprc,,,,,,0
bbb,standard,,,0.15,one_minus_confidence,clean,cert_fail_tau0.9,5,prevalence,,,,,,0
bbb,standard,,,0.15,one_minus_confidence,clean,cert_fail_tau0.9,5,neg_spearman_p_safe,,,,,,0
bbb,standard,,,0.15,one_minus_confidence,clean,cert_fail_tau0.9,5,neg_spearman_p_safe_optimistic,,,,,,0
bbb,standard,,,0.15,one_minus_confidence,clean,cert_fail_tau0.95,5,auroc,,,,,,0
bbb,standard,,,0.15,one_minus_confidence,clean,cert_fail_tau0.95,5,auprc,,,,,,0
bbb,standard,,,0.15,one_minus_confidence,clean,cert_fail_tau0.95,5,prevalence,,,,,,0
bbb,standard,,,0.15,one_minus_confidence,clean,cert_fail_tau0.95,5,neg_spearman_p_safe,,,,,,0
bbb,standard,,,0.15,one_minus_confidence,clean,cert_fail_tau0.95,5,neg_spearman_p_safe_optimistic,,,,,,0
bbb,standard,,,0.15,one_minus_confidence,delta,adv_error,5,auroc,0.03789251207729469,0.056849743681152656,0.032822214817674715,-0.10334147828315962,0.179126502437749,3
bbb,standard,,,0.15,one_minus_confidence,delta,adv_error,5,auprc,0.9184585063108018,0.0760474289077217,0.03400944411034966,0.8240482894604712,1.0128687231611324,5
bbb,standard,,,0.15,one_minus_confidence,delta,adv_error,5,prevalence,0.968,0.03346640106136301,0.01496662954709576,0.9264526363772622,1.009547363622738,5
bbb,standard,,,0.15,one_minus_confidence,delta,adv_error,5,neg_spearman_p_safe,,,,,,0
bbb,standard,,,0.15,one_minus_confidence,delta,adv_error,5,neg_spearman_p_safe_optimistic,,,,,,0
bbb,standard,,,0.15,one_minus_confidence,delta,cert_fail_tau0.5,5,auroc,,,,,,0
bbb,standard,,,0.15,one_minus_confidence,delta,cert_fail_tau0.5,5,auprc,,,,,,0
bbb,standard,,,0.15,one_minus_confidence,delta,cert_fail_tau0.5,5,prevalence,,,,,,0
bbb,standard,,,0.15,one_minus_confidence,delta,cert_fail_tau0.5,5,neg_spearman_p_safe,,,,,,0
bbb,standard,,,0.15,one_minus_confidence,delta,cert_fail_tau0.5,5,neg_spearman_p_safe_optimistic,,,,,,0
bbb,standard,,,0.15,one_minus_confidence,delta,cert_fail_tau0.9,5,auroc,,,,,,0
bbb,standard,,,0.15,one_minus_confidence,delta,cert_fail_tau0.9,5,auprc,,,,,,0
bbb,standard,,,0.15,one_minus_confidence,delta,cert_fail_tau0.9,5,prevalence,,,,,,0
bbb,standard,,,0.15,one_minus_confidence,delta,cert_fail_tau0.9,5,neg_spearman_p_safe,,,,,,0
bbb,standard,,,0.15,one_minus_confidence,delta,cert_fail_tau0.9,5,neg_spearman_p_safe_optimistic,,,,,,0
bbb,standard,,,0.15,one_minus_confidence,delta,cert_fail_tau0.95,5,auroc,,,,,,0
bbb,standard,,,0.15,one_minus_confidence,delta,cert_fail_tau0.95,5,auprc,,,,,,0
bbb,standard,,,0.15,one_minus_confidence,delta,cert_fail_tau0.95,5,prevalence,,,,,,0
bbb,standard,,,0.15,one_minus_confidence,delta,cert_fail_tau0.95,5,neg_spearman_p_safe,,,,,,0
bbb,standard,,,0.15,one_minus_confidence,delta,cert_fail_tau0.95,5,neg_spearman_p_safe_optimistic,,,,,,0
deterministic,robust,0.08,0.25,0.01,mutual_information,adv,adv_error,5,auroc,,,,,,0
deterministic,robust,0.08,0.25,0.01,mutual_information,adv,adv_error,5,auprc,,,,,,0
deterministic,robust,0.08,0.25,0.01,mutual_information,adv,adv_error,5,prevalence,0.0,0.0,0.0,0.0,0.0,5
deterministic,robust,0.08,0.25,0.01,mutual_information,adv,adv_error,5,neg_spearman_p_safe,,,,,,0
deterministic,robust,0.08,0.25,0.01,mutual_information,adv,adv_error,5,neg_spearman_p_safe_optimistic,,,,,,0
deterministic,robust,0.08,0.25,0.01,mutual_information,adv,cert_fail_tau0.5,5,auroc,,,,,,0
deterministic,robust,0.08,0.25,0.01,mutual_information,adv,cert_fail_tau0.5,5,auprc,,,,,,0
deterministic,robust,0.08,0.25,0.01,mutual_information,adv,cert_fail_tau0.5,5,prevalence,0.0,0.0,0.0,0.0,0.0,5
deterministic,robust,0.08,0.25,0.01,mutual_information,adv,cert_fail_tau0.5,5,neg_spearman_p_safe,,,,,,0
deterministic,robust,0.08,0.25,0.01,mutual_information,adv,cert_fail_tau0.5,5,neg_spearman_p_safe_optimistic,,,,,,0
deterministic,robust,0.08,0.25,0.01,mutual_information,adv,cert_fail_tau0.9,5,auroc,,,,,,0
deterministic,robust,0.08,0.25,0.01,mutual_information,adv,cert_fail_tau0.9,5,auprc,,,,,,0
deterministic,robust,0.08,0.25,0.01,mutual_information,adv,cert_fail_tau0.9,5,prevalence,0.0,0.0,0.0,0.0,0.0,5
deterministic,robust,0.08,0.25,0.01,mutual_information,adv,cert_fail_tau0.9,5,neg_spearman_p_safe,,,,,,0
deterministic,robust,0.08,0.25,0.01,mutual_information,adv,cert_fail_tau0.9,5,neg_spearman_p_safe_optimistic,,,,,,0
deterministic,robust,0.08,0.25,0.01,mutual_information,adv,cert_fail_tau0.95,5,auroc,,,,,,0
deterministic,robust,0.08,0.25,0.01,mutual_information,adv,cert_fail_tau0.95,5,auprc,,,,,,0
deterministic,robust,0.08,0.25,0.01,mutual_information,adv,cert_fail_tau0.95,5,prevalence,,,,,,0
deterministic,robust,0.08,0.25,0.01,mutual_information,adv,cert_fail_tau0.95,5,neg_spearman_p_safe,,,,,,0
deterministic,robust,0.08,0.25,0.01,mutual_information,adv,cert_fail_tau0.95,5,neg_spearman_p_safe_optimistic,,,,,,0
deterministic,robust,0.08,0.25,0.01,mutual_information,clean,adv_error,5,auroc,,,,,,0
deterministic,robust,0.08,0.25,0.01,mutual_information,clean,adv_error,5,auprc,,,,,,0
deterministic,robust,0.08,0.25,0.01,mutual_information,clean,adv_error,5,prevalence,0.0,0.0,0.0,0.0,0.0,5
deterministic,robust,0.08,0.25,0.01,mutual_information,clean,adv_error,5,neg_spearman_p_safe,,,,,,0
deterministic,robust,0.08,0.25,0.01,mutual_information,clean,adv_error,5,neg_spearman_p_safe_optimistic,,,,,,0
deterministic,robust,0.08,0.25,0.01,mutual_information,clean,cert_fail_tau0.5,5,auroc,,,,,,0
deterministic,robust,0.08,0.25,0.01,mutual_information,clean,cert_fail_tau0.5,5,auprc,,,,,,0
deterministic,robust,0.08,0.25,0.01,mutual_information,clean,cert_fail_tau0.5,5,prevalence,0.0,0.0,0.0,0.0,0.0,5
deterministic,robust,0.08,0.25,0.01,mutual_information,clean,cert_fail_tau0.5,5,neg_spearman_p_safe,,,,,,0
deterministic,robust,0.08,0.25,0.01,mutual_information,clean,cert_fail_tau0.5,5,neg_spearman_p_safe_optimistic,,,,,,0
deterministic,robust,0.08,0.25,0.01,mutual_information,clean,cert_fail_tau0.9,5,auroc,,,,,,0
deterministic,robust,0.08,0.25,0.01,mutual_information,clean,cert_fail_tau0.9,5,auprc,,,,,,0
deterministic,robust,0.08,0.25,0.01,mutual_information,clean,cert_fail_tau0.9,5,prevalence,0.0,0.0,0.0,0.0,0.0,5
deterministic,robust,0.08,0.25,0.01,mutual_information,clean,cert_fail_tau0.9,5,neg_spearman_p_safe,,,,,,0
deterministic,robust,0.08,0.25,0.01,mutual_information,clean,cert_fail_tau0.9,5,neg_spearman_p_safe_optimistic,,,,,,0
deterministic,robust,0.08,0.25,0.01,mutual_information,clean,cert_fail_tau0.95,5,auroc,,,,,,0
deterministic,robust,0.08,0.25,0.01,mutual_information,clean,cert_fail_tau0.95,5,auprc,,,,,,0
deterministic,robust,0.08,0.25,0.01,mutual_information,clean,cert_fail_tau0.95,5,prevalence,,,,,,0
deterministic,robust,0.08,0.25,0.01,mutual_information,clean,cert_fail_tau0.95,5,neg_spearman_p_safe,,,,,,0
deterministic,robust,0.08,0.25,0.01,mutual_information,clean,cert_fail_tau0.95,5,neg_spearman_p_safe_optimistic,,,,,,0
deterministic,robust,0.08,0.25,0.01,mutual_information,delta,adv_error,5,auroc,,,,,,0
deterministic,robust,0.08,0.25,0.01,mutual_information,delta,adv_error,5,auprc,,,,,,0
deterministic,robust,0.08,0.25,0.01,mutual_information,delta,adv_error,5,prevalence,0.0,0.0,0.0,0.0,0.0,5
deterministic,robust,0.08,0.25,0.01,mutual_information,delta,adv_error,5,neg_spearman_p_safe,,,,,,0
deterministic,robust,0.08,0.25,0.01,mutual_information,delta,adv_error,5,neg_spearman_p_safe_optimistic,,,,,,0
deterministic,robust,0.08,0.25,0.01,mutual_information,delta,cert_fail_tau0.5,5,auroc,,,,,,0
deterministic,robust,0.08,0.25,0.01,mutual_information,delta,cert_fail_tau0.5,5,auprc,,,,,,0
deterministic,robust,0.08,0.25,0.01,mutual_information,delta,cert_fail_tau0.5,5,prevalence,0.0,0.0,0.0,0.0,0.0,5
deterministic,robust,0.08,0.25,0.01,mutual_information,delta,cert_fail_tau0.5,5,neg_spearman_p_safe,,,,,,0
deterministic,robust,0.08,0.25,0.01,mutual_information,delta,cert_fail_tau0.5,5,neg_spearman_p_safe_optimistic,,,,,,0
deterministic,robust,0.08,0.25,0.01,mutual_information,delta,cert_fail_tau0.9,5,auroc,,,,,,0
deterministic,robust,0.08,0.25,0.01,mutual_information,delta,cert_fail_tau0.9,5,auprc,,,,,,0
deterministic,robust,0.08,0.25,0.01,mutual_information,delta,cert_fail_tau0.9,5,prevalence,0.0,0.0,0.0,0.0,0.0,5
deterministic,robust,0.08,0.25,0.01,mutual_information,delta,cert_fail_tau0.9,5,neg_spearman_p_safe,,,,,,0
deterministic,robust,0.08,0.25,0.01,mutual_information,delta,cert_fail_tau0.9,5,neg_spearman_p_safe_optimistic,,,,,,0
deterministic,robust,0.08,0.25,0.01,mutual_information,delta,cert_fail_tau0.95,5,auroc,,,,,,0
deterministic,robust,0.08,0.25,0.01,mutual_information,delta,cert_fail_tau0.95,5,auprc,,,,,,0
deterministic,robust,0.08,0.25,0.01,mutual_information,delta,cert_fail_tau0.95,5,prevalence,,,,,,0
deterministic,robust,0.08,0.25,0.01,mutual_information,delta,cert_fail_tau0.95,5,neg_spearman_p_safe,,,,,,0
deterministic,robust,0.08,0.25,0.01,mutual_information,delta,cert_fail_tau0.95,5,neg_spearman_p_safe_optimistic,,,,,,0
deterministic,robust,0.08,0.25,0.01,one_minus_confidence,adv,adv_error,5,auroc,,,,,,0
deterministic,robust,0.08,0.25,0.01,one_minus_confidence,adv,adv_error,5,auprc,,,,,,0
deterministic,robust,0.08,0.25,0.01,one_minus_confidence,adv,adv_error,5,prevalence,0.0,0.0,0.0,0.0,0.0,5
deterministic,robust,0.08,0.25,0.01,one_minus_confidence,adv,adv_error,5,neg_spearman_p_safe,,,,,,0
deterministic,robust,0.08,0.25,0.01,one_minus_confidence,adv,adv_error,5,neg_spearman_p_safe_optimistic,,,,,,0
deterministic,robust,0.08,0.25,0.01,one_minus_confidence,adv,cert_fail_tau0.5,5,auroc,,,,,,0
deterministic,robust,0.08,0.25,0.01,one_minus_confidence,adv,cert_fail_tau0.5,5,auprc,,,,,,0
deterministic,robust,0.08,0.25,0.01,one_minus_confidence,adv,cert_fail_tau0.5,5,prevalence,0.0,0.0,0.0,0.0,0.0,5
deterministic,robust,0.08,0.25,0.01,one_minus_confidence,adv,cert_fail_tau0.5,5,neg_spearman_p_safe,,,,,,0
deterministic,robust,0.08,0.25,0.01,one_minus_confidence,adv,cert_fail_tau0.5,5,neg_spearman_p_safe_optimistic,,,,,,0
deterministic,robust,0.08,0.25,0.01,one_minus_confidence,adv,cert_fail_tau0.9,5,auroc,,,,,,0
deterministic,robust,0.08,0.25,0.01,one_minus_confidence,adv,cert_fail_tau0.9,5,auprc,,,,,,0
deterministic,robust,0.08,0.25,0.01,one_minus_confidence,adv,cert_fail_tau0.9,5,prevalence,0.0,0.0,0.0,0.0,0.0,5
deterministic,robust,0.08,0.25,0.01,one_minus_confidence,adv,cert_fail_tau0.9,5,neg_spearman_p_safe,,,,,,0
deterministic,robust,0.08,0.25,0.01,one_minus_confidence,adv,cert_fail_tau0.9,5,neg_spearman_p_safe_optimistic,,,,,,0
deterministic,robust,0.08,0.25,0.01,one_minus_confidence,adv,cert_fail_tau0.95,5,auroc,,,,,,0
deterministic,robust,0.08,0.25,0.01,one_minus_confidence,adv,cert_fail_tau0.95,5,auprc,,,,,,0
deterministic,robust,0.08,0.25,0.01,one_minus_confidence,adv,cert_fail_tau0.95,5,prevalence,,,,,,0
deterministic,robust,0.08,0.25,0.01,one_minus_confidence,adv,cert_fail_tau0.95,5,neg_spearman_p_safe,,,,,,0
deterministic,robust,0.08,0.25,0.01,one_minus_confidence,adv,cert_fail_tau0.95,5,neg_spearman_p_safe_optimistic,,,,,,0
deterministic,robust,0.08,0.25,0.01,one_minus_confidence,clean,adv_error,5,auroc,,,,,,0
deterministic,robust,0.08,0.25,0.01,one_minus_confidence,clean,adv_error,5,auprc,,,,,,0
deterministic,robust,0.08,0.25,0.01,one_minus_confidence,clean,adv_error,5,prevalence,0.0,0.0,0.0,0.0,0.0,5
deterministic,robust,0.08,0.25,0.01,one_minus_confidence,clean,adv_error,5,neg_spearman_p_safe,,,,,,0
deterministic,robust,0.08,0.25,0.01,one_minus_confidence,clean,adv_error,5,neg_spearman_p_safe_optimistic,,,,,,0
deterministic,robust,0.08,0.25,0.01,one_minus_confidence,clean,cert_fail_tau0.5,5,auroc,,,,,,0
deterministic,robust,0.08,0.25,0.01,one_minus_confidence,clean,cert_fail_tau0.5,5,auprc,,,,,,0
deterministic,robust,0.08,0.25,0.01,one_minus_confidence,clean,cert_fail_tau0.5,5,prevalence,0.0,0.0,0.0,0.0,0.0,5
deterministic,robust,0.08,0.25,0.01,one_minus_confidence,clean,cert_fail_tau0.5,5,neg_spearman_p_safe,,,,,,0
deterministic,robust,0.08,0.25,0.01,one_minus_confidence,clean,cert_fail_tau0.5,5,neg_spearman_p_safe_optimistic,,,,,,0
deterministic,robust,0.08,0.25,0.01,one_minus_confidence,clean,cert_fail_tau0.9,5,auroc,,,,,,0
deterministic,robust,0.08,0.25,0.01,one_minus_confidence,clean,cert_fail_tau0.9,5,auprc,,,,,,0
deterministic,robust,0.08,0.25,0.01,one_minus_confidence,clean,cert_fail_tau0.9,5,prevalence,0.0,0.0,0.0,0.0,0.0,5
deterministic,robust,0.08,0.25,0.01,one_minus_confidence,clean,cert_fail_tau0.9,5,neg_spearman_p_safe,,,,,,0
deterministic,robust,0.08,0.25,0.01,one_minus_confidence,clean,cert_fail_tau0.9,5,neg_spearman_p_safe_optimistic,,,,,,0
deterministic,robust,0.08,0.25,0.01,one_minus_confidence,clean,cert_fail_tau0.95,5,auroc,,,,,,0
deterministic,robust,0.08,0.25,0.01,one_minus_confidence,clean,cert_fail_tau0.95,5,auprc,,,,,,0
deterministic,robust,0.08,0.25,0.01,one_minus_confidence,clean,cert_fail_tau0.95,5,prevalence,,,,,,0
deterministic,robust,0.08,0.25,0.01,one_minus_confidence,clean,cert_fail_tau0.95,5,neg_spearman_p_safe,,,,,,0
deterministic,robust,0.08,0.25,0.01,one_minus_confidence,clean,cert_fail_tau0.95,5,neg_spearman_p_safe_optimistic,,,,,,0
deterministic,robust,0.08,0.25,0.01,one_minus_confidence,delta,adv_error,5,auroc,,,,,,0
deterministic,robust,0.08,0.25,0.01,one_minus_confidence,delta,adv_error,5,auprc,,,,,,0
deterministic,robust,0.08,0.25,0.01,one_minus_confidence,delta,adv_error,5,prevalence,0.0,0.0,0.0,0.0,0.0,5
deterministic,robust,0.08,0.25,0.01,one_minus_confidence,delta,adv_error,5,neg_spearman_p_safe,,,,,,0
deterministic,robust,0.08,0.25,0.01,one_minus_confidence,delta,adv_error,5,neg_spearman_p_safe_optimistic,,,,,,0
deterministic,robust,0.08,0.25,0.01,one_minus_confidence,delta,cert_fail_tau0.5,5,auroc,,,,,,0
deterministic,robust,0.08,0.25,0.01,one_minus_confidence,delta,cert_fail_tau0.5,5,auprc,,,,,,0
deterministic,robust,0.08,0.25,0.01,one_minus_confidence,delta,cert_fail_tau0.5,5,prevalence,0.0,0.0,0.0,0.0,0.0,5
deterministic,robust,0.08,0.25,0.01,one_minus_confidence,delta,cert_fail_tau0.5,5,neg_spearman_p_safe,,,,,,0
deterministic,robust,0.08,0.25,0.01,one_minus_confidence,delta,cert_fail_tau0.5,5,neg_spearman_p_safe_optimistic,,,,,,0
deterministic,robust,0.08,0.25,0.01,one_minus_confidence,delta,cert_fail_tau0.9,5,auroc,,,,,,0
deterministic,robust,0.08,0.25,0.01,one_minus_confidence,delta,cert_fail_tau0.9,5,auprc,,,,,,0
deterministic,robust,0.08,0.25,0.01,one_minus_confidence,delta,cert_fail_tau0.9,5,prevalence,0.0,0.0,0.0,0.0,0.0,5
deterministic,robust,0.08,0.25,0.01,one_minus_confidence,delta,cert_fail_tau0.9,5,neg_spearman_p_safe,,,,,,0
deterministic,robust,0.08,0.25,0.01,one_minus_confidence,delta,cert_fail_tau0.9,5,neg_spearman_p_safe_optimistic,,,,,,0
deterministic,robust,0.08,0.25,0.01,one_minus_confidence,delta,cert_fail_tau0.95,5,auroc,,,,,,0
deterministic,robust,0.08,0.25,0.01,one_minus_confidence,delta,cert_fail_tau0.95,5,auprc,,,,,,0
deterministic,robust,0.08,0.25,0.01,one_minus_confidence,delta,cert_fail_tau0.95,5,prevalence,,,,,,0
deterministic,robust,0.08,0.25,0.01,one_minus_confidence,delta,cert_fail_tau0.95,5,neg_spearman_p_safe,,,,,,0
deterministic,robust,0.08,0.25,0.01,one_minus_confidence,delta,cert_fail_tau0.95,5,neg_spearman_p_safe_optimistic,,,,,,0
deterministic,robust,0.08,0.25,0.03,mutual_information,adv,adv_error,5,auroc,,,,,,0
deterministic,robust,0.08,0.25,0.03,mutual_information,adv,adv_error,5,auprc,,,,,,0
deterministic,robust,0.08,0.25,0.03,mutual_information,adv,adv_error,5,prevalence,0.0,0.0,0.0,0.0,0.0,5
deterministic,robust,0.08,0.25,0.03,mutual_information,adv,adv_error,5,neg_spearman_p_safe,,,,,,0
deterministic,robust,0.08,0.25,0.03,mutual_information,adv,adv_error,5,neg_spearman_p_safe_optimistic,,,,,,0
deterministic,robust,0.08,0.25,0.03,mutual_information,adv,cert_fail_tau0.5,5,auroc,,,,,,0
deterministic,robust,0.08,0.25,0.03,mutual_information,adv,cert_fail_tau0.5,5,auprc,,,,,,0
deterministic,robust,0.08,0.25,0.03,mutual_information,adv,cert_fail_tau0.5,5,prevalence,,,,,,0
deterministic,robust,0.08,0.25,0.03,mutual_information,adv,cert_fail_tau0.5,5,neg_spearman_p_safe,,,,,,0
deterministic,robust,0.08,0.25,0.03,mutual_information,adv,cert_fail_tau0.5,5,neg_spearman_p_safe_optimistic,,,,,,0
deterministic,robust,0.08,0.25,0.03,mutual_information,adv,cert_fail_tau0.9,5,auroc,,,,,,0
deterministic,robust,0.08,0.25,0.03,mutual_information,adv,cert_fail_tau0.9,5,auprc,,,,,,0
deterministic,robust,0.08,0.25,0.03,mutual_information,adv,cert_fail_tau0.9,5,prevalence,,,,,,0
deterministic,robust,0.08,0.25,0.03,mutual_information,adv,cert_fail_tau0.9,5,neg_spearman_p_safe,,,,,,0
deterministic,robust,0.08,0.25,0.03,mutual_information,adv,cert_fail_tau0.9,5,neg_spearman_p_safe_optimistic,,,,,,0
deterministic,robust,0.08,0.25,0.03,mutual_information,adv,cert_fail_tau0.95,5,auroc,,,,,,0
deterministic,robust,0.08,0.25,0.03,mutual_information,adv,cert_fail_tau0.95,5,auprc,,,,,,0
deterministic,robust,0.08,0.25,0.03,mutual_information,adv,cert_fail_tau0.95,5,prevalence,,,,,,0
deterministic,robust,0.08,0.25,0.03,mutual_information,adv,cert_fail_tau0.95,5,neg_spearman_p_safe,,,,,,0
deterministic,robust,0.08,0.25,0.03,mutual_information,adv,cert_fail_tau0.95,5,neg_spearman_p_safe_optimistic,,,,,,0
deterministic,robust,0.08,0.25,0.03,mutual_information,clean,adv_error,5,auroc,,,,,,0
deterministic,robust,0.08,0.25,0.03,mutual_information,clean,adv_error,5,auprc,,,,,,0
deterministic,robust,0.08,0.25,0.03,mutual_information,clean,adv_error,5,prevalence,0.0,0.0,0.0,0.0,0.0,5
deterministic,robust,0.08,0.25,0.03,mutual_information,clean,adv_error,5,neg_spearman_p_safe,,,,,,0
deterministic,robust,0.08,0.25,0.03,mutual_information,clean,adv_error,5,neg_spearman_p_safe_optimistic,,,,,,0
deterministic,robust,0.08,0.25,0.03,mutual_information,clean,cert_fail_tau0.5,5,auroc,,,,,,0
deterministic,robust,0.08,0.25,0.03,mutual_information,clean,cert_fail_tau0.5,5,auprc,,,,,,0
deterministic,robust,0.08,0.25,0.03,mutual_information,clean,cert_fail_tau0.5,5,prevalence,,,,,,0
deterministic,robust,0.08,0.25,0.03,mutual_information,clean,cert_fail_tau0.5,5,neg_spearman_p_safe,,,,,,0
deterministic,robust,0.08,0.25,0.03,mutual_information,clean,cert_fail_tau0.5,5,neg_spearman_p_safe_optimistic,,,,,,0
deterministic,robust,0.08,0.25,0.03,mutual_information,clean,cert_fail_tau0.9,5,auroc,,,,,,0
deterministic,robust,0.08,0.25,0.03,mutual_information,clean,cert_fail_tau0.9,5,auprc,,,,,,0
deterministic,robust,0.08,0.25,0.03,mutual_information,clean,cert_fail_tau0.9,5,prevalence,,,,,,0
deterministic,robust,0.08,0.25,0.03,mutual_information,clean,cert_fail_tau0.9,5,neg_spearman_p_safe,,,,,,0
deterministic,robust,0.08,0.25,0.03,mutual_information,clean,cert_fail_tau0.9,5,neg_spearman_p_safe_optimistic,,,,,,0
deterministic,robust,0.08,0.25,0.03,mutual_information,clean,cert_fail_tau0.95,5,auroc,,,,,,0
deterministic,robust,0.08,0.25,0.03,mutual_information,clean,cert_fail_tau0.95,5,auprc,,,,,,0
deterministic,robust,0.08,0.25,0.03,mutual_information,clean,cert_fail_tau0.95,5,prevalence,,,,,,0
deterministic,robust,0.08,0.25,0.03,mutual_information,clean,cert_fail_tau0.95,5,neg_spearman_p_safe,,,,,,0
deterministic,robust,0.08,0.25,0.03,mutual_information,clean,cert_fail_tau0.95,5,neg_spearman_p_safe_optimistic,,,,,,0
deterministic,robust,0.08,0.25,0.03,mutual_information,delta,adv_error,5,auroc,,,,,,0
deterministic,robust,0.08,0.25,0.03,mutual_information,delta,adv_error,5,auprc,,,,,,0
deterministic,robust,0.08,0.25,0.03,mutual_information,delta,adv_error,5,prevalence,0.0,0.0,0.0,0.0,0.0,5
deterministic,robust,0.08,0.25,0.03,mutual_information,delta,adv_error,5,neg_spearman_p_safe,,,,,,0
deterministic,robust,0.08,0.25,0.03,mutual_information,delta,adv_error,5,neg_spearman_p_safe_optimistic,,,,,,0
deterministic,robust,0.08,0.25,0.03,mutual_information,delta,cert_fail_tau0.5,5,auroc,,,,,,0
deterministic,robust,0.08,0.25,0.03,mutual_information,delta,cert_fail_tau0.5,5,auprc,,,,,,0
deterministic,robust,0.08,0.25,0.03,mutual_information,delta,cert_fail_tau0.5,5,prevalence,,,,,,0
deterministic,robust,0.08,0.25,0.03,mutual_information,delta,cert_fail_tau0.5,5,neg_spearman_p_safe,,,,,,0
deterministic,robust,0.08,0.25,0.03,mutual_information,delta,cert_fail_tau0.5,5,neg_spearman_p_safe_optimistic,,,,,,0
deterministic,robust,0.08,0.25,0.03,mutual_information,delta,cert_fail_tau0.9,5,auroc,,,,,,0
deterministic,robust,0.08,0.25,0.03,mutual_information,delta,cert_fail_tau0.9,5,auprc,,,,,,0
deterministic,robust,0.08,0.25,0.03,mutual_information,delta,cert_fail_tau0.9,5,prevalence,,,,,,0
deterministic,robust,0.08,0.25,0.03,mutual_information,delta,cert_fail_tau0.9,5,neg_spearman_p_safe,,,,,,0
deterministic,robust,0.08,0.25,0.03,mutual_information,delta,cert_fail_tau0.9,5,neg_spearman_p_safe_optimistic,,,,,,0
deterministic,robust,0.08,0.25,0.03,mutual_information,delta,cert_fail_tau0.95,5,auroc,,,,,,0
deterministic,robust,0.08,0.25,0.03,mutual_information,delta,cert_fail_tau0.95,5,auprc,,,,,,0
deterministic,robust,0.08,0.25,0.03,mutual_information,delta,cert_fail_tau0.95,5,prevalence,,,,,,0
deterministic,robust,0.08,0.25,0.03,mutual_information,delta,cert_fail_tau0.95,5,neg_spearman_p_safe,,,,,,0
deterministic,robust,0.08,0.25,0.03,mutual_information,delta,cert_fail_tau0.95,5,neg_spearman_p_safe_optimistic,,,,,,0
deterministic,robust,0.08,0.25,0.03,one_minus_confidence,adv,adv_error,5,auroc,,,,,,0
deterministic,robust,0.08,0.25,0.03,one_minus_confidence,adv,adv_error,5,auprc,,,,,,0
deterministic,robust,0.08,0.25,0.03,one_minus_confidence,adv,adv_error,5,prevalence,0.0,0.0,0.0,0.0,0.0,5
deterministic,robust,0.08,0.25,0.03,one_minus_confidence,adv,adv_error,5,neg_spearman_p_safe,,,,,,0
deterministic,robust,0.08,0.25,0.03,one_minus_confidence,adv,adv_error,5,neg_spearman_p_safe_optimistic,,,,,,0
deterministic,robust,0.08,0.25,0.03,one_minus_confidence,adv,cert_fail_tau0.5,5,auroc,,,,,,0
deterministic,robust,0.08,0.25,0.03,one_minus_confidence,adv,cert_fail_tau0.5,5,auprc,,,,,,0
deterministic,robust,0.08,0.25,0.03,one_minus_confidence,adv,cert_fail_tau0.5,5,prevalence,,,,,,0
deterministic,robust,0.08,0.25,0.03,one_minus_confidence,adv,cert_fail_tau0.5,5,neg_spearman_p_safe,,,,,,0
deterministic,robust,0.08,0.25,0.03,one_minus_confidence,adv,cert_fail_tau0.5,5,neg_spearman_p_safe_optimistic,,,,,,0
deterministic,robust,0.08,0.25,0.03,one_minus_confidence,adv,cert_fail_tau0.9,5,auroc,,,,,,0
deterministic,robust,0.08,0.25,0.03,one_minus_confidence,adv,cert_fail_tau0.9,5,auprc,,,,,,0
deterministic,robust,0.08,0.25,0.03,one_minus_confidence,adv,cert_fail_tau0.9,5,prevalence,,,,,,0
deterministic,robust,0.08,0.25,0.03,one_minus_confidence,adv,cert_fail_tau0.9,5,neg_spearman_p_safe,,,,,,0
deterministic,robust,0.08,0.25,0.03,one_minus_confidence,adv,cert_fail_tau0.9,5,neg_spearman_p_safe_optimistic,,,,,,0
deterministic,robust,0.08,0.25,0.03,one_minus_confidence,adv,cert_fail_tau0.95,5,auroc,,,,,,0
deterministic,robust,0.08,0.25,0.03,one_minus_confidence,adv,cert_fail_tau0.95,5,auprc,,,,,,0
deterministic,robust,0.08,0.25,0.03,one_minus_confidence,adv,cert_fail_tau0.95,5,prevalence,,,,,,0
deterministic,robust,0.08,0.25,0.03,one_minus_confidence,adv,cert_fail_tau0.95,5,neg_spearman_p_safe,,,,,,0
deterministic,robust,0.08,0.25,0.03,one_minus_confidence,adv,cert_fail_tau0.95,5,neg_spearman_p_safe_optimistic,,,,,,0
deterministic,robust,0.08,0.25,0.03,one_minus_confidence,clean,adv_error,5,auroc,,,,,,0
deterministic,robust,0.08,0.25,0.03,one_minus_confidence,clean,adv_error,5,auprc,,,,,,0
deterministic,robust,0.08,0.25,0.03,one_minus_confidence,clean,adv_error,5,prevalence,0.0,0.0,0.0,0.0,0.0,5
deterministic,robust,0.08,0.25,0.03,one_minus_confidence,clean,adv_error,5,neg_spearman_p_safe,,,,,,0
deterministic,robust,0.08,0.25,0.03,one_minus_confidence,clean,adv_error,5,neg_spearman_p_safe_optimistic,,,,,,0
deterministic,robust,0.08,0.25,0.03,one_minus_confidence,clean,cert_fail_tau0.5,5,auroc,,,,,,0
deterministic,robust,0.08,0.25,0.03,one_minus_confidence,clean,cert_fail_tau0.5,5,auprc,,,,,,0
deterministic,robust,0.08,0.25,0.03,one_minus_confidence,clean,cert_fail_tau0.5,5,prevalence,,,,,,0
deterministic,robust,0.08,0.25,0.03,one_minus_confidence,clean,cert_fail_tau0.5,5,neg_spearman_p_safe,,,,,,0
deterministic,robust,0.08,0.25,0.03,one_minus_confidence,clean,cert_fail_tau0.5,5,neg_spearman_p_safe_optimistic,,,,,,0
deterministic,robust,0.08,0.25,0.03,one_minus_confidence,clean,cert_fail_tau0.9,5,auroc,,,,,,0
deterministic,robust,0.08,0.25,0.03,one_minus_confidence,clean,cert_fail_tau0.9,5,auprc,,,,,,0
deterministic,robust,0.08,0.25,0.03,one_minus_confidence,clean,cert_fail_tau0.9,5,prevalence,,,,,,0
deterministic,robust,0.08,0.25,0.03,one_minus_confidence,clean,cert_fail_tau0.9,5,neg_spearman_p_safe,,,,,,0
deterministic,robust,0.08,0.25,0.03,one_minus_confidence,clean,cert_fail_tau0.9,5,neg_spearman_p_safe_optimistic,,,,,,0
deterministic,robust,0.08,0.25,0.03,one_minus_confidence,clean,cert_fail_tau0.95,5,auroc,,,,,,0
deterministic,robust,0.08,0.25,0.03,one_minus_confidence,clean,cert_fail_tau0.95,5,auprc,,,,,,0
deterministic,robust,0.08,0.25,0.03,one_minus_confidence,clean,cert_fail_tau0.95,5,prevalence,,,,,,0
deterministic,robust,0.08,0.25,0.03,one_minus_confidence,clean,cert_fail_tau0.95,5,neg_spearman_p_safe,,,,,,0
deterministic,robust,0.08,0.25,0.03,one_minus_confidence,clean,cert_fail_tau0.95,5,neg_spearman_p_safe_optimistic,,,,,,0
deterministic,robust,0.08,0.25,0.03,one_minus_confidence,delta,adv_error,5,auroc,,,,,,0
deterministic,robust,0.08,0.25,0.03,one_minus_confidence,delta,adv_error,5,auprc,,,,,,0
deterministic,robust,0.08,0.25,0.03,one_minus_confidence,delta,adv_error,5,prevalence,0.0,0.0,0.0,0.0,0.0,5
deterministic,robust,0.08,0.25,0.03,one_minus_confidence,delta,adv_error,5,neg_spearman_p_safe,,,,,,0
deterministic,robust,0.08,0.25,0.03,one_minus_confidence,delta,adv_error,5,neg_spearman_p_safe_optimistic,,,,,,0
deterministic,robust,0.08,0.25,0.03,one_minus_confidence,delta,cert_fail_tau0.5,5,auroc,,,,,,0
deterministic,robust,0.08,0.25,0.03,one_minus_confidence,delta,cert_fail_tau0.5,5,auprc,,,,,,0
deterministic,robust,0.08,0.25,0.03,one_minus_confidence,delta,cert_fail_tau0.5,5,prevalence,,,,,,0
deterministic,robust,0.08,0.25,0.03,one_minus_confidence,delta,cert_fail_tau0.5,5,neg_spearman_p_safe,,,,,,0
deterministic,robust,0.08,0.25,0.03,one_minus_confidence,delta,cert_fail_tau0.5,5,neg_spearman_p_safe_optimistic,,,,,,0
deterministic,robust,0.08,0.25,0.03,one_minus_confidence,delta,cert_fail_tau0.9,5,auroc,,,,,,0
deterministic,robust,0.08,0.25,0.03,one_minus_confidence,delta,cert_fail_tau0.9,5,auprc,,,,,,0
deterministic,robust,0.08,0.25,0.03,one_minus_confidence,delta,cert_fail_tau0.9,5,prevalence,,,,,,0
deterministic,robust,0.08,0.25,0.03,one_minus_confidence,delta,cert_fail_tau0.9,5,neg_spearman_p_safe,,,,,,0
deterministic,robust,0.08,0.25,0.03,one_minus_confidence,delta,cert_fail_tau0.9,5,neg_spearman_p_safe_optimistic,,,,,,0
deterministic,robust,0.08,0.25,0.03,one_minus_confidence,delta,cert_fail_tau0.95,5,auroc,,,,,,0
deterministic,robust,0.08,0.25,0.03,one_minus_confidence,delta,cert_fail_tau0.95,5,auprc,,,,,,0
deterministic,robust,0.08,0.25,0.03,one_minus_confidence,delta,cert_fail_tau0.95,5,prevalence,,,,,,0
deterministic,robust,0.08,0.25,0.03,one_minus_confidence,delta,cert_fail_tau0.95,5,neg_spearman_p_safe,,,,,,0
deterministic,robust,0.08,0.25,0.03,one_minus_confidence,delta,cert_fail_tau0.95,5,neg_spearman_p_safe_optimistic,,,,,,0
deterministic,robust,0.08,0.25,0.05,mutual_information,adv,adv_error,5,auroc,,,,,,0
deterministic,robust,0.08,0.25,0.05,mutual_information,adv,adv_error,5,auprc,,,,,,0
deterministic,robust,0.08,0.25,0.05,mutual_information,adv,adv_error,5,prevalence,0.0,0.0,0.0,0.0,0.0,5
deterministic,robust,0.08,0.25,0.05,mutual_information,adv,adv_error,5,neg_spearman_p_safe,0.05852995653977397,0.10688689271022353,0.053443446355111765,-0.11152708976219167,0.2285870028417396,4
deterministic,robust,0.08,0.25,0.05,mutual_information,adv,adv_error,5,neg_spearman_p_safe_optimistic,,,,,,0
deterministic,robust,0.08,0.25,0.05,mutual_information,adv,cert_fail_tau0.5,5,auroc,,,,,,0
deterministic,robust,0.08,0.25,0.05,mutual_information,adv,cert_fail_tau0.5,5,auprc,,,,,,0
deterministic,robust,0.08,0.25,0.05,mutual_information,adv,cert_fail_tau0.5,5,prevalence,0.0,0.0,0.0,0.0,0.0,5
deterministic,robust,0.08,0.25,0.05,mutual_information,adv,cert_fail_tau0.5,5,neg_spearman_p_safe,,,,,,0
deterministic,robust,0.08,0.25,0.05,mutual_information,adv,cert_fail_tau0.5,5,neg_spearman_p_safe_optimistic,,,,,,0
deterministic,robust,0.08,0.25,0.05,mutual_information,adv,cert_fail_tau0.9,5,auroc,,,,,,0
deterministic,robust,0.08,0.25,0.05,mutual_information,adv,cert_fail_tau0.9,5,auprc,,,,,,0
deterministic,robust,0.08,0.25,0.05,mutual_information,adv,cert_fail_tau0.9,5,prevalence,0.0,0.0,0.0,0.0,0.0,5
deterministic,robust,0.08,0.25,0.05,mutual_information,adv,cert_fail_tau0.9,5,neg_spearman_p_safe,,,,,,0
deterministic,robust,0.08,0.25,0.05,mutual_information,adv,cert_fail_tau0.9,5,neg_spearman_p_safe_optimistic,,,,,,0
deterministic,robust,0.08,0.25,0.05,mutual_information,adv,cert_fail_tau0.95,5,auroc,,,,,,0
deterministic,robust,0.08,0.25,0.05,mutual_information,adv,cert_fail_tau0.95,5,auprc,,,,,,0
deterministic,robust,0.08,0.25,0.05,mutual_information,adv,cert_fail_tau0.95,5,prevalence,,,,,,0
deterministic,robust,0.08,0.25,0.05,mutual_information,adv,cert_fail_tau0.95,5,neg_spearman_p_safe,,,,,,0
deterministic,robust,0.08,0.25,0.05,mutual_information,adv,cert_fail_tau0.95,5,neg_spearman_p_safe_optimistic,,,,,,0
deterministic,robust,0.08,0.25,0.05,mutual_information,clean,adv_error,5,auroc,,,,,,0
deterministic,robust,0.08,0.25,0.05,mutual_information,clean,adv_error,5,auprc,,,,,,0
deterministic,robust,0.08,0.25,0.05,mutual_information,clean,adv_error,5,prevalence,0.0,0.0,0.0,0.0,0.0,5
deterministic,robust,0.08,0.25,0.05,mutual_information,clean,adv_error,5,neg_spearman_p_safe,-0.07407159913498927,0.2116396239946801,0.10581981199734004,-0.4107902409105253,0.2626470426405467,4
deterministic,robust,0.08,0.25,0.05,mutual_information,clean,adv_error,5,neg_spearman_p_safe_optimistic,,,,,,0
deterministic,robust,0.08,0.25,0.05,mutual_information,clean,cert_fail_tau0.5,5,auroc,,,,,,0
deterministic,robust,0.08,0.25,0.05,mutual_information,clean,cert_fail_tau0.5,5,auprc,,,,,,0
deterministic,robust,0.08,0.25,0.05,mutual_information,clean,cert_fail_tau0.5,5,prevalence,0.0,0.0,0.0,0.0,0.0,5
deterministic,robust,0.08,0.25,0.05,mutual_information,clean,cert_fail_tau0.5,5,neg_spearman_p_safe,,,,,,0
deterministic,robust,0.08,0.25,0.05,mutual_information,clean,cert_fail_tau0.5,5,neg_spearman_p_safe_optimistic,,,,,,0
deterministic,robust,0.08,0.25,0.05,mutual_information,clean,cert_fail_tau0.9,5,auroc,,,,,,0
deterministic,robust,0.08,0.25,0.05,mutual_information,clean,cert_fail_tau0.9,5,auprc,,,,,,0
deterministic,robust,0.08,0.25,0.05,mutual_information,clean,cert_fail_tau0.9,5,prevalence,0.0,0.0,0.0,0.0,0.0,5
deterministic,robust,0.08,0.25,0.05,mutual_information,clean,cert_fail_tau0.9,5,neg_spearman_p_safe,,,,,,0
deterministic,robust,0.08,0.25,0.05,mutual_information,clean,cert_fail_tau0.9,5,neg_spearman_p_safe_optimistic,,,,,,0
deterministic,robust,0.08,0.25,0.05,mutual_information,clean,cert_fail_tau0.95,5,auroc,,,,,,0
deterministic,robust,0.08,0.25,0.05,mutual_information,clean,cert_fail_tau0.95,5,auprc,,,,,,0
deterministic,robust,0.08,0.25,0.05,mutual_information,clean,cert_fail_tau0.95,5,prevalence,,,,,,0
deterministic,robust,0.08,0.25,0.05,mutual_information,clean,cert_fail_tau0.95,5,neg_spearman_p_safe,,,,,,0
deterministic,robust,0.08,0.25,0.05,mutual_information,clean,cert_fail_tau0.95,5,neg_spearman_p_safe_optimistic,,,,,,0
deterministic,robust,0.08,0.25,0.05,mutual_information,delta,adv_error,5,auroc,,,,,,0
deterministic,robust,0.08,0.25,0.05,mutual_information,delta,adv_error,5,auprc,,,,,,0
deterministic,robust,0.08,0.25,0.05,mutual_information,delta,adv_error,5,prevalence,0.0,0.0,0.0,0.0,0.0,5
deterministic,robust,0.08,0.25,0.05,mutual_information,delta,adv_error,5,neg_spearman_p_safe,0.07419969577225857,0.1952260888925702,0.0976130444462851,-0.2364050116558206,0.3848044032003377,4
deterministic,robust,0.08,0.25,0.05,mutual_information,delta,adv_error,5,neg_spearman_p_safe_optimistic,,,,,,0
deterministic,robust,0.08,0.25,0.05,mutual_information,delta,cert_fail_tau0.5,5,auroc,,,,,,0
deterministic,robust,0.08,0.25,0.05,mutual_information,delta,cert_fail_tau0.5,5,auprc,,,,,,0
deterministic,robust,0.08,0.25,0.05,mutual_information,delta,cert_fail_tau0.5,5,prevalence,0.0,0.0,0.0,0.0,0.0,5
deterministic,robust,0.08,0.25,0.05,mutual_information,delta,cert_fail_tau0.5,5,neg_spearman_p_safe,,,,,,0
deterministic,robust,0.08,0.25,0.05,mutual_information,delta,cert_fail_tau0.5,5,neg_spearman_p_safe_optimistic,,,,,,0
deterministic,robust,0.08,0.25,0.05,mutual_information,delta,cert_fail_tau0.9,5,auroc,,,,,,0
deterministic,robust,0.08,0.25,0.05,mutual_information,delta,cert_fail_tau0.9,5,auprc,,,,,,0
deterministic,robust,0.08,0.25,0.05,mutual_information,delta,cert_fail_tau0.9,5,prevalence,0.0,0.0,0.0,0.0,0.0,5
deterministic,robust,0.08,0.25,0.05,mutual_information,delta,cert_fail_tau0.9,5,neg_spearman_p_safe,,,,,,0
deterministic,robust,0.08,0.25,0.05,mutual_information,delta,cert_fail_tau0.9,5,neg_spearman_p_safe_optimistic,,,,,,0
deterministic,robust,0.08,0.25,0.05,mutual_information,delta,cert_fail_tau0.95,5,auroc,,,,,,0
deterministic,robust,0.08,0.25,0.05,mutual_information,delta,cert_fail_tau0.95,5,auprc,,,,,,0
deterministic,robust,0.08,0.25,0.05,mutual_information,delta,cert_fail_tau0.95,5,prevalence,,,,,,0
deterministic,robust,0.08,0.25,0.05,mutual_information,delta,cert_fail_tau0.95,5,neg_spearman_p_safe,,,,,,0
deterministic,robust,0.08,0.25,0.05,mutual_information,delta,cert_fail_tau0.95,5,neg_spearman_p_safe_optimistic,,,,,,0
deterministic,robust,0.08,0.25,0.05,one_minus_confidence,adv,adv_error,5,auroc,,,,,,0
deterministic,robust,0.08,0.25,0.05,one_minus_confidence,adv,adv_error,5,auprc,,,,,,0
deterministic,robust,0.08,0.25,0.05,one_minus_confidence,adv,adv_error,5,prevalence,0.0,0.0,0.0,0.0,0.0,5
deterministic,robust,0.08,0.25,0.05,one_minus_confidence,adv,adv_error,5,neg_spearman_p_safe,0.2936611217403753,0.09617389001078631,0.04808694500539316,0.14064846273321427,0.4466737807475363,4
deterministic,robust,0.08,0.25,0.05,one_minus_confidence,adv,adv_error,5,neg_spearman_p_safe_optimistic,,,,,,0
deterministic,robust,0.08,0.25,0.05,one_minus_confidence,adv,cert_fail_tau0.5,5,auroc,,,,,,0
deterministic,robust,0.08,0.25,0.05,one_minus_confidence,adv,cert_fail_tau0.5,5,auprc,,,,,,0
deterministic,robust,0.08,0.25,0.05,one_minus_confidence,adv,cert_fail_tau0.5,5,prevalence,0.0,0.0,0.0,0.0,0.0,5
deterministic,robust,0.08,0.25,0.05,one_minus_confidence,adv,cert_fail_tau0.5,5,neg_spearman_p_safe,,,,,,0
deterministic,robust,0.08,0.25,0.05,one_minus_confidence,adv,cert_fail_tau0.5,5,neg_spearman_p_safe_optimistic,,,,,,0
deterministic,robust,0.08,0.25,0.05,one_minus_confidence,adv,cert_fail_tau0.9,5,auroc,,,,,,0
deterministic,robust,0.08,0.25,0.05,one_minus_confidence,adv,cert_fail_tau0.9,5,auprc,,,,,,0
deterministic,robust,0.08,0.25,0.05,one_minus_confidence,adv,cert_fail_tau0.9,5,prevalence,0.0,0.0,0.0,0.0,0.0,5
deterministic,robust,0.08,0.25,0.05,one_minus_confidence,adv,cert_fail_tau0.9,5,neg_spearman_p_safe,,,,,,0
deterministic,robust,0.08,0.25,0.05,one_minus_confidence,adv,cert_fail_tau0.9,5,neg_spearman_p_safe_optimistic,,,,,,0
deterministic,robust,0.08,0.25,0.05,one_minus_confidence,adv,cert_fail_tau0.95,5,auroc,,,,,,0
deterministic,robust,0.08,0.25,0.05,one_minus_confidence,adv,cert_fail_tau0.95,5,auprc,,,,,,0
deterministic,robust,0.08,0.25,0.05,one_minus_confidence,adv,cert_fail_tau0.95,5,prevalence,,,,,,0
deterministic,robust,0.08,0.25,0.05,one_minus_confidence,adv,cert_fail_tau0.95,5,neg_spearman_p_safe,,,,,,0
deterministic,robust,0.08,0.25,0.05,one_minus_confidence,adv,cert_fail_tau0.95,5,neg_spearman_p_safe_optimistic,,,,,,0
deterministic,robust,0.08,0.25,0.05,one_minus_confidence,clean,adv_error,5,auroc,,,,,,0
deterministic,robust,0.08,0.25,0.05,one_minus_confidence,clean,adv_error,5,auprc,,,,,,0
deterministic,robust,0.08,0.25,0.05,one_minus_confidence,clean,adv_error,5,prevalence,0.0,0.0,0.0,0.0,0.0,5
deterministic,robust,0.08,0.25,0.05,one_minus_confidence,clean,adv_error,5,neg_spearman_p_safe,0.22220743282488262,0.11614315426271057,0.05807157713135529,0.03742367439291008,0.4069911912568551,4
deterministic,robust,0.08,0.25,0.05,one_minus_confidence,clean,adv_error,5,neg_spearman_p_safe_optimistic,,,,,,0
deterministic,robust,0.08,0.25,0.05,one_minus_confidence,clean,cert_fail_tau0.5,5,auroc,,,,,,0
deterministic,robust,0.08,0.25,0.05,one_minus_confidence,clean,cert_fail_tau0.5,5,auprc,,,,,,0
deterministic,robust,0.08,0.25,0.05,one_minus_confidence,clean,cert_fail_tau0.5,5,prevalence,0.0,0.0,0.0,0.0,0.0,5
deterministic,robust,0.08,0.25,0.05,one_minus_confidence,clean,cert_fail_tau0.5,5,neg_spearman_p_safe,,,,,,0
deterministic,robust,0.08,0.25,0.05,one_minus_confidence,clean,cert_fail_tau0.5,5,neg_spearman_p_safe_optimistic,,,,,,0
deterministic,robust,0.08,0.25,0.05,one_minus_confidence,clean,cert_fail_tau0.9,5,auroc,,,,,,0
deterministic,robust,0.08,0.25,0.05,one_minus_confidence,clean,cert_fail_tau0.9,5,auprc,,,,,,0
deterministic,robust,0.08,0.25,0.05,one_minus_confidence,clean,cert_fail_tau0.9,5,prevalence,0.0,0.0,0.0,0.0,0.0,5
deterministic,robust,0.08,0.25,0.05,one_minus_confidence,clean,cert_fail_tau0.9,5,neg_spearman_p_safe,,,,,,0
deterministic,robust,0.08,0.25,0.05,one_minus_confidence,clean,cert_fail_tau0.9,5,neg_spearman_p_safe_optimistic,,,,,,0
deterministic,robust,0.08,0.25,0.05,one_minus_confidence,clean,cert_fail_tau0.95,5,auroc,,,,,,0
deterministic,robust,0.08,0.25,0.05,one_minus_confidence,clean,cert_fail_tau0.95,5,auprc,,,,,,0
deterministic,robust,0.08,0.25,0.05,one_minus_confidence,clean,cert_fail_tau0.95,5,prevalence,,,,,,0
deterministic,robust,0.08,0.25,0.05,one_minus_confidence,clean,cert_fail_tau0.95,5,neg_spearman_p_safe,,,,,,0
deterministic,robust,0.08,0.25,0.05,one_minus_confidence,clean,cert_fail_tau0.95,5,neg_spearman_p_safe_optimistic,,,,,,0
deterministic,robust,0.08,0.25,0.05,one_minus_confidence,delta,adv_error,5,auroc,,,,,,0
deterministic,robust,0.08,0.25,0.05,one_minus_confidence,delta,adv_error,5,auprc,,,,,,0
deterministic,robust,0.08,0.25,0.05,one_minus_confidence,delta,adv_error,5,prevalence,0.0,0.0,0.0,0.0,0.0,5
deterministic,robust,0.08,0.25,0.05,one_minus_confidence,delta,adv_error,5,neg_spearman_p_safe,0.2936611217403753,0.09617389001078631,0.04808694500539316,0.14064846273321427,0.4466737807475363,4
deterministic,robust,0.08,0.25,0.05,one_minus_confidence,delta,adv_error,5,neg_spearman_p_safe_optimistic,,,,,,0
deterministic,robust,0.08,0.25,0.05,one_minus_confidence,delta,cert_fail_tau0.5,5,auroc,,,,,,0
deterministic,robust,0.08,0.25,0.05,one_minus_confidence,delta,cert_fail_tau0.5,5,auprc,,,,,,0
deterministic,robust,0.08,0.25,0.05,one_minus_confidence,delta,cert_fail_tau0.5,5,prevalence,0.0,0.0,0.0,0.0,0.0,5
deterministic,robust,0.08,0.25,0.05,one_minus_confidence,delta,cert_fail_tau0.5,5,neg_spearman_p_safe,,,,,,0
deterministic,robust,0.08,0.25,0.05,one_minus_confidence,delta,cert_fail_tau0.5,5,neg_spearman_p_safe_optimistic,,,,,,0
deterministic,robust,0.08,0.25,0.05,one_minus_confidence,delta,cert_fail_tau0.9,5,auroc,,,,,,0
deterministic,robust,0.08,0.25,0.05,one_minus_confidence,delta,cert_fail_tau0.9,5,auprc,,,,,,0
deterministic,robust,0.08,0.25,0.05,one_minus_confidence,delta,cert_fail_tau0.9,5,prevalence,0.0,0.0,0.0,0.0,0.0,5
deterministic,robust,0.08,0.25,0.05,one_minus_confidence,delta,cert_fail_tau0.9,5,neg_spearman_p_safe,,,,,,0
deterministic,robust,0.08,0.25,0.05,one_minus_confidence,delta,cert_fail_tau0.9,5,neg_spearman_p_safe_optimistic,,,,,,0
deterministic,robust,0.08,0.25,0.05,one_minus_confidence,delta,cert_fail_tau0.95,5,auroc,,,,,,0
deterministic,robust,0.08,0.25,0.05,one_minus_confidence,delta,cert_fail_tau0.95,5,auprc,,,,,,0
deterministic,robust,0.08,0.25,0.05,one_minus_confidence,delta,cert_fail_tau0.95,5,prevalence,,,,,,0
deterministic,robust,0.08,0.25,0.05,one_minus_confidence,delta,cert_fail_tau0.95,5,neg_spearman_p_safe,,,,,,0
deterministic,robust,0.08,0.25,0.05,one_minus_confidence,delta,cert_fail_tau0.95,5,neg_spearman_p_safe_optimistic,,,,,,0
deterministic,robust,0.08,0.25,0.07,mutual_information,adv,adv_error,5,auroc,0.46744445060632944,0.09378105058692765,0.046890525293463825,0.31823879912252756,0.6166501020901314,4
deterministic,robust,0.08,0.25,0.07,mutual_information,adv,adv_error,5,auprc,0.06713353397478572,0.02490167469305068,0.01245083734652534,0.027514969538142087,0.10675209841142935,4
deterministic,robust,0.08,0.25,0.07,mutual_information,adv,adv_error,5,prevalence,0.04,0.03162277660168379,0.014142135623730949,0.0007414315085228912,0.07925856849147711,5
deterministic,robust,0.08,0.25,0.07,mutual_information,adv,adv_error,5,neg_spearman_p_safe,-0.03434327608726522,0.13131030965564924,0.058723755707315736,-0.1973604219307737,0.12867386975624323,5
deterministic,robust,0.08,0.25,0.07,mutual_information,adv,adv_error,5,neg_spearman_p_safe_optimistic,-0.01312803638683846,0.07353555186234097,0.03288609854543113,-0.10441984594895527,0.07816377317527835,5
deterministic,robust,0.08,0.25,0.07,mutual_information,adv,cert_fail_tau0.5,5,auroc,0.46156400966183575,0.09498408369109029,0.047492041845545147,0.31044433250931114,0.6126836868143604,4
deterministic,robust,0.08,0.25,0.07,mutual_information,adv,cert_fail_tau0.5,5,auprc,0.06938484464343511,0.025590327357752237,0.012795163678876119,0.028670633817251302,0.11009905546961893,4
deterministic,robust,0.08,0.25,0.07,mutual_information,adv,cert_fail_tau0.5,5,prevalence,0.04110336234401254,0.03156093340209281,0.014114478504084645,0.0019215700166735628,0.08028515467135151,5
deterministic,robust,0.08,0.25,0.07,mutual_information,adv,cert_fail_tau0.5,5,neg_spearman_p_safe,,,,,,0
deterministic,robust,0.08,0.25,0.07,mutual_information,adv,cert_fail_tau0.5,5,neg_spearman_p_safe_optimistic,,,,,,0
deterministic,robust,0.08,0.25,0.07,mutual_information,adv,cert_fail_tau0.9,5,auroc,0.4848067632850241,0.09730164487776258,0.043514618453844266,0.36401018245715244,0.6056033441128957,5
deterministic,robust,0.08,0.25,0.07,mutual_information,adv,cert_fail_tau0.9,5,auprc,0.06550787571474809,0.023797123378209283,0.01064239710852508,0.03596458134148247,0.0950511700880137,5
deterministic,robust,0.08,0.25,0.07,mutual_information,adv,cert_fail_tau0.9,5,prevalence,0.045451188430969056,0.025373899936177054,0.011347553022313894,0.01395038124102569,0.07695199562091243,5
deterministic,robust,0.08,0.25,0.07,mutual_information,adv,cert_fail_tau0.9,5,neg_spearman_p_safe,,,,,,0
deterministic,robust,0.08,0.25,0.07,mutual_information,adv,cert_fail_tau0.9,5,neg_spearman_p_safe_optimistic,,,,,,0
deterministic,robust,0.08,0.25,0.07,mutual_information,adv,cert_fail_tau0.95,5,auroc,,,,,,0
deterministic,robust,0.08,0.25,0.07,mutual_information,adv,cert_fail_tau0.95,5,auprc,1.0,0.0,0.0,1.0,1.0,3
deterministic,robust,0.08,0.25,0.07,mutual_information,adv,cert_fail_tau0.95,5,prevalence,1.0,0.0,0.0,1.0,1.0,5
deterministic,robust,0.08,0.25,0.07,mutual_information,adv,cert_fail_tau0.95,5,neg_spearman_p_safe,,,,,,0
deterministic,robust,0.08,0.25,0.07,mutual_information,adv,cert_fail_tau0.95,5,neg_spearman_p_safe_optimistic,,,,,,0
deterministic,robust,0.08,0.25,0.07,mutual_information,clean,adv_error,5,auroc,0.4159879088082966,0.3724745434318409,0.18623727171592044,-0.17661908979176222,1.0085949074083556,4
deterministic,robust,0.08,0.25,0.07,mutual_information,clean,adv_error,5,auprc,0.1334360660190212,0.13777270002827888,0.06888635001413944,-0.08576029972597049,0.3526324317640129,4
deterministic,robust,0.08,0.25,0.07,mutual_information,clean,adv_error,5,prevalence,0.04,0.03162277660168379,0.014142135623730949,0.0007414315085228912,0.07925856849147711,5
deterministic,robust,0.08,0.25,0.07,mutual_information,clean,adv_error,5,neg_spearman_p_safe,-0.12211277850084631,0.09931851113335223,0.04441658846364905,-0.24541322807593607,0.001187671074243432,5
deterministic,robust,0.08,0.25,0.07,mutual_information,clean,adv_error,5,neg_spearman_p_safe_optimistic,-0.06351305077886686,0.19377522266825306,0.0866589140482744,-0.3040781961768766,0.17705209461914284,5
deterministic,robust,0.08,0.25,0.07,mutual_information,clean,cert_fail_tau0.5,5,auroc,0.5241847826086956,0.32495587777829843,0.16247793888914921,0.007179981063422769,1.0411895841539685,4
deterministic,robust,0.08,0.25,0.07,mutual_information,clean,cert_fail_tau0.5,5,auprc,0.25621407725066264,0.21610106752418093,0.10805053376209046,-0.0876027211803092,0.6000308756816345,4
deterministic,robust,0.08,0.25,0.07,mutual_information,clean,cert_fail_tau0.5,5,prevalence,0.04110336234401254,0.03156093340209281,0.014114478504084645,0.0019215700166735628,0.08028515467135151,5
deterministic,robust,0.08,0.25,0.07,mutual_information,clean,cert_fail_tau0.5,5,neg_spearman_p_safe,,,,,,0
deterministic,robust,0.08,0.25,0.07,mutual_information,clean,cert_fail_tau0.5,5,neg_spearman_p_safe_optimistic,,,,,,0
deterministic,robust,0.08,0.25,0.07,mutual_information,clean,cert_fail_tau0.9,5,auroc,0.46379227053140093,0.31214342769315073,0.1395947846103351,0.07627714845311073,0.8513073926096911,5
deterministic,robust,0.08,0.25,0.07,mutual_information,clean,cert_fail_tau0.9,5,auprc,0.21052681735608564,0.21321674915960767,0.09535342901248078,-0.05417430158256098,0.47522793629473226,5
deterministic,robust,0.08,0.25,0.07,mutual_information,clean,cert_fail_tau0.9,5,prevalence,0.045451188430969056,0.025373899936177054,0.011347553022313894,0.01395038124102569,0.07695199562091243,5
deterministic,robust,0.08,0.25,0.07,mutual_information,clean,cert_fail_tau0.9,5,neg_spearman_p_safe,,,,,,0
deterministic,robust,0.08,0.25,0.07,mutual_information,clean,cert_fail_tau0.9,5,neg_spearman_p_safe_optimistic,,,,,,0
deterministic,robust,0.08,0.25,0.07,mutual_information,clean,cert_fail_tau0.95,5,auroc,,,,,,0
deterministic,robust,0.08,0.25,0.07,mutual_information,clean,cert_fail_tau0.95,5,auprc,1.0,0.0,0.0,1.0,1.0,3
deterministic,robust,0.08,0.25,0.07,mutual_information,clean,cert_fail_tau0.95,5,prevalence,1.0,0.0,0.0,1.0,1.0,5
deterministic,robust,0.08,0.25,0.07,mutual_information,clean,cert_fail_tau0.95,5,neg_spearman_p_safe,,,,,,0
deterministic,robust,0.08,0.25,0.07,mutual_information,clean,cert_fail_tau0.95,5,neg_spearman_p_safe_optimistic,,,,,,0
deterministic,robust,0.08,0.25,0.07,mutual_information,delta,adv_error,5,auroc,0.4337675200746348,0.2731796340146857,0.13658981700734285,-0.0008612776427301405,0.8683963177919998,4
deterministic,robust,0.08,0.25,0.07,mutual_information,delta,adv_error,5,auprc,0.1288692008066912,0.11451802571496938,0.05725901285748469,-0.0533289781058251,0.3110673797192075,4
deterministic,robust,0.08,0.25,0.07,mutual_information,delta,adv_error,5,prevalence,0.04,0.03162277660168379,0.014142135623730949,0.0007414315085228912,0.07925856849147711,5
deterministic,robust,0.08,0.25,0.07,mutual_information,delta,adv_error,5,neg_spearman_p_safe,-0.03227686035836179,0.11808446463211208,0.05280897800081446,-0.1788745832886227,0.11432086257189915,5
deterministic,robust,0.08,0.25,0.07,mutual_information,delta,adv_error,5,neg_spearman_p_safe_optimistic,-0.023633442220750228,0.12203966227173264,0.054577796158142115,-0.17514140435575273,0.12787451991425228,5
deterministic,robust,0.08,0.25,0.07,mutual_information,delta,cert_fail_tau0.5,5,auroc,0.38318236714975845,0.21233993873014137,0.10616996936507068,0.045349524630103555,0.7210152096694133,4
deterministic,robust,0.08,0.25,0.07,mutual_information,delta,cert_fail_tau0.5,5,auprc,0.12611725211213984,0.10799016123410597,0.053995080617052986,-0.04569509441132277,0.2979295986356024,4
deterministic,robust,0.08,0.25,0.07,mutual_information,delta,cert_fail_tau0.5,5,prevalence,0.04110336234401254,0.03156093340209281,0.014114478504084645,0.0019215700166735628,0.08028515467135151,5
deterministic,robust,0.08,0.25,0.07,mutual_information,delta,cert_fail_tau0.5,5,neg_spearman_p_safe,,,,,,0
deterministic,robust,0.08,0.25,0.07,mutual_information,delta,cert_fail_tau0.5,5,neg_spearman_p_safe_optimistic,,,,,,0
deterministic,robust,0.08,0.25,0.07,mutual_information,delta,cert_fail_tau0.9,5,auroc,0.4176570048309179,0.19939581339931947,0.08917251863794835,0.17011409309197328,0.6651999165698625,5
deterministic,robust,0.08,0.25,0.07,mutual_information,delta,cert_fail_tau0.9,5,auprc,0.11041761121352138,0.09989394283065424,0.044673929341964125,-0.013597216639771023,0.23443243906681377,5
deterministic,robust,0.08,0.25,0.07,mutual_information,delta,cert_fail_tau0.9,5,prevalence,0.045451188430969056,0.025373899936177054,0.011347553022313894,0.01395038124102569,0.07695199562091243,5
deterministic,robust,0.08,0.25,0.07,mutual_information,delta,cert_fail_tau0.9,5,neg_spearman_p_safe,,,,,,0
deterministic,robust,0.08,0.25,0.07,mutual_information,delta,cert_fail_tau0.9,5,neg_spearman_p_safe_optimistic,,,,,,0
deterministic,robust,0.08,0.25,0.07,mutual_information,delta,cert_fail_tau0.95,5,auroc,,,,,,0
deterministic,robust,0.08,0.25,0.07,mutual_information,delta,cert_fail_tau0.95,5,auprc,1.0,0.0,0.0,1.0,1.0,3
deterministic,robust,0.08,0.25,0.07,mutual_information,delta,cert_fail_tau0.95,5,prevalence,1.0,0.0,0.0,1.0,1.0,5
deterministic,robust,0.08,0.25,0.07,mutual_information,delta,cert_fail_tau0.95,5,neg_spearman_p_safe,,,,,,0
deterministic,robust,0.08,0.25,0.07,mutual_information,delta,cert_fail_tau0.95,5,neg_spearman_p_safe_optimistic,,,,,,0
deterministic,robust,0.08,0.25,0.07,one_minus_confidence,adv,adv_error,5,auroc,0.9492479288200016,0.04034574969147399,0.020172874845736995,0.8850578410608665,1.0134380165791368,4
deterministic,robust,0.08,0.25,0.07,one_minus_confidence,adv,adv_error,5,auprc,0.5395337301587302,0.31911043429747926,0.15955521714873963,0.031829029191440705,1.0472384311260197,4
deterministic,robust,0.08,0.25,0.07,one_minus_confidence,adv,adv_error,5,prevalence,0.04,0.03162277660168379,0.014142135623730949,0.0007414315085228912,0.07925856849147711,5
deterministic,robust,0.08,0.25,0.07,one_minus_confidence,adv,adv_error,5,neg_spearman_p_safe,0.48422109032302785,0.035319953695093186,0.01579556348487465,0.44037260608901585,0.5280695745570398,5
deterministic,robust,0.08,0.25,0.07,one_minus_confidence,adv,adv_error,5,neg_spearman_p_safe_optimistic,0.3255531711329289,0.09625737688849569,0.04304760761169871,0.20605301240285331,0.4450533298630045,5
deterministic,robust,0.08,0.25,0.07,one_minus_confidence,adv,cert_fail_tau0.5,5,auroc,0.9683876811594203,0.014468032794535261,0.0072340163972676305,0.9453690409833148,0.9914063213355259,4
deterministic,robust,0.08,0.25,0.07,one_minus_confidence,adv,cert_fail_tau0.5,5,auprc,0.609375,0.23654474069793194,0.11827237034896597,0.2330323175495903,0.9857176824504097,4
deterministic,robust,0.08,0.25,0.07,one_minus_confidence,adv,cert_fail_tau0.5,5,prevalence,0.04110336234401254,0.03156093340209281,0.014114478504084645,0.0019215700166735628,0.08028515467135151,5
deterministic,robust,0.08,0.25,0.07,one_minus_confidence,adv,cert_fail_tau0.5,5,neg_spearman_p_safe,,,,,,0
deterministic,robust,0.08,0.25,0.07,one_minus_confidence,adv,cert_fail_tau0.5,5,neg_spearman_p_safe_optimistic,,,,,,0
deterministic,robust,0.08,0.25,0.07,one_minus_confidence,adv,cert_fail_tau0.9,5,auroc,0.9747101449275363,0.01889075753387102,0.008448203598440377,0.9512579317382658,0.9981623581168068,5
deterministic,robust,0.08,0.25,0.07,one_minus_confidence,adv,cert_fail_tau0.9,5,auprc,0.6875,0.26922599965250177,0.12040152730666574,0.3532653601966959,1.021734639803304,5
deterministic,robust,0.08,0.25,0.07,one_minus_confidence,adv,cert_fail_tau0.9,5,prevalence,0.045451188430969056,0.025373899936177054,0.011347553022313894,0.01395038124102569,0.07695199562091243,5
deterministic,robust,0.08,0.25,0.07,one_minus_confidence,adv,cert_fail_tau0.9,5,neg_spearman_p_safe,,,,,,0
deterministic,robust,0.08,0.25,0.07,one_minus_confidence,adv,cert_fail_tau0.9,5,neg_spearman_p_safe_optimistic,,,,,,0
deterministic,robust,0.08,0.25,0.07,one_minus_confidence,adv,cert_fail_tau0.95,5,auroc,,,,,,0
deterministic,robust,0.08,0.25,0.07,one_minus_confidence,adv,cert_fail_tau0.95,5,auprc,1.0,0.0,0.0,1.0,1.0,3
deterministic,robust,0.08,0.25,0.07,one_minus_confidence,adv,cert_fail_tau0.95,5,prevalence,1.0,0.0,0.0,1.0,1.0,5
deterministic,robust,0.08,0.25,0.07,one_minus_confidence,adv,cert_fail_tau0.95,5,neg_spearman_p_safe,,,,,,0
deterministic,robust,0.08,0.25,0.07,one_minus_confidence,adv,cert_fail_tau0.95,5,neg_spearman_p_safe_optimistic,,,,,,0
deterministic,robust,0.08,0.25,0.07,one_minus_confidence,clean,adv_error,5,auroc,0.9032314793401172,0.07261877764364778,0.03630938882182389,0.7876950041090736,1.0187679545711608,4
deterministic,robust,0.08,0.25,0.07,one_minus_confidence,clean,adv_error,5,auprc,0.5864177489177489,0.3008708422449719,0.15043542112248595,0.10773223890599859,1.0651032589294993,4
deterministic,robust,0.08,0.25,0.07,one_minus_confidence,clean,adv_error,5,prevalence,0.04,0.03162277660168379,0.014142135623730949,0.0007414315085228912,0.07925856849147711,5
deterministic,robust,0.08,0.25,0.07,one_minus_confidence,clean,adv_error,5,neg_spearman_p_safe,0.38734895650099094,0.048342077378712774,0.02161923423847132,0.32733396225499456,0.4473639507469873,5
deterministic,robust,0.08,0.25,0.07,one_minus_confidence,clean,adv_error,5,neg_spearman_p_safe_optimistic,0.3150939929001976,0.05450713397484007,0.02437633136528614,0.24742529703016325,0.3827626887702319,5
deterministic,robust,0.08,0.25,0.07,one_minus_confidence,clean,cert_fail_tau0.5,5,auroc,0.927536231884058,0.0861983858939878,0.0430991929469939,0.7903945999267235,1.0646778638413925,4
deterministic,robust,0.08,0.25,0.07,one_minus_confidence,clean,cert_fail_tau0.5,5,auprc,0.6891433747412008,0.3651159124158351,0.18255795620791754,0.10824395808760723,1.2700427913947943,4
deterministic,robust,0.08,0.25,0.07,one_minus_confidence,clean,cert_fail_tau0.5,5,prevalence,0.04110336234401254,0.03156093340209281,0.014114478504084645,0.0019215700166735628,0.08028515467135151,5
deterministic,robust,0.08,0.25,0.07,one_minus_confidence,clean,cert_fail_tau0.5,5,neg_spearman_p_safe,,,,,,0
deterministic,robust,0.08,0.25,0.07,one_minus_confidence,clean,cert_fail_tau0.5,5,neg_spearman_p_safe_optimistic,,,,,,0
deterministic,robust,0.08,0.25,0.07,one_minus_confidence,clean,cert_fail_tau0.9,5,auroc,0.9375845410628019,0.07795809056669344,0.034863917980642326,0.8408023047485388,1.034366777377065,5
deterministic,robust,0.08,0.25,0.07,one_minus_confidence,clean,cert_fail_tau0.9,5,auprc,0.6513146997929606,0.32731829366250503,0.14638119098171998,0.244960513627706,1.0576688859582153,5
deterministic,robust,0.08,0.25,0.07,one_minus_confidence,clean,cert_fail_tau0.9,5,prevalence,0.045451188430969056,0.025373899936177054,0.011347553022313894,0.01395038124102569,0.07695199562091243,5
deterministic,robust,0.08,0.25,0.07,one_minus_confidence,clean,cert_fail_tau0.9,5,neg_spearman_p_safe,,,,,,0
deterministic,robust,0.08,0.25,0.07,one_minus_confidence,clean,cert_fail_tau0.9,5,neg_spearman_p_safe_optimistic,,,,,,0
deterministic,robust,0.08,0.25,0.07,one_minus_confidence,clean,cert_fail_tau0.95,5,auroc,,,,,,0
deterministic,robust,0.08,0.25,0.07,one_minus_confidence,clean,cert_fail_tau0.95,5,auprc,1.0,0.0,0.0,1.0,1.0,3
deterministic,robust,0.08,0.25,0.07,one_minus_confidence,clean,cert_fail_tau0.95,5,prevalence,1.0,0.0,0.0,1.0,1.0,5
deterministic,robust,0.08,0.25,0.07,one_minus_confidence,clean,cert_fail_tau0.95,5,neg_spearman_p_safe,,,,,,0
deterministic,robust,0.08,0.25,0.07,one_minus_confidence,clean,cert_fail_tau0.95,5,neg_spearman_p_safe_optimistic,,,,,,0
deterministic,robust,0.08,0.25,0.07,one_minus_confidence,delta,adv_error,5,auroc,0.9492479288200016,0.04034574969147399,0.020172874845736995,0.8850578410608665,1.0134380165791368,4
deterministic,robust,0.08,0.25,0.07,one_minus_confidence,delta,adv_error,5,auprc,0.5395337301587302,0.31911043429747926,0.15955521714873963,0.031829029191440705,1.0472384311260197,4
deterministic,robust,0.08,0.25,0.07,one_minus_confidence,delta,adv_error,5,prevalence,0.04,0.03162277660168379,0.014142135623730949,0.0007414315085228912,0.07925856849147711,5
deterministic,robust,0.08,0.25,0.07,one_minus_confidence,delta,adv_error,5,neg_spearman_p_safe,0.48422109032302785,0.035319953695093186,0.01579556348487465,0.44037260608901585,0.5280695745570398,5
deterministic,robust,0.08,0.25,0.07,one_minus_confidence,delta,adv_error,5,neg_spearman_p_safe_optimistic,0.3255531711329289,0.09625737688849569,0.04304760761169871,0.20605301240285331,0.4450533298630045,5
deterministic,robust,0.08,0.25,0.07,one_minus_confidence,delta,cert_fail_tau0.5,5,auroc,0.9683876811594203,0.014468032794535261,0.0072340163972676305,0.9453690409833148,0.9914063213355259,4
deterministic,robust,0.08,0.25,0.07,one_minus_confidence,delta,cert_fail_tau0.5,5,auprc,0.609375,0.23654474069793194,0.11827237034896597,0.2330323175495903,0.9857176824504097,4
deterministic,robust,0.08,0.25,0.07,one_minus_confidence,delta,cert_fail_tau0.5,5,prevalence,0.04110336234401254,0.03156093340209281,0.014114478504084645,0.0019215700166735628,0.08028515467135151,5
deterministic,robust,0.08,0.25,0.07,one_minus_confidence,delta,cert_fail_tau0.5,5,neg_spearman_p_safe,,,,,,0
deterministic,robust,0.08,0.25,0.07,one_minus_confidence,delta,cert_fail_tau0.5,5,neg_spearman_p_safe_optimistic,,,,,,0
deterministic,robust,0.08,0.25,0.07,one_minus_confidence,delta,cert_fail_tau0.9,5,auroc,0.9747101449275363,0.01889075753387102,0.008448203598440377,0.9512579317382658,0.9981623581168068,5
deterministic,robust,0.08,0.25,0.07,one_minus_confidence,delta,cert_fail_tau0.9,5,auprc,0.6875,0.26922599965250177,0.12040152730666574,0.3532653601966959,1.021734639803304,5
deterministic,robust,0.08,0.25,0.07,one_minus_confidence,delta,cert_fail_tau0.9,5,prevalence,0.045451188430969056,0.025373899936177054,0.011347553022313894,0.01395038124102569,0.07695199562091243,5
deterministic,robust,0.08,0.25,0.07,one_minus_confidence,delta,cert_fail_tau0.9,5,neg_spearman_p_safe,,,,,,0
deterministic,robust,0.08,0.25,0.07,one_minus_confidence,delta,cert_fail_tau0.9,5,neg_spearman_p_safe_optimistic,,,,,,0
deterministic,robust,0.08,0.25,0.07,one_minus_confidence,delta,cert_fail_tau0.95,5,auroc,,,,,,0
deterministic,robust,0.08,0.25,0.07,one_minus_confidence,delta,cert_fail_tau0.95,5,auprc,1.0,0.0,0.0,1.0,1.0,3
deterministic,robust,0.08,0.25,0.07,one_minus_confidence,delta,cert_fail_tau0.95,5,prevalence,1.0,0.0,0.0,1.0,1.0,5
deterministic,robust,0.08,0.25,0.07,one_minus_confidence,delta,cert_fail_tau0.95,5,neg_spearman_p_safe,,,,,,0
deterministic,robust,0.08,0.25,0.07,one_minus_confidence,delta,cert_fail_tau0.95,5,neg_spearman_p_safe_optimistic,,,,,,0
deterministic,robust,0.08,0.25,0.08,mutual_information,adv,adv_error,5,auroc,0.5260869565217392,0.19978463416203704,0.0893464045692483,0.27806133743750594,0.7741125756059725,5
deterministic,robust,0.08,0.25,0.08,mutual_information,adv,adv_error,5,auprc,0.17135433791878596,0.13869832746585412,0.06202777771583519,-0.0008347730203725201,0.3435434488579444,5
deterministic,robust,0.08,0.25,0.08,mutual_information,adv,adv_error,5,prevalence,0.08,0.0,0.0,0.08,0.08,5
deterministic,robust,0.08,0.25,0.08,mutual_information,adv,adv_error,5,neg_spearman_p_safe,0.01800896805993754,0.12032279848345248,0.053809991330401666,-0.13136756787325748,0.16738550399313257,5
deterministic,robust,0.08,0.25,0.08,mutual_information,adv,adv_error,5,neg_spearman_p_safe_optimistic,0.01804726772087281,0.1779286677198445,0.07957211923350896,-0.20284493527134803,0.23893947071309365,5
deterministic,robust,0.08,0.25,0.08,mutual_information,adv,cert_fail_tau0.5,5,auroc,0.5142371388301621,0.18582337387668918,0.08310273915932712,0.28354393492387003,0.7449303427364542,5
deterministic,robust,0.08,0.25,0.08,mutual_information,adv,cert_fail_tau0.5,5,auprc,0.17550380106847072,0.13962978393718867,0.06244433771343241,0.002158319575982337,0.3488492825609591,5
deterministic,robust,0.08,0.25,0.08,mutual_information,adv,cert_fail_tau0.5,5,prevalence,0.09113958478858704,0.020742815720837773,0.009276469199308912,0.06538810629130551,0.11689106328586857,5
deterministic,robust,0.08,0.25,0.08,mutual_information,adv,cert_fail_tau0.5,5,neg_spearman_p_safe,,,,,,0
deterministic,robust,0.08,0.25,0.08,mutual_information,adv,cert_fail_tau0.5,5,neg_spearman_p_safe_optimistic,,,,,,0
deterministic,robust,0.08,0.25,0.08,mutual_information,adv,cert_fail_tau0.9,5,auroc,0.5142371388301621,0.18582337387668918,0.08310273915932712,0.28354393492387003,0.7449303427364542,5
deterministic,robust,0.08,0.25,0.08,mutual_information,adv,cert_fail_tau0.9,5,auprc,0.17550380106847072,0.13962978393718867,0.06244433771343241,0.002158319575982337,0.3488492825609591,5
deterministic,robust,0.08,0.25,0.08,mutual_information,adv,cert_fail_tau0.9,5,prevalence,0.09113958478858704,0.020742815720837773,0.009276469199308912,0.06538810629130551,0.11689106328586857,5
deterministic,robust,0.08,0.25,0.08,mutual_information,adv,cert_fail_tau0.9,5,neg_spearman_p_safe,,,,,,0
deterministic,robust,0.08,0.25,0.08,mutual_information,adv,cert_fail_tau0.9,5,neg_spearman_p_safe_optimistic,,,,,,0
deterministic,robust,0.08,0.25,0.08,mutual_information,adv,cert_fail_tau0.95,5,auroc,,,,,,0
deterministic,robust,0.08,0.25,0.08,mutual_information,adv,cert_fail_tau0.95,5,auprc,1.0,0.0,0.0,1.0,1.0,5
deterministic,robust,0.08,0.25,0.08,mutual_information,adv,cert_fail_tau0.95,5,prevalence,1.0,0.0,0.0,1.0,1.0,5
deterministic,robust,0.08,0.25,0.08,mutual_information,adv,cert_fail_tau0.95,5,neg_spearman_p_safe,,,,,,0
deterministic,robust,0.08,0.25,0.08,mutual_information,adv,cert_fail_tau0.95,5,neg_spearman_p_safe_optimistic,,,,,,0
deterministic,robust,0.08,0.25,0.08,mutual_information,clean,adv_error,5,auroc,0.3271739130434782,0.12069623167383747,0.05397699573015276,0.17733377289657415,0.47701405319038226,5
deterministic,robust,0.08,0.25,0.08,mutual_information,clean,adv_error,5,auprc,0.18404122391922473,0.11445411292264208,0.051185435359892964,0.04195045536016187,0.3261319924782876,5
deterministic,robust,0.08,0.25,0.08,mutual_information,clean,adv_error,5,prevalence,0.08,0.0,0.0,0.08,0.08,5
deterministic,robust,0.08,0.25,0.08,mutual_information,clean,adv_error,5,neg_spearman_p_safe,-0.1512310878323542,0.07770259226345487,0.034749655665806865,-0.24769613196063406,-0.054766043704074355,5
deterministic,robust,0.08,0.25,0.08,mutual_information,clean,adv_error,5,neg_spearman_p_safe_optimistic,-0.11092682613490493,0.06939975108488977,0.03103651220947566,-0.19708418402840935,-0.0247694682414005,5
deterministic,robust,0.08,0.25,0.08,mutual_information,clean,cert_fail_tau0.5,5,auroc,0.376768851303735,0.061335649517837626,0.027430136353197423,0.30062279278725895,0.45291490982021104,5
deterministic,robust,0.08,0.25,0.08,mutual_information,clean,cert_fail_tau0.5,5,auprc,0.2537279661498816,0.1109227781124235,0.04960617442250095,0.11602122595301895,0.3914347063467442,5
deterministic,robust,0.08,0.25,0.08,mutual_information,clean,cert_fail_tau0.5,5,prevalence,0.09113958478858704,0.020742815720837773,0.009276469199308912,0.06538810629130551,0.11689106328586857,5
deterministic,robust,0.08,0.25,0.08,mutual_information,clean,cert_fail_tau0.5,5,neg_spearman_p_safe,,,,,,0
deterministic,robust,0.08,0.25,0.08,mutual_information,clean,cert_fail_tau0.5,5,neg_spearman_p_safe_optimistic,,,,,,0
deterministic,robust,0.08,0.25,0.08,mutual_information,clean,cert_fail_tau0.9,5,auroc,0.376768851303735,0.061335649517837626,0.027430136353197423,0.30062279278725895,0.45291490982021104,5
deterministic,robust,0.08,0.25,0.08,mutual_information,clean,cert_fail_tau0.9,5,auprc,0.2537279661498816,0.1109227781124235,0.04960617442250095,0.11602122595301895,0.3914347063467442,5
deterministic,robust,0.08,0.25,0.08,mutual_information,clean,cert_fail_tau0.9,5,prevalence,0.09113958478858704,0.020742815720837773,0.009276469199308912,0.06538810629130551,0.11689106328586857,5
deterministic,robust,0.08,0.25,0.08,mutual_information,clean,cert_fail_tau0.9,5,neg_spearman_p_safe,,,,,,0
deterministic,robust,0.08,0.25,0.08,mutual_information,clean,cert_fail_tau0.9,5,neg_spearman_p_safe_optimistic,,,,,,0
deterministic,robust,0.08,0.25,0.08,mutual_information,clean,cert_fail_tau0.95,5,auroc,,,,,,0
deterministic,robust,0.08,0.25,0.08,mutual_information,clean,cert_fail_tau0.95,5,auprc,1.0,0.0,0.0,1.0,1.0,5
deterministic,robust,0.08,0.25,0.08,mutual_information,clean,cert_fail_tau0.95,5,prevalence,1.0,0.0,0.0,1.0,1.0,5
deterministic,robust,0.08,0.25,0.08,mutual_information,clean,cert_fail_tau0.95,5,neg_spearman_p_safe,,,,,,0
deterministic,robust,0.08,0.25,0.08,mutual_information,clean,cert_fail_tau0.95,5,neg_spearman_p_safe_optimistic,,,,,,0
deterministic,robust,0.08,0.25,0.08,mutual_information,delta,adv_error,5,auroc,0.5880434782608697,0.2395130338493981,0.10711348503689244,0.29069644379845627,0.8853905127232831,5
deterministic,robust,0.08,0.25,0.08,mutual_information,delta,adv_error,5,auprc,0.18457113597324673,0.10186041495515229,0.045553362411211336,0.058115001919724074,0.3110272700267694,5
deterministic,robust,0.08,0.25,0.08,mutual_information,delta,adv_error,5,prevalence,0.08,0.0,0.0,0.08,0.08,5
deterministic,robust,0.08,0.25,0.08,mutual_information,delta,adv_error,5,neg_spearman_p_safe,0.06692510347249109,0.13820179428627646,0.061805721327311235,-0.1046475789321249,0.23849778587710707,5
deterministic,robust,0.08,0.25,0.08,mutual_information,delta,adv_error,5,neg_spearman_p_safe_optimistic,0.0433304867660997,0.18764385932706804,0.08391688500314641,-0.1896227860026347,0.27628375953483414,5
deterministic,robust,0.08,0.25,0.08,mutual_information,delta,cert_fail_tau0.5,5,auroc,0.5366032417195209,0.20343898890997716,0.09098068169530696,0.2840408693333488,0.789165614105693,5
deterministic,robust,0.08,0.25,0.08,mutual_information,delta,cert_fail_tau0.5,5,auprc,0.17227920071198824,0.09250001418801447,0.04136726392881907,0.057443676045586506,0.28711472537839,5
deterministic,robust,0.08,0.25,0.08,mutual_information,delta,cert_fail_tau0.5,5,prevalence,0.09113958478858704,0.020742815720837773,0.009276469199308912,0.06538810629130551,0.11689106328586857,5
deterministic,robust,0.08,0.25,0.08,mutual_information,delta,cert_fail_tau0.5,5,neg_spearman_p_safe,,,,,,0
deterministic,robust,0.08,0.25,0.08,mutual_information,delta,cert_fail_tau0.5,5,neg_spearman_p_safe_optimistic,,,,,,0
deterministic,robust,0.08,0.25,0.08,mutual_information,delta,cert_fail_tau0.9,5,auroc,0.5366032417195209,0.20343898890997716,0.09098068169530696,0.2840408693333488,0.789165614105693,5
deterministic,robust,0.08,0.25,0.08,mutual_information,delta,cert_fail_tau0.9,5,auprc,0.17227920071198824,0.09250001418801447,0.04136726392881907,0.057443676045586506,0.28711472537839,5
deterministic,robust,0.08,0.25,0.08,mutual_information,delta,cert_fail_tau0.9,5,prevalence,0.09113958478858704,0.020742815720837773,0.009276469199308912,0.06538810629130551,0.11689106328586857,5
deterministic,robust,0.08,0.25,0.08,mutual_information,delta,cert_fail_tau0.9,5,neg_spearman_p_safe,,,,,,0
deterministic,robust,0.08,0.25,0.08,mutual_information,delta,cert_fail_tau0.9,5,neg_spearman_p_safe_optimistic,,,,,,0
deterministic,robust,0.08,0.25,0.08,mutual_information,delta,cert_fail_tau0.95,5,auroc,,,,,,0
deterministic,robust,0.08,0.25,0.08,mutual_information,delta,cert_fail_tau0.95,5,auprc,1.0,0.0,0.0,1.0,1.0,5
deterministic,robust,0.08,0.25,0.08,mutual_information,delta,cert_fail_tau0.95,5,prevalence,1.0,0.0,0.0,1.0,1.0,5
deterministic,robust,0.08,0.25,0.08,mutual_information,delta,cert_fail_tau0.95,5,neg_spearman_p_safe,,,,,,0
deterministic,robust,0.08,0.25,0.08,mutual_information,delta,cert_fail_tau0.95,5,neg_spearman_p_safe_optimistic,,,,,,0
deterministic,robust,0.08,0.25,0.08,one_minus_confidence,adv,adv_error,5,auroc,0.9489130434782608,0.02566460641982087,0.011477560914099393,0.9170513343807208,0.9807747525758007,5
deterministic,robust,0.08,0.25,0.08,one_minus_confidence,adv,adv_error,5,auprc,0.6110119047619047,0.15493865822250877,0.06929067442562727,0.41866099255636346,0.8033628169674459,5
deterministic,robust,0.08,0.25,0.08,one_minus_confidence,adv,adv_error,5,prevalence,0.08,0.0,0.0,0.08,0.08,5
deterministic,robust,0.08,0.25,0.08,one_minus_confidence,adv,adv_error,5,neg_spearman_p_safe,0.5632048342674356,0.02657903431722012,0.01188650550192078,0.5302078949941036,0.5962017735407676,5
deterministic,robust,0.08,0.25,0.08,one_minus_confidence,adv,adv_error,5,neg_spearman_p_safe_optimistic,0.44050918536257855,0.08322557045993259,0.03721960660292154,0.3371875574328683,0.5438308132922888,5
deterministic,robust,0.08,0.25,0.08,one_minus_confidence,adv,cert_fail_tau0.5,5,auroc,0.9812896405919662,0.016506703445293158,0.007382022197621096,0.9607971469713701,1.0017821342125623,5
deterministic,robust,0.08,0.25,0.08,one_minus_confidence,adv,cert_fail_tau0.5,5,auprc,0.8548809523809524,0.1315963602871156,0.05885168143870884,0.6915086847070967,1.0182532200548082,5
deterministic,robust,0.08,0.25,0.08,one_minus_confidence,adv,cert_fail_tau0.5,5,prevalence,0.09113958478858704,0.020742815720837773,0.009276469199308912,0.06538810629130551,0.11689106328586857,5
deterministic,robust,0.08,0.25,0.08,one_minus_confidence,adv,cert_fail_tau0.5,5,neg_spearman_p_safe,,,,,,0
deterministic,robust,0.08,0.25,0.08,one_minus_confidence,adv,cert_fail_tau0.5,5,neg_spearman_p_safe_optimistic,,,,,,0
deterministic,robust,0.08,0.25,0.08,one_minus_confidence,adv,cert_fail_tau0.9,5,auroc,0.9812896405919662,0.016506703445293158,0.007382022197621096,0.9607971469713701,1.0017821342125623,5
deterministic,robust,0.08,0.25,0.08,one_minus_confidence,adv,cert_fail_tau0.9,5,auprc,0.8548809523809524,0.1315963602871156,0.05885168143870884,0.6915086847070967,1.0182532200548082,5
deterministic,robust,0.08,0.25,0.08,one_minus_confidence,adv,cert_fail_tau0.9,5,prevalence,0.09113958478858704,0.020742815720837773,0.009276469199308912,0.06538810629130551,0.11689106328586857,5
deterministic,robust,0.08,0.25,0.08,one_minus_confidence,adv,cert_fail_tau0.9,5,neg_spearman_p_safe,,,,,,0
deterministic,robust,0.08,0.25,0.08,one_minus_confidence,adv,cert_fail_tau0.9,5,neg_spearman_p_safe_optimistic,,,,,,0
deterministic,robust,0.08,0.25,0.08,one_minus_confidence,adv,cert_fail_tau0.95,5,auroc,,,,,,0
deterministic,robust,0.08,0.25,0.08,one_minus_confidence,adv,cert_fail_tau0.95,5,auprc,1.0,0.0,0.0,1.0,1.0,5
deterministic,robust,0.08,0.25,0.08,one_minus_confidence,adv,cert_fail_tau0.95,5,prevalence,1.0,0.0,0.0,1.0,1.0,5
deterministic,robust,0.08,0.25,0.08,one_minus_confidence,adv,cert_fail_tau0.95,5,neg_spearman_p_safe,,,,,,0
deterministic,robust,0.08,0.25,0.08,one_minus_confidence,adv,cert_fail_tau0.95,5,neg_spearman_p_safe_optimistic,,,,,,0
deterministic,robust,0.08,0.25,0.08,one_minus_confidence,clean,adv_error,5,auroc,0.8228260869565217,0.038014352204594676,0.017000535130018538,0.7756326014355902,0.8700195724774532,5
deterministic,robust,0.08,0.25,0.08,one_minus_confidence,clean,adv_error,5,auprc,0.39912626262626266,0.12334223940298515,0.055160326360425574,0.24600119664972128,0.552251328602804,5
deterministic,robust,0.08,0.25,0.08,one_minus_confidence,clean,adv_error,5,prevalence,0.08,0.0,0.0,0.08,0.08,5
deterministic,robust,0.08,0.25,0.08,one_minus_confidence,clean,adv_error,5,neg_spearman_p_safe,0.45668661126450516,0.03357670996093204,0.015015961186687668,0.4150023030102602,0.4983709195187501,5
deterministic,robust,0.08,0.25,0.08,one_minus_confidence,clean,adv_error,5,neg_spearman_p_safe_optimistic,0.38886291871616546,0.04217096967921663,0.018859430975962176,0.33650913832689444,0.4412166991054365,5
deterministic,robust,0.08,0.25,0.08,one_minus_confidence,clean,cert_fail_tau0.5,5,auroc,0.8841411205073996,0.0422451407581064,0.01889260129083458,0.8316952593240428,0.9365869816907564,5
deterministic,robust,0.08,0.25,0.08,one_minus_confidence,clean,cert_fail_tau0.5,5,auprc,0.5022827815459394,0.1732754662155295,0.07749114425817843,0.2871673650852361,0.7173981980066427,5
deterministic,robust,0.08,0.25,0.08,one_minus_confidence,clean,cert_fail_tau0.5,5,prevalence,0.09113958478858704,0.020742815720837773,0.009276469199308912,0.06538810629130551,0.11689106328586857,5
deterministic,robust,0.08,0.25,0.08,one_minus_confidence,clean,cert_fail_tau0.5,5,neg_spearman_p_safe,,,,,,0
deterministic,robust,0.08,0.25,0.08,one_minus_confidence,clean,cert_fail_tau0.5,5,neg_spearman_p_safe_optimistic,,,,,,0
deterministic,robust,0.08,0.25,0.08,one_minus_confidence,clean,cert_fail_tau0.9,5,auroc,0.8841411205073996,0.0422451407581064,0.01889260129083458,0.8316952593240428,0.9365869816907564,5
deterministic,robust,0.08,0.25,0.08,one_minus_confidence,clean,cert_fail_tau0.9,5,auprc,0.5022827815459394,0.1732754662155295,0.07749114425817843,0.2871673650852361,0.7173981980066427,5
deterministic,robust,0.08,0.25,0.08,one_minus_confidence,clean,cert_fail_tau0.9,5,prevalence,0.09113958478858704,0.020742815720837773,0.009276469199308912,0.06538810629130551,0.11689106328586857,5
deterministic,robust,0.08,0.25,0.08,one_minus_confidence,clean,cert_fail_tau0.9,5,neg_spearman_p_safe,,,,,,0
deterministic,robust,0.08,0.25,0.08,one_minus_confidence,clean,cert_fail_tau0.9,5,neg_spearman_p_safe_optimistic,,,,,,0
deterministic,robust,0.08,0.25,0.08,one_minus_confidence,clean,cert_fail_tau0.95,5,auroc,,,,,,0
deterministic,robust,0.08,0.25,0.08,one_minus_confidence,clean,cert_fail_tau0.95,5,auprc,1.0,0.0,0.0,1.0,1.0,5
deterministic,robust,0.08,0.25,0.08,one_minus_confidence,clean,cert_fail_tau0.95,5,prevalence,1.0,0.0,0.0,1.0,1.0,5
deterministic,robust,0.08,0.25,0.08,one_minus_confidence,clean,cert_fail_tau0.95,5,neg_spearman_p_safe,,,,,,0
deterministic,robust,0.08,0.25,0.08,one_minus_confidence,clean,cert_fail_tau0.95,5,neg_spearman_p_safe_optimistic,,,,,,0
deterministic,robust,0.08,0.25,0.08,one_minus_confidence,delta,adv_error,5,auroc,0.9445652173913043,0.029367948013274567,0.013133745623472365,0.908105939540545,0.9810244952420636,5
deterministic,robust,0.08,0.25,0.08,one_minus_confidence,delta,adv_error,5,auprc,0.6026785714285714,0.15604852846173142,0.06978702348584842,0.4089497942318562,0.7964073486252866,5
deterministic,robust,0.08,0.25,0.08,one_minus_confidence,delta,adv_error,5,prevalence,0.08,0.0,0.0,0.08,0.08,5
deterministic,robust,0.08,0.25,0.08,one_minus_confidence,delta,adv_error,5,neg_spearman_p_safe,0.5597929403587124,0.03152904896113198,0.014100219348602044,0.5206507314469931,0.5989351492704317,5
deterministic,robust,0.08,0.25,0.08,one_minus_confidence,delta,adv_error,5,neg_spearman_p_safe_optimistic,0.43657500280823686,0.08406852076303518,0.03759658543879983,0.3322068816301285,0.5409431239863451,5
deterministic,robust,0.08,0.25,0.08,one_minus_confidence,delta,cert_fail_tau0.5,5,auroc,0.9771229739252995,0.023413391997024916,0.010470787217839454,0.9480560686085772,1.0061898792420219,5
deterministic,robust,0.08,0.25,0.08,one_minus_confidence,delta,cert_fail_tau0.5,5,auprc,0.843531746031746,0.1477147294024496,0.06606003524437283,0.660149088193367,1.026914403870125,5
deterministic,robust,0.08,0.25,0.08,one_minus_confidence,delta,cert_fail_tau0.5,5,prevalence,0.09113958478858704,0.020742815720837773,0.009276469199308912,0.06538810629130551,0.11689106328586857,5
deterministic,robust,0.08,0.25,0.08,one_minus_confidence,delta,cert_fail_tau0.5,5,neg_spearman_p_safe,,,,,,0
deterministic,robust,0.08,0.25,0.08,one_minus_confidence,delta,cert_fail_tau0.5,5,neg_spearman_p_safe_optimistic,,,,,,0
deterministic,robust,0.08,0.25,0.08,one_minus_confidence,delta,cert_fail_tau0.9,5,auroc,0.9771229739252995,0.023413391997024916,0.010470787217839454,0.9480560686085772,1.0061898792420219,5
deterministic,robust,0.08,0.25,0.08,one_minus_confidence,delta,cert_fail_tau0.9,5,auprc,0.843531746031746,0.1477147294024496,0.06606003524437283,0.660149088193367,1.026914403870125,5
deterministic,robust,0.08,0.25,0.08,one_minus_confidence,delta,cert_fail_tau0.9,5,prevalence,0.09113958478858704,0.020742815720837773,0.009276469199308912,0.06538810629130551,0.11689106328586857,5
deterministic,robust,0.08,0.25,0.08,one_minus_confidence,delta,cert_fail_tau0.9,5,neg_spearman_p_safe,,,,,,0
deterministic,robust,0.08,0.25,0.08,one_minus_confidence,delta,cert_fail_tau0.9,5,neg_spearman_p_safe_optimistic,,,,,,0
deterministic,robust,0.08,0.25,0.08,one_minus_confidence,delta,cert_fail_tau0.95,5,auroc,,,,,,0
deterministic,robust,0.08,0.25,0.08,one_minus_confidence,delta,cert_fail_tau0.95,5,auprc,1.0,0.0,0.0,1.0,1.0,5
deterministic,robust,0.08,0.25,0.08,one_minus_confidence,delta,cert_fail_tau0.95,5,prevalence,1.0,0.0,0.0,1.0,1.0,5
deterministic,robust,0.08,0.25,0.08,one_minus_confidence,delta,cert_fail_tau0.95,5,neg_spearman_p_safe,,,,,,0
deterministic,robust,0.08,0.25,0.08,one_minus_confidence,delta,cert_fail_tau0.95,5,neg_spearman_p_safe_optimistic,,,,,,0
deterministic,robust,0.08,0.25,0.1,mutual_information,adv,adv_error,5,auroc,0.47833043894090405,0.1464687688013097,0.06550282472408578,0.29649459750684193,0.6601662803749662,5
deterministic,robust,0.08,0.25,0.1,mutual_information,adv,adv_error,5,auprc,0.17855991106989788,0.07532793413540448,0.03368767626627825,0.08504292175470947,0.2720769003850863,5
deterministic,robust,0.08,0.25,0.1,mutual_information,adv,adv_error,5,prevalence,0.132,0.017888543819998323,0.008000000000000002,0.109792,0.154208,5
deterministic,robust,0.08,0.25,0.1,mutual_information,adv,adv_error,5,neg_spearman_p_safe,-0.005368596648730478,0.21231197364529006,0.09494880110160248,-0.2689464685067789,0.25820927520931797,5
deterministic,robust,0.08,0.25,0.1,mutual_information,adv,adv_error,5,neg_spearman_p_safe_optimistic,-0.002654202834736913,0.18412743125044392,0.08234429055968234,-0.23124195342841508,0.22593354775894126,5
deterministic,robust,0.08,0.25,0.1,mutual_information,adv,cert_fail_tau0.5,5,auroc,0.5028912465096675,0.16983122964001876,0.07595083483549181,0.2920517290063423,0.7137307640129928,5
deterministic,robust,0.08,0.25,0.1,mutual_information,adv,cert_fail_tau0.5,5,auprc,0.19348877772230916,0.10015359371576393,0.04479004874786878,0.06915160239822543,0.3178259530463929,5
deterministic,robust,0.08,0.25,0.1,mutual_information,adv,cert_fail_tau0.5,5,prevalence,0.1295501599849426,0.010546190579906313,0.004716399808067689,0.1164574341177467,0.1426428858521385,5
deterministic,robust,0.08,0.25,0.1,mutual_information,adv,cert_fail_tau0.5,5,neg_spearman_p_safe,,,,,,0
deterministic,robust,0.08,0.25,0.1,mutual_information,adv,cert_fail_tau0.5,5,neg_spearman_p_safe_optimistic,,,,,,0
deterministic,robust,0.08,0.25,0.1,mutual_information,adv,cert_fail_tau0.9,5,auroc,0.5028912465096675,0.16983122964001876,0.07595083483549181,0.2920517290063423,0.7137307640129928,5
deterministic,robust,0.08,0.25,0.1,mutual_information,adv,cert_fail_tau0.9,5,auprc,0.19348877772230916,0.10015359371576393,0.04479004874786878,0.06915160239822543,0.3178259530463929,5
deterministic,robust,0.08,0.25,0.1,mutual_information,adv,cert_fail_tau0.9,5,prevalence,0.1295501599849426,0.010546190579906313,0.004716399808067689,0.1164574341177467,0.1426428858521385,5
deterministic,robust,0.08,0.25,0.1,mutual_information,adv,cert_fail_tau0.9,5,neg_spearman_p_safe,,,,,,0
deterministic,robust,0.08,0.25,0.1,mutual_information,adv,cert_fail_tau0.9,5,neg_spearman_p_safe_optimistic,,,,,,0
deterministic,robust,0.08,0.25,0.1,mutual_information,adv,cert_fail_tau0.95,5,auroc,,,,,,0
deterministic,robust,0.08,0.25,0.1,mutual_information,adv,cert_fail_tau0.95,5,auprc,1.0,0.0,0.0,1.0,1.0,5
deterministic,robust,0.08,0.25,0.1,mutual_information,adv,cert_fail_tau0.95,5,prevalence,1.0,0.0,0.0,1.0,1.0,5
deterministic,robust,0.08,0.25,0.1,mutual_information,adv,cert_fail_tau0.95,5,neg_spearman_p_safe,,,,,,0
deterministic,robust,0.08,0.25,0.1,mutual_information,adv,cert_fail_tau0.95,5,neg_spearman_p_safe_optimistic,,,,,,0
deterministic,robust,0.08,0.25,0.1,mutual_information,clean,adv_error,5,auroc,0.33374358199939597,0.07631621811549884,0.03412965029839126,0.23899967277106182,0.4284874912277301,5
deterministic,robust,0.08,0.25,0.1,mutual_information,clean,adv_error,5,auprc,0.2197852222069161,0.07181836542288834,0.032118149423699754,0.1306252394067256,0.3089452050071066,5
deterministic,robust,0.08,0.25,0.1,mutual_information,clean,adv_error,5,prevalence,0.132,0.017888543819998323,0.008000000000000002,0.109792,0.154208,5
deterministic,robust,0.08,0.25,0.1,mutual_information,clean,adv_error,5,neg_spearman_p_safe,-0.1976233929898347,0.11179263090543556,0.049995184417619555,-0.33641002493314653,-0.05883676104652283,5
deterministic,robust,0.08,0.25,0.1,mutual_information,clean,adv_error,5,neg_spearman_p_safe_optimistic,-0.15580151549203033,0.12409847506700433,0.05549852523077689,-0.30986542153266694,-0.0017376094513937013,5
deterministic,robust,0.08,0.25,0.1,mutual_information,clean,cert_fail_tau0.5,5,auroc,0.333261682735367,0.10157991313969135,0.04542791818577479,0.2071537818516562,0.45936958361907776,5
deterministic,robust,0.08,0.25,0.1,mutual_information,clean,cert_fail_tau0.5,5,auprc,0.25468315558758725,0.1162367726890842,0.05198266504359665,0.11037927742656295,0.39898703374861155,5
deterministic,robust,0.08,0.25,0.1,mutual_information,clean,cert_fail_tau0.5,5,prevalence,0.1295501599849426,0.010546190579906313,0.004716399808067689,0.1164574341177467,0.1426428858521385,5
deterministic,robust,0.08,0.25,0.1,mutual_information,clean,cert_fail_tau0.5,5,neg_spearman_p_safe,,,,,,0
deterministic,robust,0.08,0.25,0.1,mutual_information,clean,cert_fail_tau0.5,5,neg_spearman_p_safe_optimistic,,,,,,0
deterministic,robust,0.08,0.25,0.1,mutual_information,clean,cert_fail_tau0.9,5,auroc,0.333261682735367,0.10157991313969135,0.04542791818577479,0.2071537818516562,0.45936958361907776,5
deterministic,robust,0.08,0.25,0.1,mutual_information,clean,cert_fail_tau0.9,5,auprc,0.25468315558758725,0.1162367726890842,0.05198266504359665,0.11037927742656295,0.39898703374861155,5
deterministic,robust,0.08,0.25,0.1,mutual_information,clean,cert_fail_tau0.9,5,prevalence,0.1295501599849426,0.010546190579906313,0.004716399808067689,0.1164574341177467,0.1426428858521385,5
deterministic,robust,0.08,0.25,0.1,mutual_information,clean,cert_fail_tau0.9,5,neg_spearman_p_safe,,,,,,0
deterministic,robust,0.08,0.25,0.1,mutual_information,clean,cert_fail_tau0.9,5,neg_spearman_p_safe_optimistic,,,,,,0
deterministic,robust,0.08,0.25,0.1,mutual_information,clean,cert_fail_tau0.95,5,auroc,,,,,,0
deterministic,robust,0.08,0.25,0.1,mutual_information,clean,cert_fail_tau0.95,5,auprc,1.0,0.0,0.0,1.0,1.0,5
deterministic,robust,0.08,0.25,0.1,mutual_information,clean,cert_fail_tau0.95,5,prevalence,1.0,0.0,0.0,1.0,1.0,5
deterministic,robust,0.08,0.25,0.1,mutual_information,clean,cert_fail_tau0.95,5,neg_spearman_p_safe,,,,,,0
deterministic,robust,0.08,0.25,0.1,mutual_information,clean,cert_fail_tau0.95,5,neg_spearman_p_safe_optimistic,,,,,,0
deterministic,robust,0.08,0.25,0.1,mutual_information,delta,adv_error,5,auroc,0.5609647135809926,0.11814584650701575,0.05283642880978866,0.41429078720501933,0.707638639956966,5
deterministic,robust,0.08,0.25,0.1,mutual_information,delta,adv_error,5,auprc,0.23885039926068735,0.09250312263038778,0.04136865406650924,0.12401101557205771,0.35368978294931697,5
deterministic,robust,0.08,0.25,0.1,mutual_information,delta,adv_error,5,prevalence,0.132,0.017888543819998323,0.008000000000000002,0.109792,0.154208,5
deterministic,robust,0.08,0.25,0.1,mutual_information,delta,adv_error,5,neg_spearman_p_safe,0.09530727748663259,0.17165621329783426,0.07676699233883215,-0.11779789324596543,0.30841244821923064,5
deterministic,robust,0.08,0.25,0.1,mutual_information,delta,adv_error,5,neg_spearman_p_safe_optimistic,0.06429039527071598,0.13254512667247068,0.05927598266519298,-0.10025973260785973,0.22884052314929168,5
deterministic,robust,0.08,0.25,0.1,mutual_information,delta,cert_fail_tau0.5,5,auroc,0.5754669142827038,0.1157553624224635,0.05176737182735062,0.4317606900899785,0.7191731384754291,5
deterministic,robust,0.08,0.25,0.1,mutual_information,delta,cert_fail_tau0.5,5,auprc,0.2513334860759902,0.11044643824344672,0.049393148757015864,0.11421810512651417,0.3884488670254662,5
deterministic,robust,0.08,0.25,0.1,mutual_information,delta,cert_fail_tau0.5,5,prevalence,0.1295501599849426,0.010546190579906313,0.004716399808067689,0.1164574341177467,0.1426428858521385,5
deterministic,robust,0.08,0.25,0.1,mutual_information,delta,cert_fail_tau0.5,5,neg_spearman_p_safe,,,,,,0
deterministic,robust,0.08,0.25,0.1,mutual_information,delta,cert_fail_tau0.5,5,neg_spearman_p_safe_optimistic,,,,,,0
deterministic,robust,0.08,0.25,0.1,mutual_information,delta,cert_fail_tau0.9,5,auroc,0.5754669142827038,0.1157553624224635,0.05176737182735062,0.4317606900899785,0.7191731384754291,5
deterministic,robust,0.08,0.25,0.1,mutual_information,delta,cert_fail_tau0.9,5,auprc,0.2513334860759902,0.11044643824344672,0.049393148757015864,0.11421810512651417,0.3884488670254662,5
deterministic,robust,0.08,0.25,0.1,mutual_information,delta,cert_fail_tau0.9,5,prevalence,0.1295501599849426,0.010546190579906313,0.004716399808067689,0.1164574341177467,0.1426428858521385,5
deterministic,robust,0.08,0.25,0.1,mutual_information,delta,cert_fail_tau0.9,5,neg_spearman_p_safe,,,,,,0
deterministic,robust,0.08,0.25,0.1,mutual_information,delta,cert_fail_tau0.9,5,neg_spearman_p_safe_optimistic,,,,,,0
deterministic,robust,0.08,0.25,0.1,mutual_information,delta,cert_fail_tau0.95,5,auroc,,,,,,0
deterministic,robust,0.08,0.25,0.1,mutual_information,delta,cert_fail_tau0.95,5,auprc,1.0,0.0,0.0,1.0,1.0,5
deterministic,robust,0.08,0.25,0.1,mutual_information,delta,cert_fail_tau0.95,5,prevalence,1.0,0.0,0.0,1.0,1.0,5
deterministic,robust,0.08,0.25,0.1,mutual_information,delta,cert_fail_tau0.95,5,neg_spearman_p_safe,,,,,,0
deterministic,robust,0.08,0.25,0.1,mutual_information,delta,cert_fail_tau0.95,5,neg_spearman_p_safe_optimistic,,,,,,0
deterministic,robust,0.08,0.25,0.1,one_minus_confidence,adv,adv_error,5,auroc,0.8478505990133897,0.07206590113887272,0.03222885076125978,0.7583833093001325,0.9373178887266468,5
deterministic,robust,0.08,0.25,0.1,one_minus_confidence,adv,adv_error,5,auprc,0.48639072372906955,0.19598239773856435,0.08764599274736619,0.24308544786238104,0.729695999595758,5
deterministic,robust,0.08,0.25,0.1,one_minus_confidence,adv,adv_error,5,prevalence,0.132,0.017888543819998323,0.008000000000000002,0.109792,0.154208,5
deterministic,robust,0.08,0.25,0.1,one_minus_confidence,adv,adv_error,5,neg_spearman_p_safe,0.6563914325024756,0.06219966443801089,0.02781653557221372,0.5791727297540102,0.7336101352509409,5
deterministic,robust,0.08,0.25,0.1,one_minus_confidence,adv,adv_error,5,neg_spearman_p_safe_optimistic,0.35230297977894587,0.10868382816365521,0.048604885565767836,0.21737581744837436,0.4872301421095174,5
deterministic,robust,0.08,0.25,0.1,one_minus_confidence,adv,cert_fail_tau0.5,5,auroc,0.9022463252726413,0.0626443409012636,0.028015400932179167,0.8244755722849119,0.9800170782603707,5
deterministic,robust,0.08,0.25,0.1,one_minus_confidence,adv,cert_fail_tau0.5,5,auprc,0.6682497208673679,0.20414944861505155,0.09129840893447111,0.4148053376652761,0.9216941040694597,5
deterministic,robust,0.08,0.25,0.1,one_minus_confidence,adv,cert_fail_tau0.5,5,prevalence,0.1295501599849426,0.010546190579906313,0.004716399808067689,0.1164574341177467,0.1426428858521385,5
deterministic,robust,0.08,0.25,0.1,one_minus_confidence,adv,cert_fail_tau0.5,5,neg_spearman_p_safe,,,,,,0
deterministic,robust,0.08,0.25,0.1,one_minus_confidence,adv,cert_fail_tau0.5,5,neg_spearman_p_safe_optimistic,,,,,,0
deterministic,robust,0.08,0.25,0.1,one_minus_confidence,adv,cert_fail_tau0.9,5,auroc,0.9022463252726413,0.0626443409012636,0.028015400932179167,0.8244755722849119,0.9800170782603707,5
deterministic,robust,0.08,0.25,0.1,one_minus_confidence,adv,cert_fail_tau0.9,5,auprc,0.6682497208673679,0.20414944861505155,0.09129840893447111,0.4148053376652761,0.9216941040694597,5
deterministic,robust,0.08,0.25,0.1,one_minus_confidence,adv,cert_fail_tau0.9,5,prevalence,0.1295501599849426,0.010546190579906313,0.004716399808067689,0.1164574341177467,0.1426428858521385,5
deterministic,robust,0.08,0.25,0.1,one_minus_confidence,adv,cert_fail_tau0.9,5,neg_spearman_p_safe,,,,,,0
deterministic,robust,0.08,0.25,0.1,one_minus_confidence,adv,cert_fail_tau0.9,5,neg_spearman_p_safe_optimistic,,,,,,0
deterministic,robust,0.08,0.25,0.1,one_minus_confidence,adv,cert_fail_tau0.95,5,auroc,,,,,,0
deterministic,robust,0.08,0.25,0.1,one_minus_confidence,adv,cert_fail_tau0.95,5,auprc,1.0,0.0,0.0,1.0,1.0,5
deterministic,robust,0.08,0.25,0.1,one_minus_confidence,adv,cert_fail_tau0.95,5,prevalence,1.0,0.0,0.0,1.0,1.0,5
deterministic,robust,0.08,0.25,0.1,one_minus_confidence,adv,cert_fail_tau0.95,5,neg_spearman_p_safe,,,,,,0
deterministic,robust,0.08,0.25,0.1,one_minus_confidence,adv,cert_fail_tau0.95,5,neg_spearman_p_safe_optimistic,,,,,,0
deterministic,robust,0.08,0.25,0.1,one_minus_confidence,clean,adv_error,5,auroc,0.8305685593476291,0.04490927437331394,0.020084038063783848,0.7748152696825651,0.8863218490126931,5
deterministic,robust,0.08,0.25,0.1,one_minus_confidence,clean,adv_error,5,auprc,0.46856428884685186,0.13394810129051962,0.059903411988525834,0.30227241716670417,0.6348561605269996,5
deterministic,robust,0.08,0.25,0.1,one_minus_confidence,clean,adv_error,5,prevalence,0.132,0.017888543819998323,0.008000000000000002,0.109792,0.154208,5
deterministic,robust,0.08,0.25,0.1,one_minus_confidence,clean,adv_error,5,neg_spearman_p_safe,0.4899867237946015,0.06805986301224629,0.03043729604694126,0.4054927899682926,0.5744806576209105,5
deterministic,robust,0.08,0.25,0.1,one_minus_confidence,clean,adv_error,5,neg_spearman_p_safe_optimistic,0.40670019071474367,0.04334498799416824,0.019384467927774488,0.3528889077472417,0.46051147368224565,5
deterministic,robust,0.08,0.25,0.1,one_minus_confidence,clean,cert_fail_tau0.5,5,auroc,0.881647700331911,0.025522430891850082,0.011413978085043472,0.8499624971678303,0.9133329034959916,5
deterministic,robust,0.08,0.25,0.1,one_minus_confidence,clean,cert_fail_tau0.5,5,auprc,0.5908447924624396,0.09776652133003512,0.043722517523528334,0.46947108381712493,0.7122185011077542,5
deterministic,robust,0.08,0.25,0.1,one_minus_confidence,clean,cert_fail_tau0.5,5,prevalence,0.1295501599849426,0.010546190579906313,0.004716399808067689,0.1164574341177467,0.1426428858521385,5
deterministic,robust,0.08,0.25,0.1,one_minus_confidence,clean,cert_fail_tau0.5,5,neg_spearman_p_safe,,,,,,0
deterministic,robust,0.08,0.25,0.1,one_minus_confidence,clean,cert_fail_tau0.5,5,neg_spearman_p_safe_optimistic,,,,,,0
deterministic,robust,0.08,0.25,0.1,one_minus_confidence,clean,cert_fail_tau0.9,5,auroc,0.881647700331911,0.025522430891850082,0.011413978085043472,0.8499624971678303,0.9133329034959916,5
deterministic,robust,0.08,0.25,0.1,one_minus_confidence,clean,cert_fail_tau0.9,5,auprc,0.5908447924624396,0.09776652133003512,0.043722517523528334,0.46947108381712493,0.7122185011077542,5
deterministic,robust,0.08,0.25,0.1,one_minus_confidence,clean,cert_fail_tau0.9,5,prevalence,0.1295501599849426,0.010546190579906313,0.004716399808067689,0.1164574341177467,0.1426428858521385,5
deterministic,robust,0.08,0.25,0.1,one_minus_confidence,clean,cert_fail_tau0.9,5,neg_spearman_p_safe,,,,,,0
deterministic,robust,0.08,0.25,0.1,one_minus_confidence,clean,cert_fail_tau0.9,5,neg_spearman_p_safe_optimistic,,,,,,0
deterministic,robust,0.08,0.25,0.1,one_minus_confidence,clean,cert_fail_tau0.95,5,auroc,,,,,,0
deterministic,robust,0.08,0.25,0.1,one_minus_confidence,clean,cert_fail_tau0.95,5,auprc,1.0,0.0,0.0,1.0,1.0,5
deterministic,robust,0.08,0.25,0.1,one_minus_confidence,clean,cert_fail_tau0.95,5,prevalence,1.0,0.0,0.0,1.0,1.0,5
deterministic,robust,0.08,0.25,0.1,one_minus_confidence,clean,cert_fail_tau0.95,5,neg_spearman_p_safe,,,,,,0
deterministic,robust,0.08,0.25,0.1,one_minus_confidence,clean,cert_fail_tau0.95,5,neg_spearman_p_safe_optimistic,,,,,,0
deterministic,robust,0.08,0.25,0.1,one_minus_confidence,delta,adv_error,5,auroc,0.8291905768649954,0.0902070884318344,0.040341836357183324,0.7172016391374545,0.9411795145925363,5
deterministic,robust,0.08,0.25,0.1,one_minus_confidence,delta,adv_error,5,auprc,0.481755803094149,0.19761661070037262,0.0883768350018291,0.23642170912907146,0.7270898970592266,5
deterministic,robust,0.08,0.25,0.1,one_minus_confidence,delta,adv_error,5,prevalence,0.132,0.017888543819998323,0.008000000000000002,0.109792,0.154208,5
deterministic,robust,0.08,0.25,0.1,one_minus_confidence,delta,adv_error,5,neg_spearman_p_safe,0.6410885628151344,0.06697620982516046,0.029952671608869618,0.5579399464289123,0.7242371792013564,5
deterministic,robust,0.08,0.25,0.1,one_minus_confidence,delta,adv_error,5,neg_spearman_p_safe_optimistic,0.32931410565722014,0.13519565247139953,0.060461333837697355,0.1614734429237723,0.49715476839066797,5
deterministic,robust,0.08,0.25,0.1,one_minus_confidence,delta,cert_fail_tau0.5,5,auroc,0.8757147937411096,0.0961520608815953,0.043000508861589085,0.7563453811413383,0.9950842063408809,5
deterministic,robust,0.08,0.25,0.1,one_minus_confidence,delta,cert_fail_tau0.5,5,auprc,0.6603702963702964,0.20560240477407082,0.09194819068244993,0.40512211903581546,0.9156184737047774,5
deterministic,robust,0.08,0.25,0.1,one_minus_confidence,delta,cert_fail_tau0.5,5,prevalence,0.1295501599849426,0.010546190579906313,0.004716399808067689,0.1164574341177467,0.1426428858521385,5
deterministic,robust,0.08,0.25,0.1,one_minus_confidence,delta,cert_fail_tau0.5,5,neg_spearman_p_safe,,,,,,0
deterministic,robust,0.08,0.25,0.1,one_minus_confidence,delta,cert_fail_tau0.5,5,neg_spearman_p_safe_optimistic,,,,,,0
deterministic,robust,0.08,0.25,0.1,one_minus_confidence,delta,cert_fail_tau0.9,5,auroc,0.8757147937411096,0.0961520608815953,0.043000508861589085,0.7563453811413383,0.9950842063408809,5
deterministic,robust,0.08,0.25,0.1,one_minus_confidence,delta,cert_fail_tau0.9,5,auprc,0.6603702963702964,0.20560240477407082,0.09194819068244993,0.40512211903581546,0.9156184737047774,5
deterministic,robust,0.08,0.25,0.1,one_minus_confidence,delta,cert_fail_tau0.9,5,prevalence,0.1295501599849426,0.010546190579906313,0.004716399808067689,0.1164574341177467,0.1426428858521385,5
deterministic,robust,0.08,0.25,0.1,one_minus_confidence,delta,cert_fail_tau0.9,5,neg_spearman_p_safe,,,,,,0
deterministic,robust,0.08,0.25,0.1,one_minus_confidence,delta,cert_fail_tau0.9,5,neg_spearman_p_safe_optimistic,,,,,,0
deterministic,robust,0.08,0.25,0.1,one_minus_confidence,delta,cert_fail_tau0.95,5,auroc,,,,,,0
deterministic,robust,0.08,0.25,0.1,one_minus_confidence,delta,cert_fail_tau0.95,5,auprc,1.0,0.0,0.0,1.0,1.0,5
deterministic,robust,0.08,0.25,0.1,one_minus_confidence,delta,cert_fail_tau0.95,5,prevalence,1.0,0.0,0.0,1.0,1.0,5
deterministic,robust,0.08,0.25,0.1,one_minus_confidence,delta,cert_fail_tau0.95,5,neg_spearman_p_safe,,,,,,0
deterministic,robust,0.08,0.25,0.1,one_minus_confidence,delta,cert_fail_tau0.95,5,neg_spearman_p_safe_optimistic,,,,,,0
deterministic,robust,0.08,0.25,0.15,mutual_information,adv,adv_error,5,auroc,0.4593636236636961,0.06350512924082202,0.02840035718047753,0.3805242321306905,0.5382030151967017,5
deterministic,robust,0.08,0.25,0.15,mutual_information,adv,adv_error,5,auprc,0.39067926185353397,0.07147801515070032,0.03196594015474516,0.3019418119839614,0.4794167117231065,5
deterministic,robust,0.08,0.25,0.15,mutual_information,adv,adv_error,5,prevalence,0.388,0.04381780460041329,0.019595917942265423,0.3336017317922712,0.4423982682077288,5
deterministic,robust,0.08,0.25,0.15,mutual_information,adv,adv_error,5,neg_spearman_p_safe,,,,,,0
deterministic,robust,0.08,0.25,0.15,mutual_information,adv,adv_error,5,neg_spearman_p_safe_optimistic,,,,,,0
deterministic,robust,0.08,0.25,0.15,mutual_information,adv,cert_fail_tau0.5,5,auroc,,,,,,0
deterministic,robust,0.08,0.25,0.15,mutual_information,adv,cert_fail_tau0.5,5,auprc,,,,,,0
deterministic,robust,0.08,0.25,0.15,mutual_information,adv,cert_fail_tau0.5,5,prevalence,,,,,,0
deterministic,robust,0.08,0.25,0.15,mutual_information,adv,cert_fail_tau0.5,5,neg_spearman_p_safe,,,,,,0
deterministic,robust,0.08,0.25,0.15,mutual_information,adv,cert_fail_tau0.5,5,neg_spearman_p_safe_optimistic,,,,,,0
deterministic,robust,0.08,0.25,0.15,mutual_information,adv,cert_fail_tau0.9,5,auroc,,,,,,0
deterministic,robust,0.08,0.25,0.15,mutual_information,adv,cert_fail_tau0.9,5,auprc,,,,,,0
deterministic,robust,0.08,0.25,0.15,mutual_information,adv,cert_fail_tau0.9,5,prevalence,,,,,,0
deterministic,robust,0.08,0.25,0.15,mutual_information,adv,cert_fail_tau0.9,5,neg_spearman_p_safe,,,,,,0
deterministic,robust,0.08,0.25,0.15,mutual_information,adv,cert_fail_tau0.9,5,neg_spearman_p_safe_optimistic,,,,,,0
deterministic,robust,0.08,0.25,0.15,mutual_information,adv,cert_fail_tau0.95,5,auroc,,,,,,0
deterministic,robust,0.08,0.25,0.15,mutual_information,adv,cert_fail_tau0.95,5,auprc,,,,,,0
deterministic,robust,0.08,0.25,0.15,mutual_information,adv,cert_fail_tau0.95,5,prevalence,,,,,,0
deterministic,robust,0.08,0.25,0.15,mutual_information,adv,cert_fail_tau0.95,5,neg_spearman_p_safe,,,,,,0
deterministic,robust,0.08,0.25,0.15,mutual_information,adv,cert_fail_tau0.95,5,neg_spearman_p_safe_optimistic,,,,,,0
deterministic,robust,0.08,0.25,0.15,mutual_information,clean,adv_error,5,auroc,0.42841833246649486,0.062326491985750465,0.027873254575846777,0.3510421777639442,0.5057944871690455,5
deterministic,robust,0.08,0.25,0.15,mutual_information,clean,adv_error,5,auprc,0.4268642144244704,0.0655033944745161,0.02929400856040042,0.34554404666079885,0.508184382188142,5
deterministic,robust,0.08,0.25,0.15,mutual_information,clean,adv_error,5,prevalence,0.388,0.04381780460041329,0.019595917942265423,0.3336017317922712,0.4423982682077288,5
deterministic,robust,0.08,0.25,0.15,mutual_information,clean,adv_error,5,neg_spearman_p_safe,,,,,,0
deterministic,robust,0.08,0.25,0.15,mutual_information,clean,adv_error,5,neg_spearman_p_safe_optimistic,,,,,,0
deterministic,robust,0.08,0.25,0.15,mutual_information,clean,cert_fail_tau0.5,5,auroc,,,,,,0
deterministic,robust,0.08,0.25,0.15,mutual_information,clean,cert_fail_tau0.5,5,auprc,,,,,,0
deterministic,robust,0.08,0.25,0.15,mutual_information,clean,cert_fail_tau0.5,5,prevalence,,,,,,0
deterministic,robust,0.08,0.25,0.15,mutual_information,clean,cert_fail_tau0.5,5,neg_spearman_p_safe,,,,,,0
deterministic,robust,0.08,0.25,0.15,mutual_information,clean,cert_fail_tau0.5,5,neg_spearman_p_safe_optimistic,,,,,,0
deterministic,robust,0.08,0.25,0.15,mutual_information,clean,cert_fail_tau0.9,5,auroc,,,,,,0
deterministic,robust,0.08,0.25,0.15,mutual_information,clean,cert_fail_tau0.9,5,auprc,,,,,,0
deterministic,robust,0.08,0.25,0.15,mutual_information,clean,cert_fail_tau0.9,5,prevalence,,,,,,0
deterministic,robust,0.08,0.25,0.15,mutual_information,clean,cert_fail_tau0.9,5,neg_spearman_p_safe,,,,,,0
deterministic,robust,0.08,0.25,0.15,mutual_information,clean,cert_fail_tau0.9,5,neg_spearman_p_safe_optimistic,,,,,,0
deterministic,robust,0.08,0.25,0.15,mutual_information,clean,cert_fail_tau0.95,5,auroc,,,,,,0
deterministic,robust,0.08,0.25,0.15,mutual_information,clean,cert_fail_tau0.95,5,auprc,,,,,,0
deterministic,robust,0.08,0.25,0.15,mutual_information,clean,cert_fail_tau0.95,5,prevalence,,,,,,0
deterministic,robust,0.08,0.25,0.15,mutual_information,clean,cert_fail_tau0.95,5,neg_spearman_p_safe,,,,,,0
deterministic,robust,0.08,0.25,0.15,mutual_information,clean,cert_fail_tau0.95,5,neg_spearman_p_safe_optimistic,,,,,,0
deterministic,robust,0.08,0.25,0.15,mutual_information,delta,adv_error,5,auroc,0.5106228418207845,0.061162240670359795,0.02735258555902536,0.43469206430893015,0.5865536193326389,5
deterministic,robust,0.08,0.25,0.15,mutual_information,delta,adv_error,5,auprc,0.43477362628565147,0.09399801301301156,0.04203718936940073,0.3180783885961951,0.5514688639751079,5
deterministic,robust,0.08,0.25,0.15,mutual_information,delta,adv_error,5,prevalence,0.388,0.04381780460041329,0.019595917942265423,0.3336017317922712,0.4423982682077288,5
deterministic,robust,0.08,0.25,0.15,mutual_information,delta,adv_error,5,neg_spearman_p_safe,,,,,,0
deterministic,robust,0.08,0.25,0.15,mutual_information,delta,adv_error,5,neg_spearman_p_safe_optimistic,,,,,,0
deterministic,robust,0.08,0.25,0.15,mutual_information,delta,cert_fail_tau0.5,5,auroc,,,,,,0
deterministic,robust,0.08,0.25,0.15,mutual_information,delta,cert_fail_tau0.5,5,auprc,,,,,,0
deterministic,robust,0.08,0.25,0.15,mutual_information,delta,cert_fail_tau0.5,5,prevalence,,,,,,0
deterministic,robust,0.08,0.25,0.15,mutual_information,delta,cert_fail_tau0.5,5,neg_spearman_p_safe,,,,,,0
deterministic,robust,0.08,0.25,0.15,mutual_information,delta,cert_fail_tau0.5,5,neg_spearman_p_safe_optimistic,,,,,,0
deterministic,robust,0.08,0.25,0.15,mutual_information,delta,cert_fail_tau0.9,5,auroc,,,,,,0
deterministic,robust,0.08,0.25,0.15,mutual_information,delta,cert_fail_tau0.9,5,auprc,,,,,,0
deterministic,robust,0.08,0.25,0.15,mutual_information,delta,cert_fail_tau0.9,5,prevalence,,,,,,0
deterministic,robust,0.08,0.25,0.15,mutual_information,delta,cert_fail_tau0.9,5,neg_spearman_p_safe,,,,,,0
deterministic,robust,0.08,0.25,0.15,mutual_information,delta,cert_fail_tau0.9,5,neg_spearman_p_safe_optimistic,,,,,,0
deterministic,robust,0.08,0.25,0.15,mutual_information,delta,cert_fail_tau0.95,5,auroc,,,,,,0
deterministic,robust,0.08,0.25,0.15,mutual_information,delta,cert_fail_tau0.95,5,auprc,,,,,,0
deterministic,robust,0.08,0.25,0.15,mutual_information,delta,cert_fail_tau0.95,5,prevalence,,,,,,0
deterministic,robust,0.08,0.25,0.15,mutual_information,delta,cert_fail_tau0.95,5,neg_spearman_p_safe,,,,,,0
deterministic,robust,0.08,0.25,0.15,mutual_information,delta,cert_fail_tau0.95,5,neg_spearman_p_safe_optimistic,,,,,,0
deterministic,robust,0.08,0.25,0.15,one_minus_confidence,adv,adv_error,5,auroc,0.6394926686217008,0.03862542072720863,0.01727381328111357,0.5915405629533296,0.6874447742900721,5
deterministic,robust,0.08,0.25,0.15,one_minus_confidence,adv,adv_error,5,auprc,0.5822459334463361,0.05292433857537972,0.023668483743752685,0.5165422225736787,0.6479496443189936,5
deterministic,robust,0.08,0.25,0.15,one_minus_confidence,adv,adv_error,5,prevalence,0.388,0.04381780460041329,0.019595917942265423,0.3336017317922712,0.4423982682077288,5
deterministic,robust,0.08,0.25,0.15,one_minus_confidence,adv,adv_error,5,neg_spearman_p_safe,,,,,,0
deterministic,robust,0.08,0.25,0.15,one_minus_confidence,adv,adv_error,5,neg_spearman_p_safe_optimistic,,,,,,0
deterministic,robust,0.08,0.25,0.15,one_minus_confidence,adv,cert_fail_tau0.5,5,auroc,,,,,,0
deterministic,robust,0.08,0.25,0.15,one_minus_confidence,adv,cert_fail_tau0.5,5,auprc,,,,,,0
deterministic,robust,0.08,0.25,0.15,one_minus_confidence,adv,cert_fail_tau0.5,5,prevalence,,,,,,0
deterministic,robust,0.08,0.25,0.15,one_minus_confidence,adv,cert_fail_tau0.5,5,neg_spearman_p_safe,,,,,,0
deterministic,robust,0.08,0.25,0.15,one_minus_confidence,adv,cert_fail_tau0.5,5,neg_spearman_p_safe_optimistic,,,,,,0
deterministic,robust,0.08,0.25,0.15,one_minus_confidence,adv,cert_fail_tau0.9,5,auroc,,,,,,0
deterministic,robust,0.08,0.25,0.15,one_minus_confidence,adv,cert_fail_tau0.9,5,auprc,,,,,,0
deterministic,robust,0.08,0.25,0.15,one_minus_confidence,adv,cert_fail_tau0.9,5,prevalence,,,,,,0
deterministic,robust,0.08,0.25,0.15,one_minus_confidence,adv,cert_fail_tau0.9,5,neg_spearman_p_safe,,,,,,0
deterministic,robust,0.08,0.25,0.15,one_minus_confidence,adv,cert_fail_tau0.9,5,neg_spearman_p_safe_optimistic,,,,,,0
deterministic,robust,0.08,0.25,0.15,one_minus_confidence,adv,cert_fail_tau0.95,5,auroc,,,,,,0
deterministic,robust,0.08,0.25,0.15,one_minus_confidence,adv,cert_fail_tau0.95,5,auprc,,,,,,0
deterministic,robust,0.08,0.25,0.15,one_minus_confidence,adv,cert_fail_tau0.95,5,prevalence,,,,,,0
deterministic,robust,0.08,0.25,0.15,one_minus_confidence,adv,cert_fail_tau0.95,5,neg_spearman_p_safe,,,,,,0
deterministic,robust,0.08,0.25,0.15,one_minus_confidence,adv,cert_fail_tau0.95,5,neg_spearman_p_safe_optimistic,,,,,,0
deterministic,robust,0.08,0.25,0.15,one_minus_confidence,clean,adv_error,5,auroc,0.659199465856724,0.009983592601975178,0.0044647983435361,0.6468051856550677,0.6715937460583802,5
deterministic,robust,0.08,0.25,0.15,one_minus_confidence,clean,adv_error,5,auprc,0.5415861230216473,0.06891704120153509,0.030820637786957247,0.45602803252505403,0.6271442135182407,5
deterministic,robust,0.08,0.25,0.15,one_minus_confidence,clean,adv_error,5,prevalence,0.388,0.04381780460041329,0.019595917942265423,0.3336017317922712,0.4423982682077288,5
deterministic,robust,0.08,0.25,0.15,one_minus_confidence,clean,adv_error,5,neg_spearman_p_safe,,,,,,0
deterministic,robust,0.08,0.25,0.15,one_minus_confidence,clean,adv_error,5,neg_spearman_p_safe_optimistic,,,,,,0
deterministic,robust,0.08,0.25,0.15,one_minus_confidence,clean,cert_fail_tau0.5,5,auroc,,,,,,0
deterministic,robust,0.08,0.25,0.15,one_minus_confidence,clean,cert_fail_tau0.5,5,auprc,,,,,,0
deterministic,robust,0.08,0.25,0.15,one_minus_confidence,clean,cert_fail_tau0.5,5,prevalence,,,,,,0
deterministic,robust,0.08,0.25,0.15,one_minus_confidence,clean,cert_fail_tau0.5,5,neg_spearman_p_safe,,,,,,0
deterministic,robust,0.08,0.25,0.15,one_minus_confidence,clean,cert_fail_tau0.5,5,neg_spearman_p_safe_optimistic,,,,,,0
deterministic,robust,0.08,0.25,0.15,one_minus_confidence,clean,cert_fail_tau0.9,5,auroc,,,,,,0
deterministic,robust,0.08,0.25,0.15,one_minus_confidence,clean,cert_fail_tau0.9,5,auprc,,,,,,0
deterministic,robust,0.08,0.25,0.15,one_minus_confidence,clean,cert_fail_tau0.9,5,prevalence,,,,,,0
deterministic,robust,0.08,0.25,0.15,one_minus_confidence,clean,cert_fail_tau0.9,5,neg_spearman_p_safe,,,,,,0
deterministic,robust,0.08,0.25,0.15,one_minus_confidence,clean,cert_fail_tau0.9,5,neg_spearman_p_safe_optimistic,,,,,,0
deterministic,robust,0.08,0.25,0.15,one_minus_confidence,clean,cert_fail_tau0.95,5,auroc,,,,,,0
deterministic,robust,0.08,0.25,0.15,one_minus_confidence,clean,cert_fail_tau0.95,5,auprc,,,,,,0
deterministic,robust,0.08,0.25,0.15,one_minus_confidence,clean,cert_fail_tau0.95,5,prevalence,,,,,,0
deterministic,robust,0.08,0.25,0.15,one_minus_confidence,clean,cert_fail_tau0.95,5,neg_spearman_p_safe,,,,,,0
deterministic,robust,0.08,0.25,0.15,one_minus_confidence,clean,cert_fail_tau0.95,5,neg_spearman_p_safe_optimistic,,,,,,0
deterministic,robust,0.08,0.25,0.15,one_minus_confidence,delta,adv_error,5,auroc,0.6374951013898383,0.0381808788746786,0.017075008120893406,0.5900948788462382,0.6848953239334384,5
deterministic,robust,0.08,0.25,0.15,one_minus_confidence,delta,adv_error,5,auprc,0.5815040281772049,0.05339355657707322,0.02387832441336334,0.5152177996057083,0.6477902567487015,5
deterministic,robust,0.08,0.25,0.15,one_minus_confidence,delta,adv_error,5,prevalence,0.388,0.04381780460041329,0.019595917942265423,0.3336017317922712,0.4423982682077288,5
deterministic,robust,0.08,0.25,0.15,one_minus_confidence,delta,adv_error,5,neg_spearman_p_safe,,,,,,0
deterministic,robust,0.08,0.25,0.15,one_minus_confidence,delta,adv_error,5,neg_spearman_p_safe_optimistic,,,,,,0
deterministic,robust,0.08,0.25,0.15,one_minus_confidence,delta,cert_fail_tau0.5,5,auroc,,,,,,0
deterministic,robust,0.08,0.25,0.15,one_minus_confidence,delta,cert_fail_tau0.5,5,auprc,,,,,,0
deterministic,robust,0.08,0.25,0.15,one_minus_confidence,delta,cert_fail_tau0.5,5,prevalence,,,,,,0
deterministic,robust,0.08,0.25,0.15,one_minus_confidence,delta,cert_fail_tau0.5,5,neg_spearman_p_safe,,,,,,0
deterministic,robust,0.08,0.25,0.15,one_minus_confidence,delta,cert_fail_tau0.5,5,neg_spearman_p_safe_optimistic,,,,,,0
deterministic,robust,0.08,0.25,0.15,one_minus_confidence,delta,cert_fail_tau0.9,5,auroc,,,,,,0
deterministic,robust,0.08,0.25,0.15,one_minus_confidence,delta,cert_fail_tau0.9,5,auprc,,,,,,0
deterministic,robust,0.08,0.25,0.15,one_minus_confidence,delta,cert_fail_tau0.9,5,prevalence,,,,,,0
deterministic,robust,0.08,0.25,0.15,one_minus_confidence,delta,cert_fail_tau0.9,5,neg_spearman_p_safe,,,,,,0
deterministic,robust,0.08,0.25,0.15,one_minus_confidence,delta,cert_fail_tau0.9,5,neg_spearman_p_safe_optimistic,,,,,,0
deterministic,robust,0.08,0.25,0.15,one_minus_confidence,delta,cert_fail_tau0.95,5,auroc,,,,,,0
deterministic,robust,0.08,0.25,0.15,one_minus_confidence,delta,cert_fail_tau0.95,5,auprc,,,,,,0
deterministic,robust,0.08,0.25,0.15,one_minus_confidence,delta,cert_fail_tau0.95,5,prevalence,,,,,,0
deterministic,robust,0.08,0.25,0.15,one_minus_confidence,delta,cert_fail_tau0.95,5,neg_spearman_p_safe,,,,,,0
deterministic,robust,0.08,0.25,0.15,one_minus_confidence,delta,cert_fail_tau0.95,5,neg_spearman_p_safe_optimistic,,,,,,0
deterministic,standard,,,0.01,mutual_information,adv,adv_error,5,auroc,0.21875,0.30935921676911454,0.21874999999999997,-2.5606874999999993,2.9981874999999993,2
deterministic,standard,,,0.01,mutual_information,adv,adv_error,5,auprc,0.043596837944664034,0.03337096825046394,0.02359683794466403,-0.25622458498023715,0.3434182608695652,2
deterministic,standard,,,0.01,mutual_information,adv,adv_error,5,prevalence,0.012,0.01788854381999832,0.008,-0.010207999999999998,0.034208,5
deterministic,standard,,,0.01,mutual_information,adv,adv_error,5,neg_spearman_p_safe,0.015377129951870544,0.19992360299023068,0.09996180149511534,-0.30270132240558645,0.3334555823093276,4
deterministic,standard,,,0.01,mutual_information,adv,adv_error,5,neg_spearman_p_safe_optimistic,-0.14249159291226451,0.1415000987031439,0.10005567933155884,-1.413799054499051,1.128815868674522,2
deterministic,standard,,,0.01,mutual_information,adv,cert_fail_tau0.5,5,auroc,0.21875,0.30935921676911454,0.21874999999999997,-2.5606874999999993,2.9981874999999993,2
deterministic,standard,,,0.01,mutual_information,adv,cert_fail_tau0.5,5,auprc,0.043596837944664034,0.03337096825046394,0.02359683794466403,-0.25622458498023715,0.3434182608695652,2
deterministic,standard,,,0.01,mutual_information,adv,cert_fail_tau0.5,5,prevalence,0.012,0.01788854381999832,0.008,-0.010207999999999998,0.034208,5
deterministic,standard,,,0.01,mutual_information,adv,cert_fail_tau0.5,5,neg_spearman_p_safe,,,,,,0
deterministic,standard,,,0.01,mutual_information,adv,cert_fail_tau0.5,5,neg_spearman_p_safe_optimistic,,,,,,0
deterministic,standard,,,0.01,mutual_information,adv,cert_fail_tau0.9,5,auroc,0.21875,0.30935921676911454,0.21874999999999997,-2.5606874999999993,2.9981874999999993,2
deterministic,standard,,,0.01,mutual_information,adv,cert_fail_tau0.9,5,auprc,0.043596837944664034,0.03337096825046394,0.02359683794466403,-0.25622458498023715,0.3434182608695652,2
deterministic,standard,,,0.01,mutual_information,adv,cert_fail_tau0.9,5,prevalence,0.012,0.01788854381999832,0.008,-0.010207999999999998,0.034208,5
deterministic,standard,,,0.01,mutual_information,adv,cert_fail_tau0.9,5,neg_spearman_p_safe,,,,,,0
deterministic,standard,,,0.01,mutual_information,adv,cert_fail_tau0.9,5,neg_spearman_p_safe_optimistic,,,,,,0
deterministic,standard,,,0.01,mutual_information,adv,cert_fail_tau0.95,5,auroc,,,,,,0
deterministic,standard,,,0.01,mutual_information,adv,cert_fail_tau0.95,5,auprc,1.0,0.0,,,,1
deterministic,standard,,,0.01,mutual_information,adv,cert_fail_tau0.95,5,prevalence,1.0,0.0,0.0,1.0,1.0,2
deterministic,standard,,,0.01,mutual_information,adv,cert_fail_tau0.95,5,neg_spearman_p_safe,,,,,,0
deterministic,standard,,,0.01,mutual_information,adv,cert_fail_tau0.95,5,neg_spearman_p_safe_optimistic,,,,,,0
deterministic,standard,,,0.01,mutual_information,clean,adv_error,5,auroc,0.657312925170068,0.34032520250985193,0.24064625850340132,-2.400338435374149,3.7149642857142853,2
deterministic,standard,,,0.01,mutual_information,clean,adv_error,5,auprc,0.1078548644338118,0.08317244834530761,0.05881180223285485,-0.6394078947368419,0.8551176236044654,2
deterministic,standard,,,0.01,mutual_information,clean,adv_error,5,prevalence,0.012,0.01788854381999832,0.008,-0.010207999999999998,0.034208,5
deterministic,standard,,,0.01,mutual_information,clean,adv_error,5,neg_spearman_p_safe,0.13559044753316277,0.13047821198844467,0.06523910599422234,-0.0720003877404527,0.34318128280677823,4
deterministic,standard,,,0.01,mutual_information,clean,adv_error,5,neg_spearman_p_safe_optimistic,0.06822759076409426,0.17651591839508984,0.12481560288453926,-1.5176794594868614,1.6541346410150501,2
deterministic,standard,,,0.01,mutual_information,clean,cert_fail_tau0.5,5,auroc,0.657312925170068,0.34032520250985193,0.24064625850340132,-2.400338435374149,3.7149642857142853,2
deterministic,standard,,,0.01,mutual_information,clean,cert_fail_tau0.5,5,auprc,0.1078548644338118,0.08317244834530761,0.05881180223285485,-0.6394078947368419,0.8551176236044654,2
deterministic,standard,,,0.01,mutual_information,clean,cert_fail_tau0.5,5,prevalence,0.012,0.01788854381999832,0.008,-0.010207999999999998,0.034208,5
deterministic,standard,,,0.01,mutual_information,clean,cert_fail_tau0.5,5,neg_spearman_p_safe,,,,,,0
deterministic,standard,,,0.01,mutual_information,clean,cert_fail_tau0.5,5,neg_spearman_p_safe_optimistic,,,,,,0
deterministic,standard,,,0.01,mutual_information,clean,cert_fail_tau0.9,5,auroc,0.657312925170068,0.34032520250985193,0.24064625850340132,-2.400338435374149,3.7149642857142853,2
deterministic,standard,,,0.01,mutual_information,clean,cert_fail_tau0.9,5,auprc,0.1078548644338118,0.08317244834530761,0.05881180223285485,-0.6394078947368419,0.8551176236044654,2
deterministic,standard,,,0.01,mutual_information,clean,cert_fail_tau0.9,5,prevalence,0.012,0.01788854381999832,0.008,-0.010207999999999998,0.034208,5
deterministic,standard,,,0.01,mutual_information,clean,cert_fail_tau0.9,5,neg_spearman_p_safe,,,,,,0
deterministic,standard,,,0.01,mutual_information,clean,cert_fail_tau0.9,5,neg_spearman_p_safe_optimistic,,,,,,0
deterministic,standard,,,0.01,mutual_information,clean,cert_fail_tau0.95,5,auroc,,,,,,0
deterministic,standard,,,0.01,mutual_information,clean,cert_fail_tau0.95,5,auprc,1.0,0.0,,,,1
deterministic,standard,,,0.01,mutual_information,clean,cert_fail_tau0.95,5,prevalence,1.0,0.0,0.0,1.0,1.0,2
deterministic,standard,,,0.01,mutual_information,clean,cert_fail_tau0.95,5,neg_spearman_p_safe,,,,,,0
deterministic,standard,,,0.01,mutual_information,clean,cert_fail_tau0.95,5,neg_spearman_p_safe_optimistic,,,,,,0
deterministic,standard,,,0.01,mutual_information,delta,adv_error,5,auroc,0.2549957482993197,0.33175694431945374,0.23458758503401358,-2.725674107142857,3.235665603741496,2
deterministic,standard,,,0.01,mutual_information,delta,adv_error,5,auprc,0.047108843537414964,0.03776046416540407,0.026700680272108843,-0.29215,0.38636768707482994,2
deterministic,standard,,,0.01,mutual_information,delta,adv_error,5,prevalence,0.012,0.01788854381999832,0.008,-0.010207999999999998,0.034208,5
deterministic,standard,,,0.01,mutual_information,delta,adv_error,5,neg_spearman_p_safe,-0.04755434585087493,0.1736383379850119,0.08681916899250595,-0.3238129415850289,0.22870424988327903,4
deterministic,standard,,,0.01,mutual_information,delta,adv_error,5,neg_spearman_p_safe_optimistic,-0.1198572248687226,0.15950147220482822,0.11278457260527165,-1.552898004391304,1.3131835546538588,2
deterministic,standard,,,0.01,mutual_information,delta,cert_fail_tau0.5,5,auroc,0.2549957482993197,0.33175694431945374,0.23458758503401358,-2.725674107142857,3.235665603741496,2
deterministic,standard,,,0.01,mutual_information,delta,cert_fail_tau0.5,5,auprc,0.047108843537414964,0.03776046416540407,0.026700680272108843,-0.29215,0.38636768707482994,2
deterministic,standard,,,0.01,mutual_information,delta,cert_fail_tau0.5,5,prevalence,0.012,0.01788854381999832,0.008,-0.010207999999999998,0.034208,5
deterministic,standard,,,0.01,mutual_information,delta,cert_fail_tau0.5,5,neg_spearman_p_safe,,,,,,0
deterministic,standard,,,0.01,mutual_information,delta,cert_fail_tau0.5,5,neg_spearman_p_safe_optimistic,,,,,,0
deterministic,standard,,,0.01,mutual_information,delta,cert_fail_tau0.9,5,auroc,0.2549957482993197,0.33175694431945374,0.23458758503401358,-2.725674107142857,3.235665603741496,2
deterministic,standard,,,0.01,mutual_information,delta,cert_fail_tau0.9,5,auprc,0.047108843537414964,0.03776046416540407,0.026700680272108843,-0.29215,0.38636768707482994,2
deterministic,standard,,,0.01,mutual_information,delta,cert_fail_tau0.9,5,prevalence,0.012,0.01788854381999832,0.008,-0.010207999999999998,0.034208,5
deterministic,standard,,,0.01,mutual_information,delta,cert_fail_tau0.9,5,neg_spearman_p_safe,,,,,,0
deterministic,standard,,,0.01,mutual_information,delta,cert_fail_tau0.9,5,neg_spearman_p_safe_optimistic,,,,,,0
deterministic,standard,,,0.01,mutual_information,delta,cert_fail_tau0.95,5,auroc,,,,,,0
deterministic,standard,,,0.01,mutual_information,delta,cert_fail_tau0.95,5,auprc,1.0,0.0,,,,1
deterministic,standard,,,0.01,mutual_information,delta,cert_fail_tau0.95,5,prevalence,1.0,0.0,0.0,1.0,1.0,2
deterministic,standard,,,0.01,mutual_information,delta,cert_fail_tau0.95,5,neg_spearman_p_safe,,,,,,0
deterministic,standard,,,0.01,mutual_information,delta,cert_fail_tau0.95,5,neg_spearman_p_safe_optimistic,,,,,,0
deterministic,standard,,,0.01,one_minus_confidence,adv,adv_error,5,auroc,1.0,0.0,0.0,1.0,1.0,2
deterministic,standard,,,0.01,one_minus_confidence,adv,adv_error,5,auprc,1.0,0.0,0.0,1.0,1.0,2
deterministic,standard,,,0.01,one_minus_confidence,adv,adv_error,5,prevalence,0.012,0.01788854381999832,0.008,-0.010207999999999998,0.034208,5
deterministic,standard,,,0.01,one_minus_confidence,adv,adv_error,5,neg_spearman_p_safe,0.2776501165824944,0.05323751757907697,0.026618758789538486,0.19294922611418291,0.36235100705080586,4
deterministic,standard,,,0.01,one_minus_confidence,adv,adv_error,5,neg_spearman_p_safe_optimistic,0.3016603811792776,0.07871927095466369,0.05566293030210392,-0.4055928112392547,1.0089135735978099,2
deterministic,standard,,,0.01,one_minus_confidence,adv,cert_fail_tau0.5,5,auroc,1.0,0.0,0.0,1.0,1.0,2
deterministic,standard,,,0.01,one_minus_confidence,adv,cert_fail_tau0.5,5,auprc,1.0,0.0,0.0,1.0,1.0,2
deterministic,standard,,,0.01,one_minus_confidence,adv,cert_fail_tau0.5,5,prevalence,0.012,0.01788854381999832,0.008,-0.010207999999999998,0.034208,5
deterministic,standard,,,0.01,one_minus_confidence,adv,cert_fail_tau0.5,5,neg_spearman_p_safe,,,,,,0
deterministic,standard,,,0.01,one_minus_confidence,adv,cert_fail_tau0.5,5,neg_spearman_p_safe_optimistic,,,,,,0
deterministic,standard,,,0.01,one_minus_confidence,adv,cert_fail_tau0.9,5,auroc,1.0,0.0,0.0,1.0,1.0,2
deterministic,standard,,,0.01,one_minus_confidence,adv,cert_fail_tau0.9,5,auprc,1.0,0.0,0.0,1.0,1.0,2
deterministic,standard,,,0.01,one_minus_confidence,adv,cert_fail_tau0.9,5,prevalence,0.012,0.01788854381999832,0.008,-0.010207999999999998,0.034208,5
deterministic,standard,,,0.01,one_minus_confidence,adv,cert_fail_tau0.9,5,neg_spearman_p_safe,,,,,,0
deterministic,standard,,,0.01,one_minus_confidence,adv,cert_fail_tau0.9,5,neg_spearman_p_safe_optimistic,,,,,,0
deterministic,standard,,,0.01,one_minus_confidence,adv,cert_fail_tau0.95,5,auroc,,,,,,0
deterministic,standard,,,0.01,one_minus_confidence,adv,cert_fail_tau0.95,5,auprc,1.0,0.0,,,,1
deterministic,standard,,,0.01,one_minus_confidence,adv,cert_fail_tau0.95,5,prevalence,1.0,0.0,0.0,1.0,1.0,2
deterministic,standard,,,0.01,one_minus_confidence,adv,cert_fail_tau0.95,5,neg_spearman_p_safe,,,,,,0
deterministic,standard,,,0.01,one_minus_confidence,adv,cert_fail_tau0.95,5,neg_spearman_p_safe_optimistic,,,,,,0
deterministic,standard,,,0.01,one_minus_confidence,clean,adv_error,5,auroc,1.0,0.0,0.0,1.0,1.0,2
deterministic,standard,,,0.01,one_minus_confidence,clean,adv_error,5,auprc,1.0,0.0,0.0,1.0,1.0,2
deterministic,standard,,,0.01,one_minus_confidence,clean,adv_error,5,prevalence,0.012,0.01788854381999832,0.008,-0.010207999999999998,0.034208,5
deterministic,standard,,,0.01,one_minus_confidence,clean,adv_error,5,neg_spearman_p_safe,0.2912583237496869,0.05081650895501227,0.025408254477506134,0.2104092580022624,0.3721073894971114,4
deterministic,standard,,,0.01,one_minus_confidence,clean,adv_error,5,neg_spearman_p_safe_optimistic,0.31013192841764303,0.07946255089156114,0.056188508585804015,-0.4037992616735827,1.0240631185088689,2
deterministic,standard,,,0.01,one_minus_confidence,clean,cert_fail_tau0.5,5,auroc,1.0,0.0,0.0,1.0,1.0,2
deterministic,standard,,,0.01,one_minus_confidence,clean,cert_fail_tau0.5,5,auprc,1.0,0.0,0.0,1.0,1.0,2
deterministic,standard,,,0.01,one_minus_confidence,clean,cert_fail_tau0.5,5,prevalence,0.012,0.01788854381999832,0.008,-0.010207999999999998,0.034208,5
deterministic,standard,,,0.01,one_minus_confidence,clean,cert_fail_tau0.5,5,neg_spearman_p_safe,,,,,,0
deterministic,standard,,,0.01,one_minus_confidence,clean,cert_fail_tau0.5,5,neg_spearman_p_safe_optimistic,,,,,,0
deterministic,standard,,,0.01,one_minus_confidence,clean,cert_fail_tau0.9,5,auroc,1.0,0.0,0.0,1.0,1.0,2
deterministic,standard,,,0.01,one_minus_confidence,clean,cert_fail_tau0.9,5,auprc,1.0,0.0,0.0,1.0,1.0,2
deterministic,standard,,,0.01,one_minus_confidence,clean,cert_fail_tau0.9,5,prevalence,0.012,0.01788854381999832,0.008,-0.010207999999999998,0.034208,5
deterministic,standard,,,0.01,one_minus_confidence,clean,cert_fail_tau0.9,5,neg_spearman_p_safe,,,,,,0
deterministic,standard,,,0.01,one_minus_confidence,clean,cert_fail_tau0.9,5,neg_spearman_p_safe_optimistic,,,,,,0
deterministic,standard,,,0.01,one_minus_confidence,clean,cert_fail_tau0.95,5,auroc,,,,,,0
deterministic,standard,,,0.01,one_minus_confidence,clean,cert_fail_tau0.95,5,auprc,1.0,0.0,,,,1
deterministic,standard,,,0.01,one_minus_confidence,clean,cert_fail_tau0.95,5,prevalence,1.0,0.0,0.0,1.0,1.0,2
deterministic,standard,,,0.01,one_minus_confidence,clean,cert_fail_tau0.95,5,neg_spearman_p_safe,,,,,,0
deterministic,standard,,,0.01,one_minus_confidence,clean,cert_fail_tau0.95,5,neg_spearman_p_safe_optimistic,,,,,,0
deterministic,standard,,,0.01,one_minus_confidence,delta,adv_error,5,auroc,0.5,0.7071067811865476,0.5,-5.853,6.853,2
deterministic,standard,,,0.01,one_minus_confidence,delta,adv_error,5,auprc,0.5151020408163265,0.6857492702445864,0.4848979591836734,-5.646011428571427,6.676215510204081,2
deterministic,standard,,,0.01,one_minus_confidence,delta,adv_error,5,prevalence,0.012,0.01788854381999832,0.008,-0.010207999999999998,0.034208,5
deterministic,standard,,,0.01,one_minus_confidence,delta,adv_error,5,neg_spearman_p_safe,0.09898542301114557,0.30422722575465794,0.15211361287732897,-0.38504009316451515,0.5830109391868064,4
deterministic,standard,,,0.01,one_minus_confidence,delta,adv_error,5,neg_spearman_p_safe_optimistic,-0.055669005963420004,0.42660361001173835,0.3016543055179615,-3.8884886118746387,3.777150599947799,2
deterministic,standard,,,0.01,one_minus_confidence,delta,cert_fail_tau0.5,5,auroc,0.5,0.7071067811865476,0.5,-5.853,6.853,2
deterministic,standard,,,0.01,one_minus_confidence,delta,cert_fail_tau0.5,5,auprc,0.5151020408163265,0.6857492702445864,0.4848979591836734,-5.646011428571427,6.676215510204081,2
deterministic,standard,,,0.01,one_minus_confidence,delta,cert_fail_tau0.5,5,prevalence,0.012,0.01788854381999832,0.008,-0.010207999999999998,0.034208,5
deterministic,standard,,,0.01,one_minus_confidence,delta,cert_fail_tau0.5,5,neg_spearman_p_safe,,,,,,0
deterministic,standard,,,0.01,one_minus_confidence,delta,cert_fail_tau0.5,5,neg_spearman_p_safe_optimistic,,,,,,0
deterministic,standard,,,0.01,one_minus_confidence,delta,cert_fail_tau0.9,5,auroc,0.5,0.7071067811865476,0.5,-5.853,6.853,2
deterministic,standard,,,0.01,one_minus_confidence,delta,cert_fail_tau0.9,5,auprc,0.5151020408163265,0.6857492702445864,0.4848979591836734,-5.646011428571427,6.676215510204081,2
deterministic,standard,,,0.01,one_minus_confidence,delta,cert_fail_tau0.9,5,prevalence,0.012,0.01788854381999832,0.008,-0.010207999999999998,0.034208,5
deterministic,standard,,,0.01,one_minus_confidence,delta,cert_fail_tau0.9,5,neg_spearman_p_safe,,,,,,0
deterministic,standard,,,0.01,one_minus_confidence,delta,cert_fail_tau0.9,5,neg_spearman_p_safe_optimistic,,,,,,0
deterministic,standard,,,0.01,one_minus_confidence,delta,cert_fail_tau0.95,5,auroc,,,,,,0
deterministic,standard,,,0.01,one_minus_confidence,delta,cert_fail_tau0.95,5,auprc,1.0,0.0,,,,1
deterministic,standard,,,0.01,one_minus_confidence,delta,cert_fail_tau0.95,5,prevalence,1.0,0.0,0.0,1.0,1.0,2
deterministic,standard,,,0.01,one_minus_confidence,delta,cert_fail_tau0.95,5,neg_spearman_p_safe,,,,,,0
deterministic,standard,,,0.01,one_minus_confidence,delta,cert_fail_tau0.95,5,neg_spearman_p_safe_optimistic,,,,,,0
deterministic,standard,,,0.03,mutual_information,adv,adv_error,5,auroc,0.580672203765227,0.1071857508656317,0.04793492503098188,0.4476048518792213,0.7137395556512327,5
deterministic,standard,,,0.03,mutual_information,adv,adv_error,5,auprc,0.24863195173575253,0.09752778383943718,0.043615750871977395,0.12755462731514328,0.3697092761563618,5
deterministic,standard,,,0.03,mutual_information,adv,adv_error,5,prevalence,0.14400000000000002,0.026076809620810597,0.0116619037896906,0.11162655507981892,0.17637344492018112,5
deterministic,standard,,,0.03,mutual_information,adv,adv_error,5,neg_spearman_p_safe,,,,,,0
deterministic,standard,,,0.03,mutual_information,adv,adv_error,5,neg_spearman_p_safe_optimistic,,,,,,0
deterministic,standard,,,0.03,mutual_information,adv,cert_fail_tau0.5,5,auroc,,,,,,0
deterministic,standard,,,0.03,mutual_information,adv,cert_fail_tau0.5,5,auprc,,,,,,0
deterministic,standard,,,0.03,mutual_information,adv,cert_fail_tau0.5,5,prevalence,,,,,,0
deterministic,standard,,,0.03,mutual_information,adv,cert_fail_tau0.5,5,neg_spearman_p_safe,,,,,,0
deterministic,standard,,,0.03,mutual_information,adv,cert_fail_tau0.5,5,neg_spearman_p_safe_optimistic,,,,,,0
deterministic,standard,,,0.03,mutual_information,adv,cert_fail_tau0.9,5,auroc,,,,,,0
deterministic,standard,,,0.03,mutual_information,adv,cert_fail_tau0.9,5,auprc,,,,,,0
deterministic,standard,,,0.03,mutual_information,adv,cert_fail_tau0.9,5,prevalence,,,,,,0
deterministic,standard,,,0.03,mutual_information,adv,cert_fail_tau0.9,5,neg_spearman_p_safe,,,,,,0
deterministic,standard,,,0.03,mutual_information,adv,cert_fail_tau0.9,5,neg_spearman_p_safe_optimistic,,,,,,0
deterministic,standard,,,0.03,mutual_information,adv,cert_fail_tau0.95,5,auroc,,,,,,0
deterministic,standard,,,0.03,mutual_information,adv,cert_fail_tau0.95,5,auprc,,,,,,0
deterministic,standard,,,0.03,mutual_information,adv,cert_fail_tau0.95,5,prevalence,,,,,,0
deterministic,standard,,,0.03,mutual_information,adv,cert_fail_tau0.95,5,neg_spearman_p_safe,,,,,,0
deterministic,standard,,,0.03,mutual_information,adv,cert_fail_tau0.95,5,neg_spearman_p_safe_optimistic,,,,,,0
deterministic,standard,,,0.03,mutual_information,clean,adv_error,5,auroc,0.6091860465116279,0.05328308706089255,0.02382892094383904,0.5430369619715307,0.675335131051725,5
deterministic,standard,,,0.03,mutual_information,clean,adv_error,5,auprc,0.4306367077622403,0.17089771420534416,0.0764277812324962,0.21847318706083083,0.6428002284636497,5
deterministic,standard,,,0.03,mutual_information,clean,adv_error,5,prevalence,0.14400000000000002,0.026076809620810597,0.0116619037896906,0.11162655507981892,0.17637344492018112,5
deterministic,standard,,,0.03,mutual_information,clean,adv_error,5,neg_spearman_p_safe,,,,,,0
deterministic,standard,,,0.03,mutual_information,clean,adv_error,5,neg_spearman_p_safe_optimistic,,,,,,0
deterministic,standard,,,0.03,mutual_information,clean,cert_fail_tau0.5,5,auroc,,,,,,0
deterministic,standard,,,0.03,mutual_information,clean,cert_fail_tau0.5,5,auprc,,,,,,0
deterministic,standard,,,0.03,mutual_information,clean,cert_fail_tau0.5,5,prevalence,,,,,,0
deterministic,standard,,,0.03,mutual_information,clean,cert_fail_tau0.5,5,neg_spearman_p_safe,,,,,,0
deterministic,standard,,,0.03,mutual_information,clean,cert_fail_tau0.5,5,neg_spearman_p_safe_optimistic,,,,,,0
deterministic,standard,,,0.03,mutual_information,clean,cert_fail_tau0.9,5,auroc,,,,,,0
deterministic,standard,,,0.03,mutual_information,clean,cert_fail_tau0.9,5,auprc,,,,,,0
deterministic,standard,,,0.03,mutual_information,clean,cert_fail_tau0.9,5,prevalence,,,,,,0
deterministic,standard,,,0.03,mutual_information,clean,cert_fail_tau0.9,5,neg_spearman_p_safe,,,,,,0
deterministic,standard,,,0.03,mutual_information,clean,cert_fail_tau0.9,5,neg_spearman_p_safe_optimistic,,,,,,0
deterministic,standard,,,0.03,mutual_information,clean,cert_fail_tau0.95,5,auroc,,,,,,0
deterministic,standard,,,0.03,mutual_information,clean,cert_fail_tau0.95,5,auprc,,,,,,0
deterministic,standard,,,0.03,mutual_information,clean,cert_fail_tau0.95,5,prevalence,,,,,,0
deterministic,standard,,,0.03,mutual_information,clean,cert_fail_tau0.95,5,neg_spearman_p_safe,,,,,,0
deterministic,standard,,,0.03,mutual_information,clean,cert_fail_tau0.95,5,neg_spearman_p_safe_optimistic,,,,,,0
deterministic,standard,,,0.03,mutual_information,delta,adv_error,5,auroc,0.5151109265411591,0.08312741162556257,0.03717570863767284,0.4119111593629793,0.6183106937193389,5
deterministic,standard,,,0.03,mutual_information,delta,adv_error,5,auprc,0.22123940234979345,0.09907416501391957,0.04430731355703111,0.09824229991547509,0.34423650478411183,5
deterministic,standard,,,0.03,mutual_information,delta,adv_error,5,prevalence,0.14400000000000002,0.026076809620810597,0.0116619037896906,0.11162655507981892,0.17637344492018112,5
deterministic,standard,,,0.03,mutual_information,delta,adv_error,5,neg_spearman_p_safe,,,,,,0
deterministic,standard,,,0.03,mutual_information,delta,adv_error,5,neg_spearman_p_safe_optimistic,,,,,,0
deterministic,standard,,,0.03,mutual_information,delta,cert_fail_tau0.5,5,auroc,,,,,,0
deterministic,standard,,,0.03,mutual_information,delta,cert_fail_tau0.5,5,auprc,,,,,,0
deterministic,standard,,,0.03,mutual_information,delta,cert_fail_tau0.5,5,prevalence,,,,,,0
deterministic,standard,,,0.03,mutual_information,delta,cert_fail_tau0.5,5,neg_spearman_p_safe,,,,,,0
deterministic,standard,,,0.03,mutual_information,delta,cert_fail_tau0.5,5,neg_spearman_p_safe_optimistic,,,,,,0
deterministic,standard,,,0.03,mutual_information,delta,cert_fail_tau0.9,5,auroc,,,,,,0
deterministic,standard,,,0.03,mutual_information,delta,cert_fail_tau0.9,5,auprc,,,,,,0
deterministic,standard,,,0.03,mutual_information,delta,cert_fail_tau0.9,5,prevalence,,,,,,0
deterministic,standard,,,0.03,mutual_information,delta,cert_fail_tau0.9,5,neg_spearman_p_safe,,,,,,0
deterministic,standard,,,0.03,mutual_information,delta,cert_fail_tau0.9,5,neg_spearman_p_safe_optimistic,,,,,,0
deterministic,standard,,,0.03,mutual_information,delta,cert_fail_tau0.95,5,auroc,,,,,,0
deterministic,standard,,,0.03,mutual_information,delta,cert_fail_tau0.95,5,auprc,,,,,,0
deterministic,standard,,,0.03,mutual_information,delta,cert_fail_tau0.95,5,prevalence,,,,,,0
deterministic,standard,,,0.03,mutual_information,delta,cert_fail_tau0.95,5,neg_spearman_p_safe,,,,,,0
deterministic,standard,,,0.03,mutual_information,delta,cert_fail_tau0.95,5,neg_spearman_p_safe_optimistic,,,,,,0
deterministic,standard,,,0.03,one_minus_confidence,adv,adv_error,5,auroc,0.8681762643041713,0.06658539794232783,0.02977789522158393,0.7855128271690544,0.9508397014392882,5
deterministic,standard,,,0.03,one_minus_confidence,adv,adv_error,5,auprc,0.5152364623672854,0.1519436574574689,0.06795126936496866,0.32660373861013237,0.7038691861244384,5
deterministic,standard,,,0.03,one_minus_confidence,adv,adv_error,5,prevalence,0.14400000000000002,0.026076809620810597,0.0116619037896906,0.11162655507981892,0.17637344492018112,5
deterministic,standard,,,0.03,one_minus_confidence,adv,adv_error,5,neg_spearman_p_safe,,,,,,0
deterministic,standard,,,0.03,one_minus_confidence,adv,adv_error,5,neg_spearman_p_safe_optimistic,,,,,,0
deterministic,standard,,,0.03,one_minus_confidence,adv,cert_fail_tau0.5,5,auroc,,,,,,0
deterministic,standard,,,0.03,one_minus_confidence,adv,cert_fail_tau0.5,5,auprc,,,,,,0
deterministic,standard,,,0.03,one_minus_confidence,adv,cert_fail_tau0.5,5,prevalence,,,,,,0
deterministic,standard,,,0.03,one_minus_confidence,adv,cert_fail_tau0.5,5,neg_spearman_p_safe,,,,,,0
deterministic,standard,,,0.03,one_minus_confidence,adv,cert_fail_tau0.5,5,neg_spearman_p_safe_optimistic,,,,,,0
deterministic,standard,,,0.03,one_minus_confidence,adv,cert_fail_tau0.9,5,auroc,,,,,,0
deterministic,standard,,,0.03,one_minus_confidence,adv,cert_fail_tau0.9,5,auprc,,,,,,0
deterministic,standard,,,0.03,one_minus_confidence,adv,cert_fail_tau0.9,5,prevalence,,,,,,0
deterministic,standard,,,0.03,one_minus_confidence,adv,cert_fail_tau0.9,5,neg_spearman_p_safe,,,,,,0
deterministic,standard,,,0.03,one_minus_confidence,adv,cert_fail_tau0.9,5,neg_spearman_p_safe_optimistic,,,,,,0
deterministic,standard,,,0.03,one_minus_confidence,adv,cert_fail_tau0.95,5,auroc,,,,,,0
deterministic,standard,,,0.03,one_minus_confidence,adv,cert_fail_tau0.95,5,auprc,,,,,,0
deterministic,standard,,,0.03,one_minus_confidence,adv,cert_fail_tau0.95,5,prevalence,,,,,,0
deterministic,standard,,,0.03,one_minus_confidence,adv,cert_fail_tau0.95,5,neg_spearman_p_safe,,,,,,0
deterministic,standard,,,0.03,one_minus_confidence,adv,cert_fail_tau0.95,5,neg_spearman_p_safe_optimistic,,,,,,0
deterministic,standard,,,0.03,one_minus_confidence,clean,adv_error,5,auroc,0.9765945921004061,0.02722003642466017,0.012173170359112095,0.9428018711835109,1.0103873130173013,5
deterministic,standard,,,0.03,one_minus_confidence,clean,adv_error,5,auprc,0.9051021696557411,0.09478158678500793,0.042387614213314696,0.7874341525995795,1.0227701867119028,5
deterministic,standard,,,0.03,one_minus_confidence,clean,adv_error,5,prevalence,0.14400000000000002,0.026076809620810597,0.0116619037896906,0.11162655507981892,0.17637344492018112,5
deterministic,standard,,,0.03,one_minus_confidence,clean,adv_error,5,neg_spearman_p_safe,,,,,,0
deterministic,standard,,,0.03,one_minus_confidence,clean,adv_error,5,neg_spearman_p_safe_optimistic,,,,,,0
deterministic,standard,,,0.03,one_minus_confidence,clean,cert_fail_tau0.5,5,auroc,,,,,,0
deterministic,standard,,,0.03,one_minus_confidence,clean,cert_fail_tau0.5,5,auprc,,,,,,0
deterministic,standard,,,0.03,one_minus_confidence,clean,cert_fail_tau0.5,5,prevalence,,,,,,0
deterministic,standard,,,0.03,one_minus_confidence,clean,cert_fail_tau0.5,5,neg_spearman_p_safe,,,,,,0
deterministic,standard,,,0.03,one_minus_confidence,clean,cert_fail_tau0.5,5,neg_spearman_p_safe_optimistic,,,,,,0
deterministic,standard,,,0.03,one_minus_confidence,clean,cert_fail_tau0.9,5,auroc,,,,,,0
deterministic,standard,,,0.03,one_minus_confidence,clean,cert_fail_tau0.9,5,auprc,,,,,,0
deterministic,standard,,,0.03,one_minus_confidence,clean,cert_fail_tau0.9,5,prevalence,,,,,,0
deterministic,standard,,,0.03,one_minus_confidence,clean,cert_fail_tau0.9,5,neg_spearman_p_safe,,,,,,0
deterministic,standard,,,0.03,one_minus_confidence,clean,cert_fail_tau0.9,5,neg_spearman_p_safe_optimistic,,,,,,0
deterministic,standard,,,0.03,one_minus_confidence,clean,cert_fail_tau0.95,5,auroc,,,,,,0
deterministic,standard,,,0.03,one_minus_confidence,clean,cert_fail_tau0.95,5,auprc,,,,,,0
deterministic,standard,,,0.03,one_minus_confidence,clean,cert_fail_tau0.95,5,prevalence,,,,,,0
deterministic,standard,,,0.03,one_minus_confidence,clean,cert_fail_tau0.95,5,neg_spearman_p_safe,,,,,,0
deterministic,standard,,,0.03,one_minus_confidence,clean,cert_fail_tau0.95,5,neg_spearman_p_safe_optimistic,,,,,,0
deterministic,standard,,,0.03,one_minus_confidence,delta,adv_error,5,auroc,0.8091445182724252,0.1594039394448677,0.07128760889599685,0.611250115977138,1.0070389205677124,5
deterministic,standard,,,0.03,one_minus_confidence,delta,adv_error,5,auprc,0.5024904034457606,0.16444711286213345,0.07354298461266208,0.2983350781610107,0.7066457287305105,5
deterministic,standard,,,0.03,one_minus_confidence,delta,adv_error,5,prevalence,0.14400000000000002,0.026076809620810597,0.0116619037896906,0.11162655507981892,0.17637344492018112,5
deterministic,standard,,,0.03,one_minus_confidence,delta,adv_error,5,neg_spearman_p_safe,,,,,,0
deterministic,standard,,,0.03,one_minus_confidence,delta,adv_error,5,neg_spearman_p_safe_optimistic,,,,,,0
deterministic,standard,,,0.03,one_minus_confidence,delta,cert_fail_tau0.5,5,auroc,,,,,,0
deterministic,standard,,,0.03,one_minus_confidence,delta,cert_fail_tau0.5,5,auprc,,,,,,0
deterministic,standard,,,0.03,one_minus_confidence,delta,cert_fail_tau0.5,5,prevalence,,,,,,0
deterministic,standard,,,0.03,one_minus_confidence,delta,cert_fail_tau0.5,5,neg_spearman_p_safe,,,,,,0
deterministic,standard,,,0.03,one_minus_confidence,delta,cert_fail_tau0.5,5,neg_spearman_p_safe_optimistic,,,,,,0
deterministic,standard,,,0.03,one_minus_confidence,delta,cert_fail_tau0.9,5,auroc,,,,,,0
deterministic,standard,,,0.03,one_minus_confidence,delta,cert_fail_tau0.9,5,auprc,,,,,,0
deterministic,standard,,,0.03,one_minus_confidence,delta,cert_fail_tau0.9,5,prevalence,,,,,,0
deterministic,standard,,,0.03,one_minus_confidence,delta,cert_fail_tau0.9,5,neg_spearman_p_safe,,,,,,0
deterministic,standard,,,0.03,one_minus_confidence,delta,cert_fail_tau0.9,5,neg_spearman_p_safe_optimistic,,,,,,0
deterministic,standard,,,0.03,one_minus_confidence,delta,cert_fail_tau0.95,5,auroc,,,,,,0
deterministic,standard,,,0.03,one_minus_confidence,delta,cert_fail_tau0.95,5,auprc,,,,,,0
deterministic,standard,,,0.03,one_minus_confidence,delta,cert_fail_tau0.95,5,prevalence,,,,,,0
deterministic,standard,,,0.03,one_minus_confidence,delta,cert_fail_tau0.95,5,neg_spearman_p_safe,,,,,,0
deterministic,standard,,,0.03,one_minus_confidence,delta,cert_fail_tau0.95,5,neg_spearman_p_safe_optimistic,,,,,,0
deterministic,standard,,,0.05,mutual_information,adv,adv_error,5,auroc,0.4982711229993839,0.08887111816313834,0.03974437228983871,0.3879407455227917,0.6086015004759762,5
deterministic,standard,,,0.05,mutual_information,adv,adv_error,5,auprc,0.5359324480453493,0.08361939541596405,0.03739573047750598,0.43212190023979274,0.639742995850906,5
deterministic,standard,,,0.05,mutual_information,adv,adv_error,5,prevalence,0.45199999999999996,0.017888543819998312,0.007999999999999997,0.42979199999999995,0.47420799999999996,5
deterministic,standard,,,0.05,mutual_information,adv,adv_error,5,neg_spearman_p_safe,,,,,,0
deterministic,standard,,,0.05,mutual_information,adv,adv_error,5,neg_spearman_p_safe_optimistic,-0.01828871989953664,0.15694285139109668,0.07018697685862792,-0.21312776765908772,0.17655032786001443,5
deterministic,standard,,,0.05,mutual_information,adv,cert_fail_tau0.5,5,auroc,,,,,,0
deterministic,standard,,,0.05,mutual_information,adv,cert_fail_tau0.5,5,auprc,1.0,0.0,0.0,1.0,1.0,5
deterministic,standard,,,0.05,mutual_information,adv,cert_fail_tau0.5,5,prevalence,1.0,0.0,0.0,1.0,1.0,5
deterministic,standard,,,0.05,mutual_information,adv,cert_fail_tau0.5,5,neg_spearman_p_safe,,,,,,0
deterministic,standard,,,0.05,mutual_information,adv,cert_fail_tau0.5,5,neg_spearman_p_safe_optimistic,,,,,,0
deterministic,standard,,,0.05,mutual_information,adv,cert_fail_tau0.9,5,auroc,,,,,,0
deterministic,standard,,,0.05,mutual_information,adv,cert_fail_tau0.9,5,auprc,1.0,0.0,0.0,1.0,1.0,5
deterministic,standard,,,0.05,mutual_information,adv,cert_fail_tau0.9,5,prevalence,1.0,0.0,0.0,1.0,1.0,5
deterministic,standard,,,0.05,mutual_information,adv,cert_fail_tau0.9,5,neg_spearman_p_safe,,,,,,0
deterministic,standard,,,0.05,mutual_information,adv,cert_fail_tau0.9,5,neg_spearman_p_safe_optimistic,,,,,,0
deterministic,standard,,,0.05,mutual_information,adv,cert_fail_tau0.95,5,auroc,,,,,,0
deterministic,standard,,,0.05,mutual_information,adv,cert_fail_tau0.95,5,auprc,1.0,0.0,0.0,1.0,1.0,5
deterministic,standard,,,0.05,mutual_information,adv,cert_fail_tau0.95,5,prevalence,1.0,0.0,0.0,1.0,1.0,5
deterministic,standard,,,0.05,mutual_information,adv,cert_fail_tau0.95,5,neg_spearman_p_safe,,,,,,0
deterministic,standard,,,0.05,mutual_information,adv,cert_fail_tau0.95,5,neg_spearman_p_safe_optimistic,,,,,,0
deterministic,standard,,,0.05,mutual_information,clean,adv_error,5,auroc,0.4205098846403194,0.06515186309411483,0.029136798947840107,0.33962613076111525,0.5013936385195236,5
deterministic,standard,,,0.05,mutual_information,clean,adv_error,5,auprc,0.6127632176050455,0.056064256786242606,0.02507269785640847,0.5431614083556555,0.6823650268544355,5
deterministic,standard,,,0.05,mutual_information,clean,adv_error,5,prevalence,0.45199999999999996,0.017888543819998312,0.007999999999999997,0.42979199999999995,0.47420799999999996,5
deterministic,standard,,,0.05,mutual_information,clean,adv_error,5,neg_spearman_p_safe,,,,,,0
deterministic,standard,,,0.05,mutual_information,clean,adv_error,5,neg_spearman_p_safe_optimistic,-0.1398025929621026,0.11026259220407544,0.04931093030873021,-0.27668973549913767,-0.0029154504250675506,5
deterministic,standard,,,0.05,mutual_information,clean,cert_fail_tau0.5,5,auroc,,,,,,0
deterministic,standard,,,0.05,mutual_information,clean,cert_fail_tau0.5,5,auprc,1.0,0.0,0.0,1.0,1.0,5
deterministic,standard,,,0.05,mutual_information,clean,cert_fail_tau0.5,5,prevalence,1.0,0.0,0.0,1.0,1.0,5
deterministic,standard,,,0.05,mutual_information,clean,cert_fail_tau0.5,5,neg_spearman_p_safe,,,,,,0
deterministic,standard,,,0.05,mutual_information,clean,cert_fail_tau0.5,5,neg_spearman_p_safe_optimistic,,,,,,0
deterministic,standard,,,0.05,mutual_information,clean,cert_fail_tau0.9,5,auroc,,,,,,0
deterministic,standard,,,0.05,mutual_information,clean,cert_fail_tau0.9,5,auprc,1.0,0.0,0.0,1.0,1.0,5
deterministic,standard,,,0.05,mutual_information,clean,cert_fail_tau0.9,5,prevalence,1.0,0.0,0.0,1.0,1.0,5
deterministic,standard,,,0.05,mutual_information,clean,cert_fail_tau0.9,5,neg_spearman_p_safe,,,,,,0
deterministic,standard,,,0.05,mutual_information,clean,cert_fail_tau0.9,5,neg_spearman_p_safe_optimistic,,,,,,0
deterministic,standard,,,0.05,mutual_information,clean,cert_fail_tau0.95,5,auroc,,,,,,0
deterministic,standard,,,0.05,mutual_information,clean,cert_fail_tau0.95,5,auprc,1.0,0.0,0.0,1.0,1.0,5
deterministic,standard,,,0.05,mutual_information,clean,cert_fail_tau0.95,5,prevalence,1.0,0.0,0.0,1.0,1.0,5
deterministic,standard,,,0.05,mutual_information,clean,cert_fail_tau0.95,5,neg_spearman_p_safe,,,,,,0
deterministic,standard,,,0.05,mutual_information,clean,cert_fail_tau0.95,5,neg_spearman_p_safe_optimistic,,,,,,0
deterministic,standard,,,0.05,mutual_information,delta,adv_error,5,auroc,0.5259440639875422,0.08924716502062603,0.039912545557052245,0.4151468375211652,0.6367412904539193,5
deterministic,standard,,,0.05,mutual_information,delta,adv_error,5,auprc,0.5899870103558988,0.06892527624193961,0.030824320608985642,0.5044186963453547,0.6755553243664429,5
deterministic,standard,,,0.05,mutual_information,delta,adv_error,5,prevalence,0.45199999999999996,0.017888543819998312,0.007999999999999997,0.42979199999999995,0.47420799999999996,5
deterministic,standard,,,0.05,mutual_information,delta,adv_error,5,neg_spearman_p_safe,,,,,,0
deterministic,standard,,,0.05,mutual_information,delta,adv_error,5,neg_spearman_p_safe_optimistic,0.03942072823825908,0.1593208073225242,0.07125043108066208,-0.1583704684416588,0.237211924918177,5
deterministic,standard,,,0.05,mutual_information,delta,cert_fail_tau0.5,5,auroc,,,,,,0
deterministic,standard,,,0.05,mutual_information,delta,cert_fail_tau0.5,5,auprc,1.0,0.0,0.0,1.0,1.0,5
deterministic,standard,,,0.05,mutual_information,delta,cert_fail_tau0.5,5,prevalence,1.0,0.0,0.0,1.0,1.0,5
deterministic,standard,,,0.05,mutual_information,delta,cert_fail_tau0.5,5,neg_spearman_p_safe,,,,,,0
deterministic,standard,,,0.05,mutual_information,delta,cert_fail_tau0.5,5,neg_spearman_p_safe_optimistic,,,,,,0
deterministic,standard,,,0.05,mutual_information,delta,cert_fail_tau0.9,5,auroc,,,,,,0
deterministic,standard,,,0.05,mutual_information,delta,cert_fail_tau0.9,5,auprc,1.0,0.0,0.0,1.0,1.0,5
deterministic,standard,,,0.05,mutual_information,delta,cert_fail_tau0.9,5,prevalence,1.0,0.0,0.0,1.0,1.0,5
deterministic,standard,,,0.05,mutual_information,delta,cert_fail_tau0.9,5,neg_spearman_p_safe,,,,,,0
deterministic,standard,,,0.05,mutual_information,delta,cert_fail_tau0.9,5,neg_spearman_p_safe_optimistic,,,,,,0
deterministic,standard,,,0.05,mutual_information,delta,cert_fail_tau0.95,5,auroc,,,,,,0
deterministic,standard,,,0.05,mutual_information,delta,cert_fail_tau0.95,5,auprc,1.0,0.0,0.0,1.0,1.0,5
deterministic,standard,,,0.05,mutual_information,delta,cert_fail_tau0.95,5,prevalence,1.0,0.0,0.0,1.0,1.0,5
deterministic,standard,,,0.05,mutual_information,delta,cert_fail_tau0.95,5,neg_spearman_p_safe,,,,,,0
deterministic,standard,,,0.05,mutual_information,delta,cert_fail_tau0.95,5,neg_spearman_p_safe_optimistic,,,,,,0
deterministic,standard,,,0.05,one_minus_confidence,adv,adv_error,5,auroc,0.5077034881382707,0.05390208330528392,0.02410574447989428,0.44078594146208416,0.5746210348144573,5
deterministic,standard,,,0.05,one_minus_confidence,adv,adv_error,5,auprc,0.46691104383370663,0.06089371045664815,0.027232495196651003,0.39131363716780343,0.5425084504996098,5
deterministic,standard,,,0.05,one_minus_confidence,adv,adv_error,5,prevalence,0.45199999999999996,0.017888543819998312,0.007999999999999997,0.42979199999999995,0.47420799999999996,5
deterministic,standard,,,0.05,one_minus_confidence,adv,adv_error,5,neg_spearman_p_safe,,,,,,0
deterministic,standard,,,0.05,one_minus_confidence,adv,adv_error,5,neg_spearman_p_safe_optimistic,-0.005132223581967022,0.06300647038632996,0.028177350161232247,-0.08335254762954773,0.07308810046561369,5
deterministic,standard,,,0.05,one_minus_confidence,adv,cert_fail_tau0.5,5,auroc,,,,,,0
deterministic,standard,,,0.05,one_minus_confidence,adv,cert_fail_tau0.5,5,auprc,1.0,0.0,0.0,1.0,1.0,5
deterministic,standard,,,0.05,one_minus_confidence,adv,cert_fail_tau0.5,5,prevalence,1.0,0.0,0.0,1.0,1.0,5
deterministic,standard,,,0.05,one_minus_confidence,adv,cert_fail_tau0.5,5,neg_spearman_p_safe,,,,,,0
deterministic,standard,,,0.05,one_minus_confidence,adv,cert_fail_tau0.5,5,neg_spearman_p_safe_optimistic,,,,,,0
deterministic,standard,,,0.05,one_minus_confidence,adv,cert_fail_tau0.9,5,auroc,,,,,,0
deterministic,standard,,,0.05,one_minus_confidence,adv,cert_fail_tau0.9,5,auprc,1.0,0.0,0.0,1.0,1.0,5
deterministic,standard,,,0.05,one_minus_confidence,adv,cert_fail_tau0.9,5,prevalence,1.0,0.0,0.0,1.0,1.0,5
deterministic,standard,,,0.05,one_minus_confidence,adv,cert_fail_tau0.9,5,neg_spearman_p_safe,,,,,,0
deterministic,standard,,,0.05,one_minus_confidence,adv,cert_fail_tau0.9,5,neg_spearman_p_safe_optimistic,,,,,,0
deterministic,standard,,,0.05,one_minus_confidence,adv,cert_fail_tau0.95,5,auroc,,,,,,0
deterministic,standard,,,0.05,one_minus_confidence,adv,cert_fail_tau0.95,5,auprc,1.0,0.0,0.0,1.0,1.0,5
deterministic,standard,,,0.05,one_minus_confidence,adv,cert_fail_tau0.95,5,prevalence,1.0,0.0,0.0,1.0,1.0,5
deterministic,standard,,,0.05,one_minus_confidence,adv,cert_fail_tau0.95,5,neg_spearman_p_safe,,,,,,0
deterministic,standard,,,0.05,one_minus_confidence,adv,cert_fail_tau0.95,5,neg_spearman_p_safe_optimistic,,,,,,0
deterministic,standard,,,0.05,one_minus_confidence,clean,adv_error,5,auroc,0.9410108912826305,0.03674158625129604,0.016431336891813923,0.8953975000709551,0.9866242824943059,5
deterministic,standard,,,0.05,one_minus_confidence,clean,adv_error,5,auprc,0.9330815064670899,0.041037883445647724,0.01835269940743632,0.8821344129120466,0.9840286000221331,5
deterministic,standard,,,0.05,one_minus_confidence,clean,adv_error,5,prevalence,0.45199999999999996,0.017888543819998312,0.007999999999999997,0.42979199999999995,0.47420799999999996,5
deterministic,standard,,,0.05,one_minus_confidence,clean,adv_error,5,neg_spearman_p_safe,,,,,,0
deterministic,standard,,,0.05,one_minus_confidence,clean,adv_error,5,neg_spearman_p_safe_optimistic,0.8390228951857088,0.06450839038168596,0.02884902920250868,0.7589379901195448,0.9191078002518729,5
deterministic,standard,,,0.05,one_minus_confidence,clean,cert_fail_tau0.5,5,auroc,,,,,,0
deterministic,standard,,,0.05,one_minus_confidence,clean,cert_fail_tau0.5,5,auprc,1.0,0.0,0.0,1.0,1.0,5
deterministic,standard,,,0.05,one_minus_confidence,clean,cert_fail_tau0.5,5,prevalence,1.0,0.0,0.0,1.0,1.0,5
deterministic,standard,,,0.05,one_minus_confidence,clean,cert_fail_tau0.5,5,neg_spearman_p_safe,,,,,,0
deterministic,standard,,,0.05,one_minus_confidence,clean,cert_fail_tau0.5,5,neg_spearman_p_safe_optimistic,,,,,,0
deterministic,standard,,,0.05,one_minus_confidence,clean,cert_fail_tau0.9,5,auroc,,,,,,0
deterministic,standard,,,0.05,one_minus_confidence,clean,cert_fail_tau0.9,5,auprc,1.0,0.0,0.0,1.0,1.0,5
deterministic,standard,,,0.05,one_minus_confidence,clean,cert_fail_tau0.9,5,prevalence,1.0,0.0,0.0,1.0,1.0,5
deterministic,standard,,,0.05,one_minus_confidence,clean,cert_fail_tau0.9,5,neg_spearman_p_safe,,,,,,0
deterministic,standard,,,0.05,one_minus_confidence,clean,cert_fail_tau0.9,5,neg_spearman_p_safe_optimistic,,,,,,0
deterministic,standard,,,0.05,one_minus_confidence,clean,cert_fail_tau0.95,5,auroc,,,,,,0
deterministic,standard,,,0.05,one_minus_confidence,clean,cert_fail_tau0.95,5,auprc,1.0,0.0,0.0,1.0,1.0,5
deterministic,standard,,,0.05,one_minus_confidence,clean,cert_fail_tau0.95,5,prevalence,1.0,0.0,0.0,1.0,1.0,5
deterministic,standard,,,0.05,one_minus_confidence,clean,cert_fail_tau0.95,5,neg_spearman_p_safe,,,,,,0
deterministic,standard,,,0.05,one_minus_confidence,clean,cert_fail_tau0.95,5,neg_spearman_p_safe_optimistic,,,,,,0
deterministic,standard,,,0.05,one_minus_confidence,delta,adv_error,5,auroc,0.477002124284733,0.049572729896370606,0.022169598775704156,0.41545931808337827,0.5385449304860878,5
deterministic,standard,,,0.05,one_minus_confidence,delta,adv_error,5,auprc,0.4579930948620105,0.06097452938174378,0.02726863851872746,0.38229535433402306,0.533690835389998,5
deterministic,standard,,,0.05,one_minus_confidence,delta,adv_error,5,prevalence,0.45199999999999996,0.017888543819998312,0.007999999999999997,0.42979199999999995,0.47420799999999996,5
deterministic,standard,,,0.05,one_minus_confidence,delta,adv_error,5,neg_spearman_p_safe,,,,,,0
deterministic,standard,,,0.05,one_minus_confidence,delta,adv_error,5,neg_spearman_p_safe_optimistic,-0.05845259686933492,0.055165852122358465,0.024670919076458915,-0.12693906822558487,0.01003387448691502,5
deterministic,standard,,,0.05,one_minus_confidence,delta,cert_fail_tau0.5,5,auroc,,,,,,0
deterministic,standard,,,0.05,one_minus_confidence,delta,cert_fail_tau0.5,5,auprc,1.0,0.0,0.0,1.0,1.0,5
deterministic,standard,,,0.05,one_minus_confidence,delta,cert_fail_tau0.5,5,prevalence,1.0,0.0,0.0,1.0,1.0,5
deterministic,standard,,,0.05,one_minus_confidence,delta,cert_fail_tau0.5,5,neg_spearman_p_safe,,,,,,0
deterministic,standard,,,0.05,one_minus_confidence,delta,cert_fail_tau0.5,5,neg_spearman_p_safe_optimistic,,,,,,0
deterministic,standard,,,0.05,one_minus_confidence,delta,cert_fail_tau0.9,5,auroc,,,,,,0
deterministic,standard,,,0.05,one_minus_confidence,delta,cert_fail_tau0.9,5,auprc,1.0,0.0,0.0,1.0,1.0,5
deterministic,standard,,,0.05,one_minus_confidence,delta,cert_fail_tau0.9,5,prevalence,1.0,0.0,0.0,1.0,1.0,5
deterministic,standard,,,0.05,one_minus_confidence,delta,cert_fail_tau0.9,5,neg_spearman_p_safe,,,,,,0
deterministic,standard,,,0.05,one_minus_confidence,delta,cert_fail_tau0.9,5,neg_spearman_p_safe_optimistic,,,,,,0
deterministic,standard,,,0.05,one_minus_confidence,delta,cert_fail_tau0.95,5,auroc,,,,,,0
deterministic,standard,,,0.05,one_minus_confidence,delta,cert_fail_tau0.95,5,auprc,1.0,0.0,0.0,1.0,1.0,5
deterministic,standard,,,0.05,one_minus_confidence,delta,cert_fail_tau0.95,5,prevalence,1.0,0.0,0.0,1.0,1.0,5
deterministic,standard,,,0.05,one_minus_confidence,delta,cert_fail_tau0.95,5,neg_spearman_p_safe,,,,,,0
deterministic,standard,,,0.05,one_minus_confidence,delta,cert_fail_tau0.95,5,neg_spearman_p_safe_optimistic,,,,,,0
deterministic,standard,,,0.07,mutual_information,adv,adv_error,5,auroc,0.42406185922097794,0.05819833105191715,0.026027084881824716,0.35181067158903256,0.4963130468529233,5
deterministic,standard,,,0.07,mutual_information,adv,adv_error,5,auprc,0.7626071623776981,0.03293295199209005,0.014728063870810094,0.7217220570723293,0.8034922676830669,5
deterministic,standard,,,0.07,mutual_information,adv,adv_error,5,prevalence,0.78,0.04690415759823429,0.020976176963403027,0.7217701327495932,0.8382298672504068,5
deterministic,standard,,,0.07,mutual_information,adv,adv_error,5,neg_spearman_p_safe,,,,,,0
deterministic,standard,,,0.07,mutual_information,adv,adv_error,5,neg_spearman_p_safe_optimistic,-0.11933862700577128,0.07115213632363959,0.03182020271279802,-0.20767150973649856,-0.031005744275043975,5
deterministic,standard,,,0.07,mutual_information,adv,cert_fail_tau0.5,5,auroc,,,,,,0
deterministic,standard,,,0.07,mutual_information,adv,cert_fail_tau0.5,5,auprc,1.0,0.0,0.0,1.0,1.0,5
deterministic,standard,,,0.07,mutual_information,adv,cert_fail_tau0.5,5,prevalence,1.0,0.0,0.0,1.0,1.0,5
deterministic,standard,,,0.07,mutual_information,adv,cert_fail_tau0.5,5,neg_spearman_p_safe,,,,,,0
deterministic,standard,,,0.07,mutual_information,adv,cert_fail_tau0.5,5,neg_spearman_p_safe_optimistic,,,,,,0
deterministic,standard,,,0.07,mutual_information,adv,cert_fail_tau0.9,5,auroc,,,,,,0
deterministic,standard,,,0.07,mutual_information,adv,cert_fail_tau0.9,5,auprc,1.0,0.0,0.0,1.0,1.0,5
deterministic,standard,,,0.07,mutual_information,adv,cert_fail_tau0.9,5,prevalence,1.0,0.0,0.0,1.0,1.0,5
deterministic,standard,,,0.07,mutual_information,adv,cert_fail_tau0.9,5,neg_spearman_p_safe,,,,,,0
deterministic,standard,,,0.07,mutual_information,adv,cert_fail_tau0.9,5,neg_spearman_p_safe_optimistic,,,,,,0
deterministic,standard,,,0.07,mutual_information,adv,cert_fail_tau0.95,5,auroc,,,,,,0
deterministic,standard,,,0.07,mutual_information,adv,cert_fail_tau0.95,5,auprc,1.0,0.0,0.0,1.0,1.0,5
deterministic,standard,,,0.07,mutual_information,adv,cert_fail_tau0.95,5,prevalence,1.0,0.0,0.0,1.0,1.0,5
deterministic,standard,,,0.07,mutual_information,adv,cert_fail_tau0.95,5,neg_spearman_p_safe,,,,,,0
deterministic,standard,,,0.07,mutual_information,adv,cert_fail_tau0.95,5,neg_spearman_p_safe_optimistic,,,,,,0
deterministic,standard,,,0.07,mutual_information,clean,adv_error,5,auroc,0.4245399940626379,0.07100418129907266,0.031754035214289156,0.33639079230777125,0.5126891958175046,5
deterministic,standard,,,0.07,mutual_information,clean,adv_error,5,auprc,0.8261266264517628,0.016042375077840922,0.007174368238920156,0.8062105802205205,0.8460426726830051,5
deterministic,standard,,,0.07,mutual_information,clean,adv_error,5,prevalence,0.78,0.04690415759823429,0.020976176963403027,0.7217701327495932,0.8382298672504068,5
deterministic,standard,,,0.07,mutual_information,clean,adv_error,5,neg_spearman_p_safe,,,,,,0
deterministic,standard,,,0.07,mutual_information,clean,adv_error,5,neg_spearman_p_safe_optimistic,-0.09739848212265091,0.08192948643779813,0.03663998020731274,-0.19911106717815108,0.0043141029328492425,5
deterministic,standard,,,0.07,mutual_information,clean,cert_fail_tau0.5,5,auroc,,,,,,0
deterministic,standard,,,0.07,mutual_information,clean,cert_fail_tau0.5,5,auprc,1.0,0.0,0.0,1.0,1.0,5
deterministic,standard,,,0.07,mutual_information,clean,cert_fail_tau0.5,5,prevalence,1.0,0.0,0.0,1.0,1.0,5
deterministic,standard,,,0.07,mutual_information,clean,cert_fail_tau0.5,5,neg_spearman_p_safe,,,,,,0
deterministic,standard,,,0.07,mutual_information,clean,cert_fail_tau0.5,5,neg_spearman_p_safe_optimistic,,,,,,0
deterministic,standard,,,0.07,mutual_information,clean,cert_fail_tau0.9,5,auroc,,,,,,0
deterministic,standard,,,0.07,mutual_information,clean,cert_fail_tau0.9,5,auprc,1.0,0.0,0.0,1.0,1.0,5
deterministic,standard,,,0.07,mutual_information,clean,cert_fail_tau0.9,5,prevalence,1.0,0.0,0.0,1.0,1.0,5
deterministic,standard,,,0.07,mutual_information,clean,cert_fail_tau0.9,5,neg_spearman_p_safe,,,,,,0
deterministic,standard,,,0.07,mutual_information,clean,cert_fail_tau0.9,5,neg_spearman_p_safe_optimistic,,,,,,0
deterministic,standard,,,0.07,mutual_information,clean,cert_fail_tau0.95,5,auroc,,,,,,0
deterministic,standard,,,0.07,mutual_information,clean,cert_fail_tau0.95,5,auprc,1.0,0.0,0.0,1.0,1.0,5
deterministic,standard,,,0.07,mutual_information,clean,cert_fail_tau0.95,5,prevalence,1.0,0.0,0.0,1.0,1.0,5
deterministic,standard,,,0.07,mutual_information,clean,cert_fail_tau0.95,5,neg_spearman_p_safe,,,,,,0
deterministic,standard,,,0.07,mutual_information,clean,cert_fail_tau0.95,5,neg_spearman_p_safe_optimistic,,,,,,0
deterministic,standard,,,0.07,mutual_information,delta,adv_error,5,auroc,0.45928776445912306,0.05317040702834802,0.02377852890134375,0.3932785682289928,0.5252969606892532,5
deterministic,standard,,,0.07,mutual_information,delta,adv_error,5,auprc,0.7954721319089311,0.030773040075611102,0.013762121896678338,0.757268481523752,0.8336757822941101,5
deterministic,standard,,,0.07,mutual_information,delta,adv_error,5,prevalence,0.78,0.04690415759823429,0.020976176963403027,0.7217701327495932,0.8382298672504068,5
deterministic,standard,,,0.07,mutual_information,delta,adv_error,5,neg_spearman_p_safe,,,,,,0
deterministic,standard,,,0.07,mutual_information,delta,adv_error,5,neg_spearman_p_safe_optimistic,-0.06432402349337978,0.0643530278652276,0.02877954897291742,-0.1442160514421985,0.015568004455438975,5
deterministic,standard,,,0.07,mutual_information,delta,cert_fail_tau0.5,5,auroc,,,,,,0
deterministic,standard,,,0.07,mutual_information,delta,cert_fail_tau0.5,5,auprc,1.0,0.0,0.0,1.0,1.0,5
deterministic,standard,,,0.07,mutual_information,delta,cert_fail_tau0.5,5,prevalence,1.0,0.0,0.0,1.0,1.0,5
deterministic,standard,,,0.07,mutual_information,delta,cert_fail_tau0.5,5,neg_spearman_p_safe,,,,,,0
deterministic,standard,,,0.07,mutual_information,delta,cert_fail_tau0.5,5,neg_spearman_p_safe_optimistic,,,,,,0
deterministic,standard,,,0.07,mutual_information,delta,cert_fail_tau0.9,5,auroc,,,,,,0
deterministic,standard,,,0.07,mutual_information,delta,cert_fail_tau0.9,5,auprc,1.0,0.0,0.0,1.0,1.0,5
deterministic,standard,,,0.07,mutual_information,delta,cert_fail_tau0.9,5,prevalence,1.0,0.0,0.0,1.0,1.0,5
deterministic,standard,,,0.07,mutual_information,delta,cert_fail_tau0.9,5,neg_spearman_p_safe,,,,,,0
deterministic,standard,,,0.07,mutual_information,delta,cert_fail_tau0.9,5,neg_spearman_p_safe_optimistic,,,,,,0
deterministic,standard,,,0.07,mutual_information,delta,cert_fail_tau0.95,5,auroc,,,,,,0
deterministic,standard,,,0.07,mutual_information,delta,cert_fail_tau0.95,5,auprc,1.0,0.0,0.0,1.0,1.0,5
deterministic,standard,,,0.07,mutual_information,delta,cert_fail_tau0.95,5,prevalence,1.0,0.0,0.0,1.0,1.0,5
deterministic,standard,,,0.07,mutual_information,delta,cert_fail_tau0.95,5,neg_spearman_p_safe,,,,,,0
deterministic,standard,,,0.07,mutual_information,delta,cert_fail_tau0.95,5,neg_spearman_p_safe_optimistic,,,,,,0
deterministic,standard,,,0.07,one_minus_confidence,adv,adv_error,5,auroc,0.237747800431399,0.07492059749869705,0.03350550978439746,0.14473650526991166,0.33075909559288635,5
deterministic,standard,,,0.07,one_minus_confidence,adv,adv_error,5,auprc,0.6959718762641575,0.09510374755140641,0.04253168888798478,0.5779039079111117,0.8140398446172032,5
deterministic,standard,,,0.07,one_minus_confidence,adv,adv_error,5,prevalence,0.78,0.04690415759823429,0.020976176963403027,0.7217701327495932,0.8382298672504068,5
deterministic,standard,,,0.07,one_minus_confidence,adv,adv_error,5,neg_spearman_p_safe,,,,,,0
deterministic,standard,,,0.07,one_minus_confidence,adv,adv_error,5,neg_spearman_p_safe_optimistic,-0.4053579255909462,0.11957971717510167,0.05347767526674529,-0.5538119521314311,-0.2569038990504613,5
deterministic,standard,,,0.07,one_minus_confidence,adv,cert_fail_tau0.5,5,auroc,,,,,,0
deterministic,standard,,,0.07,one_minus_confidence,adv,cert_fail_tau0.5,5,auprc,1.0,0.0,0.0,1.0,1.0,5
deterministic,standard,,,0.07,one_minus_confidence,adv,cert_fail_tau0.5,5,prevalence,1.0,0.0,0.0,1.0,1.0,5
deterministic,standard,,,0.07,one_minus_confidence,adv,cert_fail_tau0.5,5,neg_spearman_p_safe,,,,,,0
deterministic,standard,,,0.07,one_minus_confidence,adv,cert_fail_tau0.5,5,neg_spearman_p_safe_optimistic,,,,,,0
deterministic,standard,,,0.07,one_minus_confidence,adv,cert_fail_tau0.9,5,auroc,,,,,,0
deterministic,standard,,,0.07,one_minus_confidence,adv,cert_fail_tau0.9,5,auprc,1.0,0.0,0.0,1.0,1.0,5
deterministic,standard,,,0.07,one_minus_confidence,adv,cert_fail_tau0.9,5,prevalence,1.0,0.0,0.0,1.0,1.0,5
deterministic,standard,,,0.07,one_minus_confidence,adv,cert_fail_tau0.9,5,neg_spearman_p_safe,,,,,,0
deterministic,standard,,,0.07,one_minus_confidence,adv,cert_fail_tau0.9,5,neg_spearman_p_safe_optimistic,,,,,,0
deterministic,standard,,,0.07,one_minus_confidence,adv,cert_fail_tau0.95,5,auroc,,,,,,0
deterministic,standard,,,0.07,one_minus_confidence,adv,cert_fail_tau0.95,5,auprc,1.0,0.0,0.0,1.0,1.0,5
deterministic,standard,,,0.07,one_minus_confidence,adv,cert_fail_tau0.95,5,prevalence,1.0,0.0,0.0,1.0,1.0,5
deterministic,standard,,,0.07,one_minus_confidence,adv,cert_fail_tau0.95,5,neg_spearman_p_safe,,,,,,0
deterministic,standard,,,0.07,one_minus_confidence,adv,cert_fail_tau0.95,5,neg_spearman_p_safe_optimistic,,,,,,0
deterministic,standard,,,0.07,one_minus_confidence,clean,adv_error,5,auroc,0.7802372542274624,0.028457522044987135,0.012726590752758012,0.7449082382978062,0.8155662701571186,5
deterministic,standard,,,0.07,one_minus_confidence,clean,adv_error,5,auprc,0.9037672157476319,0.026666620191237778,0.011925675095555222,0.8706615416823705,0.9368728898128932,5
deterministic,standard,,,0.07,one_minus_confidence,clean,adv_error,5,prevalence,0.78,0.04690415759823429,0.020976176963403027,0.7217701327495932,0.8382298672504068,5
deterministic,standard,,,0.07,one_minus_confidence,clean,adv_error,5,neg_spearman_p_safe,,,,,,0
deterministic,standard,,,0.07,one_minus_confidence,clean,adv_error,5,neg_spearman_p_safe_optimistic,0.4554767265352543,0.05388455571848871,0.024097905904783154,0.38858093974357627,0.5223725133269324,5
deterministic,standard,,,0.07,one_minus_confidence,clean,cert_fail_tau0.5,5,auroc,,,,,,0
deterministic,standard,,,0.07,one_minus_confidence,clean,cert_fail_tau0.5,5,auprc,1.0,0.0,0.0,1.0,1.0,5
deterministic,standard,,,0.07,one_minus_confidence,clean,cert_fail_tau0.5,5,prevalence,1.0,0.0,0.0,1.0,1.0,5
deterministic,standard,,,0.07,one_minus_confidence,clean,cert_fail_tau0.5,5,neg_spearman_p_safe,,,,,,0
deterministic,standard,,,0.07,one_minus_confidence,clean,cert_fail_tau0.5,5,neg_spearman_p_safe_optimistic,,,,,,0
deterministic,standard,,,0.07,one_minus_confidence,clean,cert_fail_tau0.9,5,auroc,,,,,,0
deterministic,standard,,,0.07,one_minus_confidence,clean,cert_fail_tau0.9,5,auprc,1.0,0.0,0.0,1.0,1.0,5
deterministic,standard,,,0.07,one_minus_confidence,clean,cert_fail_tau0.9,5,prevalence,1.0,0.0,0.0,1.0,1.0,5
deterministic,standard,,,0.07,one_minus_confidence,clean,cert_fail_tau0.9,5,neg_spearman_p_safe,,,,,,0
deterministic,standard,,,0.07,one_minus_confidence,clean,cert_fail_tau0.9,5,neg_spearman_p_safe_optimistic,,,,,,0
deterministic,standard,,,0.07,one_minus_confidence,clean,cert_fail_tau0.95,5,auroc,,,,,,0
deterministic,standard,,,0.07,one_minus_confidence,clean,cert_fail_tau0.95,5,auprc,1.0,0.0,0.0,1.0,1.0,5
deterministic,standard,,,0.07,one_minus_confidence,clean,cert_fail_tau0.95,5,prevalence,1.0,0.0,0.0,1.0,1.0,5
deterministic,standard,,,0.07,one_minus_confidence,clean,cert_fail_tau0.95,5,neg_spearman_p_safe,,,,,,0
deterministic,standard,,,0.07,one_minus_confidence,clean,cert_fail_tau0.95,5,neg_spearman_p_safe_optimistic,,,,,,0
deterministic,standard,,,0.07,one_minus_confidence,delta,adv_error,5,auroc,0.23259352488238658,0.07527738383956542,0.03366506948672248,0.13913929198724498,0.32604775777752815,5
deterministic,standard,,,0.07,one_minus_confidence,delta,adv_error,5,auprc,0.6947587104456797,0.09565115645684712,0.042776497592795615,0.5760111531280792,0.8135062677632803,5
deterministic,standard,,,0.07,one_minus_confidence,delta,adv_error,5,prevalence,0.78,0.04690415759823429,0.020976176963403027,0.7217701327495932,0.8382298672504068,5
deterministic,standard,,,0.07,one_minus_confidence,delta,adv_error,5,neg_spearman_p_safe,,,,,,0
deterministic,standard,,,0.07,one_minus_confidence,delta,adv_error,5,neg_spearman_p_safe_optimistic,-0.4128371161716501,0.12003141806795027,0.053679682047126656,-0.5618519135344737,-0.2638223188088265,5
deterministic,standard,,,0.07,one_minus_confidence,delta,cert_fail_tau0.5,5,auroc,,,,,,0
deterministic,standard,,,0.07,one_minus_confidence,delta,cert_fail_tau0.5,5,auprc,1.0,0.0,0.0,1.0,1.0,5
deterministic,standard,,,0.07,one_minus_confidence,delta,cert_fail_tau0.5,5,prevalence,1.0,0.0,0.0,1.0,1.0,5
deterministic,standard,,,0.07,one_minus_confidence,delta,cert_fail_tau0.5,5,neg_spearman_p_safe,,,,,,0
deterministic,standard,,,0.07,one_minus_confidence,delta,cert_fail_tau0.5,5,neg_spearman_p_safe_optimistic,,,,,,0
deterministic,standard,,,0.07,one_minus_confidence,delta,cert_fail_tau0.9,5,auroc,,,,,,0
deterministic,standard,,,0.07,one_minus_confidence,delta,cert_fail_tau0.9,5,auprc,1.0,0.0,0.0,1.0,1.0,5
deterministic,standard,,,0.07,one_minus_confidence,delta,cert_fail_tau0.9,5,prevalence,1.0,0.0,0.0,1.0,1.0,5
deterministic,standard,,,0.07,one_minus_confidence,delta,cert_fail_tau0.9,5,neg_spearman_p_safe,,,,,,0
deterministic,standard,,,0.07,one_minus_confidence,delta,cert_fail_tau0.9,5,neg_spearman_p_safe_optimistic,,,,,,0
deterministic,standard,,,0.07,one_minus_confidence,delta,cert_fail_tau0.95,5,auroc,,,,,,0
deterministic,standard,,,0.07,one_minus_confidence,delta,cert_fail_tau0.95,5,auprc,1.0,0.0,0.0,1.0,1.0,5
deterministic,standard,,,0.07,one_minus_confidence,delta,cert_fail_tau0.95,5,prevalence,1.0,0.0,0.0,1.0,1.0,5
deterministic,standard,,,0.07,one_minus_confidence,delta,cert_fail_tau0.95,5,neg_spearman_p_safe,,,,,,0
deterministic,standard,,,0.07,one_minus_confidence,delta,cert_fail_tau0.95,5,neg_spearman_p_safe_optimistic,,,,,,0
deterministic,standard,,,0.08,mutual_information,adv,adv_error,5,auroc,0.32621325051759836,0.13307042479802159,0.05951090312862999,0.16101098343252152,0.4914155176026752,5
deterministic,standard,,,0.08,mutual_information,adv,adv_error,5,auprc,0.8660163507427538,0.05035829329934442,0.02252091340964126,0.8034982951175897,0.928534406367918,5
deterministic,standard,,,0.08,mutual_information,adv,adv_error,5,prevalence,0.9,0.03464101615137758,0.015491933384829683,0.8569943929237128,0.9430056070762872,5
deterministic,standard,,,0.08,mutual_information,adv,adv_error,5,neg_spearman_p_safe,,,,,,0
deterministic,standard,,,0.08,mutual_information,adv,adv_error,5,neg_spearman_p_safe_optimistic,-0.16990342839234707,0.12659081517232193,0.056613133610484714,-0.32706148729505263,-0.0127453694896415,5
deterministic,standard,,,0.08,mutual_information,adv,cert_fail_tau0.5,5,auroc,,,,,,0
deterministic,standard,,,0.08,mutual_information,adv,cert_fail_tau0.5,5,auprc,1.0,0.0,0.0,1.0,1.0,5
deterministic,standard,,,0.08,mutual_information,adv,cert_fail_tau0.5,5,prevalence,1.0,0.0,0.0,1.0,1.0,5
deterministic,standard,,,0.08,mutual_information,adv,cert_fail_tau0.5,5,neg_spearman_p_safe,,,,,,0
deterministic,standard,,,0.08,mutual_information,adv,cert_fail_tau0.5,5,neg_spearman_p_safe_optimistic,,,,,,0
deterministic,standard,,,0.08,mutual_information,adv,cert_fail_tau0.9,5,auroc,,,,,,0
deterministic,standard,,,0.08,mutual_information,adv,cert_fail_tau0.9,5,auprc,1.0,0.0,0.0,1.0,1.0,5
deterministic,standard,,,0.08,mutual_information,adv,cert_fail_tau0.9,5,prevalence,1.0,0.0,0.0,1.0,1.0,5
deterministic,standard,,,0.08,mutual_information,adv,cert_fail_tau0.9,5,neg_spearman_p_safe,,,,,,0
deterministic,standard,,,0.08,mutual_information,adv,cert_fail_tau0.9,5,neg_spearman_p_safe_optimistic,,,,,,0
deterministic,standard,,,0.08,mutual_information,adv,cert_fail_tau0.95,5,auroc,,,,,,0
deterministic,standard,,,0.08,mutual_information,adv,cert_fail_tau0.95,5,auprc,1.0,0.0,0.0,1.0,1.0,5
deterministic,standard,,,0.08,mutual_information,adv,cert_fail_tau0.95,5,prevalence,1.0,0.0,0.0,1.0,1.0,5
deterministic,standard,,,0.08,mutual_information,adv,cert_fail_tau0.95,5,neg_spearman_p_safe,,,,,,0
deterministic,standard,,,0.08,mutual_information,adv,cert_fail_tau0.95,5,neg_spearman_p_safe_optimistic,,,,,,0
deterministic,standard,,,0.08,mutual_information,clean,adv_error,5,auroc,0.42487991718426504,0.07584933683048808,0.03392085464024996,0.33071562470293114,0.5190442096655989,5
deterministic,standard,,,0.08,mutual_information,clean,adv_error,5,auprc,0.9141089651735855,0.041595671386560555,0.018602149758018466,0.8624693974453262,0.9657485329018448,5
deterministic,standard,,,0.08,mutual_information,clean,adv_error,5,prevalence,0.9,0.03464101615137758,0.015491933384829683,0.8569943929237128,0.9430056070762872,5
deterministic,standard,,,0.08,mutual_information,clean,adv_error,5,neg_spearman_p_safe,,,,,,0
deterministic,standard,,,0.08,mutual_information,clean,adv_error,5,neg_spearman_p_safe_optimistic,-0.07509407586259399,0.09292898038982363,0.041559103446278105,-0.19046214702946201,0.040273995304274016,5
deterministic,standard,,,0.08,mutual_information,clean,cert_fail_tau0.5,5,auroc,,,,,,0
deterministic,standard,,,0.08,mutual_information,clean,cert_fail_tau0.5,5,auprc,1.0,0.0,0.0,1.0,1.0,5
deterministic,standard,,,0.08,mutual_information,clean,cert_fail_tau0.5,5,prevalence,1.0,0.0,0.0,1.0,1.0,5
deterministic,standard,,,0.08,mutual_information,clean,cert_fail_tau0.5,5,neg_spearman_p_safe,,,,,,0
deterministic,standard,,,0.08,mutual_information,clean,cert_fail_tau0.5,5,neg_spearman_p_safe_optimistic,,,,,,0
deterministic,standard,,,0.08,mutual_information,clean,cert_fail_tau0.9,5,auroc,,,,,,0
deterministic,standard,,,0.08,mutual_information,clean,cert_fail_tau0.9,5,auprc,1.0,0.0,0.0,1.0,1.0,5
deterministic,standard,,,0.08,mutual_information,clean,cert_fail_tau0.9,5,prevalence,1.0,0.0,0.0,1.0,1.0,5
deterministic,standard,,,0.08,mutual_information,clean,cert_fail_tau0.9,5,neg_spearman_p_safe,,,,,,0
deterministic,standard,,,0.08,mutual_information,clean,cert_fail_tau0.9,5,neg_spearman_p_safe_optimistic,,,,,,0
deterministic,standard,,,0.08,mutual_information,clean,cert_fail_tau0.95,5,auroc,,,,,,0
deterministic,standard,,,0.08,mutual_information,clean,cert_fail_tau0.95,5,auprc,1.0,0.0,0.0,1.0,1.0,5
deterministic,standard,,,0.08,mutual_information,clean,cert_fail_tau0.95,5,prevalence,1.0,0.0,0.0,1.0,1.0,5
deterministic,standard,,,0.08,mutual_information,clean,cert_fail_tau0.95,5,neg_spearman_p_safe,,,,,,0
deterministic,standard,,,0.08,mutual_information,clean,cert_fail_tau0.95,5,neg_spearman_p_safe_optimistic,,,,,,0
deterministic,standard,,,0.08,mutual_information,delta,adv_error,5,auroc,0.37004106280193233,0.09583775609335987,0.04285994748715947,0.25106184857757763,0.48902027702628703,5
deterministic,standard,,,0.08,mutual_information,delta,adv_error,5,auprc,0.8885652550289468,0.0382165784019121,0.017090973434825147,0.8411207127738722,0.9360097972840213,5
deterministic,standard,,,0.08,mutual_information,delta,adv_error,5,prevalence,0.9,0.03464101615137758,0.015491933384829683,0.8569943929237128,0.9430056070762872,5
deterministic,standard,,,0.08,mutual_information,delta,adv_error,5,neg_spearman_p_safe,,,,,,0
deterministic,standard,,,0.08,mutual_information,delta,adv_error,5,neg_spearman_p_safe_optimistic,-0.12295213737392878,0.09128712466413762,0.04082484324390187,-0.23628190221900036,-0.009622372528857198,5
deterministic,standard,,,0.08,mutual_information,delta,cert_fail_tau0.5,5,auroc,,,,,,0
deterministic,standard,,,0.08,mutual_information,delta,cert_fail_tau0.5,5,auprc,1.0,0.0,0.0,1.0,1.0,5
deterministic,standard,,,0.08,mutual_information,delta,cert_fail_tau0.5,5,prevalence,1.0,0.0,0.0,1.0,1.0,5
deterministic,standard,,,0.08,mutual_information,delta,cert_fail_tau0.5,5,neg_spearman_p_safe,,,,,,0
deterministic,standard,,,0.08,mutual_information,delta,cert_fail_tau0.5,5,neg_spearman_p_safe_optimistic,,,,,,0
deterministic,standard,,,0.08,mutual_information,delta,cert_fail_tau0.9,5,auroc,,,,,,0
deterministic,standard,,,0.08,mutual_information,delta,cert_fail_tau0.9,5,auprc,1.0,0.0,0.0,1.0,1.0,5
deterministic,standard,,,0.08,mutual_information,delta,cert_fail_tau0.9,5,prevalence,1.0,0.0,0.0,1.0,1.0,5
deterministic,standard,,,0.08,mutual_information,delta,cert_fail_tau0.9,5,neg_spearman_p_safe,,,,,,0
deterministic,standard,,,0.08,mutual_information,delta,cert_fail_tau0.9,5,neg_spearman_p_safe_optimistic,,,,,,0
deterministic,standard,,,0.08,mutual_information,delta,cert_fail_tau0.95,5,auroc,,,,,,0
deterministic,standard,,,0.08,mutual_information,delta,cert_fail_tau0.95,5,auprc,1.0,0.0,0.0,1.0,1.0,5
deterministic,standard,,,0.08,mutual_information,delta,cert_fail_tau0.95,5,prevalence,1.0,0.0,0.0,1.0,1.0,5
deterministic,standard,,,0.08,mutual_information,delta,cert_fail_tau0.95,5,neg_spearman_p_safe,,,,,,0
deterministic,standard,,,0.08,mutual_information,delta,cert_fail_tau0.95,5,neg_spearman_p_safe_optimistic,,,,,,0
deterministic,standard,,,0.08,one_minus_confidence,adv,adv_error,5,auroc,0.12940683229813663,0.038076794119052564,0.01702846000309315,0.08213582732955005,0.1766778372667232,5
deterministic,standard,,,0.08,one_minus_confidence,adv,adv_error,5,auprc,0.8059647348732295,0.07339202638358064,0.032821912000028874,0.7148511071611494,0.8970783625853096,5
deterministic,standard,,,0.08,one_minus_confidence,adv,adv_error,5,prevalence,0.9,0.03464101615137758,0.015491933384829683,0.8569943929237128,0.9430056070762872,5
deterministic,standard,,,0.08,one_minus_confidence,adv,adv_error,5,neg_spearman_p_safe,,,,,,0
deterministic,standard,,,0.08,one_minus_confidence,adv,adv_error,5,neg_spearman_p_safe_optimistic,-0.4091699302304342,0.12376552268845618,0.05534962440043611,-0.5628204875660447,-0.25551937289482357,5
deterministic,standard,,,0.08,one_minus_confidence,adv,cert_fail_tau0.5,5,auroc,,,,,,0
deterministic,standard,,,0.08,one_minus_confidence,adv,cert_fail_tau0.5,5,auprc,1.0,0.0,0.0,1.0,1.0,5
deterministic,standard,,,0.08,one_minus_confidence,adv,cert_fail_tau0.5,5,prevalence,1.0,0.0,0.0,1.0,1.0,5
deterministic,standard,,,0.08,one_minus_confidence,adv,cert_fail_tau0.5,5,neg_spearman_p_safe,,,,,,0
deterministic,standard,,,0.08,one_minus_confidence,adv,cert_fail_tau0.5,5,neg_spearman_p_safe_optimistic,,,,,,0
deterministic,standard,,,0.08,one_minus_confidence,adv,cert_fail_tau0.9,5,auroc,,,,,,0
deterministic,standard,,,0.08,one_minus_confidence,adv,cert_fail_tau0.9,5,auprc,1.0,0.0,0.0,1.0,1.0,5
deterministic,standard,,,0.08,one_minus_confidence,adv,cert_fail_tau0.9,5,prevalence,1.0,0.0,0.0,1.0,1.0,5
deterministic,standard,,,0.08,one_minus_confidence,adv,cert_fail_tau0.9,5,neg_spearman_p_safe,,,,,,0
deterministic,standard,,,0.08,one_minus_confidence,adv,cert_fail_tau0.9,5,neg_spearman_p_safe_optimistic,,,,,,0
deterministic,standard,,,0.08,one_minus_confidence,adv,cert_fail_tau0.95,5,auroc,,,,,,0
deterministic,standard,,,0.08,one_minus_confidence,adv,cert_fail_tau0.95,5,auprc,1.0,0.0,0.0,1.0,1.0,5
deterministic,standard,,,0.08,one_minus_confidence,adv,cert_fail_tau0.95,5,prevalence,1.0,0.0,0.0,1.0,1.0,5
deterministic,standard,,,0.08,one_minus_confidence,adv,cert_fail_tau0.95,5,neg_spearman_p_safe,,,,,,0
deterministic,standard,,,0.08,one_minus_confidence,adv,cert_fail_tau0.95,5,neg_spearman_p_safe_optimistic,,,,,,0
deterministic,standard,,,0.08,one_minus_confidence,clean,adv_error,5,auroc,0.7501932367149758,0.050275907981677574,0.02248406957551106,0.6877774595733571,0.8126090138565946,5
deterministic,standard,,,0.08,one_minus_confidence,clean,adv_error,5,auprc,0.9523864734299516,0.007847647285943251,0.0035095745589621675,0.9426438944542727,0.9621290524056306,5
deterministic,standard,,,0.08,one_minus_confidence,clean,adv_error,5,prevalence,0.9,0.03464101615137758,0.015491933384829683,0.8569943929237128,0.9430056070762872,5
deterministic,standard,,,0.08,one_minus_confidence,clean,adv_error,5,neg_spearman_p_safe,,,,,,0
deterministic,standard,,,0.08,one_minus_confidence,clean,adv_error,5,neg_spearman_p_safe_optimistic,0.30389859511436296,0.11450905000652745,0.05121000397070362,0.1617396240916897,0.4460575661370362,5
deterministic,standard,,,0.08,one_minus_confidence,clean,cert_fail_tau0.5,5,auroc,,,,,,0
deterministic,standard,,,0.08,one_minus_confidence,clean,cert_fail_tau0.5,5,auprc,1.0,0.0,0.0,1.0,1.0,5
deterministic,standard,,,0.08,one_minus_confidence,clean,cert_fail_tau0.5,5,prevalence,1.0,0.0,0.0,1.0,1.0,5
deterministic,standard,,,0.08,one_minus_confidence,clean,cert_fail_tau0.5,5,neg_spearman_p_safe,,,,,,0
deterministic,standard,,,0.08,one_minus_confidence,clean,cert_fail_tau0.5,5,neg_spearman_p_safe_optimistic,,,,,,0
deterministic,standard,,,0.08,one_minus_confidence,clean,cert_fail_tau0.9,5,auroc,,,,,,0
deterministic,standard,,,0.08,one_minus_confidence,clean,cert_fail_tau0.9,5,auprc,1.0,0.0,0.0,1.0,1.0,5
deterministic,standard,,,0.08,one_minus_confidence,clean,cert_fail_tau0.9,5,prevalence,1.0,0.0,0.0,1.0,1.0,5
deterministic,standard,,,0.08,one_minus_confidence,clean,cert_fail_tau0.9,5,neg_spearman_p_safe,,,,,,0
deterministic,standard,,,0.08,one_minus_confidence,clean,cert_fail_tau0.9,5,neg_spearman_p_safe_optimistic,,,,,,0
deterministic,standard,,,0.08,one_minus_confidence,clean,cert_fail_tau0.95,5,auroc,,,,,,0
deterministic,standard,,,0.08,one_minus_confidence,clean,cert_fail_tau0.95,5,auprc,1.0,0.0,0.0,1.0,1.0,5
deterministic,standard,,,0.08,one_minus_confidence,clean,cert_fail_tau0.95,5,prevalence,1.0,0.0,0.0,1.0,1.0,5
deterministic,standard,,,0.08,one_minus_confidence,clean,cert_fail_tau0.95,5,neg_spearman_p_safe,,,,,,0
deterministic,standard,,,0.08,one_minus_confidence,clean,cert_fail_tau0.95,5,neg_spearman_p_safe_optimistic,,,,,,0
deterministic,standard,,,0.08,one_minus_confidence,delta,adv_error,5,auroc,0.12940683229813663,0.038076794119052564,0.01702846000309315,0.08213582732955005,0.1766778372667232,5
deterministic,standard,,,0.08,one_minus_confidence,delta,adv_error,5,auprc,0.8053705352472414,0.07340215711778199,0.03282644260209611,0.7142443305838226,0.8964967399106603,5
deterministic,standard,,,0.08,one_minus_confidence,delta,adv_error,5,prevalence,0.9,0.03464101615137758,0.015491933384829683,0.8569943929237128,0.9430056070762872,5
deterministic,standard,,,0.08,one_minus_confidence,delta,adv_error,5,neg_spearman_p_safe,,,,,,0
deterministic,standard,,,0.08,one_minus_confidence,delta,adv_error,5,neg_spearman_p_safe_optimistic,-0.4089660661200794,0.12378072489915254,0.055356423035741176,-0.5626354964672969,-0.2552966357728619,5
deterministic,standard,,,0.08,one_minus_confidence,delta,cert_fail_tau0.5,5,auroc,,,,,,0
deterministic,standard,,,0.08,one_minus_confidence,delta,cert_fail_tau0.5,5,auprc,1.0,0.0,0.0,1.0,1.0,5
deterministic,standard,,,0.08,one_minus_confidence,delta,cert_fail_tau0.5,5,prevalence,1.0,0.0,0.0,1.0,1.0,5
deterministic,standard,,,0.08,one_minus_confidence,delta,cert_fail_tau0.5,5,neg_spearman_p_safe,,,,,,0
deterministic,standard,,,0.08,one_minus_confidence,delta,cert_fail_tau0.5,5,neg_spearman_p_safe_optimistic,,,,,,0
deterministic,standard,,,0.08,one_minus_confidence,delta,cert_fail_tau0.9,5,auroc,,,,,,0
deterministic,standard,,,0.08,one_minus_confidence,delta,cert_fail_tau0.9,5,auprc,1.0,0.0,0.0,1.0,1.0,5
deterministic,standard,,,0.08,one_minus_confidence,delta,cert_fail_tau0.9,5,prevalence,1.0,0.0,0.0,1.0,1.0,5
deterministic,standard,,,0.08,one_minus_confidence,delta,cert_fail_tau0.9,5,neg_spearman_p_safe,,,,,,0
deterministic,standard,,,0.08,one_minus_confidence,delta,cert_fail_tau0.9,5,neg_spearman_p_safe_optimistic,,,,,,0
deterministic,standard,,,0.08,one_minus_confidence,delta,cert_fail_tau0.95,5,auroc,,,,,,0
deterministic,standard,,,0.08,one_minus_confidence,delta,cert_fail_tau0.95,5,auprc,1.0,0.0,0.0,1.0,1.0,5
deterministic,standard,,,0.08,one_minus_confidence,delta,cert_fail_tau0.95,5,prevalence,1.0,0.0,0.0,1.0,1.0,5
deterministic,standard,,,0.08,one_minus_confidence,delta,cert_fail_tau0.95,5,neg_spearman_p_safe,,,,,,0
deterministic,standard,,,0.08,one_minus_confidence,delta,cert_fail_tau0.95,5,neg_spearman_p_safe_optimistic,,,,,,0
deterministic,standard,,,0.1,mutual_information,adv,adv_error,5,auroc,0.4362244897959184,0.3217523474577053,0.16087617372885266,-0.07568349500929078,0.9481324746011275,4
deterministic,standard,,,0.1,mutual_information,adv,adv_error,5,auprc,0.9841537688128199,0.01435699844993992,0.006420644897384954,0.9663300585776793,1.0019774790479605,5
deterministic,standard,,,0.1,mutual_information,adv,adv_error,5,prevalence,0.984,0.008944271909999166,0.0040000000000000036,0.972896,0.995104,5
deterministic,standard,,,0.1,mutual_information,adv,adv_error,5,neg_spearman_p_safe,,,,,,0
deterministic,standard,,,0.1,mutual_information,adv,adv_error,5,neg_spearman_p_safe_optimistic,-0.04707783241459784,0.11270168222713586,0.05635084111356793,-0.226386208837971,0.13223054400877532,4
deterministic,standard,,,0.1,mutual_information,adv,cert_fail_tau0.5,5,auroc,,,,,,0
deterministic,standard,,,0.1,mutual_information,adv,cert_fail_tau0.5,5,auprc,1.0,0.0,0.0,1.0,1.0,5
deterministic,standard,,,0.1,mutual_information,adv,cert_fail_tau0.5,5,prevalence,1.0,0.0,0.0,1.0,1.0,5
deterministic,standard,,,0.1,mutual_information,adv,cert_fail_tau0.5,5,neg_spearman_p_safe,,,,,,0
deterministic,standard,,,0.1,mutual_information,adv,cert_fail_tau0.5,5,neg_spearman_p_safe_optimistic,,,,,,0
deterministic,standard,,,0.1,mutual_information,adv,cert_fail_tau0.9,5,auroc,,,,,,0
deterministic,standard,,,0.1,mutual_information,adv,cert_fail_tau0.9,5,auprc,1.0,0.0,0.0,1.0,1.0,5
deterministic,standard,,,0.1,mutual_information,adv,cert_fail_tau0.9,5,prevalence,1.0,0.0,0.0,1.0,1.0,5
deterministic,standard,,,0.1,mutual_information,adv,cert_fail_tau0.9,5,neg_spearman_p_safe,,,,,,0
deterministic,standard,,,0.1,mutual_information,adv,cert_fail_tau0.9,5,neg_spearman_p_safe_optimistic,,,,,,0
deterministic,standard,,,0.1,mutual_information,adv,cert_fail_tau0.95,5,auroc,,,,,,0
deterministic,standard,,,0.1,mutual_information,adv,cert_fail_tau0.95,5,auprc,1.0,0.0,0.0,1.0,1.0,5
deterministic,standard,,,0.1,mutual_information,adv,cert_fail_tau0.95,5,prevalence,1.0,0.0,0.0,1.0,1.0,5
deterministic,standard,,,0.1,mutual_information,adv,cert_fail_tau0.95,5,neg_spearman_p_safe,,,,,,0
deterministic,standard,,,0.1,mutual_information,adv,cert_fail_tau0.95,5,neg_spearman_p_safe_optimistic,,,,,,0
deterministic,standard,,,0.1,mutual_information,clean,adv_error,5,auroc,0.39540816326530615,0.07422841102991563,0.03711420551495782,0.2773107613167104,0.5135055652139019,4
deterministic,standard,,,0.1,mutual_information,clean,adv_error,5,auprc,0.9853454862852805,0.008707380990870105,0.003894059160315006,0.974535578056246,0.996155394514315,5
deterministic,standard,,,0.1,mutual_information,clean,adv_error,5,prevalence,0.984,0.008944271909999166,0.0040000000000000036,0.972896,0.995104,5
deterministic,standard,,,0.1,mutual_information,clean,adv_error,5,neg_spearman_p_safe,,,,,,0
deterministic,standard,,,0.1,mutual_information,clean,adv_error,5,neg_spearman_p_safe_optimistic,-0.06251274398412521,0.04865778134737562,0.02432889067368781,-0.13992727410779982,0.0149017861395494,4
deterministic,standard,,,0.1,mutual_information,clean,cert_fail_tau0.5,5,auroc,,,,,,0
deterministic,standard,,,0.1,mutual_information,clean,cert_fail_tau0.5,5,auprc,1.0,0.0,0.0,1.0,1.0,5
deterministic,standard,,,0.1,mutual_information,clean,cert_fail_tau0.5,5,prevalence,1.0,0.0,0.0,1.0,1.0,5
deterministic,standard,,,0.1,mutual_information,clean,cert_fail_tau0.5,5,neg_spearman_p_safe,,,,,,0
deterministic,standard,,,0.1,mutual_information,clean,cert_fail_tau0.5,5,neg_spearman_p_safe_optimistic,,,,,,0
deterministic,standard,,,0.1,mutual_information,clean,cert_fail_tau0.9,5,auroc,,,,,,0
deterministic,standard,,,0.1,mutual_information,clean,cert_fail_tau0.9,5,auprc,1.0,0.0,0.0,1.0,1.0,5
deterministic,standard,,,0.1,mutual_information,clean,cert_fail_tau0.9,5,prevalence,1.0,0.0,0.0,1.0,1.0,5
deterministic,standard,,,0.1,mutual_information,clean,cert_fail_tau0.9,5,neg_spearman_p_safe,,,,,,0
deterministic,standard,,,0.1,mutual_information,clean,cert_fail_tau0.9,5,neg_spearman_p_safe_optimistic,,,,,,0
deterministic,standard,,,0.1,mutual_information,clean,cert_fail_tau0.95,5,auroc,,,,,,0
deterministic,standard,,,0.1,mutual_information,clean,cert_fail_tau0.95,5,auprc,1.0,0.0,0.0,1.0,1.0,5
deterministic,standard,,,0.1,mutual_information,clean,cert_fail_tau0.95,5,prevalence,1.0,0.0,0.0,1.0,1.0,5
deterministic,standard,,,0.1,mutual_information,clean,cert_fail_tau0.95,5,neg_spearman_p_safe,,,,,,0
deterministic,standard,,,0.1,mutual_information,clean,cert_fail_tau0.95,5,neg_spearman_p_safe_optimistic,,,,,,0
deterministic,standard,,,0.1,mutual_information,delta,adv_error,5,auroc,0.5102040816326531,0.24771621028616497,0.12385810514308249,0.1160875910673646,0.9043205721979415,4
deterministic,standard,,,0.1,mutual_information,delta,adv_error,5,auprc,0.9881319396405459,0.010710080528423819,0.004789693621210505,0.9748357501480656,1.0014281291330263,5
deterministic,standard,,,0.1,mutual_information,delta,adv_error,5,prevalence,0.984,0.008944271909999166,0.0040000000000000036,0.972896,0.995104,5
deterministic,standard,,,0.1,mutual_information,delta,adv_error,5,neg_spearman_p_safe,,,,,,0
deterministic,standard,,,0.1,mutual_information,delta,adv_error,5,neg_spearman_p_safe_optimistic,-0.012338911536104986,0.09994318479734828,0.04997159239867414,-0.17134851854868607,0.14667069547647613,4
deterministic,standard,,,0.1,mutual_information,delta,cert_fail_tau0.5,5,auroc,,,,,,0
deterministic,standard,,,0.1,mutual_information,delta,cert_fail_tau0.5,5,auprc,1.0,0.0,0.0,1.0,1.0,5
deterministic,standard,,,0.1,mutual_information,delta,cert_fail_tau0.5,5,prevalence,1.0,0.0,0.0,1.0,1.0,5
deterministic,standard,,,0.1,mutual_information,delta,cert_fail_tau0.5,5,neg_spearman_p_safe,,,,,,0
deterministic,standard,,,0.1,mutual_information,delta,cert_fail_tau0.5,5,neg_spearman_p_safe_optimistic,,,,,,0
deterministic,standard,,,0.1,mutual_information,delta,cert_fail_tau0.9,5,auroc,,,,,,0
deterministic,standard,,,0.1,mutual_information,delta,cert_fail_tau0.9,5,auprc,1.0,0.0,0.0,1.0,1.0,5
deterministic,standard,,,0.1,mutual_information,delta,cert_fail_tau0.9,5,prevalence,1.0,0.0,0.0,1.0,1.0,5
deterministic,standard,,,0.1,mutual_information,delta,cert_fail_tau0.9,5,neg_spearman_p_safe,,,,,,0
deterministic,standard,,,0.1,mutual_information,delta,cert_fail_tau0.9,5,neg_spearman_p_safe_optimistic,,,,,,0
deterministic,standard,,,0.1,mutual_information,delta,cert_fail_tau0.95,5,auroc,,,,,,0
deterministic,standard,,,0.1,mutual_information,delta,cert_fail_tau0.95,5,auprc,1.0,0.0,0.0,1.0,1.0,5
deterministic,standard,,,0.1,mutual_information,delta,cert_fail_tau0.95,5,prevalence,1.0,0.0,0.0,1.0,1.0,5
deterministic,standard,,,0.1,mutual_information,delta,cert_fail_tau0.95,5,neg_spearman_p_safe,,,,,,0
deterministic,standard,,,0.1,mutual_information,delta,cert_fail_tau0.95,5,neg_spearman_p_safe_optimistic,,,,,,0
deterministic,standard,,,0.1,one_minus_confidence,adv,adv_error,5,auroc,0.00510204081632653,0.010204081632653062,0.005102040816326531,-0.011132653061224494,0.021336734693877552,4
deterministic,standard,,,0.1,one_minus_confidence,adv,adv_error,5,auprc,0.9456837564154797,0.030648354228292568,0.013706360690591057,0.907634899138399,0.9837326136925605,5
deterministic,standard,,,0.1,one_minus_confidence,adv,adv_error,5,prevalence,0.984,0.008944271909999166,0.0040000000000000036,0.972896,0.995104,5
deterministic,standard,,,0.1,one_minus_confidence,adv,adv_error,5,neg_spearman_p_safe,,,,,,0
deterministic,standard,,,0.1,one_minus_confidence,adv,adv_error,5,neg_spearman_p_safe_optimistic,-0.2882669089797364,0.049552131516316274,0.024776065758158137,-0.36710435022219556,-0.20942946773727722,4
deterministic,standard,,,0.1,one_minus_confidence,adv,cert_fail_tau0.5,5,auroc,,,,,,0
deterministic,standard,,,0.1,one_minus_confidence,adv,cert_fail_tau0.5,5,auprc,1.0,0.0,0.0,1.0,1.0,5
deterministic,standard,,,0.1,one_minus_confidence,adv,cert_fail_tau0.5,5,prevalence,1.0,0.0,0.0,1.0,1.0,5
deterministic,standard,,,0.1,one_minus_confidence,adv,cert_fail_tau0.5,5,neg_spearman_p_safe,,,,,,0
deterministic,standard,,,0.1,one_minus_confidence,adv,cert_fail_tau0.5,5,neg_spearman_p_safe_optimistic,,,,,,0
deterministic,standard,,,0.1,one_minus_confidence,adv,cert_fail_tau0.9,5,auroc,,,,,,0
deterministic,standard,,,0.1,one_minus_confidence,adv,cert_fail_tau0.9,5,auprc,1.0,0.0,0.0,1.0,1.0,5
deterministic,standard,,,0.1,one_minus_confidence,adv,cert_fail_tau0.9,5,prevalence,1.0,0.0,0.0,1.0,1.0,5
deterministic,standard,,,0.1,one_minus_confidence,adv,cert_fail_tau0.9,5,neg_spearman_p_safe,,,,,,0
deterministic,standard,,,0.1,one_minus_confidence,adv,cert_fail_tau0.9,5,neg_spearman_p_safe_optimistic,,,,,,0
deterministic,standard,,,0.1,one_minus_confidence,adv,cert_fail_tau0.95,5,auroc,,,,,,0
deterministic,standard,,,0.1,one_minus_confidence,adv,cert_fail_tau0.95,5,auprc,1.0,0.0,0.0,1.0,1.0,5
deterministic,standard,,,0.1,one_minus_confidence,adv,cert_fail_tau0.95,5,prevalence,1.0,0.0,0.0,1.0,1.0,5
deterministic,standard,,,0.1,one_minus_confidence,adv,cert_fail_tau0.95,5,neg_spearman_p_safe,,,,,,0
deterministic,standard,,,0.1,one_minus_confidence,adv,cert_fail_tau0.95,5,neg_spearman_p_safe_optimistic,,,,,,0
deterministic,standard,,,0.1,one_minus_confidence,clean,adv_error,5,auroc,0.7372448979591837,0.03667322900144187,0.018336614500720935,0.6788977906178897,0.7955920053004777,4
deterministic,standard,,,0.1,one_minus_confidence,clean,adv_error,5,auprc,0.991591836734694,0.0048689617823499546,0.002177465905036607,0.9855471913823124,0.9976364820870756,5
deterministic,standard,,,0.1,one_minus_confidence,clean,adv_error,5,prevalence,0.984,0.008944271909999166,0.0040000000000000036,0.972896,0.995104,5
deterministic,standard,,,0.1,one_minus_confidence,clean,adv_error,5,neg_spearman_p_safe,,,,,,0
deterministic,standard,,,0.1,one_minus_confidence,clean,adv_error,5,neg_spearman_p_safe_optimistic,0.15457406359811166,0.04797745644012131,0.023988728220060655,0.07824193040187866,0.23090619679434465,4
deterministic,standard,,,0.1,one_minus_confidence,clean,cert_fail_tau0.5,5,auroc,,,,,,0
deterministic,standard,,,0.1,one_minus_confidence,clean,cert_fail_tau0.5,5,auprc,1.0,0.0,0.0,1.0,1.0,5
deterministic,standard,,,0.1,one_minus_confidence,clean,cert_fail_tau0.5,5,prevalence,1.0,0.0,0.0,1.0,1.0,5
deterministic,standard,,,0.1,one_minus_confidence,clean,cert_fail_tau0.5,5,neg_spearman_p_safe,,,,,,0
deterministic,standard,,,0.1,one_minus_confidence,clean,cert_fail_tau0.5,5,neg_spearman_p_safe_optimistic,,,,,,0
deterministic,standard,,,0.1,one_minus_confidence,clean,cert_fail_tau0.9,5,auroc,,,,,,0
deterministic,standard,,,0.1,one_minus_confidence,clean,cert_fail_tau0.9,5,auprc,1.0,0.0,0.0,1.0,1.0,5
deterministic,standard,,,0.1,one_minus_confidence,clean,cert_fail_tau0.9,5,prevalence,1.0,0.0,0.0,1.0,1.0,5
deterministic,standard,,,0.1,one_minus_confidence,clean,cert_fail_tau0.9,5,neg_spearman_p_safe,,,,,,0
deterministic,standard,,,0.1,one_minus_confidence,clean,cert_fail_tau0.9,5,neg_spearman_p_safe_optimistic,,,,,,0
deterministic,standard,,,0.1,one_minus_confidence,clean,cert_fail_tau0.95,5,auroc,,,,,,0
deterministic,standard,,,0.1,one_minus_confidence,clean,cert_fail_tau0.95,5,auprc,1.0,0.0,0.0,1.0,1.0,5
deterministic,standard,,,0.1,one_minus_confidence,clean,cert_fail_tau0.95,5,prevalence,1.0,0.0,0.0,1.0,1.0,5
deterministic,standard,,,0.1,one_minus_confidence,clean,cert_fail_tau0.95,5,neg_spearman_p_safe,,,,,,0
deterministic,standard,,,0.1,one_minus_confidence,clean,cert_fail_tau0.95,5,neg_spearman_p_safe_optimistic,,,,,,0
deterministic,standard,,,0.1,one_minus_confidence,delta,adv_error,5,auroc,0.00510204081632653,0.010204081632653062,0.005102040816326531,-0.011132653061224494,0.021336734693877552,4
deterministic,standard,,,0.1,one_minus_confidence,delta,adv_error,5,auprc,0.9451017062208542,0.030997549226699735,0.013862525441359328,0.9066193355956407,0.9835840768460677,5
deterministic,standard,,,0.1,one_minus_confidence,delta,adv_error,5,prevalence,0.984,0.008944271909999166,0.0040000000000000036,0.972896,0.995104,5
deterministic,standard,,,0.1,one_minus_confidence,delta,adv_error,5,neg_spearman_p_safe,,,,,,0
deterministic,standard,,,0.1,one_minus_confidence,delta,adv_error,5,neg_spearman_p_safe_optimistic,-0.2859470962750736,0.05050554939856178,0.02525277469928089,-0.3663014253681854,-0.2055927671819618,4
deterministic,standard,,,0.1,one_minus_confidence,delta,cert_fail_tau0.5,5,auroc,,,,,,0
deterministic,standard,,,0.1,one_minus_confidence,delta,cert_fail_tau0.5,5,auprc,1.0,0.0,0.0,1.0,1.0,5
deterministic,standard,,,0.1,one_minus_confidence,delta,cert_fail_tau0.5,5,prevalence,1.0,0.0,0.0,1.0,1.0,5
deterministic,standard,,,0.1,one_minus_confidence,delta,cert_fail_tau0.5,5,neg_spearman_p_safe,,,,,,0
deterministic,standard,,,0.1,one_minus_confidence,delta,cert_fail_tau0.5,5,neg_spearman_p_safe_optimistic,,,,,,0
deterministic,standard,,,0.1,one_minus_confidence,delta,cert_fail_tau0.9,5,auroc,,,,,,0
deterministic,standard,,,0.1,one_minus_confidence,delta,cert_fail_tau0.9,5,auprc,1.0,0.0,0.0,1.0,1.0,5
deterministic,standard,,,0.1,one_minus_confidence,delta,cert_fail_tau0.9,5,prevalence,1.0,0.0,0.0,1.0,1.0,5
deterministic,standard,,,0.1,one_minus_confidence,delta,cert_fail_tau0.9,5,neg_spearman_p_safe,,,,,,0
deterministic,standard,,,0.1,one_minus_confidence,delta,cert_fail_tau0.9,5,neg_spearman_p_safe_optimistic,,,,,,0
deterministic,standard,,,0.1,one_minus_confidence,delta,cert_fail_tau0.95,5,auroc,,,,,,0
deterministic,standard,,,0.1,one_minus_confidence,delta,cert_fail_tau0.95,5,auprc,1.0,0.0,0.0,1.0,1.0,5
deterministic,standard,,,0.1,one_minus_confidence,delta,cert_fail_tau0.95,5,prevalence,1.0,0.0,0.0,1.0,1.0,5
deterministic,standard,,,0.1,one_minus_confidence,delta,cert_fail_tau0.95,5,neg_spearman_p_safe,,,,,,0
deterministic,standard,,,0.1,one_minus_confidence,delta,cert_fail_tau0.95,5,neg_spearman_p_safe_optimistic,,,,,,0
deterministic,standard,,,0.15,mutual_information,adv,adv_error,5,auroc,,,,,,0
deterministic,standard,,,0.15,mutual_information,adv,adv_error,5,auprc,1.0,0.0,0.0,1.0,1.0,5
deterministic,standard,,,0.15,mutual_information,adv,adv_error,5,prevalence,1.0,0.0,0.0,1.0,1.0,5
deterministic,standard,,,0.15,mutual_information,adv,adv_error,5,neg_spearman_p_safe,,,,,,0
deterministic,standard,,,0.15,mutual_information,adv,adv_error,5,neg_spearman_p_safe_optimistic,,,,,,0
deterministic,standard,,,0.15,mutual_information,adv,cert_fail_tau0.5,5,auroc,,,,,,0
deterministic,standard,,,0.15,mutual_information,adv,cert_fail_tau0.5,5,auprc,,,,,,0
deterministic,standard,,,0.15,mutual_information,adv,cert_fail_tau0.5,5,prevalence,,,,,,0
deterministic,standard,,,0.15,mutual_information,adv,cert_fail_tau0.5,5,neg_spearman_p_safe,,,,,,0
deterministic,standard,,,0.15,mutual_information,adv,cert_fail_tau0.5,5,neg_spearman_p_safe_optimistic,,,,,,0
deterministic,standard,,,0.15,mutual_information,adv,cert_fail_tau0.9,5,auroc,,,,,,0
deterministic,standard,,,0.15,mutual_information,adv,cert_fail_tau0.9,5,auprc,,,,,,0
deterministic,standard,,,0.15,mutual_information,adv,cert_fail_tau0.9,5,prevalence,,,,,,0
deterministic,standard,,,0.15,mutual_information,adv,cert_fail_tau0.9,5,neg_spearman_p_safe,,,,,,0
deterministic,standard,,,0.15,mutual_information,adv,cert_fail_tau0.9,5,neg_spearman_p_safe_optimistic,,,,,,0
deterministic,standard,,,0.15,mutual_information,adv,cert_fail_tau0.95,5,auroc,,,,,,0
deterministic,standard,,,0.15,mutual_information,adv,cert_fail_tau0.95,5,auprc,,,,,,0
deterministic,standard,,,0.15,mutual_information,adv,cert_fail_tau0.95,5,prevalence,,,,,,0
deterministic,standard,,,0.15,mutual_information,adv,cert_fail_tau0.95,5,neg_spearman_p_safe,,,,,,0
deterministic,standard,,,0.15,mutual_information,adv,cert_fail_tau0.95,5,neg_spearman_p_safe_optimistic,,,,,,0
deterministic,standard,,,0.15,mutual_information,clean,adv_error,5,auroc,,,,,,0
deterministic,standard,,,0.15,mutual_information,clean,adv_error,5,auprc,1.0,0.0,0.0,1.0,1.0,5
deterministic,standard,,,0.15,mutual_information,clean,adv_error,5,prevalence,1.0,0.0,0.0,1.0,1.0,5
deterministic,standard,,,0.15,mutual_information,clean,adv_error,5,neg_spearman_p_safe,,,,,,0
deterministic,standard,,,0.15,mutual_information,clean,adv_error,5,neg_spearman_p_safe_optimistic,,,,,,0
deterministic,standard,,,0.15,mutual_information,clean,cert_fail_tau0.5,5,auroc,,,,,,0
deterministic,standard,,,0.15,mutual_information,clean,cert_fail_tau0.5,5,auprc,,,,,,0
deterministic,standard,,,0.15,mutual_information,clean,cert_fail_tau0.5,5,prevalence,,,,,,0
deterministic,standard,,,0.15,mutual_information,clean,cert_fail_tau0.5,5,neg_spearman_p_safe,,,,,,0
deterministic,standard,,,0.15,mutual_information,clean,cert_fail_tau0.5,5,neg_spearman_p_safe_optimistic,,,,,,0
deterministic,standard,,,0.15,mutual_information,clean,cert_fail_tau0.9,5,auroc,,,,,,0
deterministic,standard,,,0.15,mutual_information,clean,cert_fail_tau0.9,5,auprc,,,,,,0
deterministic,standard,,,0.15,mutual_information,clean,cert_fail_tau0.9,5,prevalence,,,,,,0
deterministic,standard,,,0.15,mutual_information,clean,cert_fail_tau0.9,5,neg_spearman_p_safe,,,,,,0
deterministic,standard,,,0.15,mutual_information,clean,cert_fail_tau0.9,5,neg_spearman_p_safe_optimistic,,,,,,0
deterministic,standard,,,0.15,mutual_information,clean,cert_fail_tau0.95,5,auroc,,,,,,0
deterministic,standard,,,0.15,mutual_information,clean,cert_fail_tau0.95,5,auprc,,,,,,0
deterministic,standard,,,0.15,mutual_information,clean,cert_fail_tau0.95,5,prevalence,,,,,,0
deterministic,standard,,,0.15,mutual_information,clean,cert_fail_tau0.95,5,neg_spearman_p_safe,,,,,,0
deterministic,standard,,,0.15,mutual_information,clean,cert_fail_tau0.95,5,neg_spearman_p_safe_optimistic,,,,,,0
deterministic,standard,,,0.15,mutual_information,delta,adv_error,5,auroc,,,,,,0
deterministic,standard,,,0.15,mutual_information,delta,adv_error,5,auprc,1.0,0.0,0.0,1.0,1.0,5
deterministic,standard,,,0.15,mutual_information,delta,adv_error,5,prevalence,1.0,0.0,0.0,1.0,1.0,5
deterministic,standard,,,0.15,mutual_information,delta,adv_error,5,neg_spearman_p_safe,,,,,,0
deterministic,standard,,,0.15,mutual_information,delta,adv_error,5,neg_spearman_p_safe_optimistic,,,,,,0
deterministic,standard,,,0.15,mutual_information,delta,cert_fail_tau0.5,5,auroc,,,,,,0
deterministic,standard,,,0.15,mutual_information,delta,cert_fail_tau0.5,5,auprc,,,,,,0
deterministic,standard,,,0.15,mutual_information,delta,cert_fail_tau0.5,5,prevalence,,,,,,0
deterministic,standard,,,0.15,mutual_information,delta,cert_fail_tau0.5,5,neg_spearman_p_safe,,,,,,0
deterministic,standard,,,0.15,mutual_information,delta,cert_fail_tau0.5,5,neg_spearman_p_safe_optimistic,,,,,,0
deterministic,standard,,,0.15,mutual_information,delta,cert_fail_tau0.9,5,auroc,,,,,,0
deterministic,standard,,,0.15,mutual_information,delta,cert_fail_tau0.9,5,auprc,,,,,,0
deterministic,standard,,,0.15,mutual_information,delta,cert_fail_tau0.9,5,prevalence,,,,,,0
deterministic,standard,,,0.15,mutual_information,delta,cert_fail_tau0.9,5,neg_spearman_p_safe,,,,,,0
deterministic,standard,,,0.15,mutual_information,delta,cert_fail_tau0.9,5,neg_spearman_p_safe_optimistic,,,,,,0
deterministic,standard,,,0.15,mutual_information,delta,cert_fail_tau0.95,5,auroc,,,,,,0
deterministic,standard,,,0.15,mutual_information,delta,cert_fail_tau0.95,5,auprc,,,,,,0
deterministic,standard,,,0.15,mutual_information,delta,cert_fail_tau0.95,5,prevalence,,,,,,0
deterministic,standard,,,0.15,mutual_information,delta,cert_fail_tau0.95,5,neg_spearman_p_safe,,,,,,0
deterministic,standard,,,0.15,mutual_information,delta,cert_fail_tau0.95,5,neg_spearman_p_safe_optimistic,,,,,,0
deterministic,standard,,,0.15,one_minus_confidence,adv,adv_error,5,auroc,,,,,,0
deterministic,standard,,,0.15,one_minus_confidence,adv,adv_error,5,auprc,1.0,0.0,0.0,1.0,1.0,5
deterministic,standard,,,0.15,one_minus_confidence,adv,adv_error,5,prevalence,1.0,0.0,0.0,1.0,1.0,5
deterministic,standard,,,0.15,one_minus_confidence,adv,adv_error,5,neg_spearman_p_safe,,,,,,0
deterministic,standard,,,0.15,one_minus_confidence,adv,adv_error,5,neg_spearman_p_safe_optimistic,,,,,,0
deterministic,standard,,,0.15,one_minus_confidence,adv,cert_fail_tau0.5,5,auroc,,,,,,0
deterministic,standard,,,0.15,one_minus_confidence,adv,cert_fail_tau0.5,5,auprc,,,,,,0
deterministic,standard,,,0.15,one_minus_confidence,adv,cert_fail_tau0.5,5,prevalence,,,,,,0
deterministic,standard,,,0.15,one_minus_confidence,adv,cert_fail_tau0.5,5,neg_spearman_p_safe,,,,,,0
deterministic,standard,,,0.15,one_minus_confidence,adv,cert_fail_tau0.5,5,neg_spearman_p_safe_optimistic,,,,,,0
deterministic,standard,,,0.15,one_minus_confidence,adv,cert_fail_tau0.9,5,auroc,,,,,,0
deterministic,standard,,,0.15,one_minus_confidence,adv,cert_fail_tau0.9,5,auprc,,,,,,0
deterministic,standard,,,0.15,one_minus_confidence,adv,cert_fail_tau0.9,5,prevalence,,,,,,0
deterministic,standard,,,0.15,one_minus_confidence,adv,cert_fail_tau0.9,5,neg_spearman_p_safe,,,,,,0
deterministic,standard,,,0.15,one_minus_confidence,adv,cert_fail_tau0.9,5,neg_spearman_p_safe_optimistic,,,,,,0
deterministic,standard,,,0.15,one_minus_confidence,adv,cert_fail_tau0.95,5,auroc,,,,,,0
deterministic,standard,,,0.15,one_minus_confidence,adv,cert_fail_tau0.95,5,auprc,,,,,,0
deterministic,standard,,,0.15,one_minus_confidence,adv,cert_fail_tau0.95,5,prevalence,,,,,,0
deterministic,standard,,,0.15,one_minus_confidence,adv,cert_fail_tau0.95,5,neg_spearman_p_safe,,,,,,0
deterministic,standard,,,0.15,one_minus_confidence,adv,cert_fail_tau0.95,5,neg_spearman_p_safe_optimistic,,,,,,0
deterministic,standard,,,0.15,one_minus_confidence,clean,adv_error,5,auroc,,,,,,0
deterministic,standard,,,0.15,one_minus_confidence,clean,adv_error,5,auprc,1.0,0.0,0.0,1.0,1.0,5
deterministic,standard,,,0.15,one_minus_confidence,clean,adv_error,5,prevalence,1.0,0.0,0.0,1.0,1.0,5
deterministic,standard,,,0.15,one_minus_confidence,clean,adv_error,5,neg_spearman_p_safe,,,,,,0
deterministic,standard,,,0.15,one_minus_confidence,clean,adv_error,5,neg_spearman_p_safe_optimistic,,,,,,0
deterministic,standard,,,0.15,one_minus_confidence,clean,cert_fail_tau0.5,5,auroc,,,,,,0
deterministic,standard,,,0.15,one_minus_confidence,clean,cert_fail_tau0.5,5,auprc,,,,,,0
deterministic,standard,,,0.15,one_minus_confidence,clean,cert_fail_tau0.5,5,prevalence,,,,,,0
deterministic,standard,,,0.15,one_minus_confidence,clean,cert_fail_tau0.5,5,neg_spearman_p_safe,,,,,,0
deterministic,standard,,,0.15,one_minus_confidence,clean,cert_fail_tau0.5,5,neg_spearman_p_safe_optimistic,,,,,,0
deterministic,standard,,,0.15,one_minus_confidence,clean,cert_fail_tau0.9,5,auroc,,,,,,0
deterministic,standard,,,0.15,one_minus_confidence,clean,cert_fail_tau0.9,5,auprc,,,,,,0
deterministic,standard,,,0.15,one_minus_confidence,clean,cert_fail_tau0.9,5,prevalence,,,,,,0
deterministic,standard,,,0.15,one_minus_confidence,clean,cert_fail_tau0.9,5,neg_spearman_p_safe,,,,,,0
deterministic,standard,,,0.15,one_minus_confidence,clean,cert_fail_tau0.9,5,neg_spearman_p_safe_optimistic,,,,,,0
deterministic,standard,,,0.15,one_minus_confidence,clean,cert_fail_tau0.95,5,auroc,,,,,,0
deterministic,standard,,,0.15,one_minus_confidence,clean,cert_fail_tau0.95,5,auprc,,,,,,0
deterministic,standard,,,0.15,one_minus_confidence,clean,cert_fail_tau0.95,5,prevalence,,,,,,0
deterministic,standard,,,0.15,one_minus_confidence,clean,cert_fail_tau0.95,5,neg_spearman_p_safe,,,,,,0
deterministic,standard,,,0.15,one_minus_confidence,clean,cert_fail_tau0.95,5,neg_spearman_p_safe_optimistic,,,,,,0
deterministic,standard,,,0.15,one_minus_confidence,delta,adv_error,5,auroc,,,,,,0
deterministic,standard,,,0.15,one_minus_confidence,delta,adv_error,5,auprc,1.0,0.0,0.0,1.0,1.0,5
deterministic,standard,,,0.15,one_minus_confidence,delta,adv_error,5,prevalence,1.0,0.0,0.0,1.0,1.0,5
deterministic,standard,,,0.15,one_minus_confidence,delta,adv_error,5,neg_spearman_p_safe,,,,,,0
deterministic,standard,,,0.15,one_minus_confidence,delta,adv_error,5,neg_spearman_p_safe_optimistic,,,,,,0
deterministic,standard,,,0.15,one_minus_confidence,delta,cert_fail_tau0.5,5,auroc,,,,,,0
deterministic,standard,,,0.15,one_minus_confidence,delta,cert_fail_tau0.5,5,auprc,,,,,,0
deterministic,standard,,,0.15,one_minus_confidence,delta,cert_fail_tau0.5,5,prevalence,,,,,,0
deterministic,standard,,,0.15,one_minus_confidence,delta,cert_fail_tau0.5,5,neg_spearman_p_safe,,,,,,0
deterministic,standard,,,0.15,one_minus_confidence,delta,cert_fail_tau0.5,5,neg_spearman_p_safe_optimistic,,,,,,0
deterministic,standard,,,0.15,one_minus_confidence,delta,cert_fail_tau0.9,5,auroc,,,,,,0
deterministic,standard,,,0.15,one_minus_confidence,delta,cert_fail_tau0.9,5,auprc,,,,,,0
deterministic,standard,,,0.15,one_minus_confidence,delta,cert_fail_tau0.9,5,prevalence,,,,,,0
deterministic,standard,,,0.15,one_minus_confidence,delta,cert_fail_tau0.9,5,neg_spearman_p_safe,,,,,,0
deterministic,standard,,,0.15,one_minus_confidence,delta,cert_fail_tau0.9,5,neg_spearman_p_safe_optimistic,,,,,,0
deterministic,standard,,,0.15,one_minus_confidence,delta,cert_fail_tau0.95,5,auroc,,,,,,0
deterministic,standard,,,0.15,one_minus_confidence,delta,cert_fail_tau0.95,5,auprc,,,,,,0
deterministic,standard,,,0.15,one_minus_confidence,delta,cert_fail_tau0.95,5,prevalence,,,,,,0
deterministic,standard,,,0.15,one_minus_confidence,delta,cert_fail_tau0.95,5,neg_spearman_p_safe,,,,,,0
deterministic,standard,,,0.15,one_minus_confidence,delta,cert_fail_tau0.95,5,neg_spearman_p_safe_optimistic,,,,,,0
mc_dropout,robust,0.08,0.25,0.01,mutual_information,adv,adv_error,5,auroc,,,,,,0
mc_dropout,robust,0.08,0.25,0.01,mutual_information,adv,adv_error,5,auprc,,,,,,0
mc_dropout,robust,0.08,0.25,0.01,mutual_information,adv,adv_error,5,prevalence,0.0,0.0,0.0,0.0,0.0,5
mc_dropout,robust,0.08,0.25,0.01,mutual_information,adv,adv_error,5,neg_spearman_p_safe,0.3596744958707611,0.056917655247151165,0.025454349250505517,0.2890132223513578,0.43033576939016444,5
mc_dropout,robust,0.08,0.25,0.01,mutual_information,adv,adv_error,5,neg_spearman_p_safe_optimistic,0.3487338998471846,0.032955420653161455,0.014738112161513906,0.30782090048682204,0.3896468992075472,5
mc_dropout,robust,0.08,0.25,0.01,mutual_information,adv,cert_fail_tau0.5,5,auroc,,,,,,0
mc_dropout,robust,0.08,0.25,0.01,mutual_information,adv,cert_fail_tau0.5,5,auprc,,,,,,0
mc_dropout,robust,0.08,0.25,0.01,mutual_information,adv,cert_fail_tau0.5,5,prevalence,0.0,0.0,0.0,0.0,0.0,5
mc_dropout,robust,0.08,0.25,0.01,mutual_information,adv,cert_fail_tau0.5,5,neg_spearman_p_safe,,,,,,0
mc_dropout,robust,0.08,0.25,0.01,mutual_information,adv,cert_fail_tau0.5,5,neg_spearman_p_safe_optimistic,,,,,,0
mc_dropout,robust,0.08,0.25,0.01,mutual_information,adv,cert_fail_tau0.9,5,auroc,,,,,,0
mc_dropout,robust,0.08,0.25,0.01,mutual_information,adv,cert_fail_tau0.9,5,auprc,,,,,,0
mc_dropout,robust,0.08,0.25,0.01,mutual_information,adv,cert_fail_tau0.9,5,prevalence,0.0,0.0,0.0,0.0,0.0,5
mc_dropout,robust,0.08,0.25,0.01,mutual_information,adv,cert_fail_tau0.9,5,neg_spearman_p_safe,,,,,,0
mc_dropout,robust,0.08,0.25,0.01,mutual_information,adv,cert_fail_tau0.9,5,neg_spearman_p_safe_optimistic,,,,,,0
mc_dropout,robust,0.08,0.25,0.01,mutual_information,adv,cert_fail_tau0.95,5,auroc,,,,,,0
mc_dropout,robust,0.08,0.25,0.01,mutual_information,adv,cert_fail_tau0.95,5,auprc,,,,,,0
mc_dropout,robust,0.08,0.25,0.01,mutual_information,adv,cert_fail_tau0.95,5,prevalence,,,,,,0
mc_dropout,robust,0.08,0.25,0.01,mutual_information,adv,cert_fail_tau0.95,5,neg_spearman_p_safe,,,,,,0
mc_dropout,robust,0.08,0.25,0.01,mutual_information,adv,cert_fail_tau0.95,5,neg_spearman_p_safe_optimistic,,,,,,0
mc_dropout,robust,0.08,0.25,0.01,mutual_information,clean,adv_error,5,auroc,,,,,,0
mc_dropout,robust,0.08,0.25,0.01,mutual_information,clean,adv_error,5,auprc,,,,,,0
mc_dropout,robust,0.08,0.25,0.01,mutual_information,clean,adv_error,5,prevalence,0.0,0.0,0.0,0.0,0.0,5
mc_dropout,robust,0.08,0.25,0.01,mutual_information,clean,adv_error,5,neg_spearman_p_safe,0.3438972596952532,0.0489650968751056,0.02189785702751973,0.28310880858685844,0.40468571080364796,5
mc_dropout,robust,0.08,0.25,0.01,mutual_information,clean,adv_error,5,neg_spearman_p_safe_optimistic,0.33220964191363295,0.024211469507415862,0.010827698330749043,0.30215195134747364,0.36226733247979226,5
mc_dropout,robust,0.08,0.25,0.01,mutual_information,clean,cert_fail_tau0.5,5,auroc,,,,,,0
mc_dropout,robust,0.08,0.25,0.01,mutual_information,clean,cert_fail_tau0.5,5,auprc,,,,,,0
mc_dropout,robust,0.08,0.25,0.01,mutual_information,clean,cert_fail_tau0.5,5,prevalence,0.0,0.0,0.0,0.0,0.0,5
mc_dropout,robust,0.08,0.25,0.01,mutual_information,clean,cert_fail_tau0.5,5,neg_spearman_p_safe,,,,,,0
mc_dropout,robust,0.08,0.25,0.01,mutual_information,clean,cert_fail_tau0.5,5,neg_spearman_p_safe_optimistic,,,,,,0
mc_dropout,robust,0.08,0.25,0.01,mutual_information,clean,cert_fail_tau0.9,5,auroc,,,,,,0
mc_dropout,robust,0.08,0.25,0.01,mutual_information,clean,cert_fail_tau0.9,5,auprc,,,,,,0
mc_dropout,robust,0.08,0.25,0.01,mutual_information,clean,cert_fail_tau0.9,5,prevalence,0.0,0.0,0.0,0.0,0.0,5
mc_dropout,robust,0.08,0.25,0.01,mutual_information,clean,cert_fail_tau0.9,5,neg_spearman_p_safe,,,,,,0
mc_dropout,robust,0.08,0.25,0.01,mutual_information,clean,cert_fail_tau0.9,5,neg_spearman_p_safe_optimistic,,,,,,0
mc_dropout,robust,0.08,0.25,0.01,mutual_information,clean,cert_fail_tau0.95,5,auroc,,,,,,0
mc_dropout,robust,0.08,0.25,0.01,mutual_information,clean,cert_fail_tau0.95,5,auprc,,,,,,0
mc_dropout,robust,0.08,0.25,0.01,mutual_information,clean,cert_fail_tau0.95,5,prevalence,,,,,,0
mc_dropout,robust,0.08,0.25,0.01,mutual_information,clean,cert_fail_tau0.95,5,neg_spearman_p_safe,,,,,,0
mc_dropout,robust,0.08,0.25,0.01,mutual_information,clean,cert_fail_tau0.95,5,neg_spearman_p_safe_optimistic,,,,,,0
mc_dropout,robust,0.08,0.25,0.01,mutual_information,delta,adv_error,5,auroc,,,,,,0
mc_dropout,robust,0.08,0.25,0.01,mutual_information,delta,adv_error,5,auprc,,,,,,0
mc_dropout,robust,0.08,0.25,0.01,mutual_information,delta,adv_error,5,prevalence,0.0,0.0,0.0,0.0,0.0,5
mc_dropout,robust,0.08,0.25,0.01,mutual_information,delta,adv_error,5,neg_spearman_p_safe,0.35756493459036615,0.06351463531616793,0.028404608426612063,0.27871374159809104,0.43641612758264126,5
mc_dropout,robust,0.08,0.25,0.01,mutual_information,delta,adv_error,5,neg_spearman_p_safe_optimistic,0.3457787764755386,0.03767090354705281,0.016846940221009608,0.29901167042201593,0.3925458825290613,5
mc_dropout,robust,0.08,0.25,0.01,mutual_information,delta,cert_fail_tau0.5,5,auroc,,,,,,0
mc_dropout,robust,0.08,0.25,0.01,mutual_information,delta,cert_fail_tau0.5,5,auprc,,,,,,0
mc_dropout,robust,0.08,0.25,0.01,mutual_information,delta,cert_fail_tau0.5,5,prevalence,0.0,0.0,0.0,0.0,0.0,5
mc_dropout,robust,0.08,0.25,0.01,mutual_information,delta,cert_fail_tau0.5,5,neg_spearman_p_safe,,,,,,0
mc_dropout,robust,0.08,0.25,0.01,mutual_information,delta,cert_fail_tau0.5,5,neg_spearman_p_safe_optimistic,,,,,,0
mc_dropout,robust,0.08,0.25,0.01,mutual_information,delta,cert_fail_tau0.9,5,auroc,,,,,,0
mc_dropout,robust,0.08,0.25,0.01,mutual_information,delta,cert_fail_tau0.9,5,auprc,,,,,,0
mc_dropout,robust,0.08,0.25,0.01,mutual_information,delta,cert_fail_tau0.9,5,prevalence,0.0,0.0,0.0,0.0,0.0,5
mc_dropout,robust,0.08,0.25,0.01,mutual_information,delta,cert_fail_tau0.9,5,neg_spearman_p_safe,,,,,,0
mc_dropout,robust,0.08,0.25,0.01,mutual_information,delta,cert_fail_tau0.9,5,neg_spearman_p_safe_optimistic,,,,,,0
mc_dropout,robust,0.08,0.25,0.01,mutual_information,delta,cert_fail_tau0.95,5,auroc,,,,,,0
mc_dropout,robust,0.08,0.25,0.01,mutual_information,delta,cert_fail_tau0.95,5,auprc,,,,,,0
mc_dropout,robust,0.08,0.25,0.01,mutual_information,delta,cert_fail_tau0.95,5,prevalence,,,,,,0
mc_dropout,robust,0.08,0.25,0.01,mutual_information,delta,cert_fail_tau0.95,5,neg_spearman_p_safe,,,,,,0
mc_dropout,robust,0.08,0.25,0.01,mutual_information,delta,cert_fail_tau0.95,5,neg_spearman_p_safe_optimistic,,,,,,0
mc_dropout,robust,0.08,0.25,0.01,one_minus_confidence,adv,adv_error,5,auroc,,,,,,0
mc_dropout,robust,0.08,0.25,0.01,one_minus_confidence,adv,adv_error,5,auprc,,,,,,0
mc_dropout,robust,0.08,0.25,0.01,one_minus_confidence,adv,adv_error,5,prevalence,0.0,0.0,0.0,0.0,0.0,5
mc_dropout,robust,0.08,0.25,0.01,one_minus_confidence,adv,adv_error,5,neg_spearman_p_safe,0.35424274045329956,0.05196477599014555,0.023239354309902874,0.2897302928890092,0.41875518801758993,5
mc_dropout,robust,0.08,0.25,0.01,one_minus_confidence,adv,adv_error,5,neg_spearman_p_safe_optimistic,0.3440159036783273,0.02991549403636984,0.013378615649162505,0.3068768666362522,0.3811549407204024,5
mc_dropout,robust,0.08,0.25,0.01,one_minus_confidence,adv,cert_fail_tau0.5,5,auroc,,,,,,0
mc_dropout,robust,0.08,0.25,0.01,one_minus_confidence,adv,cert_fail_tau0.5,5,auprc,,,,,,0
mc_dropout,robust,0.08,0.25,0.01,one_minus_confidence,adv,cert_fail_tau0.5,5,prevalence,0.0,0.0,0.0,0.0,0.0,5
mc_dropout,robust,0.08,0.25,0.01,one_minus_confidence,adv,cert_fail_tau0.5,5,neg_spearman_p_safe,,,,,,0
mc_dropout,robust,0.08,0.25,0.01,one_minus_confidence,adv,cert_fail_tau0.5,5,neg_spearman_p_safe_optimistic,,,,,,0
mc_dropout,robust,0.08,0.25,0.01,one_minus_confidence,adv,cert_fail_tau0.9,5,auroc,,,,,,0
mc_dropout,robust,0.08,0.25,0.01,one_minus_confidence,adv,cert_fail_tau0.9,5,auprc,,,,,,0
mc_dropout,robust,0.08,0.25,0.01,one_minus_confidence,adv,cert_fail_tau0.9,5,prevalence,0.0,0.0,0.0,0.0,0.0,5
mc_dropout,robust,0.08,0.25,0.01,one_minus_confidence,adv,cert_fail_tau0.9,5,neg_spearman_p_safe,,,,,,0
mc_dropout,robust,0.08,0.25,0.01,one_minus_confidence,adv,cert_fail_tau0.9,5,neg_spearman_p_safe_optimistic,,,,,,0
mc_dropout,robust,0.08,0.25,0.01,one_minus_confidence,adv,cert_fail_tau0.95,5,auroc,,,,,,0
mc_dropout,robust,0.08,0.25,0.01,one_minus_confidence,adv,cert_fail_tau0.95,5,auprc,,,,,,0
mc_dropout,robust,0.08,0.25,0.01,one_minus_confidence,adv,cert_fail_tau0.95,5,prevalence,,,,,,0
mc_dropout,robust,0.08,0.25,0.01,one_minus_confidence,adv,cert_fail_tau0.95,5,neg_spearman_p_safe,,,,,,0
mc_dropout,robust,0.08,0.25,0.01,one_minus_confidence,adv,cert_fail_tau0.95,5,neg_spearman_p_safe_optimistic,,,,,,0
mc_dropout,robust,0.08,0.25,0.01,one_minus_confidence,clean,adv_error,5,auroc,,,,,,0
mc_dropout,robust,0.08,0.25,0.01,one_minus_confidence,clean,adv_error,5,auprc,,,,,,0
mc_dropout,robust,0.08,0.25,0.01,one_minus_confidence,clean,adv_error,5,prevalence,0.0,0.0,0.0,0.0,0.0,5
mc_dropout,robust,0.08,0.25,0.01,one_minus_confidence,clean,adv_error,5,neg_spearman_p_safe,0.3431608481371199,0.04699918374098516,0.021018673946369137,0.28481300926199915,0.40150868701224063,5
mc_dropout,robust,0.08,0.25,0.01,one_minus_confidence,clean,adv_error,5,neg_spearman_p_safe_optimistic,0.3324422096617804,0.024319977950410434,0.010876224781682747,0.3022498096678291,0.3626346096557317,5
mc_dropout,robust,0.08,0.25,0.01,one_minus_confidence,clean,cert_fail_tau0.5,5,auroc,,,,,,0
mc_dropout,robust,0.08,0.25,0.01,one_minus_confidence,clean,cert_fail_tau0.5,5,auprc,,,,,,0
mc_dropout,robust,0.08,0.25,0.01,one_minus_confidence,clean,cert_fail_tau0.5,5,prevalence,0.0,0.0,0.0,0.0,0.0,5
mc_dropout,robust,0.08,0.25,0.01,one_minus_confidence,clean,cert_fail_tau0.5,5,neg_spearman_p_safe,,,,,,0
mc_dropout,robust,0.08,0.25,0.01,one_minus_confidence,clean,cert_fail_tau0.5,5,neg_spearman_p_safe_optimistic,,,,,,0
mc_dropout,robust,0.08,0.25,0.01,one_minus_confidence,clean,cert_fail_tau0.9,5,auroc,,,,,,0
mc_dropout,robust,0.08,0.25,0.01,one_minus_confidence,clean,cert_fail_tau0.9,5,auprc,,,,,,0
mc_dropout,robust,0.08,0.25,0.01,one_minus_confidence,clean,cert_fail_tau0.9,5,prevalence,0.0,0.0,0.0,0.0,0.0,5
mc_dropout,robust,0.08,0.25,0.01,one_minus_confidence,clean,cert_fail_tau0.9,5,neg_spearman_p_safe,,,,,,0
mc_dropout,robust,0.08,0.25,0.01,one_minus_confidence,clean,cert_fail_tau0.9,5,neg_spearman_p_safe_optimistic,,,,,,0
mc_dropout,robust,0.08,0.25,0.01,one_minus_confidence,clean,cert_fail_tau0.95,5,auroc,,,,,,0
mc_dropout,robust,0.08,0.25,0.01,one_minus_confidence,clean,cert_fail_tau0.95,5,auprc,,,,,,0
mc_dropout,robust,0.08,0.25,0.01,one_minus_confidence,clean,cert_fail_tau0.95,5,prevalence,,,,,,0
mc_dropout,robust,0.08,0.25,0.01,one_minus_confidence,clean,cert_fail_tau0.95,5,neg_spearman_p_safe,,,,,,0
mc_dropout,robust,0.08,0.25,0.01,one_minus_confidence,clean,cert_fail_tau0.95,5,neg_spearman_p_safe_optimistic,,,,,,0
mc_dropout,robust,0.08,0.25,0.01,one_minus_confidence,delta,adv_error,5,auroc,,,,,,0
mc_dropout,robust,0.08,0.25,0.01,one_minus_confidence,delta,adv_error,5,auprc,,,,,,0
mc_dropout,robust,0.08,0.25,0.01,one_minus_confidence,delta,adv_error,5,prevalence,0.0,0.0,0.0,0.0,0.0,5
mc_dropout,robust,0.08,0.25,0.01,one_minus_confidence,delta,adv_error,5,neg_spearman_p_safe,0.36083350075847287,0.05912846026907365,0.026443051313308836,0.2874275903127276,0.43423941120421816,5
mc_dropout,robust,0.08,0.25,0.01,one_minus_confidence,delta,adv_error,5,neg_spearman_p_safe_optimistic,0.35001734213317603,0.03535199248933091,0.015809891669241183,0.3061290828593625,0.39390560140698955,5
mc_dropout,robust,0.08,0.25,0.01,one_minus_confidence,delta,cert_fail_tau0.5,5,auroc,,,,,,0
mc_dropout,robust,0.08,0.25,0.01,one_minus_confidence,delta,cert_fail_tau0.5,5,auprc,,,,,,0
mc_dropout,robust,0.08,0.25,0.01,one_minus_confidence,delta,cert_fail_tau0.5,5,prevalence,0.0,0.0,0.0,0.0,0.0,5
mc_dropout,robust,0.08,0.25,0.01,one_minus_confidence,delta,cert_fail_tau0.5,5,neg_spearman_p_safe,,,,,,0
mc_dropout,robust,0.08,0.25,0.01,one_minus_confidence,delta,cert_fail_tau0.5,5,neg_spearman_p_safe_optimistic,,,,,,0
mc_dropout,robust,0.08,0.25,0.01,one_minus_confidence,delta,cert_fail_tau0.9,5,auroc,,,,,,0
mc_dropout,robust,0.08,0.25,0.01,one_minus_confidence,delta,cert_fail_tau0.9,5,auprc,,,,,,0
mc_dropout,robust,0.08,0.25,0.01,one_minus_confidence,delta,cert_fail_tau0.9,5,prevalence,0.0,0.0,0.0,0.0,0.0,5
mc_dropout,robust,0.08,0.25,0.01,one_minus_confidence,delta,cert_fail_tau0.9,5,neg_spearman_p_safe,,,,,,0
mc_dropout,robust,0.08,0.25,0.01,one_minus_confidence,delta,cert_fail_tau0.9,5,neg_spearman_p_safe_optimistic,,,,,,0
mc_dropout,robust,0.08,0.25,0.01,one_minus_confidence,delta,cert_fail_tau0.95,5,auroc,,,,,,0
mc_dropout,robust,0.08,0.25,0.01,one_minus_confidence,delta,cert_fail_tau0.95,5,auprc,,,,,,0
mc_dropout,robust,0.08,0.25,0.01,one_minus_confidence,delta,cert_fail_tau0.95,5,prevalence,,,,,,0
mc_dropout,robust,0.08,0.25,0.01,one_minus_confidence,delta,cert_fail_tau0.95,5,neg_spearman_p_safe,,,,,,0
mc_dropout,robust,0.08,0.25,0.01,one_minus_confidence,delta,cert_fail_tau0.95,5,neg_spearman_p_safe_optimistic,,,,,,0
mc_dropout,robust,0.08,0.25,0.03,mutual_information,adv,adv_error,5,auroc,,,,,,0
mc_dropout,robust,0.08,0.25,0.03,mutual_information,adv,adv_error,5,auprc,,,,,,0
mc_dropout,robust,0.08,0.25,0.03,mutual_information,adv,adv_error,5,prevalence,0.0,0.0,0.0,0.0,0.0,5
mc_dropout,robust,0.08,0.25,0.03,mutual_information,adv,adv_error,5,neg_spearman_p_safe,,,,,,0
mc_dropout,robust,0.08,0.25,0.03,mutual_information,adv,adv_error,5,neg_spearman_p_safe_optimistic,,,,,,0
mc_dropout,robust,0.08,0.25,0.03,mutual_information,adv,cert_fail_tau0.5,5,auroc,,,,,,0
mc_dropout,robust,0.08,0.25,0.03,mutual_information,adv,cert_fail_tau0.5,5,auprc,,,,,,0
mc_dropout,robust,0.08,0.25,0.03,mutual_information,adv,cert_fail_tau0.5,5,prevalence,,,,,,0
mc_dropout,robust,0.08,0.25,0.03,mutual_information,adv,cert_fail_tau0.5,5,neg_spearman_p_safe,,,,,,0
mc_dropout,robust,0.08,0.25,0.03,mutual_information,adv,cert_fail_tau0.5,5,neg_spearman_p_safe_optimistic,,,,,,0
mc_dropout,robust,0.08,0.25,0.03,mutual_information,adv,cert_fail_tau0.9,5,auroc,,,,,,0
mc_dropout,robust,0.08,0.25,0.03,mutual_information,adv,cert_fail_tau0.9,5,auprc,,,,,,0
mc_dropout,robust,0.08,0.25,0.03,mutual_information,adv,cert_fail_tau0.9,5,prevalence,,,,,,0
mc_dropout,robust,0.08,0.25,0.03,mutual_information,adv,cert_fail_tau0.9,5,neg_spearman_p_safe,,,,,,0
mc_dropout,robust,0.08,0.25,0.03,mutual_information,adv,cert_fail_tau0.9,5,neg_spearman_p_safe_optimistic,,,,,,0
mc_dropout,robust,0.08,0.25,0.03,mutual_information,adv,cert_fail_tau0.95,5,auroc,,,,,,0
mc_dropout,robust,0.08,0.25,0.03,mutual_information,adv,cert_fail_tau0.95,5,auprc,,,,,,0
mc_dropout,robust,0.08,0.25,0.03,mutual_information,adv,cert_fail_tau0.95,5,prevalence,,,,,,0
mc_dropout,robust,0.08,0.25,0.03,mutual_information,adv,cert_fail_tau0.95,5,neg_spearman_p_safe,,,,,,0
mc_dropout,robust,0.08,0.25,0.03,mutual_information,adv,cert_fail_tau0.95,5,neg_spearman_p_safe_optimistic,,,,,,0
mc_dropout,robust,0.08,0.25,0.03,mutual_information,clean,adv_error,5,auroc,,,,,,0
mc_dropout,robust,0.08,0.25,0.03,mutual_information,clean,adv_error,5,auprc,,,,,,0
mc_dropout,robust,0.08,0.25,0.03,mutual_information,clean,adv_error,5,prevalence,0.0,0.0,0.0,0.0,0.0,5
mc_dropout,robust,0.08,0.25,0.03,mutual_information,clean,adv_error,5,neg_spearman_p_safe,,,,,,0
mc_dropout,robust,0.08,0.25,0.03,mutual_information,clean,adv_error,5,neg_spearman_p_safe_optimistic,,,,,,0
mc_dropout,robust,0.08,0.25,0.03,mutual_information,clean,cert_fail_tau0.5,5,auroc,,,,,,0
mc_dropout,robust,0.08,0.25,0.03,mutual_information,clean,cert_fail_tau0.5,5,auprc,,,,,,0
mc_dropout,robust,0.08,0.25,0.03,mutual_information,clean,cert_fail_tau0.5,5,prevalence,,,,,,0
mc_dropout,robust,0.08,0.25,0.03,mutual_information,clean,cert_fail_tau0.5,5,neg_spearman_p_safe,,,,,,0
mc_dropout,robust,0.08,0.25,0.03,mutual_information,clean,cert_fail_tau0.5,5,neg_spearman_p_safe_optimistic,,,,,,0
mc_dropout,robust,0.08,0.25,0.03,mutual_information,clean,cert_fail_tau0.9,5,auroc,,,,,,0
mc_dropout,robust,0.08,0.25,0.03,mutual_information,clean,cert_fail_tau0.9,5,auprc,,,,,,0
mc_dropout,robust,0.08,0.25,0.03,mutual_information,clean,cert_fail_tau0.9,5,prevalence,,,,,,0
mc_dropout,robust,0.08,0.25,0.03,mutual_information,clean,cert_fail_tau0.9,5,neg_spearman_p_safe,,,,,,0
mc_dropout,robust,0.08,0.25,0.03,mutual_information,clean,cert_fail_tau0.9,5,neg_spearman_p_safe_optimistic,,,,,,0
mc_dropout,robust,0.08,0.25,0.03,mutual_information,clean,cert_fail_tau0.95,5,auroc,,,,,,0
mc_dropout,robust,0.08,0.25,0.03,mutual_information,clean,cert_fail_tau0.95,5,auprc,,,,,,0
mc_dropout,robust,0.08,0.25,0.03,mutual_information,clean,cert_fail_tau0.95,5,prevalence,,,,,,0
mc_dropout,robust,0.08,0.25,0.03,mutual_information,clean,cert_fail_tau0.95,5,neg_spearman_p_safe,,,,,,0
mc_dropout,robust,0.08,0.25,0.03,mutual_information,clean,cert_fail_tau0.95,5,neg_spearman_p_safe_optimistic,,,,,,0
mc_dropout,robust,0.08,0.25,0.03,mutual_information,delta,adv_error,5,auroc,,,,,,0
mc_dropout,robust,0.08,0.25,0.03,mutual_information,delta,adv_error,5,auprc,,,,,,0
mc_dropout,robust,0.08,0.25,0.03,mutual_information,delta,adv_error,5,prevalence,0.0,0.0,0.0,0.0,0.0,5
mc_dropout,robust,0.08,0.25,0.03,mutual_information,delta,adv_error,5,neg_spearman_p_safe,,,,,,0
mc_dropout,robust,0.08,0.25,0.03,mutual_information,delta,adv_error,5,neg_spearman_p_safe_optimistic,,,,,,0
mc_dropout,robust,0.08,0.25,0.03,mutual_information,delta,cert_fail_tau0.5,5,auroc,,,,,,0
mc_dropout,robust,0.08,0.25,0.03,mutual_information,delta,cert_fail_tau0.5,5,auprc,,,,,,0
mc_dropout,robust,0.08,0.25,0.03,mutual_information,delta,cert_fail_tau0.5,5,prevalence,,,,,,0
mc_dropout,robust,0.08,0.25,0.03,mutual_information,delta,cert_fail_tau0.5,5,neg_spearman_p_safe,,,,,,0
mc_dropout,robust,0.08,0.25,0.03,mutual_information,delta,cert_fail_tau0.5,5,neg_spearman_p_safe_optimistic,,,,,,0
mc_dropout,robust,0.08,0.25,0.03,mutual_information,delta,cert_fail_tau0.9,5,auroc,,,,,,0
mc_dropout,robust,0.08,0.25,0.03,mutual_information,delta,cert_fail_tau0.9,5,auprc,,,,,,0
mc_dropout,robust,0.08,0.25,0.03,mutual_information,delta,cert_fail_tau0.9,5,prevalence,,,,,,0
mc_dropout,robust,0.08,0.25,0.03,mutual_information,delta,cert_fail_tau0.9,5,neg_spearman_p_safe,,,,,,0
mc_dropout,robust,0.08,0.25,0.03,mutual_information,delta,cert_fail_tau0.9,5,neg_spearman_p_safe_optimistic,,,,,,0
mc_dropout,robust,0.08,0.25,0.03,mutual_information,delta,cert_fail_tau0.95,5,auroc,,,,,,0
mc_dropout,robust,0.08,0.25,0.03,mutual_information,delta,cert_fail_tau0.95,5,auprc,,,,,,0
mc_dropout,robust,0.08,0.25,0.03,mutual_information,delta,cert_fail_tau0.95,5,prevalence,,,,,,0
mc_dropout,robust,0.08,0.25,0.03,mutual_information,delta,cert_fail_tau0.95,5,neg_spearman_p_safe,,,,,,0
mc_dropout,robust,0.08,0.25,0.03,mutual_information,delta,cert_fail_tau0.95,5,neg_spearman_p_safe_optimistic,,,,,,0
mc_dropout,robust,0.08,0.25,0.03,one_minus_confidence,adv,adv_error,5,auroc,,,,,,0
mc_dropout,robust,0.08,0.25,0.03,one_minus_confidence,adv,adv_error,5,auprc,,,,,,0
mc_dropout,robust,0.08,0.25,0.03,one_minus_confidence,adv,adv_error,5,prevalence,0.0,0.0,0.0,0.0,0.0,5
mc_dropout,robust,0.08,0.25,0.03,one_minus_confidence,adv,adv_error,5,neg_spearman_p_safe,,,,,,0
mc_dropout,robust,0.08,0.25,0.03,one_minus_confidence,adv,adv_error,5,neg_spearman_p_safe_optimistic,,,,,,0
mc_dropout,robust,0.08,0.25,0.03,one_minus_confidence,adv,cert_fail_tau0.5,5,auroc,,,,,,0
mc_dropout,robust,0.08,0.25,0.03,one_minus_confidence,adv,cert_fail_tau0.5,5,auprc,,,,,,0
mc_dropout,robust,0.08,0.25,0.03,one_minus_confidence,adv,cert_fail_tau0.5,5,prevalence,,,,,,0
mc_dropout,robust,0.08,0.25,0.03,one_minus_confidence,adv,cert_fail_tau0.5,5,neg_spearman_p_safe,,,,,,0
mc_dropout,robust,0.08,0.25,0.03,one_minus_confidence,adv,cert_fail_tau0.5,5,neg_spearman_p_safe_optimistic,,,,,,0
mc_dropout,robust,0.08,0.25,0.03,one_minus_confidence,adv,cert_fail_tau0.9,5,auroc,,,,,,0
mc_dropout,robust,0.08,0.25,0.03,one_minus_confidence,adv,cert_fail_tau0.9,5,auprc,,,,,,0
mc_dropout,robust,0.08,0.25,0.03,one_minus_confidence,adv,cert_fail_tau0.9,5,prevalence,,,,,,0
mc_dropout,robust,0.08,0.25,0.03,one_minus_confidence,adv,cert_fail_tau0.9,5,neg_spearman_p_safe,,,,,,0
mc_dropout,robust,0.08,0.25,0.03,one_minus_confidence,adv,cert_fail_tau0.9,5,neg_spearman_p_safe_optimistic,,,,,,0
mc_dropout,robust,0.08,0.25,0.03,one_minus_confidence,adv,cert_fail_tau0.95,5,auroc,,,,,,0
mc_dropout,robust,0.08,0.25,0.03,one_minus_confidence,adv,cert_fail_tau0.95,5,auprc,,,,,,0
mc_dropout,robust,0.08,0.25,0.03,one_minus_confidence,adv,cert_fail_tau0.95,5,prevalence,,,,,,0
mc_dropout,robust,0.08,0.25,0.03,one_minus_confidence,adv,cert_fail_tau0.95,5,neg_spearman_p_safe,,,,,,0
mc_dropout,robust,0.08,0.25,0.03,one_minus_confidence,adv,cert_fail_tau0.95,5,neg_spearman_p_safe_optimistic,,,,,,0
mc_dropout,robust,0.08,0.25,0.03,one_minus_confidence,clean,adv_error,5,auroc,,,,,,0
mc_dropout,robust,0.08,0.25,0.03,one_minus_confidence,clean,adv_error,5,auprc,,,,,,0
mc_dropout,robust,0.08,0.25,0.03,one_minus_confidence,clean,adv_error,5,prevalence,0.0,0.0,0.0,0.0,0.0,5
mc_dropout,robust,0.08,0.25,0.03,one_minus_confidence,clean,adv_error,5,neg_spearman_p_safe,,,,,,0
mc_dropout,robust,0.08,0.25,0.03,one_minus_confidence,clean,adv_error,5,neg_spearman_p_safe_optimistic,,,,,,0
mc_dropout,robust,0.08,0.25,0.03,one_minus_confidence,clean,cert_fail_tau0.5,5,auroc,,,,,,0
mc_dropout,robust,0.08,0.25,0.03,one_minus_confidence,clean,cert_fail_tau0.5,5,auprc,,,,,,0
mc_dropout,robust,0.08,0.25,0.03,one_minus_confidence,clean,cert_fail_tau0.5,5,prevalence,,,,,,0
mc_dropout,robust,0.08,0.25,0.03,one_minus_confidence,clean,cert_fail_tau0.5,5,neg_spearman_p_safe,,,,,,0
mc_dropout,robust,0.08,0.25,0.03,one_minus_confidence,clean,cert_fail_tau0.5,5,neg_spearman_p_safe_optimistic,,,,,,0
mc_dropout,robust,0.08,0.25,0.03,one_minus_confidence,clean,cert_fail_tau0.9,5,auroc,,,,,,0
mc_dropout,robust,0.08,0.25,0.03,one_minus_confidence,clean,cert_fail_tau0.9,5,auprc,,,,,,0
mc_dropout,robust,0.08,0.25,0.03,one_minus_confidence,clean,cert_fail_tau0.9,5,prevalence,,,,,,0
mc_dropout,robust,0.08,0.25,0.03,one_minus_confidence,clean,cert_fail_tau0.9,5,neg_spearman_p_safe,,,,,,0
mc_dropout,robust,0.08,0.25,0.03,one_minus_confidence,clean,cert_fail_tau0.9,5,neg_spearman_p_safe_optimistic,,,,,,0
mc_dropout,robust,0.08,0.25,0.03,one_minus_confidence,clean,cert_fail_tau0.95,5,auroc,,,,,,0
mc_dropout,robust,0.08,0.25,0.03,one_minus_confidence,clean,cert_fail_tau0.95,5,auprc,,,,,,0
mc_dropout,robust,0.08,0.25,0.03,one_minus_confidence,clean,cert_fail_tau0.95,5,prevalence,,,,,,0
mc_dropout,robust,0.08,0.25,0.03,one_minus_confidence,clean,cert_fail_tau0.95,5,neg_spearman_p_safe,,,,,,0
mc_dropout,robust,0.08,0.25,0.03,one_minus_confidence,clean,cert_fail_tau0.95,5,neg_spearman_p_safe_optimistic,,,,,,0
mc_dropout,robust,0.08,0.25,0.03,one_minus_confidence,delta,adv_error,5,auroc,,,,,,0
mc_dropout,robust,0.08,0.25,0.03,one_minus_confidence,delta,adv_error,5,auprc,,,,,,0
mc_dropout,robust,0.08,0.25,0.03,one_minus_confidence,delta,adv_error,5,prevalence,0.0,0.0,0.0,0.0,0.0,5
mc_dropout,robust,0.08,0.25,0.03,one_minus_confidence,delta,adv_error,5,neg_spearman_p_safe,,,,,,0
mc_dropout,robust,0.08,0.25,0.03,one_minus_confidence,delta,adv_error,5,neg_spearman_p_safe_optimistic,,,,,,0
mc_dropout,robust,0.08,0.25,0.03,one_minus_confidence,delta,cert_fail_tau0.5,5,auroc,,,,,,0
mc_dropout,robust,0.08,0.25,0.03,one_minus_confidence,delta,cert_fail_tau0.5,5,auprc,,,,,,0
mc_dropout,robust,0.08,0.25,0.03,one_minus_confidence,delta,cert_fail_tau0.5,5,prevalence,,,,,,0
mc_dropout,robust,0.08,0.25,0.03,one_minus_confidence,delta,cert_fail_tau0.5,5,neg_spearman_p_safe,,,,,,0
mc_dropout,robust,0.08,0.25,0.03,one_minus_confidence,delta,cert_fail_tau0.5,5,neg_spearman_p_safe_optimistic,,,,,,0
mc_dropout,robust,0.08,0.25,0.03,one_minus_confidence,delta,cert_fail_tau0.9,5,auroc,,,,,,0
mc_dropout,robust,0.08,0.25,0.03,one_minus_confidence,delta,cert_fail_tau0.9,5,auprc,,,,,,0
mc_dropout,robust,0.08,0.25,0.03,one_minus_confidence,delta,cert_fail_tau0.9,5,prevalence,,,,,,0
mc_dropout,robust,0.08,0.25,0.03,one_minus_confidence,delta,cert_fail_tau0.9,5,neg_spearman_p_safe,,,,,,0
mc_dropout,robust,0.08,0.25,0.03,one_minus_confidence,delta,cert_fail_tau0.9,5,neg_spearman_p_safe_optimistic,,,,,,0
mc_dropout,robust,0.08,0.25,0.03,one_minus_confidence,delta,cert_fail_tau0.95,5,auroc,,,,,,0
mc_dropout,robust,0.08,0.25,0.03,one_minus_confidence,delta,cert_fail_tau0.95,5,auprc,,,,,,0
mc_dropout,robust,0.08,0.25,0.03,one_minus_confidence,delta,cert_fail_tau0.95,5,prevalence,,,,,,0
mc_dropout,robust,0.08,0.25,0.03,one_minus_confidence,delta,cert_fail_tau0.95,5,neg_spearman_p_safe,,,,,,0
mc_dropout,robust,0.08,0.25,0.03,one_minus_confidence,delta,cert_fail_tau0.95,5,neg_spearman_p_safe_optimistic,,,,,,0
mc_dropout,robust,0.08,0.25,0.05,mutual_information,adv,adv_error,5,auroc,0.9921875,0.015625,0.0078125,0.967328125,1.017046875,4
mc_dropout,robust,0.08,0.25,0.05,mutual_information,adv,adv_error,5,auprc,0.875,0.25,0.125,0.47725,1.27275,4
mc_dropout,robust,0.08,0.25,0.05,mutual_information,adv,adv_error,5,prevalence,0.02,0.01414213562373095,0.006324555320336759,0.0024430344307451585,0.03755696556925484,5
mc_dropout,robust,0.08,0.25,0.05,mutual_information,adv,adv_error,5,neg_spearman_p_safe,0.6140563948577611,0.08219028475564714,0.03675661276073834,0.5120200378339514,0.7160927518815707,5
mc_dropout,robust,0.08,0.25,0.05,mutual_information,adv,adv_error,5,neg_spearman_p_safe_optimistic,0.5446547779302007,0.05495871829926635,0.024578286014684238,0.4764254559534372,0.6128840999069641,5
mc_dropout,robust,0.08,0.25,0.05,mutual_information,adv,cert_fail_tau0.5,5,auroc,1.0,0.0,0.0,1.0,1.0,3
mc_dropout,robust,0.08,0.25,0.05,mutual_information,adv,cert_fail_tau0.5,5,auprc,1.0,0.0,0.0,1.0,1.0,3
mc_dropout,robust,0.08,0.25,0.05,mutual_information,adv,cert_fail_tau0.5,5,prevalence,0.016666666666666666,0.01743041721945991,0.007795119555779045,-0.004972585220175959,0.03830591855350929,5
mc_dropout,robust,0.08,0.25,0.05,mutual_information,adv,cert_fail_tau0.5,5,neg_spearman_p_safe,,,,,,0
mc_dropout,robust,0.08,0.25,0.05,mutual_information,adv,cert_fail_tau0.5,5,neg_spearman_p_safe_optimistic,,,,,,0
mc_dropout,robust,0.08,0.25,0.05,mutual_information,adv,cert_fail_tau0.9,5,auroc,1.0,0.0,0.0,1.0,1.0,5
mc_dropout,robust,0.08,0.25,0.05,mutual_information,adv,cert_fail_tau0.9,5,auprc,1.0,0.0,0.0,1.0,1.0,5
mc_dropout,robust,0.08,0.25,0.05,mutual_information,adv,cert_fail_tau0.9,5,prevalence,0.05962800044470455,0.02171129465754053,0.009709586146757728,0.0326741893013051,0.086581811588104,5
mc_dropout,robust,0.08,0.25,0.05,mutual_information,adv,cert_fail_tau0.9,5,neg_spearman_p_safe,,,,,,0
mc_dropout,robust,0.08,0.25,0.05,mutual_information,adv,cert_fail_tau0.9,5,neg_spearman_p_safe_optimistic,,,,,,0
mc_dropout,robust,0.08,0.25,0.05,mutual_information,adv,cert_fail_tau0.95,5,auroc,,,,,,0
mc_dropout,robust,0.08,0.25,0.05,mutual_information,adv,cert_fail_tau0.95,5,auprc,1.0,0.0,0.0,1.0,1.0,5
mc_dropout,robust,0.08,0.25,0.05,mutual_information,adv,cert_fail_tau0.95,5,prevalence,1.0,0.0,0.0,1.0,1.0,5
mc_dropout,robust,0.08,0.25,0.05,mutual_information,adv,cert_fail_tau0.95,5,neg_spearman_p_safe,,,,,,0
mc_dropout,robust,0.08,0.25,0.05,mutual_information,adv,cert_fail_tau0.95,5,neg_spearman_p_safe_optimistic,,,,,,0
mc_dropout,robust,0.08,0.25,0.05,mutual_information,clean,adv_error,5,auroc,0.9460565476190476,0.04050749112195176,0.02025374556097588,0.8816091292440223,1.0105039659940729,4
mc_dropout,robust,0.08,0.25,0.05,mutual_information,clean,adv_error,5,auprc,0.4444444444444444,0.1924500897298753,0.09622504486493764,0.13825635168421285,0.750632537204676,4
mc_dropout,robust,0.08,0.25,0.05,mutual_information,clean,adv_error,5,prevalence,0.02,0.01414213562373095,0.006324555320336759,0.0024430344307451585,0.03755696556925484,5
mc_dropout,robust,0.08,0.25,0.05,mutual_information,clean,adv_error,5,neg_spearman_p_safe,0.502677640919144,0.06949514019421421,0.03107917151602818,0.4164018607906498,0.5889534210476383,5
mc_dropout,robust,0.08,0.25,0.05,mutual_information,clean,adv_error,5,neg_spearman_p_safe_optimistic,0.47377278437215714,0.03204975495585747,0.014333086148701614,0.4339841372233615,0.5135614315209528,5
mc_dropout,robust,0.08,0.25,0.05,mutual_information,clean,cert_fail_tau0.5,5,auroc,0.9535152636447733,0.04309460802730677,0.024880683545186973,0.8464536823498338,1.0605768449397128,3
mc_dropout,robust,0.08,0.25,0.05,mutual_information,clean,cert_fail_tau0.5,5,auprc,0.6142857142857142,0.40076457540301536,0.231381535490597,-0.38134903293032474,1.609920461501753,3
mc_dropout,robust,0.08,0.25,0.05,mutual_information,clean,cert_fail_tau0.5,5,prevalence,0.016666666666666666,0.01743041721945991,0.007795119555779045,-0.004972585220175959,0.03830591855350929,5
mc_dropout,robust,0.08,0.25,0.05,mutual_information,clean,cert_fail_tau0.5,5,neg_spearman_p_safe,,,,,,0
mc_dropout,robust,0.08,0.25,0.05,mutual_information,clean,cert_fail_tau0.5,5,neg_spearman_p_safe_optimistic,,,,,,0
mc_dropout,robust,0.08,0.25,0.05,mutual_information,clean,cert_fail_tau0.9,5,auroc,0.98640826873385,0.01705362734699266,0.007626614002164995,0.96523678826384,1.00757974920386,5
mc_dropout,robust,0.08,0.25,0.05,mutual_information,clean,cert_fail_tau0.9,5,auprc,0.8783333333333333,0.14667613605794533,0.06559556218051475,0.6962400527202244,1.0604266139464422,5
mc_dropout,robust,0.08,0.25,0.05,mutual_information,clean,cert_fail_tau0.9,5,prevalence,0.05962800044470455,0.02171129465754053,0.009709586146757728,0.0326741893013051,0.086581811588104,5
mc_dropout,robust,0.08,0.25,0.05,mutual_information,clean,cert_fail_tau0.9,5,neg_spearman_p_safe,,,,,,0
mc_dropout,robust,0.08,0.25,0.05,mutual_information,clean,cert_fail_tau0.9,5,neg_spearman_p_safe_optimistic,,,,,,0
mc_dropout,robust,0.08,0.25,0.05,mutual_information,clean,cert_fail_tau0.95,5,auroc,,,,,,0
mc_dropout,robust,0.08,0.25,0.05,mutual_information,clean,cert_fail_tau0.95,5,auprc,1.0,0.0,0.0,1.0,1.0,5
mc_dropout,robust,0.08,0.25,0.05,mutual_information,clean,cert_fail_tau0.95,5,prevalence,1.0,0.0,0.0,1.0,1.0,5
mc_dropout,robust,0.08,0.25,0.05,mutual_information,clean,cert_fail_tau0.95,5,neg_spearman_p_safe,,,,,,0
mc_dropout,robust,0.08,0.25,0.05,mutual_information,clean,cert_fail_tau0.95,5,neg_spearman_p_safe_optimistic,,,,,,0
mc_dropout,robust,0.08,0.25,0.05,mutual_information,delta,adv_error,5,auroc,0.9921875,0.015625,0.0078125,0.967328125,1.017046875,4
mc_dropout,robust,0.08,0.25,0.05,mutual_information,delta,adv_error,5,auprc,0.875,0.25,0.125,0.47725,1.27275,4
mc_dropout,robust,0.08,0.25,0.05,mutual_information,delta,adv_error,5,prevalence,0.02,0.01414213562373095,0.006324555320336759,0.0024430344307451585,0.03755696556925484,5
mc_dropout,robust,0.08,0.25,0.05,mutual_information,delta,adv_error,5,neg_spearman_p_safe,0.6268510382468656,0.07339605321487434,0.0328237128537302,0.5357324113649106,0.7179696651288207,5
mc_dropout,robust,0.08,0.25,0.05,mutual_information,delta,adv_error,5,neg_spearman_p_safe_optimistic,0.5483693219408233,0.04717308130231661,0.021096443300020848,0.4898055953399655,0.6069330485416812,5
mc_dropout,robust,0.08,0.25,0.05,mutual_information,delta,cert_fail_tau0.5,5,auroc,1.0,0.0,0.0,1.0,1.0,3
mc_dropout,robust,0.08,0.25,0.05,mutual_information,delta,cert_fail_tau0.5,5,auprc,1.0,0.0,0.0,1.0,1.0,3
mc_dropout,robust,0.08,0.25,0.05,mutual_information,delta,cert_fail_tau0.5,5,prevalence,0.016666666666666666,0.01743041721945991,0.007795119555779045,-0.004972585220175959,0.03830591855350929,5
mc_dropout,robust,0.08,0.25,0.05,mutual_information,delta,cert_fail_tau0.5,5,neg_spearman_p_safe,,,,,,0
mc_dropout,robust,0.08,0.25,0.05,mutual_information,delta,cert_fail_tau0.5,5,neg_spearman_p_safe_optimistic,,,,,,0
mc_dropout,robust,0.08,0.25,0.05,mutual_information,delta,cert_fail_tau0.9,5,auroc,1.0,0.0,0.0,1.0,1.0,5
mc_dropout,robust,0.08,0.25,0.05,mutual_information,delta,cert_fail_tau0.9,5,auprc,1.0,0.0,0.0,1.0,1.0,5
mc_dropout,robust,0.08,0.25,0.05,mutual_information,delta,cert_fail_tau0.9,5,prevalence,0.05962800044470455,0.02171129465754053,0.009709586146757728,0.0326741893013051,0.086581811588104,5
mc_dropout,robust,0.08,0.25,0.05,mutual_information,delta,cert_fail_tau0.9,5,neg_spearman_p_safe,,,,,,0
mc_dropout,robust,0.08,0.25,0.05,mutual_information,delta,cert_fail_tau0.9,5,neg_spearman_p_safe_optimistic,,,,,,0
mc_dropout,robust,0.08,0.25,0.05,mutual_information,delta,cert_fail_tau0.95,5,auroc,,,,,,0
mc_dropout,robust,0.08,0.25,0.05,mutual_information,delta,cert_fail_tau0.95,5,auprc,1.0,0.0,0.0,1.0,1.0,5
mc_dropout,robust,0.08,0.25,0.05,mutual_information,delta,cert_fail_tau0.95,5,prevalence,1.0,0.0,0.0,1.0,1.0,5
mc_dropout,robust,0.08,0.25,0.05,mutual_information,delta,cert_fail_tau0.95,5,neg_spearman_p_safe,,,,,,0
mc_dropout,robust,0.08,0.25,0.05,mutual_information,delta,cert_fail_tau0.95,5,neg_spearman_p_safe_optimistic,,,,,,0
mc_dropout,robust,0.08,0.25,0.05,one_minus_confidence,adv,adv_error,5,auroc,0.9896896258503401,0.011906659834133049,0.0059533299170665245,0.9707461300542345,1.008633121646446,4
mc_dropout,robust,0.08,0.25,0.05,one_minus_confidence,adv,adv_error,5,auprc,0.7708333333333333,0.2667968432263687,0.13339842161318435,0.3463595557601807,1.195307110906486,4
mc_dropout,robust,0.08,0.25,0.05,one_minus_confidence,adv,adv_error,5,prevalence,0.02,0.01414213562373095,0.006324555320336759,0.0024430344307451585,0.03755696556925484,5
mc_dropout,robust,0.08,0.25,0.05,one_minus_confidence,adv,adv_error,5,neg_spearman_p_safe,0.5959319276700634,0.05704689653182998,0.025512147710113765,0.5251102056267876,0.6667536497133393,5
mc_dropout,robust,0.08,0.25,0.05,one_minus_confidence,adv,adv_error,5,neg_spearman_p_safe_optimistic,0.5466825810017811,0.05869982131980481,0.026251358147634993,0.4738088107839464,0.6195563512196158,5
mc_dropout,robust,0.08,0.25,0.05,one_minus_confidence,adv,cert_fail_tau0.5,5,auroc,1.0,0.0,0.0,1.0,1.0,3
mc_dropout,robust,0.08,0.25,0.05,one_minus_confidence,adv,cert_fail_tau0.5,5,auprc,1.0,0.0,0.0,1.0,1.0,3
mc_dropout,robust,0.08,0.25,0.05,one_minus_confidence,adv,cert_fail_tau0.5,5,prevalence,0.016666666666666666,0.01743041721945991,0.007795119555779045,-0.004972585220175959,0.03830591855350929,5
mc_dropout,robust,0.08,0.25,0.05,one_minus_confidence,adv,cert_fail_tau0.5,5,neg_spearman_p_safe,,,,,,0
mc_dropout,robust,0.08,0.25,0.05,one_minus_confidence,adv,cert_fail_tau0.5,5,neg_spearman_p_safe_optimistic,,,,,,0
mc_dropout,robust,0.08,0.25,0.05,one_minus_confidence,adv,cert_fail_tau0.9,5,auroc,1.0,0.0,0.0,1.0,1.0,5
mc_dropout,robust,0.08,0.25,0.05,one_minus_confidence,adv,cert_fail_tau0.9,5,auprc,1.0,0.0,0.0,1.0,1.0,5
mc_dropout,robust,0.08,0.25,0.05,one_minus_confidence,adv,cert_fail_tau0.9,5,prevalence,0.05962800044470455,0.02171129465754053,0.009709586146757728,0.0326741893013051,0.086581811588104,5
mc_dropout,robust,0.08,0.25,0.05,one_minus_confidence,adv,cert_fail_tau0.9,5,neg_spearman_p_safe,,,,,,0
mc_dropout,robust,0.08,0.25,0.05,one_minus_confidence,adv,cert_fail_tau0.9,5,neg_spearman_p_safe_optimistic,,,,,,0
mc_dropout,robust,0.08,0.25,0.05,one_minus_confidence,adv,cert_fail_tau0.95,5,auroc,,,,,,0
mc_dropout,robust,0.08,0.25,0.05,one_minus_confidence,adv,cert_fail_tau0.95,5,auprc,1.0,0.0,0.0,1.0,1.0,5
mc_dropout,robust,0.08,0.25,0.05,one_minus_confidence,adv,cert_fail_tau0.95,5,prevalence,1.0,0.0,0.0,1.0,1.0,5
mc_dropout,robust,0.08,0.25,0.05,one_minus_confidence,adv,cert_fail_tau0.95,5,neg_spearman_p_safe,,,,,,0
mc_dropout,robust,0.08,0.25,0.05,one_minus_confidence,adv,cert_fail_tau0.95,5,neg_spearman_p_safe_optimistic,,,,,,0
mc_dropout,robust,0.08,0.25,0.05,one_minus_confidence,clean,adv_error,5,auroc,0.9512648809523808,0.03854668489455456,0.01927334244727728,0.8899371052851445,1.012592656619617,4
mc_dropout,robust,0.08,0.25,0.05,one_minus_confidence,clean,adv_error,5,auprc,0.45238095238095233,0.20203050891044214,0.10101525445522107,0.1309504127044389,0.7738114920574657,4
mc_dropout,robust,0.08,0.25,0.05,one_minus_confidence,clean,adv_error,5,prevalence,0.02,0.01414213562373095,0.006324555320336759,0.0024430344307451585,0.03755696556925484,5
mc_dropout,robust,0.08,0.25,0.05,one_minus_confidence,clean,adv_error,5,neg_spearman_p_safe,0.49913383288155433,0.06641260560296251,0.029700620138221515,0.4166849113778514,0.5815827543852572,5
mc_dropout,robust,0.08,0.25,0.05,one_minus_confidence,clean,adv_error,5,neg_spearman_p_safe_optimistic,0.47440393472657394,0.037538584474584843,0.016787765332857987,0.4278010981625602,0.5210067712905877,5
mc_dropout,robust,0.08,0.25,0.05,one_minus_confidence,clean,cert_fail_tau0.5,5,auroc,0.9607616404563676,0.04293877546478902,0.024790713573268838,0.8540871999505918,1.0674360809621435,3
mc_dropout,robust,0.08,0.25,0.05,one_minus_confidence,clean,cert_fail_tau0.5,5,auprc,0.6333333333333333,0.404145188432738,0.23333333333333334,-0.37070000000000003,1.6373666666666666,3
mc_dropout,robust,0.08,0.25,0.05,one_minus_confidence,clean,cert_fail_tau0.5,5,prevalence,0.016666666666666666,0.01743041721945991,0.007795119555779045,-0.004972585220175959,0.03830591855350929,5
mc_dropout,robust,0.08,0.25,0.05,one_minus_confidence,clean,cert_fail_tau0.5,5,neg_spearman_p_safe,,,,,,0
mc_dropout,robust,0.08,0.25,0.05,one_minus_confidence,clean,cert_fail_tau0.5,5,neg_spearman_p_safe_optimistic,,,,,,0
mc_dropout,robust,0.08,0.25,0.05,one_minus_confidence,clean,cert_fail_tau0.9,5,auroc,0.9806976744186047,0.0223001308423696,0.009972921694135614,0.9530128437956842,1.0083825050415252,5
mc_dropout,robust,0.08,0.25,0.05,one_minus_confidence,clean,cert_fail_tau0.9,5,auprc,0.8410714285714285,0.17492709851797797,0.07822977667860029,0.6239055685116341,1.0582372886312228,5
mc_dropout,robust,0.08,0.25,0.05,one_minus_confidence,clean,cert_fail_tau0.9,5,prevalence,0.05962800044470455,0.02171129465754053,0.009709586146757728,0.0326741893013051,0.086581811588104,5
mc_dropout,robust,0.08,0.25,0.05,one_minus_confidence,clean,cert_fail_tau0.9,5,neg_spearman_p_safe,,,,,,0
mc_dropout,robust,0.08,0.25,0.05,one_minus_confidence,clean,cert_fail_tau0.9,5,neg_spearman_p_safe_optimistic,,,,,,0
mc_dropout,robust,0.08,0.25,0.05,one_minus_confidence,clean,cert_fail_tau0.95,5,auroc,,,,,,0
mc_dropout,robust,0.08,0.25,0.05,one_minus_confidence,clean,cert_fail_tau0.95,5,auprc,1.0,0.0,0.0,1.0,1.0,5
mc_dropout,robust,0.08,0.25,0.05,one_minus_confidence,clean,cert_fail_tau0.95,5,prevalence,1.0,0.0,0.0,1.0,1.0,5
mc_dropout,robust,0.08,0.25,0.05,one_minus_confidence,clean,cert_fail_tau0.95,5,neg_spearman_p_safe,,,,,,0
mc_dropout,robust,0.08,0.25,0.05,one_minus_confidence,clean,cert_fail_tau0.95,5,neg_spearman_p_safe_optimistic,,,,,,0
mc_dropout,robust,0.08,0.25,0.05,one_minus_confidence,delta,adv_error,5,auroc,0.9896896258503401,0.011906659834133049,0.0059533299170665245,0.9707461300542345,1.008633121646446,4
mc_dropout,robust,0.08,0.25,0.05,one_minus_confidence,delta,adv_error,5,auprc,0.7708333333333333,0.2667968432263687,0.13339842161318435,0.3463595557601807,1.195307110906486,4
mc_dropout,robust,0.08,0.25,0.05,one_minus_confidence,delta,adv_error,5,prevalence,0.02,0.01414213562373095,0.006324555320336759,0.0024430344307451585,0.03755696556925484,5
mc_dropout,robust,0.08,0.25,0.05,one_minus_confidence,delta,adv_error,5,neg_spearman_p_safe,0.6006452538552458,0.05653636374362837,0.025283830506281506,0.5304573403698083,0.6708331673406833,5
mc_dropout,robust,0.08,0.25,0.05,one_minus_confidence,delta,adv_error,5,neg_spearman_p_safe_optimistic,0.5493882473252151,0.06006819235553903,0.026863312278503696,0.4748156924400888,0.6239608022103413,5
mc_dropout,robust,0.08,0.25,0.05,one_minus_confidence,delta,cert_fail_tau0.5,5,auroc,1.0,0.0,0.0,1.0,1.0,3
mc_dropout,robust,0.08,0.25,0.05,one_minus_confidence,delta,cert_fail_tau0.5,5,auprc,1.0,0.0,0.0,1.0,1.0,3
mc_dropout,robust,0.08,0.25,0.05,one_minus_confidence,delta,cert_fail_tau0.5,5,prevalence,0.016666666666666666,0.01743041721945991,0.007795119555779045,-0.004972585220175959,0.03830591855350929,5
mc_dropout,robust,0.08,0.25,0.05,one_minus_confidence,delta,cert_fail_tau0.5,5,neg_spearman_p_safe,,,,,,0
mc_dropout,robust,0.08,0.25,0.05,one_minus_confidence,delta,cert_fail_tau0.5,5,neg_spearman_p_safe_optimistic,,,,,,0
mc_dropout,robust,0.08,0.25,0.05,one_minus_confidence,delta,cert_fail_tau0.9,5,auroc,1.0,0.0,0.0,1.0,1.0,5
mc_dropout,robust,0.08,0.25,0.05,one_minus_confidence,delta,cert_fail_tau0.9,5,auprc,1.0,0.0,0.0,1.0,1.0,5
mc_dropout,robust,0.08,0.25,0.05,one_minus_confidence,delta,cert_fail_tau0.9,5,prevalence,0.05962800044470455,0.02171129465754053,0.009709586146757728,0.0326741893013051,0.086581811588104,5
mc_dropout,robust,0.08,0.25,0.05,one_minus_confidence,delta,cert_fail_tau0.9,5,neg_spearman_p_safe,,,,,,0
mc_dropout,robust,0.08,0.25,0.05,one_minus_confidence,delta,cert_fail_tau0.9,5,neg_spearman_p_safe_optimistic,,,,,,0
mc_dropout,robust,0.08,0.25,0.05,one_minus_confidence,delta,cert_fail_tau0.95,5,auroc,,,,,,0
mc_dropout,robust,0.08,0.25,0.05,one_minus_confidence,delta,cert_fail_tau0.95,5,auprc,1.0,0.0,0.0,1.0,1.0,5
mc_dropout,robust,0.08,0.25,0.05,one_minus_confidence,delta,cert_fail_tau0.95,5,prevalence,1.0,0.0,0.0,1.0,1.0,5
mc_dropout,robust,0.08,0.25,0.05,one_minus_confidence,delta,cert_fail_tau0.95,5,neg_spearman_p_safe,,,,,,0
mc_dropout,robust,0.08,0.25,0.05,one_minus_confidence,delta,cert_fail_tau0.95,5,neg_spearman_p_safe_optimistic,,,,,,0
mc_dropout,robust,0.08,0.25,0.07,mutual_information,adv,adv_error,5,auroc,0.9706560283687942,0.037410599111031166,0.016730528538251778,0.9242120811466072,1.017099975590981,5
mc_dropout,robust,0.08,0.25,0.07,mutual_information,adv,adv_error,5,auprc,0.7377777777777779,0.24201443687168953,0.10823214647628586,0.43732533915960836,1.0382302163959474,5
mc_dropout,robust,0.08,0.25,0.07,mutual_information,adv,adv_error,5,prevalence,0.044,0.01673320053068151,0.007483314773547882,0.02322631818863108,0.06477368181136892,5
mc_dropout,robust,0.08,0.25,0.07,mutual_information,adv,adv_error,5,neg_spearman_p_safe,0.752631218607046,0.06769118518028008,0.030272418308126523,0.6685949853836868,0.8366674518304051,5
mc_dropout,robust,0.08,0.25,0.07,mutual_information,adv,adv_error,5,neg_spearman_p_safe_optimistic,0.6732814447150041,0.05529317240164478,0.024727858436338606,0.6046369096957281,0.74192597973428,5
mc_dropout,robust,0.08,0.25,0.07,mutual_information,adv,cert_fail_tau0.5,5,auroc,0.9861111111111112,0.02777777777777779,0.013888888888888895,0.9419166666666667,1.0303055555555556,4
mc_dropout,robust,0.08,0.25,0.07,mutual_information,adv,cert_fail_tau0.5,5,auprc,0.9107142857142857,0.1785714285714286,0.0892857142857143,0.6266071428571428,1.1948214285714287,4
mc_dropout,robust,0.08,0.25,0.07,mutual_information,adv,cert_fail_tau0.5,5,prevalence,0.038945420906567996,0.023775362894233203,0.010632665524246316,0.009429141411260226,0.06846170040187577,5
mc_dropout,robust,0.08,0.25,0.07,mutual_information,adv,cert_fail_tau0.5,5,neg_spearman_p_safe,,,,,,0
mc_dropout,robust,0.08,0.25,0.07,mutual_information,adv,cert_fail_tau0.5,5,neg_spearman_p_safe_optimistic,,,,,,0
mc_dropout,robust,0.08,0.25,0.07,mutual_information,adv,cert_fail_tau0.9,5,auroc,0.9915806715806715,0.011112244641648145,0.004969546880266608,0.9777852094410514,1.0053761337202916,5
mc_dropout,robust,0.08,0.25,0.07,mutual_information,adv,cert_fail_tau0.9,5,auprc,0.9650000000000001,0.04099457958749613,0.018333333333333326,0.9141066666666667,1.0158933333333333,5
mc_dropout,robust,0.08,0.25,0.07,mutual_information,adv,cert_fail_tau0.9,5,prevalence,0.116149136312136,0.02045543644353619,0.009147949279434691,0.09075442911242529,0.1415438435118467,5
mc_dropout,robust,0.08,0.25,0.07,mutual_information,adv,cert_fail_tau0.9,5,neg_spearman_p_safe,,,,,,0
mc_dropout,robust,0.08,0.25,0.07,mutual_information,adv,cert_fail_tau0.9,5,neg_spearman_p_safe_optimistic,,,,,,0
mc_dropout,robust,0.08,0.25,0.07,mutual_information,adv,cert_fail_tau0.95,5,auroc,,,,,,0
mc_dropout,robust,0.08,0.25,0.07,mutual_information,adv,cert_fail_tau0.95,5,auprc,1.0,0.0,0.0,1.0,1.0,5
mc_dropout,robust,0.08,0.25,0.07,mutual_information,adv,cert_fail_tau0.95,5,prevalence,1.0,0.0,0.0,1.0,1.0,5
mc_dropout,robust,0.08,0.25,0.07,mutual_information,adv,cert_fail_tau0.95,5,neg_spearman_p_safe,,,,,,0
mc_dropout,robust,0.08,0.25,0.07,mutual_information,adv,cert_fail_tau0.95,5,neg_spearman_p_safe_optimistic,,,,,,0
mc_dropout,robust,0.08,0.25,0.07,mutual_information,clean,adv_error,5,auroc,0.96697695035461,0.03217013405160356,0.014386921316933256,0.9270388567788033,1.0069150439304166,5
mc_dropout,robust,0.08,0.25,0.07,mutual_information,clean,adv_error,5,auprc,0.735,0.26695297130560075,0.11938499812697481,0.40358724519951794,1.066412754800482,5
mc_dropout,robust,0.08,0.25,0.07,mutual_information,clean,adv_error,5,prevalence,0.044,0.01673320053068151,0.007483314773547882,0.02322631818863108,0.06477368181136892,5
mc_dropout,robust,0.08,0.25,0.07,mutual_information,clean,adv_error,5,neg_spearman_p_safe,0.5877201005505244,0.08261803102826605,0.036947906709277945,0.4851527115255688,0.6902874895754799,5
mc_dropout,robust,0.08,0.25,0.07,mutual_information,clean,adv_error,5,neg_spearman_p_safe_optimistic,0.5211900678389466,0.06937252248990745,0.031024335211613206,0.43506651329150836,0.6073136223863849,5
mc_dropout,robust,0.08,0.25,0.07,mutual_information,clean,cert_fail_tau0.5,5,auroc,0.9735171482264505,0.019906325445636804,0.009953162722818402,0.9418461844424424,1.0051881120104587,4
mc_dropout,robust,0.08,0.25,0.07,mutual_information,clean,cert_fail_tau0.5,5,auprc,0.7787698412698413,0.151431919865811,0.0757159599329055,0.537841656763336,1.0196980257763466,4
mc_dropout,robust,0.08,0.25,0.07,mutual_information,clean,cert_fail_tau0.5,5,prevalence,0.038945420906567996,0.023775362894233203,0.010632665524246316,0.009429141411260226,0.06846170040187577,5
mc_dropout,robust,0.08,0.25,0.07,mutual_information,clean,cert_fail_tau0.5,5,neg_spearman_p_safe,,,,,,0
mc_dropout,robust,0.08,0.25,0.07,mutual_information,clean,cert_fail_tau0.5,5,neg_spearman_p_safe_optimistic,,,,,,0
mc_dropout,robust,0.08,0.25,0.07,mutual_information,clean,cert_fail_tau0.9,5,auroc,0.9598305298305299,0.03413761254465544,0.015266804447879825,0.9174498806832154,1.0022111789778443,5
mc_dropout,robust,0.08,0.25,0.07,mutual_information,clean,cert_fail_tau0.9,5,auprc,0.8124437229437229,0.13855716188454295,0.06196464654865618,0.6404298641246533,0.9844575817627925,5
mc_dropout,robust,0.08,0.25,0.07,mutual_information,clean,cert_fail_tau0.9,5,prevalence,0.116149136312136,0.02045543644353619,0.009147949279434691,0.09075442911242529,0.1415438435118467,5
mc_dropout,robust,0.08,0.25,0.07,mutual_information,clean,cert_fail_tau0.9,5,neg_spearman_p_safe,,,,,,0
mc_dropout,robust,0.08,0.25,0.07,mutual_information,clean,cert_fail_tau0.9,5,neg_spearman_p_safe_optimistic,,,,,,0
mc_dropout,robust,0.08,0.25,0.07,mutual_information,clean,cert_fail_tau0.95,5,auroc,,,,,,0
mc_dropout,robust,0.08,0.25,0.07,mutual_information,clean,cert_fail_tau0.95,5,auprc,1.0,0.0,0.0,1.0,1.0,5
mc_dropout,robust,0.08,0.25,0.07,mutual_information,clean,cert_fail_tau0.95,5,prevalence,1.0,0.0,0.0,1.0,1.0,5
mc_dropout,robust,0.08,0.25,0.07,mutual_information,clean,cert_fail_tau0.95,5,neg_spearman_p_safe,,,,,,0
mc_dropout,robust,0.08,0.25,0.07,mutual_information,clean,cert_fail_tau0.95,5,neg_spearman_p_safe_optimistic,,,,,,0
mc_dropout,robust,0.08,0.25,0.07,mutual_information,delta,adv_error,5,auroc,0.9523936170212766,0.03552790396081084,0.01588856167089141,0.908286969822882,0.9965002642196711,5
mc_dropout,robust,0.08,0.25,0.07,mutual_information,delta,adv_error,5,auprc,0.5766666666666667,0.271495628957834,0.12141653638875545,0.23961436165148153,0.9137189716818518,5
mc_dropout,robust,0.08,0.25,0.07,mutual_information,delta,adv_error,5,prevalence,0.044,0.01673320053068151,0.007483314773547882,0.02322631818863108,0.06477368181136892,5
mc_dropout,robust,0.08,0.25,0.07,mutual_information,delta,adv_error,5,neg_spearman_p_safe,0.7541774441755876,0.06962144795439248,0.031135658063597055,0.6677448573910422,0.8406100309601331,5
mc_dropout,robust,0.08,0.25,0.07,mutual_information,delta,adv_error,5,neg_spearman_p_safe_optimistic,0.6681246062613355,0.05198834054564142,0.023249892699492545,0.6035829041275442,0.7326663083951268,5
mc_dropout,robust,0.08,0.25,0.07,mutual_information,delta,cert_fail_tau0.5,5,auroc,0.9718375616631431,0.026274512729922303,0.013137256364961152,0.9300348119098367,1.0136403114164494,4
mc_dropout,robust,0.08,0.25,0.07,mutual_information,delta,cert_fail_tau0.5,5,auprc,0.7232142857142856,0.2202380952380952,0.1101190476190476,0.3728154761904761,1.0736130952380951,4
mc_dropout,robust,0.08,0.25,0.07,mutual_information,delta,cert_fail_tau0.5,5,prevalence,0.038945420906567996,0.023775362894233203,0.010632665524246316,0.009429141411260226,0.06846170040187577,5
mc_dropout,robust,0.08,0.25,0.07,mutual_information,delta,cert_fail_tau0.5,5,neg_spearman_p_safe,,,,,,0
mc_dropout,robust,0.08,0.25,0.07,mutual_information,delta,cert_fail_tau0.5,5,neg_spearman_p_safe_optimistic,,,,,,0
mc_dropout,robust,0.08,0.25,0.07,mutual_information,delta,cert_fail_tau0.9,5,auroc,0.9887752787752788,0.011095593917510025,0.004962100450057122,0.9750004879259202,1.0025500696246374,5
mc_dropout,robust,0.08,0.25,0.07,mutual_information,delta,cert_fail_tau0.9,5,auprc,0.9502380952380953,0.039719823754555725,0.017763245193899505,0.9009273265798303,0.9995488638963603,5
mc_dropout,robust,0.08,0.25,0.07,mutual_information,delta,cert_fail_tau0.9,5,prevalence,0.116149136312136,0.02045543644353619,0.009147949279434691,0.09075442911242529,0.1415438435118467,5
mc_dropout,robust,0.08,0.25,0.07,mutual_information,delta,cert_fail_tau0.9,5,neg_spearman_p_safe,,,,,,0
mc_dropout,robust,0.08,0.25,0.07,mutual_information,delta,cert_fail_tau0.9,5,neg_spearman_p_safe_optimistic,,,,,,0
mc_dropout,robust,0.08,0.25,0.07,mutual_information,delta,cert_fail_tau0.95,5,auroc,,,,,,0
mc_dropout,robust,0.08,0.25,0.07,mutual_information,delta,cert_fail_tau0.95,5,auprc,1.0,0.0,0.0,1.0,1.0,5
mc_dropout,robust,0.08,0.25,0.07,mutual_information,delta,cert_fail_tau0.95,5,prevalence,1.0,0.0,0.0,1.0,1.0,5
mc_dropout,robust,0.08,0.25,0.07,mutual_information,delta,cert_fail_tau0.95,5,neg_spearman_p_safe,,,,,,0
mc_dropout,robust,0.08,0.25,0.07,mutual_information,delta,cert_fail_tau0.95,5,neg_spearman_p_safe_optimistic,,,,,,0
mc_dropout,robust,0.08,0.25,0.07,one_minus_confidence,adv,adv_error,5,auroc,0.9488918439716312,0.03788130525984722,0.01694103472748774,0.9018635315681252,0.9959201563751372,5
mc_dropout,robust,0.08,0.25,0.07,one_minus_confidence,adv,adv_error,5,auprc,0.5912698412698412,0.3193119364333304,0.1428006391784037,0.19485526691059257,0.9876844156290898,5
mc_dropout,robust,0.08,0.25,0.07,one_minus_confidence,adv,adv_error,5,prevalence,0.044,0.01673320053068151,0.007483314773547882,0.02322631818863108,0.06477368181136892,5
mc_dropout,robust,0.08,0.25,0.07,one_minus_confidence,adv,adv_error,5,neg_spearman_p_safe,0.7524885684758773,0.06180860655220733,0.0276416491690549,0.6757553503825809,0.8292217865691737,5
mc_dropout,robust,0.08,0.25,0.07,one_minus_confidence,adv,adv_error,5,neg_spearman_p_safe_optimistic,0.6562118604993957,0.04413872763824088,0.01973943908789107,0.6014151775914102,0.7110085434073813,5
mc_dropout,robust,0.08,0.25,0.07,one_minus_confidence,adv,cert_fail_tau0.5,5,auroc,0.9858527131782946,0.016845979699302897,0.008422989849651449,0.9590507594767037,1.0126546668798855,4
mc_dropout,robust,0.08,0.25,0.07,one_minus_confidence,adv,cert_fail_tau0.5,5,auprc,0.8638888888888889,0.1587956214217384,0.0793978107108692,0.6112450552069031,1.1165327225708748,4
mc_dropout,robust,0.08,0.25,0.07,one_minus_confidence,adv,cert_fail_tau0.5,5,prevalence,0.038945420906567996,0.023775362894233203,0.010632665524246316,0.009429141411260226,0.06846170040187577,5
mc_dropout,robust,0.08,0.25,0.07,one_minus_confidence,adv,cert_fail_tau0.5,5,neg_spearman_p_safe,,,,,,0
mc_dropout,robust,0.08,0.25,0.07,one_minus_confidence,adv,cert_fail_tau0.5,5,neg_spearman_p_safe_optimistic,,,,,,0
mc_dropout,robust,0.08,0.25,0.07,one_minus_confidence,adv,cert_fail_tau0.9,5,auroc,0.9987179487179487,0.0028667538173074124,0.0012820512820512773,0.9951589743589744,1.002276923076923,5
mc_dropout,robust,0.08,0.25,0.07,one_minus_confidence,adv,cert_fail_tau0.9,5,auprc,0.99,0.022360679774997918,0.010000000000000009,0.96224,1.01776,5
mc_dropout,robust,0.08,0.25,0.07,one_minus_confidence,adv,cert_fail_tau0.9,5,prevalence,0.116149136312136,0.02045543644353619,0.009147949279434691,0.09075442911242529,0.1415438435118467,5
mc_dropout,robust,0.08,0.25,0.07,one_minus_confidence,adv,cert_fail_tau0.9,5,neg_spearman_p_safe,,,,,,0
mc_dropout,robust,0.08,0.25,0.07,one_minus_confidence,adv,cert_fail_tau0.9,5,neg_spearman_p_safe_optimistic,,,,,,0
mc_dropout,robust,0.08,0.25,0.07,one_minus_confidence,adv,cert_fail_tau0.95,5,auroc,,,,,,0
mc_dropout,robust,0.08,0.25,0.07,one_minus_confidence,adv,cert_fail_tau0.95,5,auprc,1.0,0.0,0.0,1.0,1.0,5
mc_dropout,robust,0.08,0.25,0.07,one_minus_confidence,adv,cert_fail_tau0.95,5,prevalence,1.0,0.0,0.0,1.0,1.0,5
mc_dropout,robust,0.08,0.25,0.07,one_minus_confidence,adv,cert_fail_tau0.95,5,neg_spearman_p_safe,,,,,,0
mc_dropout,robust,0.08,0.25,0.07,one_minus_confidence,adv,cert_fail_tau0.95,5,neg_spearman_p_safe_optimistic,,,,,,0
mc_dropout,robust,0.08,0.25,0.07,one_minus_confidence,clean,adv_error,5,auroc,0.9599734042553191,0.040194027500524775,0.01797531555613387,0.9100739282714915,1.0098728802391468,5
mc_dropout,robust,0.08,0.25,0.07,one_minus_confidence,clean,adv_error,5,auprc,0.7093650793650794,0.2841427236928013,0.12707248909780874,0.3566118496295624,1.0621183091005966,5
mc_dropout,robust,0.08,0.25,0.07,one_minus_confidence,clean,adv_error,5,prevalence,0.044,0.01673320053068151,0.007483314773547882,0.02322631818863108,0.06477368181136892,5
mc_dropout,robust,0.08,0.25,0.07,one_minus_confidence,clean,adv_error,5,neg_spearman_p_safe,0.5848842533270281,0.08560772783982841,0.03828493976983151,0.47860526052597585,0.6911632461280803,5
mc_dropout,robust,0.08,0.25,0.07,one_minus_confidence,clean,adv_error,5,neg_spearman_p_safe_optimistic,0.5133904023652043,0.06889162777333768,0.030809272556359103,0.4278638617487514,0.5989169429816571,5
mc_dropout,robust,0.08,0.25,0.07,one_minus_confidence,clean,cert_fail_tau0.5,5,auroc,0.9659604768616397,0.024339164764772492,0.012169582382386246,0.9272368657208866,1.0046840880023926,4
mc_dropout,robust,0.08,0.25,0.07,one_minus_confidence,clean,cert_fail_tau0.5,5,auprc,0.744047619047619,0.17315597938644486,0.08657798969322243,0.4685564558437852,1.0195387822514528,4
mc_dropout,robust,0.08,0.25,0.07,one_minus_confidence,clean,cert_fail_tau0.5,5,prevalence,0.038945420906567996,0.023775362894233203,0.010632665524246316,0.009429141411260226,0.06846170040187577,5
mc_dropout,robust,0.08,0.25,0.07,one_minus_confidence,clean,cert_fail_tau0.5,5,neg_spearman_p_safe,,,,,,0
mc_dropout,robust,0.08,0.25,0.07,one_minus_confidence,clean,cert_fail_tau0.5,5,neg_spearman_p_safe_optimistic,,,,,,0
mc_dropout,robust,0.08,0.25,0.07,one_minus_confidence,clean,cert_fail_tau0.9,5,auroc,0.9528236628236628,0.032726511661702685,0.01463574094840136,0.9121948459509006,0.993452479696425,5
mc_dropout,robust,0.08,0.25,0.07,one_minus_confidence,clean,cert_fail_tau0.9,5,auprc,0.7595072150072151,0.1150523084940718,0.0514529565522042,0.6166738076182963,0.9023406223961339,5
mc_dropout,robust,0.08,0.25,0.07,one_minus_confidence,clean,cert_fail_tau0.9,5,prevalence,0.116149136312136,0.02045543644353619,0.009147949279434691,0.09075442911242529,0.1415438435118467,5
mc_dropout,robust,0.08,0.25,0.07,one_minus_confidence,clean,cert_fail_tau0.9,5,neg_spearman_p_safe,,,,,,0
mc_dropout,robust,0.08,0.25,0.07,one_minus_confidence,clean,cert_fail_tau0.9,5,neg_spearman_p_safe_optimistic,,,,,,0
mc_dropout,robust,0.08,0.25,0.07,one_minus_confidence,clean,cert_fail_tau0.95,5,auroc,,,,,,0
mc_dropout,robust,0.08,0.25,0.07,one_minus_confidence,clean,cert_fail_tau0.95,5,auprc,1.0,0.0,0.0,1.0,1.0,5
mc_dropout,robust,0.08,0.25,0.07,one_minus_confidence,clean,cert_fail_tau0.95,5,prevalence,1.0,0.0,0.0,1.0,1.0,5
mc_dropout,robust,0.08,0.25,0.07,one_minus_confidence,clean,cert_fail_tau0.95,5,neg_spearman_p_safe,,,,,,0
mc_dropout,robust,0.08,0.25,0.07,one_minus_confidence,clean,cert_fail_tau0.95,5,neg_spearman_p_safe_optimistic,,,,,,0
mc_dropout,robust,0.08,0.25,0.07,one_minus_confidence,delta,adv_error,5,auroc,0.9482269503546099,0.03932645746939581,0.017587326443164675,0.8994045321483848,0.997049368560835,5
mc_dropout,robust,0.08,0.25,0.07,one_minus_confidence,delta,adv_error,5,auprc,0.5912698412698413,0.3221473200533978,0.14406866128175572,0.19133523755168746,0.9912044449879951,5
mc_dropout,robust,0.08,0.25,0.07,one_minus_confidence,delta,adv_error,5,prevalence,0.044,0.01673320053068151,0.007483314773547882,0.02322631818863108,0.06477368181136892,5
mc_dropout,robust,0.08,0.25,0.07,one_minus_confidence,delta,adv_error,5,neg_spearman_p_safe,0.7584407232716341,0.06278038356473437,0.028076241060851322,0.6805010780867109,0.8363803684565574,5
mc_dropout,robust,0.08,0.25,0.07,one_minus_confidence,delta,adv_error,5,neg_spearman_p_safe_optimistic,0.6590731934319342,0.04012523866249375,0.017944552252547753,0.6092591163788617,0.7088872704850067,5
mc_dropout,robust,0.08,0.25,0.07,one_minus_confidence,delta,cert_fail_tau0.5,5,auroc,0.9850129198966409,0.020954144633295372,0.010477072316647686,0.9516748757850679,1.0183509640082138,4
mc_dropout,robust,0.08,0.25,0.07,one_minus_confidence,delta,cert_fail_tau0.5,5,auprc,0.8680555555555556,0.16256527653777259,0.08128263826888629,0.6094142005839593,1.1266969105271518,4
mc_dropout,robust,0.08,0.25,0.07,one_minus_confidence,delta,cert_fail_tau0.5,5,prevalence,0.038945420906567996,0.023775362894233203,0.010632665524246316,0.009429141411260226,0.06846170040187577,5
mc_dropout,robust,0.08,0.25,0.07,one_minus_confidence,delta,cert_fail_tau0.5,5,neg_spearman_p_safe,,,,,,0
mc_dropout,robust,0.08,0.25,0.07,one_minus_confidence,delta,cert_fail_tau0.5,5,neg_spearman_p_safe_optimistic,,,,,,0
mc_dropout,robust,0.08,0.25,0.07,one_minus_confidence,delta,cert_fail_tau0.9,5,auroc,1.0,0.0,0.0,1.0,1.0,5
mc_dropout,robust,0.08,0.25,0.07,one_minus_confidence,delta,cert_fail_tau0.9,5,auprc,1.0,0.0,0.0,1.0,1.0,5
mc_dropout,robust,0.08,0.25,0.07,one_minus_confidence,delta,cert_fail_tau0.9,5,prevalence,0.116149136312136,0.02045543644353619,0.009147949279434691,0.09075442911242529,0.1415438435118467,5
mc_dropout,robust,0.08,0.25,0.07,one_minus_confidence,delta,cert_fail_tau0.9,5,neg_spearman_p_safe,,,,,,0
mc_dropout,robust,0.08,0.25,0.07,one_minus_confidence,delta,cert_fail_tau0.9,5,neg_spearman_p_safe_optimistic,,,,,,0
mc_dropout,robust,0.08,0.25,0.07,one_minus_confidence,delta,cert_fail_tau0.95,5,auroc,,,,,,0
mc_dropout,robust,0.08,0.25,0.07,one_minus_confidence,delta,cert_fail_tau0.95,5,auprc,1.0,0.0,0.0,1.0,1.0,5
mc_dropout,robust,0.08,0.25,0.07,one_minus_confidence,delta,cert_fail_tau0.95,5,prevalence,1.0,0.0,0.0,1.0,1.0,5
mc_dropout,robust,0.08,0.25,0.07,one_minus_confidence,delta,cert_fail_tau0.95,5,neg_spearman_p_safe,,,,,,0
mc_dropout,robust,0.08,0.25,0.07,one_minus_confidence,delta,cert_fail_tau0.95,5,neg_spearman_p_safe_optimistic,,,,,,0
mc_dropout,robust,0.08,0.25,0.08,mutual_information,adv,adv_error,5,auroc,0.942298309178744,0.027284263192087016,0.012201893442700394,0.9084258529818078,0.9761707653756803,5
mc_dropout,robust,0.08,0.25,0.08,mutual_information,adv,adv_error,5,auprc,0.6834917027417028,0.13061321682916743,0.05841200631798758,0.5213399732029693,0.8456434322804363,5
mc_dropout,robust,0.08,0.25,0.08,mutual_information,adv,adv_error,5,prevalence,0.08,0.024494897427831782,0.010954451150103323,0.049590443607313184,0.11040955639268682,5
mc_dropout,robust,0.08,0.25,0.08,mutual_information,adv,adv_error,5,neg_spearman_p_safe,0.7679068050547936,0.02531704036638722,0.0113221246496696,0.7364765870273108,0.7993370230822764,5
mc_dropout,robust,0.08,0.25,0.08,mutual_information,adv,adv_error,5,neg_spearman_p_safe_optimistic,0.6703269988721248,0.07368664709238647,0.03295367038652267,0.5788476098791379,0.7618063878651117,5
mc_dropout,robust,0.08,0.25,0.08,mutual_information,adv,cert_fail_tau0.5,5,auroc,0.9475422832980973,0.03433916727183839,0.015356942462113327,0.9049114110232708,0.9901731555729238,5
mc_dropout,robust,0.08,0.25,0.08,mutual_information,adv,cert_fail_tau0.5,5,auprc,0.7241269841269842,0.21221115118752498,0.0949037119277582,0.46067427981552744,0.9875796884384409,5
mc_dropout,robust,0.08,0.25,0.08,mutual_information,adv,cert_fail_tau0.5,5,prevalence,0.06788247213779128,0.026138909489970122,0.01168967569545751,0.03543193240720124,0.10033301186838131,5
mc_dropout,robust,0.08,0.25,0.08,mutual_information,adv,cert_fail_tau0.5,5,neg_spearman_p_safe,,,,,,0
mc_dropout,robust,0.08,0.25,0.08,mutual_information,adv,cert_fail_tau0.5,5,neg_spearman_p_safe_optimistic,,,,,,0
mc_dropout,robust,0.08,0.25,0.08,mutual_information,adv,cert_fail_tau0.9,5,auroc,0.9859943977591037,0.012244424542736065,0.005475873124584924,0.9707933739652559,1.0011954215529515,5
mc_dropout,robust,0.08,0.25,0.08,mutual_information,adv,cert_fail_tau0.9,5,auprc,0.9530952380952382,0.030509654246935882,0.013644332173232757,0.9152185719823441,0.9909719042081323,5
mc_dropout,robust,0.08,0.25,0.08,mutual_information,adv,cert_fail_tau0.9,5,prevalence,0.14613464555698188,0.02551761369484262,0.011411823769049534,0.11445542277410038,0.1778138683398634,5
mc_dropout,robust,0.08,0.25,0.08,mutual_information,adv,cert_fail_tau0.9,5,neg_spearman_p_safe,,,,,,0
mc_dropout,robust,0.08,0.25,0.08,mutual_information,adv,cert_fail_tau0.9,5,neg_spearman_p_safe_optimistic,,,,,,0
mc_dropout,robust,0.08,0.25,0.08,mutual_information,adv,cert_fail_tau0.95,5,auroc,,,,,,0
mc_dropout,robust,0.08,0.25,0.08,mutual_information,adv,cert_fail_tau0.95,5,auprc,1.0,0.0,0.0,1.0,1.0,5
mc_dropout,robust,0.08,0.25,0.08,mutual_information,adv,cert_fail_tau0.95,5,prevalence,1.0,0.0,0.0,1.0,1.0,5
mc_dropout,robust,0.08,0.25,0.08,mutual_information,adv,cert_fail_tau0.95,5,neg_spearman_p_safe,,,,,,0
mc_dropout,robust,0.08,0.25,0.08,mutual_information,adv,cert_fail_tau0.95,5,neg_spearman_p_safe_optimistic,,,,,,0
mc_dropout,robust,0.08,0.25,0.08,mutual_information,clean,adv_error,5,auroc,0.953066425120773,0.025233974923797756,0.011284976654427372,0.9217393299280826,0.9843935203134634,5
mc_dropout,robust,0.08,0.25,0.08,mutual_information,clean,adv_error,5,auprc,0.6980104323780795,0.14262889431612435,0.06378558064929749,0.5209416604956296,0.8750792042605293,5
mc_dropout,robust,0.08,0.25,0.08,mutual_information,clean,adv_error,5,prevalence,0.08,0.024494897427831782,0.010954451150103323,0.049590443607313184,0.11040955639268682,5
mc_dropout,robust,0.08,0.25,0.08,mutual_information,clean,adv_error,5,neg_spearman_p_safe,0.5209334218641952,0.06844900462243475,0.030611325465592285,0.435956382371711,0.6059104613566794,5
mc_dropout,robust,0.08,0.25,0.08,mutual_information,clean,adv_error,5,neg_spearman_p_safe_optimistic,0.5243967052263483,0.05892097633947683,0.026350261679145382,0.4512483788050407,0.5975450316476558,5
mc_dropout,robust,0.08,0.25,0.08,mutual_information,clean,cert_fail_tau0.5,5,auroc,0.9664816772374912,0.020237514255710177,0.009050491514277803,0.941357512793856,0.9916058416811264,5
mc_dropout,robust,0.08,0.25,0.08,mutual_information,clean,cert_fail_tau0.5,5,auprc,0.7789285714285714,0.12744741256895545,0.05699621561212909,0.620707076889301,0.9371500659678418,5
mc_dropout,robust,0.08,0.25,0.08,mutual_information,clean,cert_fail_tau0.5,5,prevalence,0.06788247213779128,0.026138909489970122,0.01168967569545751,0.03543193240720124,0.10033301186838131,5
mc_dropout,robust,0.08,0.25,0.08,mutual_information,clean,cert_fail_tau0.5,5,neg_spearman_p_safe,,,,,,0
mc_dropout,robust,0.08,0.25,0.08,mutual_information,clean,cert_fail_tau0.5,5,neg_spearman_p_safe_optimistic,,,,,,0
mc_dropout,robust,0.08,0.25,0.08,mutual_information,clean,cert_fail_tau0.9,5,auroc,0.952629325923918,0.036065553256136695,0.016129005745372106,0.9078552059747651,0.997403445873071,5
mc_dropout,robust,0.08,0.25,0.08,mutual_information,clean,cert_fail_tau0.9,5,auprc,0.8146410887587358,0.13640717092960966,0.06100314136340807,0.645296368333915,0.9839858091835565,5
mc_dropout,robust,0.08,0.25,0.08,mutual_information,clean,cert_fail_tau0.9,5,prevalence,0.14613464555698188,0.02551761369484262,0.011411823769049534,0.11445542277410038,0.1778138683398634,5
mc_dropout,robust,0.08,0.25,0.08,mutual_information,clean,cert_fail_tau0.9,5,neg_spearman_p_safe,,,,,,0
mc_dropout,robust,0.08,0.25,0.08,mutual_information,clean,cert_fail_tau0.9,5,neg_spearman_p_safe_optimistic,,,,,,0
mc_dropout,robust,0.08,0.25,0.08,mutual_information,clean,cert_fail_tau0.95,5,auroc,,,,,,0
mc_dropout,robust,0.08,0.25,0.08,mutual_information,clean,cert_fail_tau0.95,5,auprc,1.0,0.0,0.0,1.0,1.0,5
mc_dropout,robust,0.08,0.25,0.08,mutual_information,clean,cert_fail_tau0.95,5,prevalence,1.0,0.0,0.0,1.0,1.0,5
mc_dropout,robust,0.08,0.25,0.08,mutual_information,clean,cert_fail_tau0.95,5,neg_spearman_p_safe,,,,,,0
mc_dropout,robust,0.08,0.25,0.08,mutual_information,clean,cert_fail_tau0.95,5,neg_spearman_p_safe_optimistic,,,,,,0
mc_dropout,robust,0.08,0.25,0.08,mutual_information,delta,adv_error,5,auroc,0.8930785024154589,0.06352642028738249,0.028409878825961795,0.814212678794589,0.9719443260363289,5
mc_dropout,robust,0.08,0.25,0.08,mutual_information,delta,adv_error,5,auprc,0.47839896214896216,0.04703893635006445,0.021036451853605993,0.4200017718033519,0.5367961524945724,5
mc_dropout,robust,0.08,0.25,0.08,mutual_information,delta,adv_error,5,prevalence,0.08,0.024494897427831782,0.010954451150103323,0.049590443607313184,0.11040955639268682,5
mc_dropout,robust,0.08,0.25,0.08,mutual_information,delta,adv_error,5,neg_spearman_p_safe,0.759221551861622,0.04854568064686179,0.02171028838807578,0.6989537912963236,0.8194893124269204,5
mc_dropout,robust,0.08,0.25,0.08,mutual_information,delta,adv_error,5,neg_spearman_p_safe_optimistic,0.6393647882692075,0.1075262438060588,0.048087198103112634,0.5058747263349669,0.7728548502034481,5
mc_dropout,robust,0.08,0.25,0.08,mutual_information,delta,cert_fail_tau0.5,5,auroc,0.898044397463002,0.06760219718333825,0.030232621666057828,0.8141186397180254,0.9819701552079786,5
mc_dropout,robust,0.08,0.25,0.08,mutual_information,delta,cert_fail_tau0.5,5,auprc,0.5531650196781775,0.2622848766529898,0.11729736273324652,0.22754754073068523,0.8787824986256698,5
mc_dropout,robust,0.08,0.25,0.08,mutual_information,delta,cert_fail_tau0.5,5,prevalence,0.06788247213779128,0.026138909489970122,0.01168967569545751,0.03543193240720124,0.10033301186838131,5
mc_dropout,robust,0.08,0.25,0.08,mutual_information,delta,cert_fail_tau0.5,5,neg_spearman_p_safe,,,,,,0
mc_dropout,robust,0.08,0.25,0.08,mutual_information,delta,cert_fail_tau0.5,5,neg_spearman_p_safe_optimistic,,,,,,0
mc_dropout,robust,0.08,0.25,0.08,mutual_information,delta,cert_fail_tau0.9,5,auroc,0.9618360892744194,0.037103079431797394,0.01659300155681465,0.9157739169527019,1.007898261596137,5
mc_dropout,robust,0.08,0.25,0.08,mutual_information,delta,cert_fail_tau0.9,5,auprc,0.8871370851370852,0.07804959210111274,0.034904838710843746,0.790241252875783,0.9840329173983875,5
mc_dropout,robust,0.08,0.25,0.08,mutual_information,delta,cert_fail_tau0.9,5,prevalence,0.14613464555698188,0.02551761369484262,0.011411823769049534,0.11445542277410038,0.1778138683398634,5
mc_dropout,robust,0.08,0.25,0.08,mutual_information,delta,cert_fail_tau0.9,5,neg_spearman_p_safe,,,,,,0
mc_dropout,robust,0.08,0.25,0.08,mutual_information,delta,cert_fail_tau0.9,5,neg_spearman_p_safe_optimistic,,,,,,0
mc_dropout,robust,0.08,0.25,0.08,mutual_information,delta,cert_fail_tau0.95,5,auroc,,,,,,0
mc_dropout,robust,0.08,0.25,0.08,mutual_information,delta,cert_fail_tau0.95,5,auprc,1.0,0.0,0.0,1.0,1.0,5
mc_dropout,robust,0.08,0.25,0.08,mutual_information,delta,cert_fail_tau0.95,5,prevalence,1.0,0.0,0.0,1.0,1.0,5
mc_dropout,robust,0.08,0.25,0.08,mutual_information,delta,cert_fail_tau0.95,5,neg_spearman_p_safe,,,,,,0
mc_dropout,robust,0.08,0.25,0.08,mutual_information,delta,cert_fail_tau0.95,5,neg_spearman_p_safe_optimistic,,,,,,0
mc_dropout,robust,0.08,0.25,0.08,one_minus_confidence,adv,adv_error,5,auroc,0.9373454106280192,0.039229940726874135,0.017544162843715613,0.8886428145738647,0.9860480066821737,5
mc_dropout,robust,0.08,0.25,0.08,one_minus_confidence,adv,adv_error,5,auprc,0.5760094160225739,0.12135653840682874,0.05427229387834662,0.42534952821628375,0.7266693038288641,5
mc_dropout,robust,0.08,0.25,0.08,one_minus_confidence,adv,adv_error,5,prevalence,0.08,0.024494897427831782,0.010954451150103323,0.049590443607313184,0.11040955639268682,5
mc_dropout,robust,0.08,0.25,0.08,one_minus_confidence,adv,adv_error,5,neg_spearman_p_safe,0.788949756237969,0.041855277133002196,0.018718248977297083,0.7369878970769923,0.8409116153989458,5
mc_dropout,robust,0.08,0.25,0.08,one_minus_confidence,adv,adv_error,5,neg_spearman_p_safe_optimistic,0.6568904080688649,0.060056731058854985,0.026858186630804533,0.5823320819817515,0.7314487341559783,5
mc_dropout,robust,0.08,0.25,0.08,one_minus_confidence,adv,cert_fail_tau0.5,5,auroc,0.9564482029598308,0.03232303473051694,0.014455300579304494,0.9163202885516816,0.99657611736798,5
mc_dropout,robust,0.08,0.25,0.08,one_minus_confidence,adv,cert_fail_tau0.5,5,auprc,0.8329040404040404,0.11197208608140827,0.05007543921209739,0.6938946211512581,0.9719134596568227,5
mc_dropout,robust,0.08,0.25,0.08,one_minus_confidence,adv,cert_fail_tau0.5,5,prevalence,0.06788247213779128,0.026138909489970122,0.01168967569545751,0.03543193240720124,0.10033301186838131,5
mc_dropout,robust,0.08,0.25,0.08,one_minus_confidence,adv,cert_fail_tau0.5,5,neg_spearman_p_safe,,,,,,0
mc_dropout,robust,0.08,0.25,0.08,one_minus_confidence,adv,cert_fail_tau0.5,5,neg_spearman_p_safe_optimistic,,,,,,0
mc_dropout,robust,0.08,0.25,0.08,one_minus_confidence,adv,cert_fail_tau0.9,5,auroc,0.9937149859943977,0.009385533428957515,0.004197338150449139,0.9820631752887509,1.0053667967000446,5
mc_dropout,robust,0.08,0.25,0.08,one_minus_confidence,adv,cert_fail_tau0.9,5,auprc,0.9797619047619047,0.02842222949122219,0.012710807442894417,0.9444767033004299,1.0150471062233797,5
mc_dropout,robust,0.08,0.25,0.08,one_minus_confidence,adv,cert_fail_tau0.9,5,prevalence,0.14613464555698188,0.02551761369484262,0.011411823769049534,0.11445542277410038,0.1778138683398634,5
mc_dropout,robust,0.08,0.25,0.08,one_minus_confidence,adv,cert_fail_tau0.9,5,neg_spearman_p_safe,,,,,,0
mc_dropout,robust,0.08,0.25,0.08,one_minus_confidence,adv,cert_fail_tau0.9,5,neg_spearman_p_safe_optimistic,,,,,,0
mc_dropout,robust,0.08,0.25,0.08,one_minus_confidence,adv,cert_fail_tau0.95,5,auroc,,,,,,0
mc_dropout,robust,0.08,0.25,0.08,one_minus_confidence,adv,cert_fail_tau0.95,5,auprc,1.0,0.0,0.0,1.0,1.0,5
mc_dropout,robust,0.08,0.25,0.08,one_minus_confidence,adv,cert_fail_tau0.95,5,prevalence,1.0,0.0,0.0,1.0,1.0,5
mc_dropout,robust,0.08,0.25,0.08,one_minus_confidence,adv,cert_fail_tau0.95,5,neg_spearman_p_safe,,,,,,0
mc_dropout,robust,0.08,0.25,0.08,one_minus_confidence,adv,cert_fail_tau0.95,5,neg_spearman_p_safe_optimistic,,,,,,0
mc_dropout,robust,0.08,0.25,0.08,one_minus_confidence,clean,adv_error,5,auroc,0.9522850241545895,0.03159534597350108,0.014129868273874538,0.9130605098263138,0.9915095384828652,5
mc_dropout,robust,0.08,0.25,0.08,one_minus_confidence,clean,adv_error,5,auprc,0.7032885154061626,0.19661834065341297,0.08793039506484836,0.45919373870614355,0.9473832921061816,5
mc_dropout,robust,0.08,0.25,0.08,one_minus_confidence,clean,adv_error,5,prevalence,0.08,0.024494897427831782,0.010954451150103323,0.049590443607313184,0.11040955639268682,5
mc_dropout,robust,0.08,0.25,0.08,one_minus_confidence,clean,adv_error,5,neg_spearman_p_safe,0.5219160672618706,0.06457070421715515,0.02887689679691825,0.4417538017536255,0.6020783327701156,5
mc_dropout,robust,0.08,0.25,0.08,one_minus_confidence,clean,adv_error,5,neg_spearman_p_safe_optimistic,0.5181592738078784,0.05508183354085553,0.02463334482453618,0.449777108574966,0.5865414390407908,5
mc_dropout,robust,0.08,0.25,0.08,one_minus_confidence,clean,cert_fail_tau0.5,5,auroc,0.9633985200845666,0.02093875621921776,0.00936409645409348,0.9374037883280031,0.9893932518411301,5
mc_dropout,robust,0.08,0.25,0.08,one_minus_confidence,clean,cert_fail_tau0.5,5,auprc,0.7559199134199134,0.1534639170756218,0.06863115013489621,0.5653998406454415,0.9464399861943853,5
mc_dropout,robust,0.08,0.25,0.08,one_minus_confidence,clean,cert_fail_tau0.5,5,prevalence,0.06788247213779128,0.026138909489970122,0.01168967569545751,0.03543193240720124,0.10033301186838131,5
mc_dropout,robust,0.08,0.25,0.08,one_minus_confidence,clean,cert_fail_tau0.5,5,neg_spearman_p_safe,,,,,,0
mc_dropout,robust,0.08,0.25,0.08,one_minus_confidence,clean,cert_fail_tau0.5,5,neg_spearman_p_safe_optimistic,,,,,,0
mc_dropout,robust,0.08,0.25,0.08,one_minus_confidence,clean,cert_fail_tau0.9,5,auroc,0.9467732334869432,0.03167018101130605,0.014163335520200673,0.9074558140828661,0.9860906528910203,5
mc_dropout,robust,0.08,0.25,0.08,one_minus_confidence,clean,cert_fail_tau0.9,5,auprc,0.7749188665365135,0.1036579423146877,0.046357241084678716,0.6462311652854454,0.9036065677875816,5
mc_dropout,robust,0.08,0.25,0.08,one_minus_confidence,clean,cert_fail_tau0.9,5,prevalence,0.14613464555698188,0.02551761369484262,0.011411823769049534,0.11445542277410038,0.1778138683398634,5
mc_dropout,robust,0.08,0.25,0.08,one_minus_confidence,clean,cert_fail_tau0.9,5,neg_spearman_p_safe,,,,,,0
mc_dropout,robust,0.08,0.25,0.08,one_minus_confidence,clean,cert_fail_tau0.9,5,neg_spearman_p_safe_optimistic,,,,,,0
mc_dropout,robust,0.08,0.25,0.08,one_minus_confidence,clean,cert_fail_tau0.95,5,auroc,,,,,,0
mc_dropout,robust,0.08,0.25,0.08,one_minus_confidence,clean,cert_fail_tau0.95,5,auprc,1.0,0.0,0.0,1.0,1.0,5
mc_dropout,robust,0.08,0.25,0.08,one_minus_confidence,clean,cert_fail_tau0.95,5,prevalence,1.0,0.0,0.0,1.0,1.0,5
mc_dropout,robust,0.08,0.25,0.08,one_minus_confidence,clean,cert_fail_tau0.95,5,neg_spearman_p_safe,,,,,,0
mc_dropout,robust,0.08,0.25,0.08,one_minus_confidence,clean,cert_fail_tau0.95,5,neg_spearman_p_safe_optimistic,,,,,,0
mc_dropout,robust,0.08,0.25,0.08,one_minus_confidence,delta,adv_error,5,auroc,0.9191666666666667,0.05017204902854152,0.022437622439654224,0.8568798267741866,0.9814535065591468,5
mc_dropout,robust,0.08,0.25,0.08,one_minus_confidence,delta,adv_error,5,auprc,0.5692910216718267,0.14363269928409994,0.06423449587820657,0.39097606111392524,0.7476059822297281,5
mc_dropout,robust,0.08,0.25,0.08,one_minus_confidence,delta,adv_error,5,prevalence,0.08,0.024494897427831782,0.010954451150103323,0.049590443607313184,0.11040955639268682,5
mc_dropout,robust,0.08,0.25,0.08,one_minus_confidence,delta,adv_error,5,neg_spearman_p_safe,0.7863154468580325,0.04098017501526763,0.01832689141279538,0.7354399962961125,0.8371908974199525,5
mc_dropout,robust,0.08,0.25,0.08,one_minus_confidence,delta,adv_error,5,neg_spearman_p_safe_optimistic,0.6492494454557234,0.06958045802414796,0.031117326809513107,0.562867746232515,0.7356311446789318,5
mc_dropout,robust,0.08,0.25,0.08,one_minus_confidence,delta,cert_fail_tau0.5,5,auroc,0.9358615221987314,0.03995991015770015,0.017870615097480377,0.886252694688126,0.9854703497093369,5
mc_dropout,robust,0.08,0.25,0.08,one_minus_confidence,delta,cert_fail_tau0.5,5,auprc,0.7910294117647059,0.1315205761732347,0.05881778975265839,0.6277512274113262,0.9543075961180856,5
mc_dropout,robust,0.08,0.25,0.08,one_minus_confidence,delta,cert_fail_tau0.5,5,prevalence,0.06788247213779128,0.026138909489970122,0.01168967569545751,0.03543193240720124,0.10033301186838131,5
mc_dropout,robust,0.08,0.25,0.08,one_minus_confidence,delta,cert_fail_tau0.5,5,neg_spearman_p_safe,,,,,,0
mc_dropout,robust,0.08,0.25,0.08,one_minus_confidence,delta,cert_fail_tau0.5,5,neg_spearman_p_safe_optimistic,,,,,,0
mc_dropout,robust,0.08,0.25,0.08,one_minus_confidence,delta,cert_fail_tau0.9,5,auroc,0.9854883324297461,0.012207190887944764,0.005459221727952102,0.9703335329129511,1.0006431319465412,5
mc_dropout,robust,0.08,0.25,0.08,one_minus_confidence,delta,cert_fail_tau0.9,5,auprc,0.9487973137973139,0.036440530346098496,0.016296700598004036,0.9035576729372548,0.9940369546573731,5
mc_dropout,robust,0.08,0.25,0.08,one_minus_confidence,delta,cert_fail_tau0.9,5,prevalence,0.14613464555698188,0.02551761369484262,0.011411823769049534,0.11445542277410038,0.1778138683398634,5
mc_dropout,robust,0.08,0.25,0.08,one_minus_confidence,delta,cert_fail_tau0.9,5,neg_spearman_p_safe,,,,,,0
mc_dropout,robust,0.08,0.25,0.08,one_minus_confidence,delta,cert_fail_tau0.9,5,neg_spearman_p_safe_optimistic,,,,,,0
mc_dropout,robust,0.08,0.25,0.08,one_minus_confidence,delta,cert_fail_tau0.95,5,auroc,,,,,,0
mc_dropout,robust,0.08,0.25,0.08,one_minus_confidence,delta,cert_fail_tau0.95,5,auprc,1.0,0.0,0.0,1.0,1.0,5
mc_dropout,robust,0.08,0.25,0.08,one_minus_confidence,delta,cert_fail_tau0.95,5,prevalence,1.0,0.0,0.0,1.0,1.0,5
mc_dropout,robust,0.08,0.25,0.08,one_minus_confidence,delta,cert_fail_tau0.95,5,neg_spearman_p_safe,,,,,,0
mc_dropout,robust,0.08,0.25,0.08,one_minus_confidence,delta,cert_fail_tau0.95,5,neg_spearman_p_safe_optimistic,,,,,,0
mc_dropout,robust,0.08,0.25,0.1,mutual_information,adv,adv_error,5,auroc,0.6960386086781436,0.039095229997434276,0.017483918374050392,0.6475032512717798,0.7445739660845074,5
mc_dropout,robust,0.08,0.25,0.1,mutual_information,adv,adv_error,5,auprc,0.25300317422493535,0.043944326340413425,0.019652500184519795,0.1984478337127084,0.3075585147371623,5
mc_dropout,robust,0.08,0.25,0.1,mutual_information,adv,adv_error,5,prevalence,0.136,0.026076809620810597,0.0116619037896906,0.10362655507981891,0.1683734449201811,5
mc_dropout,robust,0.08,0.25,0.1,mutual_information,adv,adv_error,5,neg_spearman_p_safe,0.6731811626725303,0.08159335186597749,0.036489656256876994,0.5718858769034397,0.7744764484416208,5
mc_dropout,robust,0.08,0.25,0.1,mutual_information,adv,adv_error,5,neg_spearman_p_safe_optimistic,0.6100505318565926,0.08932048741180204,0.03994533632724072,0.4991622782121724,0.7209387855010129,5
mc_dropout,robust,0.08,0.25,0.1,mutual_information,adv,cert_fail_tau0.5,5,auroc,0.7619538926681784,0.06901406582230052,0.030864028516461774,0.6762753495064805,0.8476324358298762,5
mc_dropout,robust,0.08,0.25,0.1,mutual_information,adv,cert_fail_tau0.5,5,auprc,0.40232712328876,0.17441157955114373,0.07799922958789392,0.18580126195276653,0.6188529846247535,5
mc_dropout,robust,0.08,0.25,0.1,mutual_information,adv,cert_fail_tau0.5,5,prevalence,0.1356227106227106,0.0372098118811348,0.016640733759239346,0.08942803370706219,0.18181738753835902,5
mc_dropout,robust,0.08,0.25,0.1,mutual_information,adv,cert_fail_tau0.5,5,neg_spearman_p_safe,,,,,,0
mc_dropout,robust,0.08,0.25,0.1,mutual_information,adv,cert_fail_tau0.5,5,neg_spearman_p_safe_optimistic,,,,,,0
mc_dropout,robust,0.08,0.25,0.1,mutual_information,adv,cert_fail_tau0.9,5,auroc,0.8892586580086579,0.059068092508205446,0.026416054029918683,0.8159276920216036,0.9625896239957121,5
mc_dropout,robust,0.08,0.25,0.1,mutual_information,adv,cert_fail_tau0.9,5,auprc,0.8228395614581115,0.0868274559455195,0.03883041876150997,0.7150463189761599,0.9306328039400632,5
mc_dropout,robust,0.08,0.25,0.1,mutual_information,adv,cert_fail_tau0.9,5,prevalence,0.2770096283027318,0.025697929100384032,0.011492463269885742,0.24510655026552897,0.3089127063399346,5
mc_dropout,robust,0.08,0.25,0.1,mutual_information,adv,cert_fail_tau0.9,5,neg_spearman_p_safe,,,,,,0
mc_dropout,robust,0.08,0.25,0.1,mutual_information,adv,cert_fail_tau0.9,5,neg_spearman_p_safe_optimistic,,,,,,0
mc_dropout,robust,0.08,0.25,0.1,mutual_information,adv,cert_fail_tau0.95,5,auroc,,,,,,0
mc_dropout,robust,0.08,0.25,0.1,mutual_information,adv,cert_fail_tau0.95,5,auprc,1.0,0.0,0.0,1.0,1.0,5
mc_dropout,robust,0.08,0.25,0.1,mutual_information,adv,cert_fail_tau0.95,5,prevalence,1.0,0.0,0.0,1.0,1.0,5
mc_dropout,robust,0.08,0.25,0.1,mutual_information,adv,cert_fail_tau0.95,5,neg_spearman_p_safe,,,,,,0
mc_dropout,robust,0.08,0.25,0.1,mutual_information,adv,cert_fail_tau0.95,5,neg_spearman_p_safe_optimistic,,,,,,0
mc_dropout,robust,0.08,0.25,0.1,mutual_information,clean,adv_error,5,auroc,0.8793380985939125,0.07000411558976367,0.03130679223269287,0.7924304433559571,0.966245753831868,5
mc_dropout,robust,0.08,0.25,0.1,mutual_information,clean,adv_error,5,auprc,0.6391453312094069,0.12564231454907712,0.05618895123642945,0.4831648025770787,0.795125859841735,5
mc_dropout,robust,0.08,0.25,0.1,mutual_information,clean,adv_error,5,prevalence,0.136,0.026076809620810597,0.0116619037896906,0.10362655507981891,0.1683734449201811,5
mc_dropout,robust,0.08,0.25,0.1,mutual_information,clean,adv_error,5,neg_spearman_p_safe,0.46459413845895847,0.057050501108820234,0.025513759725949832,0.3937679414597217,0.5354203354581952,5
mc_dropout,robust,0.08,0.25,0.1,mutual_information,clean,adv_error,5,neg_spearman_p_safe_optimistic,0.43989163433607176,0.07964894571327995,0.035620091390216886,0.3410102606368297,0.5387730080353138,5
mc_dropout,robust,0.08,0.25,0.1,mutual_information,clean,cert_fail_tau0.5,5,auroc,0.9236386999244143,0.08257242428134468,0.03692751075200818,0.8211279300768396,1.026149469771989,5
mc_dropout,robust,0.08,0.25,0.1,mutual_information,clean,cert_fail_tau0.5,5,auprc,0.7839902220103081,0.15688106781599767,0.07015934640386505,0.5892278763931788,0.9787525676274375,5
mc_dropout,robust,0.08,0.25,0.1,mutual_information,clean,cert_fail_tau0.5,5,prevalence,0.1356227106227106,0.0372098118811348,0.016640733759239346,0.08942803370706219,0.18181738753835902,5
mc_dropout,robust,0.08,0.25,0.1,mutual_information,clean,cert_fail_tau0.5,5,neg_spearman_p_safe,,,,,,0
mc_dropout,robust,0.08,0.25,0.1,mutual_information,clean,cert_fail_tau0.5,5,neg_spearman_p_safe_optimistic,,,,,,0
mc_dropout,robust,0.08,0.25,0.1,mutual_information,clean,cert_fail_tau0.9,5,auroc,0.85238936988937,0.07207258289720943,0.0322318389344298,0.7629137850073928,0.9418649547713471,5
mc_dropout,robust,0.08,0.25,0.1,mutual_information,clean,cert_fail_tau0.9,5,auprc,0.7302763117027145,0.09050270163330776,0.040474038599891474,0.6179203805494158,0.8426322428560131,5
mc_dropout,robust,0.08,0.25,0.1,mutual_information,clean,cert_fail_tau0.9,5,prevalence,0.2770096283027318,0.025697929100384032,0.011492463269885742,0.24510655026552897,0.3089127063399346,5
mc_dropout,robust,0.08,0.25,0.1,mutual_information,clean,cert_fail_tau0.9,5,neg_spearman_p_safe,,,,,,0
mc_dropout,robust,0.08,0.25,0.1,mutual_information,clean,cert_fail_tau0.9,5,neg_spearman_p_safe_optimistic,,,,,,0
mc_dropout,robust,0.08,0.25,0.1,mutual_information,clean,cert_fail_tau0.95,5,auroc,,,,,,0
mc_dropout,robust,0.08,0.25,0.1,mutual_information,clean,cert_fail_tau0.95,5,auprc,1.0,0.0,0.0,1.0,1.0,5
mc_dropout,robust,0.08,0.25,0.1,mutual_information,clean,cert_fail_tau0.95,5,prevalence,1.0,0.0,0.0,1.0,1.0,5
mc_dropout,robust,0.08,0.25,0.1,mutual_information,clean,cert_fail_tau0.95,5,neg_spearman_p_safe,,,,,,0
mc_dropout,robust,0.08,0.25,0.1,mutual_information,clean,cert_fail_tau0.95,5,neg_spearman_p_safe_optimistic,,,,,,0
mc_dropout,robust,0.08,0.25,0.1,mutual_information,delta,adv_error,5,auroc,0.5424492768213698,0.08421046838461947,0.037660066345021205,0.4379049326475909,0.6469936209951487,5
mc_dropout,robust,0.08,0.25,0.1,mutual_information,delta,adv_error,5,auprc,0.18585605295195623,0.04910357429775647,0.021959786013598992,0.12489568697820544,0.24681641892570702,5
mc_dropout,robust,0.08,0.25,0.1,mutual_information,delta,adv_error,5,prevalence,0.136,0.026076809620810597,0.0116619037896906,0.10362655507981891,0.1683734449201811,5
mc_dropout,robust,0.08,0.25,0.1,mutual_information,delta,adv_error,5,neg_spearman_p_safe,0.5631458423607262,0.09580238933305742,0.04284413099112342,0.44421053472936756,0.6820811499920848,5
mc_dropout,robust,0.08,0.25,0.1,mutual_information,delta,adv_error,5,neg_spearman_p_safe_optimistic,0.4874944439164882,0.10459104431657533,0.046774536985911094,0.357648329243599,0.6173405585893774,5
mc_dropout,robust,0.08,0.25,0.1,mutual_information,delta,cert_fail_tau0.5,5,auroc,0.5766961451247166,0.07382502222318796,0.033015553626296185,0.4850449682581184,0.6683473219913147,5
mc_dropout,robust,0.08,0.25,0.1,mutual_information,delta,cert_fail_tau0.5,5,auprc,0.24859418246023343,0.0673911771850735,0.03013825065391145,0.16493039864497525,0.33225796627549165,5
mc_dropout,robust,0.08,0.25,0.1,mutual_information,delta,cert_fail_tau0.5,5,prevalence,0.1356227106227106,0.0372098118811348,0.016640733759239346,0.08942803370706219,0.18181738753835902,5
mc_dropout,robust,0.08,0.25,0.1,mutual_information,delta,cert_fail_tau0.5,5,neg_spearman_p_safe,,,,,,0
mc_dropout,robust,0.08,0.25,0.1,mutual_information,delta,cert_fail_tau0.5,5,neg_spearman_p_safe_optimistic,,,,,,0
mc_dropout,robust,0.08,0.25,0.1,mutual_information,delta,cert_fail_tau0.9,5,auroc,0.7525931938431938,0.10594472471902114,0.04737992126584671,0.6210665324092033,0.8841198552771843,5
mc_dropout,robust,0.08,0.25,0.1,mutual_information,delta,cert_fail_tau0.9,5,auprc,0.6974998963403825,0.11602408963711791,0.05188755029122491,0.5534600567319421,0.8415397359488228,5
mc_dropout,robust,0.08,0.25,0.1,mutual_information,delta,cert_fail_tau0.9,5,prevalence,0.2770096283027318,0.025697929100384032,0.011492463269885742,0.24510655026552897,0.3089127063399346,5
mc_dropout,robust,0.08,0.25,0.1,mutual_information,delta,cert_fail_tau0.9,5,neg_spearman_p_safe,,,,,,0
mc_dropout,robust,0.08,0.25,0.1,mutual_information,delta,cert_fail_tau0.9,5,neg_spearman_p_safe_optimistic,,,,,,0
mc_dropout,robust,0.08,0.25,0.1,mutual_information,delta,cert_fail_tau0.95,5,auroc,,,,,,0
mc_dropout,robust,0.08,0.25,0.1,mutual_information,delta,cert_fail_tau0.95,5,auprc,1.0,0.0,0.0,1.0,1.0,5
mc_dropout,robust,0.08,0.25,0.1,mutual_information,delta,cert_fail_tau0.95,5,prevalence,1.0,0.0,0.0,1.0,1.0,5
mc_dropout,robust,0.08,0.25,0.1,mutual_information,delta,cert_fail_tau0.95,5,neg_spearman_p_safe,,,,,,0
mc_dropout,robust,0.08,0.25,0.1,mutual_information,delta,cert_fail_tau0.95,5,neg_spearman_p_safe_optimistic,,,,,,0
mc_dropout,robust,0.08,0.25,0.1,one_minus_confidence,adv,adv_error,5,auroc,0.8317627269371457,0.07643846793585261,0.034184322080100894,0.7368670488427856,0.9266584050315058,5
mc_dropout,robust,0.08,0.25,0.1,one_minus_confidence,adv,adv_error,5,auprc,0.46565232184969024,0.1382762285054407,0.0618390093220919,0.2939872319715631,0.6373174117278173,5
mc_dropout,robust,0.08,0.25,0.1,one_minus_confidence,adv,adv_error,5,prevalence,0.136,0.026076809620810597,0.0116619037896906,0.10362655507981891,0.1683734449201811,5
mc_dropout,robust,0.08,0.25,0.1,one_minus_confidence,adv,adv_error,5,neg_spearman_p_safe,0.7926808562811011,0.05645671453301609,0.025248210296424854,0.7225918244982257,0.8627698880639765,5
mc_dropout,robust,0.08,0.25,0.1,one_minus_confidence,adv,adv_error,5,neg_spearman_p_safe_optimistic,0.7162790997222016,0.09941089598627134,0.04445790422589274,0.5928639575911234,0.8396942418532798,5
mc_dropout,robust,0.08,0.25,0.1,one_minus_confidence,adv,cert_fail_tau0.5,5,auroc,0.9033310657596372,0.05708061366356435,0.02552722646982664,0.8324674850793984,0.974194646439876,5
mc_dropout,robust,0.08,0.25,0.1,one_minus_confidence,adv,cert_fail_tau0.5,5,auprc,0.802999826348388,0.11964604555081648,0.05350733821813238,0.6544634554548525,0.9515361972419234,5
mc_dropout,robust,0.08,0.25,0.1,one_minus_confidence,adv,cert_fail_tau0.5,5,prevalence,0.1356227106227106,0.0372098118811348,0.016640733759239346,0.08942803370706219,0.18181738753835902,5
mc_dropout,robust,0.08,0.25,0.1,one_minus_confidence,adv,cert_fail_tau0.5,5,neg_spearman_p_safe,,,,,,0
mc_dropout,robust,0.08,0.25,0.1,one_minus_confidence,adv,cert_fail_tau0.5,5,neg_spearman_p_safe_optimistic,,,,,,0
mc_dropout,robust,0.08,0.25,0.1,one_minus_confidence,adv,cert_fail_tau0.9,5,auroc,0.9567911255411256,0.03713450768661535,0.016607056699652074,0.9106899361428914,1.0028923149393596,5
mc_dropout,robust,0.08,0.25,0.1,one_minus_confidence,adv,cert_fail_tau0.9,5,auprc,0.9352980563945476,0.048451453438028105,0.021668148699219347,0.8751472756055146,0.9954488371835805,5
mc_dropout,robust,0.08,0.25,0.1,one_minus_confidence,adv,cert_fail_tau0.9,5,prevalence,0.2770096283027318,0.025697929100384032,0.011492463269885742,0.24510655026552897,0.3089127063399346,5
mc_dropout,robust,0.08,0.25,0.1,one_minus_confidence,adv,cert_fail_tau0.9,5,neg_spearman_p_safe,,,,,,0
mc_dropout,robust,0.08,0.25,0.1,one_minus_confidence,adv,cert_fail_tau0.9,5,neg_spearman_p_safe_optimistic,,,,,,0
mc_dropout,robust,0.08,0.25,0.1,one_minus_confidence,adv,cert_fail_tau0.95,5,auroc,,,,,,0
mc_dropout,robust,0.08,0.25,0.1,one_minus_confidence,adv,cert_fail_tau0.95,5,auprc,1.0,0.0,0.0,1.0,1.0,5
mc_dropout,robust,0.08,0.25,0.1,one_minus_confidence,adv,cert_fail_tau0.95,5,prevalence,1.0,0.0,0.0,1.0,1.0,5
mc_dropout,robust,0.08,0.25,0.1,one_minus_confidence,adv,cert_fail_tau0.95,5,neg_spearman_p_safe,,,,,,0
mc_dropout,robust,0.08,0.25,0.1,one_minus_confidence,adv,cert_fail_tau0.95,5,neg_spearman_p_safe_optimistic,,,,,,0
mc_dropout,robust,0.08,0.25,0.1,one_minus_confidence,clean,adv_error,5,auroc,0.8819084449142588,0.0698241270334526,0.031226298903276148,0.7952242391587642,0.9685926506697534,5
mc_dropout,robust,0.08,0.25,0.1,one_minus_confidence,clean,adv_error,5,auprc,0.6294303825259707,0.12640528873966114,0.0565301636674742,0.4725026481850624,0.7863581168668791,5
mc_dropout,robust,0.08,0.25,0.1,one_minus_confidence,clean,adv_error,5,prevalence,0.136,0.026076809620810597,0.0116619037896906,0.10362655507981891,0.1683734449201811,5
mc_dropout,robust,0.08,0.25,0.1,one_minus_confidence,clean,adv_error,5,neg_spearman_p_safe,0.46344777163753914,0.051496711017300786,0.02303002929046938,0.39951641032719615,0.5273791329478821,5
mc_dropout,robust,0.08,0.25,0.1,one_minus_confidence,clean,adv_error,5,neg_spearman_p_safe_optimistic,0.439874895514807,0.06963639429020345,0.031142342268174625,0.3534237533783543,0.5263260376512597,5
mc_dropout,robust,0.08,0.25,0.1,one_minus_confidence,clean,cert_fail_tau0.5,5,auroc,0.9223023431594859,0.08039098367470149,0.035951940854941675,0.8224997553461678,1.0221049309728039,5
mc_dropout,robust,0.08,0.25,0.1,one_minus_confidence,clean,cert_fail_tau0.5,5,auprc,0.753339136742498,0.12462631631343665,0.05573458301244707,0.598619934299945,0.908058339185051,5
mc_dropout,robust,0.08,0.25,0.1,one_minus_confidence,clean,cert_fail_tau0.5,5,prevalence,0.1356227106227106,0.0372098118811348,0.016640733759239346,0.08942803370706219,0.18181738753835902,5
mc_dropout,robust,0.08,0.25,0.1,one_minus_confidence,clean,cert_fail_tau0.5,5,neg_spearman_p_safe,,,,,,0
mc_dropout,robust,0.08,0.25,0.1,one_minus_confidence,clean,cert_fail_tau0.5,5,neg_spearman_p_safe_optimistic,,,,,,0
mc_dropout,robust,0.08,0.25,0.1,one_minus_confidence,clean,cert_fail_tau0.9,5,auroc,0.8516173641173641,0.07428798026983405,0.03322259475890242,0.759391441066651,0.9438432871680772,5
mc_dropout,robust,0.08,0.25,0.1,one_minus_confidence,clean,cert_fail_tau0.9,5,auprc,0.7137743187147949,0.09425403384589542,0.04215168536659762,0.59676124013712,0.8307873972924699,5
mc_dropout,robust,0.08,0.25,0.1,one_minus_confidence,clean,cert_fail_tau0.9,5,prevalence,0.2770096283027318,0.025697929100384032,0.011492463269885742,0.24510655026552897,0.3089127063399346,5
mc_dropout,robust,0.08,0.25,0.1,one_minus_confidence,clean,cert_fail_tau0.9,5,neg_spearman_p_safe,,,,,,0
mc_dropout,robust,0.08,0.25,0.1,one_minus_confidence,clean,cert_fail_tau0.9,5,neg_spearman_p_safe_optimistic,,,,,,0
mc_dropout,robust,0.08,0.25,0.1,one_minus_confidence,clean,cert_fail_tau0.95,5,auroc,,,,,,0
mc_dropout,robust,0.08,0.25,0.1,one_minus_confidence,clean,cert_fail_tau0.95,5,auprc,1.0,0.0,0.0,1.0,1.0,5
mc_dropout,robust,0.08,0.25,0.1,one_minus_confidence,clean,cert_fail_tau0.95,5,prevalence,1.0,0.0,0.0,1.0,1.0,5
mc_dropout,robust,0.08,0.25,0.1,one_minus_confidence,clean,cert_fail_tau0.95,5,neg_spearman_p_safe,,,,,,0
mc_dropout,robust,0.08,0.25,0.1,one_minus_confidence,clean,cert_fail_tau0.95,5,neg_spearman_p_safe_optimistic,,,,,,0
mc_dropout,robust,0.08,0.25,0.1,one_minus_confidence,delta,adv_error,5,auroc,0.7818345917648244,0.09832481831424397,0.04397219552519316,0.6597677769868882,0.9039014065427606,5
mc_dropout,robust,0.08,0.25,0.1,one_minus_confidence,delta,adv_error,5,auprc,0.453145652593021,0.13468522640774025,0.0602330643625314,0.28593866592263384,0.6203526392634081,5
mc_dropout,robust,0.08,0.25,0.1,one_minus_confidence,delta,adv_error,5,prevalence,0.136,0.026076809620810597,0.0116619037896906,0.10362655507981891,0.1683734449201811,5
mc_dropout,robust,0.08,0.25,0.1,one_minus_confidence,delta,adv_error,5,neg_spearman_p_safe,0.7548660585576099,0.06668204305482145,0.0298211162298297,0.6720826399036026,0.8376494772116172,5
mc_dropout,robust,0.08,0.25,0.1,one_minus_confidence,delta,adv_error,5,neg_spearman_p_safe_optimistic,0.6715365969194729,0.12389266712496412,0.05540648512103464,0.5177281942234807,0.825344999615465,5
mc_dropout,robust,0.08,0.25,0.1,one_minus_confidence,delta,cert_fail_tau0.5,5,auroc,0.8389327286470143,0.09338528233138069,0.04176316787819545,0.7229981746171438,0.9548672826768848,5
mc_dropout,robust,0.08,0.25,0.1,one_minus_confidence,delta,cert_fail_tau0.5,5,auprc,0.779854361978786,0.13400699113812686,0.05992974832901271,0.6134893806174467,0.9462193433401253,5
mc_dropout,robust,0.08,0.25,0.1,one_minus_confidence,delta,cert_fail_tau0.5,5,prevalence,0.1356227106227106,0.0372098118811348,0.016640733759239346,0.08942803370706219,0.18181738753835902,5
mc_dropout,robust,0.08,0.25,0.1,one_minus_confidence,delta,cert_fail_tau0.5,5,neg_spearman_p_safe,,,,,,0
mc_dropout,robust,0.08,0.25,0.1,one_minus_confidence,delta,cert_fail_tau0.5,5,neg_spearman_p_safe_optimistic,,,,,,0
mc_dropout,robust,0.08,0.25,0.1,one_minus_confidence,delta,cert_fail_tau0.9,5,auroc,0.8997156084656085,0.06611130265570554,0.029565873363843993,0.8176407440075776,0.9817904729236394,5
mc_dropout,robust,0.08,0.25,0.1,one_minus_confidence,delta,cert_fail_tau0.9,5,auprc,0.9089764431156235,0.05770284015603572,0.025805494616740084,0.8373403900595531,0.980612496171694,5
mc_dropout,robust,0.08,0.25,0.1,one_minus_confidence,delta,cert_fail_tau0.9,5,prevalence,0.2770096283027318,0.025697929100384032,0.011492463269885742,0.24510655026552897,0.3089127063399346,5
mc_dropout,robust,0.08,0.25,0.1,one_minus_confidence,delta,cert_fail_tau0.9,5,neg_spearman_p_safe,,,,,,0
mc_dropout,robust,0.08,0.25,0.1,one_minus_confidence,delta,cert_fail_tau0.9,5,neg_spearman_p_safe_optimistic,,,,,,0
mc_dropout,robust,0.08,0.25,0.1,one_minus_confidence,delta,cert_fail_tau0.95,5,auroc,,,,,,0
mc_dropout,robust,0.08,0.25,0.1,one_minus_confidence,delta,cert_fail_tau0.95,5,auprc,1.0,0.0,0.0,1.0,1.0,5
mc_dropout,robust,0.08,0.25,0.1,one_minus_confidence,delta,cert_fail_tau0.95,5,prevalence,1.0,0.0,0.0,1.0,1.0,5
mc_dropout,robust,0.08,0.25,0.1,one_minus_confidence,delta,cert_fail_tau0.95,5,neg_spearman_p_safe,,,,,,0
mc_dropout,robust,0.08,0.25,0.1,one_minus_confidence,delta,cert_fail_tau0.95,5,neg_spearman_p_safe_optimistic,,,,,,0
mc_dropout,robust,0.08,0.25,0.15,mutual_information,adv,adv_error,5,auroc,0.40433289316697785,0.05879593768112969,0.026294342691169467,0.3313397978562914,0.4773259884776643,5
mc_dropout,robust,0.08,0.25,0.15,mutual_information,adv,adv_error,5,auprc,0.3985044188225129,0.027882131808119794,0.012469268416112995,0.36388972969938327,0.43311910794564257,5
mc_dropout,robust,0.08,0.25,0.15,mutual_information,adv,adv_error,5,prevalence,0.43199999999999994,0.036331804249169895,0.016248076809271917,0.3868953387774611,0.4771046612225388,5
mc_dropout,robust,0.08,0.25,0.15,mutual_information,adv,adv_error,5,neg_spearman_p_safe,,,,,,0
mc_dropout,robust,0.08,0.25,0.15,mutual_information,adv,adv_error,5,neg_spearman_p_safe_optimistic,,,,,,0
mc_dropout,robust,0.08,0.25,0.15,mutual_information,adv,cert_fail_tau0.5,5,auroc,,,,,,0
mc_dropout,robust,0.08,0.25,0.15,mutual_information,adv,cert_fail_tau0.5,5,auprc,,,,,,0
mc_dropout,robust,0.08,0.25,0.15,mutual_information,adv,cert_fail_tau0.5,5,prevalence,,,,,,0
mc_dropout,robust,0.08,0.25,0.15,mutual_information,adv,cert_fail_tau0.5,5,neg_spearman_p_safe,,,,,,0
mc_dropout,robust,0.08,0.25,0.15,mutual_information,adv,cert_fail_tau0.5,5,neg_spearman_p_safe_optimistic,,,,,,0
mc_dropout,robust,0.08,0.25,0.15,mutual_information,adv,cert_fail_tau0.9,5,auroc,,,,,,0
mc_dropout,robust,0.08,0.25,0.15,mutual_information,adv,cert_fail_tau0.9,5,auprc,,,,,,0
mc_dropout,robust,0.08,0.25,0.15,mutual_information,adv,cert_fail_tau0.9,5,prevalence,,,,,,0
mc_dropout,robust,0.08,0.25,0.15,mutual_information,adv,cert_fail_tau0.9,5,neg_spearman_p_safe,,,,,,0
mc_dropout,robust,0.08,0.25,0.15,mutual_information,adv,cert_fail_tau0.9,5,neg_spearman_p_safe_optimistic,,,,,,0
mc_dropout,robust,0.08,0.25,0.15,mutual_information,adv,cert_fail_tau0.95,5,auroc,,,,,,0
mc_dropout,robust,0.08,0.25,0.15,mutual_information,adv,cert_fail_tau0.95,5,auprc,,,,,,0
mc_dropout,robust,0.08,0.25,0.15,mutual_information,adv,cert_fail_tau0.95,5,prevalence,,,,,,0
mc_dropout,robust,0.08,0.25,0.15,mutual_information,adv,cert_fail_tau0.95,5,neg_spearman_p_safe,,,,,,0
mc_dropout,robust,0.08,0.25,0.15,mutual_information,adv,cert_fail_tau0.95,5,neg_spearman_p_safe_optimistic,,,,,,0
mc_dropout,robust,0.08,0.25,0.15,mutual_information,clean,adv_error,5,auroc,0.6577611650785059,0.04252253125970223,0.01901665409441079,0.6049709333124216,0.7105513968445902,5
mc_dropout,robust,0.08,0.25,0.15,mutual_information,clean,adv_error,5,auprc,0.626363792104193,0.04184191952487277,0.01871227527333824,0.574418515945406,0.67830906826298,5
mc_dropout,robust,0.08,0.25,0.15,mutual_information,clean,adv_error,5,prevalence,0.43199999999999994,0.036331804249169895,0.016248076809271917,0.3868953387774611,0.4771046612225388,5
mc_dropout,robust,0.08,0.25,0.15,mutual_information,clean,adv_error,5,neg_spearman_p_safe,,,,,,0
mc_dropout,robust,0.08,0.25,0.15,mutual_information,clean,adv_error,5,neg_spearman_p_safe_optimistic,,,,,,0
mc_dropout,robust,0.08,0.25,0.15,mutual_information,clean,cert_fail_tau0.5,5,auroc,,,,,,0
mc_dropout,robust,0.08,0.25,0.15,mutual_information,clean,cert_fail_tau0.5,5,auprc,,,,,,0
mc_dropout,robust,0.08,0.25,0.15,mutual_information,clean,cert_fail_tau0.5,5,prevalence,,,,,,0
mc_dropout,robust,0.08,0.25,0.15,mutual_information,clean,cert_fail_tau0.5,5,neg_spearman_p_safe,,,,,,0
mc_dropout,robust,0.08,0.25,0.15,mutual_information,clean,cert_fail_tau0.5,5,neg_spearman_p_safe_optimistic,,,,,,0
mc_dropout,robust,0.08,0.25,0.15,mutual_information,clean,cert_fail_tau0.9,5,auroc,,,,,,0
mc_dropout,robust,0.08,0.25,0.15,mutual_information,clean,cert_fail_tau0.9,5,auprc,,,,,,0
mc_dropout,robust,0.08,0.25,0.15,mutual_information,clean,cert_fail_tau0.9,5,prevalence,,,,,,0
mc_dropout,robust,0.08,0.25,0.15,mutual_information,clean,cert_fail_tau0.9,5,neg_spearman_p_safe,,,,,,0
mc_dropout,robust,0.08,0.25,0.15,mutual_information,clean,cert_fail_tau0.9,5,neg_spearman_p_safe_optimistic,,,,,,0
mc_dropout,robust,0.08,0.25,0.15,mutual_information,clean,cert_fail_tau0.95,5,auroc,,,,,,0
mc_dropout,robust,0.08,0.25,0.15,mutual_information,clean,cert_fail_tau0.95,5,auprc,,,,,,0
mc_dropout,robust,0.08,0.25,0.15,mutual_information,clean,cert_fail_tau0.95,5,prevalence,,,,,,0
mc_dropout,robust,0.08,0.25,0.15,mutual_information,clean,cert_fail_tau0.95,5,neg_spearman_p_safe,,,,,,0
mc_dropout,robust,0.08,0.25,0.15,mutual_information,clean,cert_fail_tau0.95,5,neg_spearman_p_safe_optimistic,,,,,,0
mc_dropout,robust,0.08,0.25,0.15,mutual_information,delta,adv_error,5,auroc,0.38343929868503956,0.05156812451105203,0.023061966375777086,0.3194192800258824,0.44745931734419675,5
mc_dropout,robust,0.08,0.25,0.15,mutual_information,delta,adv_error,5,auprc,0.392060964969928,0.023732866376095712,0.01061366050357382,0.36259744341200706,0.4215244865278489,5
mc_dropout,robust,0.08,0.25,0.15,mutual_information,delta,adv_error,5,prevalence,0.43199999999999994,0.036331804249169895,0.016248076809271917,0.3868953387774611,0.4771046612225388,5
mc_dropout,robust,0.08,0.25,0.15,mutual_information,delta,adv_error,5,neg_spearman_p_safe,,,,,,0
mc_dropout,robust,0.08,0.25,0.15,mutual_information,delta,adv_error,5,neg_spearman_p_safe_optimistic,,,,,,0
mc_dropout,robust,0.08,0.25,0.15,mutual_information,delta,cert_fail_tau0.5,5,auroc,,,,,,0
mc_dropout,robust,0.08,0.25,0.15,mutual_information,delta,cert_fail_tau0.5,5,auprc,,,,,,0
mc_dropout,robust,0.08,0.25,0.15,mutual_information,delta,cert_fail_tau0.5,5,prevalence,,,,,,0
mc_dropout,robust,0.08,0.25,0.15,mutual_information,delta,cert_fail_tau0.5,5,neg_spearman_p_safe,,,,,,0
mc_dropout,robust,0.08,0.25,0.15,mutual_information,delta,cert_fail_tau0.5,5,neg_spearman_p_safe_optimistic,,,,,,0
mc_dropout,robust,0.08,0.25,0.15,mutual_information,delta,cert_fail_tau0.9,5,auroc,,,,,,0
mc_dropout,robust,0.08,0.25,0.15,mutual_information,delta,cert_fail_tau0.9,5,auprc,,,,,,0
mc_dropout,robust,0.08,0.25,0.15,mutual_information,delta,cert_fail_tau0.9,5,prevalence,,,,,,0
mc_dropout,robust,0.08,0.25,0.15,mutual_information,delta,cert_fail_tau0.9,5,neg_spearman_p_safe,,,,,,0
mc_dropout,robust,0.08,0.25,0.15,mutual_information,delta,cert_fail_tau0.9,5,neg_spearman_p_safe_optimistic,,,,,,0
mc_dropout,robust,0.08,0.25,0.15,mutual_information,delta,cert_fail_tau0.95,5,auroc,,,,,,0
mc_dropout,robust,0.08,0.25,0.15,mutual_information,delta,cert_fail_tau0.95,5,auprc,,,,,,0
mc_dropout,robust,0.08,0.25,0.15,mutual_information,delta,cert_fail_tau0.95,5,prevalence,,,,,,0
mc_dropout,robust,0.08,0.25,0.15,mutual_information,delta,cert_fail_tau0.95,5,neg_spearman_p_safe,,,,,,0
mc_dropout,robust,0.08,0.25,0.15,mutual_information,delta,cert_fail_tau0.95,5,neg_spearman_p_safe_optimistic,,,,,,0
mc_dropout,robust,0.08,0.25,0.15,one_minus_confidence,adv,adv_error,5,auroc,0.6582112711459647,0.07294981708874683,0.032624149991322744,0.5676466307700527,0.7487759115218766,5
mc_dropout,robust,0.08,0.25,0.15,one_minus_confidence,adv,adv_error,5,auprc,0.682231213741118,0.07177805438912647,0.03210012178135278,0.5931212756760826,0.7713411518061533,5
mc_dropout,robust,0.08,0.25,0.15,one_minus_confidence,adv,adv_error,5,prevalence,0.43199999999999994,0.036331804249169895,0.016248076809271917,0.3868953387774611,0.4771046612225388,5
mc_dropout,robust,0.08,0.25,0.15,one_minus_confidence,adv,adv_error,5,neg_spearman_p_safe,,,,,,0
mc_dropout,robust,0.08,0.25,0.15,one_minus_confidence,adv,adv_error,5,neg_spearman_p_safe_optimistic,,,,,,0
mc_dropout,robust,0.08,0.25,0.15,one_minus_confidence,adv,cert_fail_tau0.5,5,auroc,,,,,,0
mc_dropout,robust,0.08,0.25,0.15,one_minus_confidence,adv,cert_fail_tau0.5,5,auprc,,,,,,0
mc_dropout,robust,0.08,0.25,0.15,one_minus_confidence,adv,cert_fail_tau0.5,5,prevalence,,,,,,0
mc_dropout,robust,0.08,0.25,0.15,one_minus_confidence,adv,cert_fail_tau0.5,5,neg_spearman_p_safe,,,,,,0
mc_dropout,robust,0.08,0.25,0.15,one_minus_confidence,adv,cert_fail_tau0.5,5,neg_spearman_p_safe_optimistic,,,,,,0
mc_dropout,robust,0.08,0.25,0.15,one_minus_confidence,adv,cert_fail_tau0.9,5,auroc,,,,,,0
mc_dropout,robust,0.08,0.25,0.15,one_minus_confidence,adv,cert_fail_tau0.9,5,auprc,,,,,,0
mc_dropout,robust,0.08,0.25,0.15,one_minus_confidence,adv,cert_fail_tau0.9,5,prevalence,,,,,,0
mc_dropout,robust,0.08,0.25,0.15,one_minus_confidence,adv,cert_fail_tau0.9,5,neg_spearman_p_safe,,,,,,0
mc_dropout,robust,0.08,0.25,0.15,one_minus_confidence,adv,cert_fail_tau0.9,5,neg_spearman_p_safe_optimistic,,,,,,0
mc_dropout,robust,0.08,0.25,0.15,one_minus_confidence,adv,cert_fail_tau0.95,5,auroc,,,,,,0
mc_dropout,robust,0.08,0.25,0.15,one_minus_confidence,adv,cert_fail_tau0.95,5,auprc,,,,,,0
mc_dropout,robust,0.08,0.25,0.15,one_minus_confidence,adv,cert_fail_tau0.95,5,prevalence,,,,,,0
mc_dropout,robust,0.08,0.25,0.15,one_minus_confidence,adv,cert_fail_tau0.95,5,neg_spearman_p_safe,,,,,,0
mc_dropout,robust,0.08,0.25,0.15,one_minus_confidence,adv,cert_fail_tau0.95,5,neg_spearman_p_safe_optimistic,,,,,,0
mc_dropout,robust,0.08,0.25,0.15,one_minus_confidence,clean,adv_error,5,auroc,0.659379963093519,0.04135182659619006,0.01849309905257294,0.6080431201235765,0.7107168060634614,5
mc_dropout,robust,0.08,0.25,0.15,one_minus_confidence,clean,adv_error,5,auprc,0.6202821094955657,0.02739915300771255,0.012253273730232614,0.58626702162044,0.6542971973706915,5
mc_dropout,robust,0.08,0.25,0.15,one_minus_confidence,clean,adv_error,5,prevalence,0.43199999999999994,0.036331804249169895,0.016248076809271917,0.3868953387774611,0.4771046612225388,5
mc_dropout,robust,0.08,0.25,0.15,one_minus_confidence,clean,adv_error,5,neg_spearman_p_safe,,,,,,0
mc_dropout,robust,0.08,0.25,0.15,one_minus_confidence,clean,adv_error,5,neg_spearman_p_safe_optimistic,,,,,,0
mc_dropout,robust,0.08,0.25,0.15,one_minus_confidence,clean,cert_fail_tau0.5,5,auroc,,,,,,0
mc_dropout,robust,0.08,0.25,0.15,one_minus_confidence,clean,cert_fail_tau0.5,5,auprc,,,,,,0
mc_dropout,robust,0.08,0.25,0.15,one_minus_confidence,clean,cert_fail_tau0.5,5,prevalence,,,,,,0
mc_dropout,robust,0.08,0.25,0.15,one_minus_confidence,clean,cert_fail_tau0.5,5,neg_spearman_p_safe,,,,,,0
mc_dropout,robust,0.08,0.25,0.15,one_minus_confidence,clean,cert_fail_tau0.5,5,neg_spearman_p_safe_optimistic,,,,,,0
mc_dropout,robust,0.08,0.25,0.15,one_minus_confidence,clean,cert_fail_tau0.9,5,auroc,,,,,,0
mc_dropout,robust,0.08,0.25,0.15,one_minus_confidence,clean,cert_fail_tau0.9,5,auprc,,,,,,0
mc_dropout,robust,0.08,0.25,0.15,one_minus_confidence,clean,cert_fail_tau0.9,5,prevalence,,,,,,0
mc_dropout,robust,0.08,0.25,0.15,one_minus_confidence,clean,cert_fail_tau0.9,5,neg_spearman_p_safe,,,,,,0
mc_dropout,robust,0.08,0.25,0.15,one_minus_confidence,clean,cert_fail_tau0.9,5,neg_spearman_p_safe_optimistic,,,,,,0
mc_dropout,robust,0.08,0.25,0.15,one_minus_confidence,clean,cert_fail_tau0.95,5,auroc,,,,,,0
mc_dropout,robust,0.08,0.25,0.15,one_minus_confidence,clean,cert_fail_tau0.95,5,auprc,,,,,,0
mc_dropout,robust,0.08,0.25,0.15,one_minus_confidence,clean,cert_fail_tau0.95,5,prevalence,,,,,,0
mc_dropout,robust,0.08,0.25,0.15,one_minus_confidence,clean,cert_fail_tau0.95,5,neg_spearman_p_safe,,,,,,0
mc_dropout,robust,0.08,0.25,0.15,one_minus_confidence,clean,cert_fail_tau0.95,5,neg_spearman_p_safe_optimistic,,,,,,0
mc_dropout,robust,0.08,0.25,0.15,one_minus_confidence,delta,adv_error,5,auroc,0.6520148708501263,0.07335308137845002,0.032804495264257647,0.5609495919965471,0.7430801497037055,5
mc_dropout,robust,0.08,0.25,0.15,one_minus_confidence,delta,adv_error,5,auprc,0.681696682938077,0.07066472253928752,0.031602224641801686,0.5939689073324355,0.7694244585437184,5
mc_dropout,robust,0.08,0.25,0.15,one_minus_confidence,delta,adv_error,5,prevalence,0.43199999999999994,0.036331804249169895,0.016248076809271917,0.3868953387774611,0.4771046612225388,5
mc_dropout,robust,0.08,0.25,0.15,one_minus_confidence,delta,adv_error,5,neg_spearman_p_safe,,,,,,0
mc_dropout,robust,0.08,0.25,0.15,one_minus_confidence,delta,adv_error,5,neg_spearman_p_safe_optimistic,,,,,,0
mc_dropout,robust,0.08,0.25,0.15,one_minus_confidence,delta,cert_fail_tau0.5,5,auroc,,,,,,0
mc_dropout,robust,0.08,0.25,0.15,one_minus_confidence,delta,cert_fail_tau0.5,5,auprc,,,,,,0
mc_dropout,robust,0.08,0.25,0.15,one_minus_confidence,delta,cert_fail_tau0.5,5,prevalence,,,,,,0
mc_dropout,robust,0.08,0.25,0.15,one_minus_confidence,delta,cert_fail_tau0.5,5,neg_spearman_p_safe,,,,,,0
mc_dropout,robust,0.08,0.25,0.15,one_minus_confidence,delta,cert_fail_tau0.5,5,neg_spearman_p_safe_optimistic,,,,,,0
mc_dropout,robust,0.08,0.25,0.15,one_minus_confidence,delta,cert_fail_tau0.9,5,auroc,,,,,,0
mc_dropout,robust,0.08,0.25,0.15,one_minus_confidence,delta,cert_fail_tau0.9,5,auprc,,,,,,0
mc_dropout,robust,0.08,0.25,0.15,one_minus_confidence,delta,cert_fail_tau0.9,5,prevalence,,,,,,0
mc_dropout,robust,0.08,0.25,0.15,one_minus_confidence,delta,cert_fail_tau0.9,5,neg_spearman_p_safe,,,,,,0
mc_dropout,robust,0.08,0.25,0.15,one_minus_confidence,delta,cert_fail_tau0.9,5,neg_spearman_p_safe_optimistic,,,,,,0
mc_dropout,robust,0.08,0.25,0.15,one_minus_confidence,delta,cert_fail_tau0.95,5,auroc,,,,,,0
mc_dropout,robust,0.08,0.25,0.15,one_minus_confidence,delta,cert_fail_tau0.95,5,auprc,,,,,,0
mc_dropout,robust,0.08,0.25,0.15,one_minus_confidence,delta,cert_fail_tau0.95,5,prevalence,,,,,,0
mc_dropout,robust,0.08,0.25,0.15,one_minus_confidence,delta,cert_fail_tau0.95,5,neg_spearman_p_safe,,,,,,0
mc_dropout,robust,0.08,0.25,0.15,one_minus_confidence,delta,cert_fail_tau0.95,5,neg_spearman_p_safe_optimistic,,,,,,0
mc_dropout,standard,,,0.01,mutual_information,adv,adv_error,5,auroc,,,,,,0
mc_dropout,standard,,,0.01,mutual_information,adv,adv_error,5,auprc,,,,,,0
mc_dropout,standard,,,0.01,mutual_information,adv,adv_error,5,prevalence,0.0,0.0,0.0,0.0,0.0,5
mc_dropout,standard,,,0.01,mutual_information,adv,adv_error,5,neg_spearman_p_safe,0.745590739979729,0.03650679098325607,0.016326333255787393,0.7002688388616632,0.7909126410977948,5
mc_dropout,standard,,,0.01,mutual_information,adv,adv_error,5,neg_spearman_p_safe_optimistic,0.5402106074792694,0.09858630519026672,0.044089136011195344,0.41781916591219115,0.6626020490463477,5
mc_dropout,standard,,,0.01,mutual_information,adv,cert_fail_tau0.5,5,auroc,,,,,,0
mc_dropout,standard,,,0.01,mutual_information,adv,cert_fail_tau0.5,5,auprc,,,,,,0
mc_dropout,standard,,,0.01,mutual_information,adv,cert_fail_tau0.5,5,prevalence,0.0,0.0,0.0,0.0,0.0,5
mc_dropout,standard,,,0.01,mutual_information,adv,cert_fail_tau0.5,5,neg_spearman_p_safe,,,,,,0
mc_dropout,standard,,,0.01,mutual_information,adv,cert_fail_tau0.5,5,neg_spearman_p_safe_optimistic,,,,,,0
mc_dropout,standard,,,0.01,mutual_information,adv,cert_fail_tau0.9,5,auroc,1.0,0.0,0.0,1.0,1.0,3
mc_dropout,standard,,,0.01,mutual_information,adv,cert_fail_tau0.9,5,auprc,1.0,0.0,0.0,1.0,1.0,3
mc_dropout,standard,,,0.01,mutual_information,adv,cert_fail_tau0.9,5,prevalence,0.01952921157118548,0.020789218102775682,0.009297220975375126,-0.00627987385645587,0.04533829699882683,5
mc_dropout,standard,,,0.01,mutual_information,adv,cert_fail_tau0.9,5,neg_spearman_p_safe,,,,,,0
mc_dropout,standard,,,0.01,mutual_information,adv,cert_fail_tau0.9,5,neg_spearman_p_safe_optimistic,,,,,,0
mc_dropout,standard,,,0.01,mutual_information,adv,cert_fail_tau0.95,5,auroc,,,,,,0
mc_dropout,standard,,,0.01,mutual_information,adv,cert_fail_tau0.95,5,auprc,1.0,0.0,0.0,1.0,1.0,2
mc_dropout,standard,,,0.01,mutual_information,adv,cert_fail_tau0.95,5,prevalence,1.0,0.0,0.0,1.0,1.0,5
mc_dropout,standard,,,0.01,mutual_information,adv,cert_fail_tau0.95,5,neg_spearman_p_safe,,,,,,0
mc_dropout,standard,,,0.01,mutual_information,adv,cert_fail_tau0.95,5,neg_spearman_p_safe_optimistic,,,,,,0
mc_dropout,standard,,,0.01,mutual_information,clean,adv_error,5,auroc,,,,,,0
mc_dropout,standard,,,0.01,mutual_information,clean,adv_error,5,auprc,,,,,,0
mc_dropout,standard,,,0.01,mutual_information,clean,adv_error,5,prevalence,0.0,0.0,0.0,0.0,0.0,5
mc_dropout,standard,,,0.01,mutual_information,clean,adv_error,5,neg_spearman_p_safe,0.7369515720517444,0.037519697927185514,0.016779319012088952,0.6903721824741855,0.7835309616293034,5
mc_dropout,standard,,,0.01,mutual_information,clean,adv_error,5,neg_spearman_p_safe_optimistic,0.5377330626141856,0.0980568479833173,0.04385235555001213,0.41599892360735197,0.6594672016210192,5
mc_dropout,standard,,,0.01,mutual_information,clean,cert_fail_tau0.5,5,auroc,,,,,,0
mc_dropout,standard,,,0.01,mutual_information,clean,cert_fail_tau0.5,5,auprc,,,,,,0
mc_dropout,standard,,,0.01,mutual_information,clean,cert_fail_tau0.5,5,prevalence,0.0,0.0,0.0,0.0,0.0,5
mc_dropout,standard,,,0.01,mutual_information,clean,cert_fail_tau0.5,5,neg_spearman_p_safe,,,,,,0
mc_dropout,standard,,,0.01,mutual_information,clean,cert_fail_tau0.5,5,neg_spearman_p_safe_optimistic,,,,,,0
mc_dropout,standard,,,0.01,mutual_information,clean,cert_fail_tau0.9,5,auroc,1.0,0.0,0.0,1.0,1.0,3
mc_dropout,standard,,,0.01,mutual_information,clean,cert_fail_tau0.9,5,auprc,1.0,0.0,0.0,1.0,1.0,3
mc_dropout,standard,,,0.01,mutual_information,clean,cert_fail_tau0.9,5,prevalence,0.01952921157118548,0.020789218102775682,0.009297220975375126,-0.00627987385645587,0.04533829699882683,5
mc_dropout,standard,,,0.01,mutual_information,clean,cert_fail_tau0.9,5,neg_spearman_p_safe,,,,,,0
mc_dropout,standard,,,0.01,mutual_information,clean,cert_fail_tau0.9,5,neg_spearman_p_safe_optimistic,,,,,,0
mc_dropout,standard,,,0.01,mutual_information,clean,cert_fail_tau0.95,5,auroc,,,,,,0
mc_dropout,standard,,,0.01,mutual_information,clean,cert_fail_tau0.95,5,auprc,1.0,0.0,0.0,1.0,1.0,2
mc_dropout,standard,,,0.01,mutual_information,clean,cert_fail_tau0.95,5,prevalence,1.0,0.0,0.0,1.0,1.0,5
mc_dropout,standard,,,0.01,mutual_information,clean,cert_fail_tau0.95,5,neg_spearman_p_safe,,,,,,0
mc_dropout,standard,,,0.01,mutual_information,clean,cert_fail_tau0.95,5,neg_spearman_p_safe_optimistic,,,,,,0
mc_dropout,standard,,,0.01,mutual_information,delta,adv_error,5,auroc,,,,,,0
mc_dropout,standard,,,0.01,mutual_information,delta,adv_error,5,auprc,,,,,,0
mc_dropout,standard,,,0.01,mutual_information,delta,adv_error,5,prevalence,0.0,0.0,0.0,0.0,0.0,5
mc_dropout,standard,,,0.01,mutual_information,delta,adv_error,5,neg_spearman_p_safe,0.743723275420644,0.03628955755292322,0.01622918351234545,0.698671061990373,0.788775488850915,5
mc_dropout,standard,,,0.01,mutual_information,delta,adv_error,5,neg_spearman_p_safe_optimistic,0.5374473760136534,0.09972826102616715,0.04459983418647053,0.41363823631201124,0.6612565157152956,5
mc_dropout,standard,,,0.01,mutual_information,delta,cert_fail_tau0.5,5,auroc,,,,,,0
mc_dropout,standard,,,0.01,mutual_information,delta,cert_fail_tau0.5,5,auprc,,,,,,0
mc_dropout,standard,,,0.01,mutual_information,delta,cert_fail_tau0.5,5,prevalence,0.0,0.0,0.0,0.0,0.0,5
mc_dropout,standard,,,0.01,mutual_information,delta,cert_fail_tau0.5,5,neg_spearman_p_safe,,,,,,0
mc_dropout,standard,,,0.01,mutual_information,delta,cert_fail_tau0.5,5,neg_spearman_p_safe_optimistic,,,,,,0
mc_dropout,standard,,,0.01,mutual_information,delta,cert_fail_tau0.9,5,auroc,1.0,0.0,0.0,1.0,1.0,3
mc_dropout,standard,,,0.01,mutual_information,delta,cert_fail_tau0.9,5,auprc,1.0,0.0,0.0,1.0,1.0,3
mc_dropout,standard,,,0.01,mutual_information,delta,cert_fail_tau0.9,5,prevalence,0.01952921157118548,0.020789218102775682,0.009297220975375126,-0.00627987385645587,0.04533829699882683,5
mc_dropout,standard,,,0.01,mutual_information,delta,cert_fail_tau0.9,5,neg_spearman_p_safe,,,,,,0
mc_dropout,standard,,,0.01,mutual_information,delta,cert_fail_tau0.9,5,neg_spearman_p_safe_optimistic,,,,,,0
mc_dropout,standard,,,0.01,mutual_information,delta,cert_fail_tau0.95,5,auroc,,,,,,0
mc_dropout,standard,,,0.01,mutual_information,delta,cert_fail_tau0.95,5,auprc,1.0,0.0,0.0,1.0,1.0,2
mc_dropout,standard,,,0.01,mutual_information,delta,cert_fail_tau0.95,5,prevalence,1.0,0.0,0.0,1.0,1.0,5
mc_dropout,standard,,,0.01,mutual_information,delta,cert_fail_tau0.95,5,neg_spearman_p_safe,,,,,,0
mc_dropout,standard,,,0.01,mutual_information,delta,cert_fail_tau0.95,5,neg_spearman_p_safe_optimistic,,,,,,0
mc_dropout,standard,,,0.01,one_minus_confidence,adv,adv_error,5,auroc,,,,,,0
mc_dropout,standard,,,0.01,one_minus_confidence,adv,adv_error,5,auprc,,,,,,0
mc_dropout,standard,,,0.01,one_minus_confidence,adv,adv_error,5,prevalence,0.0,0.0,0.0,0.0,0.0,5
mc_dropout,standard,,,0.01,one_minus_confidence,adv,adv_error,5,neg_spearman_p_safe,0.7502536220864717,0.04516304791978055,0.020197529043941953,0.6941852814604889,0.8063219627124546,5
mc_dropout,standard,,,0.01,one_minus_confidence,adv,adv_error,5,neg_spearman_p_safe_optimistic,0.537708608000488,0.09581603996544022,0.04285023573951218,0.4187563535876022,0.6566608624133738,5
mc_dropout,standard,,,0.01,one_minus_confidence,adv,cert_fail_tau0.5,5,auroc,,,,,,0
mc_dropout,standard,,,0.01,one_minus_confidence,adv,cert_fail_tau0.5,5,auprc,,,,,,0
mc_dropout,standard,,,0.01,one_minus_confidence,adv,cert_fail_tau0.5,5,prevalence,0.0,0.0,0.0,0.0,0.0,5
mc_dropout,standard,,,0.01,one_minus_confidence,adv,cert_fail_tau0.5,5,neg_spearman_p_safe,,,,,,0
mc_dropout,standard,,,0.01,one_minus_confidence,adv,cert_fail_tau0.5,5,neg_spearman_p_safe_optimistic,,,,,,0
mc_dropout,standard,,,0.01,one_minus_confidence,adv,cert_fail_tau0.9,5,auroc,1.0,0.0,0.0,1.0,1.0,3
mc_dropout,standard,,,0.01,one_minus_confidence,adv,cert_fail_tau0.9,5,auprc,1.0,0.0,0.0,1.0,1.0,3
mc_dropout,standard,,,0.01,one_minus_confidence,adv,cert_fail_tau0.9,5,prevalence,0.01952921157118548,0.020789218102775682,0.009297220975375126,-0.00627987385645587,0.04533829699882683,5
mc_dropout,standard,,,0.01,one_minus_confidence,adv,cert_fail_tau0.9,5,neg_spearman_p_safe,,,,,,0
mc_dropout,standard,,,0.01,one_minus_confidence,adv,cert_fail_tau0.9,5,neg_spearman_p_safe_optimistic,,,,,,0
mc_dropout,standard,,,0.01,one_minus_confidence,adv,cert_fail_tau0.95,5,auroc,,,,,,0
mc_dropout,standard,,,0.01,one_minus_confidence,adv,cert_fail_tau0.95,5,auprc,1.0,0.0,0.0,1.0,1.0,2
mc_dropout,standard,,,0.01,one_minus_confidence,adv,cert_fail_tau0.95,5,prevalence,1.0,0.0,0.0,1.0,1.0,5
mc_dropout,standard,,,0.01,one_minus_confidence,adv,cert_fail_tau0.95,5,neg_spearman_p_safe,,,,,,0
mc_dropout,standard,,,0.01,one_minus_confidence,adv,cert_fail_tau0.95,5,neg_spearman_p_safe_optimistic,,,,,,0
mc_dropout,standard,,,0.01,one_minus_confidence,clean,adv_error,5,auroc,,,,,,0
mc_dropout,standard,,,0.01,one_minus_confidence,clean,adv_error,5,auprc,,,,,,0
mc_dropout,standard,,,0.01,one_minus_confidence,clean,adv_error,5,prevalence,0.0,0.0,0.0,0.0,0.0,5
mc_dropout,standard,,,0.01,one_minus_confidence,clean,adv_error,5,neg_spearman_p_safe,0.7438475748758648,0.04414412538252874,0.01974185303252163,0.6890441908575848,0.7986509588941448,5
mc_dropout,standard,,,0.01,one_minus_confidence,clean,adv_error,5,neg_spearman_p_safe_optimistic,0.5411513019966838,0.0980452507615844,0.04384716911478315,0.41943156053404584,0.6628710434593218,5
mc_dropout,standard,,,0.01,one_minus_confidence,clean,cert_fail_tau0.5,5,auroc,,,,,,0
mc_dropout,standard,,,0.01,one_minus_confidence,clean,cert_fail_tau0.5,5,auprc,,,,,,0
mc_dropout,standard,,,0.01,one_minus_confidence,clean,cert_fail_tau0.5,5,prevalence,0.0,0.0,0.0,0.0,0.0,5
mc_dropout,standard,,,0.01,one_minus_confidence,clean,cert_fail_tau0.5,5,neg_spearman_p_safe,,,,,,0
mc_dropout,standard,,,0.01,one_minus_confidence,clean,cert_fail_tau0.5,5,neg_spearman_p_safe_optimistic,,,,,,0
mc_dropout,standard,,,0.01,one_minus_confidence,clean,cert_fail_tau0.9,5,auroc,1.0,0.0,0.0,1.0,1.0,3
mc_dropout,standard,,,0.01,one_minus_confidence,clean,cert_fail_tau0.9,5,auprc,1.0,0.0,0.0,1.0,1.0,3
mc_dropout,standard,,,0.01,one_minus_confidence,clean,cert_fail_tau0.9,5,prevalence,0.01952921157118548,0.020789218102775682,0.009297220975375126,-0.00627987385645587,0.04533829699882683,5
mc_dropout,standard,,,0.01,one_minus_confidence,clean,cert_fail_tau0.9,5,neg_spearman_p_safe,,,,,,0
mc_dropout,standard,,,0.01,one_minus_confidence,clean,cert_fail_tau0.9,5,neg_spearman_p_safe_optimistic,,,,,,0
mc_dropout,standard,,,0.01,one_minus_confidence,clean,cert_fail_tau0.95,5,auroc,,,,,,0
mc_dropout,standard,,,0.01,one_minus_confidence,clean,cert_fail_tau0.95,5,auprc,1.0,0.0,0.0,1.0,1.0,2
mc_dropout,standard,,,0.01,one_minus_confidence,clean,cert_fail_tau0.95,5,prevalence,1.0,0.0,0.0,1.0,1.0,5
mc_dropout,standard,,,0.01,one_minus_confidence,clean,cert_fail_tau0.95,5,neg_spearman_p_safe,,,,,,0
mc_dropout,standard,,,0.01,one_minus_confidence,clean,cert_fail_tau0.95,5,neg_spearman_p_safe_optimistic,,,,,,0
mc_dropout,standard,,,0.01,one_minus_confidence,delta,adv_error,5,auroc,,,,,,0
mc_dropout,standard,,,0.01,one_minus_confidence,delta,adv_error,5,auprc,,,,,,0
mc_dropout,standard,,,0.01,one_minus_confidence,delta,adv_error,5,prevalence,0.0,0.0,0.0,0.0,0.0,5
mc_dropout,standard,,,0.01,one_minus_confidence,delta,adv_error,5,neg_spearman_p_safe,0.7525280588238955,0.04579688086677087,0.02048098775511183,0.695672836815705,0.809383280832086,5
mc_dropout,standard,,,0.01,one_minus_confidence,delta,adv_error,5,neg_spearman_p_safe_optimistic,0.5372324155075645,0.09547091075808607,0.04269588926577929,0.4187086269057612,0.6557562041093679,5
mc_dropout,standard,,,0.01,one_minus_confidence,delta,cert_fail_tau0.5,5,auroc,,,,,,0
mc_dropout,standard,,,0.01,one_minus_confidence,delta,cert_fail_tau0.5,5,auprc,,,,,,0
mc_dropout,standard,,,0.01,one_minus_confidence,delta,cert_fail_tau0.5,5,prevalence,0.0,0.0,0.0,0.0,0.0,5
mc_dropout,standard,,,0.01,one_minus_confidence,delta,cert_fail_tau0.5,5,neg_spearman_p_safe,,,,,,0
mc_dropout,standard,,,0.01,one_minus_confidence,delta,cert_fail_tau0.5,5,neg_spearman_p_safe_optimistic,,,,,,0
mc_dropout,standard,,,0.01,one_minus_confidence,delta,cert_fail_tau0.9,5,auroc,1.0,0.0,0.0,1.0,1.0,3
mc_dropout,standard,,,0.01,one_minus_confidence,delta,cert_fail_tau0.9,5,auprc,1.0,0.0,0.0,1.0,1.0,3
mc_dropout,standard,,,0.01,one_minus_confidence,delta,cert_fail_tau0.9,5,prevalence,0.01952921157118548,0.020789218102775682,0.009297220975375126,-0.00627987385645587,0.04533829699882683,5
mc_dropout,standard,,,0.01,one_minus_confidence,delta,cert_fail_tau0.9,5,neg_spearman_p_safe,,,,,,0
mc_dropout,standard,,,0.01,one_minus_confidence,delta,cert_fail_tau0.9,5,neg_spearman_p_safe_optimistic,,,,,,0
mc_dropout,standard,,,0.01,one_minus_confidence,delta,cert_fail_tau0.95,5,auroc,,,,,,0
mc_dropout,standard,,,0.01,one_minus_confidence,delta,cert_fail_tau0.95,5,auprc,1.0,0.0,0.0,1.0,1.0,2
mc_dropout,standard,,,0.01,one_minus_confidence,delta,cert_fail_tau0.95,5,prevalence,1.0,0.0,0.0,1.0,1.0,5
mc_dropout,standard,,,0.01,one_minus_confidence,delta,cert_fail_tau0.95,5,neg_spearman_p_safe,,,,,,0
mc_dropout,standard,,,0.01,one_minus_confidence,delta,cert_fail_tau0.95,5,neg_spearman_p_safe_optimistic,,,,,,0
mc_dropout,standard,,,0.03,mutual_information,adv,adv_error,5,auroc,0.8794743550210711,0.0493594393854391,0.022074212359424455,0.8181963415113088,0.9407523685308333,5
mc_dropout,standard,,,0.03,mutual_information,adv,adv_error,5,auprc,0.41410898312214106,0.19489968272246047,0.08716178787211257,0.1721478599891566,0.6560701062551255,5
mc_dropout,standard,,,0.03,mutual_information,adv,adv_error,5,prevalence,0.07200000000000001,0.02280350850198276,0.01019803902718557,0.04369024366053287,0.10030975633946715,5
mc_dropout,standard,,,0.03,mutual_information,adv,adv_error,5,neg_spearman_p_safe,,,,,,0
mc_dropout,standard,,,0.03,mutual_information,adv,adv_error,5,neg_spearman_p_safe_optimistic,,,,,,0
mc_dropout,standard,,,0.03,mutual_information,adv,cert_fail_tau0.5,5,auroc,,,,,,0
mc_dropout,standard,,,0.03,mutual_information,adv,cert_fail_tau0.5,5,auprc,,,,,,0
mc_dropout,standard,,,0.03,mutual_information,adv,cert_fail_tau0.5,5,prevalence,,,,,,0
mc_dropout,standard,,,0.03,mutual_information,adv,cert_fail_tau0.5,5,neg_spearman_p_safe,,,,,,0
mc_dropout,standard,,,0.03,mutual_information,adv,cert_fail_tau0.5,5,neg_spearman_p_safe_optimistic,,,,,,0
mc_dropout,standard,,,0.03,mutual_information,adv,cert_fail_tau0.9,5,auroc,,,,,,0
mc_dropout,standard,,,0.03,mutual_information,adv,cert_fail_tau0.9,5,auprc,,,,,,0
mc_dropout,standard,,,0.03,mutual_information,adv,cert_fail_tau0.9,5,prevalence,,,,,,0
mc_dropout,standard,,,0.03,mutual_information,adv,cert_fail_tau0.9,5,neg_spearman_p_safe,,,,,,0
mc_dropout,standard,,,0.03,mutual_information,adv,cert_fail_tau0.9,5,neg_spearman_p_safe_optimistic,,,,,,0
mc_dropout,standard,,,0.03,mutual_information,adv,cert_fail_tau0.95,5,auroc,,,,,,0
mc_dropout,standard,,,0.03,mutual_information,adv,cert_fail_tau0.95,5,auprc,,,,,,0
mc_dropout,standard,,,0.03,mutual_information,adv,cert_fail_tau0.95,5,prevalence,,,,,,0
mc_dropout,standard,,,0.03,mutual_information,adv,cert_fail_tau0.95,5,neg_spearman_p_safe,,,,,,0
mc_dropout,standard,,,0.03,mutual_information,adv,cert_fail_tau0.95,5,neg_spearman_p_safe_optimistic,,,,,,0
mc_dropout,standard,,,0.03,mutual_information,clean,adv_error,5,auroc,0.9537979751259122,0.03586657974707977,0.016040022086977513,0.9092708738124626,0.9983250764393619,5
mc_dropout,standard,,,0.03,mutual_information,clean,adv_error,5,auprc,0.6726068376068376,0.2137018359483733,0.09557036641941419,0.40730350042654384,0.9379101747871313,5
mc_dropout,standard,,,0.03,mutual_information,clean,adv_error,5,prevalence,0.07200000000000001,0.02280350850198276,0.01019803902718557,0.04369024366053287,0.10030975633946715,5
mc_dropout,standard,,,0.03,mutual_information,clean,adv_error,5,neg_spearman_p_safe,,,,,,0
mc_dropout,standard,,,0.03,mutual_information,clean,adv_error,5,neg_spearman_p_safe_optimistic,,,,,,0
mc_dropout,standard,,,0.03,mutual_information,clean,cert_fail_tau0.5,5,auroc,,,,,,0
mc_dropout,standard,,,0.03,mutual_information,clean,cert_fail_tau0.5,5,auprc,,,,,,0
mc_dropout,standard,,,0.03,mutual_information,clean,cert_fail_tau0.5,5,prevalence,,,,,,0
mc_dropout,standard,,,0.03,mutual_information,clean,cert_fail_tau0.5,5,neg_spearman_p_safe,,,,,,0
mc_dropout,standard,,,0.03,mutual_information,clean,cert_fail_tau0.5,5,neg_spearman_p_safe_optimistic,,,,,,0
mc_dropout,standard,,,0.03,mutual_information,clean,cert_fail_tau0.9,5,auroc,,,,,,0
mc_dropout,standard,,,0.03,mutual_information,clean,cert_fail_tau0.9,5,auprc,,,,,,0
mc_dropout,standard,,,0.03,mutual_information,clean,cert_fail_tau0.9,5,prevalence,,,,,,0
mc_dropout,standard,,,0.03,mutual_information,clean,cert_fail_tau0.9,5,neg_spearman_p_safe,,,,,,0
mc_dropout,standard,,,0.03,mutual_information,clean,cert_fail_tau0.9,5,neg_spearman_p_safe_optimistic,,,,,,0
mc_dropout,standard,,,0.03,mutual_information,clean,cert_fail_tau0.95,5,auroc,,,,,,0
mc_dropout,standard,,,0.03,mutual_information,clean,cert_fail_tau0.95,5,auprc,,,,,,0
mc_dropout,standard,,,0.03,mutual_information,clean,cert_fail_tau0.95,5,prevalence,,,,,,0
mc_dropout,standard,,,0.03,mutual_information,clean,cert_fail_tau0.95,5,neg_spearman_p_safe,,,,,,0
mc_dropout,standard,,,0.03,mutual_information,clean,cert_fail_tau0.95,5,neg_spearman_p_safe_optimistic,,,,,,0
mc_dropout,standard,,,0.03,mutual_information,delta,adv_error,5,auroc,0.8392261280707164,0.04453287709271457,0.019915708082590595,0.7839401224334449,0.8945121337079879,5
mc_dropout,standard,,,0.03,mutual_information,delta,adv_error,5,auprc,0.2585741896991897,0.08162132785201826,0.03650216749818194,0.15724417272423666,0.3599042066741428,5
mc_dropout,standard,,,0.03,mutual_information,delta,adv_error,5,prevalence,0.07200000000000001,0.02280350850198276,0.01019803902718557,0.04369024366053287,0.10030975633946715,5
mc_dropout,standard,,,0.03,mutual_information,delta,adv_error,5,neg_spearman_p_safe,,,,,,0
mc_dropout,standard,,,0.03,mutual_information,delta,adv_error,5,neg_spearman_p_safe_optimistic,,,,,,0
mc_dropout,standard,,,0.03,mutual_information,delta,cert_fail_tau0.5,5,auroc,,,,,,0
mc_dropout,standard,,,0.03,mutual_information,delta,cert_fail_tau0.5,5,auprc,,,,,,0
mc_dropout,standard,,,0.03,mutual_information,delta,cert_fail_tau0.5,5,prevalence,,,,,,0
mc_dropout,standard,,,0.03,mutual_information,delta,cert_fail_tau0.5,5,neg_spearman_p_safe,,,,,,0
mc_dropout,standard,,,0.03,mutual_information,delta,cert_fail_tau0.5,5,neg_spearman_p_safe_optimistic,,,,,,0
mc_dropout,standard,,,0.03,mutual_information,delta,cert_fail_tau0.9,5,auroc,,,,,,0
mc_dropout,standard,,,0.03,mutual_information,delta,cert_fail_tau0.9,5,auprc,,,,,,0
mc_dropout,standard,,,0.03,mutual_information,delta,cert_fail_tau0.9,5,prevalence,,,,,,0
mc_dropout,standard,,,0.03,mutual_information,delta,cert_fail_tau0.9,5,neg_spearman_p_safe,,,,,,0
mc_dropout,standard,,,0.03,mutual_information,delta,cert_fail_tau0.9,5,neg_spearman_p_safe_optimistic,,,,,,0
mc_dropout,standard,,,0.03,mutual_information,delta,cert_fail_tau0.95,5,auroc,,,,,,0
mc_dropout,standard,,,0.03,mutual_information,delta,cert_fail_tau0.95,5,auprc,,,,,,0
mc_dropout,standard,,,0.03,mutual_information,delta,cert_fail_tau0.95,5,prevalence,,,,,,0
mc_dropout,standard,,,0.03,mutual_information,delta,cert_fail_tau0.95,5,neg_spearman_p_safe,,,,,,0
mc_dropout,standard,,,0.03,mutual_information,delta,cert_fail_tau0.95,5,neg_spearman_p_safe_optimistic,,,,,,0
mc_dropout,standard,,,0.03,one_minus_confidence,adv,adv_error,5,auroc,0.9347316270942543,0.04307422957882811,0.019263381083338357,0.881256481206907,0.9882067729816015,5
mc_dropout,standard,,,0.03,one_minus_confidence,adv,adv_error,5,auprc,0.5555555555555556,0.24367971365516816,0.10897688089412795,0.25303573419345643,0.8580753769176548,5
mc_dropout,standard,,,0.03,one_minus_confidence,adv,adv_error,5,prevalence,0.07200000000000001,0.02280350850198276,0.01019803902718557,0.04369024366053287,0.10030975633946715,5
mc_dropout,standard,,,0.03,one_minus_confidence,adv,adv_error,5,neg_spearman_p_safe,,,,,,0
mc_dropout,standard,,,0.03,one_minus_confidence,adv,adv_error,5,neg_spearman_p_safe_optimistic,,,,,,0
mc_dropout,standard,,,0.03,one_minus_confidence,adv,cert_fail_tau0.5,5,auroc,,,,,,0
mc_dropout,standard,,,0.03,one_minus_confidence,adv,cert_fail_tau0.5,5,auprc,,,,,,0
mc_dropout,standard,,,0.03,one_minus_confidence,adv,cert_fail_tau0.5,5,prevalence,,,,,,0
mc_dropout,standard,,,0.03,one_minus_confidence,adv,cert_fail_tau0.5,5,neg_spearman_p_safe,,,,,,0
mc_dropout,standard,,,0.03,one_minus_confidence,adv,cert_fail_tau0.5,5,neg_spearman_p_safe_optimistic,,,,,,0
mc_dropout,standard,,,0.03,one_minus_confidence,adv,cert_fail_tau0.9,5,auroc,,,,,,0
mc_dropout,standard,,,0.03,one_minus_confidence,adv,cert_fail_tau0.9,5,auprc,,,,,,0
mc_dropout,standard,,,0.03,one_minus_confidence,adv,cert_fail_tau0.9,5,prevalence,,,,,,0
mc_dropout,standard,,,0.03,one_minus_confidence,adv,cert_fail_tau0.9,5,neg_spearman_p_safe,,,,,,0
mc_dropout,standard,,,0.03,one_minus_confidence,adv,cert_fail_tau0.9,5,neg_spearman_p_safe_optimistic,,,,,,0
mc_dropout,standard,,,0.03,one_minus_confidence,adv,cert_fail_tau0.95,5,auroc,,,,,,0
mc_dropout,standard,,,0.03,one_minus_confidence,adv,cert_fail_tau0.95,5,auprc,,,,,,0
mc_dropout,standard,,,0.03,one_minus_confidence,adv,cert_fail_tau0.95,5,prevalence,,,,,,0
mc_dropout,standard,,,0.03,one_minus_confidence,adv,cert_fail_tau0.95,5,neg_spearman_p_safe,,,,,,0
mc_dropout,standard,,,0.03,one_minus_confidence,adv,cert_fail_tau0.95,5,neg_spearman_p_safe_optimistic,,,,,,0
mc_dropout,standard,,,0.03,one_minus_confidence,clean,adv_error,5,auroc,0.9675104584232705,0.026988092475067286,0.0120694418714602,0.934005687788097,1.001015229058444,5
mc_dropout,standard,,,0.03,one_minus_confidence,clean,adv_error,5,auprc,0.7506349206349207,0.17442848403957326,0.07800678950494458,0.5340880729691946,0.9671817683006467,5
mc_dropout,standard,,,0.03,one_minus_confidence,clean,adv_error,5,prevalence,0.07200000000000001,0.02280350850198276,0.01019803902718557,0.04369024366053287,0.10030975633946715,5
mc_dropout,standard,,,0.03,one_minus_confidence,clean,adv_error,5,neg_spearman_p_safe,,,,,,0
mc_dropout,standard,,,0.03,one_minus_confidence,clean,adv_error,5,neg_spearman_p_safe_optimistic,,,,,,0
mc_dropout,standard,,,0.03,one_minus_confidence,clean,cert_fail_tau0.5,5,auroc,,,,,,0
mc_dropout,standard,,,0.03,one_minus_confidence,clean,cert_fail_tau0.5,5,auprc,,,,,,0
mc_dropout,standard,,,0.03,one_minus_confidence,clean,cert_fail_tau0.5,5,prevalence,,,,,,0
mc_dropout,standard,,,0.03,one_minus_confidence,clean,cert_fail_tau0.5,5,neg_spearman_p_safe,,,,,,0
mc_dropout,standard,,,0.03,one_minus_confidence,clean,cert_fail_tau0.5,5,neg_spearman_p_safe_optimistic,,,,,,0
mc_dropout,standard,,,0.03,one_minus_confidence,clean,cert_fail_tau0.9,5,auroc,,,,,,0
mc_dropout,standard,,,0.03,one_minus_confidence,clean,cert_fail_tau0.9,5,auprc,,,,,,0
mc_dropout,standard,,,0.03,one_minus_confidence,clean,cert_fail_tau0.9,5,prevalence,,,,,,0
mc_dropout,standard,,,0.03,one_minus_confidence,clean,cert_fail_tau0.9,5,neg_spearman_p_safe,,,,,,0
mc_dropout,standard,,,0.03,one_minus_confidence,clean,cert_fail_tau0.9,5,neg_spearman_p_safe_optimistic,,,,,,0
mc_dropout,standard,,,0.03,one_minus_confidence,clean,cert_fail_tau0.95,5,auroc,,,,,,0
mc_dropout,standard,,,0.03,one_minus_confidence,clean,cert_fail_tau0.95,5,auprc,,,,,,0
mc_dropout,standard,,,0.03,one_minus_confidence,clean,cert_fail_tau0.95,5,prevalence,,,,,,0
mc_dropout,standard,,,0.03,one_minus_confidence,clean,cert_fail_tau0.95,5,neg_spearman_p_safe,,,,,,0
mc_dropout,standard,,,0.03,one_minus_confidence,clean,cert_fail_tau0.95,5,neg_spearman_p_safe_optimistic,,,,,,0
mc_dropout,standard,,,0.03,one_minus_confidence,delta,adv_error,5,auroc,0.9174309024565732,0.05998976352841501,0.026828237840734716,0.8429557142106936,0.9919060907024528,5
mc_dropout,standard,,,0.03,one_minus_confidence,delta,adv_error,5,auprc,0.5068109668109668,0.2631153417523415,0.11766875801626485,0.18016249455781563,0.833459439064118,5
mc_dropout,standard,,,0.03,one_minus_confidence,delta,adv_error,5,prevalence,0.07200000000000001,0.02280350850198276,0.01019803902718557,0.04369024366053287,0.10030975633946715,5
mc_dropout,standard,,,0.03,one_minus_confidence,delta,adv_error,5,neg_spearman_p_safe,,,,,,0
mc_dropout,standard,,,0.03,one_minus_confidence,delta,adv_error,5,neg_spearman_p_safe_optimistic,,,,,,0
mc_dropout,standard,,,0.03,one_minus_confidence,delta,cert_fail_tau0.5,5,auroc,,,,,,0
mc_dropout,standard,,,0.03,one_minus_confidence,delta,cert_fail_tau0.5,5,auprc,,,,,,0
mc_dropout,standard,,,0.03,one_minus_confidence,delta,cert_fail_tau0.5,5,prevalence,,,,,,0
mc_dropout,standard,,,0.03,one_minus_confidence,delta,cert_fail_tau0.5,5,neg_spearman_p_safe,,,,,,0
mc_dropout,standard,,,0.03,one_minus_confidence,delta,cert_fail_tau0.5,5,neg_spearman_p_safe_optimistic,,,,,,0
mc_dropout,standard,,,0.03,one_minus_confidence,delta,cert_fail_tau0.9,5,auroc,,,,,,0
mc_dropout,standard,,,0.03,one_minus_confidence,delta,cert_fail_tau0.9,5,auprc,,,,,,0
mc_dropout,standard,,,0.03,one_minus_confidence,delta,cert_fail_tau0.9,5,prevalence,,,,,,0
mc_dropout,standard,,,0.03,one_minus_confidence,delta,cert_fail_tau0.9,5,neg_spearman_p_safe,,,,,,0
mc_dropout,standard,,,0.03,one_minus_confidence,delta,cert_fail_tau0.9,5,neg_spearman_p_safe_optimistic,,,,,,0
mc_dropout,standard,,,0.03,one_minus_confidence,delta,cert_fail_tau0.95,5,auroc,,,,,,0
mc_dropout,standard,,,0.03,one_minus_confidence,delta,cert_fail_tau0.95,5,auprc,,,,,,0
mc_dropout,standard,,,0.03,one_minus_confidence,delta,cert_fail_tau0.95,5,prevalence,,,,,,0
mc_dropout,standard,,,0.03,one_minus_confidence,delta,cert_fail_tau0.95,5,neg_spearman_p_safe,,,,,,0
mc_dropout,standard,,,0.03,one_minus_confidence,delta,cert_fail_tau0.95,5,neg_spearman_p_safe_optimistic,,,,,,0
mc_dropout,standard,,,0.05,mutual_information,adv,adv_error,5,auroc,0.6427753098469211,0.046263097522778594,0.02068948618212701,0.5853412962053365,0.7002093234885057,5
mc_dropout,standard,,,0.05,mutual_information,adv,adv_error,5,auprc,0.5395035878079799,0.1189440488316985,0.053193395741346454,0.3918387212300022,0.6871684543859576,5
mc_dropout,standard,,,0.05,mutual_information,adv,adv_error,5,prevalence,0.4,0.08602325267042625,0.03847076812334268,0.29320514768960076,0.5067948523103993,5
mc_dropout,standard,,,0.05,mutual_information,adv,adv_error,5,neg_spearman_p_safe,0.17130330591738788,0.07408572604702172,0.03704286302351086,0.053432915776576315,0.2891736960581994,4
mc_dropout,standard,,,0.05,mutual_information,adv,adv_error,5,neg_spearman_p_safe_optimistic,0.42564365149552297,0.11366971237372216,0.05083464077009834,0.28452668871773,0.5667606142733159,5
mc_dropout,standard,,,0.05,mutual_information,adv,cert_fail_tau0.5,5,auroc,,,,,,0
mc_dropout,standard,,,0.05,mutual_information,adv,cert_fail_tau0.5,5,auprc,1.0,0.0,0.0,1.0,1.0,5
mc_dropout,standard,,,0.05,mutual_information,adv,cert_fail_tau0.5,5,prevalence,1.0,0.0,0.0,1.0,1.0,5
mc_dropout,standard,,,0.05,mutual_information,adv,cert_fail_tau0.5,5,neg_spearman_p_safe,,,,,,0
mc_dropout,standard,,,0.05,mutual_information,adv,cert_fail_tau0.5,5,neg_spearman_p_safe_optimistic,,,,,,0
mc_dropout,standard,,,0.05,mutual_information,adv,cert_fail_tau0.9,5,auroc,,,,,,0
mc_dropout,standard,,,0.05,mutual_information,adv,cert_fail_tau0.9,5,auprc,1.0,0.0,0.0,1.0,1.0,5
mc_dropout,standard,,,0.05,mutual_information,adv,cert_fail_tau0.9,5,prevalence,1.0,0.0,0.0,1.0,1.0,5
mc_dropout,standard,,,0.05,mutual_information,adv,cert_fail_tau0.9,5,neg_spearman_p_safe,,,,,,0
mc_dropout,standard,,,0.05,mutual_information,adv,cert_fail_tau0.9,5,neg_spearman_p_safe_optimistic,,,,,,0
mc_dropout,standard,,,0.05,mutual_information,adv,cert_fail_tau0.95,5,auroc,,,,,,0
mc_dropout,standard,,,0.05,mutual_information,adv,cert_fail_tau0.95,5,auprc,1.0,0.0,0.0,1.0,1.0,5
mc_dropout,standard,,,0.05,mutual_information,adv,cert_fail_tau0.95,5,prevalence,1.0,0.0,0.0,1.0,1.0,5
mc_dropout,standard,,,0.05,mutual_information,adv,cert_fail_tau0.95,5,neg_spearman_p_safe,,,,,,0
mc_dropout,standard,,,0.05,mutual_information,adv,cert_fail_tau0.95,5,neg_spearman_p_safe_optimistic,,,,,,0
mc_dropout,standard,,,0.05,mutual_information,clean,adv_error,5,auroc,0.9063409925302508,0.017240911005898817,0.007710369800642806,0.8849370059636664,0.9277449790968352,5
mc_dropout,standard,,,0.05,mutual_information,clean,adv_error,5,auprc,0.8613981218807016,0.0646037956860928,0.02889169575172223,0.7811947744739207,0.9416014692874826,5
mc_dropout,standard,,,0.05,mutual_information,clean,adv_error,5,prevalence,0.4,0.08602325267042625,0.03847076812334268,0.29320514768960076,0.5067948523103993,5
mc_dropout,standard,,,0.05,mutual_information,clean,adv_error,5,neg_spearman_p_safe,0.11331771402140906,0.0532741826204776,0.0266370913102388,0.028558489472229193,0.19807693857058892,4
mc_dropout,standard,,,0.05,mutual_information,clean,adv_error,5,neg_spearman_p_safe_optimistic,0.7787400335200384,0.025919082188836984,0.011591365937728706,0.7465624016769035,0.8109176653631733,5
mc_dropout,standard,,,0.05,mutual_information,clean,cert_fail_tau0.5,5,auroc,,,,,,0
mc_dropout,standard,,,0.05,mutual_information,clean,cert_fail_tau0.5,5,auprc,1.0,0.0,0.0,1.0,1.0,5
mc_dropout,standard,,,0.05,mutual_information,clean,cert_fail_tau0.5,5,prevalence,1.0,0.0,0.0,1.0,1.0,5
mc_dropout,standard,,,0.05,mutual_information,clean,cert_fail_tau0.5,5,neg_spearman_p_safe,,,,,,0
mc_dropout,standard,,,0.05,mutual_information,clean,cert_fail_tau0.5,5,neg_spearman_p_safe_optimistic,,,,,,0
mc_dropout,standard,,,0.05,mutual_information,clean,cert_fail_tau0.9,5,auroc,,,,,,0
mc_dropout,standard,,,0.05,mutual_information,clean,cert_fail_tau0.9,5,auprc,1.0,0.0,0.0,1.0,1.0,5
mc_dropout,standard,,,0.05,mutual_information,clean,cert_fail_tau0.9,5,prevalence,1.0,0.0,0.0,1.0,1.0,5
mc_dropout,standard,,,0.05,mutual_information,clean,cert_fail_tau0.9,5,neg_spearman_p_safe,,,,,,0
mc_dropout,standard,,,0.05,mutual_information,clean,cert_fail_tau0.9,5,neg_spearman_p_safe_optimistic,,,,,,0
mc_dropout,standard,,,0.05,mutual_information,clean,cert_fail_tau0.95,5,auroc,,,,,,0
mc_dropout,standard,,,0.05,mutual_information,clean,cert_fail_tau0.95,5,auprc,1.0,0.0,0.0,1.0,1.0,5
mc_dropout,standard,,,0.05,mutual_information,clean,cert_fail_tau0.95,5,prevalence,1.0,0.0,0.0,1.0,1.0,5
mc_dropout,standard,,,0.05,mutual_information,clean,cert_fail_tau0.95,5,neg_spearman_p_safe,,,,,,0
mc_dropout,standard,,,0.05,mutual_information,clean,cert_fail_tau0.95,5,neg_spearman_p_safe_optimistic,,,,,,0
mc_dropout,standard,,,0.05,mutual_information,delta,adv_error,5,auroc,0.598840277133116,0.059388352811101254,0.026559278791472626,0.525111719207988,0.672568835058244,5
mc_dropout,standard,,,0.05,mutual_information,delta,adv_error,5,auprc,0.5238401779769251,0.1123871896164208,0.05026107915649508,0.3843154222384947,0.6633649337153554,5
mc_dropout,standard,,,0.05,mutual_information,delta,adv_error,5,prevalence,0.4,0.08602325267042625,0.03847076812334268,0.29320514768960076,0.5067948523103993,5
mc_dropout,standard,,,0.05,mutual_information,delta,adv_error,5,neg_spearman_p_safe,0.15857438412992098,0.07509491961676301,0.037547459808381506,0.039098367019651026,0.2780504012401909,4
mc_dropout,standard,,,0.05,mutual_information,delta,adv_error,5,neg_spearman_p_safe_optimistic,0.335620373618797,0.13372054274378328,0.05980164471265313,0.1696110078964719,0.5016297393411221,5
mc_dropout,standard,,,0.05,mutual_information,delta,cert_fail_tau0.5,5,auroc,,,,,,0
mc_dropout,standard,,,0.05,mutual_information,delta,cert_fail_tau0.5,5,auprc,1.0,0.0,0.0,1.0,1.0,5
mc_dropout,standard,,,0.05,mutual_information,delta,cert_fail_tau0.5,5,prevalence,1.0,0.0,0.0,1.0,1.0,5
mc_dropout,standard,,,0.05,mutual_information,delta,cert_fail_tau0.5,5,neg_spearman_p_safe,,,,,,0
mc_dropout,standard,,,0.05,mutual_information,delta,cert_fail_tau0.5,5,neg_spearman_p_safe_optimistic,,,,,,0
mc_dropout,standard,,,0.05,mutual_information,delta,cert_fail_tau0.9,5,auroc,,,,,,0
mc_dropout,standard,,,0.05,mutual_information,delta,cert_fail_tau0.9,5,auprc,1.0,0.0,0.0,1.0,1.0,5
mc_dropout,standard,,,0.05,mutual_information,delta,cert_fail_tau0.9,5,prevalence,1.0,0.0,0.0,1.0,1.0,5
mc_dropout,standard,,,0.05,mutual_information,delta,cert_fail_tau0.9,5,neg_spearman_p_safe,,,,,,0
mc_dropout,standard,,,0.05,mutual_information,delta,cert_fail_tau0.9,5,neg_spearman_p_safe_optimistic,,,,,,0
mc_dropout,standard,,,0.05,mutual_information,delta,cert_fail_tau0.95,5,auroc,,,,,,0
mc_dropout,standard,,,0.05,mutual_information,delta,cert_fail_tau0.95,5,auprc,1.0,0.0,0.0,1.0,1.0,5
mc_dropout,standard,,,0.05,mutual_information,delta,cert_fail_tau0.95,5,prevalence,1.0,0.0,0.0,1.0,1.0,5
mc_dropout,standard,,,0.05,mutual_information,delta,cert_fail_tau0.95,5,neg_spearman_p_safe,,,,,,0
mc_dropout,standard,,,0.05,mutual_information,delta,cert_fail_tau0.95,5,neg_spearman_p_safe_optimistic,,,,,,0
mc_dropout,standard,,,0.05,one_minus_confidence,adv,adv_error,5,auroc,0.6790198564814933,0.04096811546421038,0.018321498217606952,0.6281593774294164,0.7298803355335702,5
mc_dropout,standard,,,0.05,one_minus_confidence,adv,adv_error,5,auprc,0.5513192926551265,0.1350235192773709,0.06038435353309093,0.3836923272472661,0.7189462580629868,5
mc_dropout,standard,,,0.05,one_minus_confidence,adv,adv_error,5,prevalence,0.4,0.08602325267042625,0.03847076812334268,0.29320514768960076,0.5067948523103993,5
mc_dropout,standard,,,0.05,one_minus_confidence,adv,adv_error,5,neg_spearman_p_safe,0.19605441678808266,0.056900457925899796,0.028450228962949898,0.10552578822797609,0.28658304534818924,4
mc_dropout,standard,,,0.05,one_minus_confidence,adv,adv_error,5,neg_spearman_p_safe_optimistic,0.4944912611383142,0.07684219571894305,0.03436487463357999,0.3990943691554962,0.5898881531211323,5
mc_dropout,standard,,,0.05,one_minus_confidence,adv,cert_fail_tau0.5,5,auroc,,,,,,0
mc_dropout,standard,,,0.05,one_minus_confidence,adv,cert_fail_tau0.5,5,auprc,1.0,0.0,0.0,1.0,1.0,5
mc_dropout,standard,,,0.05,one_minus_confidence,adv,cert_fail_tau0.5,5,prevalence,1.0,0.0,0.0,1.0,1.0,5
mc_dropout,standard,,,0.05,one_minus_confidence,adv,cert_fail_tau0.5,5,neg_spearman_p_safe,,,,,,0
mc_dropout,standard,,,0.05,one_minus_confidence,adv,cert_fail_tau0.5,5,neg_spearman_p_safe_optimistic,,,,,,0
mc_dropout,standard,,,0.05,one_minus_confidence,adv,cert_fail_tau0.9,5,auroc,,,,,,0
mc_dropout,standard,,,0.05,one_minus_confidence,adv,cert_fail_tau0.9,5,auprc,1.0,0.0,0.0,1.0,1.0,5
mc_dropout,standard,,,0.05,one_minus_confidence,adv,cert_fail_tau0.9,5,prevalence,1.0,0.0,0.0,1.0,1.0,5
mc_dropout,standard,,,0.05,one_minus_confidence,adv,cert_fail_tau0.9,5,neg_spearman_p_safe,,,,,,0
mc_dropout,standard,,,0.05,one_minus_confidence,adv,cert_fail_tau0.9,5,neg_spearman_p_safe_optimistic,,,,,,0
mc_dropout,standard,,,0.05,one_minus_confidence,adv,cert_fail_tau0.95,5,auroc,,,,,,0
mc_dropout,standard,,,0.05,one_minus_confidence,adv,cert_fail_tau0.95,5,auprc,1.0,0.0,0.0,1.0,1.0,5
mc_dropout,standard,,,0.05,one_minus_confidence,adv,cert_fail_tau0.95,5,prevalence,1.0,0.0,0.0,1.0,1.0,5
mc_dropout,standard,,,0.05,one_minus_confidence,adv,cert_fail_tau0.95,5,neg_spearman_p_safe,,,,,,0
mc_dropout,standard,,,0.05,one_minus_confidence,adv,cert_fail_tau0.95,5,neg_spearman_p_safe_optimistic,,,,,,0
mc_dropout,standard,,,0.05,one_minus_confidence,clean,adv_error,5,auroc,0.9133262292789146,0.020455314665783556,0.009147894818768083,0.8879316732620144,0.9387207852958148,5
mc_dropout,standard,,,0.05,one_minus_confidence,clean,adv_error,5,auprc,0.8699131900523591,0.07017053470143378,0.03138121712198277,0.782798931321735,0.9570274487829833,5
mc_dropout,standard,,,0.05,one_minus_confidence,clean,adv_error,5,prevalence,0.4,0.08602325267042625,0.03847076812334268,0.29320514768960076,0.5067948523103993,5
mc_dropout,standard,,,0.05,one_minus_confidence,clean,adv_error,5,neg_spearman_p_safe,0.12024894398026478,0.05097418784791827,0.025487093923959134,0.03914901111422682,0.20134887684630276,4
mc_dropout,standard,,,0.05,one_minus_confidence,clean,adv_error,5,neg_spearman_p_safe_optimistic,0.8004870864287235,0.02700449313566408,0.012076776469854267,0.766961954948408,0.8340122179090389,5
mc_dropout,standard,,,0.05,one_minus_confidence,clean,cert_fail_tau0.5,5,auroc,,,,,,0
mc_dropout,standard,,,0.05,one_minus_confidence,clean,cert_fail_tau0.5,5,auprc,1.0,0.0,0.0,1.0,1.0,5
mc_dropout,standard,,,0.05,one_minus_confidence,clean,cert_fail_tau0.5,5,prevalence,1.0,0.0,0.0,1.0,1.0,5
mc_dropout,standard,,,0.05,one_minus_confidence,clean,cert_fail_tau0.5,5,neg_spearman_p_safe,,,,,,0
mc_dropout,standard,,,0.05,one_minus_confidence,clean,cert_fail_tau0.5,5,neg_spearman_p_safe_optimistic,,,,,,0
mc_dropout,standard,,,0.05,one_minus_confidence,clean,cert_fail_tau0.9,5,auroc,,,,,,0
mc_dropout,standard,,,0.05,one_minus_confidence,clean,cert_fail_tau0.9,5,auprc,1.0,0.0,0.0,1.0,1.0,5
mc_dropout,standard,,,0.05,one_minus_confidence,clean,cert_fail_tau0.9,5,prevalence,1.0,0.0,0.0,1.0,1.0,5
mc_dropout,standard,,,0.05,one_minus_confidence,clean,cert_fail_tau0.9,5,neg_spearman_p_safe,,,,,,0
mc_dropout,standard,,,0.05,one_minus_confidence,clean,cert_fail_tau0.9,5,neg_spearman_p_safe_optimistic,,,,,,0
mc_dropout,standard,,,0.05,one_minus_confidence,clean,cert_fail_tau0.95,5,auroc,,,,,,0
mc_dropout,standard,,,0.05,one_minus_confidence,clean,cert_fail_tau0.95,5,auprc,1.0,0.0,0.0,1.0,1.0,5
mc_dropout,standard,,,0.05,one_minus_confidence,clean,cert_fail_tau0.95,5,prevalence,1.0,0.0,0.0,1.0,1.0,5
mc_dropout,standard,,,0.05,one_minus_confidence,clean,cert_fail_tau0.95,5,neg_spearman_p_safe,,,,,,0
mc_dropout,standard,,,0.05,one_minus_confidence,clean,cert_fail_tau0.95,5,neg_spearman_p_safe_optimistic,,,,,,0
mc_dropout,standard,,,0.05,one_minus_confidence,delta,adv_error,5,auroc,0.6477327848811225,0.04376013286099629,0.01957012635632201,0.5934061141159727,0.7020594556462724,5
mc_dropout,standard,,,0.05,one_minus_confidence,delta,adv_error,5,auprc,0.5387604697153904,0.13480969508030957,0.060288728445118234,0.3713989595517422,0.7061219798790386,5
mc_dropout,standard,,,0.05,one_minus_confidence,delta,adv_error,5,prevalence,0.4,0.08602325267042625,0.03847076812334268,0.29320514768960076,0.5067948523103993,5
mc_dropout,standard,,,0.05,one_minus_confidence,delta,adv_error,5,neg_spearman_p_safe,0.18756846892977141,0.05851630499308589,0.029258152496542945,0.09446902768577177,0.2806679101737711,4
mc_dropout,standard,,,0.05,one_minus_confidence,delta,adv_error,5,neg_spearman_p_safe_optimistic,0.4294712010672083,0.08298615392442452,0.03711253627325483,0.32644680037265295,0.5324956017617637,5
mc_dropout,standard,,,0.05,one_minus_confidence,delta,cert_fail_tau0.5,5,auroc,,,,,,0
mc_dropout,standard,,,0.05,one_minus_confidence,delta,cert_fail_tau0.5,5,auprc,1.0,0.0,0.0,1.0,1.0,5
mc_dropout,standard,,,0.05,one_minus_confidence,delta,cert_fail_tau0.5,5,prevalence,1.0,0.0,0.0,1.0,1.0,5
mc_dropout,standard,,,0.05,one_minus_confidence,delta,cert_fail_tau0.5,5,neg_spearman_p_safe,,,,,,0
mc_dropout,standard,,,0.05,one_minus_confidence,delta,cert_fail_tau0.5,5,neg_spearman_p_safe_optimistic,,,,,,0
mc_dropout,standard,,,0.05,one_minus_confidence,delta,cert_fail_tau0.9,5,auroc,,,,,,0
mc_dropout,standard,,,0.05,one_minus_confidence,delta,cert_fail_tau0.9,5,auprc,1.0,0.0,0.0,1.0,1.0,5
mc_dropout,standard,,,0.05,one_minus_confidence,delta,cert_fail_tau0.9,5,prevalence,1.0,0.0,0.0,1.0,1.0,5
mc_dropout,standard,,,0.05,one_minus_confidence,delta,cert_fail_tau0.9,5,neg_spearman_p_safe,,,,,,0
mc_dropout,standard,,,0.05,one_minus_confidence,delta,cert_fail_tau0.9,5,neg_spearman_p_safe_optimistic,,,,,,0
mc_dropout,standard,,,0.05,one_minus_confidence,delta,cert_fail_tau0.95,5,auroc,,,,,,0
mc_dropout,standard,,,0.05,one_minus_confidence,delta,cert_fail_tau0.95,5,auprc,1.0,0.0,0.0,1.0,1.0,5
mc_dropout,standard,,,0.05,one_minus_confidence,delta,cert_fail_tau0.95,5,prevalence,1.0,0.0,0.0,1.0,1.0,5
mc_dropout,standard,,,0.05,one_minus_confidence,delta,cert_fail_tau0.95,5,neg_spearman_p_safe,,,,,,0
mc_dropout,standard,,,0.05,one_minus_confidence,delta,cert_fail_tau0.95,5,neg_spearman_p_safe_optimistic,,,,,,0
mc_dropout,standard,,,0.07,mutual_information,adv,adv_error,5,auroc,0.19866124480095068,0.07604691505052424,0.03400921430642481,0.1042516658863154,0.29307082371558596,5
mc_dropout,standard,,,0.07,mutual_information,adv,adv_error,5,auprc,0.5400362796414181,0.038190933467372436,0.017079504671443303,0.4926235746734915,0.5874489846093447,5
mc_dropout,standard,,,0.07,mutual_information,adv,adv_error,5,prevalence,0.664,0.016733200530681523,0.007483314773547888,0.6432263181886311,0.684773681811369,5
mc_dropout,standard,,,0.07,mutual_information,adv,adv_error,5,neg_spearman_p_safe,,,,,,0
mc_dropout,standard,,,0.07,mutual_information,adv,adv_error,5,neg_spearman_p_safe_optimistic,-0.621560312379511,0.13032703196914483,0.05828402055775922,-0.7833567534478506,-0.45976387131117147,5
mc_dropout,standard,,,0.07,mutual_information,adv,cert_fail_tau0.5,5,auroc,,,,,,0
mc_dropout,standard,,,0.07,mutual_information,adv,cert_fail_tau0.5,5,auprc,1.0,0.0,0.0,1.0,1.0,5
mc_dropout,standard,,,0.07,mutual_information,adv,cert_fail_tau0.5,5,prevalence,1.0,0.0,0.0,1.0,1.0,5
mc_dropout,standard,,,0.07,mutual_information,adv,cert_fail_tau0.5,5,neg_spearman_p_safe,,,,,,0
mc_dropout,standard,,,0.07,mutual_information,adv,cert_fail_tau0.5,5,neg_spearman_p_safe_optimistic,,,,,,0
mc_dropout,standard,,,0.07,mutual_information,adv,cert_fail_tau0.9,5,auroc,,,,,,0
mc_dropout,standard,,,0.07,mutual_information,adv,cert_fail_tau0.9,5,auprc,1.0,0.0,0.0,1.0,1.0,5
mc_dropout,standard,,,0.07,mutual_information,adv,cert_fail_tau0.9,5,prevalence,1.0,0.0,0.0,1.0,1.0,5
mc_dropout,standard,,,0.07,mutual_information,adv,cert_fail_tau0.9,5,neg_spearman_p_safe,,,,,,0
mc_dropout,standard,,,0.07,mutual_information,adv,cert_fail_tau0.9,5,neg_spearman_p_safe_optimistic,,,,,,0
mc_dropout,standard,,,0.07,mutual_information,adv,cert_fail_tau0.95,5,auroc,,,,,,0
mc_dropout,standard,,,0.07,mutual_information,adv,cert_fail_tau0.95,5,auprc,1.0,0.0,0.0,1.0,1.0,5
mc_dropout,standard,,,0.07,mutual_information,adv,cert_fail_tau0.95,5,prevalence,1.0,0.0,0.0,1.0,1.0,5
mc_dropout,standard,,,0.07,mutual_information,adv,cert_fail_tau0.95,5,neg_spearman_p_safe,,,,,,0
mc_dropout,standard,,,0.07,mutual_information,adv,cert_fail_tau0.95,5,neg_spearman_p_safe_optimistic,,,,,,0
mc_dropout,standard,,,0.07,mutual_information,clean,adv_error,5,auroc,0.8629623440285205,0.02513230769297508,0.011239509686586638,0.831761465138556,0.8941632229184849,5
mc_dropout,standard,,,0.07,mutual_information,clean,adv_error,5,auprc,0.932707972616347,0.012449875640036884,0.005567753648508235,0.9172518884880881,0.9481640567446058,5
mc_dropout,standard,,,0.07,mutual_information,clean,adv_error,5,prevalence,0.664,0.016733200530681523,0.007483314773547888,0.6432263181886311,0.684773681811369,5
mc_dropout,standard,,,0.07,mutual_information,clean,adv_error,5,neg_spearman_p_safe,,,,,,0
mc_dropout,standard,,,0.07,mutual_information,clean,adv_error,5,neg_spearman_p_safe_optimistic,0.671389277807761,0.037152590145752416,0.016615143421218243,0.6252656396704592,0.7175129159450628,5
mc_dropout,standard,,,0.07,mutual_information,clean,cert_fail_tau0.5,5,auroc,,,,,,0
mc_dropout,standard,,,0.07,mutual_information,clean,cert_fail_tau0.5,5,auprc,1.0,0.0,0.0,1.0,1.0,5
mc_dropout,standard,,,0.07,mutual_information,clean,cert_fail_tau0.5,5,prevalence,1.0,0.0,0.0,1.0,1.0,5
mc_dropout,standard,,,0.07,mutual_information,clean,cert_fail_tau0.5,5,neg_spearman_p_safe,,,,,,0
mc_dropout,standard,,,0.07,mutual_information,clean,cert_fail_tau0.5,5,neg_spearman_p_safe_optimistic,,,,,,0
mc_dropout,standard,,,0.07,mutual_information,clean,cert_fail_tau0.9,5,auroc,,,,,,0
mc_dropout,standard,,,0.07,mutual_information,clean,cert_fail_tau0.9,5,auprc,1.0,0.0,0.0,1.0,1.0,5
mc_dropout,standard,,,0.07,mutual_information,clean,cert_fail_tau0.9,5,prevalence,1.0,0.0,0.0,1.0,1.0,5
mc_dropout,standard,,,0.07,mutual_information,clean,cert_fail_tau0.9,5,neg_spearman_p_safe,,,,,,0
mc_dropout,standard,,,0.07,mutual_information,clean,cert_fail_tau0.9,5,neg_spearman_p_safe_optimistic,,,,,,0
mc_dropout,standard,,,0.07,mutual_information,clean,cert_fail_tau0.95,5,auroc,,,,,,0
mc_dropout,standard,,,0.07,mutual_information,clean,cert_fail_tau0.95,5,auprc,1.0,0.0,0.0,1.0,1.0,5
mc_dropout,standard,,,0.07,mutual_information,clean,cert_fail_tau0.95,5,prevalence,1.0,0.0,0.0,1.0,1.0,5
mc_dropout,standard,,,0.07,mutual_information,clean,cert_fail_tau0.95,5,neg_spearman_p_safe,,,,,,0
mc_dropout,standard,,,0.07,mutual_information,clean,cert_fail_tau0.95,5,neg_spearman_p_safe_optimistic,,,,,,0
mc_dropout,standard,,,0.07,mutual_information,delta,adv_error,5,auroc,0.18861965240641712,0.07138411495220236,0.03192394670935672,0.09999877634124286,0.27724052847159136,5
mc_dropout,standard,,,0.07,mutual_information,delta,adv_error,5,auprc,0.5362971910338515,0.03882213463654636,0.017361786415793348,0.4881008719436092,0.5844935101240939,5
mc_dropout,standard,,,0.07,mutual_information,delta,adv_error,5,prevalence,0.664,0.016733200530681523,0.007483314773547888,0.6432263181886311,0.684773681811369,5
mc_dropout,standard,,,0.07,mutual_information,delta,adv_error,5,neg_spearman_p_safe,,,,,,0
mc_dropout,standard,,,0.07,mutual_information,delta,adv_error,5,neg_spearman_p_safe_optimistic,-0.6330062058284958,0.12493349227733938,0.05587195627971517,-0.788106756460985,-0.4779056551960065,5
mc_dropout,standard,,,0.07,mutual_information,delta,cert_fail_tau0.5,5,auroc,,,,,,0
mc_dropout,standard,,,0.07,mutual_information,delta,cert_fail_tau0.5,5,auprc,1.0,0.0,0.0,1.0,1.0,5
mc_dropout,standard,,,0.07,mutual_information,delta,cert_fail_tau0.5,5,prevalence,1.0,0.0,0.0,1.0,1.0,5
mc_dropout,standard,,,0.07,mutual_information,delta,cert_fail_tau0.5,5,neg_spearman_p_safe,,,,,,0
mc_dropout,standard,,,0.07,mutual_information,delta,cert_fail_tau0.5,5,neg_spearman_p_safe_optimistic,,,,,,0
mc_dropout,standard,,,0.07,mutual_information,delta,cert_fail_tau0.9,5,auroc,,,,,,0
mc_dropout,standard,,,0.07,mutual_information,delta,cert_fail_tau0.9,5,auprc,1.0,0.0,0.0,1.0,1.0,5
mc_dropout,standard,,,0.07,mutual_information,delta,cert_fail_tau0.9,5,prevalence,1.0,0.0,0.0,1.0,1.0,5
mc_dropout,standard,,,0.07,mutual_information,delta,cert_fail_tau0.9,5,neg_spearman_p_safe,,,,,,0
mc_dropout,standard,,,0.07,mutual_information,delta,cert_fail_tau0.9,5,neg_spearman_p_safe_optimistic,,,,,,0
mc_dropout,standard,,,0.07,mutual_information,delta,cert_fail_tau0.95,5,auroc,,,,,,0
mc_dropout,standard,,,0.07,mutual_information,delta,cert_fail_tau0.95,5,auprc,1.0,0.0,0.0,1.0,1.0,5
mc_dropout,standard,,,0.07,mutual_information,delta,cert_fail_tau0.95,5,prevalence,1.0,0.0,0.0,1.0,1.0,5
mc_dropout,standard,,,0.07,mutual_information,delta,cert_fail_tau0.95,5,neg_spearman_p_safe,,,,,,0
mc_dropout,standard,,,0.07,mutual_information,delta,cert_fail_tau0.95,5,neg_spearman_p_safe_optimistic,,,,,,0
mc_dropout,standard,,,0.07,one_minus_confidence,adv,adv_error,5,auroc,0.2307040998217469,0.087664879930481,0.03920492615278251,0.12187122482162265,0.3395369748218711,5
mc_dropout,standard,,,0.07,one_minus_confidence,adv,adv_error,5,auprc,0.5653726713949672,0.04651965248321629,0.0208042210484277,0.5076201537645318,0.6231251890254025,5
mc_dropout,standard,,,0.07,one_minus_confidence,adv,adv_error,5,prevalence,0.664,0.016733200530681523,0.007483314773547888,0.6432263181886311,0.684773681811369,5
mc_dropout,standard,,,0.07,one_minus_confidence,adv,adv_error,5,neg_spearman_p_safe,,,,,,0
mc_dropout,standard,,,0.07,one_minus_confidence,adv,adv_error,5,neg_spearman_p_safe_optimistic,-0.5863562780338103,0.1496775732972742,0.06693784571998249,-0.7721757377524816,-0.40053681831513893,5
mc_dropout,standard,,,0.07,one_minus_confidence,adv,cert_fail_tau0.5,5,auroc,,,,,,0
mc_dropout,standard,,,0.07,one_minus_confidence,adv,cert_fail_tau0.5,5,auprc,1.0,0.0,0.0,1.0,1.0,5
mc_dropout,standard,,,0.07,one_minus_confidence,adv,cert_fail_tau0.5,5,prevalence,1.0,0.0,0.0,1.0,1.0,5
mc_dropout,standard,,,0.07,one_minus_confidence,adv,cert_fail_tau0.5,5,neg_spearman_p_safe,,,,,,0
mc_dropout,standard,,,0.07,one_minus_confidence,adv,cert_fail_tau0.5,5,neg_spearman_p_safe_optimistic,,,,,,0
mc_dropout,standard,,,0.07,one_minus_confidence,adv,cert_fail_tau0.9,5,auroc,,,,,,0
mc_dropout,standard,,,0.07,one_minus_confidence,adv,cert_fail_tau0.9,5,auprc,1.0,0.0,0.0,1.0,1.0,5
mc_dropout,standard,,,0.07,one_minus_confidence,adv,cert_fail_tau0.9,5,prevalence,1.0,0.0,0.0,1.0,1.0,5
mc_dropout,standard,,,0.07,one_minus_confidence,adv,cert_fail_tau0.9,5,neg_spearman_p_safe,,,,,,0
mc_dropout,standard,,,0.07,one_minus_confidence,adv,cert_fail_tau0.9,5,neg_spearman_p_safe_optimistic,,,,,,0
mc_dropout,standard,,,0.07,one_minus_confidence,adv,cert_fail_tau0.95,5,auroc,,,,,,0
mc_dropout,standard,,,0.07,one_minus_confidence,adv,cert_fail_tau0.95,5,auprc,1.0,0.0,0.0,1.0,1.0,5
mc_dropout,standard,,,0.07,one_minus_confidence,adv,cert_fail_tau0.95,5,prevalence,1.0,0.0,0.0,1.0,1.0,5
mc_dropout,standard,,,0.07,one_minus_confidence,adv,cert_fail_tau0.95,5,neg_spearman_p_safe,,,,,,0
mc_dropout,standard,,,0.07,one_minus_confidence,adv,cert_fail_tau0.95,5,neg_spearman_p_safe_optimistic,,,,,,0
mc_dropout,standard,,,0.07,one_minus_confidence,clean,adv_error,5,auroc,0.8774714052287582,0.023774013222759724,0.010632061932813918,0.8479568013032668,0.9069860091542497,5
mc_dropout,standard,,,0.07,one_minus_confidence,clean,adv_error,5,auprc,0.9411240709838292,0.010471167825197414,0.00468284861219001,0.9281244832363897,0.9541236587312687,5
mc_dropout,standard,,,0.07,one_minus_confidence,clean,adv_error,5,prevalence,0.664,0.016733200530681523,0.007483314773547888,0.6432263181886311,0.684773681811369,5
mc_dropout,standard,,,0.07,one_minus_confidence,clean,adv_error,5,neg_spearman_p_safe,,,,,,0
mc_dropout,standard,,,0.07,one_minus_confidence,clean,adv_error,5,neg_spearman_p_safe_optimistic,0.6919529945731725,0.03922642879081512,0.017542592258163497,0.6432547584645106,0.7406512306818344,5
mc_dropout,standard,,,0.07,one_minus_confidence,clean,cert_fail_tau0.5,5,auroc,,,,,,0
mc_dropout,standard,,,0.07,one_minus_confidence,clean,cert_fail_tau0.5,5,auprc,1.0,0.0,0.0,1.0,1.0,5
mc_dropout,standard,,,0.07,one_minus_confidence,clean,cert_fail_tau0.5,5,prevalence,1.0,0.0,0.0,1.0,1.0,5
mc_dropout,standard,,,0.07,one_minus_confidence,clean,cert_fail_tau0.5,5,neg_spearman_p_safe,,,,,,0
mc_dropout,standard,,,0.07,one_minus_confidence,clean,cert_fail_tau0.5,5,neg_spearman_p_safe_optimistic,,,,,,0
mc_dropout,standard,,,0.07,one_minus_confidence,clean,cert_fail_tau0.9,5,auroc,,,,,,0
mc_dropout,standard,,,0.07,one_minus_confidence,clean,cert_fail_tau0.9,5,auprc,1.0,0.0,0.0,1.0,1.0,5
mc_dropout,standard,,,0.07,one_minus_confidence,clean,cert_fail_tau0.9,5,prevalence,1.0,0.0,0.0,1.0,1.0,5
mc_dropout,standard,,,0.07,one_minus_confidence,clean,cert_fail_tau0.9,5,neg_spearman_p_safe,,,,,,0
mc_dropout,standard,,,0.07,one_minus_confidence,clean,cert_fail_tau0.9,5,neg_spearman_p_safe_optimistic,,,,,,0
mc_dropout,standard,,,0.07,one_minus_confidence,clean,cert_fail_tau0.95,5,auroc,,,,,,0
mc_dropout,standard,,,0.07,one_minus_confidence,clean,cert_fail_tau0.95,5,auprc,1.0,0.0,0.0,1.0,1.0,5
mc_dropout,standard,,,0.07,one_minus_confidence,clean,cert_fail_tau0.95,5,prevalence,1.0,0.0,0.0,1.0,1.0,5
mc_dropout,standard,,,0.07,one_minus_confidence,clean,cert_fail_tau0.95,5,neg_spearman_p_safe,,,,,,0
mc_dropout,standard,,,0.07,one_minus_confidence,clean,cert_fail_tau0.95,5,neg_spearman_p_safe_optimistic,,,,,,0
mc_dropout,standard,,,0.07,one_minus_confidence,delta,adv_error,5,auroc,0.22422942661913248,0.0852231070550854,0.038112932125782574,0.11842792703796005,0.3300309262003049,5
mc_dropout,standard,,,0.07,one_minus_confidence,delta,adv_error,5,auprc,0.5625337154569057,0.04512438250614828,0.020180237345289974,0.5065133765863807,0.6185540543274306,5
mc_dropout,standard,,,0.07,one_minus_confidence,delta,adv_error,5,prevalence,0.664,0.016733200530681523,0.007483314773547888,0.6432263181886311,0.684773681811369,5
mc_dropout,standard,,,0.07,one_minus_confidence,delta,adv_error,5,neg_spearman_p_safe,,,,,,0
mc_dropout,standard,,,0.07,one_minus_confidence,delta,adv_error,5,neg_spearman_p_safe_optimistic,-0.594763947636167,0.147486512778673,0.06595797366750084,-0.7778632825371493,-0.41166461273518473,5
mc_dropout,standard,,,0.07,one_minus_confidence,delta,cert_fail_tau0.5,5,auroc,,,,,,0
mc_dropout,standard,,,0.07,one_minus_confidence,delta,cert_fail_tau0.5,5,auprc,1.0,0.0,0.0,1.0,1.0,5
mc_dropout,standard,,,0.07,one_minus_confidence,delta,cert_fail_tau0.5,5,prevalence,1.0,0.0,0.0,1.0,1.0,5
mc_dropout,standard,,,0.07,one_minus_confidence,delta,cert_fail_tau0.5,5,neg_spearman_p_safe,,,,,,0
mc_dropout,standard,,,0.07,one_minus_confidence,delta,cert_fail_tau0.5,5,neg_spearman_p_safe_optimistic,,,,,,0
mc_dropout,standard,,,0.07,one_minus_confidence,delta,cert_fail_tau0.9,5,auroc,,,,,,0
mc_dropout,standard,,,0.07,one_minus_confidence,delta,cert_fail_tau0.9,5,auprc,1.0,0.0,0.0,1.0,1.0,5
mc_dropout,standard,,,0.07,one_minus_confidence,delta,cert_fail_tau0.9,5,prevalence,1.0,0.0,0.0,1.0,1.0,5
mc_dropout,standard,,,0.07,one_minus_confidence,delta,cert_fail_tau0.9,5,neg_spearman_p_safe,,,,,,0
mc_dropout,standard,,,0.07,one_minus_confidence,delta,cert_fail_tau0.9,5,neg_spearman_p_safe_optimistic,,,,,,0
mc_dropout,standard,,,0.07,one_minus_confidence,delta,cert_fail_tau0.95,5,auroc,,,,,,0
mc_dropout,standard,,,0.07,one_minus_confidence,delta,cert_fail_tau0.95,5,auprc,1.0,0.0,0.0,1.0,1.0,5
mc_dropout,standard,,,0.07,one_minus_confidence,delta,cert_fail_tau0.95,5,prevalence,1.0,0.0,0.0,1.0,1.0,5
mc_dropout,standard,,,0.07,one_minus_confidence,delta,cert_fail_tau0.95,5,neg_spearman_p_safe,,,,,,0
mc_dropout,standard,,,0.07,one_minus_confidence,delta,cert_fail_tau0.95,5,neg_spearman_p_safe_optimistic,,,,,,0
mc_dropout,standard,,,0.08,mutual_information,adv,adv_error,5,auroc,0.15918249329610049,0.025751713192890376,0.011516516247276206,0.12721264419366174,0.19115234239853923,5
mc_dropout,standard,,,0.08,mutual_information,adv,adv_error,5,auprc,0.665274091672247,0.05750282776744665,0.025716046357294634,0.5938863469843971,0.736661836360097,5
mc_dropout,standard,,,0.08,mutual_information,adv,adv_error,5,prevalence,0.784,0.03286335345030996,0.014696938456699065,0.7432012988442034,0.8247987011557967,5
mc_dropout,standard,,,0.08,mutual_information,adv,adv_error,5,neg_spearman_p_safe,,,,,,0
mc_dropout,standard,,,0.08,mutual_information,adv,adv_error,5,neg_spearman_p_safe_optimistic,-0.7463617720736542,0.074860942398478,0.03347883121253859,-0.8392990075196614,-0.653424536627647,5
mc_dropout,standard,,,0.08,mutual_information,adv,cert_fail_tau0.5,5,auroc,,,,,,0
mc_dropout,standard,,,0.08,mutual_information,adv,cert_fail_tau0.5,5,auprc,1.0,0.0,0.0,1.0,1.0,5
mc_dropout,standard,,,0.08,mutual_information,adv,cert_fail_tau0.5,5,prevalence,1.0,0.0,0.0,1.0,1.0,5
mc_dropout,standard,,,0.08,mutual_information,adv,cert_fail_tau0.5,5,neg_spearman_p_safe,,,,,,0
mc_dropout,standard,,,0.08,mutual_information,adv,cert_fail_tau0.5,5,neg_spearman_p_safe_optimistic,,,,,,0
mc_dropout,standard,,,0.08,mutual_information,adv,cert_fail_tau0.9,5,auroc,,,,,,0
mc_dropout,standard,,,0.08,mutual_information,adv,cert_fail_tau0.9,5,auprc,1.0,0.0,0.0,1.0,1.0,5
mc_dropout,standard,,,0.08,mutual_information,adv,cert_fail_tau0.9,5,prevalence,1.0,0.0,0.0,1.0,1.0,5
mc_dropout,standard,,,0.08,mutual_information,adv,cert_fail_tau0.9,5,neg_spearman_p_safe,,,,,,0
mc_dropout,standard,,,0.08,mutual_information,adv,cert_fail_tau0.9,5,neg_spearman_p_safe_optimistic,,,,,,0
mc_dropout,standard,,,0.08,mutual_information,adv,cert_fail_tau0.95,5,auroc,,,,,,0
mc_dropout,standard,,,0.08,mutual_information,adv,cert_fail_tau0.95,5,auprc,1.0,0.0,0.0,1.0,1.0,5
mc_dropout,standard,,,0.08,mutual_information,adv,cert_fail_tau0.95,5,prevalence,1.0,0.0,0.0,1.0,1.0,5
mc_dropout,standard,,,0.08,mutual_information,adv,cert_fail_tau0.95,5,neg_spearman_p_safe,,,,,,0
mc_dropout,standard,,,0.08,mutual_information,adv,cert_fail_tau0.95,5,neg_spearman_p_safe_optimistic,,,,,,0
mc_dropout,standard,,,0.08,mutual_information,clean,adv_error,5,auroc,0.8516191170928012,0.06128599369437618,0.02740792959384972,0.7755347045402744,0.9277035296453281,5
mc_dropout,standard,,,0.08,mutual_information,clean,adv_error,5,auprc,0.9568502700731916,0.023467156532614383,0.010494831449110804,0.92771661797046,0.9859839221759231,5
mc_dropout,standard,,,0.08,mutual_information,clean,adv_error,5,prevalence,0.784,0.03286335345030996,0.014696938456699065,0.7432012988442034,0.8247987011557967,5
mc_dropout,standard,,,0.08,mutual_information,clean,adv_error,5,neg_spearman_p_safe,,,,,,0
mc_dropout,standard,,,0.08,mutual_information,clean,adv_error,5,neg_spearman_p_safe_optimistic,0.6401384915672355,0.05301650826326316,0.023709703281267147,0.5743203552584378,0.7059566278760331,5
mc_dropout,standard,,,0.08,mutual_information,clean,cert_fail_tau0.5,5,auroc,,,,,,0
mc_dropout,standard,,,0.08,mutual_information,clean,cert_fail_tau0.5,5,auprc,1.0,0.0,0.0,1.0,1.0,5
mc_dropout,standard,,,0.08,mutual_information,clean,cert_fail_tau0.5,5,prevalence,1.0,0.0,0.0,1.0,1.0,5
mc_dropout,standard,,,0.08,mutual_information,clean,cert_fail_tau0.5,5,neg_spearman_p_safe,,,,,,0
mc_dropout,standard,,,0.08,mutual_information,clean,cert_fail_tau0.5,5,neg_spearman_p_safe_optimistic,,,,,,0
mc_dropout,standard,,,0.08,mutual_information,clean,cert_fail_tau0.9,5,auroc,,,,,,0
mc_dropout,standard,,,0.08,mutual_information,clean,cert_fail_tau0.9,5,auprc,1.0,0.0,0.0,1.0,1.0,5
mc_dropout,standard,,,0.08,mutual_information,clean,cert_fail_tau0.9,5,prevalence,1.0,0.0,0.0,1.0,1.0,5
mc_dropout,standard,,,0.08,mutual_information,clean,cert_fail_tau0.9,5,neg_spearman_p_safe,,,,,,0
mc_dropout,standard,,,0.08,mutual_information,clean,cert_fail_tau0.9,5,neg_spearman_p_safe_optimistic,,,,,,0
mc_dropout,standard,,,0.08,mutual_information,clean,cert_fail_tau0.95,5,auroc,,,,,,0
mc_dropout,standard,,,0.08,mutual_information,clean,cert_fail_tau0.95,5,auprc,1.0,0.0,0.0,1.0,1.0,5
mc_dropout,standard,,,0.08,mutual_information,clean,cert_fail_tau0.95,5,prevalence,1.0,0.0,0.0,1.0,1.0,5
mc_dropout,standard,,,0.08,mutual_information,clean,cert_fail_tau0.95,5,neg_spearman_p_safe,,,,,,0
mc_dropout,standard,,,0.08,mutual_information,clean,cert_fail_tau0.95,5,neg_spearman_p_safe_optimistic,,,,,,0
mc_dropout,standard,,,0.08,mutual_information,delta,adv_error,5,auroc,0.15364587412533498,0.02737310084146377,0.012241622847293937,0.11966312910124702,0.18762861914942294,5
mc_dropout,standard,,,0.08,mutual_information,delta,adv_error,5,auprc,0.6636048916656746,0.058559074465080796,0.026188414240678557,0.590905853733551,0.7363039295977982,5
mc_dropout,standard,,,0.08,mutual_information,delta,adv_error,5,prevalence,0.784,0.03286335345030996,0.014696938456699065,0.7432012988442034,0.8247987011557967,5
mc_dropout,standard,,,0.08,mutual_information,delta,adv_error,5,neg_spearman_p_safe,,,,,,0
mc_dropout,standard,,,0.08,mutual_information,delta,adv_error,5,neg_spearman_p_safe_optimistic,-0.7614123403681867,0.06652697085741952,0.0297517658348675,-0.844003242325779,-0.6788214384105945,5
mc_dropout,standard,,,0.08,mutual_information,delta,cert_fail_tau0.5,5,auroc,,,,,,0
mc_dropout,standard,,,0.08,mutual_information,delta,cert_fail_tau0.5,5,auprc,1.0,0.0,0.0,1.0,1.0,5
mc_dropout,standard,,,0.08,mutual_information,delta,cert_fail_tau0.5,5,prevalence,1.0,0.0,0.0,1.0,1.0,5
mc_dropout,standard,,,0.08,mutual_information,delta,cert_fail_tau0.5,5,neg_spearman_p_safe,,,,,,0
mc_dropout,standard,,,0.08,mutual_information,delta,cert_fail_tau0.5,5,neg_spearman_p_safe_optimistic,,,,,,0
mc_dropout,standard,,,0.08,mutual_information,delta,cert_fail_tau0.9,5,auroc,,,,,,0
mc_dropout,standard,,,0.08,mutual_information,delta,cert_fail_tau0.9,5,auprc,1.0,0.0,0.0,1.0,1.0,5
mc_dropout,standard,,,0.08,mutual_information,delta,cert_fail_tau0.9,5,prevalence,1.0,0.0,0.0,1.0,1.0,5
mc_dropout,standard,,,0.08,mutual_information,delta,cert_fail_tau0.9,5,neg_spearman_p_safe,,,,,,0
mc_dropout,standard,,,0.08,mutual_information,delta,cert_fail_tau0.9,5,neg_spearman_p_safe_optimistic,,,,,,0
mc_dropout,standard,,,0.08,mutual_information,delta,cert_fail_tau0.95,5,auroc,,,,,,0
mc_dropout,standard,,,0.08,mutual_information,delta,cert_fail_tau0.95,5,auprc,1.0,0.0,0.0,1.0,1.0,5
mc_dropout,standard,,,0.08,mutual_information,delta,cert_fail_tau0.95,5,prevalence,1.0,0.0,0.0,1.0,1.0,5
mc_dropout,standard,,,0.08,mutual_information,delta,cert_fail_tau0.95,5,neg_spearman_p_safe,,,,,,0
mc_dropout,standard,,,0.08,mutual_information,delta,cert_fail_tau0.95,5,neg_spearman_p_safe_optimistic,,,,,,0
mc_dropout,standard,,,0.08,one_minus_confidence,adv,adv_error,5,auroc,0.14940916234690305,0.028132839607126193,0.012581388352326528,0.1144832282808446,0.18433509641296147,5
mc_dropout,standard,,,0.08,one_minus_confidence,adv,adv_error,5,auprc,0.6566172211619777,0.045489448245625494,0.02034349970723543,0.6001436659746922,0.7130907763492633,5
mc_dropout,standard,,,0.08,one_minus_confidence,adv,adv_error,5,prevalence,0.784,0.03286335345030996,0.014696938456699065,0.7432012988442034,0.8247987011557967,5
mc_dropout,standard,,,0.08,one_minus_confidence,adv,adv_error,5,neg_spearman_p_safe,,,,,,0
mc_dropout,standard,,,0.08,one_minus_confidence,adv,adv_error,5,neg_spearman_p_safe_optimistic,-0.7485206789188814,0.08246432175577285,0.03687916583286458,-0.8508972432709134,-0.6461441145668494,5
mc_dropout,standard,,,0.08,one_minus_confidence,adv,cert_fail_tau0.5,5,auroc,,,,,,0
mc_dropout,standard,,,0.08,one_minus_confidence,adv,cert_fail_tau0.5,5,auprc,1.0,0.0,0.0,1.0,1.0,5
mc_dropout,standard,,,0.08,one_minus_confidence,adv,cert_fail_tau0.5,5,prevalence,1.0,0.0,0.0,1.0,1.0,5
mc_dropout,standard,,,0.08,one_minus_confidence,adv,cert_fail_tau0.5,5,neg_spearman_p_safe,,,,,,0
mc_dropout,standard,,,0.08,one_minus_confidence,adv,cert_fail_tau0.5,5,neg_spearman_p_safe_optimistic,,,,,,0
mc_dropout,standard,,,0.08,one_minus_confidence,adv,cert_fail_tau0.9,5,auroc,,,,,,0
mc_dropout,standard,,,0.08,one_minus_confidence,adv,cert_fail_tau0.9,5,auprc,1.0,0.0,0.0,1.0,1.0,5
mc_dropout,standard,,,0.08,one_minus_confidence,adv,cert_fail_tau0.9,5,prevalence,1.0,0.0,0.0,1.0,1.0,5
mc_dropout,standard,,,0.08,one_minus_confidence,adv,cert_fail_tau0.9,5,neg_spearman_p_safe,,,,,,0
mc_dropout,standard,,,0.08,one_minus_confidence,adv,cert_fail_tau0.9,5,neg_spearman_p_safe_optimistic,,,,,,0
mc_dropout,standard,,,0.08,one_minus_confidence,adv,cert_fail_tau0.95,5,auroc,,,,,,0
mc_dropout,standard,,,0.08,one_minus_confidence,adv,cert_fail_tau0.95,5,auprc,1.0,0.0,0.0,1.0,1.0,5
mc_dropout,standard,,,0.08,one_minus_confidence,adv,cert_fail_tau0.95,5,prevalence,1.0,0.0,0.0,1.0,1.0,5
mc_dropout,standard,,,0.08,one_minus_confidence,adv,cert_fail_tau0.95,5,neg_spearman_p_safe,,,,,,0
mc_dropout,standard,,,0.08,one_minus_confidence,adv,cert_fail_tau0.95,5,neg_spearman_p_safe_optimistic,,,,,,0
mc_dropout,standard,,,0.08,one_minus_confidence,clean,adv_error,5,auroc,0.861122785889474,0.06004644023138832,0.026853584432852493,0.7865772355038755,0.9356683362750725,5
mc_dropout,standard,,,0.08,one_minus_confidence,clean,adv_error,5,auprc,0.9602634354038588,0.020973219838091212,0.009379509053003816,0.9342259182727203,0.9863009525349974,5
mc_dropout,standard,,,0.08,one_minus_confidence,clean,adv_error,5,prevalence,0.784,0.03286335345030996,0.014696938456699065,0.7432012988442034,0.8247987011557967,5
mc_dropout,standard,,,0.08,one_minus_confidence,clean,adv_error,5,neg_spearman_p_safe,,,,,,0
mc_dropout,standard,,,0.08,one_minus_confidence,clean,adv_error,5,neg_spearman_p_safe_optimistic,0.6619538167215677,0.04835983972269227,0.021627177800186897,0.6019167711482489,0.7219908622948865,5
mc_dropout,standard,,,0.08,one_minus_confidence,clean,cert_fail_tau0.5,5,auroc,,,,,,0
mc_dropout,standard,,,0.08,one_minus_confidence,clean,cert_fail_tau0.5,5,auprc,1.0,0.0,0.0,1.0,1.0,5
mc_dropout,standard,,,0.08,one_minus_confidence,clean,cert_fail_tau0.5,5,prevalence,1.0,0.0,0.0,1.0,1.0,5
mc_dropout,standard,,,0.08,one_minus_confidence,clean,cert_fail_tau0.5,5,neg_spearman_p_safe,,,,,,0
mc_dropout,standard,,,0.08,one_minus_confidence,clean,cert_fail_tau0.5,5,neg_spearman_p_safe_optimistic,,,,,,0
mc_dropout,standard,,,0.08,one_minus_confidence,clean,cert_fail_tau0.9,5,auroc,,,,,,0
mc_dropout,standard,,,0.08,one_minus_confidence,clean,cert_fail_tau0.9,5,auprc,1.0,0.0,0.0,1.0,1.0,5
mc_dropout,standard,,,0.08,one_minus_confidence,clean,cert_fail_tau0.9,5,prevalence,1.0,0.0,0.0,1.0,1.0,5
mc_dropout,standard,,,0.08,one_minus_confidence,clean,cert_fail_tau0.9,5,neg_spearman_p_safe,,,,,,0
mc_dropout,standard,,,0.08,one_minus_confidence,clean,cert_fail_tau0.9,5,neg_spearman_p_safe_optimistic,,,,,,0
mc_dropout,standard,,,0.08,one_minus_confidence,clean,cert_fail_tau0.95,5,auroc,,,,,,0
mc_dropout,standard,,,0.08,one_minus_confidence,clean,cert_fail_tau0.95,5,auprc,1.0,0.0,0.0,1.0,1.0,5
mc_dropout,standard,,,0.08,one_minus_confidence,clean,cert_fail_tau0.95,5,prevalence,1.0,0.0,0.0,1.0,1.0,5
mc_dropout,standard,,,0.08,one_minus_confidence,clean,cert_fail_tau0.95,5,neg_spearman_p_safe,,,,,,0
mc_dropout,standard,,,0.08,one_minus_confidence,clean,cert_fail_tau0.95,5,neg_spearman_p_safe_optimistic,,,,,,0
mc_dropout,standard,,,0.08,one_minus_confidence,delta,adv_error,5,auroc,0.14578815484784677,0.027524744210541345,0.012309439823612846,0.1116171498974975,0.17995915979819604,5
mc_dropout,standard,,,0.08,one_minus_confidence,delta,adv_error,5,auprc,0.6555625579056985,0.0464031164093724,0.02075210453183853,0.5979547157253148,0.7131704000860822,5
mc_dropout,standard,,,0.08,one_minus_confidence,delta,adv_error,5,prevalence,0.784,0.03286335345030996,0.014696938456699065,0.7432012988442034,0.8247987011557967,5
mc_dropout,standard,,,0.08,one_minus_confidence,delta,adv_error,5,neg_spearman_p_safe,,,,,,0
mc_dropout,standard,,,0.08,one_minus_confidence,delta,adv_error,5,neg_spearman_p_safe_optimistic,-0.7590814627862319,0.0779405634178063,0.03485607960136964,-0.855841939759634,-0.6623209858128298,5
mc_dropout,standard,,,0.08,one_minus_confidence,delta,cert_fail_tau0.5,5,auroc,,,,,,0
mc_dropout,standard,,,0.08,one_minus_confidence,delta,cert_fail_tau0.5,5,auprc,1.0,0.0,0.0,1.0,1.0,5
mc_dropout,standard,,,0.08,one_minus_confidence,delta,cert_fail_tau0.5,5,prevalence,1.0,0.0,0.0,1.0,1.0,5
mc_dropout,standard,,,0.08,one_minus_confidence,delta,cert_fail_tau0.5,5,neg_spearman_p_safe,,,,,,0
mc_dropout,standard,,,0.08,one_minus_confidence,delta,cert_fail_tau0.5,5,neg_spearman_p_safe_optimistic,,,,,,0
mc_dropout,standard,,,0.08,one_minus_confidence,delta,cert_fail_tau0.9,5,auroc,,,,,,0
mc_dropout,standard,,,0.08,one_minus_confidence,delta,cert_fail_tau0.9,5,auprc,1.0,0.0,0.0,1.0,1.0,5
mc_dropout,standard,,,0.08,one_minus_confidence,delta,cert_fail_tau0.9,5,prevalence,1.0,0.0,0.0,1.0,1.0,5
mc_dropout,standard,,,0.08,one_minus_confidence,delta,cert_fail_tau0.9,5,neg_spearman_p_safe,,,,,,0
mc_dropout,standard,,,0.08,one_minus_confidence,delta,cert_fail_tau0.9,5,neg_spearman_p_safe_optimistic,,,,,,0
mc_dropout,standard,,,0.08,one_minus_confidence,delta,cert_fail_tau0.95,5,auroc,,,,,,0
mc_dropout,standard,,,0.08,one_minus_confidence,delta,cert_fail_tau0.95,5,auprc,1.0,0.0,0.0,1.0,1.0,5
mc_dropout,standard,,,0.08,one_minus_confidence,delta,cert_fail_tau0.95,5,prevalence,1.0,0.0,0.0,1.0,1.0,5
mc_dropout,standard,,,0.08,one_minus_confidence,delta,cert_fail_tau0.95,5,neg_spearman_p_safe,,,,,,0
mc_dropout,standard,,,0.08,one_minus_confidence,delta,cert_fail_tau0.95,5,neg_spearman_p_safe_optimistic,,,,,,0
mc_dropout,standard,,,0.1,mutual_information,adv,adv_error,5,auroc,0.08274231678486997,0.07649498670148196,0.04416440116375745,-0.10729710142277833,0.2727817349925183,3
mc_dropout,standard,,,0.1,mutual_information,adv,adv_error,5,auprc,0.9192949341263521,0.07682580630269654,0.03435754506381225,0.8239183890292093,1.014671479223495,5
mc_dropout,standard,,,0.1,mutual_information,adv,adv_error,5,prevalence,0.9640000000000001,0.032863353450309996,0.014696938456699081,0.9232012988442034,1.0047987011557966,5
mc_dropout,standard,,,0.1,mutual_information,adv,adv_error,5,neg_spearman_p_safe,,,,,,0
mc_dropout,standard,,,0.1,mutual_information,adv,adv_error,5,neg_spearman_p_safe_optimistic,-0.7091391499868571,0.021184511143926138,0.009474001397584135,-0.7354389778665507,-0.6828393221071636,5
mc_dropout,standard,,,0.1,mutual_information,adv,cert_fail_tau0.5,5,auroc,,,,,,0
mc_dropout,standard,,,0.1,mutual_information,adv,cert_fail_tau0.5,5,auprc,1.0,0.0,0.0,1.0,1.0,5
mc_dropout,standard,,,0.1,mutual_information,adv,cert_fail_tau0.5,5,prevalence,1.0,0.0,0.0,1.0,1.0,5
mc_dropout,standard,,,0.1,mutual_information,adv,cert_fail_tau0.5,5,neg_spearman_p_safe,,,,,,0
mc_dropout,standard,,,0.1,mutual_information,adv,cert_fail_tau0.5,5,neg_spearman_p_safe_optimistic,,,,,,0
mc_dropout,standard,,,0.1,mutual_information,adv,cert_fail_tau0.9,5,auroc,,,,,,0
mc_dropout,standard,,,0.1,mutual_information,adv,cert_fail_tau0.9,5,auprc,1.0,0.0,0.0,1.0,1.0,5
mc_dropout,standard,,,0.1,mutual_information,adv,cert_fail_tau0.9,5,prevalence,1.0,0.0,0.0,1.0,1.0,5
mc_dropout,standard,,,0.1,mutual_information,adv,cert_fail_tau0.9,5,neg_spearman_p_safe,,,,,,0
mc_dropout,standard,,,0.1,mutual_information,adv,cert_fail_tau0.9,5,neg_spearman_p_safe_optimistic,,,,,,0
mc_dropout,standard,,,0.1,mutual_information,adv,cert_fail_tau0.95,5,auroc,,,,,,0
mc_dropout,standard,,,0.1,mutual_information,adv,cert_fail_tau0.95,5,auprc,1.0,0.0,0.0,1.0,1.0,5
mc_dropout,standard,,,0.1,mutual_information,adv,cert_fail_tau0.95,5,prevalence,1.0,0.0,0.0,1.0,1.0,5
mc_dropout,standard,,,0.1,mutual_information,adv,cert_fail_tau0.95,5,neg_spearman_p_safe,,,,,,0
mc_dropout,standard,,,0.1,mutual_information,adv,cert_fail_tau0.95,5,neg_spearman_p_safe_optimistic,,,,,,0
mc_dropout,standard,,,0.1,mutual_information,clean,adv_error,5,auroc,0.7872340425531915,0.07472094860179247,0.043140159789349077,0.6016019349796224,0.9728661501267606,3
mc_dropout,standard,,,0.1,mutual_information,clean,adv_error,5,auprc,0.9906015955571975,0.009820808464757488,0.004391999064240618,0.9784094061548656,1.0027937849595294,5
mc_dropout,standard,,,0.1,mutual_information,clean,adv_error,5,prevalence,0.9640000000000001,0.032863353450309996,0.014696938456699081,0.9232012988442034,1.0047987011557966,5
mc_dropout,standard,,,0.1,mutual_information,clean,adv_error,5,neg_spearman_p_safe,,,,,,0
mc_dropout,standard,,,0.1,mutual_information,clean,adv_error,5,neg_spearman_p_safe_optimistic,0.5238923052640614,0.08411331755651325,0.03761661917387802,0.419468570437376,0.6283160400907468,5
mc_dropout,standard,,,0.1,mutual_information,clean,cert_fail_tau0.5,5,auroc,,,,,,0
mc_dropout,standard,,,0.1,mutual_information,clean,cert_fail_tau0.5,5,auprc,1.0,0.0,0.0,1.0,1.0,5
mc_dropout,standard,,,0.1,mutual_information,clean,cert_fail_tau0.5,5,prevalence,1.0,0.0,0.0,1.0,1.0,5
mc_dropout,standard,,,0.1,mutual_information,clean,cert_fail_tau0.5,5,neg_spearman_p_safe,,,,,,0
mc_dropout,standard,,,0.1,mutual_information,clean,cert_fail_tau0.5,5,neg_spearman_p_safe_optimistic,,,,,,0
mc_dropout,standard,,,0.1,mutual_information,clean,cert_fail_tau0.9,5,auroc,,,,,,0
mc_dropout,standard,,,0.1,mutual_information,clean,cert_fail_tau0.9,5,auprc,1.0,0.0,0.0,1.0,1.0,5
mc_dropout,standard,,,0.1,mutual_information,clean,cert_fail_tau0.9,5,prevalence,1.0,0.0,0.0,1.0,1.0,5
mc_dropout,standard,,,0.1,mutual_information,clean,cert_fail_tau0.9,5,neg_spearman_p_safe,,,,,,0
mc_dropout,standard,,,0.1,mutual_information,clean,cert_fail_tau0.9,5,neg_spearman_p_safe_optimistic,,,,,,0
mc_dropout,standard,,,0.1,mutual_information,clean,cert_fail_tau0.95,5,auroc,,,,,,0
mc_dropout,standard,,,0.1,mutual_information,clean,cert_fail_tau0.95,5,auprc,1.0,0.0,0.0,1.0,1.0,5
mc_dropout,standard,,,0.1,mutual_information,clean,cert_fail_tau0.95,5,prevalence,1.0,0.0,0.0,1.0,1.0,5
mc_dropout,standard,,,0.1,mutual_information,clean,cert_fail_tau0.95,5,neg_spearman_p_safe,,,,,,0
mc_dropout,standard,,,0.1,mutual_information,clean,cert_fail_tau0.95,5,neg_spearman_p_safe_optimistic,,,,,,0
mc_dropout,standard,,,0.1,mutual_information,delta,adv_error,5,auroc,0.08274231678486997,0.07649498670148196,0.04416440116375745,-0.10729710142277833,0.2727817349925183,3
mc_dropout,standard,,,0.1,mutual_information,delta,adv_error,5,auprc,0.9192949341263521,0.07682580630269654,0.03435754506381225,0.8239183890292093,1.014671479223495,5
mc_dropout,standard,,,0.1,mutual_information,delta,adv_error,5,prevalence,0.9640000000000001,0.032863353450309996,0.014696938456699081,0.9232012988442034,1.0047987011557966,5
mc_dropout,standard,,,0.1,mutual_information,delta,adv_error,5,neg_spearman_p_safe,,,,,,0
mc_dropout,standard,,,0.1,mutual_information,delta,adv_error,5,neg_spearman_p_safe_optimistic,-0.7184810082256443,0.023958743722607676,0.010714675923849426,-0.7482249485902503,-0.6887370678610383,5
mc_dropout,standard,,,0.1,mutual_information,delta,cert_fail_tau0.5,5,auroc,,,,,,0
mc_dropout,standard,,,0.1,mutual_information,delta,cert_fail_tau0.5,5,auprc,1.0,0.0,0.0,1.0,1.0,5
mc_dropout,standard,,,0.1,mutual_information,delta,cert_fail_tau0.5,5,prevalence,1.0,0.0,0.0,1.0,1.0,5
mc_dropout,standard,,,0.1,mutual_information,delta,cert_fail_tau0.5,5,neg_spearman_p_safe,,,,,,0
mc_dropout,standard,,,0.1,mutual_information,delta,cert_fail_tau0.5,5,neg_spearman_p_safe_optimistic,,,,,,0
mc_dropout,standard,,,0.1,mutual_information,delta,cert_fail_tau0.9,5,auroc,,,,,,0
mc_dropout,standard,,,0.1,mutual_information,delta,cert_fail_tau0.9,5,auprc,1.0,0.0,0.0,1.0,1.0,5
mc_dropout,standard,,,0.1,mutual_information,delta,cert_fail_tau0.9,5,prevalence,1.0,0.0,0.0,1.0,1.0,5
mc_dropout,standard,,,0.1,mutual_information,delta,cert_fail_tau0.9,5,neg_spearman_p_safe,,,,,,0
mc_dropout,standard,,,0.1,mutual_information,delta,cert_fail_tau0.9,5,neg_spearman_p_safe_optimistic,,,,,,0
mc_dropout,standard,,,0.1,mutual_information,delta,cert_fail_tau0.95,5,auroc,,,,,,0
mc_dropout,standard,,,0.1,mutual_information,delta,cert_fail_tau0.95,5,auprc,1.0,0.0,0.0,1.0,1.0,5
mc_dropout,standard,,,0.1,mutual_information,delta,cert_fail_tau0.95,5,prevalence,1.0,0.0,0.0,1.0,1.0,5
mc_dropout,standard,,,0.1,mutual_information,delta,cert_fail_tau0.95,5,neg_spearman_p_safe,,,,,,0
mc_dropout,standard,,,0.1,mutual_information,delta,cert_fail_tau0.95,5,neg_spearman_p_safe_optimistic,,,,,,0
mc_dropout,standard,,,0.1,one_minus_confidence,adv,adv_error,5,auroc,0.047281323877068564,0.057762608618773595,0.03334925763514394,-0.0962205317269558,0.19078317948109294,3
mc_dropout,standard,,,0.1,one_minus_confidence,adv,adv_error,5,auprc,0.9063997973482365,0.08637723737542038,0.0386290748960151,0.7991654854368986,1.0136341092595744,5
mc_dropout,standard,,,0.1,one_minus_confidence,adv,adv_error,5,prevalence,0.9640000000000001,0.032863353450309996,0.014696938456699081,0.9232012988442034,1.0047987011557966,5
mc_dropout,standard,,,0.1,one_minus_confidence,adv,adv_error,5,neg_spearman_p_safe,,,,,,0
mc_dropout,standard,,,0.1,one_minus_confidence,adv,adv_error,5,neg_spearman_p_safe_optimistic,-0.7187756741102385,0.014532736768662617,0.006499237462768049,-0.7368175573068826,-0.7007337909135943,5
mc_dropout,standard,,,0.1,one_minus_confidence,adv,cert_fail_tau0.5,5,auroc,,,,,,0
mc_dropout,standard,,,0.1,one_minus_confidence,adv,cert_fail_tau0.5,5,auprc,1.0,0.0,0.0,1.0,1.0,5
mc_dropout,standard,,,0.1,one_minus_confidence,adv,cert_fail_tau0.5,5,prevalence,1.0,0.0,0.0,1.0,1.0,5
mc_dropout,standard,,,0.1,one_minus_confidence,adv,cert_fail_tau0.5,5,neg_spearman_p_safe,,,,,,0
mc_dropout,standard,,,0.1,one_minus_confidence,adv,cert_fail_tau0.5,5,neg_spearman_p_safe_optimistic,,,,,,0
mc_dropout,standard,,,0.1,one_minus_confidence,adv,cert_fail_tau0.9,5,auroc,,,,,,0
mc_dropout,standard,,,0.1,one_minus_confidence,adv,cert_fail_tau0.9,5,auprc,1.0,0.0,0.0,1.0,1.0,5
mc_dropout,standard,,,0.1,one_minus_confidence,adv,cert_fail_tau0.9,5,prevalence,1.0,0.0,0.0,1.0,1.0,5
mc_dropout,standard,,,0.1,one_minus_confidence,adv,cert_fail_tau0.9,5,neg_spearman_p_safe,,,,,,0
mc_dropout,standard,,,0.1,one_minus_confidence,adv,cert_fail_tau0.9,5,neg_spearman_p_safe_optimistic,,,,,,0
mc_dropout,standard,,,0.1,one_minus_confidence,adv,cert_fail_tau0.95,5,auroc,,,,,,0
mc_dropout,standard,,,0.1,one_minus_confidence,adv,cert_fail_tau0.95,5,auprc,1.0,0.0,0.0,1.0,1.0,5
mc_dropout,standard,,,0.1,one_minus_confidence,adv,cert_fail_tau0.95,5,prevalence,1.0,0.0,0.0,1.0,1.0,5
mc_dropout,standard,,,0.1,one_minus_confidence,adv,cert_fail_tau0.95,5,neg_spearman_p_safe,,,,,,0
mc_dropout,standard,,,0.1,one_minus_confidence,adv,cert_fail_tau0.95,5,neg_spearman_p_safe_optimistic,,,,,,0
mc_dropout,standard,,,0.1,one_minus_confidence,clean,adv_error,5,auroc,0.8002364066193853,0.08349037062132529,0.04820318795296378,0.5928180888577822,1.0076547243809886,3
mc_dropout,standard,,,0.1,one_minus_confidence,clean,adv_error,5,auprc,0.9910444694184612,0.009617837320752057,0.00430122760914721,0.9791042615754686,1.002984677261454,5
mc_dropout,standard,,,0.1,one_minus_confidence,clean,adv_error,5,prevalence,0.9640000000000001,0.032863353450309996,0.014696938456699081,0.9232012988442034,1.0047987011557966,5
mc_dropout,standard,,,0.1,one_minus_confidence,clean,adv_error,5,neg_spearman_p_safe,,,,,,0
mc_dropout,standard,,,0.1,one_minus_confidence,clean,adv_error,5,neg_spearman_p_safe_optimistic,0.5506943045421412,0.08720499710468814,0.038999260300751,0.44243235794725644,0.6589562511370259,5
mc_dropout,standard,,,0.1,one_minus_confidence,clean,cert_fail_tau0.5,5,auroc,,,,,,0
mc_dropout,standard,,,0.1,one_minus_confidence,clean,cert_fail_tau0.5,5,auprc,1.0,0.0,0.0,1.0,1.0,5
mc_dropout,standard,,,0.1,one_minus_confidence,clean,cert_fail_tau0.5,5,prevalence,1.0,0.0,0.0,1.0,1.0,5
mc_dropout,standard,,,0.1,one_minus_confidence,clean,cert_fail_tau0.5,5,neg_spearman_p_safe,,,,,,0
mc_dropout,standard,,,0.1,one_minus_confidence,clean,cert_fail_tau0.5,5,neg_spearman_p_safe_optimistic,,,,,,0
mc_dropout,standard,,,0.1,one_minus_confidence,clean,cert_fail_tau0.9,5,auroc,,,,,,0
mc_dropout,standard,,,0.1,one_minus_confidence,clean,cert_fail_tau0.9,5,auprc,1.0,0.0,0.0,1.0,1.0,5
mc_dropout,standard,,,0.1,one_minus_confidence,clean,cert_fail_tau0.9,5,prevalence,1.0,0.0,0.0,1.0,1.0,5
mc_dropout,standard,,,0.1,one_minus_confidence,clean,cert_fail_tau0.9,5,neg_spearman_p_safe,,,,,,0
mc_dropout,standard,,,0.1,one_minus_confidence,clean,cert_fail_tau0.9,5,neg_spearman_p_safe_optimistic,,,,,,0
mc_dropout,standard,,,0.1,one_minus_confidence,clean,cert_fail_tau0.95,5,auroc,,,,,,0
mc_dropout,standard,,,0.1,one_minus_confidence,clean,cert_fail_tau0.95,5,auprc,1.0,0.0,0.0,1.0,1.0,5
mc_dropout,standard,,,0.1,one_minus_confidence,clean,cert_fail_tau0.95,5,prevalence,1.0,0.0,0.0,1.0,1.0,5
mc_dropout,standard,,,0.1,one_minus_confidence,clean,cert_fail_tau0.95,5,neg_spearman_p_safe,,,,,,0
mc_dropout,standard,,,0.1,one_minus_confidence,clean,cert_fail_tau0.95,5,neg_spearman_p_safe_optimistic,,,,,,0
mc_dropout,standard,,,0.1,one_minus_confidence,delta,adv_error,5,auroc,0.047281323877068564,0.057762608618773595,0.03334925763514394,-0.0962205317269558,0.19078317948109294,3
mc_dropout,standard,,,0.1,one_minus_confidence,delta,adv_error,5,auprc,0.9063997973482365,0.08637723737542038,0.0386290748960151,0.7991654854368986,1.0136341092595744,5
mc_dropout,standard,,,0.1,one_minus_confidence,delta,adv_error,5,prevalence,0.9640000000000001,0.032863353450309996,0.014696938456699081,0.9232012988442034,1.0047987011557966,5
mc_dropout,standard,,,0.1,one_minus_confidence,delta,adv_error,5,neg_spearman_p_safe,,,,,,0
mc_dropout,standard,,,0.1,one_minus_confidence,delta,adv_error,5,neg_spearman_p_safe_optimistic,-0.7260750899235495,0.01808060339112858,0.008085891651355344,-0.748521525147712,-0.7036286546993871,5
mc_dropout,standard,,,0.1,one_minus_confidence,delta,cert_fail_tau0.5,5,auroc,,,,,,0
mc_dropout,standard,,,0.1,one_minus_confidence,delta,cert_fail_tau0.5,5,auprc,1.0,0.0,0.0,1.0,1.0,5
mc_dropout,standard,,,0.1,one_minus_confidence,delta,cert_fail_tau0.5,5,prevalence,1.0,0.0,0.0,1.0,1.0,5
mc_dropout,standard,,,0.1,one_minus_confidence,delta,cert_fail_tau0.5,5,neg_spearman_p_safe,,,,,,0
mc_dropout,standard,,,0.1,one_minus_confidence,delta,cert_fail_tau0.5,5,neg_spearman_p_safe_optimistic,,,,,,0
mc_dropout,standard,,,0.1,one_minus_confidence,delta,cert_fail_tau0.9,5,auroc,,,,,,0
mc_dropout,standard,,,0.1,one_minus_confidence,delta,cert_fail_tau0.9,5,auprc,1.0,0.0,0.0,1.0,1.0,5
mc_dropout,standard,,,0.1,one_minus_confidence,delta,cert_fail_tau0.9,5,prevalence,1.0,0.0,0.0,1.0,1.0,5
mc_dropout,standard,,,0.1,one_minus_confidence,delta,cert_fail_tau0.9,5,neg_spearman_p_safe,,,,,,0
mc_dropout,standard,,,0.1,one_minus_confidence,delta,cert_fail_tau0.9,5,neg_spearman_p_safe_optimistic,,,,,,0
mc_dropout,standard,,,0.1,one_minus_confidence,delta,cert_fail_tau0.95,5,auroc,,,,,,0
mc_dropout,standard,,,0.1,one_minus_confidence,delta,cert_fail_tau0.95,5,auprc,1.0,0.0,0.0,1.0,1.0,5
mc_dropout,standard,,,0.1,one_minus_confidence,delta,cert_fail_tau0.95,5,prevalence,1.0,0.0,0.0,1.0,1.0,5
mc_dropout,standard,,,0.1,one_minus_confidence,delta,cert_fail_tau0.95,5,neg_spearman_p_safe,,,,,,0
mc_dropout,standard,,,0.1,one_minus_confidence,delta,cert_fail_tau0.95,5,neg_spearman_p_safe_optimistic,,,,,,0
mc_dropout,standard,,,0.15,mutual_information,adv,adv_error,5,auroc,,,,,,0
mc_dropout,standard,,,0.15,mutual_information,adv,adv_error,5,auprc,1.0,0.0,0.0,1.0,1.0,5
mc_dropout,standard,,,0.15,mutual_information,adv,adv_error,5,prevalence,1.0,0.0,0.0,1.0,1.0,5
mc_dropout,standard,,,0.15,mutual_information,adv,adv_error,5,neg_spearman_p_safe,,,,,,0
mc_dropout,standard,,,0.15,mutual_information,adv,adv_error,5,neg_spearman_p_safe_optimistic,,,,,,0
mc_dropout,standard,,,0.15,mutual_information,adv,cert_fail_tau0.5,5,auroc,,,,,,0
mc_dropout,standard,,,0.15,mutual_information,adv,cert_fail_tau0.5,5,auprc,,,,,,0
mc_dropout,standard,,,0.15,mutual_information,adv,cert_fail_tau0.5,5,prevalence,,,,,,0
mc_dropout,standard,,,0.15,mutual_information,adv,cert_fail_tau0.5,5,neg_spearman_p_safe,,,,,,0
mc_dropout,standard,,,0.15,mutual_information,adv,cert_fail_tau0.5,5,neg_spearman_p_safe_optimistic,,,,,,0
mc_dropout,standard,,,0.15,mutual_information,adv,cert_fail_tau0.9,5,auroc,,,,,,0
mc_dropout,standard,,,0.15,mutual_information,adv,cert_fail_tau0.9,5,auprc,,,,,,0
mc_dropout,standard,,,0.15,mutual_information,adv,cert_fail_tau0.9,5,prevalence,,,,,,0
mc_dropout,standard,,,0.15,mutual_information,adv,cert_fail_tau0.9,5,neg_spearman_p_safe,,,,,,0
mc_dropout,standard,,,0.15,mutual_information,adv,cert_fail_tau0.9,5,neg_spearman_p_safe_optimistic,,,,,,0
mc_dropout,standard,,,0.15,mutual_information,adv,cert_fail_tau0.95,5,auroc,,,,,,0
mc_dropout,standard,,,0.15,mutual_information,adv,cert_fail_tau0.95,5,auprc,,,,,,0
mc_dropout,standard,,,0.15,mutual_information,adv,cert_fail_tau0.95,5,prevalence,,,,,,0
mc_dropout,standard,,,0.15,mutual_information,adv,cert_fail_tau0.95,5,neg_spearman_p_safe,,,,,,0
mc_dropout,standard,,,0.15,mutual_information,adv,cert_fail_tau0.95,5,neg_spearman_p_safe_optimistic,,,,,,0
mc_dropout,standard,,,0.15,mutual_information,clean,adv_error,5,auroc,,,,,,0
mc_dropout,standard,,,0.15,mutual_information,clean,adv_error,5,auprc,1.0,0.0,0.0,1.0,1.0,5
mc_dropout,standard,,,0.15,mutual_information,clean,adv_error,5,prevalence,1.0,0.0,0.0,1.0,1.0,5
mc_dropout,standard,,,0.15,mutual_information,clean,adv_error,5,neg_spearman_p_safe,,,,,,0
mc_dropout,standard,,,0.15,mutual_information,clean,adv_error,5,neg_spearman_p_safe_optimistic,,,,,,0
mc_dropout,standard,,,0.15,mutual_information,clean,cert_fail_tau0.5,5,auroc,,,,,,0
mc_dropout,standard,,,0.15,mutual_information,clean,cert_fail_tau0.5,5,auprc,,,,,,0
mc_dropout,standard,,,0.15,mutual_information,clean,cert_fail_tau0.5,5,prevalence,,,,,,0
mc_dropout,standard,,,0.15,mutual_information,clean,cert_fail_tau0.5,5,neg_spearman_p_safe,,,,,,0
mc_dropout,standard,,,0.15,mutual_information,clean,cert_fail_tau0.5,5,neg_spearman_p_safe_optimistic,,,,,,0
mc_dropout,standard,,,0.15,mutual_information,clean,cert_fail_tau0.9,5,auroc,,,,,,0
mc_dropout,standard,,,0.15,mutual_information,clean,cert_fail_tau0.9,5,auprc,,,,,,0
mc_dropout,standard,,,0.15,mutual_information,clean,cert_fail_tau0.9,5,prevalence,,,,,,0
mc_dropout,standard,,,0.15,mutual_information,clean,cert_fail_tau0.9,5,neg_spearman_p_safe,,,,,,0
mc_dropout,standard,,,0.15,mutual_information,clean,cert_fail_tau0.9,5,neg_spearman_p_safe_optimistic,,,,,,0
mc_dropout,standard,,,0.15,mutual_information,clean,cert_fail_tau0.95,5,auroc,,,,,,0
mc_dropout,standard,,,0.15,mutual_information,clean,cert_fail_tau0.95,5,auprc,,,,,,0
mc_dropout,standard,,,0.15,mutual_information,clean,cert_fail_tau0.95,5,prevalence,,,,,,0
mc_dropout,standard,,,0.15,mutual_information,clean,cert_fail_tau0.95,5,neg_spearman_p_safe,,,,,,0
mc_dropout,standard,,,0.15,mutual_information,clean,cert_fail_tau0.95,5,neg_spearman_p_safe_optimistic,,,,,,0
mc_dropout,standard,,,0.15,mutual_information,delta,adv_error,5,auroc,,,,,,0
mc_dropout,standard,,,0.15,mutual_information,delta,adv_error,5,auprc,1.0,0.0,0.0,1.0,1.0,5
mc_dropout,standard,,,0.15,mutual_information,delta,adv_error,5,prevalence,1.0,0.0,0.0,1.0,1.0,5
mc_dropout,standard,,,0.15,mutual_information,delta,adv_error,5,neg_spearman_p_safe,,,,,,0
mc_dropout,standard,,,0.15,mutual_information,delta,adv_error,5,neg_spearman_p_safe_optimistic,,,,,,0
mc_dropout,standard,,,0.15,mutual_information,delta,cert_fail_tau0.5,5,auroc,,,,,,0
mc_dropout,standard,,,0.15,mutual_information,delta,cert_fail_tau0.5,5,auprc,,,,,,0
mc_dropout,standard,,,0.15,mutual_information,delta,cert_fail_tau0.5,5,prevalence,,,,,,0
mc_dropout,standard,,,0.15,mutual_information,delta,cert_fail_tau0.5,5,neg_spearman_p_safe,,,,,,0
mc_dropout,standard,,,0.15,mutual_information,delta,cert_fail_tau0.5,5,neg_spearman_p_safe_optimistic,,,,,,0
mc_dropout,standard,,,0.15,mutual_information,delta,cert_fail_tau0.9,5,auroc,,,,,,0
mc_dropout,standard,,,0.15,mutual_information,delta,cert_fail_tau0.9,5,auprc,,,,,,0
mc_dropout,standard,,,0.15,mutual_information,delta,cert_fail_tau0.9,5,prevalence,,,,,,0
mc_dropout,standard,,,0.15,mutual_information,delta,cert_fail_tau0.9,5,neg_spearman_p_safe,,,,,,0
mc_dropout,standard,,,0.15,mutual_information,delta,cert_fail_tau0.9,5,neg_spearman_p_safe_optimistic,,,,,,0
mc_dropout,standard,,,0.15,mutual_information,delta,cert_fail_tau0.95,5,auroc,,,,,,0
mc_dropout,standard,,,0.15,mutual_information,delta,cert_fail_tau0.95,5,auprc,,,,,,0
mc_dropout,standard,,,0.15,mutual_information,delta,cert_fail_tau0.95,5,prevalence,,,,,,0
mc_dropout,standard,,,0.15,mutual_information,delta,cert_fail_tau0.95,5,neg_spearman_p_safe,,,,,,0
mc_dropout,standard,,,0.15,mutual_information,delta,cert_fail_tau0.95,5,neg_spearman_p_safe_optimistic,,,,,,0
mc_dropout,standard,,,0.15,one_minus_confidence,adv,adv_error,5,auroc,,,,,,0
mc_dropout,standard,,,0.15,one_minus_confidence,adv,adv_error,5,auprc,1.0,0.0,0.0,1.0,1.0,5
mc_dropout,standard,,,0.15,one_minus_confidence,adv,adv_error,5,prevalence,1.0,0.0,0.0,1.0,1.0,5
mc_dropout,standard,,,0.15,one_minus_confidence,adv,adv_error,5,neg_spearman_p_safe,,,,,,0
mc_dropout,standard,,,0.15,one_minus_confidence,adv,adv_error,5,neg_spearman_p_safe_optimistic,,,,,,0
mc_dropout,standard,,,0.15,one_minus_confidence,adv,cert_fail_tau0.5,5,auroc,,,,,,0
mc_dropout,standard,,,0.15,one_minus_confidence,adv,cert_fail_tau0.5,5,auprc,,,,,,0
mc_dropout,standard,,,0.15,one_minus_confidence,adv,cert_fail_tau0.5,5,prevalence,,,,,,0
mc_dropout,standard,,,0.15,one_minus_confidence,adv,cert_fail_tau0.5,5,neg_spearman_p_safe,,,,,,0
mc_dropout,standard,,,0.15,one_minus_confidence,adv,cert_fail_tau0.5,5,neg_spearman_p_safe_optimistic,,,,,,0
mc_dropout,standard,,,0.15,one_minus_confidence,adv,cert_fail_tau0.9,5,auroc,,,,,,0
mc_dropout,standard,,,0.15,one_minus_confidence,adv,cert_fail_tau0.9,5,auprc,,,,,,0
mc_dropout,standard,,,0.15,one_minus_confidence,adv,cert_fail_tau0.9,5,prevalence,,,,,,0
mc_dropout,standard,,,0.15,one_minus_confidence,adv,cert_fail_tau0.9,5,neg_spearman_p_safe,,,,,,0
mc_dropout,standard,,,0.15,one_minus_confidence,adv,cert_fail_tau0.9,5,neg_spearman_p_safe_optimistic,,,,,,0
mc_dropout,standard,,,0.15,one_minus_confidence,adv,cert_fail_tau0.95,5,auroc,,,,,,0
mc_dropout,standard,,,0.15,one_minus_confidence,adv,cert_fail_tau0.95,5,auprc,,,,,,0
mc_dropout,standard,,,0.15,one_minus_confidence,adv,cert_fail_tau0.95,5,prevalence,,,,,,0
mc_dropout,standard,,,0.15,one_minus_confidence,adv,cert_fail_tau0.95,5,neg_spearman_p_safe,,,,,,0
mc_dropout,standard,,,0.15,one_minus_confidence,adv,cert_fail_tau0.95,5,neg_spearman_p_safe_optimistic,,,,,,0
mc_dropout,standard,,,0.15,one_minus_confidence,clean,adv_error,5,auroc,,,,,,0
mc_dropout,standard,,,0.15,one_minus_confidence,clean,adv_error,5,auprc,1.0,0.0,0.0,1.0,1.0,5
mc_dropout,standard,,,0.15,one_minus_confidence,clean,adv_error,5,prevalence,1.0,0.0,0.0,1.0,1.0,5
mc_dropout,standard,,,0.15,one_minus_confidence,clean,adv_error,5,neg_spearman_p_safe,,,,,,0
mc_dropout,standard,,,0.15,one_minus_confidence,clean,adv_error,5,neg_spearman_p_safe_optimistic,,,,,,0
mc_dropout,standard,,,0.15,one_minus_confidence,clean,cert_fail_tau0.5,5,auroc,,,,,,0
mc_dropout,standard,,,0.15,one_minus_confidence,clean,cert_fail_tau0.5,5,auprc,,,,,,0
mc_dropout,standard,,,0.15,one_minus_confidence,clean,cert_fail_tau0.5,5,prevalence,,,,,,0
mc_dropout,standard,,,0.15,one_minus_confidence,clean,cert_fail_tau0.5,5,neg_spearman_p_safe,,,,,,0
mc_dropout,standard,,,0.15,one_minus_confidence,clean,cert_fail_tau0.5,5,neg_spearman_p_safe_optimistic,,,,,,0
mc_dropout,standard,,,0.15,one_minus_confidence,clean,cert_fail_tau0.9,5,auroc,,,,,,0
mc_dropout,standard,,,0.15,one_minus_confidence,clean,cert_fail_tau0.9,5,auprc,,,,,,0
mc_dropout,standard,,,0.15,one_minus_confidence,clean,cert_fail_tau0.9,5,prevalence,,,,,,0
mc_dropout,standard,,,0.15,one_minus_confidence,clean,cert_fail_tau0.9,5,neg_spearman_p_safe,,,,,,0
mc_dropout,standard,,,0.15,one_minus_confidence,clean,cert_fail_tau0.9,5,neg_spearman_p_safe_optimistic,,,,,,0
mc_dropout,standard,,,0.15,one_minus_confidence,clean,cert_fail_tau0.95,5,auroc,,,,,,0
mc_dropout,standard,,,0.15,one_minus_confidence,clean,cert_fail_tau0.95,5,auprc,,,,,,0
mc_dropout,standard,,,0.15,one_minus_confidence,clean,cert_fail_tau0.95,5,prevalence,,,,,,0
mc_dropout,standard,,,0.15,one_minus_confidence,clean,cert_fail_tau0.95,5,neg_spearman_p_safe,,,,,,0
mc_dropout,standard,,,0.15,one_minus_confidence,clean,cert_fail_tau0.95,5,neg_spearman_p_safe_optimistic,,,,,,0
mc_dropout,standard,,,0.15,one_minus_confidence,delta,adv_error,5,auroc,,,,,,0
mc_dropout,standard,,,0.15,one_minus_confidence,delta,adv_error,5,auprc,1.0,0.0,0.0,1.0,1.0,5
mc_dropout,standard,,,0.15,one_minus_confidence,delta,adv_error,5,prevalence,1.0,0.0,0.0,1.0,1.0,5
mc_dropout,standard,,,0.15,one_minus_confidence,delta,adv_error,5,neg_spearman_p_safe,,,,,,0
mc_dropout,standard,,,0.15,one_minus_confidence,delta,adv_error,5,neg_spearman_p_safe_optimistic,,,,,,0
mc_dropout,standard,,,0.15,one_minus_confidence,delta,cert_fail_tau0.5,5,auroc,,,,,,0
mc_dropout,standard,,,0.15,one_minus_confidence,delta,cert_fail_tau0.5,5,auprc,,,,,,0
mc_dropout,standard,,,0.15,one_minus_confidence,delta,cert_fail_tau0.5,5,prevalence,,,,,,0
mc_dropout,standard,,,0.15,one_minus_confidence,delta,cert_fail_tau0.5,5,neg_spearman_p_safe,,,,,,0
mc_dropout,standard,,,0.15,one_minus_confidence,delta,cert_fail_tau0.5,5,neg_spearman_p_safe_optimistic,,,,,,0
mc_dropout,standard,,,0.15,one_minus_confidence,delta,cert_fail_tau0.9,5,auroc,,,,,,0
mc_dropout,standard,,,0.15,one_minus_confidence,delta,cert_fail_tau0.9,5,auprc,,,,,,0
mc_dropout,standard,,,0.15,one_minus_confidence,delta,cert_fail_tau0.9,5,prevalence,,,,,,0
mc_dropout,standard,,,0.15,one_minus_confidence,delta,cert_fail_tau0.9,5,neg_spearman_p_safe,,,,,,0
mc_dropout,standard,,,0.15,one_minus_confidence,delta,cert_fail_tau0.9,5,neg_spearman_p_safe_optimistic,,,,,,0
mc_dropout,standard,,,0.15,one_minus_confidence,delta,cert_fail_tau0.95,5,auroc,,,,,,0
mc_dropout,standard,,,0.15,one_minus_confidence,delta,cert_fail_tau0.95,5,auprc,,,,,,0
mc_dropout,standard,,,0.15,one_minus_confidence,delta,cert_fail_tau0.95,5,prevalence,,,,,,0
mc_dropout,standard,,,0.15,one_minus_confidence,delta,cert_fail_tau0.95,5,neg_spearman_p_safe,,,,,,0
mc_dropout,standard,,,0.15,one_minus_confidence,delta,cert_fail_tau0.95,5,neg_spearman_p_safe_optimistic,,,,,,0
vogn,robust,0.08,0.25,0.01,mutual_information,adv,adv_error,5,auroc,0.9413814369411039,0.022587610589722557,0.010101486545582749,0.9133397102905662,0.9694231635916416,5
vogn,robust,0.08,0.25,0.01,mutual_information,adv,adv_error,5,auprc,0.5244444444444444,0.13881108932112923,0.062078206350568016,0.3521153436152676,0.6967735452736212,5
vogn,robust,0.08,0.25,0.01,mutual_information,adv,adv_error,5,prevalence,0.068,0.010954451150103324,0.004898979485566357,0.0544004329480678,0.0815995670519322,5
vogn,robust,0.08,0.25,0.01,mutual_information,adv,adv_error,5,neg_spearman_p_safe,0.6216330290552339,0.023459673402686475,0.01049148489167015,0.5925086669959575,0.6507573911145103,5
vogn,robust,0.08,0.25,0.01,mutual_information,adv,adv_error,5,neg_spearman_p_safe_optimistic,0.6165470631172508,0.030913273058480864,0.013824835993155208,0.578169318400252,0.6549248078342497,5
vogn,robust,0.08,0.25,0.01,mutual_information,adv,cert_fail_tau0.5,5,auroc,0.9532874224826122,0.021527011955852153,0.009627172417147223,0.9265623918526116,0.9800124531126129,5
vogn,robust,0.08,0.25,0.01,mutual_information,adv,cert_fail_tau0.5,5,auprc,0.5804761904761906,0.1409739745543045,0.06304547803235008,0.40546194345838676,0.7554904374939944,5
vogn,robust,0.08,0.25,0.01,mutual_information,adv,cert_fail_tau0.5,5,prevalence,0.06939795918367346,0.011203621603135256,0.005010411899759121,0.055489055749942146,0.08330686261740478,5
vogn,robust,0.08,0.25,0.01,mutual_information,adv,cert_fail_tau0.5,5,neg_spearman_p_safe,,,,,,0
vogn,robust,0.08,0.25,0.01,mutual_information,adv,cert_fail_tau0.5,5,neg_spearman_p_safe_optimistic,,,,,,0
vogn,robust,0.08,0.25,0.01,mutual_information,adv,cert_fail_tau0.9,5,auroc,0.9952236652236653,0.006203311986884157,0.002774205457662452,0.9875224708731943,1.0029248595741362,5
vogn,robust,0.08,0.25,0.01,mutual_information,adv,cert_fail_tau0.9,5,auprc,0.9752380952380953,0.02764366718799998,0.012362623795949683,0.940919451580539,1.0095567388956517,5
vogn,robust,0.08,0.25,0.01,mutual_information,adv,cert_fail_tau0.9,5,prevalence,0.11229787234042554,0.017002749225146465,0.007603860614361874,0.09118955527495698,0.1334061894058941,5
vogn,robust,0.08,0.25,0.01,mutual_information,adv,cert_fail_tau0.9,5,neg_spearman_p_safe,,,,,,0
vogn,robust,0.08,0.25,0.01,mutual_information,adv,cert_fail_tau0.9,5,neg_spearman_p_safe_optimistic,,,,,,0
vogn,robust,0.08,0.25,0.01,mutual_information,adv,cert_fail_tau0.95,5,auroc,,,,,,0
vogn,robust,0.08,0.25,0.01,mutual_information,adv,cert_fail_tau0.95,5,auprc,1.0,0.0,0.0,1.0,1.0,5
vogn,robust,0.08,0.25,0.01,mutual_information,adv,cert_fail_tau0.95,5,prevalence,1.0,0.0,0.0,1.0,1.0,5
vogn,robust,0.08,0.25,0.01,mutual_information,adv,cert_fail_tau0.95,5,neg_spearman_p_safe,,,,,,0
vogn,robust,0.08,0.25,0.01,mutual_information,adv,cert_fail_tau0.95,5,neg_spearman_p_safe_optimistic,,,,,,0
vogn,robust,0.08,0.25,0.01,mutual_information,clean,adv_error,5,auroc,0.9667668825161886,0.01374940069486695,0.006148918920721069,0.9496974835922669,0.9838362814401103,5
vogn,robust,0.08,0.25,0.01,mutual_information,clean,adv_error,5,auprc,0.6582539682539682,0.12451188079580862,0.055683405893155735,0.5036768334945679,0.8128311030133685,5
vogn,robust,0.08,0.25,0.01,mutual_information,clean,adv_error,5,prevalence,0.068,0.010954451150103324,0.004898979485566357,0.0544004329480678,0.0815995670519322,5
vogn,robust,0.08,0.25,0.01,mutual_information,clean,adv_error,5,neg_spearman_p_safe,0.6263071238955548,0.02275437983490424,0.010176068019339264,0.598058359073869,0.6545558887172406,5
vogn,robust,0.08,0.25,0.01,mutual_information,clean,adv_error,5,neg_spearman_p_safe_optimistic,0.6185764615185235,0.03301434637374584,0.014764464544883874,0.5775903079419259,0.6595626150951212,5
vogn,robust,0.08,0.25,0.01,mutual_information,clean,cert_fail_tau0.5,5,auroc,0.9745475725494227,0.01613019707796192,0.0072136434313582656,0.9545224983839722,0.9945726467148732,5
vogn,robust,0.08,0.25,0.01,mutual_information,clean,cert_fail_tau0.5,5,auprc,0.74,0.1398349721795104,0.06253610068503544,0.5663997844983416,0.9136002155016584,5
vogn,robust,0.08,0.25,0.01,mutual_information,clean,cert_fail_tau0.5,5,prevalence,0.06939795918367346,0.011203621603135256,0.005010411899759121,0.055489055749942146,0.08330686261740478,5
vogn,robust,0.08,0.25,0.01,mutual_information,clean,cert_fail_tau0.5,5,neg_spearman_p_safe,,,,,,0
vogn,robust,0.08,0.25,0.01,mutual_information,clean,cert_fail_tau0.5,5,neg_spearman_p_safe_optimistic,,,,,,0
vogn,robust,0.08,0.25,0.01,mutual_information,clean,cert_fail_tau0.9,5,auroc,0.9984848484848484,0.003387981784090588,0.001515151515151514,0.9942787878787878,1.002690909090909,5
vogn,robust,0.08,0.25,0.01,mutual_information,clean,cert_fail_tau0.9,5,auprc,0.9916666666666668,0.01863389981249823,0.008333333333333326,0.9685333333333335,1.0148000000000001,5
vogn,robust,0.08,0.25,0.01,mutual_information,clean,cert_fail_tau0.9,5,prevalence,0.11229787234042554,0.017002749225146465,0.007603860614361874,0.09118955527495698,0.1334061894058941,5
vogn,robust,0.08,0.25,0.01,mutual_information,clean,cert_fail_tau0.9,5,neg_spearman_p_safe,,,,,,0
vogn,robust,0.08,0.25,0.01,mutual_information,clean,cert_fail_tau0.9,5,neg_spearman_p_safe_optimistic,,,,,,0
vogn,robust,0.08,0.25,0.01,mutual_information,clean,cert_fail_tau0.95,5,auroc,,,,,,0
vogn,robust,0.08,0.25,0.01,mutual_information,clean,cert_fail_tau0.95,5,auprc,1.0,0.0,0.0,1.0,1.0,5
vogn,robust,0.08,0.25,0.01,mutual_information,clean,cert_fail_tau0.95,5,prevalence,1.0,0.0,0.0,1.0,1.0,5
vogn,robust,0.08,0.25,0.01,mutual_information,clean,cert_fail_tau0.95,5,neg_spearman_p_safe,,,,,,0
vogn,robust,0.08,0.25,0.01,mutual_information,clean,cert_fail_tau0.95,5,neg_spearman_p_safe_optimistic,,,,,,0
vogn,robust,0.08,0.25,0.01,mutual_information,delta,adv_error,5,auroc,0.1105149552883133,0.144498252165919,0.06462158289458021,-0.06887455882704137,0.289904469403668,5
vogn,robust,0.08,0.25,0.01,mutual_information,delta,adv_error,5,auprc,0.05716173017670425,0.024582572320479,0.010993660554079158,0.02664332847858051,0.08768013187482798,5
vogn,robust,0.08,0.25,0.01,mutual_information,delta,adv_error,5,prevalence,0.068,0.010954451150103324,0.004898979485566357,0.0544004329480678,0.0815995670519322,5
vogn,robust,0.08,0.25,0.01,mutual_information,delta,adv_error,5,neg_spearman_p_safe,0.046921903183645294,0.09717401998335501,0.04345754286594095,-0.07371623581220678,0.16756004217949738,5
vogn,robust,0.08,0.25,0.01,mutual_information,delta,adv_error,5,neg_spearman_p_safe_optimistic,0.06395415499857256,0.0863547882776014,0.03861903535426374,-0.04325228714486358,0.1711605971420087,5
vogn,robust,0.08,0.25,0.01,mutual_information,delta,cert_fail_tau0.5,5,auroc,0.10944050433412136,0.14448365106705127,0.06461505308465733,-0.06993088302888736,0.28881189169713006,5
vogn,robust,0.08,0.25,0.01,mutual_information,delta,cert_fail_tau0.5,5,auprc,0.06063899945367657,0.03026515702140226,0.0135349896899121,0.023065868074480578,0.09821213083287256,5
vogn,robust,0.08,0.25,0.01,mutual_information,delta,cert_fail_tau0.5,5,prevalence,0.06939795918367346,0.011203621603135256,0.005010411899759121,0.055489055749942146,0.08330686261740478,5
vogn,robust,0.08,0.25,0.01,mutual_information,delta,cert_fail_tau0.5,5,neg_spearman_p_safe,,,,,,0
vogn,robust,0.08,0.25,0.01,mutual_information,delta,cert_fail_tau0.5,5,neg_spearman_p_safe_optimistic,,,,,,0
vogn,robust,0.08,0.25,0.01,mutual_information,delta,cert_fail_tau0.9,5,auroc,0.3976695526695527,0.12975831325531664,0.058029681816920003,0.23657915594578274,0.5587599493933226,5
vogn,robust,0.08,0.25,0.01,mutual_information,delta,cert_fail_tau0.9,5,auprc,0.4172423634578717,0.13416585028565134,0.06000079229955519,0.2506801640343065,0.5838045628814369,5
vogn,robust,0.08,0.25,0.01,mutual_information,delta,cert_fail_tau0.9,5,prevalence,0.11229787234042554,0.017002749225146465,0.007603860614361874,0.09118955527495698,0.1334061894058941,5
vogn,robust,0.08,0.25,0.01,mutual_information,delta,cert_fail_tau0.9,5,neg_spearman_p_safe,,,,,,0
vogn,robust,0.08,0.25,0.01,mutual_information,delta,cert_fail_tau0.9,5,neg_spearman_p_safe_optimistic,,,,,,0
vogn,robust,0.08,0.25,0.01,mutual_information,delta,cert_fail_tau0.95,5,auroc,,,,,,0
vogn,robust,0.08,0.25,0.01,mutual_information,delta,cert_fail_tau0.95,5,auprc,1.0,0.0,0.0,1.0,1.0,5
vogn,robust,0.08,0.25,0.01,mutual_information,delta,cert_fail_tau0.95,5,prevalence,1.0,0.0,0.0,1.0,1.0,5
vogn,robust,0.08,0.25,0.01,mutual_information,delta,cert_fail_tau0.95,5,neg_spearman_p_safe,,,,,,0
vogn,robust,0.08,0.25,0.01,mutual_information,delta,cert_fail_tau0.95,5,neg_spearman_p_safe_optimistic,,,,,,0
vogn,robust,0.08,0.25,0.01,one_minus_confidence,adv,adv_error,5,auroc,0.9757015109466544,0.01317247493893449,0.005890909879073982,0.959348345122345,0.9920546767709637,5
vogn,robust,0.08,0.25,0.01,one_minus_confidence,adv,adv_error,5,auprc,0.7724603174603174,0.14452171751316617,0.06463207691689228,0.5930416719390245,0.9518789629816103,5
vogn,robust,0.08,0.25,0.01,one_minus_confidence,adv,adv_error,5,prevalence,0.068,0.010954451150103324,0.004898979485566357,0.0544004329480678,0.0815995670519322,5
vogn,robust,0.08,0.25,0.01,one_minus_confidence,adv,adv_error,5,neg_spearman_p_safe,0.6189777566113812,0.02775626689680267,0.01241297991657558,0.5845193243629674,0.653436188859795,5
vogn,robust,0.08,0.25,0.01,one_minus_confidence,adv,adv_error,5,neg_spearman_p_safe_optimistic,0.608527074241785,0.035884057090055446,0.016047838192369452,0.5639782754197674,0.6530758730638025,5
vogn,robust,0.08,0.25,0.01,one_minus_confidence,adv,cert_fail_tau0.5,5,auroc,0.9872261623325453,0.009759725645889072,0.004364681997191201,0.9751098051083426,0.9993425195567481,5
vogn,robust,0.08,0.25,0.01,one_minus_confidence,adv,cert_fail_tau0.5,5,auprc,0.8960714285714285,0.07554554046935702,0.03378499277728873,0.802284288621675,0.989858568521182,5
vogn,robust,0.08,0.25,0.01,one_minus_confidence,adv,cert_fail_tau0.5,5,prevalence,0.06939795918367346,0.011203621603135256,0.005010411899759121,0.055489055749942146,0.08330686261740478,5
vogn,robust,0.08,0.25,0.01,one_minus_confidence,adv,cert_fail_tau0.5,5,neg_spearman_p_safe,,,,,,0
vogn,robust,0.08,0.25,0.01,one_minus_confidence,adv,cert_fail_tau0.5,5,neg_spearman_p_safe_optimistic,,,,,,0
vogn,robust,0.08,0.25,0.01,one_minus_confidence,adv,cert_fail_tau0.9,5,auroc,0.9954184704184705,0.008208160814335353,0.003670801110220776,0.9852283265364976,1.0056086143004435,5
vogn,robust,0.08,0.25,0.01,one_minus_confidence,adv,cert_fail_tau0.9,5,auprc,0.9663492063492065,0.06278776032846493,0.02807954004988242,0.8884004031707329,1.0442980095276801,5
vogn,robust,0.08,0.25,0.01,one_minus_confidence,adv,cert_fail_tau0.9,5,prevalence,0.11229787234042554,0.017002749225146465,0.007603860614361874,0.09118955527495698,0.1334061894058941,5
vogn,robust,0.08,0.25,0.01,one_minus_confidence,adv,cert_fail_tau0.9,5,neg_spearman_p_safe,,,,,,0
vogn,robust,0.08,0.25,0.01,one_minus_confidence,adv,cert_fail_tau0.9,5,neg_spearman_p_safe_optimistic,,,,,,0
vogn,robust,0.08,0.25,0.01,one_minus_confidence,adv,cert_fail_tau0.95,5,auroc,,,,,,0
vogn,robust,0.08,0.25,0.01,one_minus_confidence,adv,cert_fail_tau0.95,5,auprc,1.0,0.0,0.0,1.0,1.0,5
vogn,robust,0.08,0.25,0.01,one_minus_confidence,adv,cert_fail_tau0.95,5,prevalence,1.0,0.0,0.0,1.0,1.0,5
vogn,robust,0.08,0.25,0.01,one_minus_confidence,adv,cert_fail_tau0.95,5,neg_spearman_p_safe,,,,,,0
vogn,robust,0.08,0.25,0.01,one_minus_confidence,adv,cert_fail_tau0.95,5,neg_spearman_p_safe_optimistic,,,,,,0
vogn,robust,0.08,0.25,0.01,one_minus_confidence,clean,adv_error,5,auroc,0.9985815602836879,0.003171727627659281,0.0014184397163120588,0.9946439716312057,1.0025191489361702,5
vogn,robust,0.08,0.25,0.01,one_minus_confidence,clean,adv_error,5,auprc,0.9833333333333332,0.03726779962499651,0.016666666666666673,0.9370666666666665,1.0295999999999998,5
vogn,robust,0.08,0.25,0.01,one_minus_confidence,clean,adv_error,5,prevalence,0.068,0.010954451150103324,0.004898979485566357,0.0544004329480678,0.0815995670519322,5
vogn,robust,0.08,0.25,0.01,one_minus_confidence,clean,adv_error,5,neg_spearman_p_safe,0.5778310977297461,0.034540449378640745,0.015446958556806214,0.534950340776052,0.6207118546834401,5
vogn,robust,0.08,0.25,0.01,one_minus_confidence,clean,adv_error,5,neg_spearman_p_safe_optimistic,0.568085013296691,0.0372374856605514,0.016653109849633318,0.521855980354109,0.6143140462392731,5
vogn,robust,0.08,0.25,0.01,one_minus_confidence,clean,cert_fail_tau0.5,5,auroc,1.0,0.0,0.0,1.0,1.0,5
vogn,robust,0.08,0.25,0.01,one_minus_confidence,clean,cert_fail_tau0.5,5,auprc,1.0,0.0,0.0,1.0,1.0,5
vogn,robust,0.08,0.25,0.01,one_minus_confidence,clean,cert_fail_tau0.5,5,prevalence,0.06939795918367346,0.011203621603135256,0.005010411899759121,0.055489055749942146,0.08330686261740478,5
vogn,robust,0.08,0.25,0.01,one_minus_confidence,clean,cert_fail_tau0.5,5,neg_spearman_p_safe,,,,,,0
vogn,robust,0.08,0.25,0.01,one_minus_confidence,clean,cert_fail_tau0.5,5,neg_spearman_p_safe_optimistic,,,,,,0
vogn,robust,0.08,0.25,0.01,one_minus_confidence,clean,cert_fail_tau0.9,5,auroc,0.9861664820967146,0.016128116445518766,0.007212712944242449,0.9661439909634976,1.0061889732299316,5
vogn,robust,0.08,0.25,0.01,one_minus_confidence,clean,cert_fail_tau0.9,5,auprc,0.9314285714285713,0.06698795877853866,0.029957925900553246,0.8482653691286355,1.014591773728507,5
vogn,robust,0.08,0.25,0.01,one_minus_confidence,clean,cert_fail_tau0.9,5,prevalence,0.11229787234042554,0.017002749225146465,0.007603860614361874,0.09118955527495698,0.1334061894058941,5
vogn,robust,0.08,0.25,0.01,one_minus_confidence,clean,cert_fail_tau0.9,5,neg_spearman_p_safe,,,,,,0
vogn,robust,0.08,0.25,0.01,one_minus_confidence,clean,cert_fail_tau0.9,5,neg_spearman_p_safe_optimistic,,,,,,0
vogn,robust,0.08,0.25,0.01,one_minus_confidence,clean,cert_fail_tau0.95,5,auroc,,,,,,0
vogn,robust,0.08,0.25,0.01,one_minus_confidence,clean,cert_fail_tau0.95,5,auprc,1.0,0.0,0.0,1.0,1.0,5
vogn,robust,0.08,0.25,0.01,one_minus_confidence,clean,cert_fail_tau0.95,5,prevalence,1.0,0.0,0.0,1.0,1.0,5
vogn,robust,0.08,0.25,0.01,one_minus_confidence,clean,cert_fail_tau0.95,5,neg_spearman_p_safe,,,,,,0
vogn,robust,0.08,0.25,0.01,one_minus_confidence,clean,cert_fail_tau0.95,5,neg_spearman_p_safe_optimistic,,,,,,0
vogn,robust,0.08,0.25,0.01,one_minus_confidence,delta,adv_error,5,auroc,0.3128430465618255,0.24372559998729404,0.10899740188570227,0.010266258927116023,0.6154198341965349,5
vogn,robust,0.08,0.25,0.01,one_minus_confidence,delta,adv_error,5,auprc,0.1134787957736286,0.08354550385516891,0.03736268516692569,0.009759981750242896,0.2171976097970143,5
vogn,robust,0.08,0.25,0.01,one_minus_confidence,delta,adv_error,5,prevalence,0.068,0.010954451150103324,0.004898979485566357,0.0544004329480678,0.0815995670519322,5
vogn,robust,0.08,0.25,0.01,one_minus_confidence,delta,adv_error,5,neg_spearman_p_safe,0.2386220139625796,0.19013777936145215,0.0850321999486127,0.002572626905230746,0.47467140101992844,5
vogn,robust,0.08,0.25,0.01,one_minus_confidence,delta,adv_error,5,neg_spearman_p_safe_optimistic,0.22595560700986872,0.18914050625729725,0.08458620585800819,-0.00885570045196199,0.46076691447169943,5
vogn,robust,0.08,0.25,0.01,one_minus_confidence,delta,cert_fail_tau0.5,5,auroc,0.31979716997293317,0.2492260953744119,0.11145729820480618,0.010391710156391232,0.629202629789475,5
vogn,robust,0.08,0.25,0.01,one_minus_confidence,delta,cert_fail_tau0.5,5,auprc,0.13151549779640503,0.10335016427365423,0.046219598560332205,0.0032098921929228363,0.25982110339988723,5
vogn,robust,0.08,0.25,0.01,one_minus_confidence,delta,cert_fail_tau0.5,5,prevalence,0.06939795918367346,0.011203621603135256,0.005010411899759121,0.055489055749942146,0.08330686261740478,5
vogn,robust,0.08,0.25,0.01,one_minus_confidence,delta,cert_fail_tau0.5,5,neg_spearman_p_safe,,,,,,0
vogn,robust,0.08,0.25,0.01,one_minus_confidence,delta,cert_fail_tau0.5,5,neg_spearman_p_safe_optimistic,,,,,,0
vogn,robust,0.08,0.25,0.01,one_minus_confidence,delta,cert_fail_tau0.9,5,auroc,0.5807275411926575,0.1842114218271268,0.0823818522874688,0.3520355192426441,0.8094195631426708,5
vogn,robust,0.08,0.25,0.01,one_minus_confidence,delta,cert_fail_tau0.9,5,auprc,0.5774291126256238,0.16695540923579852,0.07466472885250834,0.3701598253310606,0.784698399920187,5
vogn,robust,0.08,0.25,0.01,one_minus_confidence,delta,cert_fail_tau0.9,5,prevalence,0.11229787234042554,0.017002749225146465,0.007603860614361874,0.09118955527495698,0.1334061894058941,5
vogn,robust,0.08,0.25,0.01,one_minus_confidence,delta,cert_fail_tau0.9,5,neg_spearman_p_safe,,,,,,0
vogn,robust,0.08,0.25,0.01,one_minus_confidence,delta,cert_fail_tau0.9,5,neg_spearman_p_safe_optimistic,,,,,,0
vogn,robust,0.08,0.25,0.01,one_minus_confidence,delta,cert_fail_tau0.95,5,auroc,,,,,,0
vogn,robust,0.08,0.25,0.01,one_minus_confidence,delta,cert_fail_tau0.95,5,auprc,1.0,0.0,0.0,1.0,1.0,5
vogn,robust,0.08,0.25,0.01,one_minus_confidence,delta,cert_fail_tau0.95,5,prevalence,1.0,0.0,0.0,1.0,1.0,5
vogn,robust,0.08,0.25,0.01,one_minus_confidence,delta,cert_fail_tau0.95,5,neg_spearman_p_safe,,,,,,0
vogn,robust,0.08,0.25,0.01,one_minus_confidence,delta,cert_fail_tau0.95,5,neg_spearman_p_safe_optimistic,,,,,,0
vogn,robust,0.08,0.25,0.03,mutual_information,adv,adv_error,5,auroc,0.9263087687506293,0.02298508909858286,0.010279244338664128,0.8977735864664976,0.9548439510347609,5
vogn,robust,0.08,0.25,0.03,mutual_information,adv,adv_error,5,auprc,0.6191969009826152,0.14798918099353478,0.06618277372721272,0.4354735211158727,0.8029202808493576,5
vogn,robust,0.08,0.25,0.03,mutual_information,adv,adv_error,5,prevalence,0.132,0.010954451150103331,0.00489897948556636,0.11840043294806779,0.14559956705193222,5
vogn,robust,0.08,0.25,0.03,mutual_information,adv,adv_error,5,neg_spearman_p_safe,,,,,,0
vogn,robust,0.08,0.25,0.03,mutual_information,adv,adv_error,5,neg_spearman_p_safe_optimistic,,,,,,0
vogn,robust,0.08,0.25,0.03,mutual_information,adv,cert_fail_tau0.5,5,auroc,,,,,,0
vogn,robust,0.08,0.25,0.03,mutual_information,adv,cert_fail_tau0.5,5,auprc,,,,,,0
vogn,robust,0.08,0.25,0.03,mutual_information,adv,cert_fail_tau0.5,5,prevalence,,,,,,0
vogn,robust,0.08,0.25,0.03,mutual_information,adv,cert_fail_tau0.5,5,neg_spearman_p_safe,,,,,,0
vogn,robust,0.08,0.25,0.03,mutual_information,adv,cert_fail_tau0.5,5,neg_spearman_p_safe_optimistic,,,,,,0
vogn,robust,0.08,0.25,0.03,mutual_information,adv,cert_fail_tau0.9,5,auroc,,,,,,0
vogn,robust,0.08,0.25,0.03,mutual_information,adv,cert_fail_tau0.9,5,auprc,,,,,,0
vogn,robust,0.08,0.25,0.03,mutual_information,adv,cert_fail_tau0.9,5,prevalence,,,,,,0
vogn,robust,0.08,0.25,0.03,mutual_information,adv,cert_fail_tau0.9,5,neg_spearman_p_safe,,,,,,0
vogn,robust,0.08,0.25,0.03,mutual_information,adv,cert_fail_tau0.9,5,neg_spearman_p_safe_optimistic,,,,,,0
vogn,robust,0.08,0.25,0.03,mutual_information,adv,cert_fail_tau0.95,5,auroc,,,,,,0
vogn,robust,0.08,0.25,0.03,mutual_information,adv,cert_fail_tau0.95,5,auprc,,,,,,0
vogn,robust,0.08,0.25,0.03,mutual_information,adv,cert_fail_tau0.95,5,prevalence,,,,,,0
vogn,robust,0.08,0.25,0.03,mutual_information,adv,cert_fail_tau0.95,5,neg_spearman_p_safe,,,,,,0
vogn,robust,0.08,0.25,0.03,mutual_information,adv,cert_fail_tau0.95,5,neg_spearman_p_safe_optimistic,,,,,,0
vogn,robust,0.08,0.25,0.03,mutual_information,clean,adv_error,5,auroc,0.9811285613611196,0.011986299344526588,0.005360436026604525,0.9662479909512655,0.9960091317709737,5
vogn,robust,0.08,0.25,0.03,mutual_information,clean,adv_error,5,auprc,0.8931323438466295,0.06546311768494022,0.029275996232518996,0.8118621783051568,0.9744025093881022,5
vogn,robust,0.08,0.25,0.03,mutual_information,clean,adv_error,5,prevalence,0.132,0.010954451150103331,0.00489897948556636,0.11840043294806779,0.14559956705193222,5
vogn,robust,0.08,0.25,0.03,mutual_information,clean,adv_error,5,neg_spearman_p_safe,,,,,,0
vogn,robust,0.08,0.25,0.03,mutual_information,clean,adv_error,5,neg_spearman_p_safe_optimistic,,,,,,0
vogn,robust,0.08,0.25,0.03,mutual_information,clean,cert_fail_tau0.5,5,auroc,,,,,,0
vogn,robust,0.08,0.25,0.03,mutual_information,clean,cert_fail_tau0.5,5,auprc,,,,,,0
vogn,robust,0.08,0.25,0.03,mutual_information,clean,cert_fail_tau0.5,5,prevalence,,,,,,0
vogn,robust,0.08,0.25,0.03,mutual_information,clean,cert_fail_tau0.5,5,neg_spearman_p_safe,,,,,,0
vogn,robust,0.08,0.25,0.03,mutual_information,clean,cert_fail_tau0.5,5,neg_spearman_p_safe_optimistic,,,,,,0
vogn,robust,0.08,0.25,0.03,mutual_information,clean,cert_fail_tau0.9,5,auroc,,,,,,0
vogn,robust,0.08,0.25,0.03,mutual_information,clean,cert_fail_tau0.9,5,auprc,,,,,,0
vogn,robust,0.08,0.25,0.03,mutual_information,clean,cert_fail_tau0.9,5,prevalence,,,,,,0
vogn,robust,0.08,0.25,0.03,mutual_information,clean,cert_fail_tau0.9,5,neg_spearman_p_safe,,,,,,0
vogn,robust,0.08,0.25,0.03,mutual_information,clean,cert_fail_tau0.9,5,neg_spearman_p_safe_optimistic,,,,,,0
vogn,robust,0.08,0.25,0.03,mutual_information,clean,cert_fail_tau0.95,5,auroc,,,,,,0
vogn,robust,0.08,0.25,0.03,mutual_information,clean,cert_fail_tau0.95,5,auprc,,,,,,0
vogn,robust,0.08,0.25,0.03,mutual_information,clean,cert_fail_tau0.95,5,prevalence,,,,,,0
vogn,robust,0.08,0.25,0.03,mutual_information,clean,cert_fail_tau0.95,5,neg_spearman_p_safe,,,,,,0
vogn,robust,0.08,0.25,0.03,mutual_information,clean,cert_fail_tau0.95,5,neg_spearman_p_safe_optimistic,,,,,,0
vogn,robust,0.08,0.25,0.03,mutual_information,delta,adv_error,5,auroc,0.3078349944629014,0.12872639611571038,0.057568194442658656,0.14802568669008098,0.46764430223572184,5
vogn,robust,0.08,0.25,0.03,mutual_information,delta,adv_error,5,auprc,0.20347885764074897,0.11350824852246283,0.05076243194063339,0.0625623465735507,0.34439536870794724,5
vogn,robust,0.08,0.25,0.03,mutual_information,delta,adv_error,5,prevalence,0.132,0.010954451150103331,0.00489897948556636,0.11840043294806779,0.14559956705193222,5
vogn,robust,0.08,0.25,0.03,mutual_information,delta,adv_error,5,neg_spearman_p_safe,,,,,,0
vogn,robust,0.08,0.25,0.03,mutual_information,delta,adv_error,5,neg_spearman_p_safe_optimistic,,,,,,0
vogn,robust,0.08,0.25,0.03,mutual_information,delta,cert_fail_tau0.5,5,auroc,,,,,,0
vogn,robust,0.08,0.25,0.03,mutual_information,delta,cert_fail_tau0.5,5,auprc,,,,,,0
vogn,robust,0.08,0.25,0.03,mutual_information,delta,cert_fail_tau0.5,5,prevalence,,,,,,0
vogn,robust,0.08,0.25,0.03,mutual_information,delta,cert_fail_tau0.5,5,neg_spearman_p_safe,,,,,,0
vogn,robust,0.08,0.25,0.03,mutual_information,delta,cert_fail_tau0.5,5,neg_spearman_p_safe_optimistic,,,,,,0
vogn,robust,0.08,0.25,0.03,mutual_information,delta,cert_fail_tau0.9,5,auroc,,,,,,0
vogn,robust,0.08,0.25,0.03,mutual_information,delta,cert_fail_tau0.9,5,auprc,,,,,,0
vogn,robust,0.08,0.25,0.03,mutual_information,delta,cert_fail_tau0.9,5,prevalence,,,,,,0
vogn,robust,0.08,0.25,0.03,mutual_information,delta,cert_fail_tau0.9,5,neg_spearman_p_safe,,,,,,0
vogn,robust,0.08,0.25,0.03,mutual_information,delta,cert_fail_tau0.9,5,neg_spearman_p_safe_optimistic,,,,,,0
vogn,robust,0.08,0.25,0.03,mutual_information,delta,cert_fail_tau0.95,5,auroc,,,,,,0
vogn,robust,0.08,0.25,0.03,mutual_information,delta,cert_fail_tau0.95,5,auprc,,,,,,0
vogn,robust,0.08,0.25,0.03,mutual_information,delta,cert_fail_tau0.95,5,prevalence,,,,,,0
vogn,robust,0.08,0.25,0.03,mutual_information,delta,cert_fail_tau0.95,5,neg_spearman_p_safe,,,,,,0
vogn,robust,0.08,0.25,0.03,mutual_information,delta,cert_fail_tau0.95,5,neg_spearman_p_safe_optimistic,,,,,,0
vogn,robust,0.08,0.25,0.03,one_minus_confidence,adv,adv_error,5,auroc,0.9003271921876573,0.03758231074553177,0.016807320315705965,0.8536700709912576,0.9469843133840571,5
vogn,robust,0.08,0.25,0.03,one_minus_confidence,adv,adv_error,5,auprc,0.600156925609159,0.09630285641462018,0.043067946674098474,0.4806003056418616,0.7197135455764564,5
vogn,robust,0.08,0.25,0.03,one_minus_confidence,adv,adv_error,5,prevalence,0.132,0.010954451150103331,0.00489897948556636,0.11840043294806779,0.14559956705193222,5
vogn,robust,0.08,0.25,0.03,one_minus_confidence,adv,adv_error,5,neg_spearman_p_safe,,,,,,0
vogn,robust,0.08,0.25,0.03,one_minus_confidence,adv,adv_error,5,neg_spearman_p_safe_optimistic,,,,,,0
vogn,robust,0.08,0.25,0.03,one_minus_confidence,adv,cert_fail_tau0.5,5,auroc,,,,,,0
vogn,robust,0.08,0.25,0.03,one_minus_confidence,adv,cert_fail_tau0.5,5,auprc,,,,,,0
vogn,robust,0.08,0.25,0.03,one_minus_confidence,adv,cert_fail_tau0.5,5,prevalence,,,,,,0
vogn,robust,0.08,0.25,0.03,one_minus_confidence,adv,cert_fail_tau0.5,5,neg_spearman_p_safe,,,,,,0
vogn,robust,0.08,0.25,0.03,one_minus_confidence,adv,cert_fail_tau0.5,5,neg_spearman_p_safe_optimistic,,,,,,0
vogn,robust,0.08,0.25,0.03,one_minus_confidence,adv,cert_fail_tau0.9,5,auroc,,,,,,0
vogn,robust,0.08,0.25,0.03,one_minus_confidence,adv,cert_fail_tau0.9,5,auprc,,,,,,0
vogn,robust,0.08,0.25,0.03,one_minus_confidence,adv,cert_fail_tau0.9,5,prevalence,,,,,,0
vogn,robust,0.08,0.25,0.03,one_minus_confidence,adv,cert_fail_tau0.9,5,neg_spearman_p_safe,,,,,,0
vogn,robust,0.08,0.25,0.03,one_minus_confidence,adv,cert_fail_tau0.9,5,neg_spearman_p_safe_optimistic,,,,,,0
vogn,robust,0.08,0.25,0.03,one_minus_confidence,adv,cert_fail_tau0.95,5,auroc,,,,,,0
vogn,robust,0.08,0.25,0.03,one_minus_confidence,adv,cert_fail_tau0.95,5,auprc,,,,,,0
vogn,robust,0.08,0.25,0.03,one_minus_confidence,adv,cert_fail_tau0.95,5,prevalence,,,,,,0
vogn,robust,0.08,0.25,0.03,one_minus_confidence,adv,cert_fail_tau0.95,5,neg_spearman_p_safe,,,,,,0
vogn,robust,0.08,0.25,0.03,one_minus_confidence,adv,cert_fail_tau0.95,5,neg_spearman_p_safe_optimistic,,,,,,0
vogn,robust,0.08,0.25,0.03,one_minus_confidence,clean,adv_error,5,auroc,0.9491795026678748,0.01983523293027857,0.008870585836329046,0.9245547563862253,0.9738042489495242,5
vogn,robust,0.08,0.25,0.03,one_minus_confidence,clean,adv_error,5,auprc,0.82945988222304,0.0609008306398319,0.027235679439373228,0.75385363609934,0.90506612834674,5
vogn,robust,0.08,0.25,0.03,one_minus_confidence,clean,adv_error,5,prevalence,0.132,0.010954451150103331,0.00489897948556636,0.11840043294806779,0.14559956705193222,5
vogn,robust,0.08,0.25,0.03,one_minus_confidence,clean,adv_error,5,neg_spearman_p_safe,,,,,,0
vogn,robust,0.08,0.25,0.03,one_minus_confidence,clean,adv_error,5,neg_spearman_p_safe_optimistic,,,,,,0
vogn,robust,0.08,0.25,0.03,one_minus_confidence,clean,cert_fail_tau0.5,5,auroc,,,,,,0
vogn,robust,0.08,0.25,0.03,one_minus_confidence,clean,cert_fail_tau0.5,5,auprc,,,,,,0
vogn,robust,0.08,0.25,0.03,one_minus_confidence,clean,cert_fail_tau0.5,5,prevalence,,,,,,0
vogn,robust,0.08,0.25,0.03,one_minus_confidence,clean,cert_fail_tau0.5,5,neg_spearman_p_safe,,,,,,0
vogn,robust,0.08,0.25,0.03,one_minus_confidence,clean,cert_fail_tau0.5,5,neg_spearman_p_safe_optimistic,,,,,,0
vogn,robust,0.08,0.25,0.03,one_minus_confidence,clean,cert_fail_tau0.9,5,auroc,,,,,,0
vogn,robust,0.08,0.25,0.03,one_minus_confidence,clean,cert_fail_tau0.9,5,auprc,,,,,,0
vogn,robust,0.08,0.25,0.03,one_minus_confidence,clean,cert_fail_tau0.9,5,prevalence,,,,,,0
vogn,robust,0.08,0.25,0.03,one_minus_confidence,clean,cert_fail_tau0.9,5,neg_spearman_p_safe,,,,,,0
vogn,robust,0.08,0.25,0.03,one_minus_confidence,clean,cert_fail_tau0.9,5,neg_spearman_p_safe_optimistic,,,,,,0
vogn,robust,0.08,0.25,0.03,one_minus_confidence,clean,cert_fail_tau0.95,5,auroc,,,,,,0
vogn,robust,0.08,0.25,0.03,one_minus_confidence,clean,cert_fail_tau0.95,5,auprc,,,,,,0
vogn,robust,0.08,0.25,0.03,one_minus_confidence,clean,cert_fail_tau0.95,5,prevalence,,,,,,0
vogn,robust,0.08,0.25,0.03,one_minus_confidence,clean,cert_fail_tau0.95,5,neg_spearman_p_safe,,,,,,0
vogn,robust,0.08,0.25,0.03,one_minus_confidence,clean,cert_fail_tau0.95,5,neg_spearman_p_safe_optimistic,,,,,,0
vogn,robust,0.08,0.25,0.03,one_minus_confidence,delta,adv_error,5,auroc,0.3505461592670895,0.08721496889662213,0.03900371982167538,0.24227183304211863,0.45882048549206034,5
vogn,robust,0.08,0.25,0.03,one_minus_confidence,delta,adv_error,5,auprc,0.25163802457681894,0.04729195709327446,0.02114960616991301,0.19292671784914045,0.31034933130449743,5
vogn,robust,0.08,0.25,0.03,one_minus_confidence,delta,adv_error,5,prevalence,0.132,0.010954451150103331,0.00489897948556636,0.11840043294806779,0.14559956705193222,5
vogn,robust,0.08,0.25,0.03,one_minus_confidence,delta,adv_error,5,neg_spearman_p_safe,,,,,,0
vogn,robust,0.08,0.25,0.03,one_minus_confidence,delta,adv_error,5,neg_spearman_p_safe_optimistic,,,,,,0
vogn,robust,0.08,0.25,0.03,one_minus_confidence,delta,cert_fail_tau0.5,5,auroc,,,,,,0
vogn,robust,0.08,0.25,0.03,one_minus_confidence,delta,cert_fail_tau0.5,5,auprc,,,,,,0
vogn,robust,0.08,0.25,0.03,one_minus_confidence,delta,cert_fail_tau0.5,5,prevalence,,,,,,0
vogn,robust,0.08,0.25,0.03,one_minus_confidence,delta,cert_fail_tau0.5,5,neg_spearman_p_safe,,,,,,0
vogn,robust,0.08,0.25,0.03,one_minus_confidence,delta,cert_fail_tau0.5,5,neg_spearman_p_safe_optimistic,,,,,,0
vogn,robust,0.08,0.25,0.03,one_minus_confidence,delta,cert_fail_tau0.9,5,auroc,,,,,,0
vogn,robust,0.08,0.25,0.03,one_minus_confidence,delta,cert_fail_tau0.9,5,auprc,,,,,,0
vogn,robust,0.08,0.25,0.03,one_minus_confidence,delta,cert_fail_tau0.9,5,prevalence,,,,,,0
vogn,robust,0.08,0.25,0.03,one_minus_confidence,delta,cert_fail_tau0.9,5,neg_spearman_p_safe,,,,,,0
vogn,robust,0.08,0.25,0.03,one_minus_confidence,delta,cert_fail_tau0.9,5,neg_spearman_p_safe_optimistic,,,,,,0
vogn,robust,0.08,0.25,0.03,one_minus_confidence,delta,cert_fail_tau0.95,5,auroc,,,,,,0
vogn,robust,0.08,0.25,0.03,one_minus_confidence,delta,cert_fail_tau0.95,5,auprc,,,,,,0
vogn,robust,0.08,0.25,0.03,one_minus_confidence,delta,cert_fail_tau0.95,5,prevalence,,,,,,0
vogn,robust,0.08,0.25,0.03,one_minus_confidence,delta,cert_fail_tau0.95,5,neg_spearman_p_safe,,,,,,0
vogn,robust,0.08,0.25,0.03,one_minus_confidence,delta,cert_fail_tau0.95,5,neg_spearman_p_safe_optimistic,,,,,,0
vogn,robust,0.08,0.25,0.05,mutual_information,adv,adv_error,5,auroc,0.7667489353464964,0.041452033746337213,0.018537913052485054,0.7152876887127978,0.8182101819801949,5
vogn,robust,0.08,0.25,0.05,mutual_information,adv,adv_error,5,auprc,0.34690745707593534,0.051160202307064286,0.02287953802024746,0.2833938595317284,0.4104210546201423,5
vogn,robust,0.08,0.25,0.05,mutual_information,adv,adv_error,5,prevalence,0.164,0.008944271909999154,0.0039999999999999975,0.152896,0.175104,5
vogn,robust,0.08,0.25,0.05,mutual_information,adv,adv_error,5,neg_spearman_p_safe,0.799698026286807,0.006342800153193833,0.002836586462047498,0.7918236622681631,0.8075723903054508,5
vogn,robust,0.08,0.25,0.05,mutual_information,adv,adv_error,5,neg_spearman_p_safe_optimistic,0.7450876757431871,0.017831517926887766,0.007974497245305433,0.7229504713902193,0.767224880096155,5
vogn,robust,0.08,0.25,0.05,mutual_information,adv,cert_fail_tau0.5,5,auroc,0.937357910906298,0.02195636111305649,0.00981918319746545,0.910099858350134,0.9646159634624621,5
vogn,robust,0.08,0.25,0.05,mutual_information,adv,cert_fail_tau0.5,5,auprc,0.8697547252512423,0.0504731104768561,0.02257226121242141,0.8070941281255605,0.9324153223769241,5
vogn,robust,0.08,0.25,0.05,mutual_information,adv,cert_fail_tau0.5,5,prevalence,0.25820500534920127,0.03366510291789876,0.01505549171878963,0.21641096033784127,0.2999990503605613,5
vogn,robust,0.08,0.25,0.05,mutual_information,adv,cert_fail_tau0.5,5,neg_spearman_p_safe,,,,,,0
vogn,robust,0.08,0.25,0.05,mutual_information,adv,cert_fail_tau0.5,5,neg_spearman_p_safe_optimistic,,,,,,0
vogn,robust,0.08,0.25,0.05,mutual_information,adv,cert_fail_tau0.9,5,auroc,0.9796246286251401,0.008701004526358993,0.0038912075186944136,0.9688226365532444,0.9904266206970358,5
vogn,robust,0.08,0.25,0.05,mutual_information,adv,cert_fail_tau0.9,5,auprc,0.9680624817407255,0.018629887279087487,0.008331538873839642,0.9449341298269467,0.9911908336545043,5
vogn,robust,0.08,0.25,0.05,mutual_information,adv,cert_fail_tau0.9,5,prevalence,0.3747154471544715,0.0356829189566665,0.01595788648454443,0.3304163542733762,0.4190145400355669,5
vogn,robust,0.08,0.25,0.05,mutual_information,adv,cert_fail_tau0.9,5,neg_spearman_p_safe,,,,,,0
vogn,robust,0.08,0.25,0.05,mutual_information,adv,cert_fail_tau0.9,5,neg_spearman_p_safe_optimistic,,,,,,0
vogn,robust,0.08,0.25,0.05,mutual_information,adv,cert_fail_tau0.95,5,auroc,,,,,,0
vogn,robust,0.08,0.25,0.05,mutual_information,adv,cert_fail_tau0.95,5,auprc,1.0,0.0,0.0,1.0,1.0,5
vogn,robust,0.08,0.25,0.05,mutual_information,adv,cert_fail_tau0.95,5,prevalence,1.0,0.0,0.0,1.0,1.0,5
vogn,robust,0.08,0.25,0.05,mutual_information,adv,cert_fail_tau0.95,5,neg_spearman_p_safe,,,,,,0
vogn,robust,0.08,0.25,0.05,mutual_information,adv,cert_fail_tau0.95,5,neg_spearman_p_safe_optimistic,,,,,,0
vogn,robust,0.08,0.25,0.05,mutual_information,clean,adv_error,5,auroc,0.980836236933798,0.014416474993609396,0.006447243616327291,0.9629386886548734,0.9987337852127225,5
vogn,robust,0.08,0.25,0.05,mutual_information,clean,adv_error,5,auprc,0.9181780102613436,0.05590277512219541,0.02500048106082261,0.8487766748365,0.9875793456861872,5
vogn,robust,0.08,0.25,0.05,mutual_information,clean,adv_error,5,prevalence,0.164,0.008944271909999154,0.0039999999999999975,0.152896,0.175104,5
vogn,robust,0.08,0.25,0.05,mutual_information,clean,adv_error,5,neg_spearman_p_safe,0.8055164526574364,0.017171711270426354,0.00767942273813452,0.784198375136375,0.8268345301784978,5
vogn,robust,0.08,0.25,0.05,mutual_information,clean,adv_error,5,neg_spearman_p_safe_optimistic,0.7592398660368965,0.03386083250036382,0.015143024649109535,0.7172028296109685,0.8012769024628246,5
vogn,robust,0.08,0.25,0.05,mutual_information,clean,cert_fail_tau0.5,5,auroc,0.9748684075780851,0.022974823739792823,0.010274653530650537,0.9463459693769992,1.003390845779171,5
vogn,robust,0.08,0.25,0.05,mutual_information,clean,cert_fail_tau0.5,5,auprc,0.944497311486107,0.04883760360568618,0.021840840304100627,0.8838671388019237,1.0051274841702904,5
vogn,robust,0.08,0.25,0.05,mutual_information,clean,cert_fail_tau0.5,5,prevalence,0.25820500534920127,0.03366510291789876,0.01505549171878963,0.21641096033784127,0.2999990503605613,5
vogn,robust,0.08,0.25,0.05,mutual_information,clean,cert_fail_tau0.5,5,neg_spearman_p_safe,,,,,,0
vogn,robust,0.08,0.25,0.05,mutual_information,clean,cert_fail_tau0.5,5,neg_spearman_p_safe_optimistic,,,,,,0
vogn,robust,0.08,0.25,0.05,mutual_information,clean,cert_fail_tau0.9,5,auroc,0.9666067308082654,0.015536989883360752,0.006948353108984234,0.9473181025777252,0.9858953590388057,5
vogn,robust,0.08,0.25,0.05,mutual_information,clean,cert_fail_tau0.9,5,auprc,0.9530103952875265,0.022117128879736166,0.009891080728442766,0.9255527551853694,0.9804680353896836,5
vogn,robust,0.08,0.25,0.05,mutual_information,clean,cert_fail_tau0.9,5,prevalence,0.3747154471544715,0.0356829189566665,0.01595788648454443,0.3304163542733762,0.4190145400355669,5
vogn,robust,0.08,0.25,0.05,mutual_information,clean,cert_fail_tau0.9,5,neg_spearman_p_safe,,,,,,0
vogn,robust,0.08,0.25,0.05,mutual_information,clean,cert_fail_tau0.9,5,neg_spearman_p_safe_optimistic,,,,,,0
vogn,robust,0.08,0.25,0.05,mutual_information,clean,cert_fail_tau0.95,5,auroc,,,,,,0
vogn,robust,0.08,0.25,0.05,mutual_information,clean,cert_fail_tau0.95,5,auprc,1.0,0.0,0.0,1.0,1.0,5
vogn,robust,0.08,0.25,0.05,mutual_information,clean,cert_fail_tau0.95,5,prevalence,1.0,0.0,0.0,1.0,1.0,5
vogn,robust,0.08,0.25,0.05,mutual_information,clean,cert_fail_tau0.95,5,neg_spearman_p_safe,,,,,,0
vogn,robust,0.08,0.25,0.05,mutual_information,clean,cert_fail_tau0.95,5,neg_spearman_p_safe_optimistic,,,,,,0
vogn,robust,0.08,0.25,0.05,mutual_information,delta,adv_error,5,auroc,0.19524293457220285,0.08334828278071746,0.03727448522111188,0.09176896359839627,0.29871690554600944,5
vogn,robust,0.08,0.25,0.05,mutual_information,delta,adv_error,5,auprc,0.1341136050551669,0.01645411093568107,0.007358502112301107,0.11368640319141902,0.15454080691891475,5
vogn,robust,0.08,0.25,0.05,mutual_information,delta,adv_error,5,prevalence,0.164,0.008944271909999154,0.0039999999999999975,0.152896,0.175104,5
vogn,robust,0.08,0.25,0.05,mutual_information,delta,adv_error,5,neg_spearman_p_safe,0.1318177623262275,0.10661320311485281,0.04767887389276064,-0.0005387916000760273,0.264174316252531,5
vogn,robust,0.08,0.25,0.05,mutual_information,delta,adv_error,5,neg_spearman_p_safe_optimistic,0.05649164976541236,0.11674151364406662,0.05220839206087043,-0.08843884659556396,0.2014221461263887,5
vogn,robust,0.08,0.25,0.05,mutual_information,delta,cert_fail_tau0.5,5,auroc,0.40774801587301585,0.09703305515561153,0.04339450147848676,0.2872848797687366,0.5282111519772951,5
vogn,robust,0.08,0.25,0.05,mutual_information,delta,cert_fail_tau0.5,5,auprc,0.4714076967386672,0.11456312023117471,0.05123418491027761,0.3291815994277366,0.6136337940495978,5
vogn,robust,0.08,0.25,0.05,mutual_information,delta,cert_fail_tau0.5,5,prevalence,0.25820500534920127,0.03366510291789876,0.01505549171878963,0.21641096033784127,0.2999990503605613,5
vogn,robust,0.08,0.25,0.05,mutual_information,delta,cert_fail_tau0.5,5,neg_spearman_p_safe,,,,,,0
vogn,robust,0.08,0.25,0.05,mutual_information,delta,cert_fail_tau0.5,5,neg_spearman_p_safe_optimistic,,,,,,0
vogn,robust,0.08,0.25,0.05,mutual_information,delta,cert_fail_tau0.9,5,auroc,0.5688375350140056,0.07238477736351899,0.03237145654420329,0.4789743716472972,0.6587006983807139,5
vogn,robust,0.08,0.25,0.05,mutual_information,delta,cert_fail_tau0.9,5,auprc,0.6971034210447793,0.07204430608187493,0.03221919315817477,0.6076629408376861,0.7865439012518725,5
vogn,robust,0.08,0.25,0.05,mutual_information,delta,cert_fail_tau0.9,5,prevalence,0.3747154471544715,0.0356829189566665,0.01595788648454443,0.3304163542733762,0.4190145400355669,5
vogn,robust,0.08,0.25,0.05,mutual_information,delta,cert_fail_tau0.9,5,neg_spearman_p_safe,,,,,,0
vogn,robust,0.08,0.25,0.05,mutual_information,delta,cert_fail_tau0.9,5,neg_spearman_p_safe_optimistic,,,,,,0
vogn,robust,0.08,0.25,0.05,mutual_information,delta,cert_fail_tau0.95,5,auroc,,,,,,0
vogn,robust,0.08,0.25,0.05,mutual_information,delta,cert_fail_tau0.95,5,auprc,1.0,0.0,0.0,1.0,1.0,5
vogn,robust,0.08,0.25,0.05,mutual_information,delta,cert_fail_tau0.95,5,prevalence,1.0,0.0,0.0,1.0,1.0,5
vogn,robust,0.08,0.25,0.05,mutual_information,delta,cert_fail_tau0.95,5,neg_spearman_p_safe,,,,,,0
vogn,robust,0.08,0.25,0.05,mutual_information,delta,cert_fail_tau0.95,5,neg_spearman_p_safe_optimistic,,,,,,0
vogn,robust,0.08,0.25,0.05,one_minus_confidence,adv,adv_error,5,auroc,0.7411875725900117,0.03147581084214891,0.014076410537993973,0.7021114569365404,0.7802636882434829,5
vogn,robust,0.08,0.25,0.05,one_minus_confidence,adv,adv_error,5,auprc,0.3875150629325125,0.06188707232911444,0.027676740131269223,0.3106844323281091,0.46434569353691585,5
vogn,robust,0.08,0.25,0.05,one_minus_confidence,adv,adv_error,5,prevalence,0.164,0.008944271909999154,0.0039999999999999975,0.152896,0.175104,5
vogn,robust,0.08,0.25,0.05,one_minus_confidence,adv,adv_error,5,neg_spearman_p_safe,0.770222313050166,0.011561370535453957,0.0051704020860676375,0.7558692768592422,0.7845753492410897,5
vogn,robust,0.08,0.25,0.05,one_minus_confidence,adv,adv_error,5,neg_spearman_p_safe_optimistic,0.6761644903652373,0.04722954124305535,0.021121692953120334,0.6175306707273752,0.7347983100030994,5
vogn,robust,0.08,0.25,0.05,one_minus_confidence,adv,cert_fail_tau0.5,5,auroc,0.896799795186892,0.015049815263999807,0.006730481995823503,0.8781159771664859,0.9154836132072981,5
vogn,robust,0.08,0.25,0.05,one_minus_confidence,adv,cert_fail_tau0.5,5,auprc,0.797921263921264,0.06339772401700579,0.028352324104159193,0.719215212208118,0.8766273156344099,5
vogn,robust,0.08,0.25,0.05,one_minus_confidence,adv,cert_fail_tau0.5,5,prevalence,0.25820500534920127,0.03366510291789876,0.01505549171878963,0.21641096033784127,0.2999990503605613,5
vogn,robust,0.08,0.25,0.05,one_minus_confidence,adv,cert_fail_tau0.5,5,neg_spearman_p_safe,,,,,,0
vogn,robust,0.08,0.25,0.05,one_minus_confidence,adv,cert_fail_tau0.5,5,neg_spearman_p_safe_optimistic,,,,,,0
vogn,robust,0.08,0.25,0.05,one_minus_confidence,adv,cert_fail_tau0.9,5,auroc,0.9573070340287734,0.0040252792428378216,0.0018001596030808504,0.952309790970621,0.9623042770869258,5
vogn,robust,0.08,0.25,0.05,one_minus_confidence,adv,cert_fail_tau0.9,5,auprc,0.9404491222524843,0.01389250067587781,0.006212915177744911,0.9232020697190645,0.9576961747859042,5
vogn,robust,0.08,0.25,0.05,one_minus_confidence,adv,cert_fail_tau0.9,5,prevalence,0.3747154471544715,0.0356829189566665,0.01595788648454443,0.3304163542733762,0.4190145400355669,5
vogn,robust,0.08,0.25,0.05,one_minus_confidence,adv,cert_fail_tau0.9,5,neg_spearman_p_safe,,,,,,0
vogn,robust,0.08,0.25,0.05,one_minus_confidence,adv,cert_fail_tau0.9,5,neg_spearman_p_safe_optimistic,,,,,,0
vogn,robust,0.08,0.25,0.05,one_minus_confidence,adv,cert_fail_tau0.95,5,auroc,,,,,,0
vogn,robust,0.08,0.25,0.05,one_minus_confidence,adv,cert_fail_tau0.95,5,auprc,1.0,0.0,0.0,1.0,1.0,5
vogn,robust,0.08,0.25,0.05,one_minus_confidence,adv,cert_fail_tau0.95,5,prevalence,1.0,0.0,0.0,1.0,1.0,5
vogn,robust,0.08,0.25,0.05,one_minus_confidence,adv,cert_fail_tau0.95,5,neg_spearman_p_safe,,,,,,0
vogn,robust,0.08,0.25,0.05,one_minus_confidence,adv,cert_fail_tau0.95,5,neg_spearman_p_safe_optimistic,,,,,,0
vogn,robust,0.08,0.25,0.05,one_minus_confidence,clean,adv_error,5,auroc,0.9275745257452573,0.020270062306055627,0.009065047444899305,0.9024099540382169,0.9527390974522978,5
vogn,robust,0.08,0.25,0.05,one_minus_confidence,clean,adv_error,5,auprc,0.7779985195116774,0.06482280917840617,0.0289896415630827,0.6975232745325599,0.8584737644907949,5
vogn,robust,0.08,0.25,0.05,one_minus_confidence,clean,adv_error,5,prevalence,0.164,0.008944271909999154,0.0039999999999999975,0.152896,0.175104,5
vogn,robust,0.08,0.25,0.05,one_minus_confidence,clean,adv_error,5,neg_spearman_p_safe,0.7086395765181674,0.016988885195210284,0.007597660431685996,0.6875484711598071,0.7297306818765278,5
vogn,robust,0.08,0.25,0.05,one_minus_confidence,clean,adv_error,5,neg_spearman_p_safe_optimistic,0.6346589765145785,0.02785873485648741,0.012458804981249738,0.6000733338866292,0.6692446191425278,5
vogn,robust,0.08,0.25,0.05,one_minus_confidence,clean,cert_fail_tau0.5,5,auroc,0.9033460061443932,0.026294390128433313,0.011759208750815263,0.87070244265213,0.9359895696366564,5
vogn,robust,0.08,0.25,0.05,one_minus_confidence,clean,cert_fail_tau0.5,5,auprc,0.7864467115781679,0.054782732080161704,0.024499582584880004,0.7184358703225411,0.8544575528337948,5
vogn,robust,0.08,0.25,0.05,one_minus_confidence,clean,cert_fail_tau0.5,5,prevalence,0.25820500534920127,0.03366510291789876,0.01505549171878963,0.21641096033784127,0.2999990503605613,5
vogn,robust,0.08,0.25,0.05,one_minus_confidence,clean,cert_fail_tau0.5,5,neg_spearman_p_safe,,,,,,0
vogn,robust,0.08,0.25,0.05,one_minus_confidence,clean,cert_fail_tau0.5,5,neg_spearman_p_safe_optimistic,,,,,,0
vogn,robust,0.08,0.25,0.05,one_minus_confidence,clean,cert_fail_tau0.9,5,auroc,0.9112541840370485,0.014587848856425409,0.006523884337691957,0.8931438811156156,0.9293644869584814,5
vogn,robust,0.08,0.25,0.05,one_minus_confidence,clean,cert_fail_tau0.9,5,auprc,0.8606555898129576,0.028095973927518367,0.012564901519198562,0.8257754231956624,0.8955357564302528,5
vogn,robust,0.08,0.25,0.05,one_minus_confidence,clean,cert_fail_tau0.9,5,prevalence,0.3747154471544715,0.0356829189566665,0.01595788648454443,0.3304163542733762,0.4190145400355669,5
vogn,robust,0.08,0.25,0.05,one_minus_confidence,clean,cert_fail_tau0.9,5,neg_spearman_p_safe,,,,,,0
vogn,robust,0.08,0.25,0.05,one_minus_confidence,clean,cert_fail_tau0.9,5,neg_spearman_p_safe_optimistic,,,,,,0
vogn,robust,0.08,0.25,0.05,one_minus_confidence,clean,cert_fail_tau0.95,5,auroc,,,,,,0
vogn,robust,0.08,0.25,0.05,one_minus_confidence,clean,cert_fail_tau0.95,5,auprc,1.0,0.0,0.0,1.0,1.0,5
vogn,robust,0.08,0.25,0.05,one_minus_confidence,clean,cert_fail_tau0.95,5,prevalence,1.0,0.0,0.0,1.0,1.0,5
vogn,robust,0.08,0.25,0.05,one_minus_confidence,clean,cert_fail_tau0.95,5,neg_spearman_p_safe,,,,,,0
vogn,robust,0.08,0.25,0.05,one_minus_confidence,clean,cert_fail_tau0.95,5,neg_spearman_p_safe_optimistic,,,,,,0
vogn,robust,0.08,0.25,0.05,one_minus_confidence,delta,adv_error,5,auroc,0.3265534262485482,0.08292967398037218,0.03708727767440155,0.2235991434244095,0.4295077090726869,5
vogn,robust,0.08,0.25,0.05,one_minus_confidence,delta,adv_error,5,auprc,0.22157350170890275,0.03028558063435233,0.013544123407292602,0.1839750151302585,0.259171988287547,5
vogn,robust,0.08,0.25,0.05,one_minus_confidence,delta,adv_error,5,prevalence,0.164,0.008944271909999154,0.0039999999999999975,0.152896,0.175104,5
vogn,robust,0.08,0.25,0.05,one_minus_confidence,delta,adv_error,5,neg_spearman_p_safe,0.37450202762722606,0.08214245585408038,0.036735223025699856,0.2725250485078833,0.47647900674656885,5
vogn,robust,0.08,0.25,0.05,one_minus_confidence,delta,adv_error,5,neg_spearman_p_safe_optimistic,0.2561588967624115,0.09909745610707027,0.044317729650542155,0.1331328792525065,0.3791849142723165,5
vogn,robust,0.08,0.25,0.05,one_minus_confidence,delta,cert_fail_tau0.5,5,auroc,0.5301312083973374,0.07794739844094715,0.03485913631664379,0.43336224598233425,0.6269001708123405,5
vogn,robust,0.08,0.25,0.05,one_minus_confidence,delta,cert_fail_tau0.5,5,auprc,0.5953839019429428,0.08839796377064162,0.03953277121274366,0.48564092905636635,0.7051268748295192,5
vogn,robust,0.08,0.25,0.05,one_minus_confidence,delta,cert_fail_tau0.5,5,prevalence,0.25820500534920127,0.03366510291789876,0.01505549171878963,0.21641096033784127,0.2999990503605613,5
vogn,robust,0.08,0.25,0.05,one_minus_confidence,delta,cert_fail_tau0.5,5,neg_spearman_p_safe,,,,,,0
vogn,robust,0.08,0.25,0.05,one_minus_confidence,delta,cert_fail_tau0.5,5,neg_spearman_p_safe_optimistic,,,,,,0
vogn,robust,0.08,0.25,0.05,one_minus_confidence,delta,cert_fail_tau0.9,5,auroc,0.6579197012138189,0.05925721910457953,0.026500634015087808,0.5843539411879352,0.7314854612397027,5
vogn,robust,0.08,0.25,0.05,one_minus_confidence,delta,cert_fail_tau0.9,5,auprc,0.7657241230391836,0.051809564222875144,0.023169941497397976,0.7014043654424068,0.8300438806359604,5
vogn,robust,0.08,0.25,0.05,one_minus_confidence,delta,cert_fail_tau0.9,5,prevalence,0.3747154471544715,0.0356829189566665,0.01595788648454443,0.3304163542733762,0.4190145400355669,5
vogn,robust,0.08,0.25,0.05,one_minus_confidence,delta,cert_fail_tau0.9,5,neg_spearman_p_safe,,,,,,0
vogn,robust,0.08,0.25,0.05,one_minus_confidence,delta,cert_fail_tau0.9,5,neg_spearman_p_safe_optimistic,,,,,,0
vogn,robust,0.08,0.25,0.05,one_minus_confidence,delta,cert_fail_tau0.95,5,auroc,,,,,,0
vogn,robust,0.08,0.25,0.05,one_minus_confidence,delta,cert_fail_tau0.95,5,auprc,1.0,0.0,0.0,1.0,1.0,5
vogn,robust,0.08,0.25,0.05,one_minus_confidence,delta,cert_fail_tau0.95,5,prevalence,1.0,0.0,0.0,1.0,1.0,5
vogn,robust,0.08,0.25,0.05,one_minus_confidence,delta,cert_fail_tau0.95,5,neg_spearman_p_safe,,,,,,0
vogn,robust,0.08,0.25,0.05,one_minus_confidence,delta,cert_fail_tau0.95,5,neg_spearman_p_safe_optimistic,,,,,,0
vogn,robust,0.08,0.25,0.07,mutual_information,adv,adv_error,5,auroc,0.6999004268396588,0.05755411063250433,0.02573898075176462,0.6284490162727603,0.7713518374065573,5
vogn,robust,0.08,0.25,0.07,mutual_information,adv,adv_error,5,auprc,0.4040649839854379,0.14925075056849027,0.06674696479280193,0.21877540972061976,0.589354558250256,5
vogn,robust,0.08,0.25,0.07,mutual_information,adv,adv_error,5,prevalence,0.244,0.051768716422179145,0.023151673805580454,0.17973095351570867,0.3082690464842913,5
vogn,robust,0.08,0.25,0.07,mutual_information,adv,adv_error,5,neg_spearman_p_safe,0.7717270930289022,0.012551615626653528,0.005613253153729182,0.75614470227415,0.7873094837836544,5
vogn,robust,0.08,0.25,0.07,mutual_information,adv,adv_error,5,neg_spearman_p_safe_optimistic,0.6827734463440976,0.02788070230083024,0.01246862912101824,0.648160531904151,0.7173863607840443,5
vogn,robust,0.08,0.25,0.07,mutual_information,adv,cert_fail_tau0.5,5,auroc,0.9309458779524569,0.005067432326581427,0.002266224630723197,0.9246548383775692,0.9372369175273445,5
vogn,robust,0.08,0.25,0.07,mutual_information,adv,cert_fail_tau0.5,5,auprc,0.9419063450105598,0.005588529249569622,0.0024992662592567124,0.9349683818748632,0.9488443081462564,5
vogn,robust,0.08,0.25,0.07,mutual_information,adv,cert_fail_tau0.5,5,prevalence,0.46886963343317645,0.01616827070095019,0.0072306704731885585,0.448797292199605,0.4889419746667479,5
vogn,robust,0.08,0.25,0.07,mutual_information,adv,cert_fail_tau0.5,5,neg_spearman_p_safe,,,,,,0
vogn,robust,0.08,0.25,0.07,mutual_information,adv,cert_fail_tau0.5,5,neg_spearman_p_safe_optimistic,,,,,,0
vogn,robust,0.08,0.25,0.07,mutual_information,adv,cert_fail_tau0.9,5,auroc,0.9607696882580784,0.004943083863102158,0.002210614307275738,0.954633022941081,0.9669063535750758,5
vogn,robust,0.08,0.25,0.07,mutual_information,adv,cert_fail_tau0.9,5,auprc,0.9757958251032314,0.004776510029005347,0.0021361202240130894,0.969865955361371,0.9817256948450918,5
vogn,robust,0.08,0.25,0.07,mutual_information,adv,cert_fail_tau0.9,5,prevalence,0.5564959696538645,0.019152010506775098,0.008565039479787862,0.5327194200579733,0.5802725192497556,5
vogn,robust,0.08,0.25,0.07,mutual_information,adv,cert_fail_tau0.9,5,neg_spearman_p_safe,,,,,,0
vogn,robust,0.08,0.25,0.07,mutual_information,adv,cert_fail_tau0.9,5,neg_spearman_p_safe_optimistic,,,,,,0
vogn,robust,0.08,0.25,0.07,mutual_information,adv,cert_fail_tau0.95,5,auroc,,,,,,0
vogn,robust,0.08,0.25,0.07,mutual_information,adv,cert_fail_tau0.95,5,auprc,1.0,0.0,0.0,1.0,1.0,5
vogn,robust,0.08,0.25,0.07,mutual_information,adv,cert_fail_tau0.95,5,prevalence,1.0,0.0,0.0,1.0,1.0,5
vogn,robust,0.08,0.25,0.07,mutual_information,adv,cert_fail_tau0.95,5,neg_spearman_p_safe,,,,,,0
vogn,robust,0.08,0.25,0.07,mutual_information,adv,cert_fail_tau0.95,5,neg_spearman_p_safe_optimistic,,,,,,0
vogn,robust,0.08,0.25,0.07,mutual_information,clean,adv_error,5,auroc,0.9249808361428652,0.011554186206283634,0.005167189156388122,0.9106367190447318,0.9393249532409986,5
vogn,robust,0.08,0.25,0.07,mutual_information,clean,adv_error,5,auprc,0.8643151722374212,0.02933835815000884,0.013120512634330948,0.8278926291645184,0.9007377153103239,5
vogn,robust,0.08,0.25,0.07,mutual_information,clean,adv_error,5,prevalence,0.244,0.051768716422179145,0.023151673805580454,0.17973095351570867,0.3082690464842913,5
vogn,robust,0.08,0.25,0.07,mutual_information,clean,adv_error,5,neg_spearman_p_safe,0.7016588767187234,0.020464603055908186,0.009152048713112126,0.6762527894911241,0.7270649639463227,5
vogn,robust,0.08,0.25,0.07,mutual_information,clean,adv_error,5,neg_spearman_p_safe_optimistic,0.7362040828392145,0.03250834028974139,0.014538171744711389,0.6958461180758957,0.7765620476025332,5
vogn,robust,0.08,0.25,0.07,mutual_information,clean,cert_fail_tau0.5,5,auroc,0.9383428742310322,0.016130226089886075,0.007213656405885179,0.918317764048295,0.9583679844137695,5
vogn,robust,0.08,0.25,0.07,mutual_information,clean,cert_fail_tau0.5,5,auprc,0.9345812290626245,0.022110246870309897,0.00988800300026298,0.9071321327338945,0.9620303253913546,5
vogn,robust,0.08,0.25,0.07,mutual_information,clean,cert_fail_tau0.5,5,prevalence,0.46886963343317645,0.01616827070095019,0.0072306704731885585,0.448797292199605,0.4889419746667479,5
vogn,robust,0.08,0.25,0.07,mutual_information,clean,cert_fail_tau0.5,5,neg_spearman_p_safe,,,,,,0
vogn,robust,0.08,0.25,0.07,mutual_information,clean,cert_fail_tau0.5,5,neg_spearman_p_safe_optimistic,,,,,,0
vogn,robust,0.08,0.25,0.07,mutual_information,clean,cert_fail_tau0.9,5,auroc,0.9409470534625333,0.012659848087733282,0.005661656181798468,0.9252302959018607,0.9566638110232059,5
vogn,robust,0.08,0.25,0.07,mutual_information,clean,cert_fail_tau0.9,5,auprc,0.9525145817953685,0.012502817994023412,0.005591430188988781,0.9369927715907357,0.9680363920000014,5
vogn,robust,0.08,0.25,0.07,mutual_information,clean,cert_fail_tau0.9,5,prevalence,0.5564959696538645,0.019152010506775098,0.008565039479787862,0.5327194200579733,0.5802725192497556,5
vogn,robust,0.08,0.25,0.07,mutual_information,clean,cert_fail_tau0.9,5,neg_spearman_p_safe,,,,,,0
vogn,robust,0.08,0.25,0.07,mutual_information,clean,cert_fail_tau0.9,5,neg_spearman_p_safe_optimistic,,,,,,0
vogn,robust,0.08,0.25,0.07,mutual_information,clean,cert_fail_tau0.95,5,auroc,,,,,,0
vogn,robust,0.08,0.25,0.07,mutual_information,clean,cert_fail_tau0.95,5,auprc,1.0,0.0,0.0,1.0,1.0,5
vogn,robust,0.08,0.25,0.07,mutual_information,clean,cert_fail_tau0.95,5,prevalence,1.0,0.0,0.0,1.0,1.0,5
vogn,robust,0.08,0.25,0.07,mutual_information,clean,cert_fail_tau0.95,5,neg_spearman_p_safe,,,,,,0
vogn,robust,0.08,0.25,0.07,mutual_information,clean,cert_fail_tau0.95,5,neg_spearman_p_safe_optimistic,,,,,,0
vogn,robust,0.08,0.25,0.07,mutual_information,delta,adv_error,5,auroc,0.2922401060124763,0.09958280403117224,0.04453478384074824,0.16861154607055917,0.4158686659543934,5
vogn,robust,0.08,0.25,0.07,mutual_information,delta,adv_error,5,auprc,0.2521904124930261,0.12589415451157934,0.056301577491550646,0.09589723337648151,0.4084835916095707,5
vogn,robust,0.08,0.25,0.07,mutual_information,delta,adv_error,5,prevalence,0.244,0.051768716422179145,0.023151673805580454,0.17973095351570867,0.3082690464842913,5
vogn,robust,0.08,0.25,0.07,mutual_information,delta,adv_error,5,neg_spearman_p_safe,0.22665191642026108,0.07935394841012783,0.03548816458561144,0.12813677153060374,0.32516706130991846,5
vogn,robust,0.08,0.25,0.07,mutual_information,delta,adv_error,5,neg_spearman_p_safe_optimistic,0.057622277875832795,0.06909806328953585,0.030901593325796978,-0.02816054519657961,0.1434051009482452,5
vogn,robust,0.08,0.25,0.07,mutual_information,delta,cert_fail_tau0.5,5,auroc,0.5711506037821827,0.0358092958664377,0.016014403956751383,0.5266946183982409,0.6156065891661245,5
vogn,robust,0.08,0.25,0.07,mutual_information,delta,cert_fail_tau0.5,5,auprc,0.7444721354071379,0.02836984818260539,0.012687381809530903,0.7092519635038801,0.7796923073103956,5
vogn,robust,0.08,0.25,0.07,mutual_information,delta,cert_fail_tau0.5,5,prevalence,0.46886963343317645,0.01616827070095019,0.0072306704731885585,0.448797292199605,0.4889419746667479,5
vogn,robust,0.08,0.25,0.07,mutual_information,delta,cert_fail_tau0.5,5,neg_spearman_p_safe,,,,,,0
vogn,robust,0.08,0.25,0.07,mutual_information,delta,cert_fail_tau0.5,5,neg_spearman_p_safe_optimistic,,,,,,0
vogn,robust,0.08,0.25,0.07,mutual_information,delta,cert_fail_tau0.9,5,auroc,0.6204891490088859,0.03684885903859196,0.016479310740719833,0.5747425823926476,0.6662357156251241,5
vogn,robust,0.08,0.25,0.07,mutual_information,delta,cert_fail_tau0.9,5,auprc,0.8130325822843363,0.02384070729093667,0.01066188842684185,0.7834351800114233,0.8426299845572492,5
vogn,robust,0.08,0.25,0.07,mutual_information,delta,cert_fail_tau0.9,5,prevalence,0.5564959696538645,0.019152010506775098,0.008565039479787862,0.5327194200579733,0.5802725192497556,5
vogn,robust,0.08,0.25,0.07,mutual_information,delta,cert_fail_tau0.9,5,neg_spearman_p_safe,,,,,,0
vogn,robust,0.08,0.25,0.07,mutual_information,delta,cert_fail_tau0.9,5,neg_spearman_p_safe_optimistic,,,,,,0
vogn,robust,0.08,0.25,0.07,mutual_information,delta,cert_fail_tau0.95,5,auroc,,,,,,0
vogn,robust,0.08,0.25,0.07,mutual_information,delta,cert_fail_tau0.95,5,auprc,1.0,0.0,0.0,1.0,1.0,5
vogn,robust,0.08,0.25,0.07,mutual_information,delta,cert_fail_tau0.95,5,prevalence,1.0,0.0,0.0,1.0,1.0,5
vogn,robust,0.08,0.25,0.07,mutual_information,delta,cert_fail_tau0.95,5,neg_spearman_p_safe,,,,,,0
vogn,robust,0.08,0.25,0.07,mutual_information,delta,cert_fail_tau0.95,5,neg_spearman_p_safe_optimistic,,,,,,0
vogn,robust,0.08,0.25,0.07,one_minus_confidence,adv,adv_error,5,auroc,0.6808148999377385,0.06795073721687464,0.03038849350763131,0.5964564419605539,0.765173357914923,5
vogn,robust,0.08,0.25,0.07,one_minus_confidence,adv,adv_error,5,auprc,0.42620601217285586,0.1821017668643423,0.08143838590629761,0.20013305289697372,0.652278971448738,5
vogn,robust,0.08,0.25,0.07,one_minus_confidence,adv,adv_error,5,prevalence,0.244,0.051768716422179145,0.023151673805580454,0.17973095351570867,0.3082690464842913,5
vogn,robust,0.08,0.25,0.07,one_minus_confidence,adv,adv_error,5,neg_spearman_p_safe,0.751129670384989,0.025105661805406465,0.011227593283401791,0.7199618714302657,0.7822974693397123,5
vogn,robust,0.08,0.25,0.07,one_minus_confidence,adv,adv_error,5,neg_spearman_p_safe_optimistic,0.6062664257322405,0.03256373126186801,0.014562943340514375,0.5658396950189727,0.6466931564455084,5
vogn,robust,0.08,0.25,0.07,one_minus_confidence,adv,cert_fail_tau0.5,5,auroc,0.9217295131768815,0.009363483499761469,0.004187477122332856,0.9101050766852854,0.9333539496684775,5
vogn,robust,0.08,0.25,0.07,one_minus_confidence,adv,cert_fail_tau0.5,5,auprc,0.9336648377363911,0.011955419723076165,0.005346626240068003,0.9188226032939623,0.9485070721788199,5
vogn,robust,0.08,0.25,0.07,one_minus_confidence,adv,cert_fail_tau0.5,5,prevalence,0.46886963343317645,0.01616827070095019,0.0072306704731885585,0.448797292199605,0.4889419746667479,5
vogn,robust,0.08,0.25,0.07,one_minus_confidence,adv,cert_fail_tau0.5,5,neg_spearman_p_safe,,,,,,0
vogn,robust,0.08,0.25,0.07,one_minus_confidence,adv,cert_fail_tau0.5,5,neg_spearman_p_safe_optimistic,,,,,,0
vogn,robust,0.08,0.25,0.07,one_minus_confidence,adv,cert_fail_tau0.9,5,auroc,0.9464654366531302,0.011603516172452226,0.005189250187924269,0.9320600781314524,0.960870795174808,5
vogn,robust,0.08,0.25,0.07,one_minus_confidence,adv,cert_fail_tau0.9,5,auprc,0.9663555874243857,0.010331674136996514,0.004620465138340136,0.9535291762003535,0.9791819986484178,5
vogn,robust,0.08,0.25,0.07,one_minus_confidence,adv,cert_fail_tau0.9,5,prevalence,0.5564959696538645,0.019152010506775098,0.008565039479787862,0.5327194200579733,0.5802725192497556,5
vogn,robust,0.08,0.25,0.07,one_minus_confidence,adv,cert_fail_tau0.9,5,neg_spearman_p_safe,,,,,,0
vogn,robust,0.08,0.25,0.07,one_minus_confidence,adv,cert_fail_tau0.9,5,neg_spearman_p_safe_optimistic,,,,,,0
vogn,robust,0.08,0.25,0.07,one_minus_confidence,adv,cert_fail_tau0.95,5,auroc,,,,,,0
vogn,robust,0.08,0.25,0.07,one_minus_confidence,adv,cert_fail_tau0.95,5,auprc,1.0,0.0,0.0,1.0,1.0,5
vogn,robust,0.08,0.25,0.07,one_minus_confidence,adv,cert_fail_tau0.95,5,prevalence,1.0,0.0,0.0,1.0,1.0,5
vogn,robust,0.08,0.25,0.07,one_minus_confidence,adv,cert_fail_tau0.95,5,neg_spearman_p_safe,,,,,,0
vogn,robust,0.08,0.25,0.07,one_minus_confidence,adv,cert_fail_tau0.95,5,neg_spearman_p_safe_optimistic,,,,,,0
vogn,robust,0.08,0.25,0.07,one_minus_confidence,clean,adv_error,5,auroc,0.8543552824413467,0.03836024922508301,0.017155224980223847,0.8067323778962453,0.9019781869864482,5
vogn,robust,0.08,0.25,0.07,one_minus_confidence,clean,adv_error,5,auprc,0.7077230749950638,0.0616729341731438,0.02758097463660386,0.6311582894038515,0.7842878605862761,5
vogn,robust,0.08,0.25,0.07,one_minus_confidence,clean,adv_error,5,prevalence,0.244,0.051768716422179145,0.023151673805580454,0.17973095351570867,0.3082690464842913,5
vogn,robust,0.08,0.25,0.07,one_minus_confidence,clean,adv_error,5,neg_spearman_p_safe,0.6215713676117194,0.046964189060195144,0.02100302384934966,0.5632669734059247,0.6798757618175141,5
vogn,robust,0.08,0.25,0.07,one_minus_confidence,clean,adv_error,5,neg_spearman_p_safe_optimistic,0.6085799029798319,0.036062795917462885,0.016127772626029782,0.5638092061699732,0.6533505997896906,5
vogn,robust,0.08,0.25,0.07,one_minus_confidence,clean,cert_fail_tau0.5,5,auroc,0.8806428476494267,0.011925559164413875,0.005333272192265003,0.865837684043699,0.8954480112551544,5
vogn,robust,0.08,0.25,0.07,one_minus_confidence,clean,cert_fail_tau0.5,5,auprc,0.8595724601661662,0.01998832500678494,0.008939050694306012,0.8347576554387727,0.8843872648935597,5
vogn,robust,0.08,0.25,0.07,one_minus_confidence,clean,cert_fail_tau0.5,5,prevalence,0.46886963343317645,0.01616827070095019,0.0072306704731885585,0.448797292199605,0.4889419746667479,5
vogn,robust,0.08,0.25,0.07,one_minus_confidence,clean,cert_fail_tau0.5,5,neg_spearman_p_safe,,,,,,0
vogn,robust,0.08,0.25,0.07,one_minus_confidence,clean,cert_fail_tau0.5,5,neg_spearman_p_safe_optimistic,,,,,,0
vogn,robust,0.08,0.25,0.07,one_minus_confidence,clean,cert_fail_tau0.9,5,auroc,0.8957495677696915,0.027169680246766123,0.012150650391740462,0.86201936228222,0.929479773257163,5
vogn,robust,0.08,0.25,0.07,one_minus_confidence,clean,cert_fail_tau0.9,5,auprc,0.9051243646118563,0.0256769365345553,0.011483075109042706,0.8732473481091537,0.9370013811145589,5
vogn,robust,0.08,0.25,0.07,one_minus_confidence,clean,cert_fail_tau0.9,5,prevalence,0.5564959696538645,0.019152010506775098,0.008565039479787862,0.5327194200579733,0.5802725192497556,5
vogn,robust,0.08,0.25,0.07,one_minus_confidence,clean,cert_fail_tau0.9,5,neg_spearman_p_safe,,,,,,0
vogn,robust,0.08,0.25,0.07,one_minus_confidence,clean,cert_fail_tau0.9,5,neg_spearman_p_safe_optimistic,,,,,,0
vogn,robust,0.08,0.25,0.07,one_minus_confidence,clean,cert_fail_tau0.95,5,auroc,,,,,,0
vogn,robust,0.08,0.25,0.07,one_minus_confidence,clean,cert_fail_tau0.95,5,auprc,1.0,0.0,0.0,1.0,1.0,5
vogn,robust,0.08,0.25,0.07,one_minus_confidence,clean,cert_fail_tau0.95,5,prevalence,1.0,0.0,0.0,1.0,1.0,5
vogn,robust,0.08,0.25,0.07,one_minus_confidence,clean,cert_fail_tau0.95,5,neg_spearman_p_safe,,,,,,0
vogn,robust,0.08,0.25,0.07,one_minus_confidence,clean,cert_fail_tau0.95,5,neg_spearman_p_safe_optimistic,,,,,,0
vogn,robust,0.08,0.25,0.07,one_minus_confidence,delta,adv_error,5,auroc,0.4384884996052216,0.0942648688468254,0.04215653092632076,0.3214619697537552,0.5555150294566881,5
vogn,robust,0.08,0.25,0.07,one_minus_confidence,delta,adv_error,5,auprc,0.3471641739354644,0.16921445525476891,0.07567500494505196,0.13709036020800017,0.5572379876629286,5
vogn,robust,0.08,0.25,0.07,one_minus_confidence,delta,adv_error,5,prevalence,0.244,0.051768716422179145,0.023151673805580454,0.17973095351570867,0.3082690464842913,5
vogn,robust,0.08,0.25,0.07,one_minus_confidence,delta,adv_error,5,neg_spearman_p_safe,0.4800829551934121,0.03202981572727707,0.014324169054596677,0.44031906189785175,0.5198468484889724,5
vogn,robust,0.08,0.25,0.07,one_minus_confidence,delta,adv_error,5,neg_spearman_p_safe_optimistic,0.2804976669897828,0.03322279432468206,0.01485768530249666,0.23925273259005206,0.3217426013895135,5
vogn,robust,0.08,0.25,0.07,one_minus_confidence,delta,cert_fail_tau0.5,5,auroc,0.6917105263157894,0.02649627435380669,0.011849494121119214,0.6588163306355626,0.7246047219960163,5
vogn,robust,0.08,0.25,0.07,one_minus_confidence,delta,cert_fail_tau0.5,5,auprc,0.8185158165316826,0.02322888768076464,0.010388274379179434,0.7896779668550805,0.8473536662082847,5
vogn,robust,0.08,0.25,0.07,one_minus_confidence,delta,cert_fail_tau0.5,5,prevalence,0.46886963343317645,0.01616827070095019,0.0072306704731885585,0.448797292199605,0.4889419746667479,5
vogn,robust,0.08,0.25,0.07,one_minus_confidence,delta,cert_fail_tau0.5,5,neg_spearman_p_safe,,,,,,0
vogn,robust,0.08,0.25,0.07,one_minus_confidence,delta,cert_fail_tau0.5,5,neg_spearman_p_safe_optimistic,,,,,,0
vogn,robust,0.08,0.25,0.07,one_minus_confidence,delta,cert_fail_tau0.9,5,auroc,0.730148382319435,0.03512012859935349,0.015706198985337774,0.6865479739361373,0.7737487907027327,5
vogn,robust,0.08,0.25,0.07,one_minus_confidence,delta,cert_fail_tau0.9,5,auprc,0.8695800648757711,0.020015524626179233,0.008951214733891566,0.8447314927744881,0.8944286369770541,5
vogn,robust,0.08,0.25,0.07,one_minus_confidence,delta,cert_fail_tau0.9,5,prevalence,0.5564959696538645,0.019152010506775098,0.008565039479787862,0.5327194200579733,0.5802725192497556,5
vogn,robust,0.08,0.25,0.07,one_minus_confidence,delta,cert_fail_tau0.9,5,neg_spearman_p_safe,,,,,,0
vogn,robust,0.08,0.25,0.07,one_minus_confidence,delta,cert_fail_tau0.9,5,neg_spearman_p_safe_optimistic,,,,,,0
vogn,robust,0.08,0.25,0.07,one_minus_confidence,delta,cert_fail_tau0.95,5,auroc,,,,,,0
vogn,robust,0.08,0.25,0.07,one_minus_confidence,delta,cert_fail_tau0.95,5,auprc,1.0,0.0,0.0,1.0,1.0,5
vogn,robust,0.08,0.25,0.07,one_minus_confidence,delta,cert_fail_tau0.95,5,prevalence,1.0,0.0,0.0,1.0,1.0,5
vogn,robust,0.08,0.25,0.07,one_minus_confidence,delta,cert_fail_tau0.95,5,neg_spearman_p_safe,,,,,,0
vogn,robust,0.08,0.25,0.07,one_minus_confidence,delta,cert_fail_tau0.95,5,neg_spearman_p_safe_optimistic,,,,,,0
vogn,robust,0.08,0.25,0.08,mutual_information,adv,adv_error,5,auroc,0.6841496182672653,0.03499150228873863,0.01564867555049181,0.6407088949391,0.7275903415954306,5
vogn,robust,0.08,0.25,0.08,mutual_information,adv,adv_error,5,auprc,0.451695063977067,0.061124502782465596,0.027335708662493623,0.3758111367299847,0.5275789912241493,5
vogn,robust,0.08,0.25,0.08,mutual_information,adv,adv_error,5,prevalence,0.30000000000000004,0.02828427124746191,0.01264911064067352,0.26488606886149035,0.33511393113850974,5
vogn,robust,0.08,0.25,0.08,mutual_information,adv,adv_error,5,neg_spearman_p_safe,0.6777804867336382,0.01478037687683966,0.006609985485935903,0.6594311670246802,0.6961298064425963,5
vogn,robust,0.08,0.25,0.08,mutual_information,adv,adv_error,5,neg_spearman_p_safe_optimistic,0.5993159623869883,0.041361446713343665,0.018497401299754336,0.5479671763788703,0.6506647483951062,5
vogn,robust,0.08,0.25,0.08,mutual_information,adv,cert_fail_tau0.5,5,auroc,0.9320981138744295,0.01459621912353216,0.006527627634940062,0.9139774195598359,0.9502188081890232,5
vogn,robust,0.08,0.25,0.08,mutual_information,adv,cert_fail_tau0.5,5,auprc,0.962814582879416,0.010695712487115618,0.004783268037796773,0.9495362308064922,0.9760929349523398,5
vogn,robust,0.08,0.25,0.08,mutual_information,adv,cert_fail_tau0.5,5,prevalence,0.5816998378298688,0.028521226252262617,0.012755080140342155,0.546291735360279,0.6171079402994586,5
vogn,robust,0.08,0.25,0.08,mutual_information,adv,cert_fail_tau0.5,5,neg_spearman_p_safe,,,,,,0
vogn,robust,0.08,0.25,0.08,mutual_information,adv,cert_fail_tau0.5,5,neg_spearman_p_safe_optimistic,,,,,,0
vogn,robust,0.08,0.25,0.08,mutual_information,adv,cert_fail_tau0.9,5,auroc,0.949646591331374,0.01141734415327776,0.00510599152984777,0.9354723588445165,0.9638208238182314,5
vogn,robust,0.08,0.25,0.08,mutual_information,adv,cert_fail_tau0.9,5,auprc,0.9809352408989913,0.004928785237606091,0.002204219767556934,0.9748163268242532,0.9870541549737294,5
vogn,robust,0.08,0.25,0.08,mutual_information,adv,cert_fail_tau0.9,5,prevalence,0.6860522518417256,0.023213113050131944,0.010381219749896501,0.6572339858160129,0.7148705178674383,5
vogn,robust,0.08,0.25,0.08,mutual_information,adv,cert_fail_tau0.9,5,neg_spearman_p_safe,,,,,,0
vogn,robust,0.08,0.25,0.08,mutual_information,adv,cert_fail_tau0.9,5,neg_spearman_p_safe_optimistic,,,,,,0
vogn,robust,0.08,0.25,0.08,mutual_information,adv,cert_fail_tau0.95,5,auroc,,,,,,0
vogn,robust,0.08,0.25,0.08,mutual_information,adv,cert_fail_tau0.95,5,auprc,1.0,0.0,0.0,1.0,1.0,5
vogn,robust,0.08,0.25,0.08,mutual_information,adv,cert_fail_tau0.95,5,prevalence,1.0,0.0,0.0,1.0,1.0,5
vogn,robust,0.08,0.25,0.08,mutual_information,adv,cert_fail_tau0.95,5,neg_spearman_p_safe,,,,,,0
vogn,robust,0.08,0.25,0.08,mutual_information,adv,cert_fail_tau0.95,5,neg_spearman_p_safe_optimistic,,,,,,0
vogn,robust,0.08,0.25,0.08,mutual_information,clean,adv_error,5,auroc,0.9022337704690647,0.023599081266251667,0.010553829983576108,0.8729363384346575,0.931531202503472,5
vogn,robust,0.08,0.25,0.08,mutual_information,clean,adv_error,5,auprc,0.8445390960849487,0.05811300335453796,0.025988925175484037,0.7723938397978051,0.9166843523720923,5
vogn,robust,0.08,0.25,0.08,mutual_information,clean,adv_error,5,prevalence,0.30000000000000004,0.02828427124746191,0.01264911064067352,0.26488606886149035,0.33511393113850974,5
vogn,robust,0.08,0.25,0.08,mutual_information,clean,adv_error,5,neg_spearman_p_safe,0.6078559502716258,0.03631076921567029,0.016238669656309095,0.5627774033057117,0.6529344972375398,5
vogn,robust,0.08,0.25,0.08,mutual_information,clean,adv_error,5,neg_spearman_p_safe_optimistic,0.7056821914924817,0.03442867476688103,0.01539697143079554,0.6629401988005933,0.7484241841843701,5
vogn,robust,0.08,0.25,0.08,mutual_information,clean,cert_fail_tau0.5,5,auroc,0.9156598299361457,0.012305095563477485,0.0055030060299133465,0.9003834851971062,0.9309361746751852,5
vogn,robust,0.08,0.25,0.08,mutual_information,clean,cert_fail_tau0.5,5,auprc,0.9404168061970728,0.007543715914173162,0.003373652317407632,0.9310515473639492,0.9497820650301964,5
vogn,robust,0.08,0.25,0.08,mutual_information,clean,cert_fail_tau0.5,5,prevalence,0.5816998378298688,0.028521226252262617,0.012755080140342155,0.546291735360279,0.6171079402994586,5
vogn,robust,0.08,0.25,0.08,mutual_information,clean,cert_fail_tau0.5,5,neg_spearman_p_safe,,,,,,0
vogn,robust,0.08,0.25,0.08,mutual_information,clean,cert_fail_tau0.5,5,neg_spearman_p_safe_optimistic,,,,,,0
vogn,robust,0.08,0.25,0.08,mutual_information,clean,cert_fail_tau0.9,5,auroc,0.9071059677037938,0.02447930229884603,0.010947476796397317,0.8767157721169949,0.9374961632905927,5
vogn,robust,0.08,0.25,0.08,mutual_information,clean,cert_fail_tau0.9,5,auprc,0.9539803788194503,0.013573666253918445,0.006070328089531313,0.9371291480429114,0.9708316095959892,5
vogn,robust,0.08,0.25,0.08,mutual_information,clean,cert_fail_tau0.9,5,prevalence,0.6860522518417256,0.023213113050131944,0.010381219749896501,0.6572339858160129,0.7148705178674383,5
vogn,robust,0.08,0.25,0.08,mutual_information,clean,cert_fail_tau0.9,5,neg_spearman_p_safe,,,,,,0
vogn,robust,0.08,0.25,0.08,mutual_information,clean,cert_fail_tau0.9,5,neg_spearman_p_safe_optimistic,,,,,,0
vogn,robust,0.08,0.25,0.08,mutual_information,clean,cert_fail_tau0.95,5,auroc,,,,,,0
vogn,robust,0.08,0.25,0.08,mutual_information,clean,cert_fail_tau0.95,5,auprc,1.0,0.0,0.0,1.0,1.0,5
vogn,robust,0.08,0.25,0.08,mutual_information,clean,cert_fail_tau0.95,5,prevalence,1.0,0.0,0.0,1.0,1.0,5
vogn,robust,0.08,0.25,0.08,mutual_information,clean,cert_fail_tau0.95,5,neg_spearman_p_safe,,,,,,0
vogn,robust,0.08,0.25,0.08,mutual_information,clean,cert_fail_tau0.95,5,neg_spearman_p_safe_optimistic,,,,,,0
vogn,robust,0.08,0.25,0.08,mutual_information,delta,adv_error,5,auroc,0.3557538296361826,0.053853535189601766,0.024084033102525312,0.2888965537435723,0.42261110552879283,5
vogn,robust,0.08,0.25,0.08,mutual_information,delta,adv_error,5,auprc,0.3177718461227689,0.055285275268906565,0.02472432673121261,0.24913711511692266,0.3864065771286151,5
vogn,robust,0.08,0.25,0.08,mutual_information,delta,adv_error,5,prevalence,0.30000000000000004,0.02828427124746191,0.01264911064067352,0.26488606886149035,0.33511393113850974,5
vogn,robust,0.08,0.25,0.08,mutual_information,delta,adv_error,5,neg_spearman_p_safe,0.20893699483965075,0.06355291408853124,0.028421727214031987,0.13003828009349797,0.2878357095858035,5
vogn,robust,0.08,0.25,0.08,mutual_information,delta,adv_error,5,neg_spearman_p_safe_optimistic,0.025671222072949813,0.07798546631595586,0.03487616078789948,-0.07114500027425913,0.12248744442015877,5
vogn,robust,0.08,0.25,0.08,mutual_information,delta,cert_fail_tau0.5,5,auroc,0.5890467646388698,0.0665450528935401,0.029759852367254945,0.5064334144673701,0.6716601148103696,5
vogn,robust,0.08,0.25,0.08,mutual_information,delta,cert_fail_tau0.5,5,auprc,0.8049697888279461,0.04223851857038778,0.01888963975845486,0.7525321488584754,0.8574074287974168,5
vogn,robust,0.08,0.25,0.08,mutual_information,delta,cert_fail_tau0.5,5,prevalence,0.5816998378298688,0.028521226252262617,0.012755080140342155,0.546291735360279,0.6171079402994586,5
vogn,robust,0.08,0.25,0.08,mutual_information,delta,cert_fail_tau0.5,5,neg_spearman_p_safe,,,,,,0
vogn,robust,0.08,0.25,0.08,mutual_information,delta,cert_fail_tau0.5,5,neg_spearman_p_safe_optimistic,,,,,,0
vogn,robust,0.08,0.25,0.08,mutual_information,delta,cert_fail_tau0.9,5,auroc,0.6380434782608696,0.047429681310200145,0.02121119831215176,0.5791611917463363,0.6969257647754029,5
vogn,robust,0.08,0.25,0.08,mutual_information,delta,cert_fail_tau0.9,5,auprc,0.8714808429263494,0.018718610959066892,0.008371217309769221,0.8482423436744301,0.8947193421782688,5
vogn,robust,0.08,0.25,0.08,mutual_information,delta,cert_fail_tau0.9,5,prevalence,0.6860522518417256,0.023213113050131944,0.010381219749896501,0.6572339858160129,0.7148705178674383,5
vogn,robust,0.08,0.25,0.08,mutual_information,delta,cert_fail_tau0.9,5,neg_spearman_p_safe,,,,,,0
vogn,robust,0.08,0.25,0.08,mutual_information,delta,cert_fail_tau0.9,5,neg_spearman_p_safe_optimistic,,,,,,0
vogn,robust,0.08,0.25,0.08,mutual_information,delta,cert_fail_tau0.95,5,auroc,,,,,,0
vogn,robust,0.08,0.25,0.08,mutual_information,delta,cert_fail_tau0.95,5,auprc,1.0,0.0,0.0,1.0,1.0,5
vogn,robust,0.08,0.25,0.08,mutual_information,delta,cert_fail_tau0.95,5,prevalence,1.0,0.0,0.0,1.0,1.0,5
vogn,robust,0.08,0.25,0.08,mutual_information,delta,cert_fail_tau0.95,5,neg_spearman_p_safe,,,,,,0
vogn,robust,0.08,0.25,0.08,mutual_information,delta,cert_fail_tau0.95,5,neg_spearman_p_safe_optimistic,,,,,,0
vogn,robust,0.08,0.25,0.08,one_minus_confidence,adv,adv_error,5,auroc,0.6974902363137657,0.024315470314564283,0.010874208905648787,0.6673034323916847,0.7276770402358468,5
vogn,robust,0.08,0.25,0.08,one_minus_confidence,adv,adv_error,5,auprc,0.4976786215524303,0.048986852104426236,0.021907586261845136,0.43686316208954823,0.5584940810153124,5
vogn,robust,0.08,0.25,0.08,one_minus_confidence,adv,adv_error,5,prevalence,0.30000000000000004,0.02828427124746191,0.01264911064067352,0.26488606886149035,0.33511393113850974,5
vogn,robust,0.08,0.25,0.08,one_minus_confidence,adv,adv_error,5,neg_spearman_p_safe,0.6893694369296557,0.020228267816016544,0.00904635638073684,0.6642567516167303,0.7144821222425811,5
vogn,robust,0.08,0.25,0.08,one_minus_confidence,adv,adv_error,5,neg_spearman_p_safe_optimistic,0.5482089396241632,0.03149637969971406,0.01408560921074101,0.5091072884551461,0.5873105907931803,5
vogn,robust,0.08,0.25,0.08,one_minus_confidence,adv,cert_fail_tau0.5,5,auroc,0.9210637388926862,0.009140970466175409,0.004087966268537231,0.9097155445312268,0.9324119332541456,5
vogn,robust,0.08,0.25,0.08,one_minus_confidence,adv,cert_fail_tau0.5,5,auprc,0.9560490090438171,0.006278811088206251,0.002807969682221721,0.9482540852059695,0.9638439328816646,5
vogn,robust,0.08,0.25,0.08,one_minus_confidence,adv,cert_fail_tau0.5,5,prevalence,0.5816998378298688,0.028521226252262617,0.012755080140342155,0.546291735360279,0.6171079402994586,5
vogn,robust,0.08,0.25,0.08,one_minus_confidence,adv,cert_fail_tau0.5,5,neg_spearman_p_safe,,,,,,0
vogn,robust,0.08,0.25,0.08,one_minus_confidence,adv,cert_fail_tau0.5,5,neg_spearman_p_safe_optimistic,,,,,,0
vogn,robust,0.08,0.25,0.08,one_minus_confidence,adv,cert_fail_tau0.9,5,auroc,0.9377378044660653,0.012803683870116524,0.005725981499199627,0.9218424798242871,0.9536331291078434,5
vogn,robust,0.08,0.25,0.08,one_minus_confidence,adv,cert_fail_tau0.9,5,auprc,0.9753166402751783,0.00786166572878245,0.003515843797187596,0.9655566578941855,0.985076622656171,5
vogn,robust,0.08,0.25,0.08,one_minus_confidence,adv,cert_fail_tau0.9,5,prevalence,0.6860522518417256,0.023213113050131944,0.010381219749896501,0.6572339858160129,0.7148705178674383,5
vogn,robust,0.08,0.25,0.08,one_minus_confidence,adv,cert_fail_tau0.9,5,neg_spearman_p_safe,,,,,,0
vogn,robust,0.08,0.25,0.08,one_minus_confidence,adv,cert_fail_tau0.9,5,neg_spearman_p_safe_optimistic,,,,,,0
vogn,robust,0.08,0.25,0.08,one_minus_confidence,adv,cert_fail_tau0.95,5,auroc,,,,,,0
vogn,robust,0.08,0.25,0.08,one_minus_confidence,adv,cert_fail_tau0.95,5,auprc,1.0,0.0,0.0,1.0,1.0,5
vogn,robust,0.08,0.25,0.08,one_minus_confidence,adv,cert_fail_tau0.95,5,prevalence,1.0,0.0,0.0,1.0,1.0,5
vogn,robust,0.08,0.25,0.08,one_minus_confidence,adv,cert_fail_tau0.95,5,neg_spearman_p_safe,,,,,,0
vogn,robust,0.08,0.25,0.08,one_minus_confidence,adv,cert_fail_tau0.95,5,neg_spearman_p_safe_optimistic,,,,,,0
vogn,robust,0.08,0.25,0.08,one_minus_confidence,clean,adv_error,5,auroc,0.8279054321407262,0.027763329973182805,0.012416138620358832,0.7934382313306101,0.8623726329508423,5
vogn,robust,0.08,0.25,0.08,one_minus_confidence,clean,adv_error,5,auprc,0.7047901931654312,0.05206962849009803,0.023286245773403786,0.6401475748984623,0.7694328114324002,5
vogn,robust,0.08,0.25,0.08,one_minus_confidence,clean,adv_error,5,prevalence,0.30000000000000004,0.02828427124746191,0.01264911064067352,0.26488606886149035,0.33511393113850974,5
vogn,robust,0.08,0.25,0.08,one_minus_confidence,clean,adv_error,5,neg_spearman_p_safe,0.5554434382576042,0.026044058246247212,0.011647256929714545,0.5231106530207167,0.5877762234944918,5
vogn,robust,0.08,0.25,0.08,one_minus_confidence,clean,adv_error,5,neg_spearman_p_safe_optimistic,0.5755779445650109,0.05424112654246064,0.024257369225022023,0.5082394875963497,0.642916401533672,5
vogn,robust,0.08,0.25,0.08,one_minus_confidence,clean,cert_fail_tau0.5,5,auroc,0.8549407829013094,0.010417048308277319,0.004658645628441454,0.8420083826367559,0.8678731831658628,5
vogn,robust,0.08,0.25,0.08,one_minus_confidence,clean,cert_fail_tau0.5,5,auprc,0.8825059072347073,0.008214307956552862,0.0036735501957939174,0.8723081318911834,0.8927036825782313,5
vogn,robust,0.08,0.25,0.08,one_minus_confidence,clean,cert_fail_tau0.5,5,prevalence,0.5816998378298688,0.028521226252262617,0.012755080140342155,0.546291735360279,0.6171079402994586,5
vogn,robust,0.08,0.25,0.08,one_minus_confidence,clean,cert_fail_tau0.5,5,neg_spearman_p_safe,,,,,,0
vogn,robust,0.08,0.25,0.08,one_minus_confidence,clean,cert_fail_tau0.5,5,neg_spearman_p_safe_optimistic,,,,,,0
vogn,robust,0.08,0.25,0.08,one_minus_confidence,clean,cert_fail_tau0.9,5,auroc,0.8592741765480895,0.0365869167580893,0.016362166591642777,0.8138528020896891,0.9046955510064898,5
vogn,robust,0.08,0.25,0.08,one_minus_confidence,clean,cert_fail_tau0.9,5,auprc,0.9183450133923488,0.026324250287751753,0.011772562620026263,0.8856643795591559,0.9510256472255416,5
vogn,robust,0.08,0.25,0.08,one_minus_confidence,clean,cert_fail_tau0.9,5,prevalence,0.6860522518417256,0.023213113050131944,0.010381219749896501,0.6572339858160129,0.7148705178674383,5
vogn,robust,0.08,0.25,0.08,one_minus_confidence,clean,cert_fail_tau0.9,5,neg_spearman_p_safe,,,,,,0
vogn,robust,0.08,0.25,0.08,one_minus_confidence,clean,cert_fail_tau0.9,5,neg_spearman_p_safe_optimistic,,,,,,0
vogn,robust,0.08,0.25,0.08,one_minus_confidence,clean,cert_fail_tau0.95,5,auroc,,,,,,0
vogn,robust,0.08,0.25,0.08,one_minus_confidence,clean,cert_fail_tau0.95,5,auprc,1.0,0.0,0.0,1.0,1.0,5
vogn,robust,0.08,0.25,0.08,one_minus_confidence,clean,cert_fail_tau0.95,5,prevalence,1.0,0.0,0.0,1.0,1.0,5
vogn,robust,0.08,0.25,0.08,one_minus_confidence,clean,cert_fail_tau0.95,5,neg_spearman_p_safe,,,,,,0
vogn,robust,0.08,0.25,0.08,one_minus_confidence,clean,cert_fail_tau0.95,5,neg_spearman_p_safe_optimistic,,,,,,0
vogn,robust,0.08,0.25,0.08,one_minus_confidence,delta,adv_error,5,auroc,0.5081186963539904,0.008537530981529252,0.0038180999269419817,0.4975196509567995,0.5187177417511813,5
vogn,robust,0.08,0.25,0.08,one_minus_confidence,delta,adv_error,5,auprc,0.42868439538825276,0.04810034141178255,0.021511126627538797,0.36896950787020505,0.48839928290630047,5
vogn,robust,0.08,0.25,0.08,one_minus_confidence,delta,adv_error,5,prevalence,0.30000000000000004,0.02828427124746191,0.01264911064067352,0.26488606886149035,0.33511393113850974,5
vogn,robust,0.08,0.25,0.08,one_minus_confidence,delta,adv_error,5,neg_spearman_p_safe,0.4579675212361063,0.053131613993618904,0.023761180128802187,0.3920064851985514,0.5239285572736612,5
vogn,robust,0.08,0.25,0.08,one_minus_confidence,delta,adv_error,5,neg_spearman_p_safe_optimistic,0.2582309022253372,0.04581560349913028,0.020489360770846506,0.20135243672546727,0.3151093677252071,5
vogn,robust,0.08,0.25,0.08,one_minus_confidence,delta,cert_fail_tau0.5,5,auroc,0.7136310473152578,0.031038292586842178,0.01388074642594138,0.6750980952368446,0.7521639993936711,5
vogn,robust,0.08,0.25,0.08,one_minus_confidence,delta,cert_fail_tau0.5,5,auprc,0.8693274910818488,0.015321912303283855,0.006852167491086614,0.8503058741265924,0.8883491080371052,5
vogn,robust,0.08,0.25,0.08,one_minus_confidence,delta,cert_fail_tau0.5,5,prevalence,0.5816998378298688,0.028521226252262617,0.012755080140342155,0.546291735360279,0.6171079402994586,5
vogn,robust,0.08,0.25,0.08,one_minus_confidence,delta,cert_fail_tau0.5,5,neg_spearman_p_safe,,,,,,0
vogn,robust,0.08,0.25,0.08,one_minus_confidence,delta,cert_fail_tau0.5,5,neg_spearman_p_safe_optimistic,,,,,,0
vogn,robust,0.08,0.25,0.08,one_minus_confidence,delta,cert_fail_tau0.9,5,auroc,0.7595397621701968,0.0307864826662835,0.013768133605985776,0.7213194232799803,0.7977601010604133,5
vogn,robust,0.08,0.25,0.08,one_minus_confidence,delta,cert_fail_tau0.9,5,auprc,0.9187495821940997,0.005249161212920955,0.0023474962593893005,0.9122329325780351,0.9252662318101644,5
vogn,robust,0.08,0.25,0.08,one_minus_confidence,delta,cert_fail_tau0.9,5,prevalence,0.6860522518417256,0.023213113050131944,0.010381219749896501,0.6572339858160129,0.7148705178674383,5
vogn,robust,0.08,0.25,0.08,one_minus_confidence,delta,cert_fail_tau0.9,5,neg_spearman_p_safe,,,,,,0
vogn,robust,0.08,0.25,0.08,one_minus_confidence,delta,cert_fail_tau0.9,5,neg_spearman_p_safe_optimistic,,,,,,0
vogn,robust,0.08,0.25,0.08,one_minus_confidence,delta,cert_fail_tau0.95,5,auroc,,,,,,0
vogn,robust,0.08,0.25,0.08,one_minus_confidence,delta,cert_fail_tau0.95,5,auprc,1.0,0.0,0.0,1.0,1.0,5
vogn,robust,0.08,0.25,0.08,one_minus_confidence,delta,cert_fail_tau0.95,5,prevalence,1.0,0.0,0.0,1.0,1.0,5
vogn,robust,0.08,0.25,0.08,one_minus_confidence,delta,cert_fail_tau0.95,5,neg_spearman_p_safe,,,,,,0
vogn,robust,0.08,0.25,0.08,one_minus_confidence,delta,cert_fail_tau0.95,5,neg_spearman_p_safe_optimistic,,,,,,0
vogn,robust,0.08,0.25,0.1,mutual_information,adv,adv_error,5,auroc,0.664334510989859,0.05012550828153904,0.02241680878484999,0.6021054498031154,0.7265635721766025,5
vogn,robust,0.08,0.25,0.1,mutual_information,adv,adv_error,5,auprc,0.579256896404356,0.06515551766862678,0.029138433323247614,0.49836860549902057,0.6601451873096913,5
vogn,robust,0.08,0.25,0.1,mutual_information,adv,adv_error,5,prevalence,0.42400000000000004,0.03847076812334268,0.017204650534085247,0.3762398901173794,0.4717601098826207,5
vogn,robust,0.08,0.25,0.1,mutual_information,adv,adv_error,5,neg_spearman_p_safe,0.485460082113289,0.031783806159942384,0.014214150231461544,0.44600160107075176,0.5249185631558262,5
vogn,robust,0.08,0.25,0.1,mutual_information,adv,adv_error,5,neg_spearman_p_safe_optimistic,0.4468128221728156,0.07842390352907705,0.035072235870380386,0.34945229539663963,0.5441733489489915,5
vogn,robust,0.08,0.25,0.1,mutual_information,adv,cert_fail_tau0.5,5,auroc,0.9197496947496948,0.017403417237483412,0.007783044796760901,0.8981439623938865,0.9413554271055031,5
vogn,robust,0.08,0.25,0.1,mutual_information,adv,cert_fail_tau0.5,5,auprc,0.9828084104151478,0.004367873691993094,0.0019533724984859076,0.9773858483593509,0.9882309724709446,5
vogn,robust,0.08,0.25,0.1,mutual_information,adv,cert_fail_tau0.5,5,prevalence,0.8122058823529411,0.008328646317437688,0.0037246838652687923,0.801866159942955,0.8225456047629273,5
vogn,robust,0.08,0.25,0.1,mutual_information,adv,cert_fail_tau0.5,5,neg_spearman_p_safe,,,,,,0
vogn,robust,0.08,0.25,0.1,mutual_information,adv,cert_fail_tau0.5,5,neg_spearman_p_safe_optimistic,,,,,,0
vogn,robust,0.08,0.25,0.1,mutual_information,adv,cert_fail_tau0.9,5,auroc,0.9319000182448459,0.02398136045990075,0.010724790436252738,0.9021279999938083,0.9616720364958835,5
vogn,robust,0.08,0.25,0.1,mutual_information,adv,cert_fail_tau0.9,5,auprc,0.9897879182563702,0.005887944979316216,0.0026331690443059303,0.982478240989377,0.9970975955233635,5
vogn,robust,0.08,0.25,0.1,mutual_information,adv,cert_fail_tau0.9,5,prevalence,0.8673355779261851,0.03033789629526998,0.013567519682112542,0.8296721432886407,0.9049990125637295,5
vogn,robust,0.08,0.25,0.1,mutual_information,adv,cert_fail_tau0.9,5,neg_spearman_p_safe,,,,,,0
vogn,robust,0.08,0.25,0.1,mutual_information,adv,cert_fail_tau0.9,5,neg_spearman_p_safe_optimistic,,,,,,0
vogn,robust,0.08,0.25,0.1,mutual_information,adv,cert_fail_tau0.95,5,auroc,,,,,,0
vogn,robust,0.08,0.25,0.1,mutual_information,adv,cert_fail_tau0.95,5,auprc,1.0,0.0,0.0,1.0,1.0,5
vogn,robust,0.08,0.25,0.1,mutual_information,adv,cert_fail_tau0.95,5,prevalence,1.0,0.0,0.0,1.0,1.0,5
vogn,robust,0.08,0.25,0.1,mutual_information,adv,cert_fail_tau0.95,5,neg_spearman_p_safe,,,,,,0
vogn,robust,0.08,0.25,0.1,mutual_information,adv,cert_fail_tau0.95,5,neg_spearman_p_safe_optimistic,,,,,,0
vogn,robust,0.08,0.25,0.1,mutual_information,clean,adv_error,5,auroc,0.8707136239928523,0.03711743848111941,0.016599423118889907,0.824633625414814,0.9167936225708907,5
vogn,robust,0.08,0.25,0.1,mutual_information,clean,adv_error,5,auprc,0.8446787854678524,0.05576289509366347,0.024937924810324204,0.7754511061943924,0.9139064647413123,5
vogn,robust,0.08,0.25,0.1,mutual_information,clean,adv_error,5,prevalence,0.42400000000000004,0.03847076812334268,0.017204650534085247,0.3762398901173794,0.4717601098826207,5
vogn,robust,0.08,0.25,0.1,mutual_information,clean,adv_error,5,neg_spearman_p_safe,0.3219311382878406,0.037873234916202037,0.01693742556008926,0.2749128449330328,0.3689494316426484,5
vogn,robust,0.08,0.25,0.1,mutual_information,clean,adv_error,5,neg_spearman_p_safe_optimistic,0.6118925622490407,0.031050405981301474,0.013886163700631232,0.5733445718160883,0.650440552681993,5
vogn,robust,0.08,0.25,0.1,mutual_information,clean,cert_fail_tau0.5,5,auroc,0.8005036630036629,0.043494433037986856,0.01945130178315026,0.7465068492536379,0.854500476753688,5
vogn,robust,0.08,0.25,0.1,mutual_information,clean,cert_fail_tau0.5,5,auprc,0.9498526595452222,0.008637930443079936,0.0038629999311283227,0.93912897173641,0.9605763473540345,5
vogn,robust,0.08,0.25,0.1,mutual_information,clean,cert_fail_tau0.5,5,prevalence,0.8122058823529411,0.008328646317437688,0.0037246838652687923,0.801866159942955,0.8225456047629273,5
vogn,robust,0.08,0.25,0.1,mutual_information,clean,cert_fail_tau0.5,5,neg_spearman_p_safe,,,,,,0
vogn,robust,0.08,0.25,0.1,mutual_information,clean,cert_fail_tau0.5,5,neg_spearman_p_safe_optimistic,,,,,,0
vogn,robust,0.08,0.25,0.1,mutual_information,clean,cert_fail_tau0.9,5,auroc,0.8267013318737458,0.028662262293187107,0.012818153375299075,0.7911181381039156,0.862284525643576,5
vogn,robust,0.08,0.25,0.1,mutual_information,clean,cert_fail_tau0.9,5,auprc,0.9690304696700526,0.011072141573525813,0.00495161224298104,0.9552847940835372,0.982776145256568,5
vogn,robust,0.08,0.25,0.1,mutual_information,clean,cert_fail_tau0.9,5,prevalence,0.8673355779261851,0.03033789629526998,0.013567519682112542,0.8296721432886407,0.9049990125637295,5
vogn,robust,0.08,0.25,0.1,mutual_information,clean,cert_fail_tau0.9,5,neg_spearman_p_safe,,,,,,0
vogn,robust,0.08,0.25,0.1,mutual_information,clean,cert_fail_tau0.9,5,neg_spearman_p_safe_optimistic,,,,,,0
vogn,robust,0.08,0.25,0.1,mutual_information,clean,cert_fail_tau0.95,5,auroc,,,,,,0
vogn,robust,0.08,0.25,0.1,mutual_information,clean,cert_fail_tau0.95,5,auprc,1.0,0.0,0.0,1.0,1.0,5
vogn,robust,0.08,0.25,0.1,mutual_information,clean,cert_fail_tau0.95,5,prevalence,1.0,0.0,0.0,1.0,1.0,5
vogn,robust,0.08,0.25,0.1,mutual_information,clean,cert_fail_tau0.95,5,neg_spearman_p_safe,,,,,,0
vogn,robust,0.08,0.25,0.1,mutual_information,clean,cert_fail_tau0.95,5,neg_spearman_p_safe_optimistic,,,,,,0
vogn,robust,0.08,0.25,0.1,mutual_information,delta,adv_error,5,auroc,0.4552793457250163,0.07057488101638398,0.031562046291318806,0.3676631052203153,0.5428955862297173,5
vogn,robust,0.08,0.25,0.1,mutual_information,delta,adv_error,5,auprc,0.4814977680297131,0.07054087691046483,0.03154683919284894,0.3939237424303645,0.5690717936290618,5
vogn,robust,0.08,0.25,0.1,mutual_information,delta,adv_error,5,prevalence,0.42400000000000004,0.03847076812334268,0.017204650534085247,0.3762398901173794,0.4717601098826207,5
vogn,robust,0.08,0.25,0.1,mutual_information,delta,adv_error,5,neg_spearman_p_safe,0.22593367630645594,0.024829233274795186,0.01110397068632835,0.19510905368120846,0.25675829893170343,5
vogn,robust,0.08,0.25,0.1,mutual_information,delta,adv_error,5,neg_spearman_p_safe_optimistic,0.0154141808094374,0.09827238901139826,0.04394874842815797,-0.10658754482712911,0.1374159064460039,5
vogn,robust,0.08,0.25,0.1,mutual_information,delta,cert_fail_tau0.5,5,auroc,0.6544871794871796,0.047344853724850415,0.02117326226270993,0.5957102034458969,0.7132641555284623,5
vogn,robust,0.08,0.25,0.1,mutual_information,delta,cert_fail_tau0.5,5,auprc,0.9244475085419195,0.01211751012440943,0.0054191152712442835,0.9094040445489453,0.9394909725348937,5
vogn,robust,0.08,0.25,0.1,mutual_information,delta,cert_fail_tau0.5,5,prevalence,0.8122058823529411,0.008328646317437688,0.0037246838652687923,0.801866159942955,0.8225456047629273,5
vogn,robust,0.08,0.25,0.1,mutual_information,delta,cert_fail_tau0.5,5,neg_spearman_p_safe,,,,,,0
vogn,robust,0.08,0.25,0.1,mutual_information,delta,cert_fail_tau0.5,5,neg_spearman_p_safe_optimistic,,,,,,0
vogn,robust,0.08,0.25,0.1,mutual_information,delta,cert_fail_tau0.9,5,auroc,0.6767752234993614,0.0423482612127131,0.018938718160108836,0.6242013418868992,0.7293491051118235,5
vogn,robust,0.08,0.25,0.1,mutual_information,delta,cert_fail_tau0.9,5,auprc,0.9497878076759807,0.01680938243792347,0.007517384358197603,0.9289195486976242,0.9706560666543372,5
vogn,robust,0.08,0.25,0.1,mutual_information,delta,cert_fail_tau0.9,5,prevalence,0.8673355779261851,0.03033789629526998,0.013567519682112542,0.8296721432886407,0.9049990125637295,5
vogn,robust,0.08,0.25,0.1,mutual_information,delta,cert_fail_tau0.9,5,neg_spearman_p_safe,,,,,,0
vogn,robust,0.08,0.25,0.1,mutual_information,delta,cert_fail_tau0.9,5,neg_spearman_p_safe_optimistic,,,,,,0
vogn,robust,0.08,0.25,0.1,mutual_information,delta,cert_fail_tau0.95,5,auroc,,,,,,0
vogn,robust,0.08,0.25,0.1,mutual_information,delta,cert_fail_tau0.95,5,auprc,1.0,0.0,0.0,1.0,1.0,5
vogn,robust,0.08,0.25,0.1,mutual_information,delta,cert_fail_tau0.95,5,prevalence,1.0,0.0,0.0,1.0,1.0,5
vogn,robust,0.08,0.25,0.1,mutual_information,delta,cert_fail_tau0.95,5,neg_spearman_p_safe,,,,,,0
vogn,robust,0.08,0.25,0.1,mutual_information,delta,cert_fail_tau0.95,5,neg_spearman_p_safe_optimistic,,,,,,0
vogn,robust,0.08,0.25,0.1,one_minus_confidence,adv,adv_error,5,auroc,0.7234342211951544,0.05378133616506932,0.024051744717172568,0.6566665778602834,0.7902018645300255,5
vogn,robust,0.08,0.25,0.1,one_minus_confidence,adv,adv_error,5,auprc,0.6558726012028769,0.12537440148513415,0.056069136871822106,0.5002246772466987,0.8115205251590552,5
vogn,robust,0.08,0.25,0.1,one_minus_confidence,adv,adv_error,5,prevalence,0.42400000000000004,0.03847076812334268,0.017204650534085247,0.3762398901173794,0.4717601098826207,5
vogn,robust,0.08,0.25,0.1,one_minus_confidence,adv,adv_error,5,neg_spearman_p_safe,0.47619680797940916,0.04108763135966126,0.018374947350930936,0.4251879541332249,0.5272056618255935,5
vogn,robust,0.08,0.25,0.1,one_minus_confidence,adv,adv_error,5,neg_spearman_p_safe_optimistic,0.434553816368458,0.04693688092710447,0.02099081128096379,0.37628332425250255,0.4928243084844135,5
vogn,robust,0.08,0.25,0.1,one_minus_confidence,adv,cert_fail_tau0.5,5,auroc,0.912942612942613,0.014988613705794957,0.006703111826928511,0.8943347745110595,0.9315504513741666,5
vogn,robust,0.08,0.25,0.1,one_minus_confidence,adv,cert_fail_tau0.5,5,auprc,0.9814262819554831,0.00383034115664968,0.001712980640656771,0.9766710476970198,0.9861815162139463,5
vogn,robust,0.08,0.25,0.1,one_minus_confidence,adv,cert_fail_tau0.5,5,prevalence,0.8122058823529411,0.008328646317437688,0.0037246838652687923,0.801866159942955,0.8225456047629273,5
vogn,robust,0.08,0.25,0.1,one_minus_confidence,adv,cert_fail_tau0.5,5,neg_spearman_p_safe,,,,,,0
vogn,robust,0.08,0.25,0.1,one_minus_confidence,adv,cert_fail_tau0.5,5,neg_spearman_p_safe_optimistic,,,,,,0
vogn,robust,0.08,0.25,0.1,one_minus_confidence,adv,cert_fail_tau0.9,5,auroc,0.9187425652253239,0.018808166962215444,0.00841126797193589,0.8953928853352299,0.942092245115418,5
vogn,robust,0.08,0.25,0.1,one_minus_confidence,adv,cert_fail_tau0.9,5,auprc,0.9874369890576846,0.006121761008091948,0.002737734751220247,0.9798370373882972,0.995036940727072,5
vogn,robust,0.08,0.25,0.1,one_minus_confidence,adv,cert_fail_tau0.9,5,prevalence,0.8673355779261851,0.03033789629526998,0.013567519682112542,0.8296721432886407,0.9049990125637295,5
vogn,robust,0.08,0.25,0.1,one_minus_confidence,adv,cert_fail_tau0.9,5,neg_spearman_p_safe,,,,,,0
vogn,robust,0.08,0.25,0.1,one_minus_confidence,adv,cert_fail_tau0.9,5,neg_spearman_p_safe_optimistic,,,,,,0
vogn,robust,0.08,0.25,0.1,one_minus_confidence,adv,cert_fail_tau0.95,5,auroc,,,,,,0
vogn,robust,0.08,0.25,0.1,one_minus_confidence,adv,cert_fail_tau0.95,5,auprc,1.0,0.0,0.0,1.0,1.0,5
vogn,robust,0.08,0.25,0.1,one_minus_confidence,adv,cert_fail_tau0.95,5,prevalence,1.0,0.0,0.0,1.0,1.0,5
vogn,robust,0.08,0.25,0.1,one_minus_confidence,adv,cert_fail_tau0.95,5,neg_spearman_p_safe,,,,,,0
vogn,robust,0.08,0.25,0.1,one_minus_confidence,adv,cert_fail_tau0.95,5,neg_spearman_p_safe_optimistic,,,,,,0
vogn,robust,0.08,0.25,0.1,one_minus_confidence,clean,adv_error,5,auroc,0.7991023481913946,0.03538635781412282,0.015825260309701897,0.7551714255716622,0.843033270811127,5
vogn,robust,0.08,0.25,0.1,one_minus_confidence,clean,adv_error,5,auprc,0.7389999988422153,0.037481031083734434,0.01676202667400256,0.6924686127951842,0.7855313848892465,5
vogn,robust,0.08,0.25,0.1,one_minus_confidence,clean,adv_error,5,prevalence,0.42400000000000004,0.03847076812334268,0.017204650534085247,0.3762398901173794,0.4717601098826207,5
vogn,robust,0.08,0.25,0.1,one_minus_confidence,clean,adv_error,5,neg_spearman_p_safe,0.2935221210525774,0.04402599626235478,0.01968902408395539,0.23886539019551725,0.3481788519096376,5
vogn,robust,0.08,0.25,0.1,one_minus_confidence,clean,adv_error,5,neg_spearman_p_safe_optimistic,0.4950276428106884,0.06253799088958867,0.02796783976107656,0.41738891963393987,0.5726663659874369,5
vogn,robust,0.08,0.25,0.1,one_minus_confidence,clean,cert_fail_tau0.5,5,auroc,0.7285714285714285,0.05182939847399981,0.02317881164415749,0.6642270474472474,0.7929158096956097,5
vogn,robust,0.08,0.25,0.1,one_minus_confidence,clean,cert_fail_tau0.5,5,auprc,0.9193209668375788,0.011755446170049689,0.005257195348414131,0.9047269925503811,0.9339149411247765,5
vogn,robust,0.08,0.25,0.1,one_minus_confidence,clean,cert_fail_tau0.5,5,prevalence,0.8122058823529411,0.008328646317437688,0.0037246838652687923,0.801866159942955,0.8225456047629273,5
vogn,robust,0.08,0.25,0.1,one_minus_confidence,clean,cert_fail_tau0.5,5,neg_spearman_p_safe,,,,,,0
vogn,robust,0.08,0.25,0.1,one_minus_confidence,clean,cert_fail_tau0.5,5,neg_spearman_p_safe_optimistic,,,,,,0
vogn,robust,0.08,0.25,0.1,one_minus_confidence,clean,cert_fail_tau0.9,5,auroc,0.7665261813537676,0.031049668065361056,0.01388583369459034,0.7279791070175848,0.8050732556899504,5
vogn,robust,0.08,0.25,0.1,one_minus_confidence,clean,cert_fail_tau0.9,5,auprc,0.9505215359949419,0.012245024842604153,0.00547614158684731,0.9353197669498539,0.96572330504003,5
vogn,robust,0.08,0.25,0.1,one_minus_confidence,clean,cert_fail_tau0.9,5,prevalence,0.8673355779261851,0.03033789629526998,0.013567519682112542,0.8296721432886407,0.9049990125637295,5
vogn,robust,0.08,0.25,0.1,one_minus_confidence,clean,cert_fail_tau0.9,5,neg_spearman_p_safe,,,,,,0
vogn,robust,0.08,0.25,0.1,one_minus_confidence,clean,cert_fail_tau0.9,5,neg_spearman_p_safe_optimistic,,,,,,0
vogn,robust,0.08,0.25,0.1,one_minus_confidence,clean,cert_fail_tau0.95,5,auroc,,,,,,0
vogn,robust,0.08,0.25,0.1,one_minus_confidence,clean,cert_fail_tau0.95,5,auprc,1.0,0.0,0.0,1.0,1.0,5
vogn,robust,0.08,0.25,0.1,one_minus_confidence,clean,cert_fail_tau0.95,5,prevalence,1.0,0.0,0.0,1.0,1.0,5
vogn,robust,0.08,0.25,0.1,one_minus_confidence,clean,cert_fail_tau0.95,5,neg_spearman_p_safe,,,,,,0
vogn,robust,0.08,0.25,0.1,one_minus_confidence,clean,cert_fail_tau0.95,5,neg_spearman_p_safe_optimistic,,,,,,0
vogn,robust,0.08,0.25,0.1,one_minus_confidence,delta,adv_error,5,auroc,0.5928279210105509,0.07054677556008851,0.03154947714915574,0.5052465724444946,0.6804092695766073,5
vogn,robust,0.08,0.25,0.1,one_minus_confidence,delta,adv_error,5,auprc,0.6073394967610926,0.12752160033843973,0.057029393391262284,0.4490259007069485,0.7656530928152366,5
vogn,robust,0.08,0.25,0.1,one_minus_confidence,delta,adv_error,5,prevalence,0.42400000000000004,0.03847076812334268,0.017204650534085247,0.3762398901173794,0.4717601098826207,5
vogn,robust,0.08,0.25,0.1,one_minus_confidence,delta,adv_error,5,neg_spearman_p_safe,0.3386911449234151,0.024999741958184288,0.011180224487690753,0.3076548417455856,0.36972744810124464,5
vogn,robust,0.08,0.25,0.1,one_minus_confidence,delta,adv_error,5,neg_spearman_p_safe_optimistic,0.2035697055411659,0.039335770271156034,0.017591491254724045,0.15473572581805195,0.25240368526427986,5
vogn,robust,0.08,0.25,0.1,one_minus_confidence,delta,cert_fail_tau0.5,5,auroc,0.7478479853479854,0.025447950143096587,0.011380669281597894,0.7162552474222696,0.7794407232737011,5
vogn,robust,0.08,0.25,0.1,one_minus_confidence,delta,cert_fail_tau0.5,5,auprc,0.9474974914767929,0.007712979308092731,0.003449349208388928,0.9379220980743052,0.9570728848792805,5
vogn,robust,0.08,0.25,0.1,one_minus_confidence,delta,cert_fail_tau0.5,5,prevalence,0.8122058823529411,0.008328646317437688,0.0037246838652687923,0.801866159942955,0.8225456047629273,5
vogn,robust,0.08,0.25,0.1,one_minus_confidence,delta,cert_fail_tau0.5,5,neg_spearman_p_safe,,,,,,0
vogn,robust,0.08,0.25,0.1,one_minus_confidence,delta,cert_fail_tau0.5,5,neg_spearman_p_safe_optimistic,,,,,,0
vogn,robust,0.08,0.25,0.1,one_minus_confidence,delta,cert_fail_tau0.9,5,auroc,0.7650038314176245,0.02771634904111746,0.01239512810880995,0.7305949557875681,0.799412707047681,5
vogn,robust,0.08,0.25,0.1,one_minus_confidence,delta,cert_fail_tau0.9,5,auprc,0.9653611132780753,0.009971683811942628,0.004459472570727589,0.9529816174217355,0.9777406091344151,5
vogn,robust,0.08,0.25,0.1,one_minus_confidence,delta,cert_fail_tau0.9,5,prevalence,0.8673355779261851,0.03033789629526998,0.013567519682112542,0.8296721432886407,0.9049990125637295,5
vogn,robust,0.08,0.25,0.1,one_minus_confidence,delta,cert_fail_tau0.9,5,neg_spearman_p_safe,,,,,,0
vogn,robust,0.08,0.25,0.1,one_minus_confidence,delta,cert_fail_tau0.9,5,neg_spearman_p_safe_optimistic,,,,,,0
vogn,robust,0.08,0.25,0.1,one_minus_confidence,delta,cert_fail_tau0.95,5,auroc,,,,,,0
vogn,robust,0.08,0.25,0.1,one_minus_confidence,delta,cert_fail_tau0.95,5,auprc,1.0,0.0,0.0,1.0,1.0,5
vogn,robust,0.08,0.25,0.1,one_minus_confidence,delta,cert_fail_tau0.95,5,prevalence,1.0,0.0,0.0,1.0,1.0,5
vogn,robust,0.08,0.25,0.1,one_minus_confidence,delta,cert_fail_tau0.95,5,neg_spearman_p_safe,,,,,,0
vogn,robust,0.08,0.25,0.1,one_minus_confidence,delta,cert_fail_tau0.95,5,neg_spearman_p_safe_optimistic,,,,,,0
vogn,robust,0.08,0.25,0.15,mutual_information,adv,adv_error,5,auroc,0.38938534504710975,0.06690315880691794,0.029920002200346445,0.30632741893894805,0.47244327115527146,5
vogn,robust,0.08,0.25,0.15,mutual_information,adv,adv_error,5,auprc,0.6112181266661243,0.08161842021372821,0.036500867162807836,0.5098917194221697,0.7125445339100789,5
vogn,robust,0.08,0.25,0.15,mutual_information,adv,adv_error,5,prevalence,0.664,0.0384707681233427,0.017204650534085257,0.6162398901173793,0.7117601098826207,5
vogn,robust,0.08,0.25,0.15,mutual_information,adv,adv_error,5,neg_spearman_p_safe,,,,,,0
vogn,robust,0.08,0.25,0.15,mutual_information,adv,adv_error,5,neg_spearman_p_safe_optimistic,,,,,,0
vogn,robust,0.08,0.25,0.15,mutual_information,adv,cert_fail_tau0.5,5,auroc,,,,,,0
vogn,robust,0.08,0.25,0.15,mutual_information,adv,cert_fail_tau0.5,5,auprc,,,,,,0
vogn,robust,0.08,0.25,0.15,mutual_information,adv,cert_fail_tau0.5,5,prevalence,,,,,,0
vogn,robust,0.08,0.25,0.15,mutual_information,adv,cert_fail_tau0.5,5,neg_spearman_p_safe,,,,,,0
vogn,robust,0.08,0.25,0.15,mutual_information,adv,cert_fail_tau0.5,5,neg_spearman_p_safe_optimistic,,,,,,0
vogn,robust,0.08,0.25,0.15,mutual_information,adv,cert_fail_tau0.9,5,auroc,,,,,,0
vogn,robust,0.08,0.25,0.15,mutual_information,adv,cert_fail_tau0.9,5,auprc,,,,,,0
vogn,robust,0.08,0.25,0.15,mutual_information,adv,cert_fail_tau0.9,5,prevalence,,,,,,0
vogn,robust,0.08,0.25,0.15,mutual_information,adv,cert_fail_tau0.9,5,neg_spearman_p_safe,,,,,,0
vogn,robust,0.08,0.25,0.15,mutual_information,adv,cert_fail_tau0.9,5,neg_spearman_p_safe_optimistic,,,,,,0
vogn,robust,0.08,0.25,0.15,mutual_information,adv,cert_fail_tau0.95,5,auroc,,,,,,0
vogn,robust,0.08,0.25,0.15,mutual_information,adv,cert_fail_tau0.95,5,auprc,,,,,,0
vogn,robust,0.08,0.25,0.15,mutual_information,adv,cert_fail_tau0.95,5,prevalence,,,,,,0
vogn,robust,0.08,0.25,0.15,mutual_information,adv,cert_fail_tau0.95,5,neg_spearman_p_safe,,,,,,0
vogn,robust,0.08,0.25,0.15,mutual_information,adv,cert_fail_tau0.95,5,neg_spearman_p_safe_optimistic,,,,,,0
vogn,robust,0.08,0.25,0.15,mutual_information,clean,adv_error,5,auroc,0.766493251846193,0.057717542300326406,0.025812069615549885,0.6948389465934265,0.8381475570989595,5
vogn,robust,0.08,0.25,0.15,mutual_information,clean,adv_error,5,auprc,0.874050485572701,0.047025986097065854,0.021030660324399854,0.8156693725121671,0.932431598633235,5
vogn,robust,0.08,0.25,0.15,mutual_information,clean,adv_error,5,prevalence,0.664,0.0384707681233427,0.017204650534085257,0.6162398901173793,0.7117601098826207,5
vogn,robust,0.08,0.25,0.15,mutual_information,clean,adv_error,5,neg_spearman_p_safe,,,,,,0
vogn,robust,0.08,0.25,0.15,mutual_information,clean,adv_error,5,neg_spearman_p_safe_optimistic,,,,,,0
vogn,robust,0.08,0.25,0.15,mutual_information,clean,cert_fail_tau0.5,5,auroc,,,,,,0
vogn,robust,0.08,0.25,0.15,mutual_information,clean,cert_fail_tau0.5,5,auprc,,,,,,0
vogn,robust,0.08,0.25,0.15,mutual_information,clean,cert_fail_tau0.5,5,prevalence,,,,,,0
vogn,robust,0.08,0.25,0.15,mutual_information,clean,cert_fail_tau0.5,5,neg_spearman_p_safe,,,,,,0
vogn,robust,0.08,0.25,0.15,mutual_information,clean,cert_fail_tau0.5,5,neg_spearman_p_safe_optimistic,,,,,,0
vogn,robust,0.08,0.25,0.15,mutual_information,clean,cert_fail_tau0.9,5,auroc,,,,,,0
vogn,robust,0.08,0.25,0.15,mutual_information,clean,cert_fail_tau0.9,5,auprc,,,,,,0
vogn,robust,0.08,0.25,0.15,mutual_information,clean,cert_fail_tau0.9,5,prevalence,,,,,,0
vogn,robust,0.08,0.25,0.15,mutual_information,clean,cert_fail_tau0.9,5,neg_spearman_p_safe,,,,,,0
vogn,robust,0.08,0.25,0.15,mutual_information,clean,cert_fail_tau0.9,5,neg_spearman_p_safe_optimistic,,,,,,0
vogn,robust,0.08,0.25,0.15,mutual_information,clean,cert_fail_tau0.95,5,auroc,,,,,,0
vogn,robust,0.08,0.25,0.15,mutual_information,clean,cert_fail_tau0.95,5,auprc,,,,,,0
vogn,robust,0.08,0.25,0.15,mutual_information,clean,cert_fail_tau0.95,5,prevalence,,,,,,0
vogn,robust,0.08,0.25,0.15,mutual_information,clean,cert_fail_tau0.95,5,neg_spearman_p_safe,,,,,,0
vogn,robust,0.08,0.25,0.15,mutual_information,clean,cert_fail_tau0.95,5,neg_spearman_p_safe_optimistic,,,,,,0
vogn,robust,0.08,0.25,0.15,mutual_information,delta,adv_error,5,auroc,0.3376464222052457,0.05035361958063417,0.02251882325909249,0.27513416883800496,0.40015867557248647,5
vogn,robust,0.08,0.25,0.15,mutual_information,delta,adv_error,5,auprc,0.5912556107435781,0.07014873358003892,0.03137146736409784,0.5041684173408425,0.6783428041463138,5
vogn,robust,0.08,0.25,0.15,mutual_information,delta,adv_error,5,prevalence,0.664,0.0384707681233427,0.017204650534085257,0.6162398901173793,0.7117601098826207,5
vogn,robust,0.08,0.25,0.15,mutual_information,delta,adv_error,5,neg_spearman_p_safe,,,,,,0
vogn,robust,0.08,0.25,0.15,mutual_information,delta,adv_error,5,neg_spearman_p_safe_optimistic,,,,,,0
vogn,robust,0.08,0.25,0.15,mutual_information,delta,cert_fail_tau0.5,5,auroc,,,,,,0
vogn,robust,0.08,0.25,0.15,mutual_information,delta,cert_fail_tau0.5,5,auprc,,,,,,0
vogn,robust,0.08,0.25,0.15,mutual_information,delta,cert_fail_tau0.5,5,prevalence,,,,,,0
vogn,robust,0.08,0.25,0.15,mutual_information,delta,cert_fail_tau0.5,5,neg_spearman_p_safe,,,,,,0
vogn,robust,0.08,0.25,0.15,mutual_information,delta,cert_fail_tau0.5,5,neg_spearman_p_safe_optimistic,,,,,,0
vogn,robust,0.08,0.25,0.15,mutual_information,delta,cert_fail_tau0.9,5,auroc,,,,,,0
vogn,robust,0.08,0.25,0.15,mutual_information,delta,cert_fail_tau0.9,5,auprc,,,,,,0
vogn,robust,0.08,0.25,0.15,mutual_information,delta,cert_fail_tau0.9,5,prevalence,,,,,,0
vogn,robust,0.08,0.25,0.15,mutual_information,delta,cert_fail_tau0.9,5,neg_spearman_p_safe,,,,,,0
vogn,robust,0.08,0.25,0.15,mutual_information,delta,cert_fail_tau0.9,5,neg_spearman_p_safe_optimistic,,,,,,0
vogn,robust,0.08,0.25,0.15,mutual_information,delta,cert_fail_tau0.95,5,auroc,,,,,,0
vogn,robust,0.08,0.25,0.15,mutual_information,delta,cert_fail_tau0.95,5,auprc,,,,,,0
vogn,robust,0.08,0.25,0.15,mutual_information,delta,cert_fail_tau0.95,5,prevalence,,,,,,0
vogn,robust,0.08,0.25,0.15,mutual_information,delta,cert_fail_tau0.95,5,neg_spearman_p_safe,,,,,,0
vogn,robust,0.08,0.25,0.15,mutual_information,delta,cert_fail_tau0.95,5,neg_spearman_p_safe_optimistic,,,,,,0
vogn,robust,0.08,0.25,0.15,one_minus_confidence,adv,adv_error,5,auroc,0.5713836898395723,0.04958824505369766,0.022176537364997133,0.5098216221143403,0.6329457575648043,5
vogn,robust,0.08,0.25,0.15,one_minus_confidence,adv,adv_error,5,auprc,0.7317051565850506,0.059278178927263496,0.026510007532751345,0.6581133756741329,0.8052969374959684,5
vogn,robust,0.08,0.25,0.15,one_minus_confidence,adv,adv_error,5,prevalence,0.664,0.0384707681233427,0.017204650534085257,0.6162398901173793,0.7117601098826207,5
vogn,robust,0.08,0.25,0.15,one_minus_confidence,adv,adv_error,5,neg_spearman_p_safe,,,,,,0
vogn,robust,0.08,0.25,0.15,one_minus_confidence,adv,adv_error,5,neg_spearman_p_safe_optimistic,,,,,,0
vogn,robust,0.08,0.25,0.15,one_minus_confidence,adv,cert_fail_tau0.5,5,auroc,,,,,,0
vogn,robust,0.08,0.25,0.15,one_minus_confidence,adv,cert_fail_tau0.5,5,auprc,,,,,,0
vogn,robust,0.08,0.25,0.15,one_minus_confidence,adv,cert_fail_tau0.5,5,prevalence,,,,,,0
vogn,robust,0.08,0.25,0.15,one_minus_confidence,adv,cert_fail_tau0.5,5,neg_spearman_p_safe,,,,,,0
vogn,robust,0.08,0.25,0.15,one_minus_confidence,adv,cert_fail_tau0.5,5,neg_spearman_p_safe_optimistic,,,,,,0
vogn,robust,0.08,0.25,0.15,one_minus_confidence,adv,cert_fail_tau0.9,5,auroc,,,,,,0
vogn,robust,0.08,0.25,0.15,one_minus_confidence,adv,cert_fail_tau0.9,5,auprc,,,,,,0
vogn,robust,0.08,0.25,0.15,one_minus_confidence,adv,cert_fail_tau0.9,5,prevalence,,,,,,0
vogn,robust,0.08,0.25,0.15,one_minus_confidence,adv,cert_fail_tau0.9,5,neg_spearman_p_safe,,,,,,0
vogn,robust,0.08,0.25,0.15,one_minus_confidence,adv,cert_fail_tau0.9,5,neg_spearman_p_safe_optimistic,,,,,,0
vogn,robust,0.08,0.25,0.15,one_minus_confidence,adv,cert_fail_tau0.95,5,auroc,,,,,,0
vogn,robust,0.08,0.25,0.15,one_minus_confidence,adv,cert_fail_tau0.95,5,auprc,,,,,,0
vogn,robust,0.08,0.25,0.15,one_minus_confidence,adv,cert_fail_tau0.95,5,prevalence,,,,,,0
vogn,robust,0.08,0.25,0.15,one_minus_confidence,adv,cert_fail_tau0.95,5,neg_spearman_p_safe,,,,,,0
vogn,robust,0.08,0.25,0.15,one_minus_confidence,adv,cert_fail_tau0.95,5,neg_spearman_p_safe_optimistic,,,,,,0
vogn,robust,0.08,0.25,0.15,one_minus_confidence,clean,adv_error,5,auroc,0.7187757193786605,0.07123921008602516,0.03185914328314818,0.6303347376246411,0.8072167011326798,5
vogn,robust,0.08,0.25,0.15,one_minus_confidence,clean,adv_error,5,auprc,0.8234097115597303,0.060587736716506364,0.027095659580193627,0.7481921605651128,0.8986272625543478,5
vogn,robust,0.08,0.25,0.15,one_minus_confidence,clean,adv_error,5,prevalence,0.664,0.0384707681233427,0.017204650534085257,0.6162398901173793,0.7117601098826207,5
vogn,robust,0.08,0.25,0.15,one_minus_confidence,clean,adv_error,5,neg_spearman_p_safe,,,,,,0
vogn,robust,0.08,0.25,0.15,one_minus_confidence,clean,adv_error,5,neg_spearman_p_safe_optimistic,,,,,,0
vogn,robust,0.08,0.25,0.15,one_minus_confidence,clean,cert_fail_tau0.5,5,auroc,,,,,,0
vogn,robust,0.08,0.25,0.15,one_minus_confidence,clean,cert_fail_tau0.5,5,auprc,,,,,,0
vogn,robust,0.08,0.25,0.15,one_minus_confidence,clean,cert_fail_tau0.5,5,prevalence,,,,,,0
vogn,robust,0.08,0.25,0.15,one_minus_confidence,clean,cert_fail_tau0.5,5,neg_spearman_p_safe,,,,,,0
vogn,robust,0.08,0.25,0.15,one_minus_confidence,clean,cert_fail_tau0.5,5,neg_spearman_p_safe_optimistic,,,,,,0
vogn,robust,0.08,0.25,0.15,one_minus_confidence,clean,cert_fail_tau0.9,5,auroc,,,,,,0
vogn,robust,0.08,0.25,0.15,one_minus_confidence,clean,cert_fail_tau0.9,5,auprc,,,,,,0
vogn,robust,0.08,0.25,0.15,one_minus_confidence,clean,cert_fail_tau0.9,5,prevalence,,,,,,0
vogn,robust,0.08,0.25,0.15,one_minus_confidence,clean,cert_fail_tau0.9,5,neg_spearman_p_safe,,,,,,0
vogn,robust,0.08,0.25,0.15,one_minus_confidence,clean,cert_fail_tau0.9,5,neg_spearman_p_safe_optimistic,,,,,,0
vogn,robust,0.08,0.25,0.15,one_minus_confidence,clean,cert_fail_tau0.95,5,auroc,,,,,,0
vogn,robust,0.08,0.25,0.15,one_minus_confidence,clean,cert_fail_tau0.95,5,auprc,,,,,,0
vogn,robust,0.08,0.25,0.15,one_minus_confidence,clean,cert_fail_tau0.95,5,prevalence,,,,,,0
vogn,robust,0.08,0.25,0.15,one_minus_confidence,clean,cert_fail_tau0.95,5,neg_spearman_p_safe,,,,,,0
vogn,robust,0.08,0.25,0.15,one_minus_confidence,clean,cert_fail_tau0.95,5,neg_spearman_p_safe_optimistic,,,,,,0
vogn,robust,0.08,0.25,0.15,one_minus_confidence,delta,adv_error,5,auroc,0.5327119302266361,0.03692583484355373,0.01651373536722329,0.48686980084722425,0.578554059606048,5
vogn,robust,0.08,0.25,0.15,one_minus_confidence,delta,adv_error,5,auprc,0.7293612828278692,0.05753183270120663,0.025729017758008673,0.6579375295316371,0.8007850361241012,5
vogn,robust,0.08,0.25,0.15,one_minus_confidence,delta,adv_error,5,prevalence,0.664,0.0384707681233427,0.017204650534085257,0.6162398901173793,0.7117601098826207,5
vogn,robust,0.08,0.25,0.15,one_minus_confidence,delta,adv_error,5,neg_spearman_p_safe,,,,,,0
vogn,robust,0.08,0.25,0.15,one_minus_confidence,delta,adv_error,5,neg_spearman_p_safe_optimistic,,,,,,0
vogn,robust,0.08,0.25,0.15,one_minus_confidence,delta,cert_fail_tau0.5,5,auroc,,,,,,0
vogn,robust,0.08,0.25,0.15,one_minus_confidence,delta,cert_fail_tau0.5,5,auprc,,,,,,0
vogn,robust,0.08,0.25,0.15,one_minus_confidence,delta,cert_fail_tau0.5,5,prevalence,,,,,,0
vogn,robust,0.08,0.25,0.15,one_minus_confidence,delta,cert_fail_tau0.5,5,neg_spearman_p_safe,,,,,,0
vogn,robust,0.08,0.25,0.15,one_minus_confidence,delta,cert_fail_tau0.5,5,neg_spearman_p_safe_optimistic,,,,,,0
vogn,robust,0.08,0.25,0.15,one_minus_confidence,delta,cert_fail_tau0.9,5,auroc,,,,,,0
vogn,robust,0.08,0.25,0.15,one_minus_confidence,delta,cert_fail_tau0.9,5,auprc,,,,,,0
vogn,robust,0.08,0.25,0.15,one_minus_confidence,delta,cert_fail_tau0.9,5,prevalence,,,,,,0
vogn,robust,0.08,0.25,0.15,one_minus_confidence,delta,cert_fail_tau0.9,5,neg_spearman_p_safe,,,,,,0
vogn,robust,0.08,0.25,0.15,one_minus_confidence,delta,cert_fail_tau0.9,5,neg_spearman_p_safe_optimistic,,,,,,0
vogn,robust,0.08,0.25,0.15,one_minus_confidence,delta,cert_fail_tau0.95,5,auroc,,,,,,0
vogn,robust,0.08,0.25,0.15,one_minus_confidence,delta,cert_fail_tau0.95,5,auprc,,,,,,0
vogn,robust,0.08,0.25,0.15,one_minus_confidence,delta,cert_fail_tau0.95,5,prevalence,,,,,,0
vogn,robust,0.08,0.25,0.15,one_minus_confidence,delta,cert_fail_tau0.95,5,neg_spearman_p_safe,,,,,,0
vogn,robust,0.08,0.25,0.15,one_minus_confidence,delta,cert_fail_tau0.95,5,neg_spearman_p_safe_optimistic,,,,,,0
vogn,standard,,,0.01,mutual_information,adv,adv_error,5,auroc,1.0,0.0,0.0,1.0,1.0,3
vogn,standard,,,0.01,mutual_information,adv,adv_error,5,auprc,1.0,0.0,0.0,1.0,1.0,3
vogn,standard,,,0.01,mutual_information,adv,adv_error,5,prevalence,0.012,0.010954451150103323,0.004898979485566356,-0.001599567051932203,0.025599567051932205,5
vogn,standard,,,0.01,mutual_information,adv,adv_error,5,neg_spearman_p_safe,0.8741693851654617,0.04460954530064743,0.01994999514752079,0.818788198635944,0.9295505716949795,5
vogn,standard,,,0.01,mutual_information,adv,adv_error,5,neg_spearman_p_safe_optimistic,0.7882243409869272,0.05771854165919634,0.0258125165424233,0.7165687950651601,0.8598798869086942,5
vogn,standard,,,0.01,mutual_information,adv,cert_fail_tau0.5,5,auroc,1.0,0.0,0.0,1.0,1.0,4
vogn,standard,,,0.01,mutual_information,adv,cert_fail_tau0.5,5,auprc,1.0,0.0,0.0,1.0,1.0,4
vogn,standard,,,0.01,mutual_information,adv,cert_fail_tau0.5,5,prevalence,0.017403381642512077,0.009745299223873165,0.004358230305131268,0.005304934315467679,0.029501828969556478,5
vogn,standard,,,0.01,mutual_information,adv,cert_fail_tau0.5,5,neg_spearman_p_safe,,,,,,0
vogn,standard,,,0.01,mutual_information,adv,cert_fail_tau0.5,5,neg_spearman_p_safe_optimistic,,,,,,0
vogn,standard,,,0.01,mutual_information,adv,cert_fail_tau0.9,5,auroc,1.0,0.0,0.0,1.0,1.0,5
vogn,standard,,,0.01,mutual_information,adv,cert_fail_tau0.9,5,auprc,1.0,0.0,0.0,1.0,1.0,5
vogn,standard,,,0.01,mutual_information,adv,cert_fail_tau0.9,5,prevalence,0.138573268921095,0.0414856064351672,0.018552927215367315,0.08707034297123534,0.19007619487095467,5
vogn,standard,,,0.01,mutual_information,adv,cert_fail_tau0.9,5,neg_spearman_p_safe,,,,,,0
vogn,standard,,,0.01,mutual_information,adv,cert_fail_tau0.9,5,neg_spearman_p_safe_optimistic,,,,,,0
vogn,standard,,,0.01,mutual_information,adv,cert_fail_tau0.95,5,auroc,,,,,,0
vogn,standard,,,0.01,mutual_information,adv,cert_fail_tau0.95,5,auprc,1.0,0.0,0.0,1.0,1.0,5
vogn,standard,,,0.01,mutual_information,adv,cert_fail_tau0.95,5,prevalence,1.0,0.0,0.0,1.0,1.0,5
vogn,standard,,,0.01,mutual_information,adv,cert_fail_tau0.95,5,neg_spearman_p_safe,,,,,,0
vogn,standard,,,0.01,mutual_information,adv,cert_fail_tau0.95,5,neg_spearman_p_safe_optimistic,,,,,,0
vogn,standard,,,0.01,mutual_information,clean,adv_error,5,auroc,1.0,0.0,0.0,1.0,1.0,3
vogn,standard,,,0.01,mutual_information,clean,adv_error,5,auprc,1.0,0.0,0.0,1.0,1.0,3
vogn,standard,,,0.01,mutual_information,clean,adv_error,5,prevalence,0.012,0.010954451150103323,0.004898979485566356,-0.001599567051932203,0.025599567051932205,5
vogn,standard,,,0.01,mutual_information,clean,adv_error,5,neg_spearman_p_safe,0.8660684173712173,0.05117549931714309,0.022886379051125203,0.8025358291252938,0.9296010056171409,5
vogn,standard,,,0.01,mutual_information,clean,adv_error,5,neg_spearman_p_safe_optimistic,0.7837622047184585,0.056037444639421785,0.02506070709982566,0.7141936818093424,0.8533307276275746,5
vogn,standard,,,0.01,mutual_information,clean,cert_fail_tau0.5,5,auroc,1.0,0.0,0.0,1.0,1.0,4
vogn,standard,,,0.01,mutual_information,clean,cert_fail_tau0.5,5,auprc,1.0,0.0,0.0,1.0,1.0,4
vogn,standard,,,0.01,mutual_information,clean,cert_fail_tau0.5,5,prevalence,0.017403381642512077,0.009745299223873165,0.004358230305131268,0.005304934315467679,0.029501828969556478,5
vogn,standard,,,0.01,mutual_information,clean,cert_fail_tau0.5,5,neg_spearman_p_safe,,,,,,0
vogn,standard,,,0.01,mutual_information,clean,cert_fail_tau0.5,5,neg_spearman_p_safe_optimistic,,,,,,0
vogn,standard,,,0.01,mutual_information,clean,cert_fail_tau0.9,5,auroc,1.0,0.0,0.0,1.0,1.0,5
vogn,standard,,,0.01,mutual_information,clean,cert_fail_tau0.9,5,auprc,1.0,0.0,0.0,1.0,1.0,5
vogn,standard,,,0.01,mutual_information,clean,cert_fail_tau0.9,5,prevalence,0.138573268921095,0.0414856064351672,0.018552927215367315,0.08707034297123534,0.19007619487095467,5
vogn,standard,,,0.01,mutual_information,clean,cert_fail_tau0.9,5,neg_spearman_p_safe,,,,,,0
vogn,standard,,,0.01,mutual_information,clean,cert_fail_tau0.9,5,neg_spearman_p_safe_optimistic,,,,,,0
vogn,standard,,,0.01,mutual_information,clean,cert_fail_tau0.95,5,auroc,,,,,,0
vogn,standard,,,0.01,mutual_information,clean,cert_fail_tau0.95,5,auprc,1.0,0.0,0.0,1.0,1.0,5
vogn,standard,,,0.01,mutual_information,clean,cert_fail_tau0.95,5,prevalence,1.0,0.0,0.0,1.0,1.0,5
vogn,standard,,,0.01,mutual_information,clean,cert_fail_tau0.95,5,neg_spearman_p_safe,,,,,,0
vogn,standard,,,0.01,mutual_information,clean,cert_fail_tau0.95,5,neg_spearman_p_safe_optimistic,,,,,,0
vogn,standard,,,0.01,mutual_information,delta,adv_error,5,auroc,0.21768707482993196,0.37704507375649027,0.21768707482993196,-0.7190204081632653,1.1543945578231292,3
vogn,standard,,,0.01,mutual_information,delta,adv_error,5,auprc,0.03185185185185185,0.02052800957118669,0.011851851851851851,-0.01914666666666666,0.08285037037037037,3
vogn,standard,,,0.01,mutual_information,delta,adv_error,5,prevalence,0.012,0.010954451150103323,0.004898979485566356,-0.001599567051932203,0.025599567051932205,5
vogn,standard,,,0.01,mutual_information,delta,adv_error,5,neg_spearman_p_safe,0.8047920869693534,0.08570871376365725,0.03833010204792189,0.6983877236843223,0.9111964502543846,5
vogn,standard,,,0.01,mutual_information,delta,adv_error,5,neg_spearman_p_safe_optimistic,0.7058957326267141,0.14512785792985808,0.06490315115201892,0.5257245850287096,0.8860668802247187,5
vogn,standard,,,0.01,mutual_information,delta,cert_fail_tau0.5,5,auroc,0.4088491295938105,0.48514078809938455,0.24257039404969227,-0.3630098642723103,1.1807081234599313,4
vogn,standard,,,0.01,mutual_information,delta,cert_fail_tau0.5,5,auprc,0.10994867149758453,0.15014319454810507,0.07507159727405253,-0.12892915102845062,0.34882649402361965,4
vogn,standard,,,0.01,mutual_information,delta,cert_fail_tau0.5,5,prevalence,0.017403381642512077,0.009745299223873165,0.004358230305131268,0.005304934315467679,0.029501828969556478,5
vogn,standard,,,0.01,mutual_information,delta,cert_fail_tau0.5,5,neg_spearman_p_safe,,,,,,0
vogn,standard,,,0.01,mutual_information,delta,cert_fail_tau0.5,5,neg_spearman_p_safe_optimistic,,,,,,0
vogn,standard,,,0.01,mutual_information,delta,cert_fail_tau0.9,5,auroc,0.8866666666666667,0.16599866130651644,0.07423685817106696,0.6805851483837848,1.0927481849495486,5
vogn,standard,,,0.01,mutual_information,delta,cert_fail_tau0.9,5,auprc,0.8761030595813205,0.19888235616237782,0.0889428935808802,0.6291975870007971,1.123008532161844,5
vogn,standard,,,0.01,mutual_information,delta,cert_fail_tau0.9,5,prevalence,0.138573268921095,0.0414856064351672,0.018552927215367315,0.08707034297123534,0.19007619487095467,5
vogn,standard,,,0.01,mutual_information,delta,cert_fail_tau0.9,5,neg_spearman_p_safe,,,,,,0
vogn,standard,,,0.01,mutual_information,delta,cert_fail_tau0.9,5,neg_spearman_p_safe_optimistic,,,,,,0
vogn,standard,,,0.01,mutual_information,delta,cert_fail_tau0.95,5,auroc,,,,,,0
vogn,standard,,,0.01,mutual_information,delta,cert_fail_tau0.95,5,auprc,1.0,0.0,0.0,1.0,1.0,5
vogn,standard,,,0.01,mutual_information,delta,cert_fail_tau0.95,5,prevalence,1.0,0.0,0.0,1.0,1.0,5
vogn,standard,,,0.01,mutual_information,delta,cert_fail_tau0.95,5,neg_spearman_p_safe,,,,,,0
vogn,standard,,,0.01,mutual_information,delta,cert_fail_tau0.95,5,neg_spearman_p_safe_optimistic,,,,,,0
vogn,standard,,,0.01,one_minus_confidence,adv,adv_error,5,auroc,0.9931972789115647,0.011782658554890335,0.006802721088435382,0.9639251700680272,1.022469387755102,3
vogn,standard,,,0.01,one_minus_confidence,adv,adv_error,5,auprc,0.8333333333333334,0.28867513459481287,0.16666666666666666,0.11616666666666675,1.5505,3
vogn,standard,,,0.01,one_minus_confidence,adv,adv_error,5,prevalence,0.012,0.010954451150103323,0.004898979485566356,-0.001599567051932203,0.025599567051932205,5
vogn,standard,,,0.01,one_minus_confidence,adv,adv_error,5,neg_spearman_p_safe,0.9222317576651282,0.02074359095897953,0.009276815896345656,0.8964793167368726,0.9479841985933838,5
vogn,standard,,,0.01,one_minus_confidence,adv,adv_error,5,neg_spearman_p_safe_optimistic,0.8147258421571403,0.054568285102805154,0.024403678981092285,0.7469812293056282,0.8824704550086524,5
vogn,standard,,,0.01,one_minus_confidence,adv,cert_fail_tau0.5,5,auroc,1.0,0.0,0.0,1.0,1.0,4
vogn,standard,,,0.01,one_minus_confidence,adv,cert_fail_tau0.5,5,auprc,1.0,0.0,0.0,1.0,1.0,4
vogn,standard,,,0.01,one_minus_confidence,adv,cert_fail_tau0.5,5,prevalence,0.017403381642512077,0.009745299223873165,0.004358230305131268,0.005304934315467679,0.029501828969556478,5
vogn,standard,,,0.01,one_minus_confidence,adv,cert_fail_tau0.5,5,neg_spearman_p_safe,,,,,,0
vogn,standard,,,0.01,one_minus_confidence,adv,cert_fail_tau0.5,5,neg_spearman_p_safe_optimistic,,,,,,0
vogn,standard,,,0.01,one_minus_confidence,adv,cert_fail_tau0.9,5,auroc,1.0,0.0,0.0,1.0,1.0,5
vogn,standard,,,0.01,one_minus_confidence,adv,cert_fail_tau0.9,5,auprc,1.0,0.0,0.0,1.0,1.0,5
vogn,standard,,,0.01,one_minus_confidence,adv,cert_fail_tau0.9,5,prevalence,0.138573268921095,0.0414856064351672,0.018552927215367315,0.08707034297123534,0.19007619487095467,5
vogn,standard,,,0.01,one_minus_confidence,adv,cert_fail_tau0.9,5,neg_spearman_p_safe,,,,,,0
vogn,standard,,,0.01,one_minus_confidence,adv,cert_fail_tau0.9,5,neg_spearman_p_safe_optimistic,,,,,,0
vogn,standard,,,0.01,one_minus_confidence,adv,cert_fail_tau0.95,5,auroc,,,,,,0
vogn,standard,,,0.01,one_minus_confidence,adv,cert_fail_tau0.95,5,auprc,1.0,0.0,0.0,1.0,1.0,5
vogn,standard,,,0.01,one_minus_confidence,adv,cert_fail_tau0.95,5,prevalence,1.0,0.0,0.0,1.0,1.0,5
vogn,standard,,,0.01,one_minus_confidence,adv,cert_fail_tau0.95,5,neg_spearman_p_safe,,,,,,0
vogn,standard,,,0.01,one_minus_confidence,adv,cert_fail_tau0.95,5,neg_spearman_p_safe_optimistic,,,,,,0
vogn,standard,,,0.01,one_minus_confidence,clean,adv_error,5,auroc,1.0,0.0,0.0,1.0,1.0,3
vogn,standard,,,0.01,one_minus_confidence,clean,adv_error,5,auprc,1.0,0.0,0.0,1.0,1.0,3
vogn,standard,,,0.01,one_minus_confidence,clean,adv_error,5,prevalence,0.012,0.010954451150103323,0.004898979485566356,-0.001599567051932203,0.025599567051932205,5
vogn,standard,,,0.01,one_minus_confidence,clean,adv_error,5,neg_spearman_p_safe,0.9147267873032419,0.02097893759746469,0.009382066112731431,0.8886821717742994,0.9407714028321843,5
vogn,standard,,,0.01,one_minus_confidence,clean,adv_error,5,neg_spearman_p_safe_optimistic,0.814596289655942,0.05074992723223098,0.022696057428887244,0.751592034233351,0.877600545078533,5
vogn,standard,,,0.01,one_minus_confidence,clean,cert_fail_tau0.5,5,auroc,1.0,0.0,0.0,1.0,1.0,4
vogn,standard,,,0.01,one_minus_confidence,clean,cert_fail_tau0.5,5,auprc,1.0,0.0,0.0,1.0,1.0,4
vogn,standard,,,0.01,one_minus_confidence,clean,cert_fail_tau0.5,5,prevalence,0.017403381642512077,0.009745299223873165,0.004358230305131268,0.005304934315467679,0.029501828969556478,5
vogn,standard,,,0.01,one_minus_confidence,clean,cert_fail_tau0.5,5,neg_spearman_p_safe,,,,,,0
vogn,standard,,,0.01,one_minus_confidence,clean,cert_fail_tau0.5,5,neg_spearman_p_safe_optimistic,,,,,,0
vogn,standard,,,0.01,one_minus_confidence,clean,cert_fail_tau0.9,5,auroc,1.0,0.0,0.0,1.0,1.0,5
vogn,standard,,,0.01,one_minus_confidence,clean,cert_fail_tau0.9,5,auprc,1.0,0.0,0.0,1.0,1.0,5
vogn,standard,,,0.01,one_minus_confidence,clean,cert_fail_tau0.9,5,prevalence,0.138573268921095,0.0414856064351672,0.018552927215367315,0.08707034297123534,0.19007619487095467,5
vogn,standard,,,0.01,one_minus_confidence,clean,cert_fail_tau0.9,5,neg_spearman_p_safe,,,,,,0
vogn,standard,,,0.01,one_minus_confidence,clean,cert_fail_tau0.9,5,neg_spearman_p_safe_optimistic,,,,,,0
vogn,standard,,,0.01,one_minus_confidence,clean,cert_fail_tau0.95,5,auroc,,,,,,0
vogn,standard,,,0.01,one_minus_confidence,clean,cert_fail_tau0.95,5,auprc,1.0,0.0,0.0,1.0,1.0,5
vogn,standard,,,0.01,one_minus_confidence,clean,cert_fail_tau0.95,5,prevalence,1.0,0.0,0.0,1.0,1.0,5
vogn,standard,,,0.01,one_minus_confidence,clean,cert_fail_tau0.95,5,neg_spearman_p_safe,,,,,,0
vogn,standard,,,0.01,one_minus_confidence,clean,cert_fail_tau0.95,5,neg_spearman_p_safe_optimistic,,,,,,0
vogn,standard,,,0.01,one_minus_confidence,delta,adv_error,5,auroc,0.0,0.0,0.0,0.0,0.0,3
vogn,standard,,,0.01,one_minus_confidence,delta,adv_error,5,auprc,0.02,0.0,0.0,0.02,0.02,3
vogn,standard,,,0.01,one_minus_confidence,delta,adv_error,5,prevalence,0.012,0.010954451150103323,0.004898979485566356,-0.001599567051932203,0.025599567051932205,5
vogn,standard,,,0.01,one_minus_confidence,delta,adv_error,5,neg_spearman_p_safe,0.8502486973134615,0.06003788813086656,0.02684975981722908,0.7757137640608336,0.9247836305660895,5
vogn,standard,,,0.01,one_minus_confidence,delta,adv_error,5,neg_spearman_p_safe_optimistic,0.7246346371146628,0.1300736535344932,0.05817070627697652,0.563152756489776,0.8861165177395496,5
vogn,standard,,,0.01,one_minus_confidence,delta,cert_fail_tau0.5,5,auroc,0.25,0.5,0.25,-0.5455,1.0455,4
vogn,standard,,,0.01,one_minus_confidence,delta,cert_fail_tau0.5,5,auprc,0.2661986714975846,0.48920122441316394,0.24460061220658197,-0.5121204765437593,1.0445178195389284,4
vogn,standard,,,0.01,one_minus_confidence,delta,cert_fail_tau0.5,5,prevalence,0.017403381642512077,0.009745299223873165,0.004358230305131268,0.005304934315467679,0.029501828969556478,5
vogn,standard,,,0.01,one_minus_confidence,delta,cert_fail_tau0.5,5,neg_spearman_p_safe,,,,,,0
vogn,standard,,,0.01,one_minus_confidence,delta,cert_fail_tau0.5,5,neg_spearman_p_safe_optimistic,,,,,,0
vogn,standard,,,0.01,one_minus_confidence,delta,cert_fail_tau0.9,5,auroc,0.7933333333333333,0.21653842358548955,0.09683892697555967,0.5245084720491797,1.062158194617487,5
vogn,standard,,,0.01,one_minus_confidence,delta,cert_fail_tau0.9,5,auprc,0.817769726247987,0.19659792179498045,0.08792126347375274,0.5737002988448494,1.0618391536511247,5
vogn,standard,,,0.01,one_minus_confidence,delta,cert_fail_tau0.9,5,prevalence,0.138573268921095,0.0414856064351672,0.018552927215367315,0.08707034297123534,0.19007619487095467,5
vogn,standard,,,0.01,one_minus_confidence,delta,cert_fail_tau0.9,5,neg_spearman_p_safe,,,,,,0
vogn,standard,,,0.01,one_minus_confidence,delta,cert_fail_tau0.9,5,neg_spearman_p_safe_optimistic,,,,,,0
vogn,standard,,,0.01,one_minus_confidence,delta,cert_fail_tau0.95,5,auroc,,,,,,0
vogn,standard,,,0.01,one_minus_confidence,delta,cert_fail_tau0.95,5,auprc,1.0,0.0,0.0,1.0,1.0,5
vogn,standard,,,0.01,one_minus_confidence,delta,cert_fail_tau0.95,5,prevalence,1.0,0.0,0.0,1.0,1.0,5
vogn,standard,,,0.01,one_minus_confidence,delta,cert_fail_tau0.95,5,neg_spearman_p_safe,,,,,,0
vogn,standard,,,0.01,one_minus_confidence,delta,cert_fail_tau0.95,5,neg_spearman_p_safe_optimistic,,,,,,0
vogn,standard,,,0.03,mutual_information,adv,adv_error,5,auroc,1.0,0.0,0.0,1.0,1.0,4
vogn,standard,,,0.03,mutual_information,adv,adv_error,5,auprc,1.0,0.0,0.0,1.0,1.0,4
vogn,standard,,,0.03,mutual_information,adv,adv_error,5,prevalence,0.02,0.01414213562373095,0.006324555320336759,0.0024430344307451585,0.03755696556925484,5
vogn,standard,,,0.03,mutual_information,adv,adv_error,5,neg_spearman_p_safe,,,,,,0
vogn,standard,,,0.03,mutual_information,adv,adv_error,5,neg_spearman_p_safe_optimistic,,,,,,0
vogn,standard,,,0.03,mutual_information,adv,cert_fail_tau0.5,5,auroc,,,,,,0
vogn,standard,,,0.03,mutual_information,adv,cert_fail_tau0.5,5,auprc,,,,,,0
vogn,standard,,,0.03,mutual_information,adv,cert_fail_tau0.5,5,prevalence,,,,,,0
vogn,standard,,,0.03,mutual_information,adv,cert_fail_tau0.5,5,neg_spearman_p_safe,,,,,,0
vogn,standard,,,0.03,mutual_information,adv,cert_fail_tau0.5,5,neg_spearman_p_safe_optimistic,,,,,,0
vogn,standard,,,0.03,mutual_information,adv,cert_fail_tau0.9,5,auroc,,,,,,0
vogn,standard,,,0.03,mutual_information,adv,cert_fail_tau0.9,5,auprc,,,,,,0
vogn,standard,,,0.03,mutual_information,adv,cert_fail_tau0.9,5,prevalence,,,,,,0
vogn,standard,,,0.03,mutual_information,adv,cert_fail_tau0.9,5,neg_spearman_p_safe,,,,,,0
vogn,standard,,,0.03,mutual_information,adv,cert_fail_tau0.9,5,neg_spearman_p_safe_optimistic,,,,,,0
vogn,standard,,,0.03,mutual_information,adv,cert_fail_tau0.95,5,auroc,,,,,,0
vogn,standard,,,0.03,mutual_information,adv,cert_fail_tau0.95,5,auprc,,,,,,0
vogn,standard,,,0.03,mutual_information,adv,cert_fail_tau0.95,5,prevalence,,,,,,0
vogn,standard,,,0.03,mutual_information,adv,cert_fail_tau0.95,5,neg_spearman_p_safe,,,,,,0
vogn,standard,,,0.03,mutual_information,adv,cert_fail_tau0.95,5,neg_spearman_p_safe_optimistic,,,,,,0
vogn,standard,,,0.03,mutual_information,clean,adv_error,5,auroc,1.0,0.0,0.0,1.0,1.0,4
vogn,standard,,,0.03,mutual_information,clean,adv_error,5,auprc,1.0,0.0,0.0,1.0,1.0,4
vogn,standard,,,0.03,mutual_information,clean,adv_error,5,prevalence,0.02,0.01414213562373095,0.006324555320336759,0.0024430344307451585,0.03755696556925484,5
vogn,standard,,,0.03,mutual_information,clean,adv_error,5,neg_spearman_p_safe,,,,,,0
vogn,standard,,,0.03,mutual_information,clean,adv_error,5,neg_spearman_p_safe_optimistic,,,,,,0
vogn,standard,,,0.03,mutual_information,clean,cert_fail_tau0.5,5,auroc,,,,,,0
vogn,standard,,,0.03,mutual_information,clean,cert_fail_tau0.5,5,auprc,,,,,,0
vogn,standard,,,0.03,mutual_information,clean,cert_fail_tau0.5,5,prevalence,,,,,,0
vogn,standard,,,0.03,mutual_information,clean,cert_fail_tau0.5,5,neg_spearman_p_safe,,,,,,0
vogn,standard,,,0.03,mutual_information,clean,cert_fail_tau0.5,5,neg_spearman_p_safe_optimistic,,,,,,0
vogn,standard,,,0.03,mutual_information,clean,cert_fail_tau0.9,5,auroc,,,,,,0
vogn,standard,,,0.03,mutual_information,clean,cert_fail_tau0.9,5,auprc,,,,,,0
vogn,standard,,,0.03,mutual_information,clean,cert_fail_tau0.9,5,prevalence,,,,,,0
vogn,standard,,,0.03,mutual_information,clean,cert_fail_tau0.9,5,neg_spearman_p_safe,,,,,,0
vogn,standard,,,0.03,mutual_information,clean,cert_fail_tau0.9,5,neg_spearman_p_safe_optimistic,,,,,,0
vogn,standard,,,0.03,mutual_information,clean,cert_fail_tau0.95,5,auroc,,,,,,0
vogn,standard,,,0.03,mutual_information,clean,cert_fail_tau0.95,5,auprc,,,,,,0
vogn,standard,,,0.03,mutual_information,clean,cert_fail_tau0.95,5,prevalence,,,,,,0
vogn,standard,,,0.03,mutual_information,clean,cert_fail_tau0.95,5,neg_spearman_p_safe,,,,,,0
vogn,standard,,,0.03,mutual_information,clean,cert_fail_tau0.95,5,neg_spearman_p_safe_optimistic,,,,,,0
vogn,standard,,,0.03,mutual_information,delta,adv_error,5,auroc,0.2755102040816326,0.31987259715670063,0.15993629857835032,-0.23340709799467807,0.7844275061579433,4
vogn,standard,,,0.03,mutual_information,delta,adv_error,5,auprc,0.03445578231292517,0.011986888729418027,0.0059934443647090135,0.01538464234442109,0.053526922281429246,4
vogn,standard,,,0.03,mutual_information,delta,adv_error,5,prevalence,0.02,0.01414213562373095,0.006324555320336759,0.0024430344307451585,0.03755696556925484,5
vogn,standard,,,0.03,mutual_information,delta,adv_error,5,neg_spearman_p_safe,,,,,,0
vogn,standard,,,0.03,mutual_information,delta,adv_error,5,neg_spearman_p_safe_optimistic,,,,,,0
vogn,standard,,,0.03,mutual_information,delta,cert_fail_tau0.5,5,auroc,,,,,,0
vogn,standard,,,0.03,mutual_information,delta,cert_fail_tau0.5,5,auprc,,,,,,0
vogn,standard,,,0.03,mutual_information,delta,cert_fail_tau0.5,5,prevalence,,,,,,0
vogn,standard,,,0.03,mutual_information,delta,cert_fail_tau0.5,5,neg_spearman_p_safe,,,,,,0
vogn,standard,,,0.03,mutual_information,delta,cert_fail_tau0.5,5,neg_spearman_p_safe_optimistic,,,,,,0
vogn,standard,,,0.03,mutual_information,delta,cert_fail_tau0.9,5,auroc,,,,,,0
vogn,standard,,,0.03,mutual_information,delta,cert_fail_tau0.9,5,auprc,,,,,,0
vogn,standard,,,0.03,mutual_information,delta,cert_fail_tau0.9,5,prevalence,,,,,,0
vogn,standard,,,0.03,mutual_information,delta,cert_fail_tau0.9,5,neg_spearman_p_safe,,,,,,0
vogn,standard,,,0.03,mutual_information,delta,cert_fail_tau0.9,5,neg_spearman_p_safe_optimistic,,,,,,0
vogn,standard,,,0.03,mutual_information,delta,cert_fail_tau0.95,5,auroc,,,,,,0
vogn,standard,,,0.03,mutual_information,delta,cert_fail_tau0.95,5,auprc,,,,,,0
vogn,standard,,,0.03,mutual_information,delta,cert_fail_tau0.95,5,prevalence,,,,,,0
vogn,standard,,,0.03,mutual_information,delta,cert_fail_tau0.95,5,neg_spearman_p_safe,,,,,,0
vogn,standard,,,0.03,mutual_information,delta,cert_fail_tau0.95,5,neg_spearman_p_safe_optimistic,,,,,,0
vogn,standard,,,0.03,one_minus_confidence,adv,adv_error,5,auroc,0.9871917517006803,0.019306946572929834,0.009653473286464917,0.956474399703149,1.0179091036982117,4
vogn,standard,,,0.03,one_minus_confidence,adv,adv_error,5,auprc,0.7916666666666666,0.3154949081000152,0.1577474540500076,0.28971426787954246,1.293619065453791,4
vogn,standard,,,0.03,one_minus_confidence,adv,adv_error,5,prevalence,0.02,0.01414213562373095,0.006324555320336759,0.0024430344307451585,0.03755696556925484,5
vogn,standard,,,0.03,one_minus_confidence,adv,adv_error,5,neg_spearman_p_safe,,,,,,0
vogn,standard,,,0.03,one_minus_confidence,adv,adv_error,5,neg_spearman_p_safe_optimistic,,,,,,0
vogn,standard,,,0.03,one_minus_confidence,adv,cert_fail_tau0.5,5,auroc,,,,,,0
vogn,standard,,,0.03,one_minus_confidence,adv,cert_fail_tau0.5,5,auprc,,,,,,0
vogn,standard,,,0.03,one_minus_confidence,adv,cert_fail_tau0.5,5,prevalence,,,,,,0
vogn,standard,,,0.03,one_minus_confidence,adv,cert_fail_tau0.5,5,neg_spearman_p_safe,,,,,,0
vogn,standard,,,0.03,one_minus_confidence,adv,cert_fail_tau0.5,5,neg_spearman_p_safe_optimistic,,,,,,0
vogn,standard,,,0.03,one_minus_confidence,adv,cert_fail_tau0.9,5,auroc,,,,,,0
vogn,standard,,,0.03,one_minus_confidence,adv,cert_fail_tau0.9,5,auprc,,,,,,0
vogn,standard,,,0.03,one_minus_confidence,adv,cert_fail_tau0.9,5,prevalence,,,,,,0
vogn,standard,,,0.03,one_minus_confidence,adv,cert_fail_tau0.9,5,neg_spearman_p_safe,,,,,,0
vogn,standard,,,0.03,one_minus_confidence,adv,cert_fail_tau0.9,5,neg_spearman_p_safe_optimistic,,,,,,0
vogn,standard,,,0.03,one_minus_confidence,adv,cert_fail_tau0.95,5,auroc,,,,,,0
vogn,standard,,,0.03,one_minus_confidence,adv,cert_fail_tau0.95,5,auprc,,,,,,0
vogn,standard,,,0.03,one_minus_confidence,adv,cert_fail_tau0.95,5,prevalence,,,,,,0
vogn,standard,,,0.03,one_minus_confidence,adv,cert_fail_tau0.95,5,neg_spearman_p_safe,,,,,,0
vogn,standard,,,0.03,one_minus_confidence,adv,cert_fail_tau0.95,5,neg_spearman_p_safe_optimistic,,,,,,0
vogn,standard,,,0.03,one_minus_confidence,clean,adv_error,5,auroc,1.0,0.0,0.0,1.0,1.0,4
vogn,standard,,,0.03,one_minus_confidence,clean,adv_error,5,auprc,1.0,0.0,0.0,1.0,1.0,4
vogn,standard,,,0.03,one_minus_confidence,clean,adv_error,5,prevalence,0.02,0.01414213562373095,0.006324555320336759,0.0024430344307451585,0.03755696556925484,5
vogn,standard,,,0.03,one_minus_confidence,clean,adv_error,5,neg_spearman_p_safe,,,,,,0
vogn,standard,,,0.03,one_minus_confidence,clean,adv_error,5,neg_spearman_p_safe_optimistic,,,,,,0
vogn,standard,,,0.03,one_minus_confidence,clean,cert_fail_tau0.5,5,auroc,,,,,,0
vogn,standard,,,0.03,one_minus_confidence,clean,cert_fail_tau0.5,5,auprc,,,,,,0
vogn,standard,,,0.03,one_minus_confidence,clean,cert_fail_tau0.5,5,prevalence,,,,,,0
vogn,standard,,,0.03,one_minus_confidence,clean,cert_fail_tau0.5,5,neg_spearman_p_safe,,,,,,0
vogn,standard,,,0.03,one_minus_confidence,clean,cert_fail_tau0.5,5,neg_spearman_p_safe_optimistic,,,,,,0
vogn,standard,,,0.03,one_minus_confidence,clean,cert_fail_tau0.9,5,auroc,,,,,,0
vogn,standard,,,0.03,one_minus_confidence,clean,cert_fail_tau0.9,5,auprc,,,,,,0
vogn,standard,,,0.03,one_minus_confidence,clean,cert_fail_tau0.9,5,prevalence,,,,,,0
vogn,standard,,,0.03,one_minus_confidence,clean,cert_fail_tau0.9,5,neg_spearman_p_safe,,,,,,0
vogn,standard,,,0.03,one_minus_confidence,clean,cert_fail_tau0.9,5,neg_spearman_p_safe_optimistic,,,,,,0
vogn,standard,,,0.03,one_minus_confidence,clean,cert_fail_tau0.95,5,auroc,,,,,,0
vogn,standard,,,0.03,one_minus_confidence,clean,cert_fail_tau0.95,5,auprc,,,,,,0
vogn,standard,,,0.03,one_minus_confidence,clean,cert_fail_tau0.95,5,prevalence,,,,,,0
vogn,standard,,,0.03,one_minus_confidence,clean,cert_fail_tau0.95,5,neg_spearman_p_safe,,,,,,0
vogn,standard,,,0.03,one_minus_confidence,clean,cert_fail_tau0.95,5,neg_spearman_p_safe_optimistic,,,,,,0
vogn,standard,,,0.03,one_minus_confidence,delta,adv_error,5,auroc,0.30250850340136054,0.4329828517956517,0.21649142589782586,-0.38636721380552136,0.9913842206082424,4
vogn,standard,,,0.03,one_minus_confidence,delta,adv_error,5,auprc,0.07095238095238096,0.08676080706011993,0.043380403530059966,-0.06708406308026985,0.20898882498503177,4
vogn,standard,,,0.03,one_minus_confidence,delta,adv_error,5,prevalence,0.02,0.01414213562373095,0.006324555320336759,0.0024430344307451585,0.03755696556925484,5
vogn,standard,,,0.03,one_minus_confidence,delta,adv_error,5,neg_spearman_p_safe,,,,,,0
vogn,standard,,,0.03,one_minus_confidence,delta,adv_error,5,neg_spearman_p_safe_optimistic,,,,,,0
vogn,standard,,,0.03,one_minus_confidence,delta,cert_fail_tau0.5,5,auroc,,,,,,0
vogn,standard,,,0.03,one_minus_confidence,delta,cert_fail_tau0.5,5,auprc,,,,,,0
vogn,standard,,,0.03,one_minus_confidence,delta,cert_fail_tau0.5,5,prevalence,,,,,,0
vogn,standard,,,0.03,one_minus_confidence,delta,cert_fail_tau0.5,5,neg_spearman_p_safe,,,,,,0
vogn,standard,,,0.03,one_minus_confidence,delta,cert_fail_tau0.5,5,neg_spearman_p_safe_optimistic,,,,,,0
vogn,standard,,,0.03,one_minus_confidence,delta,cert_fail_tau0.9,5,auroc,,,,,,0
vogn,standard,,,0.03,one_minus_confidence,delta,cert_fail_tau0.9,5,auprc,,,,,,0
vogn,standard,,,0.03,one_minus_confidence,delta,cert_fail_tau0.9,5,prevalence,,,,,,0
vogn,standard,,,0.03,one_minus_confidence,delta,cert_fail_tau0.9,5,neg_spearman_p_safe,,,,,,0
vogn,standard,,,0.03,one_minus_confidence,delta,cert_fail_tau0.9,5,neg_spearman_p_safe_optimistic,,,,,,0
vogn,standard,,,0.03,one_minus_confidence,delta,cert_fail_tau0.95,5,auroc,,,,,,0
vogn,standard,,,0.03,one_minus_confidence,delta,cert_fail_tau0.95,5,auprc,,,,,,0
vogn,standard,,,0.03,one_minus_confidence,delta,cert_fail_tau0.95,5,prevalence,,,,,,0
vogn,standard,,,0.03,one_minus_confidence,delta,cert_fail_tau0.95,5,neg_spearman_p_safe,,,,,,0
vogn,standard,,,0.03,one_minus_confidence,delta,cert_fail_tau0.95,5,neg_spearman_p_safe_optimistic,,,,,,0
vogn,standard,,,0.05,mutual_information,adv,adv_error,5,auroc,0.919094973789701,0.07841171922093695,0.03506678688212837,0.8217495734049126,1.0164403741744894,5
vogn,standard,,,0.05,mutual_information,adv,adv_error,5,auprc,0.6035989010989011,0.33631005617893367,0.15040242942657375,0.18608175701073243,1.0211160451870698,5
vogn,standard,,,0.05,mutual_information,adv,adv_error,5,prevalence,0.052000000000000005,0.022803508501982758,0.010198039027185569,0.023690243660532868,0.08030975633946714,5
vogn,standard,,,0.05,mutual_information,adv,adv_error,5,neg_spearman_p_safe,,,,,,0
vogn,standard,,,0.05,mutual_information,adv,adv_error,5,neg_spearman_p_safe_optimistic,0.8756135411118366,0.039038883822188265,0.017458719598425956,0.8271481355066062,0.9240789467170671,5
vogn,standard,,,0.05,mutual_information,adv,cert_fail_tau0.5,5,auroc,,,,,,0
vogn,standard,,,0.05,mutual_information,adv,cert_fail_tau0.5,5,auprc,1.0,0.0,0.0,1.0,1.0,5
vogn,standard,,,0.05,mutual_information,adv,cert_fail_tau0.5,5,prevalence,1.0,0.0,0.0,1.0,1.0,5
vogn,standard,,,0.05,mutual_information,adv,cert_fail_tau0.5,5,neg_spearman_p_safe,,,,,,0
vogn,standard,,,0.05,mutual_information,adv,cert_fail_tau0.5,5,neg_spearman_p_safe_optimistic,,,,,,0
vogn,standard,,,0.05,mutual_information,adv,cert_fail_tau0.9,5,auroc,,,,,,0
vogn,standard,,,0.05,mutual_information,adv,cert_fail_tau0.9,5,auprc,1.0,0.0,0.0,1.0,1.0,5
vogn,standard,,,0.05,mutual_information,adv,cert_fail_tau0.9,5,prevalence,1.0,0.0,0.0,1.0,1.0,5
vogn,standard,,,0.05,mutual_information,adv,cert_fail_tau0.9,5,neg_spearman_p_safe,,,,,,0
vogn,standard,,,0.05,mutual_information,adv,cert_fail_tau0.9,5,neg_spearman_p_safe_optimistic,,,,,,0
vogn,standard,,,0.05,mutual_information,adv,cert_fail_tau0.95,5,auroc,,,,,,0
vogn,standard,,,0.05,mutual_information,adv,cert_fail_tau0.95,5,auprc,1.0,0.0,0.0,1.0,1.0,5
vogn,standard,,,0.05,mutual_information,adv,cert_fail_tau0.95,5,prevalence,1.0,0.0,0.0,1.0,1.0,5
vogn,standard,,,0.05,mutual_information,adv,cert_fail_tau0.95,5,neg_spearman_p_safe,,,,,,0
vogn,standard,,,0.05,mutual_information,adv,cert_fail_tau0.95,5,neg_spearman_p_safe_optimistic,,,,,,0
vogn,standard,,,0.05,mutual_information,clean,adv_error,5,auroc,0.9839731729879742,0.020294073739900956,0.009075785684562384,0.9587787919276289,1.0091675540483194,5
vogn,standard,,,0.05,mutual_information,clean,adv_error,5,auprc,0.8852777777777778,0.10921825187765037,0.04884388711642405,0.7496871471425847,1.020868408412971,5
vogn,standard,,,0.05,mutual_information,clean,adv_error,5,prevalence,0.052000000000000005,0.022803508501982758,0.010198039027185569,0.023690243660532868,0.08030975633946714,5
vogn,standard,,,0.05,mutual_information,clean,adv_error,5,neg_spearman_p_safe,,,,,,0
vogn,standard,,,0.05,mutual_information,clean,adv_error,5,neg_spearman_p_safe_optimistic,0.8340632910248367,0.058306049286646976,0.02607525794087915,0.7616783749809561,0.9064482070687172,5
vogn,standard,,,0.05,mutual_information,clean,cert_fail_tau0.5,5,auroc,,,,,,0
vogn,standard,,,0.05,mutual_information,clean,cert_fail_tau0.5,5,auprc,1.0,0.0,0.0,1.0,1.0,5
vogn,standard,,,0.05,mutual_information,clean,cert_fail_tau0.5,5,prevalence,1.0,0.0,0.0,1.0,1.0,5
vogn,standard,,,0.05,mutual_information,clean,cert_fail_tau0.5,5,neg_spearman_p_safe,,,,,,0
vogn,standard,,,0.05,mutual_information,clean,cert_fail_tau0.5,5,neg_spearman_p_safe_optimistic,,,,,,0
vogn,standard,,,0.05,mutual_information,clean,cert_fail_tau0.9,5,auroc,,,,,,0
vogn,standard,,,0.05,mutual_information,clean,cert_fail_tau0.9,5,auprc,1.0,0.0,0.0,1.0,1.0,5
vogn,standard,,,0.05,mutual_information,clean,cert_fail_tau0.9,5,prevalence,1.0,0.0,0.0,1.0,1.0,5
vogn,standard,,,0.05,mutual_information,clean,cert_fail_tau0.9,5,neg_spearman_p_safe,,,,,,0
vogn,standard,,,0.05,mutual_information,clean,cert_fail_tau0.9,5,neg_spearman_p_safe_optimistic,,,,,,0
vogn,standard,,,0.05,mutual_information,clean,cert_fail_tau0.95,5,auroc,,,,,,0
vogn,standard,,,0.05,mutual_information,clean,cert_fail_tau0.95,5,auprc,1.0,0.0,0.0,1.0,1.0,5
vogn,standard,,,0.05,mutual_information,clean,cert_fail_tau0.95,5,prevalence,1.0,0.0,0.0,1.0,1.0,5
vogn,standard,,,0.05,mutual_information,clean,cert_fail_tau0.95,5,neg_spearman_p_safe,,,,,,0
vogn,standard,,,0.05,mutual_information,clean,cert_fail_tau0.95,5,neg_spearman_p_safe_optimistic,,,,,,0
vogn,standard,,,0.05,mutual_information,delta,adv_error,5,auroc,0.2760523450823437,0.1960498934600391,0.08767617775164777,0.03266327564376953,0.5194414145209179,5
vogn,standard,,,0.05,mutual_information,delta,adv_error,5,auprc,0.05294589097538814,0.024342560523079492,0.010886324015201716,0.02272545550918818,0.0831663264415881,5
vogn,standard,,,0.05,mutual_information,delta,adv_error,5,prevalence,0.052000000000000005,0.022803508501982758,0.010198039027185569,0.023690243660532868,0.08030975633946714,5
vogn,standard,,,0.05,mutual_information,delta,adv_error,5,neg_spearman_p_safe,,,,,,0
vogn,standard,,,0.05,mutual_information,delta,adv_error,5,neg_spearman_p_safe_optimistic,0.6924768516135066,0.10306911785118589,0.04609391077923774,0.5645201552903426,0.8204335479366706,5
vogn,standard,,,0.05,mutual_information,delta,cert_fail_tau0.5,5,auroc,,,,,,0
vogn,standard,,,0.05,mutual_information,delta,cert_fail_tau0.5,5,auprc,1.0,0.0,0.0,1.0,1.0,5
vogn,standard,,,0.05,mutual_information,delta,cert_fail_tau0.5,5,prevalence,1.0,0.0,0.0,1.0,1.0,5
vogn,standard,,,0.05,mutual_information,delta,cert_fail_tau0.5,5,neg_spearman_p_safe,,,,,,0
vogn,standard,,,0.05,mutual_information,delta,cert_fail_tau0.5,5,neg_spearman_p_safe_optimistic,,,,,,0
vogn,standard,,,0.05,mutual_information,delta,cert_fail_tau0.9,5,auroc,,,,,,0
vogn,standard,,,0.05,mutual_information,delta,cert_fail_tau0.9,5,auprc,1.0,0.0,0.0,1.0,1.0,5
vogn,standard,,,0.05,mutual_information,delta,cert_fail_tau0.9,5,prevalence,1.0,0.0,0.0,1.0,1.0,5
vogn,standard,,,0.05,mutual_information,delta,cert_fail_tau0.9,5,neg_spearman_p_safe,,,,,,0
vogn,standard,,,0.05,mutual_information,delta,cert_fail_tau0.9,5,neg_spearman_p_safe_optimistic,,,,,,0
vogn,standard,,,0.05,mutual_information,delta,cert_fail_tau0.95,5,auroc,,,,,,0
vogn,standard,,,0.05,mutual_information,delta,cert_fail_tau0.95,5,auprc,1.0,0.0,0.0,1.0,1.0,5
vogn,standard,,,0.05,mutual_information,delta,cert_fail_tau0.95,5,prevalence,1.0,0.0,0.0,1.0,1.0,5
vogn,standard,,,0.05,mutual_information,delta,cert_fail_tau0.95,5,neg_spearman_p_safe,,,,,,0
vogn,standard,,,0.05,mutual_information,delta,cert_fail_tau0.95,5,neg_spearman_p_safe_optimistic,,,,,,0
vogn,standard,,,0.05,one_minus_confidence,adv,adv_error,5,auroc,0.9307281932199336,0.10212280166568878,0.04567070531544177,0.8039463152642673,1.0575100711756,5
vogn,standard,,,0.05,one_minus_confidence,adv,adv_error,5,auprc,0.5530891330891331,0.34576614311225423,0.15463132006338423,0.12383258859317853,0.9823456775850876,5
vogn,standard,,,0.05,one_minus_confidence,adv,adv_error,5,prevalence,0.052000000000000005,0.022803508501982758,0.010198039027185569,0.023690243660532868,0.08030975633946714,5
vogn,standard,,,0.05,one_minus_confidence,adv,adv_error,5,neg_spearman_p_safe,,,,,,0
vogn,standard,,,0.05,one_minus_confidence,adv,adv_error,5,neg_spearman_p_safe_optimistic,0.945420755277636,0.007638235018058664,0.003415922545699701,0.9359381542907736,0.9549033562644984,5
vogn,standard,,,0.05,one_minus_confidence,adv,cert_fail_tau0.5,5,auroc,,,,,,0
vogn,standard,,,0.05,one_minus_confidence,adv,cert_fail_tau0.5,5,auprc,1.0,0.0,0.0,1.0,1.0,5
vogn,standard,,,0.05,one_minus_confidence,adv,cert_fail_tau0.5,5,prevalence,1.0,0.0,0.0,1.0,1.0,5
vogn,standard,,,0.05,one_minus_confidence,adv,cert_fail_tau0.5,5,neg_spearman_p_safe,,,,,,0
vogn,standard,,,0.05,one_minus_confidence,adv,cert_fail_tau0.5,5,neg_spearman_p_safe_optimistic,,,,,,0
vogn,standard,,,0.05,one_minus_confidence,adv,cert_fail_tau0.9,5,auroc,,,,,,0
vogn,standard,,,0.05,one_minus_confidence,adv,cert_fail_tau0.9,5,auprc,1.0,0.0,0.0,1.0,1.0,5
vogn,standard,,,0.05,one_minus_confidence,adv,cert_fail_tau0.9,5,prevalence,1.0,0.0,0.0,1.0,1.0,5
vogn,standard,,,0.05,one_minus_confidence,adv,cert_fail_tau0.9,5,neg_spearman_p_safe,,,,,,0
vogn,standard,,,0.05,one_minus_confidence,adv,cert_fail_tau0.9,5,neg_spearman_p_safe_optimistic,,,,,,0
vogn,standard,,,0.05,one_minus_confidence,adv,cert_fail_tau0.95,5,auroc,,,,,,0
vogn,standard,,,0.05,one_minus_confidence,adv,cert_fail_tau0.95,5,auprc,1.0,0.0,0.0,1.0,1.0,5
vogn,standard,,,0.05,one_minus_confidence,adv,cert_fail_tau0.95,5,prevalence,1.0,0.0,0.0,1.0,1.0,5
vogn,standard,,,0.05,one_minus_confidence,adv,cert_fail_tau0.95,5,neg_spearman_p_safe,,,,,,0
vogn,standard,,,0.05,one_minus_confidence,adv,cert_fail_tau0.95,5,neg_spearman_p_safe_optimistic,,,,,,0
vogn,standard,,,0.05,one_minus_confidence,clean,adv_error,5,auroc,0.9861470860314524,0.024184054569707892,0.010815437997886253,0.9561234301493202,1.0161707419135846,5
vogn,standard,,,0.05,one_minus_confidence,clean,adv_error,5,auprc,0.9248484848484848,0.09996900346053551,0.044707497476133826,0.8007404718547373,1.0489564978422323,5
vogn,standard,,,0.05,one_minus_confidence,clean,adv_error,5,prevalence,0.052000000000000005,0.022803508501982758,0.010198039027185569,0.023690243660532868,0.08030975633946714,5
vogn,standard,,,0.05,one_minus_confidence,clean,adv_error,5,neg_spearman_p_safe,,,,,,0
vogn,standard,,,0.05,one_minus_confidence,clean,adv_error,5,neg_spearman_p_safe_optimistic,0.8914423682178297,0.024568762735725346,0.010987484720029115,0.8609411106350289,0.9219436258006306,5
vogn,standard,,,0.05,one_minus_confidence,clean,cert_fail_tau0.5,5,auroc,,,,,,0
vogn,standard,,,0.05,one_minus_confidence,clean,cert_fail_tau0.5,5,auprc,1.0,0.0,0.0,1.0,1.0,5
vogn,standard,,,0.05,one_minus_confidence,clean,cert_fail_tau0.5,5,prevalence,1.0,0.0,0.0,1.0,1.0,5
vogn,standard,,,0.05,one_minus_confidence,clean,cert_fail_tau0.5,5,neg_spearman_p_safe,,,,,,0
vogn,standard,,,0.05,one_minus_confidence,clean,cert_fail_tau0.5,5,neg_spearman_p_safe_optimistic,,,,,,0
vogn,standard,,,0.05,one_minus_confidence,clean,cert_fail_tau0.9,5,auroc,,,,,,0
vogn,standard,,,0.05,one_minus_confidence,clean,cert_fail_tau0.9,5,auprc,1.0,0.0,0.0,1.0,1.0,5
vogn,standard,,,0.05,one_minus_confidence,clean,cert_fail_tau0.9,5,prevalence,1.0,0.0,0.0,1.0,1.0,5
vogn,standard,,,0.05,one_minus_confidence,clean,cert_fail_tau0.9,5,neg_spearman_p_safe,,,,,,0
vogn,standard,,,0.05,one_minus_confidence,clean,cert_fail_tau0.9,5,neg_spearman_p_safe_optimistic,,,,,,0
vogn,standard,,,0.05,one_minus_confidence,clean,cert_fail_tau0.95,5,auroc,,,,,,0
vogn,standard,,,0.05,one_minus_confidence,clean,cert_fail_tau0.95,5,auprc,1.0,0.0,0.0,1.0,1.0,5
vogn,standard,,,0.05,one_minus_confidence,clean,cert_fail_tau0.95,5,prevalence,1.0,0.0,0.0,1.0,1.0,5
vogn,standard,,,0.05,one_minus_confidence,clean,cert_fail_tau0.95,5,neg_spearman_p_safe,,,,,,0
vogn,standard,,,0.05,one_minus_confidence,clean,cert_fail_tau0.95,5,neg_spearman_p_safe_optimistic,,,,,,0
vogn,standard,,,0.05,one_minus_confidence,delta,adv_error,5,auroc,0.4573184315354264,0.38211687254753063,0.17088786047318033,-0.017066269138122148,0.9317031322089749,5
vogn,standard,,,0.05,one_minus_confidence,delta,adv_error,5,auprc,0.19430668934240364,0.1892168193113208,0.08462033409328165,-0.04059935810054621,0.4292127367853535,5
vogn,standard,,,0.05,one_minus_confidence,delta,adv_error,5,prevalence,0.052000000000000005,0.022803508501982758,0.010198039027185569,0.023690243660532868,0.08030975633946714,5
vogn,standard,,,0.05,one_minus_confidence,delta,adv_error,5,neg_spearman_p_safe,,,,,,0
vogn,standard,,,0.05,one_minus_confidence,delta,adv_error,5,neg_spearman_p_safe_optimistic,0.8481410534584244,0.07419761469635319,0.033182182045876626,0.7560273160990709,0.9402547908177779,5
vogn,standard,,,0.05,one_minus_confidence,delta,cert_fail_tau0.5,5,auroc,,,,,,0
vogn,standard,,,0.05,one_minus_confidence,delta,cert_fail_tau0.5,5,auprc,1.0,0.0,0.0,1.0,1.0,5
vogn,standard,,,0.05,one_minus_confidence,delta,cert_fail_tau0.5,5,prevalence,1.0,0.0,0.0,1.0,1.0,5
vogn,standard,,,0.05,one_minus_confidence,delta,cert_fail_tau0.5,5,neg_spearman_p_safe,,,,,,0
vogn,standard,,,0.05,one_minus_confidence,delta,cert_fail_tau0.5,5,neg_spearman_p_safe_optimistic,,,,,,0
vogn,standard,,,0.05,one_minus_confidence,delta,cert_fail_tau0.9,5,auroc,,,,,,0
vogn,standard,,,0.05,one_minus_confidence,delta,cert_fail_tau0.9,5,auprc,1.0,0.0,0.0,1.0,1.0,5
vogn,standard,,,0.05,one_minus_confidence,delta,cert_fail_tau0.9,5,prevalence,1.0,0.0,0.0,1.0,1.0,5
vogn,standard,,,0.05,one_minus_confidence,delta,cert_fail_tau0.9,5,neg_spearman_p_safe,,,,,,0
vogn,standard,,,0.05,one_minus_confidence,delta,cert_fail_tau0.9,5,neg_spearman_p_safe_optimistic,,,,,,0
vogn,standard,,,0.05,one_minus_confidence,delta,cert_fail_tau0.95,5,auroc,,,,,,0
vogn,standard,,,0.05,one_minus_confidence,delta,cert_fail_tau0.95,5,auprc,1.0,0.0,0.0,1.0,1.0,5
vogn,standard,,,0.05,one_minus_confidence,delta,cert_fail_tau0.95,5,prevalence,1.0,0.0,0.0,1.0,1.0,5
vogn,standard,,,0.05,one_minus_confidence,delta,cert_fail_tau0.95,5,neg_spearman_p_safe,,,,,,0
vogn,standard,,,0.05,one_minus_confidence,delta,cert_fail_tau0.95,5,neg_spearman_p_safe_optimistic,,,,,,0
vogn,standard,,,0.07,mutual_information,adv,adv_error,5,auroc,0.7225684459864834,0.05686623381157798,0.025431352885417067,0.6519710103765657,0.7931658815964011,5
vogn,standard,,,0.07,mutual_information,adv,adv_error,5,auprc,0.3758025182698683,0.13677886173183595,0.06116936654348596,0.20599635674515132,0.5456086797945854,5
vogn,standard,,,0.07,mutual_information,adv,adv_error,5,prevalence,0.132,0.030331501776206197,0.013564659966250532,0.09434450393368854,0.16965549606631147,5
vogn,standard,,,0.07,mutual_information,adv,adv_error,5,neg_spearman_p_safe,,,,,,0
vogn,standard,,,0.07,mutual_information,adv,adv_error,5,neg_spearman_p_safe_optimistic,0.7091072429699219,0.06837351783194441,0.030577566746604348,0.6242239176813482,0.7939905682584956,5
vogn,standard,,,0.07,mutual_information,adv,cert_fail_tau0.5,5,auroc,,,,,,0
vogn,standard,,,0.07,mutual_information,adv,cert_fail_tau0.5,5,auprc,1.0,0.0,0.0,1.0,1.0,5
vogn,standard,,,0.07,mutual_information,adv,cert_fail_tau0.5,5,prevalence,1.0,0.0,0.0,1.0,1.0,5
vogn,standard,,,0.07,mutual_information,adv,cert_fail_tau0.5,5,neg_spearman_p_safe,,,,,,0
vogn,standard,,,0.07,mutual_information,adv,cert_fail_tau0.5,5,neg_spearman_p_safe_optimistic,,,,,,0
vogn,standard,,,0.07,mutual_information,adv,cert_fail_tau0.9,5,auroc,,,,,,0
vogn,standard,,,0.07,mutual_information,adv,cert_fail_tau0.9,5,auprc,1.0,0.0,0.0,1.0,1.0,5
vogn,standard,,,0.07,mutual_information,adv,cert_fail_tau0.9,5,prevalence,1.0,0.0,0.0,1.0,1.0,5
vogn,standard,,,0.07,mutual_information,adv,cert_fail_tau0.9,5,neg_spearman_p_safe,,,,,,0
vogn,standard,,,0.07,mutual_information,adv,cert_fail_tau0.9,5,neg_spearman_p_safe_optimistic,,,,,,0
vogn,standard,,,0.07,mutual_information,adv,cert_fail_tau0.95,5,auroc,,,,,,0
vogn,standard,,,0.07,mutual_information,adv,cert_fail_tau0.95,5,auprc,1.0,0.0,0.0,1.0,1.0,5
vogn,standard,,,0.07,mutual_information,adv,cert_fail_tau0.95,5,prevalence,1.0,0.0,0.0,1.0,1.0,5
vogn,standard,,,0.07,mutual_information,adv,cert_fail_tau0.95,5,neg_spearman_p_safe,,,,,,0
vogn,standard,,,0.07,mutual_information,adv,cert_fail_tau0.95,5,neg_spearman_p_safe_optimistic,,,,,,0
vogn,standard,,,0.07,mutual_information,clean,adv_error,5,auroc,0.9179563170805372,0.04538592833979681,0.020297204197943966,0.8616112782270448,0.9743013559340296,5
vogn,standard,,,0.07,mutual_information,clean,adv_error,5,auprc,0.732452336719254,0.1430438565413057,0.0639711573980175,0.5548684037823575,0.9100362696561506,5
vogn,standard,,,0.07,mutual_information,clean,adv_error,5,prevalence,0.132,0.030331501776206197,0.013564659966250532,0.09434450393368854,0.16965549606631147,5
vogn,standard,,,0.07,mutual_information,clean,adv_error,5,neg_spearman_p_safe,,,,,,0
vogn,standard,,,0.07,mutual_information,clean,adv_error,5,neg_spearman_p_safe_optimistic,0.7363061940488163,0.0770098654353329,0.03443985881030316,0.6407011459914147,0.8319112421062178,5
vogn,standard,,,0.07,mutual_information,clean,cert_fail_tau0.5,5,auroc,,,,,,0
vogn,standard,,,0.07,mutual_information,clean,cert_fail_tau0.5,5,auprc,1.0,0.0,0.0,1.0,1.0,5
vogn,standard,,,0.07,mutual_information,clean,cert_fail_tau0.5,5,prevalence,1.0,0.0,0.0,1.0,1.0,5
vogn,standard,,,0.07,mutual_information,clean,cert_fail_tau0.5,5,neg_spearman_p_safe,,,,,,0
vogn,standard,,,0.07,mutual_information,clean,cert_fail_tau0.5,5,neg_spearman_p_safe_optimistic,,,,,,0
vogn,standard,,,0.07,mutual_information,clean,cert_fail_tau0.9,5,auroc,,,,,,0
vogn,standard,,,0.07,mutual_information,clean,cert_fail_tau0.9,5,auprc,1.0,0.0,0.0,1.0,1.0,5
vogn,standard,,,0.07,mutual_information,clean,cert_fail_tau0.9,5,prevalence,1.0,0.0,0.0,1.0,1.0,5
vogn,standard,,,0.07,mutual_information,clean,cert_fail_tau0.9,5,neg_spearman_p_safe,,,,,,0
vogn,standard,,,0.07,mutual_information,clean,cert_fail_tau0.9,5,neg_spearman_p_safe_optimistic,,,,,,0
vogn,standard,,,0.07,mutual_information,clean,cert_fail_tau0.95,5,auroc,,,,,,0
vogn,standard,,,0.07,mutual_information,clean,cert_fail_tau0.95,5,auprc,1.0,0.0,0.0,1.0,1.0,5
vogn,standard,,,0.07,mutual_information,clean,cert_fail_tau0.95,5,prevalence,1.0,0.0,0.0,1.0,1.0,5
vogn,standard,,,0.07,mutual_information,clean,cert_fail_tau0.95,5,neg_spearman_p_safe,,,,,,0
vogn,standard,,,0.07,mutual_information,clean,cert_fail_tau0.95,5,neg_spearman_p_safe_optimistic,,,,,,0
vogn,standard,,,0.07,mutual_information,delta,adv_error,5,auroc,0.3406401025079414,0.12350521039104807,0.05523320920195937,0.18731271376330222,0.4939674912525806,5
vogn,standard,,,0.07,mutual_information,delta,adv_error,5,auprc,0.12205451840319252,0.03351128585423214,0.014986702636698034,0.08045143188371878,0.16365760492266626,5
vogn,standard,,,0.07,mutual_information,delta,adv_error,5,prevalence,0.132,0.030331501776206197,0.013564659966250532,0.09434450393368854,0.16965549606631147,5
vogn,standard,,,0.07,mutual_information,delta,adv_error,5,neg_spearman_p_safe,,,,,,0
vogn,standard,,,0.07,mutual_information,delta,adv_error,5,neg_spearman_p_safe_optimistic,0.4605754501172289,0.11637228392026928,0.052043267508525566,0.31610333951356195,0.6050475607208958,5
vogn,standard,,,0.07,mutual_information,delta,cert_fail_tau0.5,5,auroc,,,,,,0
vogn,standard,,,0.07,mutual_information,delta,cert_fail_tau0.5,5,auprc,1.0,0.0,0.0,1.0,1.0,5
vogn,standard,,,0.07,mutual_information,delta,cert_fail_tau0.5,5,prevalence,1.0,0.0,0.0,1.0,1.0,5
vogn,standard,,,0.07,mutual_information,delta,cert_fail_tau0.5,5,neg_spearman_p_safe,,,,,,0
vogn,standard,,,0.07,mutual_information,delta,cert_fail_tau0.5,5,neg_spearman_p_safe_optimistic,,,,,,0
vogn,standard,,,0.07,mutual_information,delta,cert_fail_tau0.9,5,auroc,,,,,,0
vogn,standard,,,0.07,mutual_information,delta,cert_fail_tau0.9,5,auprc,1.0,0.0,0.0,1.0,1.0,5
vogn,standard,,,0.07,mutual_information,delta,cert_fail_tau0.9,5,prevalence,1.0,0.0,0.0,1.0,1.0,5
vogn,standard,,,0.07,mutual_information,delta,cert_fail_tau0.9,5,neg_spearman_p_safe,,,,,,0
vogn,standard,,,0.07,mutual_information,delta,cert_fail_tau0.9,5,neg_spearman_p_safe_optimistic,,,,,,0
vogn,standard,,,0.07,mutual_information,delta,cert_fail_tau0.95,5,auroc,,,,,,0
vogn,standard,,,0.07,mutual_information,delta,cert_fail_tau0.95,5,auprc,1.0,0.0,0.0,1.0,1.0,5
vogn,standard,,,0.07,mutual_information,delta,cert_fail_tau0.95,5,prevalence,1.0,0.0,0.0,1.0,1.0,5
vogn,standard,,,0.07,mutual_information,delta,cert_fail_tau0.95,5,neg_spearman_p_safe,,,,,,0
vogn,standard,,,0.07,mutual_information,delta,cert_fail_tau0.95,5,neg_spearman_p_safe_optimistic,,,,,,0
vogn,standard,,,0.07,one_minus_confidence,adv,adv_error,5,auroc,0.7974980294804459,0.07007859024778273,0.031340098312279206,0.7104979165655588,0.884498142395333,5
vogn,standard,,,0.07,one_minus_confidence,adv,adv_error,5,auprc,0.3639652252038502,0.14525142350994627,0.0649584113593702,0.18364067527023858,0.5442897751374618,5
vogn,standard,,,0.07,one_minus_confidence,adv,adv_error,5,prevalence,0.132,0.030331501776206197,0.013564659966250532,0.09434450393368854,0.16965549606631147,5
vogn,standard,,,0.07,one_minus_confidence,adv,adv_error,5,neg_spearman_p_safe,,,,,,0
vogn,standard,,,0.07,one_minus_confidence,adv,adv_error,5,neg_spearman_p_safe_optimistic,0.8577023527414724,0.020012945542675135,0.008950061332684604,0.83285698248194,0.8825477230010049,5
vogn,standard,,,0.07,one_minus_confidence,adv,cert_fail_tau0.5,5,auroc,,,,,,0
vogn,standard,,,0.07,one_minus_confidence,adv,cert_fail_tau0.5,5,auprc,1.0,0.0,0.0,1.0,1.0,5
vogn,standard,,,0.07,one_minus_confidence,adv,cert_fail_tau0.5,5,prevalence,1.0,0.0,0.0,1.0,1.0,5
vogn,standard,,,0.07,one_minus_confidence,adv,cert_fail_tau0.5,5,neg_spearman_p_safe,,,,,,0
vogn,standard,,,0.07,one_minus_confidence,adv,cert_fail_tau0.5,5,neg_spearman_p_safe_optimistic,,,,,,0
vogn,standard,,,0.07,one_minus_confidence,adv,cert_fail_tau0.9,5,auroc,,,,,,0
vogn,standard,,,0.07,one_minus_confidence,adv,cert_fail_tau0.9,5,auprc,1.0,0.0,0.0,1.0,1.0,5
vogn,standard,,,0.07,one_minus_confidence,adv,cert_fail_tau0.9,5,prevalence,1.0,0.0,0.0,1.0,1.0,5
vogn,standard,,,0.07,one_minus_confidence,adv,cert_fail_tau0.9,5,neg_spearman_p_safe,,,,,,0
vogn,standard,,,0.07,one_minus_confidence,adv,cert_fail_tau0.9,5,neg_spearman_p_safe_optimistic,,,,,,0
vogn,standard,,,0.07,one_minus_confidence,adv,cert_fail_tau0.95,5,auroc,,,,,,0
vogn,standard,,,0.07,one_minus_confidence,adv,cert_fail_tau0.95,5,auprc,1.0,0.0,0.0,1.0,1.0,5
vogn,standard,,,0.07,one_minus_confidence,adv,cert_fail_tau0.95,5,prevalence,1.0,0.0,0.0,1.0,1.0,5
vogn,standard,,,0.07,one_minus_confidence,adv,cert_fail_tau0.95,5,neg_spearman_p_safe,,,,,,0
vogn,standard,,,0.07,one_minus_confidence,adv,cert_fail_tau0.95,5,neg_spearman_p_safe_optimistic,,,,,,0
vogn,standard,,,0.07,one_minus_confidence,clean,adv_error,5,auroc,0.9472677361083486,0.03730939758484654,0.016685269839856666,0.9009494270329065,0.9935860451837907,5
vogn,standard,,,0.07,one_minus_confidence,clean,adv_error,5,auprc,0.8051681783824641,0.13676110821092435,0.0611614269275663,0.6353840572315401,0.9749522995333881,5
vogn,standard,,,0.07,one_minus_confidence,clean,adv_error,5,prevalence,0.132,0.030331501776206197,0.013564659966250532,0.09434450393368854,0.16965549606631147,5
vogn,standard,,,0.07,one_minus_confidence,clean,adv_error,5,neg_spearman_p_safe,,,,,,0
vogn,standard,,,0.07,one_minus_confidence,clean,adv_error,5,neg_spearman_p_safe_optimistic,0.7994088680052976,0.04733118526836622,0.0211671495431407,0.7406488608735391,0.8581688751370562,5
vogn,standard,,,0.07,one_minus_confidence,clean,cert_fail_tau0.5,5,auroc,,,,,,0
vogn,standard,,,0.07,one_minus_confidence,clean,cert_fail_tau0.5,5,auprc,1.0,0.0,0.0,1.0,1.0,5
vogn,standard,,,0.07,one_minus_confidence,clean,cert_fail_tau0.5,5,prevalence,1.0,0.0,0.0,1.0,1.0,5
vogn,standard,,,0.07,one_minus_confidence,clean,cert_fail_tau0.5,5,neg_spearman_p_safe,,,,,,0
vogn,standard,,,0.07,one_minus_confidence,clean,cert_fail_tau0.5,5,neg_spearman_p_safe_optimistic,,,,,,0
vogn,standard,,,0.07,one_minus_confidence,clean,cert_fail_tau0.9,5,auroc,,,,,,0
vogn,standard,,,0.07,one_minus_confidence,clean,cert_fail_tau0.9,5,auprc,1.0,0.0,0.0,1.0,1.0,5
vogn,standard,,,0.07,one_minus_confidence,clean,cert_fail_tau0.9,5,prevalence,1.0,0.0,0.0,1.0,1.0,5
vogn,standard,,,0.07,one_minus_confidence,clean,cert_fail_tau0.9,5,neg_spearman_p_safe,,,,,,0
vogn,standard,,,0.07,one_minus_confidence,clean,cert_fail_tau0.9,5,neg_spearman_p_safe_optimistic,,,,,,0
vogn,standard,,,0.07,one_minus_confidence,clean,cert_fail_tau0.95,5,auroc,,,,,,0
vogn,standard,,,0.07,one_minus_confidence,clean,cert_fail_tau0.95,5,auprc,1.0,0.0,0.0,1.0,1.0,5
vogn,standard,,,0.07,one_minus_confidence,clean,cert_fail_tau0.95,5,prevalence,1.0,0.0,0.0,1.0,1.0,5
vogn,standard,,,0.07,one_minus_confidence,clean,cert_fail_tau0.95,5,neg_spearman_p_safe,,,,,,0
vogn,standard,,,0.07,one_minus_confidence,clean,cert_fail_tau0.95,5,neg_spearman_p_safe_optimistic,,,,,,0
vogn,standard,,,0.07,one_minus_confidence,delta,adv_error,5,auroc,0.562659549878495,0.15678608114012,0.0701168670710212,0.3680151268893401,0.7573039728676498,5
vogn,standard,,,0.07,one_minus_confidence,delta,adv_error,5,auprc,0.25767841289011945,0.07661532851523653,0.034263416535709385,0.16256316858699021,0.3527936571932487,5
vogn,standard,,,0.07,one_minus_confidence,delta,adv_error,5,prevalence,0.132,0.030331501776206197,0.013564659966250532,0.09434450393368854,0.16965549606631147,5
vogn,standard,,,0.07,one_minus_confidence,delta,adv_error,5,neg_spearman_p_safe,,,,,,0
vogn,standard,,,0.07,one_minus_confidence,delta,adv_error,5,neg_spearman_p_safe_optimistic,0.73313065623884,0.0766076798689026,0.03425999595708168,0.6380249074619813,0.8282364050156987,5
vogn,standard,,,0.07,one_minus_confidence,delta,cert_fail_tau0.5,5,auroc,,,,,,0
vogn,standard,,,0.07,one_minus_confidence,delta,cert_fail_tau0.5,5,auprc,1.0,0.0,0.0,1.0,1.0,5
vogn,standard,,,0.07,one_minus_confidence,delta,cert_fail_tau0.5,5,prevalence,1.0,0.0,0.0,1.0,1.0,5
vogn,standard,,,0.07,one_minus_confidence,delta,cert_fail_tau0.5,5,neg_spearman_p_safe,,,,,,0
vogn,standard,,,0.07,one_minus_confidence,delta,cert_fail_tau0.5,5,neg_spearman_p_safe_optimistic,,,,,,0
vogn,standard,,,0.07,one_minus_confidence,delta,cert_fail_tau0.9,5,auroc,,,,,,0
vogn,standard,,,0.07,one_minus_confidence,delta,cert_fail_tau0.9,5,auprc,1.0,0.0,0.0,1.0,1.0,5
vogn,standard,,,0.07,one_minus_confidence,delta,cert_fail_tau0.9,5,prevalence,1.0,0.0,0.0,1.0,1.0,5
vogn,standard,,,0.07,one_minus_confidence,delta,cert_fail_tau0.9,5,neg_spearman_p_safe,,,,,,0
vogn,standard,,,0.07,one_minus_confidence,delta,cert_fail_tau0.9,5,neg_spearman_p_safe_optimistic,,,,,,0
vogn,standard,,,0.07,one_minus_confidence,delta,cert_fail_tau0.95,5,auroc,,,,,,0
vogn,standard,,,0.07,one_minus_confidence,delta,cert_fail_tau0.95,5,auprc,1.0,0.0,0.0,1.0,1.0,5
vogn,standard,,,0.07,one_minus_confidence,delta,cert_fail_tau0.95,5,prevalence,1.0,0.0,0.0,1.0,1.0,5
vogn,standard,,,0.07,one_minus_confidence,delta,cert_fail_tau0.95,5,neg_spearman_p_safe,,,,,,0
vogn,standard,,,0.07,one_minus_confidence,delta,cert_fail_tau0.95,5,neg_spearman_p_safe_optimistic,,,,,,0
vogn,standard,,,0.08,mutual_information,adv,adv_error,5,auroc,0.631728727412938,0.03349902047649009,0.014981217393017845,0.5901408679299204,0.6733165868959555,5
vogn,standard,,,0.08,mutual_information,adv,adv_error,5,auprc,0.34421732411128536,0.08208606726878621,0.03671000528372529,0.24231034944366397,0.44612429877890675,5
vogn,standard,,,0.08,mutual_information,adv,adv_error,5,prevalence,0.20800000000000002,0.030331501776206197,0.013564659966250532,0.17034450393368855,0.24565549606631149,5
vogn,standard,,,0.08,mutual_information,adv,adv_error,5,neg_spearman_p_safe,,,,,,0
vogn,standard,,,0.08,mutual_information,adv,adv_error,5,neg_spearman_p_safe_optimistic,0.5569529279077686,0.10641863886968382,0.04759186211712288,0.42483791867063553,0.6890679371449018,5
vogn,standard,,,0.08,mutual_information,adv,cert_fail_tau0.5,5,auroc,,,,,,0
vogn,standard,,,0.08,mutual_information,adv,cert_fail_tau0.5,5,auprc,1.0,0.0,0.0,1.0,1.0,5
vogn,standard,,,0.08,mutual_information,adv,cert_fail_tau0.5,5,prevalence,1.0,0.0,0.0,1.0,1.0,5
vogn,standard,,,0.08,mutual_information,adv,cert_fail_tau0.5,5,neg_spearman_p_safe,,,,,,0
vogn,standard,,,0.08,mutual_information,adv,cert_fail_tau0.5,5,neg_spearman_p_safe_optimistic,,,,,,0
vogn,standard,,,0.08,mutual_information,adv,cert_fail_tau0.9,5,auroc,,,,,,0
vogn,standard,,,0.08,mutual_information,adv,cert_fail_tau0.9,5,auprc,1.0,0.0,0.0,1.0,1.0,5
vogn,standard,,,0.08,mutual_information,adv,cert_fail_tau0.9,5,prevalence,1.0,0.0,0.0,1.0,1.0,5
vogn,standard,,,0.08,mutual_information,adv,cert_fail_tau0.9,5,neg_spearman_p_safe,,,,,,0
vogn,standard,,,0.08,mutual_information,adv,cert_fail_tau0.9,5,neg_spearman_p_safe_optimistic,,,,,,0
vogn,standard,,,0.08,mutual_information,adv,cert_fail_tau0.95,5,auroc,,,,,,0
vogn,standard,,,0.08,mutual_information,adv,cert_fail_tau0.95,5,auprc,1.0,0.0,0.0,1.0,1.0,5
vogn,standard,,,0.08,mutual_information,adv,cert_fail_tau0.95,5,prevalence,1.0,0.0,0.0,1.0,1.0,5
vogn,standard,,,0.08,mutual_information,adv,cert_fail_tau0.95,5,neg_spearman_p_safe,,,,,,0
vogn,standard,,,0.08,mutual_information,adv,cert_fail_tau0.95,5,neg_spearman_p_safe_optimistic,,,,,,0
vogn,standard,,,0.08,mutual_information,clean,adv_error,5,auroc,0.8909880733301787,0.05151196147662012,0.023036849503214607,0.8270377791092549,0.9549383675511025,5
vogn,standard,,,0.08,mutual_information,clean,adv_error,5,auprc,0.7411127036119145,0.102987618103322,0.04605746298396319,0.6132571863684327,0.8689682208553963,5
vogn,standard,,,0.08,mutual_information,clean,adv_error,5,prevalence,0.20800000000000002,0.030331501776206197,0.013564659966250532,0.17034450393368855,0.24565549606631149,5
vogn,standard,,,0.08,mutual_information,clean,adv_error,5,neg_spearman_p_safe,,,,,,0
vogn,standard,,,0.08,mutual_information,clean,adv_error,5,neg_spearman_p_safe_optimistic,0.6469144492805812,0.13706226913417213,0.06129611018687602,0.47675644740181333,0.817072451159349,5
vogn,standard,,,0.08,mutual_information,clean,cert_fail_tau0.5,5,auroc,,,,,,0
vogn,standard,,,0.08,mutual_information,clean,cert_fail_tau0.5,5,auprc,1.0,0.0,0.0,1.0,1.0,5
vogn,standard,,,0.08,mutual_information,clean,cert_fail_tau0.5,5,prevalence,1.0,0.0,0.0,1.0,1.0,5
vogn,standard,,,0.08,mutual_information,clean,cert_fail_tau0.5,5,neg_spearman_p_safe,,,,,,0
vogn,standard,,,0.08,mutual_information,clean,cert_fail_tau0.5,5,neg_spearman_p_safe_optimistic,,,,,,0
vogn,standard,,,0.08,mutual_information,clean,cert_fail_tau0.9,5,auroc,,,,,,0
vogn,standard,,,0.08,mutual_information,clean,cert_fail_tau0.9,5,auprc,1.0,0.0,0.0,1.0,1.0,5
vogn,standard,,,0.08,mutual_information,clean,cert_fail_tau0.9,5,prevalence,1.0,0.0,0.0,1.0,1.0,5
vogn,standard,,,0.08,mutual_information,clean,cert_fail_tau0.9,5,neg_spearman_p_safe,,,,,,0
vogn,standard,,,0.08,mutual_information,clean,cert_fail_tau0.9,5,neg_spearman_p_safe_optimistic,,,,,,0
vogn,standard,,,0.08,mutual_information,clean,cert_fail_tau0.95,5,auroc,,,,,,0
vogn,standard,,,0.08,mutual_information,clean,cert_fail_tau0.95,5,auprc,1.0,0.0,0.0,1.0,1.0,5
vogn,standard,,,0.08,mutual_information,clean,cert_fail_tau0.95,5,prevalence,1.0,0.0,0.0,1.0,1.0,5
vogn,standard,,,0.08,mutual_information,clean,cert_fail_tau0.95,5,neg_spearman_p_safe,,,,,,0
vogn,standard,,,0.08,mutual_information,clean,cert_fail_tau0.95,5,neg_spearman_p_safe_optimistic,,,,,,0
vogn,standard,,,0.08,mutual_information,delta,adv_error,5,auroc,0.35432999456683667,0.016853379463976716,0.0075370604264101805,0.333407114823122,0.3752528743105513,5
vogn,standard,,,0.08,mutual_information,delta,adv_error,5,auprc,0.1739032774055243,0.022458949355593453,0.01004394749246641,0.14602127916643753,0.20178527564461107,5
vogn,standard,,,0.08,mutual_information,delta,adv_error,5,prevalence,0.20800000000000002,0.030331501776206197,0.013564659966250532,0.17034450393368855,0.24565549606631149,5
vogn,standard,,,0.08,mutual_information,delta,adv_error,5,neg_spearman_p_safe,,,,,,0
vogn,standard,,,0.08,mutual_information,delta,adv_error,5,neg_spearman_p_safe_optimistic,0.338124696586293,0.12192410847891028,0.05452611893098037,0.18676019043389153,0.4894892027386945,5
vogn,standard,,,0.08,mutual_information,delta,cert_fail_tau0.5,5,auroc,,,,,,0
vogn,standard,,,0.08,mutual_information,delta,cert_fail_tau0.5,5,auprc,1.0,0.0,0.0,1.0,1.0,5
vogn,standard,,,0.08,mutual_information,delta,cert_fail_tau0.5,5,prevalence,1.0,0.0,0.0,1.0,1.0,5
vogn,standard,,,0.08,mutual_information,delta,cert_fail_tau0.5,5,neg_spearman_p_safe,,,,,,0
vogn,standard,,,0.08,mutual_information,delta,cert_fail_tau0.5,5,neg_spearman_p_safe_optimistic,,,,,,0
vogn,standard,,,0.08,mutual_information,delta,cert_fail_tau0.9,5,auroc,,,,,,0
vogn,standard,,,0.08,mutual_information,delta,cert_fail_tau0.9,5,auprc,1.0,0.0,0.0,1.0,1.0,5
vogn,standard,,,0.08,mutual_information,delta,cert_fail_tau0.9,5,prevalence,1.0,0.0,0.0,1.0,1.0,5
vogn,standard,,,0.08,mutual_information,delta,cert_fail_tau0.9,5,neg_spearman_p_safe,,,,,,0
vogn,standard,,,0.08,mutual_information,delta,cert_fail_tau0.9,5,neg_spearman_p_safe_optimistic,,,,,,0
vogn,standard,,,0.08,mutual_information,delta,cert_fail_tau0.95,5,auroc,,,,,,0
vogn,standard,,,0.08,mutual_information,delta,cert_fail_tau0.95,5,auprc,1.0,0.0,0.0,1.0,1.0,5
vogn,standard,,,0.08,mutual_information,delta,cert_fail_tau0.95,5,prevalence,1.0,0.0,0.0,1.0,1.0,5
vogn,standard,,,0.08,mutual_information,delta,cert_fail_tau0.95,5,neg_spearman_p_safe,,,,,,0
vogn,standard,,,0.08,mutual_information,delta,cert_fail_tau0.95,5,neg_spearman_p_safe_optimistic,,,,,,0
vogn,standard,,,0.08,one_minus_confidence,adv,adv_error,5,auroc,0.7431438824333562,0.045498434095167975,0.020347518301317945,0.6866591716288976,0.7996285932378148,5
vogn,standard,,,0.08,one_minus_confidence,adv,adv_error,5,auprc,0.4831723807031695,0.12365243061340173,0.055299048086928454,0.3296622232138561,0.6366825381924829,5
vogn,standard,,,0.08,one_minus_confidence,adv,adv_error,5,prevalence,0.20800000000000002,0.030331501776206197,0.013564659966250532,0.17034450393368855,0.24565549606631149,5
vogn,standard,,,0.08,one_minus_confidence,adv,adv_error,5,neg_spearman_p_safe,,,,,,0
vogn,standard,,,0.08,one_minus_confidence,adv,adv_error,5,neg_spearman_p_safe_optimistic,0.7459761284700848,0.04522961888285475,0.020227300483694262,0.6898251423273495,0.80212711461282,5
vogn,standard,,,0.08,one_minus_confidence,adv,cert_fail_tau0.5,5,auroc,,,,,,0
vogn,standard,,,0.08,one_minus_confidence,adv,cert_fail_tau0.5,5,auprc,1.0,0.0,0.0,1.0,1.0,5
vogn,standard,,,0.08,one_minus_confidence,adv,cert_fail_tau0.5,5,prevalence,1.0,0.0,0.0,1.0,1.0,5
vogn,standard,,,0.08,one_minus_confidence,adv,cert_fail_tau0.5,5,neg_spearman_p_safe,,,,,,0
vogn,standard,,,0.08,one_minus_confidence,adv,cert_fail_tau0.5,5,neg_spearman_p_safe_optimistic,,,,,,0
vogn,standard,,,0.08,one_minus_confidence,adv,cert_fail_tau0.9,5,auroc,,,,,,0
vogn,standard,,,0.08,one_minus_confidence,adv,cert_fail_tau0.9,5,auprc,1.0,0.0,0.0,1.0,1.0,5
vogn,standard,,,0.08,one_minus_confidence,adv,cert_fail_tau0.9,5,prevalence,1.0,0.0,0.0,1.0,1.0,5
vogn,standard,,,0.08,one_minus_confidence,adv,cert_fail_tau0.9,5,neg_spearman_p_safe,,,,,,0
vogn,standard,,,0.08,one_minus_confidence,adv,cert_fail_tau0.9,5,neg_spearman_p_safe_optimistic,,,,,,0
vogn,standard,,,0.08,one_minus_confidence,adv,cert_fail_tau0.95,5,auroc,,,,,,0
vogn,standard,,,0.08,one_minus_confidence,adv,cert_fail_tau0.95,5,auprc,1.0,0.0,0.0,1.0,1.0,5
vogn,standard,,,0.08,one_minus_confidence,adv,cert_fail_tau0.95,5,prevalence,1.0,0.0,0.0,1.0,1.0,5
vogn,standard,,,0.08,one_minus_confidence,adv,cert_fail_tau0.95,5,neg_spearman_p_safe,,,,,,0
vogn,standard,,,0.08,one_minus_confidence,adv,cert_fail_tau0.95,5,neg_spearman_p_safe_optimistic,,,,,,0
vogn,standard,,,0.08,one_minus_confidence,clean,adv_error,5,auroc,0.92909685928107,0.03550386450027133,0.015877810897309656,0.8850200562301384,0.9731736623320016,5
vogn,standard,,,0.08,one_minus_confidence,clean,adv_error,5,auprc,0.8014768658628103,0.10170316149962134,0.045483036527958556,0.6752159564611974,0.9277377752644232,5
vogn,standard,,,0.08,one_minus_confidence,clean,adv_error,5,prevalence,0.20800000000000002,0.030331501776206197,0.013564659966250532,0.17034450393368855,0.24565549606631149,5
vogn,standard,,,0.08,one_minus_confidence,clean,adv_error,5,neg_spearman_p_safe,,,,,,0
vogn,standard,,,0.08,one_minus_confidence,clean,adv_error,5,neg_spearman_p_safe_optimistic,0.7034256462995242,0.10738269135299774,0.048022999494436364,0.5701137997029688,0.8367374928960796,5
vogn,standard,,,0.08,one_minus_confidence,clean,cert_fail_tau0.5,5,auroc,,,,,,0
vogn,standard,,,0.08,one_minus_confidence,clean,cert_fail_tau0.5,5,auprc,1.0,0.0,0.0,1.0,1.0,5
vogn,standard,,,0.08,one_minus_confidence,clean,cert_fail_tau0.5,5,prevalence,1.0,0.0,0.0,1.0,1.0,5
vogn,standard,,,0.08,one_minus_confidence,clean,cert_fail_tau0.5,5,neg_spearman_p_safe,,,,,,0
vogn,standard,,,0.08,one_minus_confidence,clean,cert_fail_tau0.5,5,neg_spearman_p_safe_optimistic,,,,,,0
vogn,standard,,,0.08,one_minus_confidence,clean,cert_fail_tau0.9,5,auroc,,,,,,0
vogn,standard,,,0.08,one_minus_confidence,clean,cert_fail_tau0.9,5,auprc,1.0,0.0,0.0,1.0,1.0,5
vogn,standard,,,0.08,one_minus_confidence,clean,cert_fail_tau0.9,5,prevalence,1.0,0.0,0.0,1.0,1.0,5
vogn,standard,,,0.08,one_minus_confidence,clean,cert_fail_tau0.9,5,neg_spearman_p_safe,,,,,,0
vogn,standard,,,0.08,one_minus_confidence,clean,cert_fail_tau0.9,5,neg_spearman_p_safe_optimistic,,,,,,0
vogn,standard,,,0.08,one_minus_confidence,clean,cert_fail_tau0.95,5,auroc,,,,,,0
vogn,standard,,,0.08,one_minus_confidence,clean,cert_fail_tau0.95,5,auprc,1.0,0.0,0.0,1.0,1.0,5
vogn,standard,,,0.08,one_minus_confidence,clean,cert_fail_tau0.95,5,prevalence,1.0,0.0,0.0,1.0,1.0,5
vogn,standard,,,0.08,one_minus_confidence,clean,cert_fail_tau0.95,5,neg_spearman_p_safe,,,,,,0
vogn,standard,,,0.08,one_minus_confidence,clean,cert_fail_tau0.95,5,neg_spearman_p_safe_optimistic,,,,,,0
vogn,standard,,,0.08,one_minus_confidence,delta,adv_error,5,auroc,0.5802233205391101,0.05441178402287026,0.024333689570434972,0.5126729982915826,0.6477736427866375,5
vogn,standard,,,0.08,one_minus_confidence,delta,adv_error,5,auprc,0.3835405252801981,0.1319446853498965,0.05900745714243784,0.21973582425279067,0.5473452263076055,5
vogn,standard,,,0.08,one_minus_confidence,delta,adv_error,5,prevalence,0.20800000000000002,0.030331501776206197,0.013564659966250532,0.17034450393368855,0.24565549606631149,5
vogn,standard,,,0.08,one_minus_confidence,delta,adv_error,5,neg_spearman_p_safe,,,,,,0
vogn,standard,,,0.08,one_minus_confidence,delta,adv_error,5,neg_spearman_p_safe_optimistic,0.6275608040035212,0.07603814712859105,0.03400529317253201,0.5331621101565723,0.7219594978504701,5
vogn,standard,,,0.08,one_minus_confidence,delta,cert_fail_tau0.5,5,auroc,,,,,,0
vogn,standard,,,0.08,one_minus_confidence,delta,cert_fail_tau0.5,5,auprc,1.0,0.0,0.0,1.0,1.0,5
vogn,standard,,,0.08,one_minus_confidence,delta,cert_fail_tau0.5,5,prevalence,1.0,0.0,0.0,1.0,1.0,5
vogn,standard,,,0.08,one_minus_confidence,delta,cert_fail_tau0.5,5,neg_spearman_p_safe,,,,,,0
vogn,standard,,,0.08,one_minus_confidence,delta,cert_fail_tau0.5,5,neg_spearman_p_safe_optimistic,,,,,,0
vogn,standard,,,0.08,one_minus_confidence,delta,cert_fail_tau0.9,5,auroc,,,,,,0
vogn,standard,,,0.08,one_minus_confidence,delta,cert_fail_tau0.9,5,auprc,1.0,0.0,0.0,1.0,1.0,5
vogn,standard,,,0.08,one_minus_confidence,delta,cert_fail_tau0.9,5,prevalence,1.0,0.0,0.0,1.0,1.0,5
vogn,standard,,,0.08,one_minus_confidence,delta,cert_fail_tau0.9,5,neg_spearman_p_safe,,,,,,0
vogn,standard,,,0.08,one_minus_confidence,delta,cert_fail_tau0.9,5,neg_spearman_p_safe_optimistic,,,,,,0
vogn,standard,,,0.08,one_minus_confidence,delta,cert_fail_tau0.95,5,auroc,,,,,,0
vogn,standard,,,0.08,one_minus_confidence,delta,cert_fail_tau0.95,5,auprc,1.0,0.0,0.0,1.0,1.0,5
vogn,standard,,,0.08,one_minus_confidence,delta,cert_fail_tau0.95,5,prevalence,1.0,0.0,0.0,1.0,1.0,5
vogn,standard,,,0.08,one_minus_confidence,delta,cert_fail_tau0.95,5,neg_spearman_p_safe,,,,,,0
vogn,standard,,,0.08,one_minus_confidence,delta,cert_fail_tau0.95,5,neg_spearman_p_safe_optimistic,,,,,,0
vogn,standard,,,0.1,mutual_information,adv,adv_error,5,auroc,0.5140359879584018,0.06049244473262883,0.02705304370946143,0.43893673862093685,0.5891352372958667,5
vogn,standard,,,0.1,mutual_information,adv,adv_error,5,auprc,0.4582870103696843,0.08185641764953298,0.03660730285179386,0.35666513765310454,0.559908883086264,5
vogn,standard,,,0.1,mutual_information,adv,adv_error,5,prevalence,0.40800000000000003,0.02683281572999747,0.011999999999999997,0.374688,0.44131200000000004,5
vogn,standard,,,0.1,mutual_information,adv,adv_error,5,neg_spearman_p_safe,,,,,,0
vogn,standard,,,0.1,mutual_information,adv,adv_error,5,neg_spearman_p_safe_optimistic,0.3684761317550664,0.14743331182290328,0.06593418147678703,0.1854428439755056,0.5515094195346272,5
vogn,standard,,,0.1,mutual_information,adv,cert_fail_tau0.5,5,auroc,,,,,,0
vogn,standard,,,0.1,mutual_information,adv,cert_fail_tau0.5,5,auprc,1.0,0.0,0.0,1.0,1.0,5
vogn,standard,,,0.1,mutual_information,adv,cert_fail_tau0.5,5,prevalence,1.0,0.0,0.0,1.0,1.0,5
vogn,standard,,,0.1,mutual_information,adv,cert_fail_tau0.5,5,neg_spearman_p_safe,,,,,,0
vogn,standard,,,0.1,mutual_information,adv,cert_fail_tau0.5,5,neg_spearman_p_safe_optimistic,,,,,,0
vogn,standard,,,0.1,mutual_information,adv,cert_fail_tau0.9,5,auroc,,,,,,0
vogn,standard,,,0.1,mutual_information,adv,cert_fail_tau0.9,5,auprc,1.0,0.0,0.0,1.0,1.0,5
vogn,standard,,,0.1,mutual_information,adv,cert_fail_tau0.9,5,prevalence,1.0,0.0,0.0,1.0,1.0,5
vogn,standard,,,0.1,mutual_information,adv,cert_fail_tau0.9,5,neg_spearman_p_safe,,,,,,0
vogn,standard,,,0.1,mutual_information,adv,cert_fail_tau0.9,5,neg_spearman_p_safe_optimistic,,,,,,0
vogn,standard,,,0.1,mutual_information,adv,cert_fail_tau0.95,5,auroc,,,,,,0
vogn,standard,,,0.1,mutual_information,adv,cert_fail_tau0.95,5,auprc,1.0,0.0,0.0,1.0,1.0,5
vogn,standard,,,0.1,mutual_information,adv,cert_fail_tau0.95,5,prevalence,1.0,0.0,0.0,1.0,1.0,5
vogn,standard,,,0.1,mutual_information,adv,cert_fail_tau0.95,5,neg_spearman_p_safe,,,,,,0
vogn,standard,,,0.1,mutual_information,adv,cert_fail_tau0.95,5,neg_spearman_p_safe_optimistic,,,,,,0
vogn,standard,,,0.1,mutual_information,clean,adv_error,5,auroc,0.8724497126436782,0.058257274984518076,0.026053445409856085,0.8001253481859177,0.9447740771014387,5
vogn,standard,,,0.1,mutual_information,clean,adv_error,5,auprc,0.83276990308654,0.08259093093060332,0.036935787177163795,0.7302361578827333,0.9353036482903466,5
vogn,standard,,,0.1,mutual_information,clean,adv_error,5,prevalence,0.40800000000000003,0.02683281572999747,0.011999999999999997,0.374688,0.44131200000000004,5
vogn,standard,,,0.1,mutual_information,clean,adv_error,5,neg_spearman_p_safe,,,,,,0
vogn,standard,,,0.1,mutual_information,clean,adv_error,5,neg_spearman_p_safe_optimistic,0.534916181034882,0.08810849006506125,0.03940331463606836,0.4255325796051563,0.6442997824646077,5
vogn,standard,,,0.1,mutual_information,clean,cert_fail_tau0.5,5,auroc,,,,,,0
vogn,standard,,,0.1,mutual_information,clean,cert_fail_tau0.5,5,auprc,1.0,0.0,0.0,1.0,1.0,5
vogn,standard,,,0.1,mutual_information,clean,cert_fail_tau0.5,5,prevalence,1.0,0.0,0.0,1.0,1.0,5
vogn,standard,,,0.1,mutual_information,clean,cert_fail_tau0.5,5,neg_spearman_p_safe,,,,,,0
vogn,standard,,,0.1,mutual_information,clean,cert_fail_tau0.5,5,neg_spearman_p_safe_optimistic,,,,,,0
vogn,standard,,,0.1,mutual_information,clean,cert_fail_tau0.9,5,auroc,,,,,,0
vogn,standard,,,0.1,mutual_information,clean,cert_fail_tau0.9,5,auprc,1.0,0.0,0.0,1.0,1.0,5
vogn,standard,,,0.1,mutual_information,clean,cert_fail_tau0.9,5,prevalence,1.0,0.0,0.0,1.0,1.0,5
vogn,standard,,,0.1,mutual_information,clean,cert_fail_tau0.9,5,neg_spearman_p_safe,,,,,,0
vogn,standard,,,0.1,mutual_information,clean,cert_fail_tau0.9,5,neg_spearman_p_safe_optimistic,,,,,,0
vogn,standard,,,0.1,mutual_information,clean,cert_fail_tau0.95,5,auroc,,,,,,0
vogn,standard,,,0.1,mutual_information,clean,cert_fail_tau0.95,5,auprc,1.0,0.0,0.0,1.0,1.0,5
vogn,standard,,,0.1,mutual_information,clean,cert_fail_tau0.95,5,prevalence,1.0,0.0,0.0,1.0,1.0,5
vogn,standard,,,0.1,mutual_information,clean,cert_fail_tau0.95,5,neg_spearman_p_safe,,,,,,0
vogn,standard,,,0.1,mutual_information,clean,cert_fail_tau0.95,5,neg_spearman_p_safe_optimistic,,,,,,0
vogn,standard,,,0.1,mutual_information,delta,adv_error,5,auroc,0.3278530377668309,0.02626331585761236,0.011745311914433884,0.2952480518923624,0.36045802364129936,5
vogn,standard,,,0.1,mutual_information,delta,adv_error,5,auprc,0.35308736062369467,0.036963826787554145,0.01653072588109975,0.30719806557776175,0.3989766556696276,5
vogn,standard,,,0.1,mutual_information,delta,adv_error,5,prevalence,0.40800000000000003,0.02683281572999747,0.011999999999999997,0.374688,0.44131200000000004,5
vogn,standard,,,0.1,mutual_information,delta,adv_error,5,neg_spearman_p_safe,,,,,,0
vogn,standard,,,0.1,mutual_information,delta,adv_error,5,neg_spearman_p_safe_optimistic,0.1984390005628057,0.13714406461645232,0.061332690238602196,0.02817945246044601,0.3686985486651654,5
vogn,standard,,,0.1,mutual_information,delta,cert_fail_tau0.5,5,auroc,,,,,,0
vogn,standard,,,0.1,mutual_information,delta,cert_fail_tau0.5,5,auprc,1.0,0.0,0.0,1.0,1.0,5
vogn,standard,,,0.1,mutual_information,delta,cert_fail_tau0.5,5,prevalence,1.0,0.0,0.0,1.0,1.0,5
vogn,standard,,,0.1,mutual_information,delta,cert_fail_tau0.5,5,neg_spearman_p_safe,,,,,,0
vogn,standard,,,0.1,mutual_information,delta,cert_fail_tau0.5,5,neg_spearman_p_safe_optimistic,,,,,,0
vogn,standard,,,0.1,mutual_information,delta,cert_fail_tau0.9,5,auroc,,,,,,0
vogn,standard,,,0.1,mutual_information,delta,cert_fail_tau0.9,5,auprc,1.0,0.0,0.0,1.0,1.0,5
vogn,standard,,,0.1,mutual_information,delta,cert_fail_tau0.9,5,prevalence,1.0,0.0,0.0,1.0,1.0,5
vogn,standard,,,0.1,mutual_information,delta,cert_fail_tau0.9,5,neg_spearman_p_safe,,,,,,0
vogn,standard,,,0.1,mutual_information,delta,cert_fail_tau0.9,5,neg_spearman_p_safe_optimistic,,,,,,0
vogn,standard,,,0.1,mutual_information,delta,cert_fail_tau0.95,5,auroc,,,,,,0
vogn,standard,,,0.1,mutual_information,delta,cert_fail_tau0.95,5,auprc,1.0,0.0,0.0,1.0,1.0,5
vogn,standard,,,0.1,mutual_information,delta,cert_fail_tau0.95,5,prevalence,1.0,0.0,0.0,1.0,1.0,5
vogn,standard,,,0.1,mutual_information,delta,cert_fail_tau0.95,5,neg_spearman_p_safe,,,,,,0
vogn,standard,,,0.1,mutual_information,delta,cert_fail_tau0.95,5,neg_spearman_p_safe_optimistic,,,,,,0
vogn,standard,,,0.1,one_minus_confidence,adv,adv_error,5,auroc,0.5988882047071702,0.09034733225149642,0.040404555300021024,0.4867251591943118,0.7110512502200286,5
vogn,standard,,,0.1,one_minus_confidence,adv,adv_error,5,auprc,0.5284119743672803,0.10880151340268929,0.04865751600465354,0.39333870993836206,0.6634852387961985,5
vogn,standard,,,0.1,one_minus_confidence,adv,adv_error,5,prevalence,0.40800000000000003,0.02683281572999747,0.011999999999999997,0.374688,0.44131200000000004,5
vogn,standard,,,0.1,one_minus_confidence,adv,adv_error,5,neg_spearman_p_safe,,,,,,0
vogn,standard,,,0.1,one_minus_confidence,adv,adv_error,5,neg_spearman_p_safe_optimistic,0.5741060482830436,0.03890603859258565,0.017399309405650352,0.5258055653729582,0.6224065311931289,5
vogn,standard,,,0.1,one_minus_confidence,adv,cert_fail_tau0.5,5,auroc,,,,,,0
vogn,standard,,,0.1,one_minus_confidence,adv,cert_fail_tau0.5,5,auprc,1.0,0.0,0.0,1.0,1.0,5
vogn,standard,,,0.1,one_minus_confidence,adv,cert_fail_tau0.5,5,prevalence,1.0,0.0,0.0,1.0,1.0,5
vogn,standard,,,0.1,one_minus_confidence,adv,cert_fail_tau0.5,5,neg_spearman_p_safe,,,,,,0
vogn,standard,,,0.1,one_minus_confidence,adv,cert_fail_tau0.5,5,neg_spearman_p_safe_optimistic,,,,,,0
vogn,standard,,,0.1,one_minus_confidence,adv,cert_fail_tau0.9,5,auroc,,,,,,0
vogn,standard,,,0.1,one_minus_confidence,adv,cert_fail_tau0.9,5,auprc,1.0,0.0,0.0,1.0,1.0,5
vogn,standard,,,0.1,one_minus_confidence,adv,cert_fail_tau0.9,5,prevalence,1.0,0.0,0.0,1.0,1.0,5
vogn,standard,,,0.1,one_minus_confidence,adv,cert_fail_tau0.9,5,neg_spearman_p_safe,,,,,,0
vogn,standard,,,0.1,one_minus_confidence,adv,cert_fail_tau0.9,5,neg_spearman_p_safe_optimistic,,,,,,0
vogn,standard,,,0.1,one_minus_confidence,adv,cert_fail_tau0.95,5,auroc,,,,,,0
vogn,standard,,,0.1,one_minus_confidence,adv,cert_fail_tau0.95,5,auprc,1.0,0.0,0.0,1.0,1.0,5
vogn,standard,,,0.1,one_minus_confidence,adv,cert_fail_tau0.95,5,prevalence,1.0,0.0,0.0,1.0,1.0,5
vogn,standard,,,0.1,one_minus_confidence,adv,cert_fail_tau0.95,5,neg_spearman_p_safe,,,,,,0
vogn,standard,,,0.1,one_minus_confidence,adv,cert_fail_tau0.95,5,neg_spearman_p_safe_optimistic,,,,,,0
vogn,standard,,,0.1,one_minus_confidence,clean,adv_error,5,auroc,0.9099274767378216,0.04462077961454573,0.019955019285432224,0.8545323432014618,0.9653226102741814,5
vogn,standard,,,0.1,one_minus_confidence,clean,adv_error,5,auprc,0.8844451721872577,0.05781703092767037,0.025856562282295735,0.8126673552916047,0.9562229890829107,5
vogn,standard,,,0.1,one_minus_confidence,clean,adv_error,5,prevalence,0.40800000000000003,0.02683281572999747,0.011999999999999997,0.374688,0.44131200000000004,5
vogn,standard,,,0.1,one_minus_confidence,clean,adv_error,5,neg_spearman_p_safe,,,,,,0
vogn,standard,,,0.1,one_minus_confidence,clean,adv_error,5,neg_spearman_p_safe_optimistic,0.5793894140279755,0.07179799071879005,0.032109037579022705,0.4902547257086085,0.6685241023473425,5
vogn,standard,,,0.1,one_minus_confidence,clean,cert_fail_tau0.5,5,auroc,,,,,,0
vogn,standard,,,0.1,one_minus_confidence,clean,cert_fail_tau0.5,5,auprc,1.0,0.0,0.0,1.0,1.0,5
vogn,standard,,,0.1,one_minus_confidence,clean,cert_fail_tau0.5,5,prevalence,1.0,0.0,0.0,1.0,1.0,5
vogn,standard,,,0.1,one_minus_confidence,clean,cert_fail_tau0.5,5,neg_spearman_p_safe,,,,,,0
vogn,standard,,,0.1,one_minus_confidence,clean,cert_fail_tau0.5,5,neg_spearman_p_safe_optimistic,,,,,,0
vogn,standard,,,0.1,one_minus_confidence,clean,cert_fail_tau0.9,5,auroc,,,,,,0
vogn,standard,,,0.1,one_minus_confidence,clean,cert_fail_tau0.9,5,auprc,1.0,0.0,0.0,1.0,1.0,5
vogn,standard,,,0.1,one_minus_confidence,clean,cert_fail_tau0.9,5,prevalence,1.0,0.0,0.0,1.0,1.0,5
vogn,standard,,,0.1,one_minus_confidence,clean,cert_fail_tau0.9,5,neg_spearman_p_safe,,,,,,0
vogn,standard,,,0.1,one_minus_confidence,clean,cert_fail_tau0.9,5,neg_spearman_p_safe_optimistic,,,,,,0
vogn,standard,,,0.1,one_minus_confidence,clean,cert_fail_tau0.95,5,auroc,,,,,,0
vogn,standard,,,0.1,one_minus_confidence,clean,cert_fail_tau0.95,5,auprc,1.0,0.0,0.0,1.0,1.0,5
vogn,standard,,,0.1,one_minus_confidence,clean,cert_fail_tau0.95,5,prevalence,1.0,0.0,0.0,1.0,1.0,5
vogn,standard,,,0.1,one_minus_confidence,clean,cert_fail_tau0.95,5,neg_spearman_p_safe,,,,,,0
vogn,standard,,,0.1,one_minus_confidence,clean,cert_fail_tau0.95,5,neg_spearman_p_safe_optimistic,,,,,,0
vogn,standard,,,0.1,one_minus_confidence,delta,adv_error,5,auroc,0.5147389846743295,0.09325157517158227,0.04170337221851791,0.39897042339572386,0.6305075459529352,5
vogn,standard,,,0.1,one_minus_confidence,delta,adv_error,5,auprc,0.4856569317860221,0.08674780379932624,0.0387947972388216,0.3779625746510533,0.5933512889209909,5
vogn,standard,,,0.1,one_minus_confidence,delta,adv_error,5,prevalence,0.40800000000000003,0.02683281572999747,0.011999999999999997,0.374688,0.44131200000000004,5
vogn,standard,,,0.1,one_minus_confidence,delta,adv_error,5,neg_spearman_p_safe,,,,,,0
vogn,standard,,,0.1,one_minus_confidence,delta,adv_error,5,neg_spearman_p_safe_optimistic,0.47783450826748863,0.053620829638544254,0.023979964016344085,0.41126612815811747,0.5444028883768598,5
vogn,standard,,,0.1,one_minus_confidence,delta,cert_fail_tau0.5,5,auroc,,,,,,0
vogn,standard,,,0.1,one_minus_confidence,delta,cert_fail_tau0.5,5,auprc,1.0,0.0,0.0,1.0,1.0,5
vogn,standard,,,0.1,one_minus_confidence,delta,cert_fail_tau0.5,5,prevalence,1.0,0.0,0.0,1.0,1.0,5
vogn,standard,,,0.1,one_minus_confidence,delta,cert_fail_tau0.5,5,neg_spearman_p_safe,,,,,,0
vogn,standard,,,0.1,one_minus_confidence,delta,cert_fail_tau0.5,5,neg_spearman_p_safe_optimistic,,,,,,0
vogn,standard,,,0.1,one_minus_confidence,delta,cert_fail_tau0.9,5,auroc,,,,,,0
vogn,standard,,,0.1,one_minus_confidence,delta,cert_fail_tau0.9,5,auprc,1.0,0.0,0.0,1.0,1.0,5
vogn,standard,,,0.1,one_minus_confidence,delta,cert_fail_tau0.9,5,prevalence,1.0,0.0,0.0,1.0,1.0,5
vogn,standard,,,0.1,one_minus_confidence,delta,cert_fail_tau0.9,5,neg_spearman_p_safe,,,,,,0
vogn,standard,,,0.1,one_minus_confidence,delta,cert_fail_tau0.9,5,neg_spearman_p_safe_optimistic,,,,,,0
vogn,standard,,,0.1,one_minus_confidence,delta,cert_fail_tau0.95,5,auroc,,,,,,0
vogn,standard,,,0.1,one_minus_confidence,delta,cert_fail_tau0.95,5,auprc,1.0,0.0,0.0,1.0,1.0,5
vogn,standard,,,0.1,one_minus_confidence,delta,cert_fail_tau0.95,5,prevalence,1.0,0.0,0.0,1.0,1.0,5
vogn,standard,,,0.1,one_minus_confidence,delta,cert_fail_tau0.95,5,neg_spearman_p_safe,,,,,,0
vogn,standard,,,0.1,one_minus_confidence,delta,cert_fail_tau0.95,5,neg_spearman_p_safe_optimistic,,,,,,0
vogn,standard,,,0.15,mutual_information,adv,adv_error,5,auroc,0.2431620311370737,0.08976750001403096,0.040145246440317306,0.13171882701875287,0.3546052352553945,5
vogn,standard,,,0.15,mutual_information,adv,adv_error,5,auprc,0.7663387257461944,0.05380473986920336,0.02406221117184637,0.699542027533149,0.8331354239592399,5
vogn,standard,,,0.15,mutual_information,adv,adv_error,5,prevalence,0.8480000000000001,0.0268328157299975,0.012000000000000009,0.8146880000000001,0.8813120000000001,5
vogn,standard,,,0.15,mutual_information,adv,adv_error,5,neg_spearman_p_safe,,,,,,0
vogn,standard,,,0.15,mutual_information,adv,adv_error,5,neg_spearman_p_safe_optimistic,,,,,,0
vogn,standard,,,0.15,mutual_information,adv,cert_fail_tau0.5,5,auroc,,,,,,0
vogn,standard,,,0.15,mutual_information,adv,cert_fail_tau0.5,5,auprc,,,,,,0
vogn,standard,,,0.15,mutual_information,adv,cert_fail_tau0.5,5,prevalence,,,,,,0
vogn,standard,,,0.15,mutual_information,adv,cert_fail_tau0.5,5,neg_spearman_p_safe,,,,,,0
vogn,standard,,,0.15,mutual_information,adv,cert_fail_tau0.5,5,neg_spearman_p_safe_optimistic,,,,,,0
vogn,standard,,,0.15,mutual_information,adv,cert_fail_tau0.9,5,auroc,,,,,,0
vogn,standard,,,0.15,mutual_information,adv,cert_fail_tau0.9,5,auprc,,,,,,0
vogn,standard,,,0.15,mutual_information,adv,cert_fail_tau0.9,5,prevalence,,,,,,0
vogn,standard,,,0.15,mutual_information,adv,cert_fail_tau0.9,5,neg_spearman_p_safe,,,,,,0
vogn,standard,,,0.15,mutual_information,adv,cert_fail_tau0.9,5,neg_spearman_p_safe_optimistic,,,,,,0
vogn,standard,,,0.15,mutual_information,adv,cert_fail_tau0.95,5,auroc,,,,,,0
vogn,standard,,,0.15,mutual_information,adv,cert_fail_tau0.95,5,auprc,,,,,,0
vogn,standard,,,0.15,mutual_information,adv,cert_fail_tau0.95,5,prevalence,,,,,,0
vogn,standard,,,0.15,mutual_information,adv,cert_fail_tau0.95,5,neg_spearman_p_safe,,,,,,0
vogn,standard,,,0.15,mutual_information,adv,cert_fail_tau0.95,5,neg_spearman_p_safe_optimistic,,,,,,0
vogn,standard,,,0.15,mutual_information,clean,adv_error,5,auroc,0.8640113557583777,0.031352339697289684,0.014021192563360981,0.8250885252024877,0.9029341863142678,5
vogn,standard,,,0.15,mutual_information,clean,adv_error,5,auprc,0.9738811911267842,0.008455817141356608,0.0037815563866762645,0.9633835905973709,0.9843787916561975,5
vogn,standard,,,0.15,mutual_information,clean,adv_error,5,prevalence,0.8480000000000001,0.0268328157299975,0.012000000000000009,0.8146880000000001,0.8813120000000001,5
vogn,standard,,,0.15,mutual_information,clean,adv_error,5,neg_spearman_p_safe,,,,,,0
vogn,standard,,,0.15,mutual_information,clean,adv_error,5,neg_spearman_p_safe_optimistic,,,,,,0
vogn,standard,,,0.15,mutual_information,clean,cert_fail_tau0.5,5,auroc,,,,,,0
vogn,standard,,,0.15,mutual_information,clean,cert_fail_tau0.5,5,auprc,,,,,,0
vogn,standard,,,0.15,mutual_information,clean,cert_fail_tau0.5,5,prevalence,,,,,,0
vogn,standard,,,0.15,mutual_information,clean,cert_fail_tau0.5,5,neg_spearman_p_safe,,,,,,0
vogn,standard,,,0.15,mutual_information,clean,cert_fail_tau0.5,5,neg_spearman_p_safe_optimistic,,,,,,0
vogn,standard,,,0.15,mutual_information,clean,cert_fail_tau0.9,5,auroc,,,,,,0
vogn,standard,,,0.15,mutual_information,clean,cert_fail_tau0.9,5,auprc,,,,,,0
vogn,standard,,,0.15,mutual_information,clean,cert_fail_tau0.9,5,prevalence,,,,,,0
vogn,standard,,,0.15,mutual_information,clean,cert_fail_tau0.9,5,neg_spearman_p_safe,,,,,,0
vogn,standard,,,0.15,mutual_information,clean,cert_fail_tau0.9,5,neg_spearman_p_safe_optimistic,,,,,,0
vogn,standard,,,0.15,mutual_information,clean,cert_fail_tau0.95,5,auroc,,,,,,0
vogn,standard,,,0.15,mutual_information,clean,cert_fail_tau0.95,5,auprc,,,,,,0
vogn,standard,,,0.15,mutual_information,clean,cert_fail_tau0.95,5,prevalence,,,,,,0
vogn,standard,,,0.15,mutual_information,clean,cert_fail_tau0.95,5,neg_spearman_p_safe,,,,,,0
vogn,standard,,,0.15,mutual_information,clean,cert_fail_tau0.95,5,neg_spearman_p_safe_optimistic,,,,,,0
vogn,standard,,,0.15,mutual_information,delta,adv_error,5,auroc,0.19189860684472143,0.0772814350814142,0.03456130844815583,0.09595641459264086,0.287840799096802,5
vogn,standard,,,0.15,mutual_information,delta,adv_error,5,auprc,0.7459075322150841,0.05396563073916937,0.024134163756286988,0.6789110936276315,0.8129039708025367,5
vogn,standard,,,0.15,mutual_information,delta,adv_error,5,prevalence,0.8480000000000001,0.0268328157299975,0.012000000000000009,0.8146880000000001,0.8813120000000001,5
vogn,standard,,,0.15,mutual_information,delta,adv_error,5,neg_spearman_p_safe,,,,,,0
vogn,standard,,,0.15,mutual_information,delta,adv_error,5,neg_spearman_p_safe_optimistic,,,,,,0
vogn,standard,,,0.15,mutual_information,delta,cert_fail_tau0.5,5,auroc,,,,,,0
vogn,standard,,,0.15,mutual_information,delta,cert_fail_tau0.5,5,auprc,,,,,,0
vogn,standard,,,0.15,mutual_information,delta,cert_fail_tau0.5,5,prevalence,,,,,,0
vogn,standard,,,0.15,mutual_information,delta,cert_fail_tau0.5,5,neg_spearman_p_safe,,,,,,0
vogn,standard,,,0.15,mutual_information,delta,cert_fail_tau0.5,5,neg_spearman_p_safe_optimistic,,,,,,0
vogn,standard,,,0.15,mutual_information,delta,cert_fail_tau0.9,5,auroc,,,,,,0
vogn,standard,,,0.15,mutual_information,delta,cert_fail_tau0.9,5,auprc,,,,,,0
vogn,standard,,,0.15,mutual_information,delta,cert_fail_tau0.9,5,prevalence,,,,,,0
vogn,standard,,,0.15,mutual_information,delta,cert_fail_tau0.9,5,neg_spearman_p_safe,,,,,,0
vogn,standard,,,0.15,mutual_information,delta,cert_fail_tau0.9,5,neg_spearman_p_safe_optimistic,,,,,,0
vogn,standard,,,0.15,mutual_information,delta,cert_fail_tau0.95,5,auroc,,,,,,0
vogn,standard,,,0.15,mutual_information,delta,cert_fail_tau0.95,5,auprc,,,,,,0
vogn,standard,,,0.15,mutual_information,delta,cert_fail_tau0.95,5,prevalence,,,,,,0
vogn,standard,,,0.15,mutual_information,delta,cert_fail_tau0.95,5,neg_spearman_p_safe,,,,,,0
vogn,standard,,,0.15,mutual_information,delta,cert_fail_tau0.95,5,neg_spearman_p_safe_optimistic,,,,,,0
vogn,standard,,,0.15,one_minus_confidence,adv,adv_error,5,auroc,0.3380778451396716,0.07888460260866569,0.03527826676220674,0.2401453766077857,0.4360103136715575,5
vogn,standard,,,0.15,one_minus_confidence,adv,adv_error,5,auprc,0.8123703867944639,0.03365097124805798,0.015049171843909715,0.7705938857557706,0.8541468878331573,5
vogn,standard,,,0.15,one_minus_confidence,adv,adv_error,5,prevalence,0.8480000000000001,0.0268328157299975,0.012000000000000009,0.8146880000000001,0.8813120000000001,5
vogn,standard,,,0.15,one_minus_confidence,adv,adv_error,5,neg_spearman_p_safe,,,,,,0
vogn,standard,,,0.15,one_minus_confidence,adv,adv_error,5,neg_spearman_p_safe_optimistic,,,,,,0
vogn,standard,,,0.15,one_minus_confidence,adv,cert_fail_tau0.5,5,auroc,,,,,,0
vogn,standard,,,0.15,one_minus_confidence,adv,cert_fail_tau0.5,5,auprc,,,,,,0
vogn,standard,,,0.15,one_minus_confidence,adv,cert_fail_tau0.5,5,prevalence,,,,,,0
vogn,standard,,,0.15,one_minus_confidence,adv,cert_fail_tau0.5,5,neg_spearman_p_safe,,,,,,0
vogn,standard,,,0.15,one_minus_confidence,adv,cert_fail_tau0.5,5,neg_spearman_p_safe_optimistic,,,,,,0
vogn,standard,,,0.15,one_minus_confidence,adv,cert_fail_tau0.9,5,auroc,,,,,,0
vogn,standard,,,0.15,one_minus_confidence,adv,cert_fail_tau0.9,5,auprc,,,,,,0
vogn,standard,,,0.15,one_minus_confidence,adv,cert_fail_tau0.9,5,prevalence,,,,,,0
vogn,standard,,,0.15,one_minus_confidence,adv,cert_fail_tau0.9,5,neg_spearman_p_safe,,,,,,0
vogn,standard,,,0.15,one_minus_confidence,adv,cert_fail_tau0.9,5,neg_spearman_p_safe_optimistic,,,,,,0
vogn,standard,,,0.15,one_minus_confidence,adv,cert_fail_tau0.95,5,auroc,,,,,,0
vogn,standard,,,0.15,one_minus_confidence,adv,cert_fail_tau0.95,5,auprc,,,,,,0
vogn,standard,,,0.15,one_minus_confidence,adv,cert_fail_tau0.95,5,prevalence,,,,,,0
vogn,standard,,,0.15,one_minus_confidence,adv,cert_fail_tau0.95,5,neg_spearman_p_safe,,,,,,0
vogn,standard,,,0.15,one_minus_confidence,adv,cert_fail_tau0.95,5,neg_spearman_p_safe_optimistic,,,,,,0
vogn,standard,,,0.15,one_minus_confidence,clean,adv_error,5,auroc,0.8792986382748152,0.019911658265182704,0.008904764285138811,0.8545790126192699,0.9040182639303606,5
vogn,standard,,,0.15,one_minus_confidence,clean,adv_error,5,auprc,0.9765115472509134,0.006200540036118339,0.0027729658035939215,0.9688137941801367,0.9842093003216901,5
vogn,standard,,,0.15,one_minus_confidence,clean,adv_error,5,prevalence,0.8480000000000001,0.0268328157299975,0.012000000000000009,0.8146880000000001,0.8813120000000001,5
vogn,standard,,,0.15,one_minus_confidence,clean,adv_error,5,neg_spearman_p_safe,,,,,,0
vogn,standard,,,0.15,one_minus_confidence,clean,adv_error,5,neg_spearman_p_safe_optimistic,,,,,,0
vogn,standard,,,0.15,one_minus_confidence,clean,cert_fail_tau0.5,5,auroc,,,,,,0
vogn,standard,,,0.15,one_minus_confidence,clean,cert_fail_tau0.5,5,auprc,,,,,,0
vogn,standard,,,0.15,one_minus_confidence,clean,cert_fail_tau0.5,5,prevalence,,,,,,0
vogn,standard,,,0.15,one_minus_confidence,clean,cert_fail_tau0.5,5,neg_spearman_p_safe,,,,,,0
vogn,standard,,,0.15,one_minus_confidence,clean,cert_fail_tau0.5,5,neg_spearman_p_safe_optimistic,,,,,,0
vogn,standard,,,0.15,one_minus_confidence,clean,cert_fail_tau0.9,5,auroc,,,,,,0
vogn,standard,,,0.15,one_minus_confidence,clean,cert_fail_tau0.9,5,auprc,,,,,,0
vogn,standard,,,0.15,one_minus_confidence,clean,cert_fail_tau0.9,5,prevalence,,,,,,0
vogn,standard,,,0.15,one_minus_confidence,clean,cert_fail_tau0.9,5,neg_spearman_p_safe,,,,,,0
vogn,standard,,,0.15,one_minus_confidence,clean,cert_fail_tau0.9,5,neg_spearman_p_safe_optimistic,,,,,,0
vogn,standard,,,0.15,one_minus_confidence,clean,cert_fail_tau0.95,5,auroc,,,,,,0
vogn,standard,,,0.15,one_minus_confidence,clean,cert_fail_tau0.95,5,auprc,,,,,,0
vogn,standard,,,0.15,one_minus_confidence,clean,cert_fail_tau0.95,5,prevalence,,,,,,0
vogn,standard,,,0.15,one_minus_confidence,clean,cert_fail_tau0.95,5,neg_spearman_p_safe,,,,,,0
vogn,standard,,,0.15,one_minus_confidence,clean,cert_fail_tau0.95,5,neg_spearman_p_safe_optimistic,,,,,,0
vogn,standard,,,0.15,one_minus_confidence,delta,adv_error,5,auroc,0.3125621542382745,0.07930051857304189,0.03546427003606126,0.21411334061816845,0.41101096785838054,5
vogn,standard,,,0.15,one_minus_confidence,delta,adv_error,5,auprc,0.8025066336816531,0.029701446410631365,0.013282890640847773,0.7656333292626597,0.8393799381006465,5
vogn,standard,,,0.15,one_minus_confidence,delta,adv_error,5,prevalence,0.8480000000000001,0.0268328157299975,0.012000000000000009,0.8146880000000001,0.8813120000000001,5
vogn,standard,,,0.15,one_minus_confidence,delta,adv_error,5,neg_spearman_p_safe,,,,,,0
vogn,standard,,,0.15,one_minus_confidence,delta,adv_error,5,neg_spearman_p_safe_optimistic,,,,,,0
vogn,standard,,,0.15,one_minus_confidence,delta,cert_fail_tau0.5,5,auroc,,,,,,0
vogn,standard,,,0.15,one_minus_confidence,delta,cert_fail_tau0.5,5,auprc,,,,,,0
vogn,standard,,,0.15,one_minus_confidence,delta,cert_fail_tau0.5,5,prevalence,,,,,,0
vogn,standard,,,0.15,one_minus_confidence,delta,cert_fail_tau0.5,5,neg_spearman_p_safe,,,,,,0
vogn,standard,,,0.15,one_minus_confidence,delta,cert_fail_tau0.5,5,neg_spearman_p_safe_optimistic,,,,,,0
vogn,standard,,,0.15,one_minus_confidence,delta,cert_fail_tau0.9,5,auroc,,,,,,0
vogn,standard,,,0.15,one_minus_confidence,delta,cert_fail_tau0.9,5,auprc,,,,,,0
vogn,standard,,,0.15,one_minus_confidence,delta,cert_fail_tau0.9,5,prevalence,,,,,,0
vogn,standard,,,0.15,one_minus_confidence,delta,cert_fail_tau0.9,5,neg_spearman_p_safe,,,,,,0
vogn,standard,,,0.15,one_minus_confidence,delta,cert_fail_tau0.9,5,neg_spearman_p_safe_optimistic,,,,,,0
vogn,standard,,,0.15,one_minus_confidence,delta,cert_fail_tau0.95,5,auroc,,,,,,0
vogn,standard,,,0.15,one_minus_confidence,delta,cert_fail_tau0.95,5,auprc,,,,,,0
vogn,standard,,,0.15,one_minus_confidence,delta,cert_fail_tau0.95,5,prevalence,,,,,,0
vogn,standard,,,0.15,one_minus_confidence,delta,cert_fail_tau0.95,5,neg_spearman_p_safe,,,,,,0
vogn,standard,,,0.15,one_minus_confidence,delta,cert_fail_tau0.95,5,neg_spearman_p_safe_optimistic,,,,,,0
